CustomerID,OrderID,SampleNumber,Site,Sitecode,CustomerSampleNumber,CollectDate,StartDepth,EndDepth,SampleType,Volume,Matrix,Test,Param,ReportedResult,Qualifier,CorrectedReportedResult,CorrectedQualifier,Results_Units,Method,RDL,OrderComment,Results_Commnt,FieldNotes(2014+),FD Fieldnotes(-2013),FD QCData,FD Labnotes,NEW NOTES
FMP,FMP05649,FMP05649,Yellow Bay Knob @ Flathead Lake BioStation,TMP03416,,6/26/2008,0,0,Deposition-Dry,1073.7,Legacy_Deposition,Total Nitrogen,TPN,226.764,,226.764,,µg/l,Legacy_AutoAnalyzer -- Nutrients,,,,See Field Notes,,"QC: 20081001N Spikes: 106.179, 109.307, 109.568, 106.32 Reps: 52.706, 52.955; 132.6, 130.979; 1251.84, 47.597; 54.088, 54.628 Knowns: 100, 100, 100, 109.804, 100",,
FMP,FMP05649,FMP05649,Yellow Bay Knob @ Flathead Lake BioStation,TMP03416,,6/26/2008,0,0,Deposition-Dry,1073.7,Legacy_Deposition,Total Phosphorus,TP,28.719,,28.719,,µg/l,Legacy_AutoAnalyzer -- Nutrients,,,,See Field Notes,,"QC: 20081003P Spikes: 99.123, 104.937, 109.49, 105.623 Reps: 20.643, 21.136; 11.202, 11.164; 6.804, 6.88; 5.932, 5.515 Knowns: 100.234, 100.96, 102.56, 94.115, 102.123",,
FMP,FMP05651,FMP05651,Yellow Bay Knob @ Flathead Lake BioStation,TMP03416,,7/3/2008,0,0,Deposition-Dry,1134.8,Legacy_Deposition,Total Nitrogen,TPN,346.588,,346.588,,µg/l,Legacy_AutoAnalyzer -- Nutrients,,,,See Field Notes,,"QC: 20081001N Spikes: 106.179, 109.307, 109.568, 106.32 Reps: 52.706, 52.955; 132.6, 130.979; 1251.84, 47.597; 54.088, 54.628 Knowns: 100, 100, 100, 109.804, 100",,
FMP,FMP05651,FMP05651,Yellow Bay Knob @ Flathead Lake BioStation,TMP03416,,7/3/2008,0,0,Deposition-Dry,1134.8,Legacy_Deposition,Total Phosphorus,TP,101.405,,101.405,,µg/l,Legacy_AutoAnalyzer -- Nutrients,,,,See Field Notes,,"QC: 20081003P Spikes: 99.123, 104.937, 109.49, 105.623 Reps: 20.643, 21.136; 11.202, 11.164; 6.804, 6.88; 5.932, 5.515 Knowns: 100.234, 100.96, 102.56, 94.115, 102.123",,
FMP,FMP05668,FMP05668,Yellow Bay Knob @ Flathead Lake BioStation,TMP03416,,7/10/2008,0,0,Deposition-Dry,1154.4,Legacy_Deposition,Total Nitrogen,TPN,355.417,,355.417,,µg/l,Legacy_AutoAnalyzer -- Nutrients,,,,See Field Notes,,"QC: 20090212N Spikes: 99.64, 90.373, 103.309, 101.859 Reps: 225.52, 226.048; 107.19, 113.245; 123.488, 120.259; 105.707, 115.99 Knowns: 100, 100, 100, 103.616, 100",,
FMP,FMP05668,FMP05668,Yellow Bay Knob @ Flathead Lake BioStation,TMP03416,,7/10/2008,0,0,Deposition-Dry,1154.4,Legacy_Deposition,Total Phosphorus,TP,169.428,,169.428,,µg/l,Legacy_AutoAnalyzer -- Nutrients,,,,See Field Notes,,"QC: 20090127P Spikes: 103.058, 103.569, 103.616, 100.282 Reps: 6.2, 6.598; 18.972, 19.33; 6.956, 5.802; 6.2, 6.439 Knowns: 105.851, 109.36, 106.156, 104.592, 105.851",,
FMP,FMP05669,FMP05669,Yellow Bay Knob @ Flathead Lake BioStation,TMP03416,,7/18/2008,0,0,Deposition-Dry,888.2,Legacy_Deposition,Total Nitrogen,TPN,315.84,,315.84,,µg/l,Legacy_AutoAnalyzer -- Nutrients,,,,See Field Notes,,"QC: 20090212N Spikes: 99.64, 90.373, 103.309, 101.859 Reps: 225.52, 226.048; 107.19, 113.245; 123.488, 120.259; 105.707, 115.99 Knowns: 100, 100, 100, 103.616, 100",,
FMP,FMP05669,FMP05669,Yellow Bay Knob @ Flathead Lake BioStation,TMP03416,,7/18/2008,0,0,Deposition-Dry,888.2,Legacy_Deposition,Total Phosphorus,TP,73.938,,73.938,,µg/l,Legacy_AutoAnalyzer -- Nutrients,,,,See Field Notes,,"QC: 20090127P Spikes: 103.058, 103.569, 103.616, 100.282 Reps: 6.2, 6.598; 18.972, 19.33; 6.956, 5.802; 6.2, 6.439 Knowns: 105.851, 109.36, 106.156, 104.592, 105.851",,
FMP,FMP05672,FMP05672,Yellow Bay Knob @ Flathead Lake BioStation,TMP03416,,7/23/2008,0,0,Deposition-Dry,1087.2,Legacy_Deposition,Total Nitrogen,TPN,167.989,,167.989,,µg/l,Legacy_AutoAnalyzer -- Nutrients,,,,See Field Notes,,"QC: 20090212N Spikes: 99.64, 90.373, 103.309, 101.859 Reps: 225.52, 226.048; 107.19, 113.245; 123.488, 120.259; 105.707, 115.99 Knowns: 100, 100, 100, 103.616, 100",,
FMP,FMP05672,FMP05672,Yellow Bay Knob @ Flathead Lake BioStation,TMP03416,,7/23/2008,0,0,Deposition-Dry,1087.2,Legacy_Deposition,Total Phosphorus,TP,17.341,,17.341,,µg/l,Legacy_AutoAnalyzer -- Nutrients,,,,See Field Notes,,"QC: 20090127P Spikes: 103.058, 103.569, 103.616, 100.282 Reps: 6.2, 6.598; 18.972, 19.33; 6.956, 5.802; 6.2, 6.439 Knowns: 105.851, 109.36, 106.156, 104.592, 105.851",,
FMP,FMP05680,FMP05680,Yellow Bay Knob @ Flathead Lake BioStation,TMP03416,,7/31/2008,0,0,Deposition-Dry,955.4,Legacy_Deposition,Total Nitrogen,TPN,669.599,,669.599,,µg/l,Legacy_AutoAnalyzer -- Nutrients,,,,See Field Notes,,"QC: 20090212N Spikes: 99.64, 90.373, 103.309, 101.859 Reps: 225.52, 226.048; 107.19, 113.245; 123.488, 120.259; 105.707, 115.99 Knowns: 100, 100, 100, 103.616, 100",,
FMP,FMP05680,FMP05680,Yellow Bay Knob @ Flathead Lake BioStation,TMP03416,,7/31/2008,0,0,Deposition-Dry,955.4,Legacy_Deposition,Total Phosphorus,TP,213.195,,213.195,,µg/l,Legacy_AutoAnalyzer -- Nutrients,,,,See Field Notes,,"QC: 20090127P Spikes: 103.058, 103.569, 103.616, 100.282 Reps: 6.2, 6.598; 18.972, 19.33; 6.956, 5.802; 6.2, 6.439 Knowns: 105.851, 109.36, 106.156, 104.592, 105.851",,
FMP,FMP05690,FMP05690,Yellow Bay Knob @ Flathead Lake BioStation,TMP03416,,8/7/2008,0,0,Deposition-Dry,950.7,Legacy_Deposition,Total Nitrogen,TPN,180.038,,180.038,,µg/l,Legacy_AutoAnalyzer -- Nutrients,,,,See Field Notes,,"QC: 20090212N Spikes: 99.64, 90.373, 103.309, 101.859 Reps: 225.52, 226.048; 107.19, 113.245; 123.488, 120.259; 105.707, 115.99 Knowns: 100, 100, 100, 103.616, 100",,
FMP,FMP05690,FMP05690,Yellow Bay Knob @ Flathead Lake BioStation,TMP03416,,8/7/2008,0,0,Deposition-Dry,950.7,Legacy_Deposition,Total Phosphorus,TP,25.02,,25.02,,µg/l,Legacy_AutoAnalyzer -- Nutrients,,,,See Field Notes,,"QC: 20090127P Spikes: 103.058, 103.569, 103.616, 100.282 Reps: 6.2, 6.598; 18.972, 19.33; 6.956, 5.802; 6.2, 6.439 Knowns: 105.851, 109.36, 106.156, 104.592, 105.851",,
FMP,FMP05692,FMP05692,Yellow Bay Knob @ Flathead Lake BioStation,TMP03416,,8/14/2008,0,0,Deposition-Dry,895,Legacy_Deposition,Total Nitrogen,TPN,392.37,,392.37,,µg/l,Legacy_AutoAnalyzer -- Nutrients,,,,See Field Notes,,"QC: 20090212N Spikes: 99.64, 90.373, 103.309, 101.859 Reps: 225.52, 226.048; 107.19, 113.245; 123.488, 120.259; 105.707, 115.99 Knowns: 100, 100, 100, 103.616, 100",,
FMP,FMP05692,FMP05692,Yellow Bay Knob @ Flathead Lake BioStation,TMP03416,,8/14/2008,0,0,Deposition-Dry,895,Legacy_Deposition,Total Phosphorus,TP,88.262,,88.262,,µg/l,Legacy_AutoAnalyzer -- Nutrients,,,,See Field Notes,,"QC: 20090127P Spikes: 103.058, 103.569, 103.616, 100.282 Reps: 6.2, 6.598; 18.972, 19.33; 6.956, 5.802; 6.2, 6.439 Knowns: 105.851, 109.36, 106.156, 104.592, 105.851",,
FMP,FMP05693,FMP05693,Yellow Bay Knob @ Flathead Lake BioStation,TMP03416,,8/22/2008,0,0,Deposition-Dry,999,Legacy_Deposition,Total Nitrogen,TPN,234.266,,234.266,,µg/l,Legacy_AutoAnalyzer -- Nutrients,,,,See Field Notes,,"QC: 20090212N Spikes: 99.64, 90.373, 103.309, 101.859 Reps: 225.52, 226.048; 107.19, 113.245; 123.488, 120.259; 105.707, 115.99 Knowns: 100, 100, 100, 103.616, 100",,
FMP,FMP05693,FMP05693,Yellow Bay Knob @ Flathead Lake BioStation,TMP03416,,8/22/2008,0,0,Deposition-Dry,999,Legacy_Deposition,Total Phosphorus,TP,53.249,,53.249,,µg/l,Legacy_AutoAnalyzer -- Nutrients,,,,See Field Notes,,"QC: 20090127P Spikes: 103.058, 103.569, 103.616, 100.282 Reps: 6.2, 6.598; 18.972, 19.33; 6.956, 5.802; 6.2, 6.439 Knowns: 105.851, 109.36, 106.156, 104.592, 105.851",,
FMP,FMP05703,FMP05703,Yellow Bay Knob @ Flathead Lake BioStation,TMP03416,,9/1/2008,0,0,Deposition-Dry,1039.3,Legacy_Deposition,Total Nitrogen,TPN,323.258,,323.258,,µg/l,Legacy_AutoAnalyzer -- Nutrients,,,,See Field Notes,,"QC: 20090212N Spikes: 99.64, 90.373, 103.309, 101.859 Reps: 225.52, 226.048; 107.19, 113.245; 123.488, 120.259; 105.707, 115.99 Knowns: 100, 100, 100, 103.616, 100",,
FMP,FMP05703,FMP05703,Yellow Bay Knob @ Flathead Lake BioStation,TMP03416,,9/1/2008,0,0,Deposition-Dry,1039.3,Legacy_Deposition,Total Phosphorus,TP,79.906,,79.906,,µg/l,Legacy_AutoAnalyzer -- Nutrients,,,,See Field Notes,,"QC: 20090127P Spikes: 103.058, 103.569, 103.616, 100.282 Reps: 6.2, 6.598; 18.972, 19.33; 6.956, 5.802; 6.2, 6.439 Knowns: 105.851, 109.36, 106.156, 104.592, 105.851",,
FMP,FMP05714,FMP05714,Yellow Bay Knob @ Flathead Lake BioStation,TMP03416,,9/8/2008,0,0,Deposition-Dry,788.1,Legacy_Deposition,Total Nitrogen,TPN,116.697,,116.697,,µg/l,Legacy_AutoAnalyzer -- Nutrients,,,,See Field Notes,,"QC: 20090212N Spikes: 99.64, 90.373, 103.309, 101.859 Reps: 225.52, 226.048; 107.19, 113.245; 123.488, 120.259; 105.707, 115.99 Knowns: 100, 100, 100, 103.616, 100",,
FMP,FMP05714,FMP05714,Yellow Bay Knob @ Flathead Lake BioStation,TMP03416,,9/8/2008,0,0,Deposition-Dry,788.1,Legacy_Deposition,Total Phosphorus,TP,12.327,,12.327,,µg/l,Legacy_AutoAnalyzer -- Nutrients,,,,See Field Notes,,"QC: 20090127P Spikes: 103.058, 103.569, 103.616, 100.282 Reps: 6.2, 6.598; 18.972, 19.33; 6.956, 5.802; 6.2, 6.439 Knowns: 105.851, 109.36, 106.156, 104.592, 105.851",,
FMP,FMP05717,FMP05717,Yellow Bay Knob @ Flathead Lake BioStation,TMP03416,,9/11/2008,0,0,Deposition-Dry,1280.8,Legacy_Deposition,Total Nitrogen,TPN,33.917,,33.917,,µg/l,Legacy_AutoAnalyzer -- Nutrients,,,,See Field Notes,,"QC: 20090212N Spikes: 99.64, 90.373, 103.309, 101.859 Reps: 225.52, 226.048; 107.19, 113.245; 123.488, 120.259; 105.707, 115.99 Knowns: 100, 100, 100, 103.616, 100",,
FMP,FMP05717,FMP05717,Yellow Bay Knob @ Flathead Lake BioStation,TMP03416,,9/11/2008,0,0,Deposition-Dry,1280.8,Legacy_Deposition,Total Phosphorus,TP,3.813,,3.813,,µg/l,Legacy_AutoAnalyzer -- Nutrients,,,,See Field Notes,,"QC: 20090127P Spikes: 103.058, 103.569, 103.616, 100.282 Reps: 6.2, 6.598; 18.972, 19.33; 6.956, 5.802; 6.2, 6.439 Knowns: 105.851, 109.36, 106.156, 104.592, 105.851",,
FMP,FMP05719,FMP05719,Yellow Bay Knob @ Flathead Lake BioStation,TMP03416,,9/18/2008,0,0,Deposition-Dry,638.6,Legacy_Deposition,Total Nitrogen,TPN,162.039,,162.039,,µg/l,Legacy_AutoAnalyzer -- Nutrients,,,,See Field Notes,,"QC: 20090212N Spikes: 99.64, 90.373, 103.309, 101.859 Reps: 225.52, 226.048; 107.19, 113.245; 123.488, 120.259; 105.707, 115.99 Knowns: 100, 100, 100, 103.616, 100",,
FMP,FMP05719,FMP05719,Yellow Bay Knob @ Flathead Lake BioStation,TMP03416,,9/18/2008,0,0,Deposition-Dry,638.6,Legacy_Deposition,Total Phosphorus,TP,27.208,,27.208,,µg/l,Legacy_AutoAnalyzer -- Nutrients,,,,See Field Notes,,"QC: 20090127P Spikes: 103.058, 103.569, 103.616, 100.282 Reps: 6.2, 6.598; 18.972, 19.33; 6.956, 5.802; 6.2, 6.439 Knowns: 105.851, 109.36, 106.156, 104.592, 105.851",,
FMP,FMP05721,FMP05721,Yellow Bay Knob @ Flathead Lake BioStation,TMP03416,,9/23/2008,0,0,Deposition-Dry,724.8,Legacy_Deposition,Total Nitrogen,TPN,182.173,,182.173,,µg/l,Legacy_AutoAnalyzer -- Nutrients,,,,See Field Notes,,"QC: 20090212N Spikes: 99.64, 90.373, 103.309, 101.859 Reps: 225.52, 226.048; 107.19, 113.245; 123.488, 120.259; 105.707, 115.99 Knowns: 100, 100, 100, 103.616, 100",,
FMP,FMP05721,FMP05721,Yellow Bay Knob @ Flathead Lake BioStation,TMP03416,,9/23/2008,0,0,Deposition-Dry,724.8,Legacy_Deposition,Total Phosphorus,TP,16.903,,16.903,,µg/l,Legacy_AutoAnalyzer -- Nutrients,,,,See Field Notes,,"QC: 20090127P Spikes: 103.058, 103.569, 103.616, 100.282 Reps: 6.2, 6.598; 18.972, 19.33; 6.956, 5.802; 6.2, 6.439 Knowns: 105.851, 109.36, 106.156, 104.592, 105.851",,
FMP,FMP05730,FMP05730,Yellow Bay Knob @ Flathead Lake BioStation,TMP03416,,10/1/2008,0,0,Deposition-Dry,582.7,Legacy_Deposition,Total Nitrogen,TPN,306.528,,306.528,,µg/l,Legacy_AutoAnalyzer -- Nutrients,,,,See Field Notes,,"QC: 20090212N Spikes: 99.64, 90.373, 103.309, 101.859 Reps: 225.52, 226.048; 107.19, 113.245; 123.488, 120.259; 105.707, 115.99 Knowns: 100, 100, 100, 103.616, 100",,
FMP,FMP05730,FMP05730,Yellow Bay Knob @ Flathead Lake BioStation,TMP03416,,10/1/2008,0,0,Deposition-Dry,582.7,Legacy_Deposition,Total Phosphorus,TP,47.712,,47.712,,µg/l,Legacy_AutoAnalyzer -- Nutrients,,,,See Field Notes,,"QC: 20090127P Spikes: 103.058, 103.569, 103.616, 100.282 Reps: 6.2, 6.598; 18.972, 19.33; 6.956, 5.802; 6.2, 6.439 Knowns: 105.851, 109.36, 106.156, 104.592, 105.851",,
FMP,FMP05731,FMP05731,Yellow Bay Knob @ Flathead Lake BioStation,TMP03416,,10/8/2008,0,0,Deposition-Dry,1220,Legacy_Deposition,Total Nitrogen,TPN,166.161,,166.161,,µg/l,Legacy_AutoAnalyzer -- Nutrients,,,,See Field Notes,,"QC: 20090311N Spikes: 104.353, 99.539, 100.141 Reps: 85.668, 83.329; 124.126, 123.05; 119.436, 122.025; 121.544, 124.153 Knowns: 100, 100, 100, 100",,
FMP,FMP05731,FMP05731,Yellow Bay Knob @ Flathead Lake BioStation,TMP03416,,10/8/2008,0,0,Deposition-Dry,1220,Legacy_Deposition,Total Phosphorus,TP,34.66,,34.66,,µg/l,Legacy_AutoAnalyzer -- Nutrients,,,,See Field Notes,,"QC: 20090318P Spikes: 99.902, 105.876 Reps: 10.748, 10.337; 7.457, 7.292; 3.59, 3.672 Knowns: 92.984, 99.417, 99.26, 100.837, 100.522",,
FMP,FMP05742,FMP05742,Yellow Bay Knob @ Flathead Lake BioStation,TMP03416,,10/15/2008,0,0,Deposition-Dry,737.5,Legacy_Deposition,Total Nitrogen,TPN,112.66,,112.66,,µg/l,Legacy_AutoAnalyzer -- Nutrients,,,,See Field Notes,,"QC: 20090311N Spikes: 104.353, 99.539, 100.141 Reps: 85.668, 83.329; 124.126, 123.05; 119.436, 122.025; 121.544, 124.153 Knowns: 100, 100, 100, 100",,
FMP,FMP05742,FMP05742,Yellow Bay Knob @ Flathead Lake BioStation,TMP03416,,10/15/2008,0,0,Deposition-Dry,737.5,Legacy_Deposition,Total Phosphorus,TP,28.931,,28.931,,µg/l,Legacy_AutoAnalyzer -- Nutrients,,,,See Field Notes,,"QC: 20090318P Spikes: 99.902, 105.876 Reps: 10.748, 10.337; 7.457, 7.292; 3.59, 3.672 Knowns: 92.984, 99.417, 99.26, 100.837, 100.522",,
FMP,FMP05750,FMP05750,Yellow Bay Knob @ Flathead Lake BioStation,TMP03416,,10/23/2008,0,0,Deposition-Dry,805.8,Legacy_Deposition,Total Nitrogen,TPN,202.284,,202.284,,µg/l,Legacy_AutoAnalyzer -- Nutrients,,,,See Field Notes,,"QC: 20090311N Spikes: 104.353, 99.539, 100.141 Reps: 85.668, 83.329; 124.126, 123.05; 119.436, 122.025; 121.544, 124.153 Knowns: 100, 100, 100, 100",,
FMP,FMP05750,FMP05750,Yellow Bay Knob @ Flathead Lake BioStation,TMP03416,,10/23/2008,0,0,Deposition-Dry,805.8,Legacy_Deposition,Total Phosphorus,TP,16.507,,16.507,,µg/l,Legacy_AutoAnalyzer -- Nutrients,,,,See Field Notes,,"QC: 20090318P Spikes: 99.902, 105.876 Reps: 10.748, 10.337; 7.457, 7.292; 3.59, 3.672 Knowns: 92.984, 99.417, 99.26, 100.837, 100.522",,
FMP,FMP05754,FMP05754,Yellow Bay Knob @ Flathead Lake BioStation,TMP03416,,11/6/2008,0,0,Deposition-Dry,840.9,Legacy_Deposition,Total Nitrogen,TPN,341.588,,341.588,,µg/l,Legacy_AutoAnalyzer -- Nutrients,,,,See Field Notes,,"QC: 20090311N Spikes: 104.353, 99.539, 100.141 Reps: 85.668, 83.329; 124.126, 123.05; 119.436, 122.025; 121.544, 124.153 Knowns: 100, 100, 100, 100",,
FMP,FMP05754,FMP05754,Yellow Bay Knob @ Flathead Lake BioStation,TMP03416,,11/6/2008,0,0,Deposition-Dry,840.9,Legacy_Deposition,Total Phosphorus,TP,31.781,,31.781,,µg/l,Legacy_AutoAnalyzer -- Nutrients,,,,See Field Notes,,"QC: 20090318P Spikes: 99.902, 105.876 Reps: 10.748, 10.337; 7.457, 7.292; 3.59, 3.672 Knowns: 92.984, 99.417, 99.26, 100.837, 100.522",,
FMP,FMP05757,FMP05757,Yellow Bay Knob @ Flathead Lake BioStation,TMP03416,,11/13/2008,0,0,Deposition-Dry,1467.6,Legacy_Deposition,Total Nitrogen,TPN,137.345,,137.345,,µg/l,Legacy_AutoAnalyzer -- Nutrients,,,,See Field Notes,,"QC: 20090311N Spikes: 104.353, 99.539, 100.141 Reps: 85.668, 83.329; 124.126, 123.05; 119.436, 122.025; 121.544, 124.153 Knowns: 100, 100, 100, 100",,
FMP,FMP05757,FMP05757,Yellow Bay Knob @ Flathead Lake BioStation,TMP03416,,11/13/2008,0,0,Deposition-Dry,1467.6,Legacy_Deposition,Total Phosphorus,TP,2.397,,2.397,,µg/l,Legacy_AutoAnalyzer -- Nutrients,,,,See Field Notes,,"QC: 20090318P Spikes: 99.902, 105.876 Reps: 10.748, 10.337; 7.457, 7.292; 3.59, 3.672 Knowns: 92.984, 99.417, 99.26, 100.837, 100.522",,
FMP,FMP05773,FMP05773,Yellow Bay Knob @ Flathead Lake BioStation,TMP03416,,11/24/2008,0,0,Deposition-Dry,887.7,Legacy_Deposition,Total Nitrogen,TPN,84.573,,84.573,,µg/l,Legacy_AutoAnalyzer -- Nutrients,,,,See Field Notes,,"QC: 20090311N Spikes: 104.353, 99.539, 100.141 Reps: 85.668, 83.329; 124.126, 123.05; 119.436, 122.025; 121.544, 124.153 Knowns: 100, 100, 100, 100",,
FMP,FMP05773,FMP05773,Yellow Bay Knob @ Flathead Lake BioStation,TMP03416,,11/24/2008,0,0,Deposition-Dry,887.7,Legacy_Deposition,Total Phosphorus,TP,7.745,,7.745,,µg/l,Legacy_AutoAnalyzer -- Nutrients,,,,See Field Notes,,"QC: 20090318P Spikes: 99.902, 105.876 Reps: 10.748, 10.337; 7.457, 7.292; 3.59, 3.672 Knowns: 92.984, 99.417, 99.26, 100.837, 100.522",,
FMP,FMP05776,FMP05776,Yellow Bay Knob @ Flathead Lake BioStation,TMP03416,,12/4/2008,0,0,Deposition-Dry,1007.6,Legacy_Deposition,Total Nitrogen,TPN,69.289,Q,69.289,,µg/l,Legacy_AutoAnalyzer -- Nutrients,,,,See Field Notes,,"QC: 20090311N Spikes: 104.353, 99.539, 100.141 Reps: 85.668, 83.329; 124.126, 123.05; 119.436, 122.025; 121.544, 124.153 Knowns: 100, 100, 100, 100",,TN<NH4-N + NO2/3
FMP,FMP05776,FMP05776,Yellow Bay Knob @ Flathead Lake BioStation,TMP03416,,12/4/2008,0,0,Deposition-Dry,1007.6,Legacy_Deposition,Total Phosphorus,TP,3.672,,3.672,,µg/l,Legacy_AutoAnalyzer -- Nutrients,,,,See Field Notes,,"QC: 20090318P Spikes: 99.902, 105.876 Reps: 10.748, 10.337; 7.457, 7.292; 3.59, 3.672 Knowns: 92.984, 99.417, 99.26, 100.837, 100.522",,
FMP,FMP05784,FMP05784,Yellow Bay Knob @ Flathead Lake BioStation,TMP03416,,12/12/2008,0,0,Deposition-Dry,713,Legacy_Deposition,Total Nitrogen,TPN,107.472,,107.472,,µg/l,Legacy_AutoAnalyzer -- Nutrients,,,,See Field Notes,,"QC: 20090311N Spikes: 104.353, 99.539, 100.141 Reps: 85.668, 83.329; 124.126, 123.05; 119.436, 122.025; 121.544, 124.153 Knowns: 100, 100, 100, 100",,
FMP,FMP05784,FMP05784,Yellow Bay Knob @ Flathead Lake BioStation,TMP03416,,12/12/2008,0,0,Deposition-Dry,713,Legacy_Deposition,Total Phosphorus,TP,2.397,,2.397,,µg/l,Legacy_AutoAnalyzer -- Nutrients,,,,See Field Notes,,"QC: 20090318P Spikes: 99.902, 105.876 Reps: 10.748, 10.337; 7.457, 7.292; 3.59, 3.672 Knowns: 92.984, 99.417, 99.26, 100.837, 100.522",,
FMP,FMP05794,FMP05794,Yellow Bay Knob @ Flathead Lake BioStation,TMP03416,,12/17/2008,0,0,Deposition-Dry,1290.3,Legacy_Deposition,Total Nitrogen,TPN,70.218,,70.218,,µg/l,Legacy_AutoAnalyzer -- Nutrients,,,,See Field Notes,,"QC: 20090311N Spikes: 104.353, 99.539, 100.141 Reps: 85.668, 83.329; 124.126, 123.05; 119.436, 122.025; 121.544, 124.153 Knowns: 100, 100, 100, 100",,
FMP,FMP05794,FMP05794,Yellow Bay Knob @ Flathead Lake BioStation,TMP03416,,12/17/2008,0,0,Deposition-Dry,1290.3,Legacy_Deposition,Total Phosphorus,TP,4.906,,4.906,,µg/l,Legacy_AutoAnalyzer -- Nutrients,,,,See Field Notes,,"QC: 20090318P Spikes: 99.902, 105.876 Reps: 10.748, 10.337; 7.457, 7.292; 3.59, 3.672 Knowns: 92.984, 99.417, 99.26, 100.837, 100.522",,
FMP,FMP05812,FMP05812,Yellow Bay Knob @ Flathead Lake BioStation,TMP03416,,1/21/2009,0,0,Deposition-Dry,1149,Legacy_Deposition,Total Nitrogen,TPN,21.707,Q,21.707,,µg/l,Legacy_AutoAnalyzer -- Nutrients,,,,See Field Notes,,QC: 20090413N Spikes: 109.649; 109.483; 94.832; 109.657 Reps: 119.666; 122.446; 100.409; 90.128; 306.289; 297.234; 75.296; 78.799 Knowns: 100.000; 109.627; 100.000; 100.000; 100.000,,TN<NH4-N + NO2/3
FMP,FMP05812,FMP05812,Yellow Bay Knob @ Flathead Lake BioStation,TMP03416,,1/21/2009,0,0,Deposition-Dry,1149,Legacy_Deposition,Total Phosphorus,TP,2.111,,2.111,,µg/l,Legacy_AutoAnalyzer -- Nutrients,,,,See Field Notes,,QC: 20090407P Spikes: 105.798; 93.564; 103.212; 102.023 Reps: 3.832; 3.992; 7.633; 7.753; 16.038; 16.598; 5.272; 5.352 Knowns: 104.920; 99.702; 101.248; 106.147; 103.999,,
FMP,FMP05813,FMP05813,Yellow Bay Knob @ Flathead Lake BioStation,TMP03416,,1/30/2009,0,0,Deposition-Dry,870.6,Legacy_Deposition,Total Nitrogen,TPN,93.358,Q,93.358,,µg/l,Legacy_AutoAnalyzer -- Nutrients,,,,See Field Notes,,QC: 20090413N Spikes: 109.649; 109.483; 94.832; 109.657 Reps: 119.666; 122.446; 100.409; 90.128; 306.289; 297.234; 75.296; 78.799 Knowns: 100.000; 109.627; 100.000; 100.000; 100.000,,TN<NH4-N + NO2/3
FMP,FMP05813,FMP05813,Yellow Bay Knob @ Flathead Lake BioStation,TMP03416,,1/30/2009,0,0,Deposition-Dry,870.6,Legacy_Deposition,Total Phosphorus,TP,3.912,Q,3.912,,µg/l,Legacy_AutoAnalyzer -- Nutrients,,,,See Field Notes,,QC: 20090407P Spikes: 105.798; 93.564; 103.212; 102.023 Reps: 3.832; 3.992; 7.633; 7.753; 16.038; 16.598; 5.272; 5.352 Knowns: 104.920; 99.702; 101.248; 106.147; 103.999,,TP<SRP
FMP,FMP05814,FMP05814,Yellow Bay Knob @ Flathead Lake BioStation,TMP03416,,2/4/2009,0,0,Deposition-Dry,1148,Legacy_Deposition,Total Nitrogen,TPN,49.583,Q,49.583,,µg/l,Legacy_AutoAnalyzer -- Nutrients,,,,See Field Notes,,QC: 20090413N Spikes: 109.649; 109.483; 94.832; 109.657 Reps: 119.666; 122.446; 100.409; 90.128; 306.289; 297.234; 75.296; 78.799 Knowns: 100.000; 109.627; 100.000; 100.000; 100.000,,TN<NH4-N + NO2/3
FMP,FMP05814,FMP05814,Yellow Bay Knob @ Flathead Lake BioStation,TMP03416,,2/4/2009,0,0,Deposition-Dry,1148,Legacy_Deposition,Total Phosphorus,TP,3.952,,3.952,,µg/l,Legacy_AutoAnalyzer -- Nutrients,,,,See Field Notes,,QC: 20090407P Spikes: 105.798; 93.564; 103.212; 102.023 Reps: 3.832; 3.992; 7.633; 7.753; 16.038; 16.598; 5.272; 5.352 Knowns: 104.920; 99.702; 101.248; 106.147; 103.999,,
FMP,FMP05819,FMP05819,Yellow Bay Knob @ Flathead Lake BioStation,TMP03416,,2/13/2009,0,0,Deposition-Dry,1256.4,Legacy_Deposition,Total Nitrogen,TPN,164.371,Q,164.371,,µg/l,Legacy_AutoAnalyzer -- Nutrients,,,,See Field Notes,,QC: 20090413N Spikes: 109.649; 109.483; 94.832; 109.657 Reps: 119.666; 122.446; 100.409; 90.128; 306.289; 297.234; 75.296; 78.799 Knowns: 100.000; 109.627; 100.000; 100.000; 100.000,,TN<NH4-N + NO2/3
FMP,FMP05819,FMP05819,Yellow Bay Knob @ Flathead Lake BioStation,TMP03416,,2/13/2009,0,0,Deposition-Dry,1256.4,Legacy_Deposition,Total Phosphorus,TP,1.39,,1.39,,µg/l,Legacy_AutoAnalyzer -- Nutrients,,,,See Field Notes,,QC: 20090407P Spikes: 105.798; 93.564; 103.212; 102.023 Reps: 3.832; 3.992; 7.633; 7.753; 16.038; 16.598; 5.272; 5.352 Knowns: 104.920; 99.702; 101.248; 106.147; 103.999,,
FMP,FMP05827,FMP05827,Yellow Bay Knob @ Flathead Lake BioStation,TMP03416,,2/20/2009,0,0,Deposition-Dry,1267,Legacy_Deposition,Total Nitrogen,TPN,68.154,Q,68.154,,µg/l,Legacy_AutoAnalyzer -- Nutrients,,,,See Field Notes,,QC: 20090413N Spikes: 109.649; 109.483; 94.832; 109.657 Reps: 119.666; 122.446; 100.409; 90.128; 306.289; 297.234; 75.296; 78.799 Knowns: 100.000; 109.627; 100.000; 100.000; 100.000,,TN<NH4-N + NO2/3
FMP,FMP05827,FMP05827,Yellow Bay Knob @ Flathead Lake BioStation,TMP03416,,2/20/2009,0,0,Deposition-Dry,1267,Legacy_Deposition,Total Phosphorus,TP,0.95,,0.95,,µg/l,Legacy_AutoAnalyzer -- Nutrients,,,,See Field Notes,,QC: 20090407P Spikes: 105.798; 93.564; 103.212; 102.023 Reps: 3.832; 3.992; 7.633; 7.753; 16.038; 16.598; 5.272; 5.352 Knowns: 104.920; 99.702; 101.248; 106.147; 103.999,,
FMP,FMP05834,FMP05834,Yellow Bay Knob @ Flathead Lake BioStation,TMP03416,,2/27/2009,0,0,Deposition-Dry,1318,Legacy_Deposition,Total Nitrogen,TPN,70.349,Q,70.349,,µg/l,Legacy_AutoAnalyzer -- Nutrients,,,,See Field Notes,,QC: 20090413N Spikes: 109.649; 109.483; 94.832; 109.657 Reps: 119.666; 122.446; 100.409; 90.128; 306.289; 297.234; 75.296; 78.799 Knowns: 100.000; 109.627; 100.000; 100.000; 100.000,,TN<NH4-N + NO2/3
FMP,FMP05834,FMP05834,Yellow Bay Knob @ Flathead Lake BioStation,TMP03416,,2/27/2009,0,0,Deposition-Dry,1318,Legacy_Deposition,Total Phosphorus,TP,1.711,,1.711,,µg/l,Legacy_AutoAnalyzer -- Nutrients,,,,See Field Notes,,QC: 20090407P Spikes: 105.798; 93.564; 103.212; 102.023 Reps: 3.832; 3.992; 7.633; 7.753; 16.038; 16.598; 5.272; 5.352 Knowns: 104.920; 99.702; 101.248; 106.147; 103.999,,
FMP,FMP05837,FMP05837,Yellow Bay Knob @ Flathead Lake BioStation,TMP03416,,3/6/2009,0,0,Deposition-Dry,973.5,Legacy_Deposition,Total Nitrogen,TPN,69.942,,69.942,,µg/l,Legacy_AutoAnalyzer -- Nutrients,,,,See Field Notes,,QC: 20090413N Spikes: 109.649; 109.483; 94.832; 109.657 Reps: 119.666; 122.446; 100.409; 90.128; 306.289; 297.234; 75.296; 78.799 Knowns: 100.000; 109.627; 100.000; 100.000; 100.000,,
FMP,FMP05837,FMP05837,Yellow Bay Knob @ Flathead Lake BioStation,TMP03416,,3/6/2009,0,0,Deposition-Dry,973.5,Legacy_Deposition,Total Phosphorus,TP,2.951,,2.951,,µg/l,Legacy_AutoAnalyzer -- Nutrients,,,,See Field Notes,,QC: 20090407P Spikes: 105.798; 93.564; 103.212; 102.023 Reps: 3.832; 3.992; 7.633; 7.753; 16.038; 16.598; 5.272; 5.352 Knowns: 104.920; 99.702; 101.248; 106.147; 103.999,,
FMP,FMP05840,FMP05840,Yellow Bay Knob @ Flathead Lake BioStation,TMP03416,,3/11/2009,0,0,Deposition-Dry,1352.7,Legacy_Deposition,Total Nitrogen,TPN,70.947,,70.947,,µg/l,Legacy_AutoAnalyzer -- Nutrients,,,,See Field Notes,,QC: 20090413N Spikes: 109.649; 109.483; 94.832; 109.657 Reps: 119.666; 122.446; 100.409; 90.128; 306.289; 297.234; 75.296; 78.799 Knowns: 100.000; 109.627; 100.000; 100.000; 100.000,,
FMP,FMP05840,FMP05840,Yellow Bay Knob @ Flathead Lake BioStation,TMP03416,,3/11/2009,0,0,Deposition-Dry,1352.7,Legacy_Deposition,Total Phosphorus,TP,5.312,,5.312,,µg/l,Legacy_AutoAnalyzer -- Nutrients,,,,See Field Notes,,QC: 20090407P Spikes: 105.798; 93.564; 103.212; 102.023 Reps: 3.832; 3.992; 7.633; 7.753; 16.038; 16.598; 5.272; 5.352 Knowns: 104.920; 99.702; 101.248; 106.147; 103.999,,
FMP,FMP05841,FMP05841,Yellow Bay Knob @ Flathead Lake BioStation,TMP03416,,3/19/2009,0,0,Deposition-Dry,1120.8,Legacy_Deposition,Total Nitrogen,TPN,54.939,Q,54.939,,µg/l,Legacy_AutoAnalyzer -- Nutrients,,,,See Field Notes,,QC: 20090413N Spikes: 109.649; 109.483; 94.832; 109.657 Reps: 119.666; 122.446; 100.409; 90.128; 306.289; 297.234; 75.296; 78.799 Knowns: 100.000; 109.627; 100.000; 100.000; 100.000,,TN<NH4-N + NO2/3
FMP,FMP05841,FMP05841,Yellow Bay Knob @ Flathead Lake BioStation,TMP03416,,3/19/2009,0,0,Deposition-Dry,1120.8,Legacy_Deposition,Total Phosphorus,TP,1.831,,1.831,,µg/l,Legacy_AutoAnalyzer -- Nutrients,,,,See Field Notes,,QC: 20090407P Spikes: 105.798; 93.564; 103.212; 102.023 Reps: 3.832; 3.992; 7.633; 7.753; 16.038; 16.598; 5.272; 5.352 Knowns: 104.920; 99.702; 101.248; 106.147; 103.999,,
FMP,FMP05859,FMP05859,Yellow Bay Knob @ Flathead Lake BioStation,TMP03416,,3/27/2009,0,0,Deposition-Dry,1030.6,Legacy_Deposition,Total Nitrogen,TPN,204.948,,204.948,,µg/l,Legacy_AutoAnalyzer -- Nutrients,,,,See Field Notes,,"QC: 20090603N Knowns: 95.988, 96.781, 107.358, 99.836",Not enough sample volumes to run reps and spikes. Glutamic acid digestion check=99%.,
FMP,FMP05859,FMP05859,Yellow Bay Knob @ Flathead Lake BioStation,TMP03416,,3/27/2009,0,0,Deposition-Dry,1030.6,Legacy_Deposition,Total Phosphorus,TP,8.501,,8.501,,µg/l,Legacy_AutoAnalyzer -- Nutrients,,,,See Field Notes,,"QC: 20090519P Spikes: 107.902, 0, 94.314 Reps: 8.075, 8.004; 21.999, 22.922; 8.999, 8.572 Knowns: 99.604, 98.243, 93.232, 93.476",,
FMP,FMP05862,FMP05862,Yellow Bay Knob @ Flathead Lake BioStation,TMP03416,,4/6/2009,0,0,Deposition-Dry,892.8,Legacy_Deposition,Total Nitrogen,TPN,230.41,,230.41,,µg/l,Legacy_AutoAnalyzer -- Nutrients,,,,See Field Notes,,"QC: 20090603N Knowns: 95.988, 96.781, 107.358, 99.836",Not enough sample volumes to run reps and spikes. Glutamic acid digestion check=99%.,
FMP,FMP05862,FMP05862,Yellow Bay Knob @ Flathead Lake BioStation,TMP03416,,4/6/2009,0,0,Deposition-Dry,892.8,Legacy_Deposition,Total Phosphorus,TP,4.949,,4.949,,µg/l,Legacy_AutoAnalyzer -- Nutrients,,,,See Field Notes,,"QC: 20090519P Spikes: 107.902, 0, 94.314 Reps: 8.075, 8.004; 21.999, 22.922; 8.999, 8.572 Knowns: 99.604, 98.243, 93.232, 93.476",,
FMP,FMP05878,FMP05878,Yellow Bay Knob @ Flathead Lake BioStation,TMP03416,,4/13/2009,0,0,Deposition-Dry,1629.6,Legacy_Deposition,Total Nitrogen,TPN,119.507,,119.507,,µg/l,Legacy_AutoAnalyzer -- Nutrients,,,,See Field Notes,,"QC: 20090603N Knowns: 95.988, 96.781, 107.358, 99.836",Not enough sample volumes to run reps and spikes. Glutamic acid digestion check=99%.,
FMP,FMP05878,FMP05878,Yellow Bay Knob @ Flathead Lake BioStation,TMP03416,,4/13/2009,0,0,Deposition-Dry,1629.6,Legacy_Deposition,Total Phosphorus,TP,22.46,,22.46,,µg/l,Legacy_AutoAnalyzer -- Nutrients,,,,See Field Notes,,"QC: 20090519P Spikes: 107.902, 0, 94.314 Reps: 8.075, 8.004; 21.999, 22.922; 8.999, 8.572 Knowns: 99.604, 98.243, 93.232, 93.476",,
FMP,FMP05881,FMP05881,Yellow Bay Knob @ Flathead Lake BioStation,TMP03416,,4/22/2009,0,0,Deposition-Dry,1273.2,Legacy_Deposition,Total Nitrogen,TPN,192.499,,192.499,,µg/l,Legacy_AutoAnalyzer -- Nutrients,,,,See Field Notes,,"QC: 20090603N Knowns: 95.988, 96.781, 107.358, 99.836",Not enough sample volumes to run reps and spikes. Glutamic acid digestion check=99%.,
FMP,FMP05881,FMP05881,Yellow Bay Knob @ Flathead Lake BioStation,TMP03416,,4/22/2009,0,0,Deposition-Dry,1273.2,Legacy_Deposition,Total Phosphorus,TP,20.72,,20.72,,µg/l,Legacy_AutoAnalyzer -- Nutrients,,,,See Field Notes,,"QC: 20090519P Spikes: 107.902, 0, 94.314 Reps: 8.075, 8.004; 21.999, 22.922; 8.999, 8.572 Knowns: 99.604, 98.243, 93.232, 93.476",,
FMP,FMP05891,FMP05891,Yellow Bay Knob @ Flathead Lake BioStation,TMP03416,,4/30/2009,0,0,Deposition-Dry,894.7,Legacy_Deposition,Total Nitrogen,TPN,767.285,,767.285,,µg/l,Legacy_AutoAnalyzer -- Nutrients,,,,See Field Notes,,"QC: 20090603N Knowns: 95.988, 96.781, 107.358, 99.836",Not enough sample volumes to run reps and spikes. Glutamic acid digestion check=99%.,
FMP,FMP05891,FMP05891,Yellow Bay Knob @ Flathead Lake BioStation,TMP03416,,4/30/2009,0,0,Deposition-Dry,894.7,Legacy_Deposition,Total Phosphorus,TP,82.171,,82.171,,µg/l,Legacy_AutoAnalyzer -- Nutrients,,,,See Field Notes,,"QC: 20090519P Spikes: 107.902, 0, 94.314 Reps: 8.075, 8.004; 21.999, 22.922; 8.999, 8.572 Knowns: 99.604, 98.243, 93.232, 93.476",,
FMP,FMP05905,FMP05905,Yellow Bay Knob @ Flathead Lake BioStation,TMP03416,,5/8/2009,0,0,Deposition-Dry,1201.5,Legacy_Deposition,Total Nitrogen,TPN,451.65,,451.65,,µg/l,Legacy_AutoAnalyzer -- Nutrients,,,,See Field Notes,,"QC: 20090603N Knowns: 95.988, 96.781, 107.358, 99.836",Not enough sample volumes to run reps and spikes. Glutamic acid digestion check=99%.,
FMP,FMP05905,FMP05905,Yellow Bay Knob @ Flathead Lake BioStation,TMP03416,,5/8/2009,0,0,Deposition-Dry,1201.5,Legacy_Deposition,Total Phosphorus,TP,45.586,,45.586,,µg/l,Legacy_AutoAnalyzer -- Nutrients,,,,See Field Notes,,"QC: 20090519P Spikes: 107.902, 0, 94.314 Reps: 8.075, 8.004; 21.999, 22.922; 8.999, 8.572 Knowns: 99.604, 98.243, 93.232, 93.476",,
FMP,FMP05907,FMP05907,Yellow Bay Knob @ Flathead Lake BioStation,TMP03416,,5/16/2009,0,0,Deposition-Dry,890.4,Legacy_Deposition,Total Nitrogen,TPN,277.979,,277.979,,µg/l,Legacy_AutoAnalyzer -- Nutrients,,,,See Field Notes,,QC: 20090616N Spikes: 104.166; 101.891 Reps: 165.044; 159.936; 151.991; 159.936 Knowns: 100.770; 106.469; 96.230; 101.791,Glutamic acid digestion check standard=96%,
FMP,FMP05907,FMP05907,Yellow Bay Knob @ Flathead Lake BioStation,TMP03416,,5/16/2009,0,0,Deposition-Dry,890.4,Legacy_Deposition,Total Phosphorus,TP,22.262,,22.262,,µg/l,Legacy_AutoAnalyzer -- Nutrients,,,,See Field Notes,,QC: 20090611A Spikes: 95.830; 95.796 Reps: 7.329; 7.434; 6.210; 5.545 Knowns: 97.035; 98.501; 97.586; 100.110,,
FMP,FMP05922,FMP05922,Yellow Bay Knob @ Flathead Lake BioStation,TMP03416,,5/21/2009,0,0,Deposition-Dry,1239,Legacy_Deposition,Total Nitrogen,TPN,287.059,,287.059,,µg/l,Legacy_AutoAnalyzer -- Nutrients,,,,See Field Notes,,QC: 20090616N Spikes: 104.166; 101.891 Reps: 165.044; 159.936; 151.991; 159.936 Knowns: 100.770; 106.469; 96.230; 101.791,Glutamic acid digestion check standard=96%,
FMP,FMP05922,FMP05922,Yellow Bay Knob @ Flathead Lake BioStation,TMP03416,,5/21/2009,0,0,Deposition-Dry,1239,Legacy_Deposition,Total Phosphorus,TP,40.666,,40.666,,µg/l,Legacy_AutoAnalyzer -- Nutrients,,,,See Field Notes,,QC: 20090611A Spikes: 95.830; 95.796 Reps: 7.329; 7.434; 6.210; 5.545 Knowns: 97.035; 98.501; 97.586; 100.110,,
FMP,FMP05923,FMP05923,Yellow Bay Knob @ Flathead Lake BioStation,TMP03416,,5/28/2009,0,0,Deposition-Dry,648.9,Legacy_Deposition,Total Nitrogen,TPN,380.131,,380.131,,µg/l,Legacy_AutoAnalyzer -- Nutrients,,,,See Field Notes,,QC: 20090616N Spikes: 104.166; 101.891 Reps: 165.044; 159.936; 151.991; 159.936 Knowns: 100.770; 106.469; 96.230; 101.791,Glutamic acid digestion check standard=96%,
FMP,FMP05923,FMP05923,Yellow Bay Knob @ Flathead Lake BioStation,TMP03416,,5/28/2009,0,0,Deposition-Dry,648.9,Legacy_Deposition,Total Phosphorus,TP,47.835,,47.835,,µg/l,Legacy_AutoAnalyzer -- Nutrients,,,,See Field Notes,,QC: 20090611A Spikes: 95.830; 95.796 Reps: 7.329; 7.434; 6.210; 5.545 Knowns: 97.035; 98.501; 97.586; 100.110,,
FMP,FMP05935,FMP05935,Yellow Bay Knob @ Flathead Lake BioStation,TMP03416,,6/4/2009,0,0,Deposition-Dry,657,Legacy_Deposition,Total Nitrogen,TPN,870.621,,870.621,,µg/l,Legacy_AutoAnalyzer -- Nutrients,,,,See Field Notes,,QC: 20090616N Spikes: 104.166; 101.891 Reps: 165.044; 159.936; 151.991; 159.936 Knowns: 100.770; 106.469; 96.230; 101.791,Glutamic acid digestion check standard=96%,
FMP,FMP05935,FMP05935,Yellow Bay Knob @ Flathead Lake BioStation,TMP03416,,6/4/2009,0,0,Deposition-Dry,657,Legacy_Deposition,Total Phosphorus,TP,161.264,,161.264,,µg/l,Legacy_AutoAnalyzer -- Nutrients,,,,See Field Notes,,QC: 20090611A Spikes: 95.830; 95.796 Reps: 7.329; 7.434; 6.210; 5.545 Knowns: 97.035; 98.501; 97.586; 100.110,,
FMP,FMP05936,FMP05936,Yellow Bay Knob @ Flathead Lake BioStation,TMP03416,,6/10/2009,0,0,Deposition-Dry,944.2,Legacy_Deposition,Total Nitrogen,TPN,340.405,,340.405,,µg/l,Legacy_AutoAnalyzer -- Nutrients,,,,See Field Notes,,QC: 20090616N Spikes: 104.166; 101.891 Reps: 165.044; 159.936; 151.991; 159.936 Knowns: 100.770; 106.469; 96.230; 101.791,Glutamic acid digestion check standard=96%,
FMP,FMP05936,FMP05936,Yellow Bay Knob @ Flathead Lake BioStation,TMP03416,,6/10/2009,0,0,Deposition-Dry,944.2,Legacy_Deposition,Total Phosphorus,TP,31.39,,31.39,,µg/l,Legacy_AutoAnalyzer -- Nutrients,,,,See Field Notes,,QC: 20090611A Spikes: 95.830; 95.796 Reps: 7.329; 7.434; 6.210; 5.545 Knowns: 97.035; 98.501; 97.586; 100.110,,
FMP,FMP05944,FMP05944,Yellow Bay Knob @ Flathead Lake BioStation,TMP03416,,6/19/2009,0,0,Deposition-Dry,481.8,Legacy_Deposition,Total Nitrogen,TPN,647.654,,647.654,,µg/l,Legacy_AutoAnalyzer -- Nutrients,,,,See Field Notes,,"QC: 20090625N Spikes: 105.667 Reps: 149.73, 149.73 Knowns: 99.932",Glutamic acid digestion check standard=97%,
FMP,FMP05944,FMP05944,Yellow Bay Knob @ Flathead Lake BioStation,TMP03416,,6/19/2009,0,0,Deposition-Dry,481.8,Legacy_Deposition,Total Phosphorus,TP,132.937,,132.937,,µg/l,Legacy_AutoAnalyzer -- Nutrients,,,,See Field Notes,,"QC: 20090625P Spikes: 98.467 Knowns: 105.547, 108.021",,
FMP,FMP05955,FMP05955,Yellow Bay Knob @ Flathead Lake BioStation,TMP03416,,6/24/2009,0,0,Deposition-Dry,1872.8,Legacy_Deposition,Total Nitrogen,TPN,165.95,,165.95,,µg/l,Legacy_AutoAnalyzer -- Nutrients,,,,See Field Notes,,"QC: 20090825N Spikes: 104.003, 108.483, 105.727, 105.685 Reps: 129.46, 127.179; 188.186, 187.616; 114.065, 114.636; 98.101, 101.522 Knowns: 99.899, 100.811, 101.039, 100.355, 101.267, 95.566, 99.215, 99.101, 99.443",,
FMP,FMP05955,FMP05955,Yellow Bay Knob @ Flathead Lake BioStation,TMP03416,,6/24/2009,0,0,Deposition-Dry,1872.8,Legacy_Deposition,Total Phosphorus,TP,26.178,,26.178,,µg/l,Legacy_AutoAnalyzer -- Nutrients,,,,See Field Notes,,"QC: 20090820P Spikes: 104.077, 93.589, 97.137, 99.028 Reps: 8.314, 8.962; 10.981, 10.981; 4.658, 2.487; 4.886, 4.963 Knowns: 99.792, 86.253, 99.792, 99.353, 100.084",,
FMP,FMP05956,FMP05956,Yellow Bay Knob @ Flathead Lake BioStation,TMP03416,,7/1/2009,0,0,Deposition-Dry,611.2,Legacy_Deposition,Total Nitrogen,TPN,626.103,,626.103,,µg/l,Legacy_AutoAnalyzer -- Nutrients,,,,See Field Notes,,"QC: 20090825N Spikes: 104.003, 108.483, 105.727, 105.685 Reps: 129.46, 127.179; 188.186, 187.616; 114.065, 114.636; 98.101, 101.522 Knowns: 99.899, 100.811, 101.039, 100.355, 101.267, 95.566, 99.215, 99.101, 99.443",,
FMP,FMP05956,FMP05956,Yellow Bay Knob @ Flathead Lake BioStation,TMP03416,,7/1/2009,0,0,Deposition-Dry,611.2,Legacy_Deposition,Total Phosphorus,TP,163.456,,163.456,,µg/l,Legacy_AutoAnalyzer -- Nutrients,,,,See Field Notes,,"QC: 20090820P Spikes: 104.077, 93.589, 97.137, 99.028 Reps: 8.314, 8.962; 10.981, 10.981; 4.658, 2.487; 4.886, 4.963 Knowns: 99.792, 86.253, 99.792, 99.353, 100.084",,
FMP,FMP05961,FMP05961,Yellow Bay Knob @ Flathead Lake BioStation,TMP03416,,7/9/2009,0,0,Deposition-Dry,640.2,Legacy_Deposition,Total Nitrogen,TPN,484.67,,484.67,,µg/l,Legacy_AutoAnalyzer -- Nutrients,,,,See Field Notes,,"QC: 20090825N Spikes: 104.003, 108.483, 105.727, 105.685 Reps: 129.46, 127.179; 188.186, 187.616; 114.065, 114.636; 98.101, 101.522 Knowns: 99.899, 100.811, 101.039, 100.355, 101.267, 95.566, 99.215, 99.101, 99.443",,
FMP,FMP05961,FMP05961,Yellow Bay Knob @ Flathead Lake BioStation,TMP03416,,7/9/2009,0,0,Deposition-Dry,640.2,Legacy_Deposition,Total Phosphorus,TP,85.049,,85.049,,µg/l,Legacy_AutoAnalyzer -- Nutrients,,,,See Field Notes,,"QC: 20090820P Spikes: 104.077, 93.589, 97.137, 99.028 Reps: 8.314, 8.962; 10.981, 10.981; 4.658, 2.487; 4.886, 4.963 Knowns: 99.792, 86.253, 99.792, 99.353, 100.084",,
FMP,FMP05970,FMP05970,Yellow Bay Knob @ Flathead Lake BioStation,TMP03416,,7/15/2009,0,0,Deposition-Dry,1117.3,Legacy_Deposition,Total Nitrogen,TPN,156.827,,156.827,,µg/l,Legacy_AutoAnalyzer -- Nutrients,,,,See Field Notes,,"QC: 20090825N Spikes: 104.003, 108.483, 105.727, 105.685 Reps: 129.46, 127.179; 188.186, 187.616; 114.065, 114.636; 98.101, 101.522 Knowns: 99.899, 100.811, 101.039, 100.355, 101.267, 95.566, 99.215, 99.101, 99.443",,
FMP,FMP05970,FMP05970,Yellow Bay Knob @ Flathead Lake BioStation,TMP03416,,7/15/2009,0,0,Deposition-Dry,1117.3,Legacy_Deposition,Total Phosphorus,TP,10.6,,10.6,,µg/l,Legacy_AutoAnalyzer -- Nutrients,,,,See Field Notes,,"QC: 20090820P Spikes: 104.077, 93.589, 97.137, 99.028 Reps: 8.314, 8.962; 10.981, 10.981; 4.658, 2.487; 4.886, 4.963 Knowns: 99.792, 86.253, 99.792, 99.353, 100.084",,
FMP,FMP05972,FMP05972,Yellow Bay Knob @ Flathead Lake BioStation,TMP03416,,7/29/2009,0,0,Deposition-Dry,766.2,Legacy_Deposition,Total Nitrogen,TPN,286.03,,286.03,,µg/l,Legacy_AutoAnalyzer -- Nutrients,,,,See Field Notes,,"QC: 20091006N Spikes: 105.99, 95.606, 109.29, 106.815 Reps: 108.079, 109.518; 96.55, 92.669; 81.587, 84.688; 67.977, 76.084 Knowns: 100, 100, 100, 111.588, 100, 100",,
FMP,FMP05972,FMP05972,Yellow Bay Knob @ Flathead Lake BioStation,TMP03416,,7/29/2009,0,0,Deposition-Dry,766.2,Legacy_Deposition,Total Phosphorus,TP,24.153,,24.153,,µg/l,Legacy_AutoAnalyzer -- Nutrients,,,,See Field Notes,,QC: 20090923P Spikes: 107.451; 103.170 Reps: 2.484; 2.772; 3.304; 3.489; 4.526; 4.666 Knowns: 100.000; 100.000; 100.000; 92.237; 100.000,,
FMP,FMP05982,FMP05982,Yellow Bay Knob @ Flathead Lake BioStation,TMP03416,,8/6/2009,0,0,Deposition-Dry,1092,Legacy_Deposition,Total Nitrogen,TPN,220.095,,220.095,,µg/l,Legacy_AutoAnalyzer -- Nutrients,,,,See Field Notes,,"QC: 20091006N Spikes: 105.99, 95.606, 109.29, 106.815 Reps: 108.079, 109.518; 96.55, 92.669; 81.587, 84.688; 67.977, 76.084 Knowns: 100, 100, 100, 111.588, 100, 100",,
FMP,FMP05982,FMP05982,Yellow Bay Knob @ Flathead Lake BioStation,TMP03416,,8/6/2009,0,0,Deposition-Dry,1092,Legacy_Deposition,Total Phosphorus,TP,22.151,,22.151,,µg/l,Legacy_AutoAnalyzer -- Nutrients,,,,See Field Notes,,QC: 20090923P Spikes: 107.451; 103.170 Reps: 2.484; 2.772; 3.304; 3.489; 4.526; 4.666 Knowns: 100.000; 100.000; 100.000; 92.237; 100.000,,
FMP,FMP05987,FMP05987,Yellow Bay Knob @ Flathead Lake BioStation,TMP03416,,8/12/2009,0,0,Deposition-Dry,1064.1,Legacy_Deposition,Total Nitrogen,TPN,173.357,,173.357,,µg/l,Legacy_AutoAnalyzer -- Nutrients,,,,See Field Notes,,"QC: 20091006N Spikes: 105.99, 95.606, 109.29, 106.815 Reps: 108.079, 109.518; 96.55, 92.669; 81.587, 84.688; 67.977, 76.084 Knowns: 100, 100, 100, 111.588, 100, 100",,
FMP,FMP05987,FMP05987,Yellow Bay Knob @ Flathead Lake BioStation,TMP03416,,8/12/2009,0,0,Deposition-Dry,1064.1,Legacy_Deposition,Total Phosphorus,TP,8.337,,8.337,,µg/l,Legacy_AutoAnalyzer -- Nutrients,,,,See Field Notes,,QC: 20090923P Spikes: 107.451; 103.170 Reps: 2.484; 2.772; 3.304; 3.489; 4.526; 4.666 Knowns: 100.000; 100.000; 100.000; 92.237; 100.000,,
FMP,FMP05989,FMP05989,Yellow Bay Knob @ Flathead Lake BioStation,TMP03416,,8/18/2009,0,0,Deposition-Dry,1586,Legacy_Deposition,Total Nitrogen,TPN,118.809,,118.809,,µg/l,Legacy_AutoAnalyzer -- Nutrients,,,,See Field Notes,,"QC: 20091006N Spikes: 105.99, 95.606, 109.29, 106.815 Reps: 108.079, 109.518; 96.55, 92.669; 81.587, 84.688; 67.977, 76.084 Knowns: 100, 100, 100, 111.588, 100, 100",,
FMP,FMP05989,FMP05989,Yellow Bay Knob @ Flathead Lake BioStation,TMP03416,,8/18/2009,0,0,Deposition-Dry,1586,Legacy_Deposition,Total Phosphorus,TP,4.199,,4.199,,µg/l,Legacy_AutoAnalyzer -- Nutrients,,,,See Field Notes,,QC: 20090923P Spikes: 107.451; 103.170 Reps: 2.484; 2.772; 3.304; 3.489; 4.526; 4.666 Knowns: 100.000; 100.000; 100.000; 92.237; 100.000,,
FMP,FMP05999,FMP05999,Yellow Bay Knob @ Flathead Lake BioStation,TMP03416,,8/27/2009,0,0,Deposition-Dry,979,Legacy_Deposition,Total Nitrogen,TPN,224.587,,224.587,,µg/l,Legacy_AutoAnalyzer -- Nutrients,,,,See Field Notes,,QC: 20091105N Spikes: 108.702; 108.725; 109.424 Reps: 112.308; 111.126; 64.441; 64.441; 99.898; 105.216 Knowns: 101.412; 103.185; 5.500,Digestion check standard=101%,
FMP,FMP05999,FMP05999,Yellow Bay Knob @ Flathead Lake BioStation,TMP03416,,8/27/2009,0,0,Deposition-Dry,979,Legacy_Deposition,Total Phosphorus,TP,26.858,,26.858,,µg/l,Legacy_AutoAnalyzer -- Nutrients,,,,See Field Notes,,QC: 20091103P Spikes: 94.003; 97.646 Reps: 3.851; 4.550; 6.916; 6.761; 4.550; 4.938 Knowns: 99.413; 99.860; 93.395; 100.157,,
FMP,FMP06000,FMP06000,Yellow Bay Knob @ Flathead Lake BioStation,TMP03416,,9/3/2009,0,0,Deposition-Dry,634.4,Legacy_Deposition,Total Nitrogen,TPN,273.636,,273.636,,µg/l,Legacy_AutoAnalyzer -- Nutrients,,,,See Field Notes,,QC: 20091105N Spikes: 108.702; 108.725; 109.424 Reps: 112.308; 111.126; 64.441; 64.441; 99.898; 105.216 Knowns: 101.412; 103.185; 5.500,Digestion check standard=101%,
FMP,FMP06000,FMP06000,Yellow Bay Knob @ Flathead Lake BioStation,TMP03416,,9/3/2009,0,0,Deposition-Dry,634.4,Legacy_Deposition,Total Phosphorus,TP,39.129,,39.129,,µg/l,Legacy_AutoAnalyzer -- Nutrients,,,,See Field Notes,,QC: 20091103P Spikes: 94.003; 97.646 Reps: 3.851; 4.550; 6.916; 6.761; 4.550; 4.938 Knowns: 99.413; 99.860; 93.395; 100.157,,
FMP,FMP06005,FMP06005,Yellow Bay Knob @ Flathead Lake BioStation,TMP03416,,9/10/2009,0,0,Deposition-Dry,528,Legacy_Deposition,Total Nitrogen,TPN,283.682,,283.682,,µg/l,Legacy_AutoAnalyzer -- Nutrients,,,,See Field Notes,,QC: 20091105N Spikes: 108.702; 108.725; 109.424 Reps: 112.308; 111.126; 64.441; 64.441; 99.898; 105.216 Knowns: 101.412; 103.185; 5.500,Digestion check standard=101%,
FMP,FMP06005,FMP06005,Yellow Bay Knob @ Flathead Lake BioStation,TMP03416,,9/10/2009,0,0,Deposition-Dry,528,Legacy_Deposition,Total Phosphorus,TP,24.492,,24.492,,µg/l,Legacy_AutoAnalyzer -- Nutrients,,,,See Field Notes,,QC: 20091103P Spikes: 94.003; 97.646 Reps: 3.851; 4.550; 6.916; 6.761; 4.550; 4.938 Knowns: 99.413; 99.860; 93.395; 100.157,,
FMP,FMP06013,FMP06013,Yellow Bay Knob @ Flathead Lake BioStation,TMP03416,,9/18/2009,0,0,Deposition-Dry,728.6,Legacy_Deposition,Total Nitrogen,TPN,146.847,,146.847,,µg/l,Legacy_AutoAnalyzer -- Nutrients,,,,See Field Notes,,QC: 20091230N Spikes: 104.503; 101.587; 102.757 Reps: 110.542; 118.740; 112.299; 115.813; 128.109; 121.083 Knowns: 103.150; 99.285; 99.754,Glutamic acid digestion check standard=98%,
FMP,FMP06013,FMP06013,Yellow Bay Knob @ Flathead Lake BioStation,TMP03416,,9/18/2009,0,0,Deposition-Dry,728.6,Legacy_Deposition,Total Phosphorus,TP,7.75,,7.75,,µg/l,Legacy_AutoAnalyzer -- Nutrients,,,,See Field Notes,,QC: 20091215P Spikes: 96.016 Reps: 4.481; 4.481; 4.481; 4.595 Knowns: 101.139; 104.016; 104.200,,
FMP,FMP06014,FMP06014,Yellow Bay Knob @ Flathead Lake BioStation,TMP03416,,9/23/2009,0,0,Deposition-Dry,1325.2,Legacy_Deposition,Total Nitrogen,TPN,51.401,,51.401,,µg/l,Legacy_AutoAnalyzer -- Nutrients,,,,See Field Notes,,QC: 20091230N Spikes: 104.503; 101.587; 102.757 Reps: 110.542; 118.740; 112.299; 115.813; 128.109; 121.083 Knowns: 103.150; 99.285; 99.754,Glutamic acid digestion check standard=98%,
FMP,FMP06014,FMP06014,Yellow Bay Knob @ Flathead Lake BioStation,TMP03416,,9/23/2009,0,0,Deposition-Dry,1325.2,Legacy_Deposition,Total Phosphorus,TP,3.493,,3.493,,µg/l,Legacy_AutoAnalyzer -- Nutrients,,,,See Field Notes,,QC: 20091215P Spikes: 96.016 Reps: 4.481; 4.481; 4.481; 4.595 Knowns: 101.139; 104.016; 104.200,,
FMP,FMP06017,FMP06017,Yellow Bay Knob @ Flathead Lake BioStation,TMP03416,,10/1/2009,0,0,Deposition-Dry,868.1,Legacy_Deposition,Total Nitrogen,TPN,249.906,,249.906,,µg/l,Legacy_AutoAnalyzer -- Nutrients,,,,See Field Notes,,QC: 20091230N Spikes: 104.503; 101.587; 102.757 Reps: 110.542; 118.740; 112.299; 115.813; 128.109; 121.083 Knowns: 103.150; 99.285; 99.754,Glutamic acid digestion check standard=98%,
FMP,FMP06017,FMP06017,Yellow Bay Knob @ Flathead Lake BioStation,TMP03416,,10/1/2009,0,0,Deposition-Dry,868.1,Legacy_Deposition,Total Phosphorus,TP,24.134,,24.134,,µg/l,Legacy_AutoAnalyzer -- Nutrients,,,,See Field Notes,,QC: 20091215P Spikes: 96.016 Reps: 4.481; 4.481; 4.481; 4.595 Knowns: 101.139; 104.016; 104.200,,
FMP,FMP06029,FMP06029,Yellow Bay Knob @ Flathead Lake BioStation,TMP03416,,10/9/2009,0,0,Deposition-Dry,1110.5,Legacy_Deposition,Total Nitrogen,TPN,217.114,,217.114,,µg/l,Legacy_AutoAnalyzer -- Nutrients,,,,See Field Notes,,QC: 20091230N Spikes: 104.503; 101.587; 102.757 Reps: 110.542; 118.740; 112.299; 115.813; 128.109; 121.083 Knowns: 103.150; 99.285; 99.754,Glutamic acid digestion check standard=98%,
FMP,FMP06029,FMP06029,Yellow Bay Knob @ Flathead Lake BioStation,TMP03416,,10/9/2009,0,0,Deposition-Dry,1110.5,Legacy_Deposition,Total Phosphorus,TP,37.624,,37.624,,µg/l,Legacy_AutoAnalyzer -- Nutrients,,,,See Field Notes,,QC: 20091215P Spikes: 96.016 Reps: 4.481; 4.481; 4.481; 4.595 Knowns: 101.139; 104.016; 104.200,,
FMP,FMP06030,FMP06030,Yellow Bay Knob @ Flathead Lake BioStation,TMP03416,,10/14/2009,0,0,Deposition-Dry,1508,Legacy_Deposition,Total Nitrogen,TPN,87.12,,87.12,,µg/l,Legacy_AutoAnalyzer -- Nutrients,,,,See Field Notes,,QC: 20091230N Spikes: 104.503; 101.587; 102.757 Reps: 110.542; 118.740; 112.299; 115.813; 128.109; 121.083 Knowns: 103.150; 99.285; 99.754,Glutamic acid digestion check standard=98%,
FMP,FMP06030,FMP06030,Yellow Bay Knob @ Flathead Lake BioStation,TMP03416,,10/14/2009,0,0,Deposition-Dry,1508,Legacy_Deposition,Total Phosphorus,TP,7.978,,7.978,,µg/l,Legacy_AutoAnalyzer -- Nutrients,,,,See Field Notes,,QC: 20091215P Spikes: 96.016 Reps: 4.481; 4.481; 4.481; 4.595 Knowns: 101.139; 104.016; 104.200,,
FMP,FMP06031,FMP06031,Yellow Bay Knob @ Flathead Lake BioStation,TMP03416,,10/23/2009,0,0,Deposition-Dry,1147.6,Legacy_Deposition,Total Nitrogen,TPN,118.74,,118.74,,µg/l,Legacy_AutoAnalyzer -- Nutrients,,,,See Field Notes,,QC: 20091230N Spikes: 104.503; 101.587; 102.757 Reps: 110.542; 118.740; 112.299; 115.813; 128.109; 121.083 Knowns: 103.150; 99.285; 99.754,Glutamic acid digestion check standard=98%,
FMP,FMP06031,FMP06031,Yellow Bay Knob @ Flathead Lake BioStation,TMP03416,,10/23/2009,0,0,Deposition-Dry,1147.6,Legacy_Deposition,Total Phosphorus,TP,3.759,,3.759,,µg/l,Legacy_AutoAnalyzer -- Nutrients,,,,See Field Notes,,QC: 20091215P Spikes: 96.016 Reps: 4.481; 4.481; 4.481; 4.595 Knowns: 101.139; 104.016; 104.200,,
FMP,FMP06033,FMP06033,Yellow Bay Knob @ Flathead Lake BioStation,TMP03416,,10/29/2009,0,0,Deposition-Dry,1678.3,Legacy_Deposition,Total Nitrogen,TPN,102.93,,102.93,,µg/l,Legacy_AutoAnalyzer -- Nutrients,,,,See Field Notes,,QC: 20091230N Spikes: 104.503; 101.587; 102.757 Reps: 110.542; 118.740; 112.299; 115.813; 128.109; 121.083 Knowns: 103.150; 99.285; 99.754,Glutamic acid digestion check standard=98%,
FMP,FMP06033,FMP06033,Yellow Bay Knob @ Flathead Lake BioStation,TMP03416,,10/29/2009,0,0,Deposition-Dry,1678.3,Legacy_Deposition,Total Phosphorus,TP,4.139,,4.139,,µg/l,Legacy_AutoAnalyzer -- Nutrients,,,,See Field Notes,,QC: 20091215P Spikes: 96.016 Reps: 4.481; 4.481; 4.481; 4.595 Knowns: 101.139; 104.016; 104.200,,
FMP,FMP06042,FMP06042,Yellow Bay Knob @ Flathead Lake BioStation,TMP03416,,11/6/2009,0,0,Deposition-Dry,1295.9,Legacy_Deposition,Total Nitrogen,TPN,92.976,,92.976,,µg/l,Legacy_AutoAnalyzer -- Nutrients,,,,See Field Notes,,QC: 20091230N Spikes: 104.503; 101.587; 102.757 Reps: 110.542; 118.740; 112.299; 115.813; 128.109; 121.083 Knowns: 103.150; 99.285; 99.754,Glutamic acid digestion check standard=98%,
FMP,FMP06042,FMP06042,Yellow Bay Knob @ Flathead Lake BioStation,TMP03416,,11/6/2009,0,0,Deposition-Dry,1295.9,Legacy_Deposition,Total Phosphorus,TP,4.557,,4.557,,µg/l,Legacy_AutoAnalyzer -- Nutrients,,,,See Field Notes,,QC: 20091215P Spikes: 96.016 Reps: 4.481; 4.481; 4.481; 4.595 Knowns: 101.139; 104.016; 104.200,,
FMP,FMP06047,FMP06047,Yellow Bay Knob @ Flathead Lake BioStation,TMP03416,,11/12/2009,0,0,Deposition-Dry,1324.2,Legacy_Deposition,Total Nitrogen,TPN,52.572,,52.572,,µg/l,Legacy_AutoAnalyzer -- Nutrients,,,,See Field Notes,,QC: 20091230N Spikes: 104.503; 101.587; 102.757 Reps: 110.542; 118.740; 112.299; 115.813; 128.109; 121.083 Knowns: 103.150; 99.285; 99.754,Glutamic acid digestion check standard=98%,
FMP,FMP06047,FMP06047,Yellow Bay Knob @ Flathead Lake BioStation,TMP03416,,11/12/2009,0,0,Deposition-Dry,1324.2,Legacy_Deposition,Total Phosphorus,TP,4.979,,4.979,,µg/l,Legacy_AutoAnalyzer -- Nutrients,,,,See Field Notes,,QC: 20100119P Spikes: 108.322; 104.408; 103.462 Reps: 6.687; 7.045; 7.720; 8.395; 34.450; 35.602 Knowns: 99.656; 100.874; 104.954; 94.499,,
FMP,FMP06048,FMP06048,Yellow Bay Knob @ Flathead Lake BioStation,TMP03416,,11/19/2009,0,0,Deposition-Dry,1119.8,Legacy_Deposition,Total Nitrogen,TPN,87.12,,87.12,,µg/l,Legacy_AutoAnalyzer -- Nutrients,,,,See Field Notes,,QC: 20091230N Spikes: 104.503; 101.587; 102.757 Reps: 110.542; 118.740; 112.299; 115.813; 128.109; 121.083 Knowns: 103.150; 99.285; 99.754,Glutamic acid digestion check standard=98%,
FMP,FMP06048,FMP06048,Yellow Bay Knob @ Flathead Lake BioStation,TMP03416,,11/19/2009,0,0,Deposition-Dry,1119.8,Legacy_Deposition,Total Phosphorus,TP,1.643,,1.643,,µg/l,Legacy_AutoAnalyzer -- Nutrients,,,,See Field Notes,,QC: 20100119P Spikes: 108.322; 104.408; 103.462 Reps: 6.687; 7.045; 7.720; 8.395; 34.450; 35.602 Knowns: 99.656; 100.874; 104.954; 94.499,,
FMP,FMP06049,FMP06049,Yellow Bay Knob @ Flathead Lake BioStation,TMP03416,,11/24/2009,0,0,Deposition-Dry,1403.8,Legacy_Deposition,Total Nitrogen,TPN,46.716,,46.716,,µg/l,Legacy_AutoAnalyzer -- Nutrients,,,,See Field Notes,,QC: 20091230N Spikes: 104.503; 101.587; 102.757 Reps: 110.542; 118.740; 112.299; 115.813; 128.109; 121.083 Knowns: 103.150; 99.285; 99.754,Glutamic acid digestion check standard=98%,
FMP,FMP06049,FMP06049,Yellow Bay Knob @ Flathead Lake BioStation,TMP03416,,11/24/2009,0,0,Deposition-Dry,1403.8,Legacy_Deposition,Total Phosphorus,TP,5.019,,5.019,,µg/l,Legacy_AutoAnalyzer -- Nutrients,,,,See Field Notes,,QC: 20100119P Spikes: 108.322; 104.408; 103.462 Reps: 6.687; 7.045; 7.720; 8.395; 34.450; 35.602 Knowns: 99.656; 100.874; 104.954; 94.499,,
FMP,FMP06050,FMP06050,Yellow Bay Knob @ Flathead Lake BioStation,TMP03416,,12/2/2009,0,0,Deposition-Dry,1236,Legacy_Deposition,Total Nitrogen,TPN,111.714,,111.714,,µg/l,Legacy_AutoAnalyzer -- Nutrients,,,,See Field Notes,,QC: 20091230N Spikes: 104.503; 101.587; 102.757 Reps: 110.542; 118.740; 112.299; 115.813; 128.109; 121.083 Knowns: 103.150; 99.285; 99.754,Glutamic acid digestion check standard=98%,
FMP,FMP06050,FMP06050,Yellow Bay Knob @ Flathead Lake BioStation,TMP03416,,12/2/2009,0,0,Deposition-Dry,1236,Legacy_Deposition,Total Phosphorus,TP,3.43,,3.43,,µg/l,Legacy_AutoAnalyzer -- Nutrients,,,,See Field Notes,,QC: 20100119P Spikes: 108.322; 104.408; 103.462 Reps: 6.687; 7.045; 7.720; 8.395; 34.450; 35.602 Knowns: 99.656; 100.874; 104.954; 94.499,,
FMP,FMP06059,FMP06059,Yellow Bay Knob @ Flathead Lake BioStation,TMP03416,,12/9/2009,0,0,Deposition-Dry,1023.4,Legacy_Deposition,Total Nitrogen,TPN,86.535,,86.535,,µg/l,Legacy_AutoAnalyzer -- Nutrients,,,,See Field Notes,,QC: 20091230N Spikes: 104.503; 101.587; 102.757 Reps: 110.542; 118.740; 112.299; 115.813; 128.109; 121.083 Knowns: 103.150; 99.285; 99.754,Glutamic acid digestion check standard=98%,
FMP,FMP06059,FMP06059,Yellow Bay Knob @ Flathead Lake BioStation,TMP03416,,12/9/2009,0,0,Deposition-Dry,1023.4,Legacy_Deposition,Total Phosphorus,TP,4.543,,4.543,,µg/l,Legacy_AutoAnalyzer -- Nutrients,,,,See Field Notes,,QC: 20100119P Spikes: 108.322; 104.408; 103.462 Reps: 6.687; 7.045; 7.720; 8.395; 34.450; 35.602 Knowns: 99.656; 100.874; 104.954; 94.499,,
FMP,FMP06061,FMP06061,Yellow Bay Knob @ Flathead Lake BioStation,TMP03416,,12/16/2009,0,0,Deposition-Dry,1228.6,Legacy_Deposition,Total Nitrogen,TPN,116.984,,116.984,,µg/l,Legacy_AutoAnalyzer -- Nutrients,,,,See Field Notes,pH not working,QC: 20091230N Spikes: 104.503; 101.587; 102.757 Reps: 110.542; 118.740; 112.299; 115.813; 128.109; 121.083 Knowns: 103.150; 99.285; 99.754,Glutamic acid digestion check standard=98%,
FMP,FMP06061,FMP06061,Yellow Bay Knob @ Flathead Lake BioStation,TMP03416,,12/16/2009,0,0,Deposition-Dry,1228.6,Legacy_Deposition,Total Phosphorus,TP,4.741,,4.741,,µg/l,Legacy_AutoAnalyzer -- Nutrients,,,,See Field Notes,pH not working,QC: 20100119P Spikes: 108.322; 104.408; 103.462 Reps: 6.687; 7.045; 7.720; 8.395; 34.450; 35.602 Knowns: 99.656; 100.874; 104.954; 94.499,,
FMP,FMP06069,FMP06069,Yellow Bay Knob @ Flathead Lake BioStation,TMP03416,,12/23/2009,0,0,Deposition-Dry,1710.9,Legacy_Deposition,Total Nitrogen,TPN,96.492,,96.492,,µg/l,Legacy_AutoAnalyzer -- Nutrients,,,,See Field Notes,,QC: 20100224N Spikes: 105.211; 105.018; 109.878 Reps: 154.550; 179.843; 133.856; 130.982; 83.845; 79.822 Knowns: 102.534; 103.454; 107.018,Glutamic acid digestion check standard=100%,
FMP,FMP06069,FMP06069,Yellow Bay Knob @ Flathead Lake BioStation,TMP03416,,12/23/2009,0,0,Deposition-Dry,1710.9,Legacy_Deposition,Total Phosphorus,TP,0.577,,0.577,,µg/l,Legacy_AutoAnalyzer -- Nutrients,,,,See Field Notes,,QC: 20100211P Spikes: 97.290; 97.954 Reps: 7.281; 7.205; 669.977; 661.643; 5.865; 4.847 Knowns: 84.743; 100.000; 100.000; 93.042; 100.000,,
FMP,FMP06070,FMP06070,Yellow Bay Knob @ Flathead Lake BioStation,TMP03416,,12/30/2009,0,0,Deposition-Dry,892.2,Legacy_Deposition,Total Nitrogen,TPN,185.016,,185.016,,µg/l,Legacy_AutoAnalyzer -- Nutrients,,,,See Field Notes,,QC: 20100224N Spikes: 105.211; 105.018; 109.878 Reps: 154.550; 179.843; 133.856; 130.982; 83.845; 79.822 Knowns: 102.534; 103.454; 107.018,Glutamic acid digestion check standard=100%,
FMP,FMP06070,FMP06070,Yellow Bay Knob @ Flathead Lake BioStation,TMP03416,,12/30/2009,0,0,Deposition-Dry,892.2,Legacy_Deposition,Total Phosphorus,TP,2.464,,2.464,,µg/l,Legacy_AutoAnalyzer -- Nutrients,,,,See Field Notes,,QC: 20100211P Spikes: 97.290; 97.954 Reps: 7.281; 7.205; 669.977; 661.643; 5.865; 4.847 Knowns: 84.743; 100.000; 100.000; 93.042; 100.000,,
FMP,FMP06073,FMP06073,Yellow Bay Knob @ Flathead Lake BioStation,TMP03416,,1/6/2010,0,0,Deposition-Dry,1458.4,Legacy_Deposition,Total Nitrogen,TPN,101.09,,101.09,,µg/l,Legacy_AutoAnalyzer -- Nutrients,,,,See Field Notes,,QC: 20100224N Spikes: 105.211; 105.018; 109.878 Reps: 154.550; 179.843; 133.856; 130.982; 83.845; 79.822 Knowns: 102.534; 103.454; 107.018,Glutamic acid digestion check standard=100%,
FMP,FMP06073,FMP06073,Yellow Bay Knob @ Flathead Lake BioStation,TMP03416,,1/6/2010,0,0,Deposition-Dry,1458.4,Legacy_Deposition,Total Phosphorus,TP,2.194,,2.194,,µg/l,Legacy_AutoAnalyzer -- Nutrients,,,,See Field Notes,,QC: 20100211P Spikes: 97.290; 97.954 Reps: 7.281; 7.205; 669.977; 661.643; 5.865; 4.847 Knowns: 84.743; 100.000; 100.000; 93.042; 100.000,,
FMP,FMP06076,FMP06076,Yellow Bay Knob @ Flathead Lake BioStation,TMP03416,,1/13/2010,0,0,Deposition-Dry,1155.8,Legacy_Deposition,Total Nitrogen,TPN,99.366,,99.366,,µg/l,Legacy_AutoAnalyzer -- Nutrients,,,,See Field Notes,,QC: 20100224N Spikes: 105.211; 105.018; 109.878 Reps: 154.550; 179.843; 133.856; 130.982; 83.845; 79.822 Knowns: 102.534; 103.454; 107.018,Glutamic acid digestion check standard=100%,
FMP,FMP06076,FMP06076,Yellow Bay Knob @ Flathead Lake BioStation,TMP03416,,1/13/2010,0,0,Deposition-Dry,1155.8,Legacy_Deposition,Total Phosphorus,TP,2.023,,2.023,,µg/l,Legacy_AutoAnalyzer -- Nutrients,,,,See Field Notes,,QC: 20100211P Spikes: 97.290; 97.954 Reps: 7.281; 7.205; 669.977; 661.643; 5.865; 4.847 Knowns: 84.743; 100.000; 100.000; 93.042; 100.000,,
FMP,FMP06089,FMP06089,Yellow Bay Knob @ Flathead Lake BioStation,TMP03416,,1/20/2010,0,0,Deposition-Dry,860,Legacy_Deposition,Total Nitrogen,TPN,166.047,,166.047,,µg/l,Legacy_AutoAnalyzer -- Nutrients,,,,See Field Notes,,QC: 20100224N Spikes: 105.211; 105.018; 109.878 Reps: 154.550; 179.843; 133.856; 130.982; 83.845; 79.822 Knowns: 102.534; 103.454; 107.018,Glutamic acid digestion check standard=100%,
FMP,FMP06089,FMP06089,Yellow Bay Knob @ Flathead Lake BioStation,TMP03416,,1/20/2010,0,0,Deposition-Dry,860,Legacy_Deposition,Total Phosphorus,TP,1.119,,1.119,,µg/l,Legacy_AutoAnalyzer -- Nutrients,,,,See Field Notes,,QC: 20100211P Spikes: 97.290; 97.954 Reps: 7.281; 7.205; 669.977; 661.643; 5.865; 4.847 Knowns: 84.743; 100.000; 100.000; 93.042; 100.000,,
FMP,FMP06092,FMP06092,Yellow Bay Knob @ Flathead Lake BioStation,TMP03416,,1/27/2010,0,0,Deposition-Dry,656.6,Legacy_Deposition,Total Nitrogen,TPN,171.22,,171.22,,µg/l,Legacy_AutoAnalyzer -- Nutrients,,,,See Field Notes,,QC: 20100224N Spikes: 105.211; 105.018; 109.878 Reps: 154.550; 179.843; 133.856; 130.982; 83.845; 79.822 Knowns: 102.534; 103.454; 107.018,Glutamic acid digestion check standard=100%,
FMP,FMP06092,FMP06092,Yellow Bay Knob @ Flathead Lake BioStation,TMP03416,,1/27/2010,0,0,Deposition-Dry,656.6,Legacy_Deposition,Total Phosphorus,TP,1.869,,1.869,,µg/l,Legacy_AutoAnalyzer -- Nutrients,,,,See Field Notes,,QC: 20100211P Spikes: 97.290; 97.954 Reps: 7.281; 7.205; 669.977; 661.643; 5.865; 4.847 Knowns: 84.743; 100.000; 100.000; 93.042; 100.000,,
FMP,FMP06102,FMP06102,Yellow Bay Knob @ Flathead Lake BioStation,TMP03416,,2/4/2010,0,0,Deposition-Dry,1331.4,Legacy_Deposition,Total Nitrogen,TPN,162.598,,162.598,,µg/l,Legacy_AutoAnalyzer -- Nutrients,,,,See Field Notes,,QC: 20100224N Spikes: 105.211; 105.018; 109.878 Reps: 154.550; 179.843; 133.856; 130.982; 83.845; 79.822 Knowns: 102.534; 103.454; 107.018,Glutamic acid digestion check standard=100%,
FMP,FMP06102,FMP06102,Yellow Bay Knob @ Flathead Lake BioStation,TMP03416,,2/4/2010,0,0,Deposition-Dry,1331.4,Legacy_Deposition,Total Phosphorus,TP,3.21,,3.21,,µg/l,Legacy_AutoAnalyzer -- Nutrients,,,,See Field Notes,,QC: 20100211P Spikes: 97.290; 97.954 Reps: 7.281; 7.205; 669.977; 661.643; 5.865; 4.847 Knowns: 84.743; 100.000; 100.000; 93.042; 100.000,,
FMP,FMP06108,FMP06108,Yellow Bay Knob @ Flathead Lake BioStation,TMP03416,,2/10/2010,0,0,Deposition-Dry,1402.7,Legacy_Deposition,Total Nitrogen,TPN,72.424,,72.424,,µg/l,Legacy_AutoAnalyzer -- Nutrients,,,,See Field Notes,,QC: 20100325N Spikes: 106.515 Reps: 133.292; 132.122 Knowns: 101.338,Glutamic acid digestion check standard=101%,
FMP,FMP06108,FMP06108,Yellow Bay Knob @ Flathead Lake BioStation,TMP03416,,2/10/2010,0,0,Deposition-Dry,1402.7,Legacy_Deposition,Total Phosphorus,TP,1.186,,1.186,,µg/l,Legacy_AutoAnalyzer -- Nutrients,,,,See Field Notes,,QC: 20100323P Spikes: 98.771 Reps: 5.558; 4.803 Knowns: 90.367; 101.453; 97.676,,
FMP,FMP06111,FMP06111,Yellow Bay Knob @ Flathead Lake BioStation,TMP03416,,2/17/2010,0,0,Deposition-Dry,933.9,Legacy_Deposition,Total Nitrogen,TPN,149.094,,149.094,,µg/l,Legacy_AutoAnalyzer -- Nutrients,,,,See Field Notes,,QC: 20100325N Spikes: 106.515 Reps: 133.292; 132.122 Knowns: 101.338,Glutamic acid digestion check standard=101%,
FMP,FMP06111,FMP06111,Yellow Bay Knob @ Flathead Lake BioStation,TMP03416,,2/17/2010,0,0,Deposition-Dry,933.9,Legacy_Deposition,Total Phosphorus,TP,1.901,,1.901,,µg/l,Legacy_AutoAnalyzer -- Nutrients,,,,See Field Notes,,QC: 20100323P Spikes: 98.771 Reps: 5.558; 4.803 Knowns: 90.367; 101.453; 97.676,,
FMP,FMP06112,FMP06112,Yellow Bay Knob @ Flathead Lake BioStation,TMP03416,,2/24/2010,0,0,Deposition-Dry,933.9,Legacy_Deposition,Total Nitrogen,TPN,39.064,,39.064,,µg/l,Legacy_AutoAnalyzer -- Nutrients,,,,See Field Notes,,QC: 20100325N Spikes: 106.515 Reps: 133.292; 132.122 Knowns: 101.338,Glutamic acid digestion check standard=101%,
FMP,FMP06112,FMP06112,Yellow Bay Knob @ Flathead Lake BioStation,TMP03416,,2/24/2010,0,0,Deposition-Dry,933.9,Legacy_Deposition,Total Phosphorus,TP,1.424,,1.424,,µg/l,Legacy_AutoAnalyzer -- Nutrients,,,,See Field Notes,,QC: 20100323P Spikes: 98.771 Reps: 5.558; 4.803 Knowns: 90.367; 101.453; 97.676,,
FMP,FMP06118,FMP06118,Yellow Bay Knob @ Flathead Lake BioStation,TMP03416,,3/4/2010,0,0,Deposition-Dry,1142.3,Legacy_Deposition,Total Nitrogen,TPN,137.974,,137.974,,µg/l,Legacy_AutoAnalyzer -- Nutrients,,,,See Field Notes,,QC: 20100325N Spikes: 106.515 Reps: 133.292; 132.122 Knowns: 101.338,Glutamic acid digestion check standard=101%,
FMP,FMP06118,FMP06118,Yellow Bay Knob @ Flathead Lake BioStation,TMP03416,,3/4/2010,0,0,Deposition-Dry,1142.3,Legacy_Deposition,Total Phosphorus,TP,2.418,,2.418,,µg/l,Legacy_AutoAnalyzer -- Nutrients,,,,See Field Notes,,QC: 20100323P Spikes: 98.771 Reps: 5.558; 4.803 Knowns: 90.367; 101.453; 97.676,,
FMP,FMP06127,FMP06127,Yellow Bay Knob @ Flathead Lake BioStation,TMP03416,,3/10/2010,0,0,Deposition-Dry,1365.8,Legacy_Deposition,Total Nitrogen,TPN,122.172,,122.172,,µg/l,Legacy_AutoAnalyzer -- Nutrients,,,,See Field Notes,,QC: 20100325N Spikes: 106.515 Reps: 133.292; 132.122 Knowns: 101.338,Glutamic acid digestion check standard=101%,
FMP,FMP06127,FMP06127,Yellow Bay Knob @ Flathead Lake BioStation,TMP03416,,3/10/2010,0,0,Deposition-Dry,1365.8,Legacy_Deposition,Total Phosphorus,TP,2.06,,2.06,,µg/l,Legacy_AutoAnalyzer -- Nutrients,,,,See Field Notes,,QC: 20100323P Spikes: 98.771 Reps: 5.558; 4.803 Knowns: 90.367; 101.453; 97.676,,
FMP,FMP06128,FMP06128,Yellow Bay Knob @ Flathead Lake BioStation,TMP03416,,3/17/2010,0,0,Deposition-Dry,672.1,Legacy_Deposition,Total Nitrogen,TPN,128.025,,128.025,,µg/l,Legacy_AutoAnalyzer -- Nutrients,,,,See Field Notes,,QC: 20100325N Spikes: 106.515 Reps: 133.292; 132.122 Knowns: 101.338,Glutamic acid digestion check standard=101%,
FMP,FMP06128,FMP06128,Yellow Bay Knob @ Flathead Lake BioStation,TMP03416,,3/17/2010,0,0,Deposition-Dry,672.1,Legacy_Deposition,Total Phosphorus,TP,6.393,,6.393,,µg/l,Legacy_AutoAnalyzer -- Nutrients,,,,See Field Notes,,QC: 20100323P Spikes: 98.771 Reps: 5.558; 4.803 Knowns: 90.367; 101.453; 97.676,,
FMP,FMP06129,FMP06129,Yellow Bay Knob @ Flathead Lake BioStation,TMP03416,,3/24/2010,0,0,Deposition-Dry,889.7,Legacy_Deposition,Total Nitrogen,TPN,180.095,,180.095,,µg/l,Legacy_AutoAnalyzer -- Nutrients,,,,See Field Notes,,QC: 20100505N Spikes: 105.234; 106.352 Reps: 125.792; 128.743; 232.037; 238.529 Knowns: 100.828; 102.363,Glutamic digestion check standard=101%,
FMP,FMP06129,FMP06129,Yellow Bay Knob @ Flathead Lake BioStation,TMP03416,,3/24/2010,0,0,Deposition-Dry,889.7,Legacy_Deposition,Total Phosphorus,TP,8.533,,8.533,,µg/l,Legacy_AutoAnalyzer -- Nutrients,,,,See Field Notes,,QC: 20100420P Spikes: 104.160 Reps: 8.730; 7.587 Knowns: 106.027; 101.637; 93.133,,
FMP,FMP06143,FMP06143,Yellow Bay Knob @ Flathead Lake BioStation,TMP03416,,4/2/2010,0,0,Deposition-Dry,1056.7,Legacy_Deposition,Total Nitrogen,TPN,485.843,,485.843,,µg/l,Legacy_AutoAnalyzer -- Nutrients,,,,See Field Notes,,QC: 20100505N Spikes: 105.234; 106.352 Reps: 125.792; 128.743; 232.037; 238.529 Knowns: 100.828; 102.363,Glutamic digestion check standard=101%,
FMP,FMP06143,FMP06143,Yellow Bay Knob @ Flathead Lake BioStation,TMP03416,,4/2/2010,0,0,Deposition-Dry,1056.7,Legacy_Deposition,Total Phosphorus,TP,10.268,,10.268,,µg/l,Legacy_AutoAnalyzer -- Nutrients,,,,See Field Notes,,QC: 20100420P Spikes: 104.160 Reps: 8.730; 7.587 Knowns: 106.027; 101.637; 93.133,,
FMP,FMP06144,FMP06144,Yellow Bay Knob @ Flathead Lake BioStation,TMP03416,,4/7/2010,0,0,Deposition-Dry,596.3,Legacy_Deposition,Total Nitrogen,TPN,226.134,,226.134,,µg/l,Legacy_AutoAnalyzer -- Nutrients,,,,See Field Notes,,QC: 20100505N Spikes: 105.234; 106.352 Reps: 125.792; 128.743; 232.037; 238.529 Knowns: 100.828; 102.363,Glutamic digestion check standard=101%,
FMP,FMP06144,FMP06144,Yellow Bay Knob @ Flathead Lake BioStation,TMP03416,,4/7/2010,0,0,Deposition-Dry,596.3,Legacy_Deposition,Total Phosphorus,TP,8.415,,8.415,,µg/l,Legacy_AutoAnalyzer -- Nutrients,,,,See Field Notes,,QC: 20100420P Spikes: 104.160 Reps: 8.730; 7.587 Knowns: 106.027; 101.637; 93.133,,
FMP,FMP06152,FMP06152,Yellow Bay Knob @ Flathead Lake BioStation,TMP03416,,4/16/2010,0,0,Deposition-Dry,1089.9,Legacy_Deposition,Total Nitrogen,TPN,318.803,,318.803,,µg/l,Legacy_AutoAnalyzer -- Nutrients,,,,See Field Notes,,QC: 20100505N Spikes: 105.234; 106.352 Reps: 125.792; 128.743; 232.037; 238.529 Knowns: 100.828; 102.363,Glutamic digestion check standard=101%,
FMP,FMP06152,FMP06152,Yellow Bay Knob @ Flathead Lake BioStation,TMP03416,,4/16/2010,0,0,Deposition-Dry,1089.9,Legacy_Deposition,Total Phosphorus,TP,25.876,,25.876,,µg/l,Legacy_AutoAnalyzer -- Nutrients,,,,See Field Notes,,QC: 20100420P Spikes: 104.160 Reps: 8.730; 7.587 Knowns: 106.027; 101.637; 93.133,,
FMP,FMP06153,FMP06153,Yellow Bay Knob @ Flathead Lake BioStation,TMP03416,,4/21/2010,0,0,Deposition-Dry,845.3,Legacy_Deposition,Total Nitrogen,TPN,258.007,,258.007,,µg/l,Legacy_AutoAnalyzer -- Nutrients,,,,See Field Notes,,QC: 20100505N Spikes: 105.234; 106.352 Reps: 125.792; 128.743; 232.037; 238.529 Knowns: 100.828; 102.363,Glutamic digestion check standard=101%,
FMP,FMP06153,FMP06153,Yellow Bay Knob @ Flathead Lake BioStation,TMP03416,,4/21/2010,0,0,Deposition-Dry,845.3,Legacy_Deposition,Total Phosphorus,TP,25.306,,25.306,,µg/l,Legacy_AutoAnalyzer -- Nutrients,,,,See Field Notes,,QC: 20100526P Spikes: 101.654; 105.246; 91.586 Reps: 6.758; 6.873; 7.526; 5.682; 13.132 Knowns: 102.920; 103.215; 91.900; 102.920,,
FMP,FMP06168,FMP06168,Yellow Bay Knob @ Flathead Lake BioStation,TMP03416,,4/30/2010,0,0,Deposition-Dry,1198,Legacy_Deposition,Total Nitrogen,TPN,894.572,,894.572,,µg/l,Legacy_AutoAnalyzer -- Nutrients,,,,See Field Notes,,QC: 20100505N Spikes: 105.234; 106.352 Reps: 125.792; 128.743; 232.037; 238.529 Knowns: 100.828; 102.363,Glutamic digestion check standard=101%,
FMP,FMP06168,FMP06168,Yellow Bay Knob @ Flathead Lake BioStation,TMP03416,,4/30/2010,0,0,Deposition-Dry,1198,Legacy_Deposition,Total Phosphorus,TP,92.237,,92.237,,µg/l,Legacy_AutoAnalyzer -- Nutrients,,,,See Field Notes,,QC: 20100526P Spikes: 101.654; 105.246; 91.586 Reps: 6.758; 6.873; 7.526; 5.682; 13.132 Knowns: 102.920; 103.215; 91.900; 102.920,,
FMP,FMP06169,FMP06169,Yellow Bay Knob @ Flathead Lake BioStation,TMP03416,,5/7/2010,0,0,Deposition-Dry,941,Legacy_Deposition,Total Nitrogen,TPN,358.557,,358.557,,µg/l,Legacy_AutoAnalyzer -- Nutrients,,,,See Field Notes,"Bucket in on 30 IV 10 at 0900 hrs.; -Some showers over the weekend and through the week. Mostly dry and overcast, with lows near freezing at times. Sun breaks today and yesterday.; -POLLEN, wind blown organics, 10 Diptera adults in sample; Filtered through 500 micron mesh nitex",QC: 20100528N Spikes: 104.803 Reps: 81.348; 80.814 Knowns: 102.156; 99.806,Glutamic acid digestion check standard=99%,
FMP,FMP06169,FMP06169,Yellow Bay Knob @ Flathead Lake BioStation,TMP03416,,5/7/2010,0,0,Deposition-Dry,941,Legacy_Deposition,Total Phosphorus,TP,53.492,,53.492,,µg/l,Legacy_AutoAnalyzer -- Nutrients,,,,See Field Notes,"Bucket in on 30 IV 10 at 0900 hrs.; -Some showers over the weekend and through the week. Mostly dry and overcast, with lows near freezing at times. Sun breaks today and yesterday.; -POLLEN, wind blown organics, 10 Diptera adults in sample; Filtered through 500 micron mesh nitex",QC: 20100526P Spikes: 101.654; 105.246; 91.586 Reps: 6.758; 6.873; 7.526; 5.682; 13.132 Knowns: 102.920; 103.215; 91.900; 102.920,,
FMP,FMP06177,FMP06177,Yellow Bay Knob @ Flathead Lake BioStation,TMP03416,,5/12/2010,0,0,Deposition-Dry,1305.6,Legacy_Deposition,Total Nitrogen,TPN,129.419,,129.419,,µg/l,Legacy_AutoAnalyzer -- Nutrients,,,,See Field Notes,"Bucket in on 07 V 10 at 1000 hrs. ; -Starting to warm-up, occasional rain, POLLEN in the air; -~10 flies in the sample, filtered through 500 um mesh.",QC: 20100528N Spikes: 104.803 Reps: 81.348; 80.814 Knowns: 102.156; 99.806,Glutamic acid digestion check standard=99%,
FMP,FMP06177,FMP06177,Yellow Bay Knob @ Flathead Lake BioStation,TMP03416,,5/12/2010,0,0,Deposition-Dry,1305.6,Legacy_Deposition,Total Phosphorus,TP,20.621,,20.621,,µg/l,Legacy_AutoAnalyzer -- Nutrients,,,,See Field Notes,"Bucket in on 07 V 10 at 1000 hrs. ; -Starting to warm-up, occasional rain, POLLEN in the air; -~10 flies in the sample, filtered through 500 um mesh.",QC: 20100526P Spikes: 101.654; 105.246; 91.586 Reps: 6.758; 6.873; 7.526; 5.682; 13.132 Knowns: 102.920; 103.215; 91.900; 102.920,,
FMP,FMP06185,FMP06185,Yellow Bay Knob @ Flathead Lake BioStation,TMP03416,,5/19/2010,0,0,Deposition-Dry,940.9,Legacy_Deposition,Total Nitrogen,TPN,622.258,,622.258,,µg/l,Legacy_AutoAnalyzer -- Nutrients,,,,See Field Notes,"Bucket in on 12 V 10 at 0930 hrs.; Warm and dry over the weekend and on Monday, heavy rain showers late-afternoon on Tuesday; dry today; -Sample with 2 bees; 1 flying beetle, POLLEN, and some veg.; filtered through 500 micron mesh nitex",QC: 20100528N Spikes: 104.803 Reps: 81.348; 80.814 Knowns: 102.156; 99.806,Glutamic acid digestion check standard=99%,
FMP,FMP06185,FMP06185,Yellow Bay Knob @ Flathead Lake BioStation,TMP03416,,5/19/2010,0,0,Deposition-Dry,940.9,Legacy_Deposition,Total Phosphorus,TP,135.789,,135.789,,µg/l,Legacy_AutoAnalyzer -- Nutrients,,,,See Field Notes,"Bucket in on 12 V 10 at 0930 hrs.; Warm and dry over the weekend and on Monday, heavy rain showers late-afternoon on Tuesday; dry today; -Sample with 2 bees; 1 flying beetle, POLLEN, and some veg.; filtered through 500 micron mesh nitex",QC: 20100526P Spikes: 101.654; 105.246; 91.586 Reps: 6.758; 6.873; 7.526; 5.682; 13.132 Knowns: 102.920; 103.215; 91.900; 102.920,,
FMP,FMP06192,FMP06192,Yellow Bay Knob @ Flathead Lake BioStation,TMP03416,,5/26/2010,0,0,Deposition-Dry,654.5,Legacy_Deposition,Total Nitrogen,TPN,398.194,,398.194,,µg/l,Legacy_AutoAnalyzer -- Nutrients,,,,See Field Notes,Bucket in on 19 V 10 @ 1600 hrs.; -Lite debris and POLLEN; filtered through 500 micron mesh nitex; -Some showers over the weekend abd throughout the week; but mostly dry and warm,QC: 20100624N Spikes: 106.845 Knowns: 1.000,,
FMP,FMP06192,FMP06192,Yellow Bay Knob @ Flathead Lake BioStation,TMP03416,,5/26/2010,0,0,Deposition-Dry,654.5,Legacy_Deposition,Total Phosphorus,TP,58.733,,58.733,,µg/l,Legacy_AutoAnalyzer -- Nutrients,,,,See Field Notes,Bucket in on 19 V 10 @ 1600 hrs.; -Lite debris and POLLEN; filtered through 500 micron mesh nitex; -Some showers over the weekend abd throughout the week; but mostly dry and warm,QC: 20100624P Spikes: 104.589 Reps: 11.571; 12.034 Knowns: 105.715; 103.447,,
FMP,FMP06201,FMP06201,Yellow Bay Knob @ Flathead Lake BioStation,TMP03416,,6/2/2010,0,0,Deposition-Dry,1765.9,Legacy_Deposition,Total Nitrogen,TPN,163.004,Q,163.004,,µg/l,Legacy_AutoAnalyzer -- Nutrients,,,,See Field Notes,"Bucket in on 26 V 10 @ 1425 hrs.; -Lite debris, 1 beetle, 1 inchworm, and POLLEN in the sample; filtered through 500 micron mesh nitex; -Heavy rain over the weekend and showers this week; ~1 1/3"" from Friday through Monday.",QC: 20100624N Spikes: 106.845 Knowns: 1.000,,TN<NH4-N + NO2/3
FMP,FMP06201,FMP06201,Yellow Bay Knob @ Flathead Lake BioStation,TMP03416,,6/2/2010,0,0,Deposition-Dry,1765.9,Legacy_Deposition,Total Phosphorus,TP,2.38,Q,2.38,,µg/l,Legacy_AutoAnalyzer -- Nutrients,,,,See Field Notes,"Bucket in on 26 V 10 @ 1425 hrs.; -Lite debris, 1 beetle, 1 inchworm, and POLLEN in the sample; filtered through 500 micron mesh nitex; -Heavy rain over the weekend and showers this week; ~1 1/3"" from Friday through Monday.",QC: 20100624P Spikes: 104.589 Reps: 11.571; 12.034 Knowns: 105.715; 103.447,,TP<SRP
FMP,FMP06203,FMP06203,Yellow Bay Knob @ Flathead Lake BioStation,TMP03416,,6/7/2010,0,0,Deposition-Dry,1459.7,Legacy_Deposition,Total Nitrogen,TPN,133.975,,133.975,,µg/l,Legacy_AutoAnalyzer -- Nutrients,,,,See Field Notes,"Bucket in on 02 VI 10 @ 1430 hrs.; Lite debris; POLLEN; 1 beetle in the sample; filtered through 500 micron mesh nitex; -Heavy rain at times over the weekend and the later part of last week; ~1/2"" from Wednesday through today.",QC: 20100624N Spikes: 106.845 Knowns: 1.000,,
FMP,FMP06203,FMP06203,Yellow Bay Knob @ Flathead Lake BioStation,TMP03416,,6/7/2010,0,0,Deposition-Dry,1459.7,Legacy_Deposition,Total Phosphorus,TP,15.394,,15.394,,µg/l,Legacy_AutoAnalyzer -- Nutrients,,,,See Field Notes,"Bucket in on 02 VI 10 @ 1430 hrs.; Lite debris; POLLEN; 1 beetle in the sample; filtered through 500 micron mesh nitex; -Heavy rain at times over the weekend and the later part of last week; ~1/2"" from Wednesday through today.",QC: 20100624P Spikes: 104.589 Reps: 11.571; 12.034 Knowns: 105.715; 103.447,,
FMP,FMP06209,FMP06209,Yellow Bay Knob @ Flathead Lake BioStation,TMP03416,,6/18/2010,0,0,Deposition-Dry,531.9,Legacy_Deposition,Total Nitrogen,TPN,1553.1,,1553.1,,µg/l,Legacy_AutoAnalyzer -- Nutrients,,,,See Field Notes,"Some rain ~10 days ago, heavy rain the last 2 days; few flies and LOTS of POLLEN in the sample; filtered through 500 micron mesh nitex",QC: 20100624N Spikes: 106.845 Knowns: 1.000,,
FMP,FMP06209,FMP06209,Yellow Bay Knob @ Flathead Lake BioStation,TMP03416,,6/18/2010,0,0,Deposition-Dry,531.9,Legacy_Deposition,Total Phosphorus,TP,139.428,,139.428,,µg/l,Legacy_AutoAnalyzer -- Nutrients,,,,See Field Notes,"Some rain ~10 days ago, heavy rain the last 2 days; few flies and LOTS of POLLEN in the sample; filtered through 500 micron mesh nitex",QC: 20100624P Spikes: 104.589 Reps: 11.571; 12.034 Knowns: 105.715; 103.447,,
FMP,FMP06211,FMP06211,Yellow Bay Knob @ Flathead Lake BioStation,TMP03416,,6/22/2010,0,0,Deposition-Dry,1630.3,Legacy_Deposition,Total Nitrogen,TPN,124.496,,124.496,,µg/l,Legacy_AutoAnalyzer -- Nutrients,,,,See Field Notes,"Bucket in on 18 VI 10 at 0930 hrs; -Some midges in sample and organics (catkins, pine needles); filtered through 500 micron mesh nitex; POLLEN on filter; -Dry over the weekend; began raining Sunday night through Monday; dry Tuesday",QC: 20100624N Spikes: 106.845 Knowns: 1.000,,
FMP,FMP06211,FMP06211,Yellow Bay Knob @ Flathead Lake BioStation,TMP03416,,6/22/2010,0,0,Deposition-Dry,1630.3,Legacy_Deposition,Total Phosphorus,TP,13.849,,13.849,,µg/l,Legacy_AutoAnalyzer -- Nutrients,,,,See Field Notes,"Bucket in on 18 VI 10 at 0930 hrs; -Some midges in sample and organics (catkins, pine needles); filtered through 500 micron mesh nitex; POLLEN on filter; -Dry over the weekend; began raining Sunday night through Monday; dry Tuesday",QC: 20100624P Spikes: 104.589 Reps: 11.571; 12.034 Knowns: 105.715; 103.447,,
FMP,FMP06219,FMP06219,Yellow Bay Knob @ Flathead Lake BioStation,TMP03416,,7/6/2010,0,0,Deposition-Dry,733.1,Legacy_Deposition,Total Nitrogen,TPN,531.866,,531.866,,µg/l,Legacy_AutoAnalyzer -- Nutrients,,,,See Field Notes,"Bucket in 22VI10 @ 1430 hours.  Bucket completely dry.  Addsd DI water, let it soak for 20min, swirreled for 2-5 min, then filtered through 500um mesh.  Two flies, light debris and pollen in sample.",QC: 20100812N Spikes: 109.598 Reps: 136.691; 125.980 Knowns: 100.623,,
FMP,FMP06219,FMP06219,Yellow Bay Knob @ Flathead Lake BioStation,TMP03416,,7/6/2010,0,0,Deposition-Dry,733.1,Legacy_Deposition,Total Phosphorus,TP,203.417,,203.417,,µg/l,Legacy_AutoAnalyzer -- Nutrients,,,,See Field Notes,"Bucket in 22VI10 @ 1430 hours.  Bucket completely dry.  Addsd DI water, let it soak for 20min, swirreled for 2-5 min, then filtered through 500um mesh.  Two flies, light debris and pollen in sample.",QC: 20100720P Reps: 5.424; 5.619 Knowns: 99.428,,
FMP,FMP06226,FMP06226,Yellow Bay Knob @ Flathead Lake BioStation,TMP03416,,7/13/2010,0,0,Deposition-Dry,414.6,Legacy_Deposition,Total Nitrogen,TPN,669.009,,669.009,,µg/l,Legacy_AutoAnalyzer -- Nutrients,,,,See Field Notes,"Bucket in 06 VII 10 at 1000 hrs. ; Warm and sunny all week, very high winds yesterday ; -Lots of fine debris and few flies in sample, filtered through 500 um mesh",QC: 20100812N Spikes: 109.598 Reps: 136.691; 125.980 Knowns: 100.623,,
FMP,FMP06226,FMP06226,Yellow Bay Knob @ Flathead Lake BioStation,TMP03416,,7/13/2010,0,0,Deposition-Dry,414.6,Legacy_Deposition,Total Phosphorus,TP,170.406,,170.406,,µg/l,Legacy_AutoAnalyzer -- Nutrients,,,,See Field Notes,"Bucket in 06 VII 10 at 1000 hrs. ; Warm and sunny all week, very high winds yesterday ; -Lots of fine debris and few flies in sample, filtered through 500 um mesh",QC: 20100720P Reps: 5.424; 5.619 Knowns: 99.428,,
FMP,FMP06234,FMP06234,Yellow Bay Knob @ Flathead Lake BioStation,TMP03416,,7/21/2010,0,0,Deposition-Dry,804.6,Legacy_Deposition,Total Nitrogen,TPN,231.962,,231.962,,µg/l,Legacy_AutoAnalyzer -- Nutrients,,,,See Field Notes,"Bucket in on 13VII10 @ 0830 hours.  Warm and sunny over the weekend.  Thunderstorms at times 2 days ago with showers, moderate to high winds at times.  Lots of fines and some pollen, flies and some larger organics filtered through 500um mesh.",QC: 20100812N Spikes: 109.598 Reps: 136.691; 125.980 Knowns: 100.623,,
FMP,FMP06234,FMP06234,Yellow Bay Knob @ Flathead Lake BioStation,TMP03416,,7/21/2010,0,0,Deposition-Dry,804.6,Legacy_Deposition,Total Phosphorus,TP,37.753,,37.753,,µg/l,Legacy_AutoAnalyzer -- Nutrients,,,,See Field Notes,"Bucket in on 13VII10 @ 0830 hours.  Warm and sunny over the weekend.  Thunderstorms at times 2 days ago with showers, moderate to high winds at times.  Lots of fines and some pollen, flies and some larger organics filtered through 500um mesh.",QC: 20100816P Spikes: 109.196 Reps: 12.662; 12.305 Knowns: 104.021,,
FMP,FMP06235,FMP06235,Yellow Bay Knob @ Flathead Lake BioStation,TMP03416,,7/28/2010,0,0,Deposition-Dry,692.4,Legacy_Deposition,Total Nitrogen,TPN,383.041,,383.041,,µg/l,Legacy_AutoAnalyzer -- Nutrients,,,,See Field Notes,"Bucket in on 21VII10 @ 1030 hours.  Mostly warm and sunny, some high winds, some light rain.  Sample with some dipterans in it and 2 coleoptera, lots of organics from wind, filtered through 500 um mesh.",QC: 20100812N Spikes: 109.598 Reps: 136.691; 125.980 Knowns: 100.623,,
FMP,FMP06235,FMP06235,Yellow Bay Knob @ Flathead Lake BioStation,TMP03416,,7/28/2010,0,0,Deposition-Dry,692.4,Legacy_Deposition,Total Phosphorus,TP,89.169,,89.169,,µg/l,Legacy_AutoAnalyzer -- Nutrients,,,,See Field Notes,"Bucket in on 21VII10 @ 1030 hours.  Mostly warm and sunny, some high winds, some light rain.  Sample with some dipterans in it and 2 coleoptera, lots of organics from wind, filtered through 500 um mesh.",QC: 20100816P Spikes: 109.196 Reps: 12.662; 12.305 Knowns: 104.021,,
FMP,FMP06237,FMP06237,Yellow Bay Knob @ Flathead Lake BioStation,TMP03416,,8/2/2010,0,0,Deposition-Dry,1067.5,Legacy_Deposition,Total Nitrogen,TPN,203.211,,203.211,,µg/l,Legacy_AutoAnalyzer -- Nutrients,,,,See Field Notes,,QC: 20100812N Spikes: 109.598 Reps: 136.691; 125.980 Knowns: 100.623,,
FMP,FMP06237,FMP06237,Yellow Bay Knob @ Flathead Lake BioStation,TMP03416,,8/2/2010,0,0,Deposition-Dry,1067.5,Legacy_Deposition,Total Phosphorus,TP,12.662,,12.662,,µg/l,Legacy_AutoAnalyzer -- Nutrients,,,,See Field Notes,,QC: 20100816P Spikes: 109.196 Reps: 12.662; 12.305 Knowns: 104.021,,
FMP,FMP06253,FMP06253,Yellow Bay Knob @ Flathead Lake BioStation,TMP03416,,8/12/2010,0,0,Deposition-Dry,790.7,Legacy_Deposition,Total Nitrogen,TPN,910.366,Q,910.366,,µg/l,Legacy_AutoAnalyzer -- Nutrients,,,,See Field Notes,,QC: 20100928N Spikes: 103.116 Reps: 207.334; 212.500; 69.563; 75.878 Knowns: 93.934; 101.167,,
FMP,FMP06253,FMP06253,Yellow Bay Knob @ Flathead Lake BioStation,TMP03416,,8/12/2010,0,0,Deposition-Dry,790.7,Legacy_Deposition,Total Phosphorus,TP,101.84,Q,101.84,,µg/l,Legacy_AutoAnalyzer -- Nutrients,,,,See Field Notes,,QC: 20101021P Spikes: 91.898; 91.312 Reps: 3.491; 3.712; 4.264; 3.270 Knowns: 97.050; 90.732; 98.461,,
FMP,FMP06254,FMP06254,Yellow Bay Knob @ Flathead Lake BioStation,TMP03416,,8/16/2010,0,0,Deposition-Dry,1272.9,Legacy_Deposition,Total Nitrogen,TPN,51.194,,51.194,,µg/l,Legacy_AutoAnalyzer -- Nutrients,,,,See Field Notes,"Bucket in 12VIII10 @ 0830 hours.  Warm with scattered thunderstorms, BC smoke gone from valley.  Very little debris, few gnats, filtered throgh 500um mesh.",QC: 20100928N Spikes: 103.116 Reps: 207.334; 212.500; 69.563; 75.878 Knowns: 93.934; 101.167,,
FMP,FMP06254,FMP06254,Yellow Bay Knob @ Flathead Lake BioStation,TMP03416,,8/16/2010,0,0,Deposition-Dry,1272.9,Legacy_Deposition,Total Phosphorus,TP,7.359,,7.359,,µg/l,Legacy_AutoAnalyzer -- Nutrients,,,,See Field Notes,"Bucket in 12VIII10 @ 0830 hours.  Warm with scattered thunderstorms, BC smoke gone from valley.  Very little debris, few gnats, filtered throgh 500um mesh.",QC: 20100921P Spikes: 92.728 Reps: 11.215; 11.294; 6.179; 6.769 Knowns: 104.250; 99.422; 100.479,,
FMP,FMP06263,FMP06263,Yellow Bay Knob @ Flathead Lake BioStation,TMP03416,,8/25/2010,0,0,Deposition-Dry,933.1,Legacy_Deposition,Total Nitrogen,TPN,549.464,,549.464,,µg/l,Legacy_AutoAnalyzer -- Nutrients,,,,See Field Notes,,QC: 20100928N Spikes: 103.116 Reps: 207.334; 212.500; 69.563; 75.878 Knowns: 93.934; 101.167,,
FMP,FMP06263,FMP06263,Yellow Bay Knob @ Flathead Lake BioStation,TMP03416,,8/25/2010,0,0,Deposition-Dry,933.1,Legacy_Deposition,Total Phosphorus,TP,131.936,,131.936,,µg/l,Legacy_AutoAnalyzer -- Nutrients,,,,See Field Notes,,QC: 20100921P Spikes: 92.728 Reps: 11.215; 11.294; 6.179; 6.769 Knowns: 104.250; 99.422; 100.479,,
FMP,FMP06264,FMP06264,Yellow Bay Knob @ Flathead Lake BioStation,TMP03416,,8/30/2010,0,0,Deposition-Dry,1257.3,Legacy_Deposition,Total Nitrogen,TPN,130.986,,130.986,,µg/l,Legacy_AutoAnalyzer -- Nutrients,,,,See Field Notes,"Bucket in 25VIII10 @ 0930 hours.  About 2 days of mild smoke in vallet from fires in Idaho.  Very light debris, no bugs in sample, filtered through 500um mesh.",QC: 20100928N Spikes: 103.116 Reps: 207.334; 212.500; 69.563; 75.878 Knowns: 93.934; 101.167,,
FMP,FMP06264,FMP06264,Yellow Bay Knob @ Flathead Lake BioStation,TMP03416,,8/30/2010,0,0,Deposition-Dry,1257.3,Legacy_Deposition,Total Phosphorus,TP,21.09,,21.09,,µg/l,Legacy_AutoAnalyzer -- Nutrients,,,,See Field Notes,"Bucket in 25VIII10 @ 0930 hours.  About 2 days of mild smoke in vallet from fires in Idaho.  Very light debris, no bugs in sample, filtered through 500um mesh.",QC: 20100921P Spikes: 92.728 Reps: 11.215; 11.294; 6.179; 6.769 Knowns: 104.250; 99.422; 100.479,,
FMP,FMP06267,FMP06267,Yellow Bay Knob @ Flathead Lake BioStation,TMP03416,,9/7/2010,0,0,Deposition-Dry,814.9,Legacy_Deposition,Total Nitrogen,TPN,236.036,,236.036,,µg/l,Legacy_AutoAnalyzer -- Nutrients,,,,See Field Notes,"Bucket in 30VIII10 @ 0930 hours.  Mix of clouds, wind and rain last week (trace precip since 021X10).  2 pine needles, 1 gnat and a few fine organics in sample, filtered through 500um mesh.",QC: 20100928N Spikes: 103.116 Reps: 207.334; 212.500; 69.563; 75.878 Knowns: 93.934; 101.167,,
FMP,FMP06267,FMP06267,Yellow Bay Knob @ Flathead Lake BioStation,TMP03416,,9/7/2010,0,0,Deposition-Dry,814.9,Legacy_Deposition,Total Phosphorus,TP,17.235,,17.235,,µg/l,Legacy_AutoAnalyzer -- Nutrients,,,,See Field Notes,"Bucket in 30VIII10 @ 0930 hours.  Mix of clouds, wind and rain last week (trace precip since 021X10).  2 pine needles, 1 gnat and a few fine organics in sample, filtered through 500um mesh.",QC: 20100921P Spikes: 92.728 Reps: 11.215; 11.294; 6.179; 6.769 Knowns: 104.250; 99.422; 100.479,,
FMP,FMP06268,FMP06268,Yellow Bay Knob @ Flathead Lake BioStation,TMP03416,,9/14/2010,0,0,Deposition-Dry,1530.5,Legacy_Deposition,Total Nitrogen,TPN,130.986,,130.986,,µg/l,Legacy_AutoAnalyzer -- Nutrients,,,,See Field Notes,"Bucket in 07IX10 @ 1000 hours.  Cool, mostly cloudy and rainy for last week.  1 bee and a few organics in sample, filtered through 500um mesh.",QC: 20100928N Spikes: 103.116 Reps: 207.334; 212.500; 69.563; 75.878 Knowns: 93.934; 101.167,,
FMP,FMP06268,FMP06268,Yellow Bay Knob @ Flathead Lake BioStation,TMP03416,,9/14/2010,0,0,Deposition-Dry,1530.5,Legacy_Deposition,Total Phosphorus,TP,12.041,,12.041,,µg/l,Legacy_AutoAnalyzer -- Nutrients,,,,See Field Notes,"Bucket in 07IX10 @ 1000 hours.  Cool, mostly cloudy and rainy for last week.  1 bee and a few organics in sample, filtered through 500um mesh.",QC: 20100921P Spikes: 92.728 Reps: 11.215; 11.294; 6.179; 6.769 Knowns: 104.250; 99.422; 100.479,,
FMP,FMP06277,FMP06277,Yellow Bay Knob @ Flathead Lake BioStation,TMP03416,,9/22/2010,0,0,Deposition-Dry,1787.2,Legacy_Deposition,Total Nitrogen,TPN,136.152,,136.152,,µg/l,Legacy_AutoAnalyzer -- Nutrients,,,,See Field Notes,"Bucket in 14IX10 @ 0900 hours.  Cloudy, cool and rainy all last week.  2 flies and light organics in sample, filtered through 500um mesh.",QC: 20100928N Spikes: 103.116 Reps: 207.334; 212.500; 69.563; 75.878 Knowns: 93.934; 101.167,,
FMP,FMP06277,FMP06277,Yellow Bay Knob @ Flathead Lake BioStation,TMP03416,,9/22/2010,0,0,Deposition-Dry,1787.2,Legacy_Deposition,Total Phosphorus,TP,7.98,,7.98,,µg/l,Legacy_AutoAnalyzer -- Nutrients,,,,See Field Notes,"Bucket in 14IX10 @ 0900 hours.  Cloudy, cool and rainy all last week.  2 flies and light organics in sample, filtered through 500um mesh.",QC: 20101021P Spikes: 91.898; 91.312 Reps: 3.491; 3.712; 4.264; 3.270 Knowns: 97.050; 90.732; 98.461,,
FMP,FMP06284,FMP06284,Yellow Bay Knob @ Flathead Lake BioStation,TMP03416,,9/29/2010,0,0,Deposition-Dry,916.9,Legacy_Deposition,Total Nitrogen,TPN,652.815,,652.815,,µg/l,Legacy_AutoAnalyzer -- Nutrients,,,,See Field Notes,"Bucket in 22IX10 @ 1030 hours.  Warm, partly cloudy t sunny for last week.  1 wasp and moderate organics in sample.  Filtered through 500um mesh.  Chem filtering very slow, fines clogging the filter.",QC: 20101110N Spikes: 102.783; 108.316; 0.000 Reps: 104.660; 120.417; 453.054; 453.054; 812.281; 831.042 Knowns: 98.898; 99.715; 99.598,,
FMP,FMP06284,FMP06284,Yellow Bay Knob @ Flathead Lake BioStation,TMP03416,,9/29/2010,0,0,Deposition-Dry,916.9,Legacy_Deposition,Total Phosphorus,TP,87.383,,87.383,,µg/l,Legacy_AutoAnalyzer -- Nutrients,,,,See Field Notes,"Bucket in 22IX10 @ 1030 hours.  Warm, partly cloudy t sunny for last week.  1 wasp and moderate organics in sample.  Filtered through 500um mesh.  Chem filtering very slow, fines clogging the filter.",QC: 20101021P Spikes: 91.898; 91.312 Reps: 3.491; 3.712; 4.264; 3.270 Knowns: 97.050; 90.732; 98.461,,
FMP,FMP06285,FMP06285,Yellow Bay Knob @ Flathead Lake BioStation,TMP03416,,10/5/2010,0,0,Deposition-Dry,1130,Legacy_Deposition,Total Nitrogen,TPN,295.489,,295.489,,µg/l,Legacy_AutoAnalyzer -- Nutrients,,,,See Field Notes,"Bucket in 29IX10 @ 1030 hours.  Warm, clear to partly cloudy until yesterdy then heavy showers. 2 hymenopterans and some fine organics in samle, filtered through 500um mesh.  October 1 was open burning FIRES AT FLBS.",QC: 20101110N Spikes: 102.783; 108.316; 0.000 Reps: 104.660; 120.417; 453.054; 453.054; 812.281; 831.042 Knowns: 98.898; 99.715; 99.598,,
FMP,FMP06285,FMP06285,Yellow Bay Knob @ Flathead Lake BioStation,TMP03416,,10/5/2010,0,0,Deposition-Dry,1130,Legacy_Deposition,Total Phosphorus,TP,74.24,,74.24,,µg/l,Legacy_AutoAnalyzer -- Nutrients,,,,See Field Notes,"Bucket in 29IX10 @ 1030 hours.  Warm, clear to partly cloudy until yesterdy then heavy showers. 2 hymenopterans and some fine organics in samle, filtered through 500um mesh.  October 1 was open burning FIRES AT FLBS.",QC: 20101021P Spikes: 91.898; 91.312 Reps: 3.491; 3.712; 4.264; 3.270 Knowns: 97.050; 90.732; 98.461,,
FMP,FMP06287,FMP06287,Yellow Bay Knob @ Flathead Lake BioStation,TMP03416,,10/12/2010,0,0,Deposition-Dry,983.8,Legacy_Deposition,Total Nitrogen,TPN,283.817,,283.817,,µg/l,Legacy_AutoAnalyzer -- Nutrients,,,,See Field Notes,"Bucket in 05X10 @ 1300 hours.  Large moth, yellow jacket and P.pine needles in sample.  Filtered through 500um mesh.",QC: 20101110N Spikes: 102.783; 108.316; 0.000 Reps: 104.660; 120.417; 453.054; 453.054; 812.281; 831.042 Knowns: 98.898; 99.715; 99.598,,
FMP,FMP06287,FMP06287,Yellow Bay Knob @ Flathead Lake BioStation,TMP03416,,10/12/2010,0,0,Deposition-Dry,983.8,Legacy_Deposition,Total Phosphorus,TP,45.993,,45.993,,µg/l,Legacy_AutoAnalyzer -- Nutrients,,,,See Field Notes,"Bucket in 05X10 @ 1300 hours.  Large moth, yellow jacket and P.pine needles in sample.  Filtered through 500um mesh.",QC: 20101021P Spikes: 91.898; 91.312 Reps: 3.491; 3.712; 4.264; 3.270 Knowns: 97.050; 90.732; 98.461,,
FMP,FMP06301,FMP06301,Yellow Bay Knob @ Flathead Lake BioStation,TMP03416,,10/20/2010,0,0,Deposition-Dry,1368.2,Legacy_Deposition,Total Nitrogen,TPN,59.725,Q,59.725,,µg/l,Legacy_AutoAnalyzer -- Nutrients,,,,See Field Notes,"Bucket in 12X10 @ 1000 hours.  Cool, mostly sunny all week.  Few midges in sample, filtered through 500 um mesh.",QC: 20101110N Spikes: 102.783; 108.316; 0.000 Reps: 104.660; 120.417; 453.054; 453.054; 812.281; 831.042 Knowns: 98.898; 99.715; 99.598,,TN<NH4-N + NO2/3
FMP,FMP06301,FMP06301,Yellow Bay Knob @ Flathead Lake BioStation,TMP03416,,10/20/2010,0,0,Deposition-Dry,1368.2,Legacy_Deposition,Total Phosphorus,TP,3.797,,3.797,,µg/l,Legacy_AutoAnalyzer -- Nutrients,,,,See Field Notes,"Bucket in 12X10 @ 1000 hours.  Cool, mostly sunny all week.  Few midges in sample, filtered through 500 um mesh.",QC: 20101118P Spikes: 107.945 Reps: 4.040; 3.797; 10.856; 10.085 Knowns: 99.647; 99.335,,
FMP,FMP06302,FMP06302,Yellow Bay Knob @ Flathead Lake BioStation,TMP03416,,10/28/2010,0,0,Deposition-Dry,1799.5,Legacy_Deposition,Total Nitrogen,TPN,97.074,Q,97.074,,µg/l,Legacy_AutoAnalyzer -- Nutrients,,,,See Field Notes,"Bucket in 20X10 @ 0930 hous.  Cool, rainy and windy last 3 days.  Few organics in sample (no bugs), filtered through 500um mesh.  **Plugged in warmer.",QC: 20101110N Spikes: 102.783; 108.316; 0.000 Reps: 104.660; 120.417; 453.054; 453.054; 812.281; 831.042 Knowns: 98.898; 99.715; 99.598,,TN<NH4-N + NO2/3
FMP,FMP06302,FMP06302,Yellow Bay Knob @ Flathead Lake BioStation,TMP03416,,10/28/2010,0,0,Deposition-Dry,1799.5,Legacy_Deposition,Total Phosphorus,TP,2.823,,2.823,,µg/l,Legacy_AutoAnalyzer -- Nutrients,,,,See Field Notes,"Bucket in 20X10 @ 0930 hous.  Cool, rainy and windy last 3 days.  Few organics in sample (no bugs), filtered through 500um mesh.  **Plugged in warmer.",QC: 20101118P Spikes: 107.945 Reps: 4.040; 3.797; 10.856; 10.085 Knowns: 99.647; 99.335,,
FMP,FMP06304,FMP06304,Yellow Bay Knob @ Flathead Lake BioStation,TMP03416,,11/3/2010,0,0,Deposition-Dry,1715.4,Legacy_Deposition,Total Nitrogen,TPN,86.569,Q,86.569,,µg/l,Legacy_AutoAnalyzer -- Nutrients,,,,See Field Notes,"Bucket in 28X10 @ 0915 hours.  Cool and cloudy all week.  1 fly in sample, filtered through 500um mesh.",QC: 20101110N Spikes: 102.783; 108.316; 0.000 Reps: 104.660; 120.417; 453.054; 453.054; 812.281; 831.042 Knowns: 98.898; 99.715; 99.598,,TN<NH4-N + NO2/3
FMP,FMP06304,FMP06304,Yellow Bay Knob @ Flathead Lake BioStation,TMP03416,,11/3/2010,0,0,Deposition-Dry,1715.4,Legacy_Deposition,Total Phosphorus,TP,0.4,"Q, <",0.4,,µg/l,Legacy_AutoAnalyzer -- Nutrients,,,,See Field Notes,"Bucket in 28X10 @ 0915 hours.  Cool and cloudy all week.  1 fly in sample, filtered through 500um mesh.",QC: 20101118P Spikes: 107.945 Reps: 4.040; 3.797; 10.856; 10.085 Knowns: 99.647; 99.335,,TP<SRP
FMP,FMP06306,FMP06306,Yellow Bay Knob @ Flathead Lake BioStation,TMP03416,,11/9/2010,0,0,Deposition-Dry,1292,Legacy_Deposition,Total Nitrogen,TPN,93.439,Q,93.439,,µg/l,Legacy_AutoAnalyzer -- Nutrients,,,,See Field Notes,"Bucket in 03XI10 @ 0915 hours.  Cold cloudy and rainy most of the week.  Sample very clean, still filtered through 500um mesh.  Heater plugged in to keep water thawed.",QC: 20110104N Spikes: 107.128; 109.883 Reps: 99.770; 99.195; 174.026; 180.933; 300.087; 300.087 Knowns: 105.261; 108.254; 109.060,,TN<NH4-N + NO2/3
FMP,FMP06306,FMP06306,Yellow Bay Knob @ Flathead Lake BioStation,TMP03416,,11/9/2010,0,0,Deposition-Dry,1292,Legacy_Deposition,Total Phosphorus,TP,3.949,,3.949,,µg/l,Legacy_AutoAnalyzer -- Nutrients,,,,See Field Notes,"Bucket in 03XI10 @ 0915 hours.  Cold cloudy and rainy most of the week.  Sample very clean, still filtered through 500um mesh.  Heater plugged in to keep water thawed.",QC: 20101221P Spikes: 95.431; 97.570 Reps: 4.460; 4.853; 3.477; 3.477; 4.499; 4.342 Knowns: 97.856; 98.157; 99.935; 99.815,,
FMP,FMP06320,FMP06320,Yellow Bay Knob @ Flathead Lake BioStation,TMP03416,,11/18/2010,0,0,Deposition-Dry,1696.8,Legacy_Deposition,Total Nitrogen,TPN,155.03,,155.03,,µg/l,Legacy_AutoAnalyzer -- Nutrients,,,,See Field Notes,,QC: 20110104N Spikes: 107.128; 109.883 Reps: 99.770; 99.195; 174.026; 180.933; 300.087; 300.087 Knowns: 105.261; 108.254; 109.060,,
FMP,FMP06320,FMP06320,Yellow Bay Knob @ Flathead Lake BioStation,TMP03416,,11/18/2010,0,0,Deposition-Dry,1696.8,Legacy_Deposition,Total Phosphorus,TP,4.774,,4.774,,µg/l,Legacy_AutoAnalyzer -- Nutrients,,,,See Field Notes,,QC: 20101221P Spikes: 95.431; 97.570 Reps: 4.460; 4.853; 3.477; 3.477; 4.499; 4.342 Knowns: 97.856; 98.157; 99.935; 99.815,,
FMP,FMP06322,FMP06322,Yellow Bay Knob @ Flathead Lake BioStation,TMP03416,,11/22/2010,0,0,Deposition-Dry,1579.5,Legacy_Deposition,Total Nitrogen,TPN,64.082,,64.082,,µg/l,Legacy_AutoAnalyzer -- Nutrients,,,,See Field Notes,"Bucket in 18XI10 @ 1530 hours. Moderate organics and 3 pine needles in sample, filtered through 500um mesh.  Very cold and windy, first Canadian front of the winter.  Only light snow so far, did not collect WET precip.  Sample partially frozen, thawed in",QC: 20110104N Spikes: 107.128; 109.883 Reps: 99.770; 99.195; 174.026; 180.933; 300.087; 300.087 Knowns: 105.261; 108.254; 109.060,,
FMP,FMP06322,FMP06322,Yellow Bay Knob @ Flathead Lake BioStation,TMP03416,,11/22/2010,0,0,Deposition-Dry,1579.5,Legacy_Deposition,Total Phosphorus,TP,3.87,,3.87,,µg/l,Legacy_AutoAnalyzer -- Nutrients,,,,See Field Notes,"Bucket in 18XI10 @ 1530 hours. Moderate organics and 3 pine needles in sample, filtered through 500um mesh.  Very cold and windy, first Canadian front of the winter.  Only light snow so far, did not collect WET precip.  Sample partially frozen, thawed in",QC: 20101221P Spikes: 95.431; 97.570 Reps: 4.460; 4.853; 3.477; 3.477; 4.499; 4.342 Knowns: 97.856; 98.157; 99.935; 99.815,,
FMP,FMP06323,FMP06323,Yellow Bay Knob @ Flathead Lake BioStation,TMP03416,,12/2/2010,0,0,Deposition-Dry,1866.9,Legacy_Deposition,Total Nitrogen,TPN,100.922,,100.922,,µg/l,Legacy_AutoAnalyzer -- Nutrients,,,,See Field Notes,"Bucket in 22XI10 @ 0900 hours.  Very light organics, filtered through 500um mesh.  Snow last week, rainy today, left in cooler over night to filter with the thawing WET precip sample.",QC: 20110104N Spikes: 107.128; 109.883 Reps: 99.770; 99.195; 174.026; 180.933; 300.087; 300.087 Knowns: 105.261; 108.254; 109.060,,
FMP,FMP06323,FMP06323,Yellow Bay Knob @ Flathead Lake BioStation,TMP03416,,12/2/2010,0,0,Deposition-Dry,1866.9,Legacy_Deposition,Total Phosphorus,TP,2.416,,2.416,,µg/l,Legacy_AutoAnalyzer -- Nutrients,,,,See Field Notes,"Bucket in 22XI10 @ 0900 hours.  Very light organics, filtered through 500um mesh.  Snow last week, rainy today, left in cooler over night to filter with the thawing WET precip sample.",QC: 20101221P Spikes: 95.431; 97.570 Reps: 4.460; 4.853; 3.477; 3.477; 4.499; 4.342 Knowns: 97.856; 98.157; 99.935; 99.815,,
FMP,FMP06325,FMP06325,Yellow Bay Knob @ Flathead Lake BioStation,TMP03416,,12/8/2010,0,0,Deposition-Dry,1253.1,Legacy_Deposition,Total Nitrogen,TPN,87.107,,87.107,,µg/l,Legacy_AutoAnalyzer -- Nutrients,,,,See Field Notes,"Bucket in 02XII10 @ 1230 hours.  Sample pretty clean, filtered through 500um mesh.  Cold and cloudy all week.",QC: 20110104N Spikes: 107.128; 109.883 Reps: 99.770; 99.195; 174.026; 180.933; 300.087; 300.087 Knowns: 105.261; 108.254; 109.060,,
FMP,FMP06325,FMP06325,Yellow Bay Knob @ Flathead Lake BioStation,TMP03416,,12/8/2010,0,0,Deposition-Dry,1253.1,Legacy_Deposition,Total Phosphorus,TP,1.748,,1.748,,µg/l,Legacy_AutoAnalyzer -- Nutrients,,,,See Field Notes,"Bucket in 02XII10 @ 1230 hours.  Sample pretty clean, filtered through 500um mesh.  Cold and cloudy all week.",QC: 20101221P Spikes: 95.431; 97.570 Reps: 4.460; 4.853; 3.477; 3.477; 4.499; 4.342 Knowns: 97.856; 98.157; 99.935; 99.815,,
FMP,FMP06331,FMP06331,Yellow Bay Knob @ Flathead Lake BioStation,TMP03416,,12/15/2010,0,0,Deposition-Dry,1252.5,Legacy_Deposition,Total Nitrogen,TPN,57.75,,57.75,,µg/l,Legacy_AutoAnalyzer -- Nutrients,,,,See Field Notes,"Bucket in 08XII10 @ 0930 hours.  Moderate organic debris and 1 bug in sample, filtered through 50oum mesh.  Warm rainy and windy for last week.  Mostly cloudy and windy today.",QC: 20110104N Spikes: 107.128; 109.883 Reps: 99.770; 99.195; 174.026; 180.933; 300.087; 300.087 Knowns: 105.261; 108.254; 109.060,,
FMP,FMP06331,FMP06331,Yellow Bay Knob @ Flathead Lake BioStation,TMP03416,,12/15/2010,0,0,Deposition-Dry,1252.5,Legacy_Deposition,Total Phosphorus,TP,3.517,,3.517,,µg/l,Legacy_AutoAnalyzer -- Nutrients,,,,See Field Notes,"Bucket in 08XII10 @ 0930 hours.  Moderate organic debris and 1 bug in sample, filtered through 50oum mesh.  Warm rainy and windy for last week.  Mostly cloudy and windy today.",QC: 20101221P Spikes: 95.431; 97.570 Reps: 4.460; 4.853; 3.477; 3.477; 4.499; 4.342 Knowns: 97.856; 98.157; 99.935; 99.815,,
FMP,FMP06340,FMP06340,Yellow Bay Knob @ Flathead Lake BioStation,TMP03416,,12/22/2010,0,0,Deposition-Dry,1248.3,Legacy_Deposition,Total Nitrogen,TPN,56.723,,56.723,,µg/l,Legacy_AutoAnalyzer -- Nutrients,,,,See Field Notes,"Bucket in on 15XII10 @ 0910 hours.  Sample clean with only a few organics, filtered through 500 um mesh.  Mostly dry and cold, occassional light snow a few dats ago.  *****COLLECTED WET PRECIP SAMPLE, NOT ENOUGH TO SAMPLE----DISCARDED************",QC: 20110217N Spikes: 103.048 Reps: 116.396; 115.226 Knowns: 99.216; 97.110,Glutamic acid digestion check standard=102%,
FMP,FMP06340,FMP06340,Yellow Bay Knob @ Flathead Lake BioStation,TMP03416,,12/22/2010,0,0,Deposition-Dry,1248.3,Legacy_Deposition,Total Phosphorus,TP,4.254,,4.254,,µg/l,Legacy_AutoAnalyzer -- Nutrients,,,,See Field Notes,"Bucket in on 15XII10 @ 0910 hours.  Sample clean with only a few organics, filtered through 500 um mesh.  Mostly dry and cold, occassional light snow a few dats ago.  *****COLLECTED WET PRECIP SAMPLE, NOT ENOUGH TO SAMPLE----DISCARDED************",QC: 20110125P Spikes: 102.849 Reps: 8.287; 8.933 Knowns: 103.717; 97.037,,
FMP,FMP06341,FMP06341,Yellow Bay Knob @ Flathead Lake BioStation,TMP03416,,12/30/2010,0,0,Deposition-Dry,1455.4,Legacy_Deposition,Total Nitrogen,TPN,68.424,,68.424,,µg/l,Legacy_AutoAnalyzer -- Nutrients,,,,See Field Notes,,QC: 20110217N Spikes: 103.048 Reps: 116.396; 115.226 Knowns: 99.216; 97.110,Glutamic acid digestion check standard=102%,
FMP,FMP06341,FMP06341,Yellow Bay Knob @ Flathead Lake BioStation,TMP03416,,12/30/2010,0,0,Deposition-Dry,1455.4,Legacy_Deposition,Total Phosphorus,TP,4.496,,4.496,,µg/l,Legacy_AutoAnalyzer -- Nutrients,,,,See Field Notes,,QC: 20110125P Spikes: 102.849 Reps: 8.287; 8.933 Knowns: 103.717; 97.037,,
FMP,FMP06342,FMP06342,Yellow Bay Knob @ Flathead Lake BioStation,TMP03416,,1/6/2011,0,0,Deposition-Dry,1402,Legacy_Deposition,Total Nitrogen,TPN,132.777,,132.777,,µg/l,Legacy_AutoAnalyzer -- Nutrients,,,,See Field Notes,"Bucket in 30XII10 @ 1400 hours. Samplevery clean, filtered through 500um mesh.  Light snow last week.  Not enough WET precip for sample, did not collect.",QC: 20110217N Spikes: 103.048 Reps: 116.396; 115.226 Knowns: 99.216; 97.110,Glutamic acid digestion check standard=102%,
FMP,FMP06342,FMP06342,Yellow Bay Knob @ Flathead Lake BioStation,TMP03416,,1/6/2011,0,0,Deposition-Dry,1402,Legacy_Deposition,Total Phosphorus,TP,1.431,,1.431,,µg/l,Legacy_AutoAnalyzer -- Nutrients,,,,See Field Notes,"Bucket in 30XII10 @ 1400 hours. Samplevery clean, filtered through 500um mesh.  Light snow last week.  Not enough WET precip for sample, did not collect.",QC: 20110125P Spikes: 102.849 Reps: 8.287; 8.933 Knowns: 103.717; 97.037,,
FMP,FMP06343,FMP06343,Yellow Bay Knob @ Flathead Lake BioStation,TMP03416,,1/13/2011,0,0,Deposition-Dry,1820.2,Legacy_Deposition,Total Nitrogen,TPN,76.029,,76.029,,µg/l,Legacy_AutoAnalyzer -- Nutrients,,,,See Field Notes,"Bucket in 06I11 @ 1000 hours.  Cold most of the week, warming last 2 days.  Few organics in sample, filtered through 500um mesh.",QC: 20110217N Spikes: 103.048 Reps: 116.396; 115.226 Knowns: 99.216; 97.110,Glutamic acid digestion check standard=102%,
FMP,FMP06343,FMP06343,Yellow Bay Knob @ Flathead Lake BioStation,TMP03416,,1/13/2011,0,0,Deposition-Dry,1820.2,Legacy_Deposition,Total Phosphorus,TP,1.431,,1.431,,µg/l,Legacy_AutoAnalyzer -- Nutrients,,,,See Field Notes,"Bucket in 06I11 @ 1000 hours.  Cold most of the week, warming last 2 days.  Few organics in sample, filtered through 500um mesh.",QC: 20110125P Spikes: 102.849 Reps: 8.287; 8.933 Knowns: 103.717; 97.037,,
FMP,FMP06350,FMP06350,Yellow Bay Knob @ Flathead Lake BioStation,TMP03416,,1/19/2011,0,0,Deposition-Dry,1065.9,Legacy_Deposition,Total Nitrogen,TPN,39.757,Q,39.757,,µg/l,Legacy_AutoAnalyzer -- Nutrients,,,,See Field Notes,"Bucket in 13I11 @ 1410 hours.  Warm (40degF) cloudy and light rain last week, clear and cold (20degF) today.  Light skim of ice on sample surface, thawed in cooler for 2 hours.  Light organics in sample, filtered thrugh 500um mesh.",QC: 20110217N Spikes: 103.048 Reps: 116.396; 115.226 Knowns: 99.216; 97.110,Glutamic acid digestion check standard=102%,TN<NH4-N + NO2/3
FMP,FMP06350,FMP06350,Yellow Bay Knob @ Flathead Lake BioStation,TMP03416,,1/19/2011,0,0,Deposition-Dry,1065.9,Legacy_Deposition,Total Phosphorus,TP,5.412,,5.412,,µg/l,Legacy_AutoAnalyzer -- Nutrients,,,,See Field Notes,"Bucket in 13I11 @ 1410 hours.  Warm (40degF) cloudy and light rain last week, clear and cold (20degF) today.  Light skim of ice on sample surface, thawed in cooler for 2 hours.  Light organics in sample, filtered thrugh 500um mesh.",QC: 20110223P Spikes: 107.615 Reps: 17.767; 15.946 Knowns: 103.048,,
FMP,FMP06359,FMP06359,Yellow Bay Knob @ Flathead Lake BioStation,TMP03416,,1/26/2011,0,0,Deposition-Dry,951.9,Legacy_Deposition,Total Nitrogen,TPN,63.159,Q,63.159,,µg/l,Legacy_AutoAnalyzer -- Nutrients,,,,See Field Notes,"Bucket in 19I11 @ 1110 hours.  Wet snow fall on 24-25I11, otherwise mild and cloudy.  Very light organics in sample, filtered through 500um mesh.",QC: 20110217N Spikes: 103.048 Reps: 116.396; 115.226 Knowns: 99.216; 97.110,Glutamic acid digestion check standard=102%,TN<NH4-N + NO2/3
FMP,FMP06359,FMP06359,Yellow Bay Knob @ Flathead Lake BioStation,TMP03416,,1/26/2011,0,0,Deposition-Dry,951.9,Legacy_Deposition,Total Phosphorus,TP,16.579,,16.579,,µg/l,Legacy_AutoAnalyzer -- Nutrients,,,,See Field Notes,"Bucket in 19I11 @ 1110 hours.  Wet snow fall on 24-25I11, otherwise mild and cloudy.  Very light organics in sample, filtered through 500um mesh.",QC: 20110223P Spikes: 107.615 Reps: 17.767; 15.946 Knowns: 103.048,,
FMP,FMP06361,FMP06361,Yellow Bay Knob @ Flathead Lake BioStation,TMP03416,,2/3/2011,0,0,Deposition-Dry,1154.4,Legacy_Deposition,Total Nitrogen,TPN,85.39,,85.39,,µg/l,Legacy_AutoAnalyzer -- Nutrients,,,,See Field Notes,,QC: 20110217N Spikes: 103.048 Reps: 116.396; 115.226 Knowns: 99.216; 97.110,Glutamic acid digestion check standard=102%,
FMP,FMP06361,FMP06361,Yellow Bay Knob @ Flathead Lake BioStation,TMP03416,,2/3/2011,0,0,Deposition-Dry,1154.4,Legacy_Deposition,Total Phosphorus,TP,2.957,,2.957,,µg/l,Legacy_AutoAnalyzer -- Nutrients,,,,See Field Notes,,QC: 20110223P Spikes: 107.615 Reps: 17.767; 15.946 Knowns: 103.048,,
FMP,FMP06363,FMP06363,Yellow Bay Knob @ Flathead Lake BioStation,TMP03416,,2/11/2011,0,0,Deposition-Dry,829.4,Legacy_Deposition,Total Nitrogen,TPN,97.675,,97.675,,µg/l,Legacy_AutoAnalyzer -- Nutrients,,,,See Field Notes,,QC: 20110217N Spikes: 103.048 Reps: 116.396; 115.226 Knowns: 99.216; 97.110,Glutamic acid digestion check standard=102%,
FMP,FMP06363,FMP06363,Yellow Bay Knob @ Flathead Lake BioStation,TMP03416,,2/11/2011,0,0,Deposition-Dry,829.4,Legacy_Deposition,Total Phosphorus,TP,3.828,,3.828,,µg/l,Legacy_AutoAnalyzer -- Nutrients,,,,See Field Notes,,QC: 20110223P Spikes: 107.615 Reps: 17.767; 15.946 Knowns: 103.048,,
FMP,FMP06365,FMP06365,Yellow Bay Knob @ Flathead Lake BioStation,TMP03416,,2/18/2011,0,0,Deposition-Dry,970.7,Legacy_Deposition,Total Nitrogen,TPN,110.925,,110.925,,µg/l,Legacy_AutoAnalyzer -- Nutrients,,,,See Field Notes,,QC: 20110405N Spikes: 103.668 Reps: 119.917; 119.318 Knowns: 98.442,Glutamic acid digestion check standard=97%.,
FMP,FMP06365,FMP06365,Yellow Bay Knob @ Flathead Lake BioStation,TMP03416,,2/18/2011,0,0,Deposition-Dry,970.7,Legacy_Deposition,Total Phosphorus,TP,4.035,,4.035,,µg/l,Legacy_AutoAnalyzer -- Nutrients,,,,See Field Notes,,QC: 20110331P Spikes: 102.925 Reps: 4.813; 4.526 Knowns: 105.735; 99.880,,
FMP,FMP06367,FMP06367,Yellow Bay Knob @ Flathead Lake BioStation,TMP03416,,2/25/2011,0,0,Deposition-Dry,1031.8,Legacy_Deposition,Total Nitrogen,TPN,133.106,,133.106,,µg/l,Legacy_AutoAnalyzer -- Nutrients,,,,See Field Notes,"Canadian Front came in last 3 days, cold, windy, light snow last night (not enough for sample.)  Sample frozen, thawed in cooler over night.  Moderate organics and 1 pine needle in sample, filtered through 500um mesh.",QC: 20110405N Spikes: 103.668 Reps: 119.917; 119.318 Knowns: 98.442,Glutamic acid digestion check standard=97%.,
FMP,FMP06367,FMP06367,Yellow Bay Knob @ Flathead Lake BioStation,TMP03416,,2/25/2011,0,0,Deposition-Dry,1031.8,Legacy_Deposition,Total Phosphorus,TP,3.994,,3.994,,µg/l,Legacy_AutoAnalyzer -- Nutrients,,,,See Field Notes,"Canadian Front came in last 3 days, cold, windy, light snow last night (not enough for sample.)  Sample frozen, thawed in cooler over night.  Moderate organics and 1 pine needle in sample, filtered through 500um mesh.",QC: 20110331P Spikes: 102.925 Reps: 4.813; 4.526 Knowns: 105.735; 99.880,,
FMP,FMP06373,FMP06373,Yellow Bay Knob @ Flathead Lake BioStation,TMP03416,,3/4/2011,0,0,Deposition-Dry,1447.1,Legacy_Deposition,Total Nitrogen,TPN,60.566,,60.566,,µg/l,Legacy_AutoAnalyzer -- Nutrients,,,,See Field Notes,"Bucket in 25II11 @ 0930 hours.  Cold, warm, sunny, snowy, windy and calm last week.  Moderate amount of organics in sample, filtered through 500um mesh.",QC: 20110405N Spikes: 103.668 Reps: 119.917; 119.318 Knowns: 98.442,Glutamic acid digestion check standard=97%.,
FMP,FMP06373,FMP06373,Yellow Bay Knob @ Flathead Lake BioStation,TMP03416,,3/4/2011,0,0,Deposition-Dry,1447.1,Legacy_Deposition,Total Phosphorus,TP,0.4,<,0.4,,µg/l,Legacy_AutoAnalyzer -- Nutrients,,,,See Field Notes,"Bucket in 25II11 @ 0930 hours.  Cold, warm, sunny, snowy, windy and calm last week.  Moderate amount of organics in sample, filtered through 500um mesh.",QC: 20110331P Spikes: 102.925 Reps: 4.813; 4.526 Knowns: 105.735; 99.880,,
FMP,FMP06381,FMP06381,Yellow Bay Knob @ Flathead Lake BioStation,TMP03416,,3/9/2011,0,0,Deposition-Dry,1232.1,Legacy_Deposition,Total Nitrogen,TPN,83.947,,83.947,,µg/l,Legacy_AutoAnalyzer -- Nutrients,,,,See Field Notes,"Bucket in 04III11 @ 0915 hours.  Mild all week, trace snow last night.  Few organics in sample, filtered through 500um mesh.",QC: 20110405N Spikes: 103.668 Reps: 119.917; 119.318 Knowns: 98.442,Glutamic acid digestion check standard=97%.,
FMP,FMP06381,FMP06381,Yellow Bay Knob @ Flathead Lake BioStation,TMP03416,,3/9/2011,0,0,Deposition-Dry,1232.1,Legacy_Deposition,Total Phosphorus,TP,0.68,,0.68,,µg/l,Legacy_AutoAnalyzer -- Nutrients,,,,See Field Notes,"Bucket in 04III11 @ 0915 hours.  Mild all week, trace snow last night.  Few organics in sample, filtered through 500um mesh.",QC: 20110331P Spikes: 102.925 Reps: 4.813; 4.526 Knowns: 105.735; 99.880,,
FMP,FMP06382,FMP06382,Yellow Bay Knob @ Flathead Lake BioStation,TMP03416,,3/17/2011,0,0,Deposition-Dry,764.4,Legacy_Deposition,Total Nitrogen,TPN,170.875,,170.875,,µg/l,Legacy_AutoAnalyzer -- Nutrients,,,,See Field Notes,"Bucket in 19III11 @ 0945 hours.  Mild, some wind, trace precip for last week.  Moderate organics in sample, filtered through 500um mesh.",QC: 20110405N Spikes: 103.668 Reps: 119.917; 119.318 Knowns: 98.442,Glutamic acid digestion check standard=97%.,
FMP,FMP06382,FMP06382,Yellow Bay Knob @ Flathead Lake BioStation,TMP03416,,3/17/2011,0,0,Deposition-Dry,764.4,Legacy_Deposition,Total Phosphorus,TP,2.399,,2.399,,µg/l,Legacy_AutoAnalyzer -- Nutrients,,,,See Field Notes,"Bucket in 19III11 @ 0945 hours.  Mild, some wind, trace precip for last week.  Moderate organics in sample, filtered through 500um mesh.",QC: 20110331P Spikes: 102.925 Reps: 4.813; 4.526 Knowns: 105.735; 99.880,,
FMP,FMP06383,FMP06383,Yellow Bay Knob @ Flathead Lake BioStation,TMP03416,,3/23/2011,0,0,Deposition-Dry,1210.6,Legacy_Deposition,Total Nitrogen,TPN,126.512,,126.512,,µg/l,Legacy_AutoAnalyzer -- Nutrients,,,,See Field Notes,"Bucket in 17III11 @ 0820 hours.  Cool and cloudy, some wind, trace precip for last week.  Light organics in sample, filtered through 500um mesh.",QC: 20110405N Spikes: 103.668 Reps: 119.917; 119.318 Knowns: 98.442,Glutamic acid digestion check standard=97%.,
FMP,FMP06383,FMP06383,Yellow Bay Knob @ Flathead Lake BioStation,TMP03416,,3/23/2011,0,0,Deposition-Dry,1210.6,Legacy_Deposition,Total Phosphorus,TP,3.094,,3.094,,µg/l,Legacy_AutoAnalyzer -- Nutrients,,,,See Field Notes,"Bucket in 17III11 @ 0820 hours.  Cool and cloudy, some wind, trace precip for last week.  Light organics in sample, filtered through 500um mesh.",QC: 20110331P Spikes: 102.925 Reps: 4.813; 4.526 Knowns: 105.735; 99.880,,
FMP,FMP06384,FMP06384,Yellow Bay Knob @ Flathead Lake BioStation,TMP03416,,4/1/2011,0,0,Deposition-Dry,1064.6,Legacy_Deposition,Total Nitrogen,TPN,155.537,,155.537,,µg/l,Legacy_AutoAnalyzer -- Nutrients,,,,See Field Notes,"Bucket in 23III11 @ 1130 hours.  Cloudy, cool, trace precip for last week.  Very light organics in sample, filtered through 500um mesh.  Unplugged heater.",QC: 20110517N Spikes: 103.711; 107.342 Reps: 126.759; 126.759; 139.092; 134.981 Knowns: 98.060; 102.407,,
FMP,FMP06384,FMP06384,Yellow Bay Knob @ Flathead Lake BioStation,TMP03416,,4/1/2011,0,0,Deposition-Dry,1064.6,Legacy_Deposition,Total Phosphorus,TP,2.285,,2.285,,µg/l,Legacy_AutoAnalyzer -- Nutrients,,,,See Field Notes,"Bucket in 23III11 @ 1130 hours.  Cloudy, cool, trace precip for last week.  Very light organics in sample, filtered through 500um mesh.  Unplugged heater.",QC: 20110517P Spikes: 91.630; 92.910 Reps: 3.941; 3.468; 3.665; 3.507 Knowns: 99.456; 103.280; 99.758,,
FMP,FMP06386,FMP06386,Yellow Bay Knob @ Flathead Lake BioStation,TMP03416,,4/8/2011,0,0,Deposition-Dry,1294.1,Legacy_Deposition,Total Nitrogen,TPN,95.632,,95.632,,µg/l,Legacy_AutoAnalyzer -- Nutrients,,,,See Field Notes,"Bucket in 01IV11 @ 0915 hours.  Cloudy, cool, rainy, snowy for lst week.  Slight ice in bucket, let thaw in lab for 2 hours..  A few midges and light organics in sample, filtered through 500um mesh.",QC: 20110517N Spikes: 103.711; 107.342 Reps: 126.759; 126.759; 139.092; 134.981 Knowns: 98.060; 102.407,,
FMP,FMP06386,FMP06386,Yellow Bay Knob @ Flathead Lake BioStation,TMP03416,,4/8/2011,0,0,Deposition-Dry,1294.1,Legacy_Deposition,Total Phosphorus,TP,2.561,,2.561,,µg/l,Legacy_AutoAnalyzer -- Nutrients,,,,See Field Notes,"Bucket in 01IV11 @ 0915 hours.  Cloudy, cool, rainy, snowy for lst week.  Slight ice in bucket, let thaw in lab for 2 hours..  A few midges and light organics in sample, filtered through 500um mesh.",QC: 20110517P Spikes: 91.630; 92.910 Reps: 3.941; 3.468; 3.665; 3.507 Knowns: 99.456; 103.280; 99.758,,
FMP,FMP06395,FMP06395,Yellow Bay Knob @ Flathead Lake BioStation,TMP03416,,4/15/2011,0,0,Deposition-Dry,940.1,Legacy_Deposition,Total Nitrogen,TPN,166.109,,166.109,,µg/l,Legacy_AutoAnalyzer -- Nutrients,,,,See Field Notes,"Bucket in 08IV11 @ 0830 hours.  Mix of sun, clouds and rain for last week.  Light organics and a few midges in sample. Filtered through 500um mesh.",QC: 20110517N Spikes: 103.711; 107.342 Reps: 126.759; 126.759; 139.092; 134.981 Knowns: 98.060; 102.407,,
FMP,FMP06395,FMP06395,Yellow Bay Knob @ Flathead Lake BioStation,TMP03416,,4/15/2011,0,0,Deposition-Dry,940.1,Legacy_Deposition,Total Phosphorus,TP,6.306,,6.306,,µg/l,Legacy_AutoAnalyzer -- Nutrients,,,,See Field Notes,"Bucket in 08IV11 @ 0830 hours.  Mix of sun, clouds and rain for last week.  Light organics and a few midges in sample. Filtered through 500um mesh.",QC: 20110517P Spikes: 91.630; 92.910 Reps: 3.941; 3.468; 3.665; 3.507 Knowns: 99.456; 103.280; 99.758,,
FMP,FMP06403,FMP06403,Yellow Bay Knob @ Flathead Lake BioStation,TMP03416,,4/22/2011,0,0,Deposition-Dry,1255.8,Legacy_Deposition,Total Nitrogen,TPN,219.554,,219.554,,µg/l,Legacy_AutoAnalyzer -- Nutrients,,,,See Field Notes,"Bucket in 15IV11 @ 0930 hours.  Sunny, cloudy, cool, rainy, snowy for last week.  Light organics in sample, filtered through 500um mesh.",QC: 20110517N Spikes: 103.711; 107.342 Reps: 126.759; 126.759; 139.092; 134.981 Knowns: 98.060; 102.407,,
FMP,FMP06403,FMP06403,Yellow Bay Knob @ Flathead Lake BioStation,TMP03416,,4/22/2011,0,0,Deposition-Dry,1255.8,Legacy_Deposition,Total Phosphorus,TP,4.217,,4.217,,µg/l,Legacy_AutoAnalyzer -- Nutrients,,,,See Field Notes,"Bucket in 15IV11 @ 0930 hours.  Sunny, cloudy, cool, rainy, snowy for last week.  Light organics in sample, filtered through 500um mesh.",QC: 20110517P Spikes: 91.630; 92.910 Reps: 3.941; 3.468; 3.665; 3.507 Knowns: 99.456; 103.280; 99.758,,
FMP,FMP06405,FMP06405,Yellow Bay Knob @ Flathead Lake BioStation,TMP03416,,4/30/2011,0,0,Deposition-Dry,1582.5,Legacy_Deposition,Total Nitrogen,TPN,148.489,,148.489,,µg/l,Legacy_AutoAnalyzer -- Nutrients,,,,See Field Notes,"Bucket in 22IV11 @ 1400 hours.  Cloudy, cool, rainy, snowy for last week.  Few midges and light organics in sample, filtered through 500um mesh.",QC: 20110517N Spikes: 103.711; 107.342 Reps: 126.759; 126.759; 139.092; 134.981 Knowns: 98.060; 102.407,,
FMP,FMP06405,FMP06405,Yellow Bay Knob @ Flathead Lake BioStation,TMP03416,,4/30/2011,0,0,Deposition-Dry,1582.5,Legacy_Deposition,Total Phosphorus,TP,5.202,,5.202,,µg/l,Legacy_AutoAnalyzer -- Nutrients,,,,See Field Notes,"Bucket in 22IV11 @ 1400 hours.  Cloudy, cool, rainy, snowy for last week.  Few midges and light organics in sample, filtered through 500um mesh.",QC: 20110517P Spikes: 91.630; 92.910 Reps: 3.941; 3.468; 3.665; 3.507 Knowns: 99.456; 103.280; 99.758,,
FMP,FMP06414,FMP06414,Yellow Bay Knob @ Flathead Lake BioStation,TMP03416,,5/5/2011,0,0,Deposition-Dry,1450.4,Legacy_Deposition,Total Nitrogen,TPN,171.982,,171.982,,µg/l,Legacy_AutoAnalyzer -- Nutrients,,,,See Field Notes,"Bucket in 30IV11 @ 0930hrs.  Nicer days last week.  Highs ~50DegF, some sun, some clouds, some wind.  Light organics in sample, filtered through 500um mesh.  **Cover Stuck 1/2 way between buckets.  Moves from wet to dry fine, but only returns 1/2 way to c",QC: 20110517N Spikes: 103.711; 107.342 Reps: 126.759; 126.759; 139.092; 134.981 Knowns: 98.060; 102.407,,
FMP,FMP06414,FMP06414,Yellow Bay Knob @ Flathead Lake BioStation,TMP03416,,5/5/2011,0,0,Deposition-Dry,1450.4,Legacy_Deposition,Total Phosphorus,TP,6.227,,6.227,,µg/l,Legacy_AutoAnalyzer -- Nutrients,,,,See Field Notes,"Bucket in 30IV11 @ 0930hrs.  Nicer days last week.  Highs ~50DegF, some sun, some clouds, some wind.  Light organics in sample, filtered through 500um mesh.  **Cover Stuck 1/2 way between buckets.  Moves from wet to dry fine, but only returns 1/2 way to c",QC: 20110517P Spikes: 91.630; 92.910 Reps: 3.941; 3.468; 3.665; 3.507 Knowns: 99.456; 103.280; 99.758,,
FMP,FMP06415,FMP06415,Yellow Bay Knob @ Flathead Lake BioStation,TMP03416,,5/11/2011,0,0,Deposition-Dry,879.2,Legacy_Deposition,Total Nitrogen,TPN,282.395,,282.395,,µg/l,Legacy_AutoAnalyzer -- Nutrients,,,,See Field Notes,"Bucket in 05V11 @ 1030hrs.  Very warm last week.  Highs ~70DegF, Trace precip, not enough to sample.  About a dozen small flies in sample, filtered through 500um mesh.  **Cover Stuck 1/2 way between buckets.  Moves from wet to dry fine, but only returns 1",QC: 20110517N Spikes: 103.711; 107.342 Reps: 126.759; 126.759; 139.092; 134.981 Knowns: 98.060; 102.407,,
FMP,FMP06415,FMP06415,Yellow Bay Knob @ Flathead Lake BioStation,TMP03416,,5/11/2011,0,0,Deposition-Dry,879.2,Legacy_Deposition,Total Phosphorus,TP,36.267,,36.267,,µg/l,Legacy_AutoAnalyzer -- Nutrients,,,,See Field Notes,"Bucket in 05V11 @ 1030hrs.  Very warm last week.  Highs ~70DegF, Trace precip, not enough to sample.  About a dozen small flies in sample, filtered through 500um mesh.  **Cover Stuck 1/2 way between buckets.  Moves from wet to dry fine, but only returns 1",QC: 20110517P Spikes: 91.630; 92.910 Reps: 3.941; 3.468; 3.665; 3.507 Knowns: 99.456; 103.280; 99.758,,
FMP,FMP06423,FMP06423,Yellow Bay Knob @ Flathead Lake BioStation,TMP03416,,5/17/2011,0,0,Deposition-Dry,918.8,Legacy_Deposition,Total Nitrogen,TPN,380.651,,380.651,,µg/l,Legacy_AutoAnalyzer -- Nutrients,,,,See Field Notes,"Bucket in 11V11 @ 1005hrs.  Very high winds last 3 days.  Lots of fine organics and a few small flies in sample, filtered through 500um mesh.  **Cover Stuck 1/2 way between buckets.  Moves from wet to dry fine, but only returns 1/2 way to cover Wet bucket",QC: 20110621N Spikes: 108.600; 103.588 Reps: 121.978; 122.563; 162.359; 172.893 Knowns: 99.422; 100.242,,
FMP,FMP06423,FMP06423,Yellow Bay Knob @ Flathead Lake BioStation,TMP03416,,5/17/2011,0,0,Deposition-Dry,918.8,Legacy_Deposition,Total Phosphorus,TP,34.66,,34.66,,µg/l,Legacy_AutoAnalyzer -- Nutrients,,,,See Field Notes,"Bucket in 11V11 @ 1005hrs.  Very high winds last 3 days.  Lots of fine organics and a few small flies in sample, filtered through 500um mesh.  **Cover Stuck 1/2 way between buckets.  Moves from wet to dry fine, but only returns 1/2 way to cover Wet bucket",QC: 20110622P Reps: 14.788; 14.426; 6.185; 7.543 Knowns: 104.793; 99.491; 100.279,,
FMP,FMP06432,FMP06432,Yellow Bay Knob @ Flathead Lake BioStation,TMP03416,,5/25/2011,0,0,Deposition-Dry,1039.9,Legacy_Deposition,Total Nitrogen,TPN,287.599,,287.599,,µg/l,Legacy_AutoAnalyzer -- Nutrients,,,,See Field Notes,"Bucket in 17V11 @ 1100 hours.  Some fine organics and 1 small beetle in sample.  Filtered through 500 um mesh.  Trace precip, not enough for WET sample.",QC: 20110621N Spikes: 108.600; 103.588 Reps: 121.978; 122.563; 162.359; 172.893 Knowns: 99.422; 100.242,,
FMP,FMP06432,FMP06432,Yellow Bay Knob @ Flathead Lake BioStation,TMP03416,,5/25/2011,0,0,Deposition-Dry,1039.9,Legacy_Deposition,Total Phosphorus,TP,16.508,,16.508,,µg/l,Legacy_AutoAnalyzer -- Nutrients,,,,See Field Notes,"Bucket in 17V11 @ 1100 hours.  Some fine organics and 1 small beetle in sample.  Filtered through 500 um mesh.  Trace precip, not enough for WET sample.",QC: 20110622P Reps: 14.788; 14.426; 6.185; 7.543 Knowns: 104.793; 99.491; 100.279,,
FMP,FMP06433,FMP06433,Yellow Bay Knob @ Flathead Lake BioStation,TMP03416,,6/4/2011,0,0,Deposition-Dry,2066.1,Legacy_Deposition,Total Nitrogen,TPN,309.838,,309.838,,µg/l,Legacy_AutoAnalyzer -- Nutrients,,,,See Field Notes,"Bucket in 25V11 @ 0910 hours.  Rainy all week, ended last night, warm and sunn today.  Still had a few problems with collector not closing during rain event (some rain water in DRY sample bucket).  Changed batterie again (voltage = 0.00 on old battery).",QC: 20110621N Spikes: 108.600; 103.588 Reps: 121.978; 122.563; 162.359; 172.893 Knowns: 99.422; 100.242,,
FMP,FMP06433,FMP06433,Yellow Bay Knob @ Flathead Lake BioStation,TMP03416,,6/4/2011,0,0,Deposition-Dry,2066.1,Legacy_Deposition,Total Phosphorus,TP,8.539,,8.539,,µg/l,Legacy_AutoAnalyzer -- Nutrients,,,,See Field Notes,"Bucket in 25V11 @ 0910 hours.  Rainy all week, ended last night, warm and sunn today.  Still had a few problems with collector not closing during rain event (some rain water in DRY sample bucket).  Changed batterie again (voltage = 0.00 on old battery).",QC: 20110622P Reps: 14.788; 14.426; 6.185; 7.543 Knowns: 104.793; 99.491; 100.279,,
FMP,FMP06444,FMP06444,Yellow Bay Knob @ Flathead Lake BioStation,TMP03416,,6/11/2011,0,0,Deposition-Dry,770.6,Legacy_Deposition,Total Nitrogen,TPN,333.247,,333.247,,µg/l,Legacy_AutoAnalyzer -- Nutrients,,,,See Field Notes,"Bucket in 04VI11 @ 1130 hours.  Rainy, warm, sunny mix for last week.  One bee and moderate organics in sample.  Filtered through 500um mesh.",QC: 20110621N Spikes: 108.600; 103.588 Reps: 121.978; 122.563; 162.359; 172.893 Knowns: 99.422; 100.242,,
FMP,FMP06444,FMP06444,Yellow Bay Knob @ Flathead Lake BioStation,TMP03416,,6/11/2011,0,0,Deposition-Dry,770.6,Legacy_Deposition,Total Phosphorus,TP,46.224,,46.224,,µg/l,Legacy_AutoAnalyzer -- Nutrients,,,,See Field Notes,"Bucket in 04VI11 @ 1130 hours.  Rainy, warm, sunny mix for last week.  One bee and moderate organics in sample.  Filtered through 500um mesh.",QC: 20110622P Reps: 14.788; 14.426; 6.185; 7.543 Knowns: 104.793; 99.491; 100.279,,
FMP,FMP06450,FMP06450,Yellow Bay Knob @ Flathead Lake BioStation,TMP03416,,6/14/2011,0,0,Deposition-Dry,1824.3,Legacy_Deposition,Total Nitrogen,TPN,144.802,,144.802,,µg/l,Legacy_AutoAnalyzer -- Nutrients,,,,See Field Notes,"Bucket in 11VI11 @ 1030 hours.  Cool, rainy and windy last 3 days. Clearing today.   Light organics and some pollen  in sample.  Filtered through 500um mesh.  Lid working properly.",QC: 20110621N Spikes: 108.600; 103.588 Reps: 121.978; 122.563; 162.359; 172.893 Knowns: 99.422; 100.242,,
FMP,FMP06450,FMP06450,Yellow Bay Knob @ Flathead Lake BioStation,TMP03416,,6/14/2011,0,0,Deposition-Dry,1824.3,Legacy_Deposition,Total Phosphorus,TP,18.093,,18.093,,µg/l,Legacy_AutoAnalyzer -- Nutrients,,,,See Field Notes,"Bucket in 11VI11 @ 1030 hours.  Cool, rainy and windy last 3 days. Clearing today.   Light organics and some pollen  in sample.  Filtered through 500um mesh.  Lid working properly.",QC: 20110622P Reps: 14.788; 14.426; 6.185; 7.543 Knowns: 104.793; 99.491; 100.279,,
FMP,FMP06452,FMP06452,Yellow Bay Knob @ Flathead Lake BioStation,TMP03416,,6/21/2011,0,0,Deposition-Dry,1556.1,Legacy_Deposition,Total Nitrogen,TPN,250.209,,250.209,,µg/l,Legacy_AutoAnalyzer -- Nutrients,,,,See Field Notes,"Bucket in 14VI11 @ 0915 hours.  Cool, rainy andcloudy for last week.  Moderate organics and pollen in sample.  Filtered through 500um mesh.",QC: 20110712N Reps: 384.777; 381.851; 2997.178; 2986.729 Knowns: 105.858; 104.454,,
FMP,FMP06452,FMP06452,Yellow Bay Knob @ Flathead Lake BioStation,TMP03416,,6/21/2011,0,0,Deposition-Dry,1556.1,Legacy_Deposition,Total Phosphorus,TP,12.026,,12.026,,µg/l,Legacy_AutoAnalyzer -- Nutrients,,,,See Field Notes,"Bucket in 14VI11 @ 0915 hours.  Cool, rainy andcloudy for last week.  Moderate organics and pollen in sample.  Filtered through 500um mesh.",QC: 20110622P Reps: 14.788; 14.426; 6.185; 7.543 Knowns: 104.793; 99.491; 100.279,,
FMP,FMP06459,FMP06459,Yellow Bay Knob @ Flathead Lake BioStation,TMP03416,,6/30/2011,0,0,Deposition-Dry,760.5,Legacy_Deposition,Total Nitrogen,TPN,641.384,,641.384,,µg/l,Legacy_AutoAnalyzer -- Nutrients,,,,See Field Notes,"Bucket in 21VI11 @ 0915 hours.  Warm and sunny last week and most of this week.  Rain and thunderstorms last night.  Lite organics in sample, filtered through 500um mesh.  High winds at times as well, pollen on filter.",QC: 20110809N Spikes: 109.594; 104.921 Reps: 141.101; 141.101; 116.431; 130.774 Knowns: 106.018; 104.870,,
FMP,FMP06459,FMP06459,Yellow Bay Knob @ Flathead Lake BioStation,TMP03416,,6/30/2011,0,0,Deposition-Dry,760.5,Legacy_Deposition,Total Phosphorus,TP,128.12,,128.12,,µg/l,Legacy_AutoAnalyzer -- Nutrients,,,,See Field Notes,"Bucket in 21VI11 @ 0915 hours.  Warm and sunny last week and most of this week.  Rain and thunderstorms last night.  Lite organics in sample, filtered through 500um mesh.  High winds at times as well, pollen on filter.",QC: 20110802P Spikes: 101.723; 103.952 Reps: 7.672; 7.761; 8.162; 13.061 Knowns: 103.193; 105.187; 101.656,,
FMP,FMP06461,FMP06461,Yellow Bay Knob @ Flathead Lake BioStation,TMP03416,,7/6/2011,0,0,Deposition-Dry,900.1,Legacy_Deposition,Total Nitrogen,TPN,256.994,,256.994,,µg/l,Legacy_AutoAnalyzer -- Nutrients,,,,See Field Notes,"Bucket in 30VI11 @ 0930 hours.  Warm and sunny all week.  Zero precip in WET precip bucket.  Lots of gnats, pollen and 1 bumble bee in sample, filtered through 500um mesh.",QC: 20110809N Spikes: 109.594; 104.921 Reps: 141.101; 141.101; 116.431; 130.774 Knowns: 106.018; 104.870,,
FMP,FMP06461,FMP06461,Yellow Bay Knob @ Flathead Lake BioStation,TMP03416,,7/6/2011,0,0,Deposition-Dry,900.1,Legacy_Deposition,Total Phosphorus,TP,58.119,,58.119,,µg/l,Legacy_AutoAnalyzer -- Nutrients,,,,See Field Notes,"Bucket in 30VI11 @ 0930 hours.  Warm and sunny all week.  Zero precip in WET precip bucket.  Lots of gnats, pollen and 1 bumble bee in sample, filtered through 500um mesh.",QC: 20110802P Spikes: 101.723; 103.952 Reps: 7.672; 7.761; 8.162; 13.061 Knowns: 103.193; 105.187; 101.656,,
FMP,FMP06475,FMP06475,Yellow Bay Knob @ Flathead Lake BioStation,TMP03416,,7/15/2011,0,0,Deposition-Dry,1121.5,Legacy_Deposition,Total Nitrogen,TPN,487.059,,487.059,,µg/l,Legacy_AutoAnalyzer -- Nutrients,,,,See Field Notes,Bucket in 06VII11 @ 0945 hours.  Few gnats and lots of pollen in sample.  Filtered through 500um mesh.  Sunny with thunderstorms for last week.,QC: 20110809N Spikes: 109.594; 104.921 Reps: 141.101; 141.101; 116.431; 130.774 Knowns: 106.018; 104.870,,
FMP,FMP06475,FMP06475,Yellow Bay Knob @ Flathead Lake BioStation,TMP03416,,7/15/2011,0,0,Deposition-Dry,1121.5,Legacy_Deposition,Total Phosphorus,TP,52.75,,52.75,,µg/l,Legacy_AutoAnalyzer -- Nutrients,,,,See Field Notes,Bucket in 06VII11 @ 0945 hours.  Few gnats and lots of pollen in sample.  Filtered through 500um mesh.  Sunny with thunderstorms for last week.,QC: 20110802P Spikes: 101.723; 103.952 Reps: 7.672; 7.761; 8.162; 13.061 Knowns: 103.193; 105.187; 101.656,,
FMP,FMP06477,FMP06477,Yellow Bay Knob @ Flathead Lake BioStation,TMP03416,,7/22/2011,0,0,Deposition-Dry,805.3,Legacy_Deposition,Total Nitrogen,TPN,325.842,,325.842,,µg/l,Legacy_AutoAnalyzer -- Nutrients,,,,See Field Notes,"Bucket in 15VII11 @ 0930 hours.  Mostly sunny with some wind and two thunderstorms last week.  Lots of large organic material in sample (pine needles etc.), filtered through 500um mesh.",QC: 20110809N Spikes: 109.594; 104.921 Reps: 141.101; 141.101; 116.431; 130.774 Knowns: 106.018; 104.870,,
FMP,FMP06477,FMP06477,Yellow Bay Knob @ Flathead Lake BioStation,TMP03416,,7/22/2011,0,0,Deposition-Dry,805.3,Legacy_Deposition,Total Phosphorus,TP,41.146,,41.146,,µg/l,Legacy_AutoAnalyzer -- Nutrients,,,,See Field Notes,"Bucket in 15VII11 @ 0930 hours.  Mostly sunny with some wind and two thunderstorms last week.  Lots of large organic material in sample (pine needles etc.), filtered through 500um mesh.",QC: 20110802P Spikes: 101.723; 103.952 Reps: 7.672; 7.761; 8.162; 13.061 Knowns: 103.193; 105.187; 101.656,,
FMP,FMP06497,FMP06497,Yellow Bay Knob @ Flathead Lake BioStation,TMP03416,,7/29/2011,0,0,Deposition-Dry,784.5,Legacy_Deposition,Total Nitrogen,TPN,242.651,,242.651,,µg/l,Legacy_AutoAnalyzer -- Nutrients,,,,See Field Notes,"Bucket in 22VII11 @ 0945 hours.  Mostly cloudy, windy, with trace precip last week.  Few pine needles in sample, filtered through 500 um mesh.",QC: 20110809N Spikes: 109.594; 104.921 Reps: 141.101; 141.101; 116.431; 130.774 Knowns: 106.018; 104.870,,
FMP,FMP06497,FMP06497,Yellow Bay Knob @ Flathead Lake BioStation,TMP03416,,7/29/2011,0,0,Deposition-Dry,784.5,Legacy_Deposition,Total Phosphorus,TP,23.394,,23.394,,µg/l,Legacy_AutoAnalyzer -- Nutrients,,,,See Field Notes,"Bucket in 22VII11 @ 0945 hours.  Mostly cloudy, windy, with trace precip last week.  Few pine needles in sample, filtered through 500 um mesh.",QC: 20110802P Spikes: 101.723; 103.952 Reps: 7.672; 7.761; 8.162; 13.061 Knowns: 103.193; 105.187; 101.656,,
FMP,FMP06498,FMP06498,Yellow Bay Knob @ Flathead Lake BioStation,TMP03416,,8/5/2011,0,0,Deposition-Dry,981.7,Legacy_Deposition,Total Nitrogen,TPN,214.591,,214.591,,µg/l,Legacy_AutoAnalyzer -- Nutrients,,,,See Field Notes,"Bucket in 29VII11 @ 1115 hours.  Hot, sunny and dry all week.  Few organics and midges in sample, filtered through 500um mesh.",QC: 20111004N Spikes: 108.562 Reps: 139.061; 128.788 Knowns: 109.144; 107.693,,
FMP,FMP06498,FMP06498,Yellow Bay Knob @ Flathead Lake BioStation,TMP03416,,8/5/2011,0,0,Deposition-Dry,981.7,Legacy_Deposition,Total Phosphorus,TP,21.288,,21.288,,µg/l,Legacy_AutoAnalyzer -- Nutrients,,,,See Field Notes,"Bucket in 29VII11 @ 1115 hours.  Hot, sunny and dry all week.  Few organics and midges in sample, filtered through 500um mesh.",QC: 20110920P Spikes: 98.527; 98.776 Reps: 4.095; 4.095; 6.138; 6.563 Knowns: 98.106; 101.533; 104.753,,
FMP,FMP06501,FMP06501,Yellow Bay Knob @ Flathead Lake BioStation,TMP03416,,8/12/2011,0,0,Deposition-Dry,1071.8,Legacy_Deposition,Total Nitrogen,TPN,220.029,,220.029,,µg/l,Legacy_AutoAnalyzer -- Nutrients,,,,See Field Notes,"Bucket in 05VIII11 @ 0830 hours.  Hot and dry all week.  One fly and a few organics in sample, filtered through 500um mesh.",QC: 20111004N Spikes: 108.562 Reps: 139.061; 128.788 Knowns: 109.144; 107.693,,
FMP,FMP06501,FMP06501,Yellow Bay Knob @ Flathead Lake BioStation,TMP03416,,8/12/2011,0,0,Deposition-Dry,1071.8,Legacy_Deposition,Total Phosphorus,TP,22.99,,22.99,,µg/l,Legacy_AutoAnalyzer -- Nutrients,,,,See Field Notes,"Bucket in 05VIII11 @ 0830 hours.  Hot and dry all week.  One fly and a few organics in sample, filtered through 500um mesh.",QC: 20110920P Spikes: 98.527; 98.776 Reps: 4.095; 4.095; 6.138; 6.563 Knowns: 98.106; 101.533; 104.753,,
FMP,FMP06508,FMP06508,Yellow Bay Knob @ Flathead Lake BioStation,TMP03416,,8/18/2011,0,0,Deposition-Dry,968.5,Legacy_Deposition,Total Nitrogen,TPN,243.595,,243.595,,µg/l,Legacy_AutoAnalyzer -- Nutrients,,,,See Field Notes,"Bucket in 12VIII11 @ 1400 hours.  Hot and dry all week with some wind.  Few flies, 1 bumble bee and a few pine needles in sample, filtered through 500um mesh.",QC: 20111004N Spikes: 108.562 Reps: 139.061; 128.788 Knowns: 109.144; 107.693,,
FMP,FMP06508,FMP06508,Yellow Bay Knob @ Flathead Lake BioStation,TMP03416,,8/18/2011,0,0,Deposition-Dry,968.5,Legacy_Deposition,Total Phosphorus,TP,35.204,,35.204,,µg/l,Legacy_AutoAnalyzer -- Nutrients,,,,See Field Notes,"Bucket in 12VIII11 @ 1400 hours.  Hot and dry all week with some wind.  Few flies, 1 bumble bee and a few pine needles in sample, filtered through 500um mesh.",QC: 20110920P Spikes: 98.527; 98.776 Reps: 4.095; 4.095; 6.138; 6.563 Knowns: 98.106; 101.533; 104.753,,
FMP,FMP06516,FMP06516,Yellow Bay Knob @ Flathead Lake BioStation,TMP03416,,8/25/2011,0,0,Deposition-Dry,800.5,Legacy_Deposition,Total Nitrogen,TPN,226.072,,226.072,,µg/l,Legacy_AutoAnalyzer -- Nutrients,,,,See Field Notes,"Bucket in 18VIII11 @ 0815 hours.  Hot, dry, windy at times, fires in the Swan & Bob Marshall.  Fewdipterans, 2 hornets and a few pine needles in sample, filtered through 500 um mesh.  Organics on filter.",QC: 20111004N Spikes: 108.562 Reps: 139.061; 128.788 Knowns: 109.144; 107.693,,
FMP,FMP06516,FMP06516,Yellow Bay Knob @ Flathead Lake BioStation,TMP03416,,8/25/2011,0,0,Deposition-Dry,800.5,Legacy_Deposition,Total Phosphorus,TP,32.736,,32.736,,µg/l,Legacy_AutoAnalyzer -- Nutrients,,,,See Field Notes,"Bucket in 18VIII11 @ 0815 hours.  Hot, dry, windy at times, fires in the Swan & Bob Marshall.  Fewdipterans, 2 hornets and a few pine needles in sample, filtered through 500 um mesh.  Organics on filter.",QC: 20110920P Spikes: 98.527; 98.776 Reps: 4.095; 4.095; 6.138; 6.563 Knowns: 98.106; 101.533; 104.753,,
FMP,FMP06517,FMP06517,Yellow Bay Knob @ Flathead Lake BioStation,TMP03416,,9/2/2011,0,0,Deposition-Dry,615.9,Legacy_Deposition,Total Nitrogen,TPN,544.509,,544.509,,µg/l,Legacy_AutoAnalyzer -- Nutrients,,,,See Field Notes,"Bucket in 25VIII11 @ 1150 hours.  Some sun, wind and rain over last week.  2 bumble bees and some organics in sample, filtered through 500 um mesh.",QC: 20111004N Spikes: 108.562 Reps: 139.061; 128.788 Knowns: 109.144; 107.693,,
FMP,FMP06517,FMP06517,Yellow Bay Knob @ Flathead Lake BioStation,TMP03416,,9/2/2011,0,0,Deposition-Dry,615.9,Legacy_Deposition,Total Phosphorus,TP,32.693,,32.693,,µg/l,Legacy_AutoAnalyzer -- Nutrients,,,,See Field Notes,"Bucket in 25VIII11 @ 1150 hours.  Some sun, wind and rain over last week.  2 bumble bees and some organics in sample, filtered through 500 um mesh.",QC: 20110920P Spikes: 98.527; 98.776 Reps: 4.095; 4.095; 6.138; 6.563 Knowns: 98.106; 101.533; 104.753,,
FMP,FMP06525,FMP06525,Yellow Bay Knob @ Flathead Lake BioStation,TMP03416,,9/8/2011,0,0,Deposition-Dry,940.5,Legacy_Deposition,Total Nitrogen,TPN,73.802,,73.802,,µg/l,Legacy_AutoAnalyzer -- Nutrients,,,,See Field Notes,"Bucket in 02IX11 @ 0830 hours. Dry, calm and hot over last week.  Still a few forest fires in the area causing a light haze in the valley.  Some light organics in sample, filtered through 500 um mesh.",QC: 20111004N Spikes: 108.562 Reps: 139.061; 128.788 Knowns: 109.144; 107.693,,
FMP,FMP06525,FMP06525,Yellow Bay Knob @ Flathead Lake BioStation,TMP03416,,9/8/2011,0,0,Deposition-Dry,940.5,Legacy_Deposition,Total Phosphorus,TP,9.798,,9.798,,µg/l,Legacy_AutoAnalyzer -- Nutrients,,,,See Field Notes,"Bucket in 02IX11 @ 0830 hours. Dry, calm and hot over last week.  Still a few forest fires in the area causing a light haze in the valley.  Some light organics in sample, filtered through 500 um mesh.",QC: 20110920P Spikes: 98.527; 98.776 Reps: 4.095; 4.095; 6.138; 6.563 Knowns: 98.106; 101.533; 104.753,,
FMP,FMP06526,FMP06526,Yellow Bay Knob @ Flathead Lake BioStation,TMP03416,,9/16/2011,0,0,Deposition-Dry,939.5,Legacy_Deposition,Total Nitrogen,TPN,1163.19,,1163.19,,µg/l,Legacy_AutoAnalyzer -- Nutrients,,,,See Field Notes,"Bucket in 08IX11 @ 0845 hours.  Windy and warm with trace precip last week.  Grasshopper, beetle, few flies and moderate organics in sample.  Filtered through 500um mesh.",QC: 20111004N Spikes: 108.562 Reps: 139.061; 128.788 Knowns: 109.144; 107.693,,
FMP,FMP06526,FMP06526,Yellow Bay Knob @ Flathead Lake BioStation,TMP03416,,9/16/2011,0,0,Deposition-Dry,939.5,Legacy_Deposition,Total Phosphorus,TP,125.111,,125.111,,µg/l,Legacy_AutoAnalyzer -- Nutrients,,,,See Field Notes,"Bucket in 08IX11 @ 0845 hours.  Windy and warm with trace precip last week.  Grasshopper, beetle, few flies and moderate organics in sample.  Filtered through 500um mesh.",QC: 20111018P Spikes: 101.495 Reps: 4.758; 4.944 Knowns: 110.543; 100.000,,
FMP,FMP06534,FMP06534,Yellow Bay Knob @ Flathead Lake BioStation,TMP03416,,9/22/2011,0,0,Deposition-Dry,1404.6,Legacy_Deposition,Total Nitrogen,TPN,114.891,,114.891,,µg/l,Legacy_AutoAnalyzer -- Nutrients,,,,See Field Notes,"Bucket in 16IX11 @ 0900 hours.  Mix of clouds, rain, wind and sun for last week.  Two flies and moderate organics in sample.  Filtered through 500um mesh.",QC: 20111004N Spikes: 108.562 Reps: 139.061; 128.788 Knowns: 109.144; 107.693,,
FMP,FMP06534,FMP06534,Yellow Bay Knob @ Flathead Lake BioStation,TMP03416,,9/22/2011,0,0,Deposition-Dry,1404.6,Legacy_Deposition,Total Phosphorus,TP,4.418,Q,4.418,,µg/l,Legacy_AutoAnalyzer -- Nutrients,,,,See Field Notes,"Bucket in 16IX11 @ 0900 hours.  Mix of clouds, rain, wind and sun for last week.  Two flies and moderate organics in sample.  Filtered through 500um mesh.",QC: 20111018P Spikes: 101.495 Reps: 4.758; 4.944 Knowns: 110.543; 100.000,,TP<SRP
FMP,FMP06536,FMP06536,Yellow Bay Knob @ Flathead Lake BioStation,TMP03416,,9/28/2011,0,0,Deposition-Dry,1136.1,Legacy_Deposition,Total Nitrogen,TPN,108.323,,108.323,,µg/l,Legacy_AutoAnalyzer -- Nutrients,,,,See Field Notes,"Bucket in 22IX11 @ 0910 hours. Mix of sun, clouds, light rain (not enough for wet precip sample) and wind.  Few midges and light organics in sample, filtered through 500um mesh.",QC: 20111206N Reps: 130.602; 118.290; 137.051; 139.396 Knowns: 98.350; 502.303,,
FMP,FMP06536,FMP06536,Yellow Bay Knob @ Flathead Lake BioStation,TMP03416,,9/28/2011,0,0,Deposition-Dry,1136.1,Legacy_Deposition,Total Phosphorus,TP,14.014,,14.014,,µg/l,Legacy_AutoAnalyzer -- Nutrients,,,,See Field Notes,"Bucket in 22IX11 @ 0910 hours. Mix of sun, clouds, light rain (not enough for wet precip sample) and wind.  Few midges and light organics in sample, filtered through 500um mesh.",QC: 20111115P Spikes: 106.044; 97.503 Reps: 3.106; 2.777; 2.695; 2.654 Knowns: 99.463; 99.535; 99.398,,
FMP,FMP06537,FMP06537,Yellow Bay Knob @ Flathead Lake BioStation,TMP03416,,10/6/2011,0,0,Deposition-Dry,1430.3,Legacy_Deposition,Total Nitrogen,TPN,315.866,,315.866,,µg/l,Legacy_AutoAnalyzer -- Nutrients,,,,See Field Notes,"Bucket in 28IX11 @ 1030 hours. Mix of clouds, rain) and wind.  One dragonfly and moderate organics in sample (possible bird droppings), filtered through 500um mesh.",QC: 20111206N Reps: 130.602; 118.290; 137.051; 139.396 Knowns: 98.350; 502.303,,
FMP,FMP06537,FMP06537,Yellow Bay Knob @ Flathead Lake BioStation,TMP03416,,10/6/2011,0,0,Deposition-Dry,1430.3,Legacy_Deposition,Total Phosphorus,TP,30.684,,30.684,,µg/l,Legacy_AutoAnalyzer -- Nutrients,,,,See Field Notes,"Bucket in 28IX11 @ 1030 hours. Mix of clouds, rain) and wind.  One dragonfly and moderate organics in sample (possible bird droppings), filtered through 500um mesh.",QC: 20111115P Spikes: 106.044; 97.503 Reps: 3.106; 2.777; 2.695; 2.654 Knowns: 99.463; 99.535; 99.398,,
FMP,FMP06545,FMP06545,Yellow Bay Knob @ Flathead Lake BioStation,TMP03416,,10/14/2011,0,0,Deposition-Dry,1750.9,Legacy_Deposition,Total Nitrogen,TPN,101.874,,101.874,,µg/l,Legacy_AutoAnalyzer -- Nutrients,,,,See Field Notes,"Bucket in 06X11 @ 1340 hours.  Rain, wind, clous and sun for last week.  Midges and a few conifer needes in sample, filtered through 500 um mesh.",QC: 20111206N Reps: 130.602; 118.290; 137.051; 139.396 Knowns: 98.350; 502.303,,
FMP,FMP06545,FMP06545,Yellow Bay Knob @ Flathead Lake BioStation,TMP03416,,10/14/2011,0,0,Deposition-Dry,1750.9,Legacy_Deposition,Total Phosphorus,TP,4.712,,4.712,,µg/l,Legacy_AutoAnalyzer -- Nutrients,,,,See Field Notes,"Bucket in 06X11 @ 1340 hours.  Rain, wind, clous and sun for last week.  Midges and a few conifer needes in sample, filtered through 500 um mesh.",QC: 20111115P Spikes: 106.044; 97.503 Reps: 3.106; 2.777; 2.695; 2.654 Knowns: 99.463; 99.535; 99.398,,
FMP,FMP06554,FMP06554,Yellow Bay Knob @ Flathead Lake BioStation,TMP03416,,10/20/2011,0,0,Deposition-Dry,1899.6,Legacy_Deposition,Total Nitrogen,TPN,9.242,Q,9.242,,µg/l,Legacy_AutoAnalyzer -- Nutrients,,,,See Field Notes,"Bucket in 14X11 @ 0900 hours.  Cloudy, rainy and cool for last week.  Only 1 gnat in sample, filtered through 500um mesh.",QC: 20111206N Reps: 130.602; 118.290; 137.051; 139.396 Knowns: 98.350; 502.303,,TN<NH4-N + NO2/3
FMP,FMP06554,FMP06554,Yellow Bay Knob @ Flathead Lake BioStation,TMP03416,,10/20/2011,0,0,Deposition-Dry,1899.6,Legacy_Deposition,Total Phosphorus,TP,0.4,<,0.4,,µg/l,Legacy_AutoAnalyzer -- Nutrients,,,,See Field Notes,"Bucket in 14X11 @ 0900 hours.  Cloudy, rainy and cool for last week.  Only 1 gnat in sample, filtered through 500um mesh.",QC: 20111115P Spikes: 106.044; 97.503 Reps: 3.106; 2.777; 2.695; 2.654 Knowns: 99.463; 99.535; 99.398,,
FMP,FMP06556,FMP06556,Yellow Bay Knob @ Flathead Lake BioStation,TMP03416,,10/27/2011,0,0,Deposition-Dry,1234.5,Legacy_Deposition,Total Nitrogen,TPN,213.854,,213.854,,µg/l,Legacy_AutoAnalyzer -- Nutrients,,,,See Field Notes,"Bucket in 20X11 @ 1400 hours. Cloudy, cool, windy with trace precip last week.  1 fly, 1 dragonfly, lots of dragonfly eggs and lots of small organics in sample.  Filtered through 500um mesh.",QC: 20111206N Reps: 130.602; 118.290; 137.051; 139.396 Knowns: 98.350; 502.303,,
FMP,FMP06556,FMP06556,Yellow Bay Knob @ Flathead Lake BioStation,TMP03416,,10/27/2011,0,0,Deposition-Dry,1234.5,Legacy_Deposition,Total Phosphorus,TP,24.962,,24.962,,µg/l,Legacy_AutoAnalyzer -- Nutrients,,,,See Field Notes,"Bucket in 20X11 @ 1400 hours. Cloudy, cool, windy with trace precip last week.  1 fly, 1 dragonfly, lots of dragonfly eggs and lots of small organics in sample.  Filtered through 500um mesh.",QC: 20111115P Spikes: 106.044; 97.503 Reps: 3.106; 2.777; 2.695; 2.654 Knowns: 99.463; 99.535; 99.398,,
FMP,FMP06557,FMP06557,Yellow Bay Knob @ Flathead Lake BioStation,TMP03416,,11/3/2011,0,0,Deposition-Dry,1058,Legacy_Deposition,Total Nitrogen,TPN,49.109,Q,49.109,,µg/l,Legacy_AutoAnalyzer -- Nutrients,,,,See Field Notes,"Bucket in 27X11 @ 1000 hours. Mix of sun and clouds, cold, and windy ast week.  Morning frost most days.  Using heater for DRY aerosol collector.  1 leaf, 1 pine needle and moderate organics in sample.  Filtered through 500um mesh.",QC: 20111206N Reps: 130.602; 118.290; 137.051; 139.396 Knowns: 98.350; 502.303,,
FMP,FMP06557,FMP06557,Yellow Bay Knob @ Flathead Lake BioStation,TMP03416,,11/3/2011,0,0,Deposition-Dry,1058,Legacy_Deposition,Total Phosphorus,TP,18.459,,18.459,,µg/l,Legacy_AutoAnalyzer -- Nutrients,,,,See Field Notes,"Bucket in 27X11 @ 1000 hours. Mix of sun and clouds, cold, and windy ast week.  Morning frost most days.  Using heater for DRY aerosol collector.  1 leaf, 1 pine needle and moderate organics in sample.  Filtered through 500um mesh.",QC: 20111115P Spikes: 106.044; 97.503 Reps: 3.106; 2.777; 2.695; 2.654 Knowns: 99.463; 99.535; 99.398,,
FMP,FMP06558,FMP06558,Yellow Bay Knob @ Flathead Lake BioStation,TMP03416,,11/10/2011,0,0,Deposition-Dry,1456,Legacy_Deposition,Total Nitrogen,TPN,141.741,,141.741,,µg/l,Legacy_AutoAnalyzer -- Nutrients,,,,See Field Notes,"Bucket in 03XI11 @ 1000 hours.  1 live fly and light organics in sample.  Filtered through 500um mesh.  Mostly cloudy, cold and light wind for last week.",QC: 20111206N Reps: 130.602; 118.290; 137.051; 139.396 Knowns: 98.350; 502.303,,
FMP,FMP06558,FMP06558,Yellow Bay Knob @ Flathead Lake BioStation,TMP03416,,11/10/2011,0,0,Deposition-Dry,1456,Legacy_Deposition,Total Phosphorus,TP,6.708,,6.708,,µg/l,Legacy_AutoAnalyzer -- Nutrients,,,,See Field Notes,"Bucket in 03XI11 @ 1000 hours.  1 live fly and light organics in sample.  Filtered through 500um mesh.  Mostly cloudy, cold and light wind for last week.",QC: 20111228P Spikes: 90.191 Reps: 3.918; 3.998 Knowns: 105.831; 94.631,,
FMP,FMP06566,FMP06566,Yellow Bay Knob @ Flathead Lake BioStation,TMP03416,,11/18/2011,0,0,Deposition-Dry,944.9,Legacy_Deposition,Total Nitrogen,TPN,152.881,,152.881,,µg/l,Legacy_AutoAnalyzer -- Nutrients,,,,See Field Notes,"Bucket in 10XI11 @ 0910 hours.  High winds, cold, trace precip for last week.  Few pine needles and moderate to high amount of particulates in sample.  Filtered through 500um mesh.",QC: 20111206N Reps: 130.602; 118.290; 137.051; 139.396 Knowns: 98.350; 502.303,,
FMP,FMP06566,FMP06566,Yellow Bay Knob @ Flathead Lake BioStation,TMP03416,,11/18/2011,0,0,Deposition-Dry,944.9,Legacy_Deposition,Total Phosphorus,TP,8.741,,8.741,,µg/l,Legacy_AutoAnalyzer -- Nutrients,,,,See Field Notes,"Bucket in 10XI11 @ 0910 hours.  High winds, cold, trace precip for last week.  Few pine needles and moderate to high amount of particulates in sample.  Filtered through 500um mesh.",QC: 20111228P Spikes: 90.191 Reps: 3.918; 3.998 Knowns: 105.831; 94.631,,
FMP,FMP06572,FMP06572,Yellow Bay Knob @ Flathead Lake BioStation,TMP03416,,11/28/2011,0,0,Deposition-Dry,1006.4,Legacy_Deposition,Total Nitrogen,TPN,175.746,,175.746,,µg/l,Legacy_AutoAnalyzer -- Nutrients,,,,See Field Notes,"Bucket in 18XI11 @ 0845 hours.  Windy, cool, light snow and rain for last week.  High amount of organics in sample.  Filtered through 500um mesh.",QC: 20111206N Reps: 130.602; 118.290; 137.051; 139.396 Knowns: 98.350; 502.303,,
FMP,FMP06572,FMP06572,Yellow Bay Knob @ Flathead Lake BioStation,TMP03416,,11/28/2011,0,0,Deposition-Dry,1006.4,Legacy_Deposition,Total Phosphorus,TP,14.599,,14.599,,µg/l,Legacy_AutoAnalyzer -- Nutrients,,,,See Field Notes,"Bucket in 18XI11 @ 0845 hours.  Windy, cool, light snow and rain for last week.  High amount of organics in sample.  Filtered through 500um mesh.",QC: 20111228P Spikes: 90.191 Reps: 3.918; 3.998 Knowns: 105.831; 94.631,,
FMP,FMP06574,FMP06574,Yellow Bay Knob @ Flathead Lake BioStation,TMP03416,,12/6/2011,0,0,Deposition-Dry,1227.3,Legacy_Deposition,Total Nitrogen,TPN,75.95,,75.95,,µg/l,Legacy_AutoAnalyzer -- Nutrients,,,,See Field Notes,"Bucket in 28XI11 @ 1310 hours.  Overcast, light wind, air temperature ~0 DegC for last week.  Very light organics in sample, filtered through 500um mesh.",QC: 20120207A Spikes: 107.801 Reps: 144.177; 145.385 Knowns: 106.603; 104.671,Digestion check std=98%,
FMP,FMP06574,FMP06574,Yellow Bay Knob @ Flathead Lake BioStation,TMP03416,,12/6/2011,0,0,Deposition-Dry,1227.3,Legacy_Deposition,Total Phosphorus,TP,1.527,,1.527,,µg/l,Legacy_AutoAnalyzer -- Nutrients,,,,See Field Notes,"Bucket in 28XI11 @ 1310 hours.  Overcast, light wind, air temperature ~0 DegC for last week.  Very light organics in sample, filtered through 500um mesh.",QC: 20111228P Spikes: 90.191 Reps: 3.918; 3.998 Knowns: 105.831; 94.631,,
FMP,FMP06587,FMP06587,Yellow Bay Knob @ Flathead Lake BioStation,TMP03416,,12/16/2011,0,0,Deposition-Dry,1034.9,Legacy_Deposition,Total Nitrogen,TPN,212.405,,212.405,,µg/l,Legacy_AutoAnalyzer -- Nutrients,,,,See Field Notes,"Bucket in 06XII11 @ 0915 hours.  Cloudy cool with trace snow last week.  Very clean sample, filtered through 500um mesh.",QC: 20120207A Spikes: 107.801 Reps: 144.177; 145.385 Knowns: 106.603; 104.671,Digestion check std=98%,
FMP,FMP06587,FMP06587,Yellow Bay Knob @ Flathead Lake BioStation,TMP03416,,12/16/2011,0,0,Deposition-Dry,1034.9,Legacy_Deposition,Total Phosphorus,TP,3.219,,3.219,,µg/l,Legacy_AutoAnalyzer -- Nutrients,,,,See Field Notes,"Bucket in 06XII11 @ 0915 hours.  Cloudy cool with trace snow last week.  Very clean sample, filtered through 500um mesh.",QC: 20120125A Reps: 5.469; 5.122 Knowns: 103.183; 105.113,,
FMP,FMP06588,FMP06588,Yellow Bay Knob @ Flathead Lake BioStation,TMP03416,,1/3/2012,0,0,Deposition-Dry,1099.9,Legacy_Deposition,Total Nitrogen,TPN,206.367,,206.367,,µg/l,Legacy_AutoAnalyzer -- Nutrients,,,,See Field Notes,"Bucket in 16XII11 @ 0845 hours.  Jim Craft on vacation and no one collected precip while I was gone.  Only about 100 ml of water left in bucket.  Added DI water to sample in bucket, agitated well and poured through 500 um mesh into sample bottle.  Moderat",QC: 20120207A Spikes: 107.801 Reps: 144.177; 145.385 Knowns: 106.603; 104.671,Digestion check std=98%,
FMP,FMP06588,FMP06588,Yellow Bay Knob @ Flathead Lake BioStation,TMP03416,,1/3/2012,0,0,Deposition-Dry,1099.9,Legacy_Deposition,Total Phosphorus,TP,8.411,,8.411,,µg/l,Legacy_AutoAnalyzer -- Nutrients,,,,See Field Notes,"Bucket in 16XII11 @ 0845 hours.  Jim Craft on vacation and no one collected precip while I was gone.  Only about 100 ml of water left in bucket.  Added DI water to sample in bucket, agitated well and poured through 500 um mesh into sample bottle.  Moderat",QC: 20120125A Reps: 5.469; 5.122 Knowns: 103.183; 105.113,,
FMP,FMP06590,FMP06590,Yellow Bay Knob @ Flathead Lake BioStation,TMP03416,,1/11/2012,0,0,Deposition-Dry,865.8,Legacy_Deposition,Total Nitrogen,TPN,115.8,,115.8,,µg/l,Legacy_AutoAnalyzer -- Nutrients,,,,See Field Notes,Bucket in on 03 I 12 at 0930 hrs.; -Cloudy and warmer temperatures; trace precip last week and last night; lite debris with 2 pine needles; filtered through 500 micron mesh nitex; -Sample was half frozen,QC: 20120207A Spikes: 107.801 Reps: 144.177; 145.385 Knowns: 106.603; 104.671,Digestion check std=98%,
FMP,FMP06590,FMP06590,Yellow Bay Knob @ Flathead Lake BioStation,TMP03416,,1/11/2012,0,0,Deposition-Dry,865.8,Legacy_Deposition,Total Phosphorus,TP,15.378,,15.378,,µg/l,Legacy_AutoAnalyzer -- Nutrients,,,,See Field Notes,Bucket in on 03 I 12 at 0930 hrs.; -Cloudy and warmer temperatures; trace precip last week and last night; lite debris with 2 pine needles; filtered through 500 micron mesh nitex; -Sample was half frozen,QC: 20120125A Reps: 5.469; 5.122 Knowns: 103.183; 105.113,,
FMP,FMP06597,FMP06597,Yellow Bay Knob @ Flathead Lake BioStation,TMP03416,,1/27/2012,0,0,Deposition-Dry,899.7,Legacy_Deposition,Total Nitrogen,TPN,130.973,,130.973,,µg/l,Legacy_AutoAnalyzer -- Nutrients,,,,See Field Notes,"Bucket in on 11 I 2012 at 0915, left out longer due to DI water issues.; -Lots of snow last week, high winds lasst week and this week, moderate/lite snow and rain this week. Warmer temps at times.; -Moderate debris only about 250 ml of sample in th ebuck",QC: 20120417O Spikes: 105.933; 0.000 Reps: 113.349; 113.786; 123.786; 123.598 Knowns: 104.207; 108.956,NAP data file KO TN Ch#4 20120417.  Glutamic acid digestion check standard=102%,
FMP,FMP06597,FMP06597,Yellow Bay Knob @ Flathead Lake BioStation,TMP03416,,1/27/2012,0,0,Deposition-Dry,899.7,Legacy_Deposition,Total Phosphorus,TP,6.05,,6.05,,µg/l,Legacy_AutoAnalyzer -- Nutrients,,,,See Field Notes,"Bucket in on 11 I 2012 at 0915, left out longer due to DI water issues.; -Lots of snow last week, high winds lasst week and this week, moderate/lite snow and rain this week. Warmer temps at times.; -Moderate debris only about 250 ml of sample in th ebuck",QC: 20120321P Spikes: 94.233; 93.360 Reps: 5.482; 6.476; 3.140; 2.998 Knowns: 100.603; 95.399,,
FMP,FMP06598,FMP06598,Yellow Bay Knob @ Flathead Lake BioStation,TMP03416,,2/1/2012,0,0,Deposition-Dry,730.7,Legacy_Deposition,Total Nitrogen,TPN,56.478,,56.478,,µg/l,Legacy_AutoAnalyzer -- Nutrients,,,,See Field Notes,Bucket in on 27 I 2012 at 0845 hrs.; -High winds at times; lite snow/rain at times but not enough to collect a wet precip sample.; -Little debris but still filtered through 500 um mesh nitex,QC: 20120417O Spikes: 105.933; 0.000 Reps: 113.349; 113.786; 123.786; 123.598 Knowns: 104.207; 108.956,NAP data file KO TN Ch#4 20120417.  Glutamic acid digestion check standard=102%,
FMP,FMP06598,FMP06598,Yellow Bay Knob @ Flathead Lake BioStation,TMP03416,,2/1/2012,0,0,Deposition-Dry,730.7,Legacy_Deposition,Total Phosphorus,TP,1.082,Q,1.082,,µg/l,Legacy_AutoAnalyzer -- Nutrients,,,,See Field Notes,Bucket in on 27 I 2012 at 0845 hrs.; -High winds at times; lite snow/rain at times but not enough to collect a wet precip sample.; -Little debris but still filtered through 500 um mesh nitex,QC: 20120321P Spikes: 94.233; 93.360 Reps: 5.482; 6.476; 3.140; 2.998 Knowns: 100.603; 95.399,,TP<SRP
FMP,FMP06608,FMP06608,Yellow Bay Knob @ Flathead Lake BioStation,TMP03416,,2/9/2012,0,0,Deposition-Dry,1028,Legacy_Deposition,Total Nitrogen,TPN,89.288,,89.288,,µg/l,Legacy_AutoAnalyzer -- Nutrients,,,,See Field Notes,Bucket in on 01 II 12 @ 0930 hrs.; -Trace snow yesterday; lite to no wind 1st few days and over the weekend; sunny at times with temps. in the low 20's to mid-30's ; -Little debris in bucket; filtered through 500 micron mesh nitex;,QC: 20120417O Spikes: 105.933; 0.000 Reps: 113.349; 113.786; 123.786; 123.598 Knowns: 104.207; 108.956,NAP data file KO TN Ch#4 20120417.  Glutamic acid digestion check standard=102%,
FMP,FMP06608,FMP06608,Yellow Bay Knob @ Flathead Lake BioStation,TMP03416,,2/9/2012,0,0,Deposition-Dry,1028,Legacy_Deposition,Total Phosphorus,TP,1.082,Q,1.082,,µg/l,Legacy_AutoAnalyzer -- Nutrients,,,,See Field Notes,Bucket in on 01 II 12 @ 0930 hrs.; -Trace snow yesterday; lite to no wind 1st few days and over the weekend; sunny at times with temps. in the low 20's to mid-30's ; -Little debris in bucket; filtered through 500 micron mesh nitex;,QC: 20120321P Spikes: 94.233; 93.360 Reps: 5.482; 6.476; 3.140; 2.998 Knowns: 100.603; 95.399,,TP<SRP
FMP,FMP06609,FMP06609,Yellow Bay Knob @ Flathead Lake BioStation,TMP03416,,2/15/2012,0,0,Deposition-Dry,1212.2,Legacy_Deposition,Total Nitrogen,TPN,140.347,,140.347,,µg/l,Legacy_AutoAnalyzer -- Nutrients,,,,See Field Notes,Bucket in on 09 II 2012 at 1445 hrs.; -Trace snow until friday then snow through the weekend; lite wind at times.; -Little debris; filtered through 500 micron mesh nitex,QC: 20120417O Spikes: 105.933; 0.000 Reps: 113.349; 113.786; 123.786; 123.598 Knowns: 104.207; 108.956,NAP data file KO TN Ch#4 20120417.  Glutamic acid digestion check standard=102%,
FMP,FMP06609,FMP06609,Yellow Bay Knob @ Flathead Lake BioStation,TMP03416,,2/15/2012,0,0,Deposition-Dry,1212.2,Legacy_Deposition,Total Phosphorus,TP,1.65,,1.65,,µg/l,Legacy_AutoAnalyzer -- Nutrients,,,,See Field Notes,Bucket in on 09 II 2012 at 1445 hrs.; -Trace snow until friday then snow through the weekend; lite wind at times.; -Little debris; filtered through 500 micron mesh nitex,QC: 20120321P Spikes: 94.233; 93.360 Reps: 5.482; 6.476; 3.140; 2.998 Knowns: 100.603; 95.399,,
FMP,FMP06616,FMP06616,Yellow Bay Knob @ Flathead Lake BioStation,TMP03416,,2/22/2012,0,0,Deposition-Dry,1359.2,Legacy_Deposition,Total Nitrogen,TPN,94.1,,94.1,,µg/l,Legacy_AutoAnalyzer -- Nutrients,,,,See Field Notes,Bucket in on 15 II 2012 @ 1615 hrs.; -High wind at times; trace precip in the form of rain primarily warmer weather; -Lite debris: filter through 500 micron mesh nitex;,QC: 20120417O Spikes: 105.933; 0.000 Reps: 113.349; 113.786; 123.786; 123.598 Knowns: 104.207; 108.956,NAP data file KO TN Ch#4 20120417.  Glutamic acid digestion check standard=102%,
FMP,FMP06616,FMP06616,Yellow Bay Knob @ Flathead Lake BioStation,TMP03416,,2/22/2012,0,0,Deposition-Dry,1359.2,Legacy_Deposition,Total Phosphorus,TP,0.798,Q,0.798,,µg/l,Legacy_AutoAnalyzer -- Nutrients,,,,See Field Notes,Bucket in on 15 II 2012 @ 1615 hrs.; -High wind at times; trace precip in the form of rain primarily warmer weather; -Lite debris: filter through 500 micron mesh nitex;,QC: 20120321P Spikes: 94.233; 93.360 Reps: 5.482; 6.476; 3.140; 2.998 Knowns: 100.603; 95.399,,TP<SRP
FMP,FMP06617,FMP06617,Yellow Bay Knob @ Flathead Lake BioStation,TMP03416,,2/29/2012,0,0,Deposition-Dry,896.1,Legacy_Deposition,Total Nitrogen,TPN,79.476,,79.476,,µg/l,Legacy_AutoAnalyzer -- Nutrients,,,,See Field Notes,Bucket in on 22 II 12 @ 1430 hrs; -High winds at times; trace snow; lots of freeze and thaw cycles.; -Lite debris; filtered through 500 micron mesh nitex,QC: 20120417O Spikes: 105.933; 0.000 Reps: 113.349; 113.786; 123.786; 123.598 Knowns: 104.207; 108.956,NAP data file KO TN Ch#4 20120417.  Glutamic acid digestion check standard=102%,
FMP,FMP06617,FMP06617,Yellow Bay Knob @ Flathead Lake BioStation,TMP03416,,2/29/2012,0,0,Deposition-Dry,896.1,Legacy_Deposition,Total Phosphorus,TP,1.295,Q,1.295,,µg/l,Legacy_AutoAnalyzer -- Nutrients,,,,See Field Notes,Bucket in on 22 II 12 @ 1430 hrs; -High winds at times; trace snow; lots of freeze and thaw cycles.; -Lite debris; filtered through 500 micron mesh nitex,QC: 20120321P Spikes: 94.233; 93.360 Reps: 5.482; 6.476; 3.140; 2.998 Knowns: 100.603; 95.399,,TP<SRP
FMP,FMP06619,FMP06619,Yellow Bay Knob @ Flathead Lake BioStation,TMP03416,,3/7/2012,0,0,Deposition-Dry,881.7,Legacy_Deposition,Total Nitrogen,TPN,87.726,,87.726,,µg/l,Legacy_AutoAnalyzer -- Nutrients,,,,See Field Notes,"Bucket in on 29 II 12 at 1130 hrs.; -Aded Typer I ater to Bucket in lab, only ~250 ml of ultra pure in the bucket=evaporation ; -High winds at times; trace precip; air temps up to 50 degrees F at times; -Sparse debris; still flitered through 500 micron m",QC: 20120417O Spikes: 105.933; 0.000 Reps: 113.349; 113.786; 123.786; 123.598 Knowns: 104.207; 108.956,NAP data file KO TN Ch#4 20120417.  Glutamic acid digestion check standard=102%,
FMP,FMP06619,FMP06619,Yellow Bay Knob @ Flathead Lake BioStation,TMP03416,,3/7/2012,0,0,Deposition-Dry,881.7,Legacy_Deposition,Total Phosphorus,TP,2.502,,2.502,,µg/l,Legacy_AutoAnalyzer -- Nutrients,,,,See Field Notes,"Bucket in on 29 II 12 at 1130 hrs.; -Aded Typer I ater to Bucket in lab, only ~250 ml of ultra pure in the bucket=evaporation ; -High winds at times; trace precip; air temps up to 50 degrees F at times; -Sparse debris; still flitered through 500 micron m",QC: 20120321P Spikes: 94.233; 93.360 Reps: 5.482; 6.476; 3.140; 2.998 Knowns: 100.603; 95.399,,
FMP,FMP06634,FMP06634,Yellow Bay Knob @ Flathead Lake BioStation,TMP03416,,3/15/2012,0,0,Deposition-Dry,776.4,Legacy_Deposition,Total Nitrogen,TPN,119.723,,119.723,,µg/l,Legacy_AutoAnalyzer -- Nutrients,,,,See Field Notes,Bucket in on 07 III 2012 at 1430 hrs.; -High winds at times; some personal fires around the lake and at the station; trace precip; Temperatures had been upwards of 50 degrees F at times.; -Sparse debris; filtered through 500 um mesh nitex,QC: 20120417O Spikes: 105.933; 0.000 Reps: 113.349; 113.786; 123.786; 123.598 Knowns: 104.207; 108.956,NAP data file KO TN Ch#4 20120417.  Glutamic acid digestion check standard=102%,
FMP,FMP06634,FMP06634,Yellow Bay Knob @ Flathead Lake BioStation,TMP03416,,3/15/2012,0,0,Deposition-Dry,776.4,Legacy_Deposition,Total Phosphorus,TP,4.489,,4.489,,µg/l,Legacy_AutoAnalyzer -- Nutrients,,,,See Field Notes,Bucket in on 07 III 2012 at 1430 hrs.; -High winds at times; some personal fires around the lake and at the station; trace precip; Temperatures had been upwards of 50 degrees F at times.; -Sparse debris; filtered through 500 um mesh nitex,QC: 20120321P Spikes: 94.233; 93.360 Reps: 5.482; 6.476; 3.140; 2.998 Knowns: 100.603; 95.399,,
FMP,FMP06635,FMP06635,Yellow Bay Knob @ Flathead Lake BioStation,TMP03416,,3/22/2012,0,0,Deposition-Dry,1510,Legacy_Deposition,Total Nitrogen,TPN,113,,113,,µg/L-N,Legacy_MurdochTransition,,,,See Field Notes,Bucket in on 15 III 12 @1100 hrs.; -High windstorms at times; lots of precip (snow and rain) with freeze/thaw cycles; -lites debris in the sample; few pine needles; filtered through 500 um mesh nitex;,,,
FMP,FMP06635,FMP06635,Yellow Bay Knob @ Flathead Lake BioStation,TMP03416,,3/22/2012,0,0,Deposition-Dry,1510,Legacy_Deposition,Total Phosphorus,TP,2.9,,2.9,,µg/L-P,Legacy_MurdochTransition,,,,See Field Notes,Bucket in on 15 III 12 @1100 hrs.; -High windstorms at times; lots of precip (snow and rain) with freeze/thaw cycles; -lites debris in the sample; few pine needles; filtered through 500 um mesh nitex;,,,
FMP,FMP06637,FMP06637,Yellow Bay Knob @ Flathead Lake BioStation,TMP03416,,3/28/2012,0,0,Deposition-Dry,1180.5,Legacy_Deposition,Total Nitrogen,TPN,121.9,,121.9,,µg/L-N,Legacy_MurdochTransition,,,,See Field Notes,Bucket in on 22 III 2012 at 1030 hrs.; -High winds at times; warm and sunny weather last weekedn and Monday and Tuesday of this week; rain and snow storms in the forcast for the rest of the week and into next week.; -Lite debris; filtered through 500 um,,,
FMP,FMP06637,FMP06637,Yellow Bay Knob @ Flathead Lake BioStation,TMP03416,,3/28/2012,0,0,Deposition-Dry,1180.5,Legacy_Deposition,Total Phosphorus,TP,3.2,,3.2,,µg/L-P,Legacy_MurdochTransition,,,,See Field Notes,Bucket in on 22 III 2012 at 1030 hrs.; -High winds at times; warm and sunny weather last weekedn and Monday and Tuesday of this week; rain and snow storms in the forcast for the rest of the week and into next week.; -Lite debris; filtered through 500 um,,,
FMP,FMP06653,FMP06653,Yellow Bay Knob @ Flathead Lake BioStation,TMP03416,,4/4/2012,0,0,Deposition-Dry,1001.2,Legacy_Deposition,Total Nitrogen,TPN,84.6,,84.6,,µg/L-N,Legacy_MurdochTransition,,,,See Field Notes,"Bucket in 28III12 @ 1030 hours.  High winds at times with rain storms.  Warmer weather last 4 days.  People are slash burning in the valley.  USFS conducted a prescribed burn ib Woods Bay yesterday.  Moderate organics in sample, filtered through 500um mes",,,
FMP,FMP06653,FMP06653,Yellow Bay Knob @ Flathead Lake BioStation,TMP03416,,4/4/2012,0,0,Deposition-Dry,1001.2,Legacy_Deposition,Total Phosphorus,TP,2.3,,2.3,,µg/L-P,Legacy_MurdochTransition,,,,See Field Notes,"Bucket in 28III12 @ 1030 hours.  High winds at times with rain storms.  Warmer weather last 4 days.  People are slash burning in the valley.  USFS conducted a prescribed burn ib Woods Bay yesterday.  Moderate organics in sample, filtered through 500um mes",,,
FMP,FMP06654,FMP06654,Yellow Bay Knob @ Flathead Lake BioStation,TMP03416,,4/11/2012,0,0,Deposition-Dry,886.3,Legacy_Deposition,Total Nitrogen,TPN,121.5,,121.5,,µg/L-N,Legacy_MurdochTransition,,,,See Field Notes,"Bucket in 04IV12 @ 1400 hours.  Moderate to high winds at times.  Mostly dry for last week.  Air temps in the 60's at times.  Light debris in the samples, filtered through 500um mesh.",,,
FMP,FMP06654,FMP06654,Yellow Bay Knob @ Flathead Lake BioStation,TMP03416,,4/11/2012,0,0,Deposition-Dry,886.3,Legacy_Deposition,Total Phosphorus,TP,4.8,,4.8,,µg/L-P,Legacy_MurdochTransition,,,,See Field Notes,"Bucket in 04IV12 @ 1400 hours.  Moderate to high winds at times.  Mostly dry for last week.  Air temps in the 60's at times.  Light debris in the samples, filtered through 500um mesh.",,,
FMP,FMP06663,FMP06663,Yellow Bay Knob @ Flathead Lake BioStation,TMP03416,,4/19/2012,0,0,Deposition-Dry,1043.7,Legacy_Deposition,Total Nitrogen,TPN,380.6,,380.6,,µg/L-N,Legacy_MurdochTransition,,,,See Field Notes,"Bucket in 11IV12 @ 1000 hours.  Moderate to high winds at times with heavy rain and snow showers.  Warm day time temps, but still fairly cold nights.  One dipteran in sample, filtered through 500 um mesh .  Still some slash burning in the valley.",,,
FMP,FMP06663,FMP06663,Yellow Bay Knob @ Flathead Lake BioStation,TMP03416,,4/19/2012,0,0,Deposition-Dry,1043.7,Legacy_Deposition,Total Phosphorus,TP,15.4,,15.4,,µg/L-P,Legacy_MurdochTransition,,,,See Field Notes,"Bucket in 11IV12 @ 1000 hours.  Moderate to high winds at times with heavy rain and snow showers.  Warm day time temps, but still fairly cold nights.  One dipteran in sample, filtered through 500 um mesh .  Still some slash burning in the valley.",,,
FMP,FMP06670,FMP06670,Yellow Bay Knob @ Flathead Lake BioStation,TMP03416,,4/27/2012,0,0,Deposition-Dry,787.4,Legacy_Deposition,Total Nitrogen,TPN,1079.1,,1079.1,,µg/L-N,Legacy_MurdochTransition,,,,See Field Notes,"Bucket in on 19 IV 2012 at 1100 hrs. ; -Windy and warm, scattered heavy rain for the last week.; -Moderate organics and a few flies in sample. Filtered through 500 um mesh nitex.",,,
FMP,FMP06670,FMP06670,Yellow Bay Knob @ Flathead Lake BioStation,TMP03416,,4/27/2012,0,0,Deposition-Dry,787.4,Legacy_Deposition,Total Phosphorus,TP,183.5,,183.5,,µg/L-P,Legacy_MurdochTransition,,,,See Field Notes,"Bucket in on 19 IV 2012 at 1100 hrs. ; -Windy and warm, scattered heavy rain for the last week.; -Moderate organics and a few flies in sample. Filtered through 500 um mesh nitex.",,,
FMP,FMP06672,FMP06672,Yellow Bay Knob @ Flathead Lake BioStation,TMP03416,,5/3/2012,0,0,Deposition-Dry,1452.2,Legacy_Deposition,Total Nitrogen,TPN,140.6,,140.6,,µg/L-N,Legacy_MurdochTransition,,,,See Field Notes,"Bucket in on 27 IV 12 at 0930 hrs.; -windy at times and warm days with cool nights until this week, colder with rain showers.; -Moderate organics and 1 Dipteran; Filtered through 500 um mesh nitex.",,,
FMP,FMP06672,FMP06672,Yellow Bay Knob @ Flathead Lake BioStation,TMP03416,,5/3/2012,0,0,Deposition-Dry,1452.2,Legacy_Deposition,Total Phosphorus,TP,10.1,,10.1,,µg/L-P,Legacy_MurdochTransition,,,,See Field Notes,"Bucket in on 27 IV 12 at 0930 hrs.; -windy at times and warm days with cool nights until this week, colder with rain showers.; -Moderate organics and 1 Dipteran; Filtered through 500 um mesh nitex.",,,
FMP,FMP06720,FMP06720,Yellow Bay Knob @ Flathead Lake BioStation,TMP03416,,5/10/2012,0,0,Deposition-Dry,580.3,Legacy_Deposition,Total Nitrogen,TPN,367.7,,367.7,,µg/L-N,Legacy_MurdochTransition,,,,See Field Notes,"Bucket in on 03V12 @ 0955 hrs.; -Mostly sunny, dry, and calm for the last week, windy today and yesterday.; -Slight haze in the valley, light pollen; -light organics in the sample, filtered through 500 um mesh",,,
FMP,FMP06720,FMP06720,Yellow Bay Knob @ Flathead Lake BioStation,TMP03416,,5/10/2012,0,0,Deposition-Dry,580.3,Legacy_Deposition,Total Phosphorus,TP,30.9,,30.9,,µg/L-P,Legacy_MurdochTransition,,,,See Field Notes,"Bucket in on 03V12 @ 0955 hrs.; -Mostly sunny, dry, and calm for the last week, windy today and yesterday.; -Slight haze in the valley, light pollen; -light organics in the sample, filtered through 500 um mesh",,,
FMP,FMP06755,FMP06755,Yellow Bay Knob @ Flathead Lake BioStation,TMP03416,,5/16/2012,0,0,Deposition-Dry,648,Legacy_Deposition,Total Nitrogen,TPN,223.9,,223.9,,µg/L-N,Legacy_MurdochTransition,,,,See Field Notes,Bucket in on 10 V 12 @ 1000 hrs.; -Mostly sunny and warm; High winds at times ; -Lite organics and pollen; 1 fly; filtered through 500 um mesh nitex,,,
FMP,FMP06755,FMP06755,Yellow Bay Knob @ Flathead Lake BioStation,TMP03416,,5/16/2012,0,0,Deposition-Dry,648,Legacy_Deposition,Total Phosphorus,TP,34.4,,34.4,,µg/L-P,Legacy_MurdochTransition,,,,See Field Notes,Bucket in on 10 V 12 @ 1000 hrs.; -Mostly sunny and warm; High winds at times ; -Lite organics and pollen; 1 fly; filtered through 500 um mesh nitex,,,
FMP,FMP06762,FMP06762,Yellow Bay Knob @ Flathead Lake BioStation,TMP03416,,5/25/2012,0,0,Deposition-Dry,709.4,Legacy_Deposition,Total Nitrogen,TPN,550.6,,550.6,,µg/L-N,Legacy_MurdochTransition,,,,See Field Notes,Bucket in on 16 V 12 at 1445 hrs.; -Rain and wind all week. Pollen pretty heavy in the air.; -Moderate to high organics in sample; filtered through 500 um mesh,,,
FMP,FMP06762,FMP06762,Yellow Bay Knob @ Flathead Lake BioStation,TMP03416,,5/25/2012,0,0,Deposition-Dry,709.4,Legacy_Deposition,Total Phosphorus,TP,59.9,,59.9,,µg/L-P,Legacy_MurdochTransition,,,,See Field Notes,Bucket in on 16 V 12 at 1445 hrs.; -Rain and wind all week. Pollen pretty heavy in the air.; -Moderate to high organics in sample; filtered through 500 um mesh,,,
FMP,FMP06778,FMP06778,Yellow Bay Knob @ Flathead Lake BioStation,TMP03416,,6/1/2012,0,0,Deposition-Dry,1308,Legacy_Deposition,Total Nitrogen,TPN,278.8,,278.8,,µg/L-N,Legacy_MurdochTransition,,,,See Field Notes,Bucket in on 25 V 2012 at 100 hrs. ; -Lots of rain last six days; high winds at times; cooler weather; -Moderate debris in sample but small size; filtered through 500 um mesh nitex.,,,
FMP,FMP06778,FMP06778,Yellow Bay Knob @ Flathead Lake BioStation,TMP03416,,6/1/2012,0,0,Deposition-Dry,1308,Legacy_Deposition,Total Phosphorus,TP,22.9,,22.9,,µg/L-P,Legacy_MurdochTransition,,,,See Field Notes,Bucket in on 25 V 2012 at 100 hrs. ; -Lots of rain last six days; high winds at times; cooler weather; -Moderate debris in sample but small size; filtered through 500 um mesh nitex.,,,
FMP,FMP06786,FMP06786,Yellow Bay Knob @ Flathead Lake BioStation,TMP03416,,6/9/2012,0,0,Deposition-Dry,1056.5,Legacy_Deposition,Total Nitrogen,TPN,288.8,,288.8,,µg/L-N,Legacy_MurdochTransition,,,,See Field Notes,"Bucket in on 01 VI 12 @ 0900 hrs.; -Rainy, cool, moderate wind for the last week. Light organics in the sample. Filtered through 500 um mesh.",,,
FMP,FMP06786,FMP06786,Yellow Bay Knob @ Flathead Lake BioStation,TMP03416,,6/9/2012,0,0,Deposition-Dry,1056.5,Legacy_Deposition,Total Phosphorus,TP,27.3,,27.3,,µg/L-P,Legacy_MurdochTransition,,,,See Field Notes,"Bucket in on 01 VI 12 @ 0900 hrs.; -Rainy, cool, moderate wind for the last week. Light organics in the sample. Filtered through 500 um mesh.",,,
FMP,FMP06804,FMP06804,Yellow Bay Knob @ Flathead Lake BioStation,TMP03416,,6/13/2012,0,0,Deposition-Dry,1412.4,Legacy_Deposition,Total Nitrogen,TPN,106.3,,106.3,,µg/L-N,Legacy_MurdochTransition,,,,See Field Notes,Bucket in on 09 VI 12 at 0930 hrs.; -Lite organics and some pollen in sample; filtered through 500 um mesh; -High winds at times and rain; Sunny Monday and part of Tuesday.,,,
FMP,FMP06804,FMP06804,Yellow Bay Knob @ Flathead Lake BioStation,TMP03416,,6/13/2012,0,0,Deposition-Dry,1412.4,Legacy_Deposition,Total Phosphorus,TP,9.7,,9.7,,µg/L-P,Legacy_MurdochTransition,,,,See Field Notes,Bucket in on 09 VI 12 at 0930 hrs.; -Lite organics and some pollen in sample; filtered through 500 um mesh; -High winds at times and rain; Sunny Monday and part of Tuesday.,,,
FMP,FMP06812,FMP06812,Yellow Bay Knob @ Flathead Lake BioStation,TMP03416,,6/21/2012,0,0,Deposition-Dry,893,Legacy_Deposition,Total Nitrogen,TPN,281.2,,281.2,,µg/L-N,Legacy_MurdochTransition,,,,See Field Notes,Bucket in on 13 VI 12 at 1030 hrs.; -Heavy organics and noticeable pollen ring in the bucket; filtered through 500 um mesh nitex; -High winds and showers at times; warm and sunny last two days,,,
FMP,FMP06812,FMP06812,Yellow Bay Knob @ Flathead Lake BioStation,TMP03416,,6/21/2012,0,0,Deposition-Dry,893,Legacy_Deposition,Total Phosphorus,TP,43.5,,43.5,,µg/L-P,Legacy_MurdochTransition,,,,See Field Notes,Bucket in on 13 VI 12 at 1030 hrs.; -Heavy organics and noticeable pollen ring in the bucket; filtered through 500 um mesh nitex; -High winds and showers at times; warm and sunny last two days,,,
FMP,FMP06822,FMP06822,Yellow Bay Knob @ Flathead Lake BioStation,TMP03416,,6/28/2012,0,0,Deposition-Dry,1343.6,Legacy_Deposition,Total Nitrogen,TPN,524.9,,524.9,,µg/L-N,Legacy_MurdochTransition,,,,See Field Notes,"Bucket in on 28 VI 12 at 0950 hrs.; -Heavy organics and 1 Hymenoptera and 3 Coleoptera in sample; Filtered through 500 um mesh nitex; -Warm and sunny last two days but thunderstorms and rain at times Saturday, Sunday, and Tuesday. High winds came wirth t",,,
FMP,FMP06822,FMP06822,Yellow Bay Knob @ Flathead Lake BioStation,TMP03416,,6/28/2012,0,0,Deposition-Dry,1343.6,Legacy_Deposition,Total Phosphorus,TP,131.3,,131.3,,µg/L-P,Legacy_MurdochTransition,,,,See Field Notes,"Bucket in on 28 VI 12 at 0950 hrs.; -Heavy organics and 1 Hymenoptera and 3 Coleoptera in sample; Filtered through 500 um mesh nitex; -Warm and sunny last two days but thunderstorms and rain at times Saturday, Sunday, and Tuesday. High winds came wirth t",,,
FMP,FMP06823,FMP06823,Yellow Bay Knob @ Flathead Lake BioStation,TMP03416,,7/5/2012,0,0,Deposition-Dry,851.1,Legacy_Deposition,Total Nitrogen,TPN,509.4,,509.4,,µg/L-N,Legacy_MurdochTransition,,,,See Field Notes,Bucket in on 28 VI 12 at 0950 hrs. ; -Heavy organics and 7 flies (Hymenoptera and Dipterans) in the sample; filtered through 500 um mesh nitex; -Warm aand sunny with intermittent thunder and rainstorms at times coupled with high winds,,,
FMP,FMP06823,FMP06823,Yellow Bay Knob @ Flathead Lake BioStation,TMP03416,,7/5/2012,0,0,Deposition-Dry,851.1,Legacy_Deposition,Total Phosphorus,TP,97.2,,97.2,,µg/L-P,Legacy_MurdochTransition,,,,See Field Notes,Bucket in on 28 VI 12 at 0950 hrs. ; -Heavy organics and 7 flies (Hymenoptera and Dipterans) in the sample; filtered through 500 um mesh nitex; -Warm aand sunny with intermittent thunder and rainstorms at times coupled with high winds,,,
FMP,FMP06835,FMP06835,Yellow Bay Knob @ Flathead Lake BioStation,TMP03416,,7/12/2012,0,0,Deposition-Dry,1095.8,Legacy_Deposition,Total Nitrogen,TPN,126.4,,126.4,,µg/L-N,Legacy_MurdochTransition,,,,See Field Notes,Bucket in on 05 VII 12 at 1330 hrs.; -Dry and sunny this last week except for Monday night there were thnuderstorms that brought rain. Hot temps between 85-90 degrees F; -Lite organics in bucket; water evaporated during the week; replenished water in the,,,
FMP,FMP06835,FMP06835,Yellow Bay Knob @ Flathead Lake BioStation,TMP03416,,7/12/2012,0,0,Deposition-Dry,1095.8,Legacy_Deposition,Total Phosphorus,TP,44.6,,44.6,,µg/L-P,Legacy_MurdochTransition,,,,See Field Notes,Bucket in on 05 VII 12 at 1330 hrs.; -Dry and sunny this last week except for Monday night there were thnuderstorms that brought rain. Hot temps between 85-90 degrees F; -Lite organics in bucket; water evaporated during the week; replenished water in the,,,
FMP,FMP06836,FMP06836,Yellow Bay Knob @ Flathead Lake BioStation,TMP03416,,7/19/2012,0,0,Deposition-Dry,1450.2,Legacy_Deposition,Total Nitrogen,TPN,137.7,,137.7,,µg/L-N,Legacy_MurdochTransition,,,,See Field Notes,"Bucket in on 12 VII 12 at 1523 hrs.; -Very light organics in the sample; filtered through 500 um mesh nitex; -Hot, sunny, hazy all week. Heavy rain in 15 VII 12, all day; ***Cover stuck over dry bucket",,,
FMP,FMP06836,FMP06836,Yellow Bay Knob @ Flathead Lake BioStation,TMP03416,,7/19/2012,0,0,Deposition-Dry,1450.2,Legacy_Deposition,Total Phosphorus,TP,7.9,,7.9,,µg/L-P,Legacy_MurdochTransition,,,,See Field Notes,"Bucket in on 12 VII 12 at 1523 hrs.; -Very light organics in the sample; filtered through 500 um mesh nitex; -Hot, sunny, hazy all week. Heavy rain in 15 VII 12, all day; ***Cover stuck over dry bucket",,,
FMP,FMP06844,FMP06844,Yellow Bay Knob @ Flathead Lake BioStation,TMP03416,,7/25/2012,0,0,Deposition-Dry,1106.6,Legacy_Deposition,Total Nitrogen,TPN,73.9,,73.9,,µg/L-N,Legacy_MurdochTransition,,,,See Field Notes,"Bucket in 19 VII 12 @ 0930 hrs.; -Very light organics in sample, ~6 small pine needles; filtered through 500 um mesh; -Hot and sunny all week, with some variable winds on 23 VII 12 and 24 VII 12, Temps. in the 80-90's all week.",,,
FMP,FMP06844,FMP06844,Yellow Bay Knob @ Flathead Lake BioStation,TMP03416,,7/25/2012,0,0,Deposition-Dry,1106.6,Legacy_Deposition,Total Phosphorus,TP,9.2,,9.2,,µg/L-P,Legacy_MurdochTransition,,,,See Field Notes,"Bucket in 19 VII 12 @ 0930 hrs.; -Very light organics in sample, ~6 small pine needles; filtered through 500 um mesh; -Hot and sunny all week, with some variable winds on 23 VII 12 and 24 VII 12, Temps. in the 80-90's all week.",,,
FMP,FMP06861,FMP06861,Yellow Bay Knob @ Flathead Lake BioStation,TMP03416,,8/1/2012,0,0,Deposition-Dry,889.5,Legacy_Deposition,Total Nitrogen,TPN,224.5,,224.5,,µg/L-N,Legacy_MurdochTransition,,,,See Field Notes,"Bucket in 25VII12 @ 0920 hours.  Hot, sunny and dry for last week.  Light organics in sample, filtered through 500um mesh.",,,
FMP,FMP06861,FMP06861,Yellow Bay Knob @ Flathead Lake BioStation,TMP03416,,8/1/2012,0,0,Deposition-Dry,889.5,Legacy_Deposition,Total Phosphorus,TP,11.9,,11.9,,µg/L-P,Legacy_MurdochTransition,,,,See Field Notes,"Bucket in 25VII12 @ 0920 hours.  Hot, sunny and dry for last week.  Light organics in sample, filtered through 500um mesh.",,,
FMP,FMP06873,FMP06873,Yellow Bay Knob @ Flathead Lake BioStation,TMP03416,,8/10/2012,0,0,Deposition-Dry,886.8,Legacy_Deposition,Total Nitrogen,TPN,242.5,,242.5,,µg/L-N,Legacy_MurdochTransition,,,,See Field Notes,"Bucket in on 01 VIII 12 at 0930 hrs.; -Few bugs in sample. Only about 200 ml in bucket.; -Added DI water to bucket, stirred up and then filtered through 500 um mesh nitex into sample bottle.; -Hot and dry for the last week.; **Smokey in the vally last tw",,,
FMP,FMP06873,FMP06873,Yellow Bay Knob @ Flathead Lake BioStation,TMP03416,,8/10/2012,0,0,Deposition-Dry,886.8,Legacy_Deposition,Total Phosphorus,TP,36.3,,36.3,,µg/L-P,Legacy_MurdochTransition,,,,See Field Notes,"Bucket in on 01 VIII 12 at 0930 hrs.; -Few bugs in sample. Only about 200 ml in bucket.; -Added DI water to bucket, stirred up and then filtered through 500 um mesh nitex into sample bottle.; -Hot and dry for the last week.; **Smokey in the vally last tw",,,
FMP,FMP06906,FMP06906,Yellow Bay Knob @ Flathead Lake BioStation,TMP03416,,8/17/2012,0,0,Deposition-Dry,1398.5,Legacy_Deposition,Total Nitrogen,TPN,150.6,,150.6,,µg/L-N,Legacy_MurdochTransition,,,,See Field Notes,"Bucket in 10VIII12 @ 0830 hours.  Hot, dry and windy for last week.  Some haze from smoke.  Light organics and a few pine needles in sample, filtered through 500um mesh.  Collected and filtered by Phil Matson.",,,
FMP,FMP06906,FMP06906,Yellow Bay Knob @ Flathead Lake BioStation,TMP03416,,8/17/2012,0,0,Deposition-Dry,1398.5,Legacy_Deposition,Total Phosphorus,TP,20.5,,20.5,,µg/L-P,Legacy_MurdochTransition,,,,See Field Notes,"Bucket in 10VIII12 @ 0830 hours.  Hot, dry and windy for last week.  Some haze from smoke.  Light organics and a few pine needles in sample, filtered through 500um mesh.  Collected and filtered by Phil Matson.",,,
FMP,FMP06957,FMP06957,Yellow Bay Knob @ Flathead Lake BioStation,TMP03416,,8/23/2012,0,0,Deposition-Dry,1081.8,Legacy_Deposition,Total Nitrogen,TPN,184.7,,184.7,,µg/L-N,Legacy_MurdochTransition,,,,See Field Notes,"BUcket in 17 VIII12 @ 1002 hours.  HAZY from SMOKE in the valley.  Hot, sunny, light wind for last week.  Moderate organics in sample, filtered through 500um mesh.  ***Cover over DRY BUCKET when collected.  Seems to be working fine, may have triggered yes",,,
FMP,FMP06957,FMP06957,Yellow Bay Knob @ Flathead Lake BioStation,TMP03416,,8/23/2012,0,0,Deposition-Dry,1081.8,Legacy_Deposition,Total Phosphorus,TP,17.7,,17.7,,µg/L-P,Legacy_MurdochTransition,,,,See Field Notes,"BUcket in 17 VIII12 @ 1002 hours.  HAZY from SMOKE in the valley.  Hot, sunny, light wind for last week.  Moderate organics in sample, filtered through 500um mesh.  ***Cover over DRY BUCKET when collected.  Seems to be working fine, may have triggered yes",,,
FMP,FMP06972,FMP06972,Yellow Bay Knob @ Flathead Lake BioStation,TMP03416,,8/30/2012,0,0,Deposition-Dry,842.9,Legacy_Deposition,Total Nitrogen,TPN,608.5,,608.5,,µg/L-N,Legacy_MurdochTransition,,,,See Field Notes,"Bucket in 23VIII12 @ 0830 hours.  HAZY from SMOKE (very bad at times).  Hot, sunny, humid occasional wind.  Moderate to heavy organics in sample , plus 1 large beetle.  Filtered through 500um mesh.",,,
FMP,FMP06972,FMP06972,Yellow Bay Knob @ Flathead Lake BioStation,TMP03416,,8/30/2012,0,0,Deposition-Dry,842.9,Legacy_Deposition,Total Phosphorus,TP,116.9,,116.9,,µg/L-P,Legacy_MurdochTransition,,,,See Field Notes,"Bucket in 23VIII12 @ 0830 hours.  HAZY from SMOKE (very bad at times).  Hot, sunny, humid occasional wind.  Moderate to heavy organics in sample , plus 1 large beetle.  Filtered through 500um mesh.",,,
FMP,FMP06975,FMP06975,Yellow Bay Knob @ Flathead Lake BioStation,TMP03416,,9/7/2012,0,0,Deposition-Dry,928.1,Legacy_Deposition,Total Nitrogen,TPN,472.6,,472.6,,µg/L-N,Legacy_MurdochTransition,,,,See Field Notes,Bucket in on 30 VIII 12 at 1110 hrs. ; -Still some fires in W. Montana; high winds at times but mostly dryand hot with tome showers from thunderstorms. Light organics and 1 bee in the sample; filtered through 500 um mesh nitex; ** LODA went down on 06 IX,,,
FMP,FMP06975,FMP06975,Yellow Bay Knob @ Flathead Lake BioStation,TMP03416,,9/7/2012,0,0,Deposition-Dry,928.1,Legacy_Deposition,Total Phosphorus,TP,100.1,,100.1,,µg/L-P,Legacy_MurdochTransition,,,,See Field Notes,Bucket in on 30 VIII 12 at 1110 hrs. ; -Still some fires in W. Montana; high winds at times but mostly dryand hot with tome showers from thunderstorms. Light organics and 1 bee in the sample; filtered through 500 um mesh nitex; ** LODA went down on 06 IX,,,
FMP,FMP06992,FMP06992,Yellow Bay Knob @ Flathead Lake BioStation,TMP03416,,9/14/2012,0,0,Deposition-Dry,965.4,Legacy_Deposition,Total Nitrogen,TPN,247.5,,247.5,,µg/L-N,Legacy_MurdochTransition,,,,See Field Notes,Bucket in on 07 IX 12 at 1330 hrs.; -High winds on Monday and Tuesday of this week; still hot and hazy at times from fires ; -Moderate organics; 1 bee; 3 beetles and filtered through 500 um mesh;,,,
FMP,FMP06992,FMP06992,Yellow Bay Knob @ Flathead Lake BioStation,TMP03416,,9/14/2012,0,0,Deposition-Dry,965.4,Legacy_Deposition,Total Phosphorus,TP,30.7,,30.7,,µg/L-P,Legacy_MurdochTransition,,,,See Field Notes,Bucket in on 07 IX 12 at 1330 hrs.; -High winds on Monday and Tuesday of this week; still hot and hazy at times from fires ; -Moderate organics; 1 bee; 3 beetles and filtered through 500 um mesh;,,,
FMP,FMP06993,FMP06993,Yellow Bay Knob @ Flathead Lake BioStation,TMP03416,,9/20/2012,0,0,Deposition-Dry,935.5,Legacy_Deposition,Total Nitrogen,TPN,211.1,,211.1,,µg/L-N,Legacy_MurdochTransition,,,,See Field Notes,"Bucket in on 14 IX 12 at 1400 hrs.; Moderate winds at times with temperatures in the 80's. light organics in the sample; 1 horsefly; filtered through 500 um mesh nitex.; -LODA is working again, so I removed the wet bucket from the old bulk snow collector",,,
FMP,FMP06993,FMP06993,Yellow Bay Knob @ Flathead Lake BioStation,TMP03416,,9/20/2012,0,0,Deposition-Dry,935.5,Legacy_Deposition,Total Phosphorus,TP,36.9,,36.9,,µg/L-P,Legacy_MurdochTransition,,,,See Field Notes,"Bucket in on 14 IX 12 at 1400 hrs.; Moderate winds at times with temperatures in the 80's. light organics in the sample; 1 horsefly; filtered through 500 um mesh nitex.; -LODA is working again, so I removed the wet bucket from the old bulk snow collector",,,
FMP,FMP07007,FMP07007,Yellow Bay Knob @ Flathead Lake BioStation,TMP03416,,9/28/2012,0,0,Deposition-Dry,928.2,Legacy_Deposition,Total Nitrogen,TPN,144.1,,144.1,,µg/L-N,Legacy_MurdochTransition,,,,See Field Notes,"Bucket in 20IX12 @ 0830 hours. Hot, dry and calm for last week.  No rain.  HAZY from fires, lots of SMOKE.  Light organics and 1 fly in sample, filtered through 500um mesh.",,,
FMP,FMP07007,FMP07007,Yellow Bay Knob @ Flathead Lake BioStation,TMP03416,,9/28/2012,0,0,Deposition-Dry,928.2,Legacy_Deposition,Total Phosphorus,TP,12.1,,12.1,,µg/L-P,Legacy_MurdochTransition,,,,See Field Notes,"Bucket in 20IX12 @ 0830 hours. Hot, dry and calm for last week.  No rain.  HAZY from fires, lots of SMOKE.  Light organics and 1 fly in sample, filtered through 500um mesh.",,,
FMP,FMP07088,FMP07088,Yellow Bay Knob @ Flathead Lake BioStation,TMP03416,,10/13/2012,0,0,Deposition-Dry,621.7,Legacy_Deposition,Total Nitrogen,TPN,177,,177,,µg/L-N,Legacy_MurdochTransition,,,,See Field Notes,"Bucket in 03X12 @ 0900 hours.  Mostly dry, some wind and warm for the last week.  Moderate number of gnats in sample (~10), filtered through 500um mesh.",,,
FMP,FMP07088,FMP07088,Yellow Bay Knob @ Flathead Lake BioStation,TMP03416,,10/13/2012,0,0,Deposition-Dry,621.7,Legacy_Deposition,Total Phosphorus,TP,11.7,,11.7,,µg/L-P,Legacy_MurdochTransition,,,,See Field Notes,"Bucket in 03X12 @ 0900 hours.  Mostly dry, some wind and warm for the last week.  Moderate number of gnats in sample (~10), filtered through 500um mesh.",,,
FMP,FMP07146,FMP07146,Yellow Bay Knob @ Flathead Lake BioStation,TMP03416,,2/11/2013,0,0,Deposition-Dry,691.6,Legacy_Deposition,Total Nitrogen,TPN,113.2,,113.2,,µg/L-N,Legacy_MurdochTransition,,,,See Field Notes,"LODA COLLECTOR reinstalled on 04 II 13 @ 0920 hours.  There was no precip in the snow collector at time of installation.  Bucket in 04II13 @ 0920 hours.  Moderate winds with freeze / thaw cycles all week.  Light snow and rain at times, not enough to sampl",,,
FMP,FMP07146,FMP07146,Yellow Bay Knob @ Flathead Lake BioStation,TMP03416,,2/11/2013,0,0,Deposition-Dry,691.6,Legacy_Deposition,Total Phosphorus,TP,1.8,<,1.8,,µg/L-P,Legacy_MurdochTransition,,,,See Field Notes,"LODA COLLECTOR reinstalled on 04 II 13 @ 0920 hours.  There was no precip in the snow collector at time of installation.  Bucket in 04II13 @ 0920 hours.  Moderate winds with freeze / thaw cycles all week.  Light snow and rain at times, not enough to sampl",,,
FMP,FMP07153,FMP07153,Yellow Bay Knob @ Flathead Lake BioStation,TMP03416,,2/21/2013,0,0,Deposition-Dry,983.1,Legacy_Deposition,Total Nitrogen,TPN,123.1,,123.1,,µg/L-N,Legacy_MurdochTransition,,,,See Field Notes,,,,
FMP,FMP07153,FMP07153,Yellow Bay Knob @ Flathead Lake BioStation,TMP03416,,2/21/2013,0,0,Deposition-Dry,983.1,Legacy_Deposition,Total Phosphorus,TP,1.8,<,1.8,,µg/L-P,Legacy_MurdochTransition,,,,See Field Notes,,,,
FMP,FMP07162,FMP07162,Yellow Bay Knob @ Flathead Lake BioStation,TMP03416,,3/1/2013,0,0,Deposition-Dry,536.7,Legacy_Deposition,Total Nitrogen,TPN,179.9,,179.9,,µg/L-N,Legacy_MurdochTransition,,,,See Field Notes,,,,
FMP,FMP07162,FMP07162,Yellow Bay Knob @ Flathead Lake BioStation,TMP03416,,3/1/2013,0,0,Deposition-Dry,536.7,Legacy_Deposition,Total Phosphorus,TP,6.3,,6.3,,µg/L-P,Legacy_MurdochTransition,,,,See Field Notes,,,,
FMP,FMP07164,FMP07164,Yellow Bay Knob @ Flathead Lake BioStation,TMP03416,,3/7/2013,0,0,Deposition-Dry,1208.3,Legacy_Deposition,Total Nitrogen,TPN,105.6,,105.6,,µg/L-N,Legacy_MurdochTransition,,,,See Field Notes,,,,
FMP,FMP07164,FMP07164,Yellow Bay Knob @ Flathead Lake BioStation,TMP03416,,3/7/2013,0,0,Deposition-Dry,1208.3,Legacy_Deposition,Total Phosphorus,TP,4.5,,4.5,,µg/L-P,Legacy_MurdochTransition,,,,See Field Notes,,,,
FMP,FMP07165,FMP07165,Yellow Bay Knob @ Flathead Lake BioStation,TMP03416,,3/13/2013,0,0,Deposition-Dry,1122.1,Legacy_Deposition,Total Nitrogen,TPN,181.3,,181.3,,µg/L-N,Legacy_MurdochTransition,,,,See Field Notes,,,,
FMP,FMP07165,FMP07165,Yellow Bay Knob @ Flathead Lake BioStation,TMP03416,,3/13/2013,0,0,Deposition-Dry,1122.1,Legacy_Deposition,Total Phosphorus,TP,20.3,,20.3,,µg/L-P,Legacy_MurdochTransition,,,,See Field Notes,,,,
FMP,FMP07174,FMP07174,Yellow Bay Knob @ Flathead Lake BioStation,TMP03416,,3/19/2013,0,0,Deposition-Dry,1047.8,Legacy_Deposition,Total Nitrogen,TPN,89.5,,89.5,,µg/L-N,Legacy_MurdochTransition,,,,See Field Notes,,,,
FMP,FMP07174,FMP07174,Yellow Bay Knob @ Flathead Lake BioStation,TMP03416,,3/19/2013,0,0,Deposition-Dry,1047.8,Legacy_Deposition,Total Phosphorus,TP,3.1,,3.1,,µg/L-P,Legacy_MurdochTransition,,,,See Field Notes,,,,
FMP,FMP07176,FMP07176,Yellow Bay Knob @ Flathead Lake BioStation,TMP03416,,3/26/2013,0,0,Deposition-Dry,728.5,Legacy_Deposition,Total Nitrogen,TPN,180.2,,180.2,,µg/L-N,Legacy_MurdochTransition,,,,See Field Notes,,,,
FMP,FMP07176,FMP07176,Yellow Bay Knob @ Flathead Lake BioStation,TMP03416,,3/26/2013,0,0,Deposition-Dry,728.5,Legacy_Deposition,Total Phosphorus,TP,2,,2,,µg/L-P,Legacy_MurdochTransition,,,,See Field Notes,,,,
FMP,FMP07186,FMP07186,Yellow Bay Knob @ Flathead Lake BioStation,TMP03416,,4/5/2013,0,0,Deposition-Dry,800.8,Legacy_Deposition,Total Nitrogen,TPN,405,,405,,µg/L-N,Legacy_MurdochTransition,,,,See Field Notes,,,,
FMP,FMP07186,FMP07186,Yellow Bay Knob @ Flathead Lake BioStation,TMP03416,,4/5/2013,0,0,Deposition-Dry,800.8,Legacy_Deposition,Total Phosphorus,TP,69.4,,69.4,,µg/L-P,Legacy_MurdochTransition,,,,See Field Notes,,,,
FMP,FMP07201,FMP07201,Yellow Bay Knob @ Flathead Lake BioStation,TMP03416,,4/11/2013,0,0,Deposition-Dry,1446.2,Legacy_Deposition,Total Nitrogen,TPN,65.8,,65.8,,µg/L-N,Legacy_MurdochTransition,,,,See Field Notes,,,,
FMP,FMP07201,FMP07201,Yellow Bay Knob @ Flathead Lake BioStation,TMP03416,,4/11/2013,0,0,Deposition-Dry,1446.2,Legacy_Deposition,Total Phosphorus,TP,2.3,,2.3,,µg/L-P,Legacy_MurdochTransition,,,,See Field Notes,,,,
FMP,FMP07203,FMP07203,Yellow Bay Knob @ Flathead Lake BioStation,TMP03416,,4/17/2013,0,0,Deposition-Dry,871.9,Legacy_Deposition,Total Nitrogen,TPN,112.8,,112.8,,µg/L-N,Legacy_MurdochTransition,,,,See Field Notes,,,,
FMP,FMP07203,FMP07203,Yellow Bay Knob @ Flathead Lake BioStation,TMP03416,,4/17/2013,0,0,Deposition-Dry,871.9,Legacy_Deposition,Total Phosphorus,TP,5.2,,5.2,,µg/L-P,Legacy_MurdochTransition,,,,See Field Notes,,,,
FMP,FMP07205,FMP07205,Yellow Bay Knob @ Flathead Lake BioStation,TMP03416,,4/24/2013,0,0,Deposition-Dry,873.4,Legacy_Deposition,Total Nitrogen,TPN,170.6,,170.6,,µg/L-N,Legacy_MurdochTransition,,,,See Field Notes,,,,
FMP,FMP07205,FMP07205,Yellow Bay Knob @ Flathead Lake BioStation,TMP03416,,4/24/2013,0,0,Deposition-Dry,873.4,Legacy_Deposition,Total Phosphorus,TP,8.6,,8.6,,µg/L-P,Legacy_MurdochTransition,,,,See Field Notes,,,,
FMP,FMP07276,FMP07276,Yellow Bay Knob @ Flathead Lake BioStation,TMP03416,,5/3/2013,0,0,Deposition-Dry,1021.7,Legacy_Deposition,Total Nitrogen,TPN,306.4,,306.4,,µg/L-N,Legacy_MurdochTransition,,,,See Field Notes,,,,
FMP,FMP07276,FMP07276,Yellow Bay Knob @ Flathead Lake BioStation,TMP03416,,5/3/2013,0,0,Deposition-Dry,1021.7,Legacy_Deposition,Total Phosphorus,TP,38.7,,38.7,,µg/L-P,Legacy_MurdochTransition,,,,See Field Notes,,,,
FMP,FMP07294,FMP07294,Yellow Bay Knob @ Flathead Lake BioStation,TMP03416,,5/9/2013,0,0,Deposition-Dry,613,Legacy_Deposition,Total Nitrogen,TPN,613.3,,613.3,,µg/L-N,Legacy_MurdochTransition,,,,See Field Notes,,,,
FMP,FMP07294,FMP07294,Yellow Bay Knob @ Flathead Lake BioStation,TMP03416,,5/9/2013,0,0,Deposition-Dry,613,Legacy_Deposition,Total Phosphorus,TP,99.4,,99.4,,µg/L-P,Legacy_MurdochTransition,,,,See Field Notes,,,,
FMP,FMP07313,FMP07313,Yellow Bay Knob @ Flathead Lake BioStation,TMP03416,,5/17/2013,0,0,Deposition-Dry,907.9,Legacy_Deposition,Total Nitrogen,TPN,873.2,,873.2,,µg/L-N,Legacy_MurdochTransition,,,,See Field Notes,,,,
FMP,FMP07313,FMP07313,Yellow Bay Knob @ Flathead Lake BioStation,TMP03416,,5/17/2013,0,0,Deposition-Dry,907.9,Legacy_Deposition,Total Phosphorus,TP,135.7,,135.7,,µg/L-P,Legacy_MurdochTransition,,,,See Field Notes,,,,
FMP,FMP07314,FMP07314,Yellow Bay Knob @ Flathead Lake BioStation,TMP03416,,5/21/2013,0,0,Deposition-Dry,1458.3,Legacy_Deposition,Total Nitrogen,TPN,77.3,,77.3,,µg/L-N,Legacy_MurdochTransition,,,,See Field Notes,,,,
FMP,FMP07314,FMP07314,Yellow Bay Knob @ Flathead Lake BioStation,TMP03416,,5/21/2013,0,0,Deposition-Dry,1458.3,Legacy_Deposition,Total Phosphorus,TP,5.8,,5.8,,µg/L-P,Legacy_MurdochTransition,,,,See Field Notes,,,,
FMP,FMP07330,FMP07330,Yellow Bay Knob @ Flathead Lake BioStation,TMP03416,,5/30/2013,0,0,Deposition-Dry,1090.2,Legacy_Deposition,Total Nitrogen,TPN,481.4,,481.4,,µg/L-N,Legacy_MurdochTransition,,,,See Field Notes,,,,
FMP,FMP07330,FMP07330,Yellow Bay Knob @ Flathead Lake BioStation,TMP03416,,5/30/2013,0,0,Deposition-Dry,1090.2,Legacy_Deposition,Total Phosphorus,TP,65.4,,65.4,,µg/L-P,Legacy_MurdochTransition,,,,See Field Notes,,,,
FMP,FMP07332,FMP07332,Yellow Bay Knob @ Flathead Lake BioStation,TMP03416,,6/4/2013,0,0,Deposition-Dry,1065.4,Legacy_Deposition,Total Nitrogen,TPN,244.5,,244.5,,µg/L-N,Legacy_MurdochTransition,,,,See Field Notes,,,,
FMP,FMP07332,FMP07332,Yellow Bay Knob @ Flathead Lake BioStation,TMP03416,,6/4/2013,0,0,Deposition-Dry,1065.4,Legacy_Deposition,Total Phosphorus,TP,32,,32,,µg/L-P,Legacy_MurdochTransition,,,,See Field Notes,,,,
FMP,FMP07355,FMP07355,Yellow Bay Knob @ Flathead Lake BioStation,TMP03416,,6/13/2013,0,0,Deposition-Dry,716.4,Legacy_Deposition,Total Nitrogen,TPN,844.7,,844.7,,µg/L-N,Legacy_MurdochTransition,,,,See Field Notes,,,,
FMP,FMP07355,FMP07355,Yellow Bay Knob @ Flathead Lake BioStation,TMP03416,,6/13/2013,0,0,Deposition-Dry,716.4,Legacy_Deposition,Total Phosphorus,TP,170.8,,170.8,,µg/L-P,Legacy_MurdochTransition,,,,See Field Notes,,,,
FMP,FMP07364,FMP07364,Yellow Bay Knob @ Flathead Lake BioStation,TMP03416,,6/21/2013,0,0,Deposition-Dry,1558.4,Legacy_Deposition,Total Nitrogen,TPN,238.2,,238.2,,µg/L-N,Legacy_MurdochTransition,,,,See Field Notes,,,,
FMP,FMP07364,FMP07364,Yellow Bay Knob @ Flathead Lake BioStation,TMP03416,,6/21/2013,0,0,Deposition-Dry,1558.4,Legacy_Deposition,Total Phosphorus,TP,103.1,,103.1,,µg/L-P,Legacy_MurdochTransition,,,,See Field Notes,,,,
FMP,FMP07366,FMP07366,Yellow Bay Knob @ Flathead Lake BioStation,TMP03416,,6/26/2013,0,0,Deposition-Dry,1383,Legacy_Deposition,Total Nitrogen,TPN,144.7,,144.7,,µg/L-N,Legacy_MurdochTransition,,,,See Field Notes,,,,
FMP,FMP07366,FMP07366,Yellow Bay Knob @ Flathead Lake BioStation,TMP03416,,6/26/2013,0,0,Deposition-Dry,1383,Legacy_Deposition,Total Phosphorus,TP,23,,23,,µg/L-P,Legacy_MurdochTransition,,,,See Field Notes,,,,
FMP,FMP07375,FMP07375,Yellow Bay Knob @ Flathead Lake BioStation,TMP03416,,7/3/2013,0,0,Deposition-Dry,1111,Legacy_Deposition,Total Nitrogen,TPN,500.3,,500.3,,µg/L-N,Legacy_MurdochTransition,,,,See Field Notes,,,,
FMP,FMP07375,FMP07375,Yellow Bay Knob @ Flathead Lake BioStation,TMP03416,,7/3/2013,0,0,Deposition-Dry,1111,Legacy_Deposition,Total Phosphorus,TP,96.4,,96.4,,µg/L-P,Legacy_MurdochTransition,,,,See Field Notes,,,,
FMP,FMP07390,FMP07390,Yellow Bay Knob @ Flathead Lake BioStation,TMP03416,,7/11/2013,0,0,Deposition-Dry,630.2,Legacy_Deposition,Total Nitrogen,TPN,338.1,,338.1,,µg/L-N,Legacy_MurdochTransition,,,,See Field Notes,,,,
FMP,FMP07390,FMP07390,Yellow Bay Knob @ Flathead Lake BioStation,TMP03416,,7/11/2013,0,0,Deposition-Dry,630.2,Legacy_Deposition,Total Phosphorus,TP,36.2,,36.2,,µg/L-P,Legacy_MurdochTransition,,,,See Field Notes,,,,
FMP,FMP07391,FMP07391,Yellow Bay Knob @ Flathead Lake BioStation,TMP03416,,7/17/2013,0,0,Deposition-Dry,1503.4,Legacy_Deposition,Total Nitrogen,TPN,191.1,,191.1,,µg/L-N,Legacy_MurdochTransition,,,,See Field Notes,,,,
FMP,FMP07391,FMP07391,Yellow Bay Knob @ Flathead Lake BioStation,TMP03416,,7/17/2013,0,0,Deposition-Dry,1503.4,Legacy_Deposition,Total Phosphorus,TP,16.6,,16.6,,µg/L-P,Legacy_MurdochTransition,,,,See Field Notes,,,,
FMP,FMP07478,FMP07478,Yellow Bay Knob @ Flathead Lake BioStation,TMP03416,,7/29/2013,0,0,Deposition-Dry,1153,Legacy_Deposition,Total Nitrogen,TPN,74.1,,74.1,,µg/L-N,Legacy_MurdochTransition,,,,See Field Notes,,,,
FMP,FMP07478,FMP07478,Yellow Bay Knob @ Flathead Lake BioStation,TMP03416,,7/29/2013,0,0,Deposition-Dry,1153,Legacy_Deposition,Total Phosphorus,TP,13.5,,13.5,,µg/L-P,Legacy_MurdochTransition,,,,See Field Notes,,,,
FMP,FMP07487,FMP07487,Yellow Bay Knob @ Flathead Lake BioStation,TMP03416,,8/6/2013,0,0,Deposition-Dry,2095.7,Legacy_Deposition,Total Nitrogen,TPN,676.1,,676.1,,µg/L-N,Legacy_MurdochTransition,,,,See Field Notes,,,,
FMP,FMP07487,FMP07487,Yellow Bay Knob @ Flathead Lake BioStation,TMP03416,,8/6/2013,0,0,Deposition-Dry,2095.7,Legacy_Deposition,Total Phosphorus,TP,6.6,,6.6,,µg/L-P,Legacy_MurdochTransition,,,,See Field Notes,,,,
FMP,FMP07498,FMP07498,Yellow Bay Knob @ Flathead Lake BioStation,TMP03416,,8/13/2013,0,0,Deposition-Dry,883.5,Legacy_Deposition,Total Nitrogen,TPN,949.5,,949.5,,µg/L-N,Legacy_MurdochTransition,,,,See Field Notes,,,,
FMP,FMP07498,FMP07498,Yellow Bay Knob @ Flathead Lake BioStation,TMP03416,,8/13/2013,0,0,Deposition-Dry,883.5,Legacy_Deposition,Total Phosphorus,TP,100.3,,100.3,,µg/L-P,Legacy_MurdochTransition,,,,See Field Notes,,,,
FMP,FMP07517,FMP07517,Yellow Bay Knob @ Flathead Lake BioStation,TMP03416,,8/23/2013,0,0,Deposition-Dry,861.1,Legacy_Deposition,Total Nitrogen,TPN,154.6,,154.6,,µg/L-N,Legacy_MurdochTransition,,,,See Field Notes,,,,
FMP,FMP07517,FMP07517,Yellow Bay Knob @ Flathead Lake BioStation,TMP03416,,8/23/2013,0,0,Deposition-Dry,861.1,Legacy_Deposition,Total Phosphorus,TP,14.7,,14.7,,µg/L-P,Legacy_MurdochTransition,,,,See Field Notes,,,,
FMP,FMP07526,FMP07526,Yellow Bay Knob @ Flathead Lake BioStation,TMP03416,,8/29/2013,0,0,Deposition-Dry,1849.7,Legacy_Deposition,Total Nitrogen,TPN,609.8,,609.8,,µg/L-N,Legacy_MurdochTransition,,,,See Field Notes,,,,
FMP,FMP07526,FMP07526,Yellow Bay Knob @ Flathead Lake BioStation,TMP03416,,8/29/2013,0,0,Deposition-Dry,1849.7,Legacy_Deposition,Total Phosphorus,TP,58.7,,58.7,,µg/L-P,Legacy_MurdochTransition,,,,See Field Notes,,,,
FMP,FMP07528,FMP07528,Yellow Bay Knob @ Flathead Lake BioStation,TMP03416,,9/6/2013,0,0,Deposition-Dry,986.5,Legacy_Deposition,Total Nitrogen,TPN,602.2,,602.2,,µg/L-N,Legacy_MurdochTransition,,,,See Field Notes,,,,
FMP,FMP07528,FMP07528,Yellow Bay Knob @ Flathead Lake BioStation,TMP03416,,9/6/2013,0,0,Deposition-Dry,986.5,Legacy_Deposition,Total Phosphorus,TP,45.3,,45.3,,µg/L-P,Legacy_MurdochTransition,,,,See Field Notes,,,,
FMP,FMP07536,FMP07536,Yellow Bay Knob @ Flathead Lake BioStation,TMP03416,,9/9/2013,0,0,Deposition-Dry,1382.4,Legacy_Deposition,Total Nitrogen,TPN,64.4,,64.4,,µg/L-N,Legacy_MurdochTransition,,,,See Field Notes,,,,
FMP,FMP07536,FMP07536,Yellow Bay Knob @ Flathead Lake BioStation,TMP03416,,9/9/2013,0,0,Deposition-Dry,1382.4,Legacy_Deposition,Total Phosphorus,TP,3.5,,3.5,,µg/L-P,Legacy_MurdochTransition,,,,See Field Notes,,,,
FMP,FMP07555,FMP07555,Yellow Bay Knob @ Flathead Lake BioStation,TMP03416,,9/16/2013,0,0,Deposition-Dry,637.4,Legacy_Deposition,Total Nitrogen,TPN,216.3,,216.3,,µg/L-N,Legacy_MurdochTransition,,,,See Field Notes,,,,
FMP,FMP07555,FMP07555,Yellow Bay Knob @ Flathead Lake BioStation,TMP03416,,9/16/2013,0,0,Deposition-Dry,637.4,Legacy_Deposition,Total Phosphorus,TP,23.2,,23.2,,µg/L-P,Legacy_MurdochTransition,,,,See Field Notes,,,,
FMP,FMP07556,FMP07556,Yellow Bay Knob @ Flathead Lake BioStation,TMP03416,,9/20/2013,0,0,Deposition-Dry,1706.1,Legacy_Deposition,Total Nitrogen,TPN,64.6,,64.6,,µg/L-N,Legacy_MurdochTransition,,,,See Field Notes,,,,
FMP,FMP07556,FMP07556,Yellow Bay Knob @ Flathead Lake BioStation,TMP03416,,9/20/2013,0,0,Deposition-Dry,1706.1,Legacy_Deposition,Total Phosphorus,TP,3,,3,,µg/L-P,Legacy_MurdochTransition,,,,See Field Notes,,,,
FMP,FMP07563,FMP07563,Yellow Bay Knob @ Flathead Lake BioStation,TMP03416,,9/26/2013,0,0,Deposition-Dry,900,Legacy_Deposition,Total Nitrogen,TPN,134.8,,134.8,,µg/L-N,Legacy_MurdochTransition,,,,See Field Notes,,,,
FMP,FMP07563,FMP07563,Yellow Bay Knob @ Flathead Lake BioStation,TMP03416,,9/26/2013,0,0,Deposition-Dry,900,Legacy_Deposition,Total Phosphorus,TP,6.3,,6.3,,µg/L-P,Legacy_MurdochTransition,,,,See Field Notes,,,,
FMP,FMP07593,FMP07593,Yellow Bay Knob @ Flathead Lake BioStation,TMP03416,,10/9/2013,0,0,Deposition-Dry,968.2,Legacy_Deposition,Total Nitrogen,TPN,182.1,,182.1,,µg/L-N,Legacy_MurdochTransition,,,,See Field Notes,,,,
FMP,FMP07593,FMP07593,Yellow Bay Knob @ Flathead Lake BioStation,TMP03416,,10/9/2013,0,0,Deposition-Dry,968.2,Legacy_Deposition,Total Phosphorus,TP,15.6,,15.6,,µg/L-P,Legacy_MurdochTransition,,,,See Field Notes,,,,
FMP,FMP07652,FMP07652,Yellow Bay Knob @ Flathead Lake BioStation,TMP03416,,10/16/2013,0,0,Deposition-Dry,1855.8,Legacy_Deposition,Total Nitrogen,TPN,68,,68,,µg/L-N,Legacy_MurdochTransition,,,,See Field Notes,,,,
FMP,FMP07652,FMP07652,Yellow Bay Knob @ Flathead Lake BioStation,TMP03416,,10/16/2013,0,0,Deposition-Dry,1855.8,Legacy_Deposition,Total Phosphorus,TP,3.2,,3.2,,µg/L-P,Legacy_MurdochTransition,,,,See Field Notes,,,,
FMP,FMP07653,FMP07653,Yellow Bay Knob @ Flathead Lake BioStation,TMP03416,,10/24/2013,0,0,Deposition-Dry,854.9,Legacy_Deposition,Total Nitrogen,TPN,66,,66,,µg/L-N,Legacy_MurdochTransition,,,,See Field Notes,,,,
FMP,FMP07653,FMP07653,Yellow Bay Knob @ Flathead Lake BioStation,TMP03416,,10/24/2013,0,0,Deposition-Dry,854.9,Legacy_Deposition,Total Phosphorus,TP,26,,26,,µg/L-P,Legacy_MurdochTransition,,,,See Field Notes,,,,
FMP,FMP07656,FMP07656,Yellow Bay Knob @ Flathead Lake BioStation,TMP03416,,11/1/2013,0,0,Deposition-Dry,713,Legacy_Deposition,Total Nitrogen,TPN,223.7,Q,223.7,,µg/L-N,Legacy_MurdochTransition,,,,See Field Notes,,,,
FMP,FMP07656,FMP07656,Yellow Bay Knob @ Flathead Lake BioStation,TMP03416,,11/1/2013,0,0,Deposition-Dry,713,Legacy_Deposition,Total Phosphorus,TP,286.6,Q,286.6,,µg/L-P,Legacy_MurdochTransition,,,,See Field Notes,,,,
FMP,FMP07657,FMP07657,Yellow Bay Knob @ Flathead Lake BioStation,TMP03416,,11/8/2013,0,0,Deposition-Dry,1613.6,Legacy_Deposition,Total Nitrogen,TPN,93,,93,,µg/L-N,Legacy_MurdochTransition,,,,See Field Notes,,,,
FMP,FMP07657,FMP07657,Yellow Bay Knob @ Flathead Lake BioStation,TMP03416,,11/8/2013,0,0,Deposition-Dry,1613.6,Legacy_Deposition,Total Phosphorus,TP,2.8,,2.8,,µg/L-P,Legacy_MurdochTransition,,,,See Field Notes,,,,
FMP,FMP07672,FMP07672,Yellow Bay Knob @ Flathead Lake BioStation,TMP03416,,11/15/2013,0,0,Deposition-Dry,1704.4,Legacy_Deposition,Total Nitrogen,TPN,71,,71,,µg/L-N,Legacy_MurdochTransition,,,,See Field Notes,,,,
FMP,FMP07672,FMP07672,Yellow Bay Knob @ Flathead Lake BioStation,TMP03416,,11/15/2013,0,0,Deposition-Dry,1704.4,Legacy_Deposition,Total Phosphorus,TP,1.8,<,1.8,,µg/L-P,Legacy_MurdochTransition,,,,See Field Notes,,,,
FMP,FMP07673,FMP07673,Yellow Bay Knob @ Flathead Lake BioStation,TMP03416,,11/21/2013,0,0,Deposition-Dry,397.7,Legacy_Deposition,Total Nitrogen,TPN,185.4,,185.4,,µg/L-N,Legacy_MurdochTransition,,,,See Field Notes,,,,
FMP,FMP07673,FMP07673,Yellow Bay Knob @ Flathead Lake BioStation,TMP03416,,11/21/2013,0,0,Deposition-Dry,397.7,Legacy_Deposition,Total Phosphorus,TP,4.8,,4.8,,µg/L-P,Legacy_MurdochTransition,,,,See Field Notes,,,,
FMP,FMP07675,FMP07675,Yellow Bay Knob @ Flathead Lake BioStation,TMP03416,,11/27/2013,0,0,Deposition-Dry,1172.6,Legacy_Deposition,Total Nitrogen,TPN,25,<,25,,µg/L-N,Legacy_MurdochTransition,,,,See Field Notes,,,,
FMP,FMP07675,FMP07675,Yellow Bay Knob @ Flathead Lake BioStation,TMP03416,,11/27/2013,0,0,Deposition-Dry,1172.6,Legacy_Deposition,Total Phosphorus,TP,1.8,<,1.8,,µg/L-P,Legacy_MurdochTransition,,,,See Field Notes,,,,
FMP,FMP07676,FMP07676,Yellow Bay Knob @ Flathead Lake BioStation,TMP03416,,12/4/2013,0,0,Deposition-Dry,1211.2,Legacy_Deposition,Total Nitrogen,TPN,112.9,,112.9,,µg/L-N,Legacy_MurdochTransition,,,,See Field Notes,,,,
FMP,FMP07676,FMP07676,Yellow Bay Knob @ Flathead Lake BioStation,TMP03416,,12/4/2013,0,0,Deposition-Dry,1211.2,Legacy_Deposition,Total Phosphorus,TP,2.2,,2.2,,µg/L-P,Legacy_MurdochTransition,,,,See Field Notes,,,,
FMP,FMP07678,FMP07678,Yellow Bay Knob @ Flathead Lake BioStation,TMP03416,,12/11/2013,0,0,Deposition-Dry,1197.1,Legacy_Deposition,Total Nitrogen,TPN,94.4,,94.4,,µg/L-N,Legacy_MurdochTransition,,,,See Field Notes,,,,
FMP,FMP07678,FMP07678,Yellow Bay Knob @ Flathead Lake BioStation,TMP03416,,12/11/2013,0,0,Deposition-Dry,1197.1,Legacy_Deposition,Total Phosphorus,TP,6.4,,6.4,,µg/L-P,Legacy_MurdochTransition,,,,See Field Notes,,,,
FMP,FMP07692,FMP07692,Yellow Bay Knob @ Flathead Lake BioStation,TMP03416,,12/19/2013,0,0,Deposition-Dry,1033.9,Legacy_Deposition,Total Nitrogen,TPN,75.1,,75.1,,µg/L-N,Legacy_MurdochTransition,,,,See Field Notes,,,,
FMP,FMP07692,FMP07692,Yellow Bay Knob @ Flathead Lake BioStation,TMP03416,,12/19/2013,0,0,Deposition-Dry,1033.9,Legacy_Deposition,Total Phosphorus,TP,1.8,,1.8,,µg/L-P,Legacy_MurdochTransition,,,,See Field Notes,,,,
FMP,FMP07693,FMP07693,Yellow Bay Knob @ Flathead Lake BioStation,TMP03416,,12/26/2013,0,0,Deposition-Dry,1552.4,Legacy_Deposition,Total Nitrogen,TPN,81.2,,81.2,,µg/L-N,Legacy_MurdochTransition,,,,See Field Notes,,,,
FMP,FMP07693,FMP07693,Yellow Bay Knob @ Flathead Lake BioStation,TMP03416,,12/26/2013,0,0,Deposition-Dry,1552.4,Legacy_Deposition,Total Phosphorus,TP,1.8,<,1.8,,µg/L-P,Legacy_MurdochTransition,,,,See Field Notes,,,,
FMP,14093001,14093001-01,Yellow Bay Knob @ Flathead Lake BioStation,TMP03416,FMP07695,1/2/2014,,,Deposition-Dry,1259.1,Deposition,Total Nitrogen,TN,84.6,,84.6,,µg/L - N,"USGS 03-4174, EPA 353.2",25,,,Bucket in on 26XII13 @1115 hrs. Moderate wind with some rain showers; Temp's in the 40's (F). Snow in the forecast. Lite debris in the sample but filtered through 500 um mesh.,,,,
FMP,14093001,14093001-01,Yellow Bay Knob @ Flathead Lake BioStation,TMP03416,FMP07695,1/2/2014,,,Deposition-Dry,1259.1,Deposition,Total Phosphorus,TP,3,,3,,µg/L - P,"USGS 03-4174, EPA 365.2",1.5,,,Bucket in on 26XII13 @1115 hrs. Moderate wind with some rain showers; Temp's in the 40's (F). Snow in the forecast. Lite debris in the sample but filtered through 500 um mesh.,,,,
FMP,14093002,14093002-01,Yellow Bay Knob @ Flathead Lake BioStation,TMP03416,FMP07696,1/9/2014,,,Deposition-Dry,1231.9,Deposition,Total Nitrogen,TN,164,,164,,µg/L - N,"USGS 03-4174, EPA 353.2",25,,,Bucket in on 02I14@1420 hrs. Moderate to lite winds; trace precip unitl two nigths ago and yesterday. Rain in the forecast and hig winds.,,,,
FMP,14093002,14093002-01,Yellow Bay Knob @ Flathead Lake BioStation,TMP03416,FMP07696,1/9/2014,,,Deposition-Dry,1231.9,Deposition,Total Phosphorus,TP,1.9,,1.9,,µg/L - P,"USGS 03-4174, EPA 365.2",1.5,,,Bucket in on 02I14@1420 hrs. Moderate to lite winds; trace precip unitl two nigths ago and yesterday. Rain in the forecast and hig winds.,,,,
FMP,14093004,14093004-01,Yellow Bay Knob @ Flathead Lake BioStation,TMP03416,FMP07702,1/17/2014,,,Deposition-Dry,954.1,Deposition,Total Nitrogen,TN,108,,108,,µg/L - N,"USGS 03-4174, EPA 353.2",25,,,"Bucket in on 09I14@0915 hrs. Changed collection procedure from hear on out. We rinse the sample collection bottle with sample. Warm and dry, sunny at times, moderate to high winds. Lite organics in the sample with 1 Ant; filtered through 500 um mesh",,,,
FMP,14093004,14093004-01,Yellow Bay Knob @ Flathead Lake BioStation,TMP03416,FMP07702,1/17/2014,,,Deposition-Dry,954.1,Deposition,Total Phosphorus,TP,2.6,,2.6,,µg/L - P,"USGS 03-4174, EPA 365.2",1.5,,,"Bucket in on 09I14@0915 hrs. Changed collection procedure from hear on out. We rinse the sample collection bottle with sample. Warm and dry, sunny at times, moderate to high winds. Lite organics in the sample with 1 Ant; filtered through 500 um mesh",,,,
FMP,14093005,14093005-01,Yellow Bay Knob @ Flathead Lake BioStation,TMP03416,FMP07703,1/23/2014,,,Deposition-Dry,1489.3,Deposition,Total Nitrogen,TN,107,,107,,µg/L - N,"USGS 03-4174, EPA 353.2",25,,,Bucket in on 17I14 @ 0830hrs. Cold weather this past week; trace snow (<1/2') from last two days and not enough for a sample; little to no wind this week. No visible organics in the sample but filtered through 500 um mesh anyway.,,,,
FMP,14093005,14093005-01,Yellow Bay Knob @ Flathead Lake BioStation,TMP03416,FMP07703,1/23/2014,,,Deposition-Dry,1489.3,Deposition,Total Phosphorus,TP,< 1.5,,1.5,<,µg/L - P,"USGS 03-4174, EPA 365.2",1.5,,,Bucket in on 17I14 @ 0830hrs. Cold weather this past week; trace snow (<1/2') from last two days and not enough for a sample; little to no wind this week. No visible organics in the sample but filtered through 500 um mesh anyway.,,,,
FMP,14093006,14093006-01,Yellow Bay Knob @ Flathead Lake BioStation,TMP03416,FMP07704,1/31/2014,,,Deposition-Dry,1322.8,Deposition,Total Nitrogen,TN,114,,114,,µg/L - N,"USGS 03-4174, EPA 353.2",25,,,Bucket in on 23I14 @ 0915 hrs.Snow the last two days and today; Temperatures in the 10-20 (F) range; lite to moderate wind. Moderate organics in the sample; filtered through 500 um mesh.,,,,
FMP,14093006,14093006-01,Yellow Bay Knob @ Flathead Lake BioStation,TMP03416,FMP07704,1/31/2014,,,Deposition-Dry,1322.8,Deposition,Total Phosphorus,TP,3.1,,3.1,,µg/L - P,"USGS 03-4174, EPA 365.2",1.5,,,Bucket in on 23I14 @ 0915 hrs.Snow the last two days and today; Temperatures in the 10-20 (F) range; lite to moderate wind. Moderate organics in the sample; filtered through 500 um mesh.,,,,
FMP,14093007,14093007-01,Yellow Bay Knob @ Flathead Lake BioStation,TMP03416,FMP07706,2/6/2014,,,Deposition-Dry,1038.2,Deposition,Total Nitrogen,TN,64.1,,64.1,,µg/L - N,"USGS 03-4174, EPA 353.2",25,,,Bucket in on 31I14 @ 0750 hrs.Temperature down as low as as -20 (F); some snow this week; calm at times but mostly moderate-high winds earlier in the week.,,,,
FMP,14093007,14093007-01,Yellow Bay Knob @ Flathead Lake BioStation,TMP03416,FMP07706,2/6/2014,,,Deposition-Dry,1038.2,Deposition,Total Phosphorus,TP,2.4,,2.4,,µg/L - P,"USGS 03-4174, EPA 365.2",1.5,,,Bucket in on 31I14 @ 0750 hrs.Temperature down as low as as -20 (F); some snow this week; calm at times but mostly moderate-high winds earlier in the week.,,,,
FMP,14093010,14093010-01,Yellow Bay Knob @ Flathead Lake BioStation,TMP03416,FMP07714,2/21/2014,,,Deposition-Dry,1147.4,Deposition,Total Nitrogen,TN,140,,140,,µg/L - N,"USGS 03-4174, EPA 353.2",25,,,"Bucket in on 12II14 @ 1000 hrs. High winds all week; rain 5 days ago; snow last two days and today. Temperatures in the 30's (F) Total snow <1"". Moderate debris; pine needles and organics; filtered through 500 um mesh.",,,,
FMP,14093010,14093010-01,Yellow Bay Knob @ Flathead Lake BioStation,TMP03416,FMP07714,2/21/2014,,,Deposition-Dry,1147.4,Deposition,Total Phosphorus,TP,9.7,,9.7,,µg/L - P,"USGS 03-4174, EPA 365.2",1.5,,,"Bucket in on 12II14 @ 1000 hrs. High winds all week; rain 5 days ago; snow last two days and today. Temperatures in the 30's (F) Total snow <1"". Moderate debris; pine needles and organics; filtered through 500 um mesh.",,,,
FMP,14093012,14093012-01,Yellow Bay Knob @ Flathead Lake BioStation,TMP03416,FMP07723,3/4/2014,,,Deposition-Dry,1233.2,Deposition,Total Nitrogen,TN,224,,224,,µg/L - N,"USGS 03-4174, EPA 353.2",25,,,Bucket in on 21II14 @ 1000hrs. Calm to high winds and blizzard conditions at times. Temperatures in the single digits to negatives (F). Warmed up yesterday in the 40's (F). Lite organics; filtered through 500 um mesh.,,,,
FMP,14093012,14093012-01,Yellow Bay Knob @ Flathead Lake BioStation,TMP03416,FMP07723,3/4/2014,,,Deposition-Dry,1233.2,Deposition,Total Phosphorus,TP,3.7,,3.7,,µg/L - P,"USGS 03-4174, EPA 365.2",1.5,,,Bucket in on 21II14 @ 1000hrs. Calm to high winds and blizzard conditions at times. Temperatures in the single digits to negatives (F). Warmed up yesterday in the 40's (F). Lite organics; filtered through 500 um mesh.,,,,
FMP,14102803,14102803-01,Yellow Bay Knob @ Flathead Lake BioStation,TMP03416,FMP07730,3/12/2014,,,Deposition-Dry,996.7,Deposition,Total Nitrogen,TN,185,,185,,µg/L - N,"USGS 03-4174, EPA 353.2",25,,,Bucket in on 04III14 @ 1000hrs. Rain showers until yesterday warm days with temp's near or at freezing at night. Calm to moderate winds at times. Lite organics; filtered through 500 um mesh.,,,,
FMP,14102803,14102803-01,Yellow Bay Knob @ Flathead Lake BioStation,TMP03416,FMP07730,3/12/2014,,,Deposition-Dry,996.7,Deposition,Total Phosphorus,TP,102,,102,,µg/L - P,"USGS 03-4174, EPA 365.2",1.5,,,Bucket in on 04III14 @ 1000hrs. Rain showers until yesterday warm days with temp's near or at freezing at night. Calm to moderate winds at times. Lite organics; filtered through 500 um mesh.,,,,
FMP,14102901,14102901-01,Yellow Bay Knob @ Flathead Lake BioStation,TMP03416,FMP07732,3/19/2014,,,Deposition-Dry,919.1,Deposition,Total Nitrogen,TN,125,,125,,µg/L - N,"USGS 03-4174, EPA 353.2",25,,,Bucket in on 12III14 @ 0900 hrs. Rain/snow showers at times. Daytime temperatures ~40 (F) but nights at or near freezing. Moderate. Moderate to high winds. Lite organics; filtered through 500 um mesh.,,,,
FMP,14102901,14102901-01,Yellow Bay Knob @ Flathead Lake BioStation,TMP03416,FMP07732,3/19/2014,,,Deposition-Dry,919.1,Deposition,Total Phosphorus,TP,3.3,,3.3,,µg/L - P,"USGS 03-4174, EPA 365.2",1.5,,,Bucket in on 12III14 @ 0900 hrs. Rain/snow showers at times. Daytime temperatures ~40 (F) but nights at or near freezing. Moderate. Moderate to high winds. Lite organics; filtered through 500 um mesh.,,,,
FMP,14102903,14102903-01,Yellow Bay Knob @ Flathead Lake BioStation,TMP03416,FMP07741,3/26/2014,,,Deposition-Dry,1341.6,Deposition,Total Nitrogen,TN,147,,147,,µg/L - N,"USGS 03-4174, EPA 353.2",25,,,Bucket in on 19III14 at 0915 hrs. Sunny at times with rain and snow showers. Moderate to high winds at times. ~40 (F) during the day but still freezing at night. Lite organics; filtered through 500 um mesh. Prescribed burns and open burning in the valley.,,,,
FMP,14102903,14102903-01,Yellow Bay Knob @ Flathead Lake BioStation,TMP03416,FMP07741,3/26/2014,,,Deposition-Dry,1341.6,Deposition,Total Phosphorus,TP,6,,6,,µg/L - P,"USGS 03-4174, EPA 365.2",1.5,,,Bucket in on 19III14 at 0915 hrs. Sunny at times with rain and snow showers. Moderate to high winds at times. ~40 (F) during the day but still freezing at night. Lite organics; filtered through 500 um mesh. Prescribed burns and open burning in the valley.,,,,
FMP,14102904,14102904-01,Yellow Bay Knob @ Flathead Lake BioStation,TMP03416,FMP07742,4/2/2014,,,Deposition-Dry,1159,Deposition,Total Nitrogen,TN,145,,145,,µg/L - N,"USGS 03-4174, EPA 353.2",25,,,Bucket in on 26III14 @ 0830 hrs. Sunny at times w/rain/snow showers. Highs in the high 40's (F) to low 50's (F). Calm to mod. wind. Some burnig in valley. Lite debris; filtered through 500 um mesh.,,,,
FMP,14102904,14102904-01,Yellow Bay Knob @ Flathead Lake BioStation,TMP03416,FMP07742,4/2/2014,,,Deposition-Dry,1159,Deposition,Total Phosphorus,TP,5,,5,,µg/L - P,"USGS 03-4174, EPA 365.2",1.5,,,Bucket in on 26III14 @ 0830 hrs. Sunny at times w/rain/snow showers. Highs in the high 40's (F) to low 50's (F). Calm to mod. wind. Some burnig in valley. Lite debris; filtered through 500 um mesh.,,,,
FMP,14102906,14102906-01,Yellow Bay Knob @ Flathead Lake BioStation,TMP03416,FMP07748,4/11/2014,,,Deposition-Dry,781.4,Deposition,Total Nitrogen,TN,216,,216,,µg/L - N,"USGS 03-4174, EPA 353.2",25,,,Bucket in on 02IV2014 @ 1330 hrs. Warm and Dry weather most of the week. Trace rain 2 days ago. High winds. Precribed burn conducted by USFS near the station. Lots of smoke along the east shore. Moderate organics; filtered through 500 um mesh.,,,,
FMP,14102906,14102906-01,Yellow Bay Knob @ Flathead Lake BioStation,TMP03416,FMP07748,4/11/2014,,,Deposition-Dry,781.4,Deposition,Total Phosphorus,TP,14.9,,14.9,,µg/L - P,"USGS 03-4174, EPA 365.2",1.5,,,Bucket in on 02IV2014 @ 1330 hrs. Warm and Dry weather most of the week. Trace rain 2 days ago. High winds. Precribed burn conducted by USFS near the station. Lots of smoke along the east shore. Moderate organics; filtered through 500 um mesh.,,,,
FMP,14102908,14102908-01,Yellow Bay Knob @ Flathead Lake BioStation,TMP03416,FMP07756,4/18/2014,,,Deposition-Dry,949.4,Deposition,Total Nitrogen,TN,412,,412,,µg/L - N,"USGS 03-4174, EPA 353.2",25,,,"Bucket in on 11IV14 @ 0830 hrs. Partly sunny, light rain, windy at times, slash buringin along east shore for past week. Single Ppine needle and a few black specs in sample. Filtered through 500 um mesh. *Not enough sample for WET precip (~40 ml).",,,,
FMP,14102908,14102908-01,Yellow Bay Knob @ Flathead Lake BioStation,TMP03416,FMP07756,4/18/2014,,,Deposition-Dry,949.4,Deposition,Total Phosphorus,TP,20.4,,20.4,,µg/L - P,"USGS 03-4174, EPA 365.2",1.5,,,"Bucket in on 11IV14 @ 0830 hrs. Partly sunny, light rain, windy at times, slash buringin along east shore for past week. Single Ppine needle and a few black specs in sample. Filtered through 500 um mesh. *Not enough sample for WET precip (~40 ml).",,,,
FMP,14102909,14102909-01,Yellow Bay Knob @ Flathead Lake BioStation,TMP03416,FMP07757,4/25/2014,,,Deposition-Dry,1501.6,Deposition,Total Nitrogen,TN,255,,255,,µg/L - N,"USGS 03-4174, EPA 353.2",25,,,Bucket in on 18IV14 @ 0900hrs. High winds w/rain showers. Tempsduring the day in the mid-40's to 50's (F). Personal fires in the valley (open burning). Moderate organics; filtered through 500 um mesh.,,,,
FMP,14102909,14102909-01,Yellow Bay Knob @ Flathead Lake BioStation,TMP03416,FMP07757,4/25/2014,,,Deposition-Dry,1501.6,Deposition,Total Phosphorus,TP,19,,19,,µg/L - P,"USGS 03-4174, EPA 365.2",1.5,,,Bucket in on 18IV14 @ 0900hrs. High winds w/rain showers. Tempsduring the day in the mid-40's to 50's (F). Personal fires in the valley (open burning). Moderate organics; filtered through 500 um mesh.,,,,
FMP,14102911,14102911-01,Yellow Bay Knob @ Flathead Lake BioStation,TMP03416,FMP07766,5/2/2014,,,Deposition-Dry,665.8,Deposition,Total Nitrogen,TN,1530,,1530,,µg/L - N,"USGS 03-4174, EPA 353.2",25,,,Bucket in on 25IV14 @ 0830 hrs. Rain and high winds; six days ago; warmer temperatures this week; near 70 (F) but cold nights. Moderate organics in the sample; one beetle and one dipteran adult; filtered through 500 um. Pollen in sample.,,,,
FMP,14102914,14102914-01,Yellow Bay Knob @ Flathead Lake BioStation,TMP03416,FMP07773,5/2/2014,,,Deposition-Dry,728.2,Deposition,Total Nitrogen,TN,642,,642,,µg/L - N,"USGS 03-4174, EPA 353.2",25,,,Bucket in on 02V14 @ 0830 hrs. Rain and high winds this week; some sun breaks. Still some open burning Lots of organics; some pollen; 2 midges; filtered through 500 um mesh.,,,,
FMP,14102911,14102911-01,Yellow Bay Knob @ Flathead Lake BioStation,TMP03416,FMP07766,5/2/2014,,,Deposition-Dry,665.8,Deposition,Total Phosphorus,TP,285,,285,,µg/L - P,"USGS 03-4174, EPA 365.2",1.5,,,Bucket in on 25IV14 @ 0830 hrs. Rain and high winds; six days ago; warmer temperatures this week; near 70 (F) but cold nights. Moderate organics in the sample; one beetle and one dipteran adult; filtered through 500 um. Pollen in sample.,,,,
FMP,14102914,14102914-01,Yellow Bay Knob @ Flathead Lake BioStation,TMP03416,FMP07773,5/2/2014,,,Deposition-Dry,728.2,Deposition,Total Phosphorus,TP,70.8,,70.8,,µg/L - P,"USGS 03-4174, EPA 365.2",1.5,,,Bucket in on 02V14 @ 0830 hrs. Rain and high winds this week; some sun breaks. Still some open burning Lots of organics; some pollen; 2 midges; filtered through 500 um mesh.,,,,
FMP,14103002,14103002-01,Yellow Bay Knob @ Flathead Lake BioStation,TMP03416,FMP07775,5/13/2014,,,Deposition-Dry,1358.8,Deposition,Total Nitrogen,TN,160,,160,,µg/L - N,"USGS 03-4174, EPA 353.2",25,,,Bucket in 07V14 @ 1330hrs. Scattered showers and cool. Fair amount of pollen in air.  Sample pretty clean.  Filtered 500um mesh.,,,,
FMP,14103002,14103002-01,Yellow Bay Knob @ Flathead Lake BioStation,TMP03416,FMP07775,5/13/2014,,,Deposition-Dry,1358.8,Deposition,Total Phosphorus,TP,11.6,,11.6,,µg/L - P,"USGS 03-4174, EPA 365.2",1.5,,,Bucket in 07V14 @ 1330hrs. Scattered showers and cool. Fair amount of pollen in air.  Sample pretty clean.  Filtered 500um mesh.,,,,
FMP,14103006,14103006-01,Yellow Bay Knob @ Flathead Lake BioStation,TMP03416,FMP07783,5/21/2014,,,Deposition-Dry,308.9,Deposition,Total Nitrogen,TN,663,,663,,µg/L - N,"USGS 03-4174, EPA 353.2",25,,,"Bucket in 13V14 @ 1130hrs. Warmer, 60's and 70's, windy and  rain at times.Heavy organics and 2 beetles in sample.  Lots of pollen. Filtered 500um mesh.",,,,
FMP,14103006,14103006-01,Yellow Bay Knob @ Flathead Lake BioStation,TMP03416,FMP07783,5/21/2014,,,Deposition-Dry,308.9,Deposition,Total Phosphorus,TP,86.9,,86.9,,µg/L - P,"USGS 03-4174, EPA 365.2",1.5,,,"Bucket in 13V14 @ 1130hrs. Warmer, 60's and 70's, windy and  rain at times.Heavy organics and 2 beetles in sample.  Lots of pollen. Filtered 500um mesh.",,,,
FMP,14103011,14103011-01,Yellow Bay Knob @ Flathead Lake BioStation,TMP03416,FMP07797,5/29/2014,,,Deposition-Dry,551.9,Deposition,Total Nitrogen,TN,844,,844,,µg/L - N,"USGS 03-4174, EPA 353.2",25,,,"Bucket in 21V19 @ 1100 hours. Temps in low 70's.  Light showers, but not enough for WET precip sample.Some high winds, pollen and open burning.Lots of debris in sample, catkins, 2 beetles, 2 flies.  Filtered 500um mesh.",,,,
FMP,14103011,14103011-01,Yellow Bay Knob @ Flathead Lake BioStation,TMP03416,FMP07797,5/29/2014,,,Deposition-Dry,551.9,Deposition,Total Phosphorus,TP,80.1,,80.1,,µg/L - P,"USGS 03-4174, EPA 365.2",1.5,,,"Bucket in 21V19 @ 1100 hours. Temps in low 70's.  Light showers, but not enough for WET precip sample.Some high winds, pollen and open burning.Lots of debris in sample, catkins, 2 beetles, 2 flies.  Filtered 500um mesh.",,,,
FMP,14103014,14103014-01,Yellow Bay Knob @ Flathead Lake BioStation,TMP03416,FMP07803,6/4/2014,,,Deposition-Dry,628.4,Deposition,Total Nitrogen,TN,697,,697,,µg/L - N,"USGS 03-4174, EPA 353.2",25,,,"Bucket in 29V14 @ 1330 hours.  Sunny, few light showers last week.  High wind, thunderstorms last night.Lots of organics in sample, pollen, 1 beetle.  Filtered 500um mesh.",,,,
FMP,14103014,14103014-01,Yellow Bay Knob @ Flathead Lake BioStation,TMP03416,FMP07803,6/4/2014,,,Deposition-Dry,628.4,Deposition,Total Phosphorus,TP,95.5,,95.5,,µg/L - P,"USGS 03-4174, EPA 365.2",1.5,,,"Bucket in 29V14 @ 1330 hours.  Sunny, few light showers last week.  High wind, thunderstorms last night.Lots of organics in sample, pollen, 1 beetle.  Filtered 500um mesh.",,,,
FMP,14103016,14103016-01,Yellow Bay Knob @ Flathead Lake BioStation,TMP03416,FMP07812,6/13/2014,,,Deposition-Dry,778.4,Deposition,Total Nitrogen,TN,682,,682,,µg/L - N,"USGS 03-4174, EPA 353.2",25,,,"Bucket in 04VI14 @ 1440 hours.  Fair number of pine capsules, 2 beetles, pollen in sample.  Hot, cool, windy, calm, rain and sun last week.  Filtered 500um mesh.",,,,
FMP,14103016,14103016-01,Yellow Bay Knob @ Flathead Lake BioStation,TMP03416,FMP07812,6/13/2014,,,Deposition-Dry,778.4,Deposition,Total Phosphorus,TP,121,,121,,µg/L - P,"USGS 03-4174, EPA 365.2",1.5,,,"Bucket in 04VI14 @ 1440 hours.  Fair number of pine capsules, 2 beetles, pollen in sample.  Hot, cool, windy, calm, rain and sun last week.  Filtered 500um mesh.",,,,
FMP,14103019,14103019-01,Yellow Bay Knob @ Flathead Lake BioStation,TMP03416,FMP07819,6/19/2014,,,Deposition-Dry,2472.5,Deposition,Total Nitrogen,TN,130,,130,,µg/L - N,"USGS 03-4174, EPA 353.2",25,,,Bucket in 13VI14 @ 1415.  High winds and heavy rain last 5 days.  Moderate organics in sample. Filtered 500um mesh.,,,,
FMP,14103019,14103019-01,Yellow Bay Knob @ Flathead Lake BioStation,TMP03416,FMP07819,6/19/2014,,,Deposition-Dry,2472.5,Deposition,Total Phosphorus,TP,16.6,,16.6,,µg/L - P,"USGS 03-4174, EPA 365.2",1.5,,,Bucket in 13VI14 @ 1415.  High winds and heavy rain last 5 days.  Moderate organics in sample. Filtered 500um mesh.,,,,
FMP,14103021,14103021-01,Yellow Bay Knob @ Flathead Lake BioStation,TMP03416,FMP07822,6/27/2014,,,Deposition-Dry,705.3,Deposition,Total Nitrogen,TN,398,,398,,µg/L - N,"USGS 03-4174, EPA 353.2",25,,,"Bucket in 19VI14 @ 1345 hours.  Light winds, temps ~70degF, rain last two days.  Heavy organics, pollen and 9 beetles in sample.  Filtered 500um mesh.",,,,
FMP,14103021,14103021-01,Yellow Bay Knob @ Flathead Lake BioStation,TMP03416,FMP07822,6/27/2014,,,Deposition-Dry,705.3,Deposition,Total Phosphorus,TP,65.1,,65.1,,µg/L - P,"USGS 03-4174, EPA 365.2",1.5,,,"Bucket in 19VI14 @ 1345 hours.  Light winds, temps ~70degF, rain last two days.  Heavy organics, pollen and 9 beetles in sample.  Filtered 500um mesh.",,,,
FMP,14111301,14111301-01,Yellow Bay Knob @ Flathead Lake BioStation,TMP03416,FMP07824,7/3/2014,,,Deposition-Dry,1169.6,Deposition,Total Nitrogen,TN,258,,258,,µg/L - N,"USGS 03-4174, EPA 353.2",25,,,Bucket in on 27VI14@1500hrs.Calm to 15 mph winds; Sunny and temperatures in the 80's; Dry and little to no precipitation. Moderate organics; Some pollen in the sample; 6 beetles in the sample; Filtered through 500 um mesh.,,,,
FMP,14111301,14111301-01,Yellow Bay Knob @ Flathead Lake BioStation,TMP03416,FMP07824,7/3/2014,,,Deposition-Dry,1169.6,Deposition,Total Phosphorus,TP,45,,45,,µg/L - P,"USGS 03-4174, EPA 365.2",1.5,,,Bucket in on 27VI14@1500hrs.Calm to 15 mph winds; Sunny and temperatures in the 80's; Dry and little to no precipitation. Moderate organics; Some pollen in the sample; 6 beetles in the sample; Filtered through 500 um mesh.,,,,
FMP,14111404,14111404-01,Yellow Bay Knob @ Flathead Lake BioStation,TMP03416,FMP07837,7/10/2014,,,Deposition-Dry,566.9,Deposition,Total Nitrogen,TN,219,,219,,µg/L - N,"USGS 03-4174, EPA 353.2",25,,,"Bucket in on 03VII14 @ 0945hrs. Sample fairly clean, 1 large beetle; filtered through 50 um mesh. Very hot and dry for last week. Had to add ~250 ml DI water to bucket for enough sample volume.",,,,
FMP,14111404,14111404-01,Yellow Bay Knob @ Flathead Lake BioStation,TMP03416,FMP07837,7/10/2014,,,Deposition-Dry,566.9,Deposition,Total Phosphorus,TP,22.9,,22.9,,µg/L - P,"USGS 03-4174, EPA 365.2",1.5,,,"Bucket in on 03VII14 @ 0945hrs. Sample fairly clean, 1 large beetle; filtered through 50 um mesh. Very hot and dry for last week. Had to add ~250 ml DI water to bucket for enough sample volume.",,,,
FMP,14111405,14111405-01,Yellow Bay Knob @ Flathead Lake BioStation,TMP03416,FMP07838,7/16/2014,,,Deposition-Dry,741.6,Deposition,Total Nitrogen,TN,314,,314,,µg/L - N,"USGS 03-4174, EPA 353.2",25,,,"Bucket in on 10VII14 at 0900hrs.Hot and dry for the last week, except for thunderstorm on the evening of 14VII14. Light ot moderate haze over the lake for last week from fires in Canada and Washington. Mod. Small organics in sample, filtered thru 500 um.",,,,
FMP,14111405,14111405-01,Yellow Bay Knob @ Flathead Lake BioStation,TMP03416,FMP07838,7/16/2014,,,Deposition-Dry,741.6,Deposition,Total Phosphorus,TP,33.6,,33.6,,µg/L - P,"USGS 03-4174, EPA 365.2",1.5,,,"Bucket in on 10VII14 at 0900hrs.Hot and dry for the last week, except for thunderstorm on the evening of 14VII14. Light ot moderate haze over the lake for last week from fires in Canada and Washington. Mod. Small organics in sample, filtered thru 500 um.",,,,
FMP,14111407,14111407-01,Yellow Bay Knob @ Flathead Lake BioStation,TMP03416,FMP07841,7/23/2014,,,Deposition-Dry,943.9,Deposition,Total Nitrogen,TN,647,,647,,µg/L - N,"USGS 03-4174, EPA 353.2",25,,,"Bucket in on 16VII14 @0845 hrs. Hot and sunny with some rain/thunder and lightning storms. Lots of haze from fires in ID, OR, & WA. Lots of organics; 2 beetles and noticable soot in the sample; filtered through 500 um mesh.",,,,
FMP,14111407,14111407-01,Yellow Bay Knob @ Flathead Lake BioStation,TMP03416,FMP07841,7/23/2014,,,Deposition-Dry,943.9,Deposition,Total Phosphorus,TP,113,,113,,µg/L - P,"USGS 03-4174, EPA 365.2",1.5,,,"Bucket in on 16VII14 @0845 hrs. Hot and sunny with some rain/thunder and lightning storms. Lots of haze from fires in ID, OR, & WA. Lots of organics; 2 beetles and noticable soot in the sample; filtered through 500 um mesh.",,,,
FMP,14111413,14111413-01,Yellow Bay Knob @ Flathead Lake BioStation,TMP03416,FMP07857,8/1/2014,,,Deposition-Dry,1040.2,Deposition,Total Nitrogen,TN,234,,234,,µg/L - N,"USGS 03-4174, EPA 353.2",25,,,Bucket in on 23VII14@1400 hrs. Sunny and hot this week temperatures in the mid-80's to low 90's (F). High winds at times Still some haze in the valley. Heavy organics in the sampleand 1 beetle and 2 Dipteran flies; filtered through 500 um mesh.,,,,
FMP,14111413,14111413-01,Yellow Bay Knob @ Flathead Lake BioStation,TMP03416,FMP07857,8/1/2014,,,Deposition-Dry,1040.2,Deposition,Total Phosphorus,TP,25.2,,25.2,,µg/L - P,"USGS 03-4174, EPA 365.2",1.5,,,Bucket in on 23VII14@1400 hrs. Sunny and hot this week temperatures in the mid-80's to low 90's (F). High winds at times Still some haze in the valley. Heavy organics in the sampleand 1 beetle and 2 Dipteran flies; filtered through 500 um mesh.,,,,
FMP,14111414,14111414-01,Yellow Bay Knob @ Flathead Lake BioStation,TMP03416,FMP07858,8/8/2014,,,Deposition-Dry,930.3,Deposition,Total Nitrogen,TN,379,,379,,µg/L - N,"USGS 03-4174, EPA 353.2",25,,,"Bucket in 01VIII14@0845hrs. SMOKEY, hot mostly calm but 1 or 2 nights with high winds; sample had moderate organics in it (lg &sm); filtered through 500 um mesh.",,,,
FMP,14111414,14111414-01,Yellow Bay Knob @ Flathead Lake BioStation,TMP03416,FMP07858,8/8/2014,,,Deposition-Dry,930.3,Deposition,Total Phosphorus,TP,44.4,,44.4,,µg/L - P,"USGS 03-4174, EPA 365.2",1.5,,,"Bucket in 01VIII14@0845hrs. SMOKEY, hot mostly calm but 1 or 2 nights with high winds; sample had moderate organics in it (lg &sm); filtered through 500 um mesh.",,,,
FMP,14111417,14111417-01,Yellow Bay Knob @ Flathead Lake BioStation,TMP03416,FMP07867,8/15/2014,,,Deposition-Dry,865.2,Deposition,Total Nitrogen,TN,370,,370,,µg/L - N,"USGS 03-4174, EPA 353.2",25,,,"Bucket in on 08VIII14 @0845 hrs. Sunny and hot w/high winds and thunder/lightning storms. Rain last night and sporadically yesterday. Fires in the st and out of st. causing smoke in the valley. 2 Dipterans and 1 beetle, w/lots of organics; fil. 500 um.",,,,
FMP,14111417,14111417-01,Yellow Bay Knob @ Flathead Lake BioStation,TMP03416,FMP07867,8/15/2014,,,Deposition-Dry,865.2,Deposition,Total Phosphorus,TP,24.8,,24.8,,µg/L - P,"USGS 03-4174, EPA 365.2",1.5,,,"Bucket in on 08VIII14 @0845 hrs. Sunny and hot w/high winds and thunder/lightning storms. Rain last night and sporadically yesterday. Fires in the st and out of st. causing smoke in the valley. 2 Dipterans and 1 beetle, w/lots of organics; fil. 500 um.",,,,
FMP,14111419,14111419-01,Yellow Bay Knob @ Flathead Lake BioStation,TMP03416,FMP07870,8/22/2014,,,Deposition-Dry,1134.1,Deposition,Total Nitrogen,TN,344,,344,,µg/L - N,"USGS 03-4174, EPA 353.2",25,,,"Bucket in on 15 VIII14 @ 0830 hrs. Sunny at times, cooler temperatures (~60 F); lots of rain and thunder/lightning. Hazy from fires in the valley. Lots of organics in sample; filtered through 500 um mesh.",,,,
FMP,14111419,14111419-01,Yellow Bay Knob @ Flathead Lake BioStation,TMP03416,FMP07870,8/22/2014,,,Deposition-Dry,1134.1,Deposition,Total Phosphorus,TP,21.7,,21.7,,µg/L - P,"USGS 03-4174, EPA 365.2",1.5,,,"Bucket in on 15 VIII14 @ 0830 hrs. Sunny at times, cooler temperatures (~60 F); lots of rain and thunder/lightning. Hazy from fires in the valley. Lots of organics in sample; filtered through 500 um mesh.",,,,
FMP,14111421,14111421-01,Yellow Bay Knob @ Flathead Lake BioStation,TMP03416,FMP07879,8/29/2014,,,Deposition-Dry,753,Deposition,Total Nitrogen,TN,92.8,,92.8,,µg/L - N,"USGS 03-4174, EPA 353.2",25,,,Bucket in on 22 VIII14 @1500hrs. Sunny this week; raining and colder last week and over the weekend. ~80 F for highs. Some haze in the valley from fires; winds calm to mod. Heavy organics in the sample; filtered through 500 um mesh.,,,,
FMP,14111421,14111421-01,Yellow Bay Knob @ Flathead Lake BioStation,TMP03416,FMP07879,8/29/2014,,,Deposition-Dry,753,Deposition,Total Phosphorus,TP,6.9,,6.9,,µg/L - P,"USGS 03-4174, EPA 365.2",1.5,,,Bucket in on 22 VIII14 @1500hrs. Sunny this week; raining and colder last week and over the weekend. ~80 F for highs. Some haze in the valley from fires; winds calm to mod. Heavy organics in the sample; filtered through 500 um mesh.,,,,
FMP,14111424,14111424-03,Yellow Bay Knob @ Flathead Lake BioStation,TMP03416,FMP07887,9/4/2014,,,Deposition-Dry,1437.7,Deposition,Total Nitrogen,TN,138,,138,,µg/L - N,"USGS 03-4174, EPA 353.2",25,,,Bucket in on 29VIII14@1500hrs. Rainy at times over the weekend; colder temperatures.Heavy rain yesterday; sunny at times; highs in the 70's (F). Winds calm to high. Mod. Organics in the sample; 2 dipterans; fil. Through 500 um mesh,,,,
FMP,14111424,14111424-03,Yellow Bay Knob @ Flathead Lake BioStation,TMP03416,FMP07887,9/4/2014,,,Deposition-Dry,1437.7,Deposition,Total Phosphorus,TP,15.2,,15.2,,µg/L - P,"USGS 03-4174, EPA 365.2",1.5,,,Bucket in on 29VIII14@1500hrs. Rainy at times over the weekend; colder temperatures.Heavy rain yesterday; sunny at times; highs in the 70's (F). Winds calm to high. Mod. Organics in the sample; 2 dipterans; fil. Through 500 um mesh,,,,
FMP,14111426,14111426-01,Yellow Bay Knob @ Flathead Lake BioStation,TMP03416,FMP07890,9/11/2014,,,Deposition-Dry,1005.8,Deposition,Total Nitrogen,TN,110,,110,,µg/L - N,"USGS 03-4174, EPA 353.2",25,,,Bucket in on 04IX14@0900 hrs. Sunny and calm winds for the most of the week but windy and rainy yesterday. Heavy organics; 1 spider; filtered through 500 um mesh.,,,,
FMP,14111426,14111426-01,Yellow Bay Knob @ Flathead Lake BioStation,TMP03416,FMP07890,9/11/2014,,,Deposition-Dry,1005.8,Deposition,Total Phosphorus,TP,8.1,,8.1,,µg/L - P,"USGS 03-4174, EPA 365.2",1.5,,,Bucket in on 04IX14@0900 hrs. Sunny and calm winds for the most of the week but windy and rainy yesterday. Heavy organics; 1 spider; filtered through 500 um mesh.,,,,
FMP,14111428,14111428-01,Yellow Bay Knob @ Flathead Lake BioStation,TMP03416,FMP07898,9/18/2014,,,Deposition-Dry,1255,Deposition,Total Nitrogen,TN,422,,422,,µg/L - N,"USGS 03-4174, EPA 353.2",25,,,Bucket in on 11IX14@1330hrs. Sunny and warm; windy at time; colder nights; hazy from fires. I grasshopper and 1 dipteran lfy; filtered through 500 um mesh.,,,,
FMP,14111428,14111428-01,Yellow Bay Knob @ Flathead Lake BioStation,TMP03416,FMP07898,9/18/2014,,,Deposition-Dry,1255,Deposition,Total Phosphorus,TP,115,,115,,µg/L - P,"USGS 03-4174, EPA 365.2",1.5,,,Bucket in on 11IX14@1330hrs. Sunny and warm; windy at time; colder nights; hazy from fires. I grasshopper and 1 dipteran lfy; filtered through 500 um mesh.,,,,
FMP,14111430,14111430-01,Yellow Bay Knob @ Flathead Lake BioStation,TMP03416,FMP07900,9/26/2014,,,Deposition-Dry,913,Deposition,Total Nitrogen,TN,227,,227,,µg/L - N,"USGS 03-4174, EPA 353.2",25,,,Bucket in on 18IX14 @0605 hrs. Record high temps. This week. Mostly dry with a few rain showers. Hazy from fires; moderate to calm winds. Moderate organics; 1 dipteran fly; filtered through 500 um mesh.,,,,
FMP,14111430,14111430-01,Yellow Bay Knob @ Flathead Lake BioStation,TMP03416,FMP07900,9/26/2014,,,Deposition-Dry,913,Deposition,Total Phosphorus,TP,26.3,,26.3,,µg/L - P,"USGS 03-4174, EPA 365.2",1.5,,,Bucket in on 18IX14 @0605 hrs. Record high temps. This week. Mostly dry with a few rain showers. Hazy from fires; moderate to calm winds. Moderate organics; 1 dipteran fly; filtered through 500 um mesh.,,,,
FMP,14111702,14111702-01,Yellow Bay Knob @ Flathead Lake BioStation,TMP03416,FMP07913,10/3/2014,,,Deposition-Dry,1433.6,Deposition,Total Nitrogen,TN,129,,129,,µg/L - N,"USGS 03-4174, EPA 353.2",25,,,Bucket in on 26IX14 @1545 hrs. Sunny and warm in general the last week; Recrd highs; rain showers; first frost last night. High winds most of the week. Heavy organics in the sample; pine needles; filtered through 500 um mesh.,,,,
FMP,14111702,14111702-01,Yellow Bay Knob @ Flathead Lake BioStation,TMP03416,FMP07913,10/3/2014,,,Deposition-Dry,1433.6,Deposition,Total Phosphorus,TP,29,,29,,µg/L - P,"USGS 03-4174, EPA 365.2",1.5,,,Bucket in on 26IX14 @1545 hrs. Sunny and warm in general the last week; Recrd highs; rain showers; first frost last night. High winds most of the week. Heavy organics in the sample; pine needles; filtered through 500 um mesh.,,,,
FMP,14111703,14111703-01,Yellow Bay Knob @ Flathead Lake BioStation,TMP03416,FMP07915,10/9/2014,,,Deposition-Dry,1065.4,Deposition,Total Nitrogen,TN,78.9,,78.9,,µg/L - N,"USGS 03-4174, EPA 353.2",25,,,Bucket in on 03X14 @ 1550hrs. Sunny and warm the past week; cooler nights with high winds at times. Moderate organics in the sample; 3 flies; filtered through 500 um mesh.,,,,
FMP,14111703,14111703-01,Yellow Bay Knob @ Flathead Lake BioStation,TMP03416,FMP07915,10/9/2014,,,Deposition-Dry,1065.4,Deposition,Total Phosphorus,TP,7.7,,7.7,,µg/L - P,"USGS 03-4174, EPA 365.2",1.5,,,Bucket in on 03X14 @ 1550hrs. Sunny and warm the past week; cooler nights with high winds at times. Moderate organics in the sample; 3 flies; filtered through 500 um mesh.,,,,
FMP,14120101,14120101-01,Yellow Bay Knob @ Flathead Lake BioStation,TMP03416,FMP07918,10/17/2014,,,Deposition-Dry,1376.3,Deposition,Total Nitrogen,TN,147,,147,,µg/L - N,"USGS 03-4174, EPA 353.2",25,,,Bucket in on 09X2014 @ 0830 hrs. Sunny to overcast. Showers 2 days ago. Winds calm to high this week. Lots of pine needles in the sample; filtered through 500 um mesh.,,,,
FMP,14120101,14120101-01,Yellow Bay Knob @ Flathead Lake BioStation,TMP03416,FMP07918,10/17/2014,,,Deposition-Dry,1376.3,Deposition,Total Phosphorus,TP,12.3,,12.3,,µg/L - P,"USGS 03-4174, EPA 365.2",1.5,,,Bucket in on 09X2014 @ 0830 hrs. Sunny to overcast. Showers 2 days ago. Winds calm to high this week. Lots of pine needles in the sample; filtered through 500 um mesh.,,,,
FMP,14120202,14120202-01,Yellow Bay Knob @ Flathead Lake BioStation,TMP03416,FMP07927,10/24/2014,,,Deposition-Dry,1795.3,Deposition,Total Nitrogen,TN,74.5,,74.5,,µg/L - N,"USGS 03-4174, EPA 353.2",25,,,"Bucket in on 17X14 @ 0830hrs. Sunny and warm with rain showers on and off, for the last three days. High winds at times with colder nights. Lite organics in the sample; filtered through 500 um mesh.",,,,
FMP,14120202,14120202-01,Yellow Bay Knob @ Flathead Lake BioStation,TMP03416,FMP07927,10/24/2014,,,Deposition-Dry,1795.3,Deposition,Total Phosphorus,TP,2.3,,2.3,,µg/L - P,"USGS 03-4174, EPA 365.2",1.5,,,"Bucket in on 17X14 @ 0830hrs. Sunny and warm with rain showers on and off, for the last three days. High winds at times with colder nights. Lite organics in the sample; filtered through 500 um mesh.",,,,
FMP,14120212,14120212-01,Yellow Bay Knob @ Flathead Lake BioStation,TMP03416,FMP07929,10/31/2014,,,Deposition-Dry,1716.2,Deposition,Total Nitrogen,TN,46.6,,46.6,,µg/L - N,"USGS 03-4174, EPA 353.2",25,,,Bucket in on 24X14@0930hrs. Overcast with rain showers this week. Some sun breaks. Colder temperatures in the high 30's (F) at night. Moderate organics in the sample; filtered through 500 um mesh. Calm to high winds.,,,,
FMP,14120212,14120212-01,Yellow Bay Knob @ Flathead Lake BioStation,TMP03416,FMP07929,10/31/2014,,,Deposition-Dry,1716.2,Deposition,Total Phosphorus,TP,2.9,,2.9,,µg/L - P,"USGS 03-4174, EPA 365.2",1.5,,,Bucket in on 24X14@0930hrs. Overcast with rain showers this week. Some sun breaks. Colder temperatures in the high 30's (F) at night. Moderate organics in the sample; filtered through 500 um mesh. Calm to high winds.,,,,
FMP,14120214,14120214-01,Yellow Bay Knob @ Flathead Lake BioStation,TMP03416,FMP07935,11/7/2014,,,Deposition-Dry,1337.8,Deposition,Total Nitrogen,TN,140,,140,,µg/L - N,"USGS 03-4174, EPA 353.2",25,,,Bucket in on 31X14 @0900 hrs. Calm to hihg winds Rain and snow showers; temperatures in the 30's-50's (F). Lite organics in the sample; filtered through 500 um mesh.,,,,
FMP,14120214,14120214-01,Yellow Bay Knob @ Flathead Lake BioStation,TMP03416,FMP07935,11/7/2014,,,Deposition-Dry,1337.8,Deposition,Total Phosphorus,TP,3.3,,3.3,,µg/L - P,"USGS 03-4174, EPA 365.2",1.5,,,Bucket in on 31X14 @0900 hrs. Calm to hihg winds Rain and snow showers; temperatures in the 30's-50's (F). Lite organics in the sample; filtered through 500 um mesh.,,,,
FMP,14120301,14120301-01,Yellow Bay Knob @ Flathead Lake BioStation,TMP03416,FMP07937,11/14/2014,,,Deposition-Dry,1485,Deposition,Total Nitrogen,TN,72.4,,72.4,,µg/L - N,"USGS 03-4174, EPA 353.2",25,,,Bucket in on 07XI14 0825hrs. Calm to moderate wind; Temperatures in the single digits; Some snow/rain; Lite organics in the sample; Few pine needles; Filtered through 500 um mesh; Frozen thawed in walk-in fridge; Cover stuck b/t buckets when collected.,,,,
FMP,14120301,14120301-01,Yellow Bay Knob @ Flathead Lake BioStation,TMP03416,FMP07937,11/14/2014,,,Deposition-Dry,1485,Deposition,Total Phosphorus,TP,7,,7,,µg/L - P,"USGS 03-4174, EPA 365.2",1.5,,,Bucket in on 07XI14 0825hrs. Calm to moderate wind; Temperatures in the single digits; Some snow/rain; Lite organics in the sample; Few pine needles; Filtered through 500 um mesh; Frozen thawed in walk-in fridge; Cover stuck b/t buckets when collected.,,,,
FMP,14120302,14120302-01,Yellow Bay Knob @ Flathead Lake BioStation,TMP03416,FMP07939,11/23/2014,,,Deposition-Dry,931.3,Deposition,Total Nitrogen,TN,92.3,,92.3,,µg/L - N,"USGS 03-4174, EPA 353.2",25,,,Bucket in on 14XI14 @ 0830hrs. Calm to high winds with cold temperatures into the single digits. Overcast to p.sunny at times. Lite organics in the sample; Filtered through 500 um mesh. Bioassay delayed collection.,,,,
FMP,14120302,14120302-01,Yellow Bay Knob @ Flathead Lake BioStation,TMP03416,FMP07939,11/23/2014,,,Deposition-Dry,931.3,Deposition,Total Phosphorus,TP,3.6,,3.6,,µg/L - P,"USGS 03-4174, EPA 365.2",1.5,,,Bucket in on 14XI14 @ 0830hrs. Calm to high winds with cold temperatures into the single digits. Overcast to p.sunny at times. Lite organics in the sample; Filtered through 500 um mesh. Bioassay delayed collection.,,,,
FMP,14120304,14120304-01,Yellow Bay Knob @ Flathead Lake BioStation,TMP03416,FMP07947,12/2/2014,,,Deposition-Dry,1668.9,Deposition,Total Nitrogen,TN,78.4,,78.4,,µg/L - N,"USGS 03-4174, EPA 353.2",25,,,Bucket in on 23XI14 @ 1315hrs. Very cold temperatures (single digits) and snow majority of last week; Calm to high winds; Mod. Org. quarter size tree bark in sample; samples froz. Placed in walk-in; JC obs. Cover stuck in mdl. 3 days ago; Snow in dry buc.,,,,
FMP,14120304,14120304-01,Yellow Bay Knob @ Flathead Lake BioStation,TMP03416,FMP07947,12/2/2014,,,Deposition-Dry,1668.9,Deposition,Total Phosphorus,TP,2.5,,2.5,,µg/L - P,"USGS 03-4174, EPA 365.2",1.5,,,Bucket in on 23XI14 @ 1315hrs. Very cold temperatures (single digits) and snow majority of last week; Calm to high winds; Mod. Org. quarter size tree bark in sample; samples froz. Placed in walk-in; JC obs. Cover stuck in mdl. 3 days ago; Snow in dry buc.,,,,
FMP,14120902,14120902-01,Yellow Bay Knob @ Flathead Lake BioStation,TMP03416,FMP07953,12/9/2014,,,Deposition-Dry,1560.4,Deposition,Total Nitrogen,TN,54,,54,,µg/L - N,"USGS 03-4174, EPA 353.2",25,,,Bucket in on 02XII14 @ 0830 hrs. Cold temperatures and snow early last week; warmer later in the week and over the weekend; calm winds. No visible organics in the sample; filtered through 500 um mesh. Not frozen.,,,,
FMP,14120902,14120902-01,Yellow Bay Knob @ Flathead Lake BioStation,TMP03416,FMP07953,12/9/2014,,,Deposition-Dry,1560.4,Deposition,Total Phosphorus,TP,3.2,,3.2,,µg/L - P,"USGS 03-4174, EPA 365.2",1.5,,,Bucket in on 02XII14 @ 0830 hrs. Cold temperatures and snow early last week; warmer later in the week and over the weekend; calm winds. No visible organics in the sample; filtered through 500 um mesh. Not frozen.,,,,
FMP,14121802,14121802-01,Yellow Bay Knob @ Flathead Lake BioStation,TMP03416,FMP07955,12/17/2014,,,Deposition-Dry,1287.3,Deposition,Total Nitrogen,TN,121,,121,,µg/L - N,"USGS 03-4174, EPA 353.2",25,,,Bucket in on 09XII14@1430hrs. Rain at times; warmer temperatures during the day turning to freezing conditions at night. Calm to high winds. No visible organics; filtered through 500 um mesh.,,,,
FMP,14121802,14121802-01,Yellow Bay Knob @ Flathead Lake BioStation,TMP03416,FMP07955,12/17/2014,,,Deposition-Dry,1287.3,Deposition,Total Phosphorus,TP,4.3,,4.3,,µg/L - P,"USGS 03-4174, EPA 365.2",1.5,,,Bucket in on 09XII14@1430hrs. Rain at times; warmer temperatures during the day turning to freezing conditions at night. Calm to high winds. No visible organics; filtered through 500 um mesh.,,,,
FMP,14122301,14122301-01,Yellow Bay Knob @ Flathead Lake BioStation,TMP03416,FMP07957,12/23/2014,,,Deposition-Dry,1743.4,Deposition,Total Nitrogen,TN,51.3,,51.3,,µg/L - N,"USGS 03-4174, EPA 353.2",25,,,Bucket in on 17XII14 @ 1500hrs. Rain to snow showers at times. Thawing during the day and freezing at night. Calm to high winds south winds. Lite organics in the sample; filtered through 500 um mesh.,,,,
FMP,14122301,14122301-01,Yellow Bay Knob @ Flathead Lake BioStation,TMP03416,FMP07957,12/23/2014,,,Deposition-Dry,1743.4,Deposition,Total Phosphorus,TP,< 1.5,,1.5,<,µg/L - P,"USGS 03-4174, EPA 365.2",1.5,,,Bucket in on 17XII14 @ 1500hrs. Rain to snow showers at times. Thawing during the day and freezing at night. Calm to high winds south winds. Lite organics in the sample; filtered through 500 um mesh.,,,,
FMP,15010201,15010201-01,Yellow Bay Knob @ Flathead Lake BioStation,TMP03416,FMP07959,1/2/2015,,,Deposition-Dry,1259.8,Deposition,Total Nitrogen,TN,127,,127,,µg/L - N,"USGS 03-4174, EPA 353.2",25,,,"Bucket in on 23 XII 14 @ 0915 hrs. Rain then turning to snow; heavy at timeswith high winds. Cold tempertures single digits and below; ~24"" of snow. Lite organics; filtered through 500 um mesh. Sample frozen and thawed in the fridge; some snow in sample",,,,
FMP,15010201,15010201-01,Yellow Bay Knob @ Flathead Lake BioStation,TMP03416,FMP07959,1/2/2015,,,Deposition-Dry,1259.8,Deposition,Total Phosphorus,TP,2.8,,2.8,,µg/L - P,"USGS 03-4174, EPA 365.2",1.5,,,"Bucket in on 23 XII 14 @ 0915 hrs. Rain then turning to snow; heavy at timeswith high winds. Cold tempertures single digits and below; ~24"" of snow. Lite organics; filtered through 500 um mesh. Sample frozen and thawed in the fridge; some snow in sample",,,,
FMP,15011201,15011201-01,Yellow Bay Knob @ Flathead Lake BioStation,TMP03416,FMP07961,1/9/2015,,,Deposition-Dry,1680,Deposition,Total Nitrogen,TN,92.1,,92.1,,µg/L - N,"USGS 03-4174, EPA 353.2",25,,,Bucket in on 02 I 15 @1430hours. Calm to high winds; cold temperatures; heavy snow at times ~3'. Lite organics; filtered through 500 um mesh; frozen; thawed in walk-in.,,,,
FMP,15011201,15011201-01,Yellow Bay Knob @ Flathead Lake BioStation,TMP03416,FMP07961,1/9/2015,,,Deposition-Dry,1680,Deposition,Total Phosphorus,TP,< 1.5,,1.5,<,µg/L - P,"USGS 03-4174, EPA 365.2",1.5,,,Bucket in on 02 I 15 @1430hours. Calm to high winds; cold temperatures; heavy snow at times ~3'. Lite organics; filtered through 500 um mesh; frozen; thawed in walk-in.,,,,
FMP,15012001,15012001-01,Yellow Bay Knob @ Flathead Lake BioStation,TMP03416,FMP07971,1/16/2015,,,Deposition-Dry,1129,Deposition,Total Nitrogen,TN,60.2,,60.2,,µg/L - N,"USGS 03-4174, EPA 353.2",25,,,Bucket in on 09 I 15 @ 1015 hrs. Snow and rain at times. High winds at times. Temperature warming into the low-30's (F). Lite organics; 500 um mesh. Dry bucket covered for part of 15I15.,,,,
FMP,15012001,15012001-01,Yellow Bay Knob @ Flathead Lake BioStation,TMP03416,FMP07971,1/16/2015,,,Deposition-Dry,1129,Deposition,Total Phosphorus,TP,< 1.5,,1.5,<,µg/L - P,"USGS 03-4174, EPA 365.2",1.5,,,Bucket in on 09 I 15 @ 1015 hrs. Snow and rain at times. High winds at times. Temperature warming into the low-30's (F). Lite organics; 500 um mesh. Dry bucket covered for part of 15I15.,,,,
FMP,15012601,15012601-01,Yellow Bay Knob @ Flathead Lake BioStation,TMP03416,FMP07977,1/23/2015,,,Deposition-Dry,1190.8,Deposition,Total Nitrogen,TN,62.8,,62.8,,µg/L - N,"USGS 03-4174, EPA 353.2",25,,,Bucket in on 16I15 @ 0830 hrs. Lite snow and some rain during the week; temperatures warming to mid- to high 30's (F) ; lite to moderate winds. Lite organics in sample; filtered through 500 um mesh. Sample was not frozen but thawed in fridge w/wet sample.,,,,
FMP,15012601,15012601-01,Yellow Bay Knob @ Flathead Lake BioStation,TMP03416,FMP07977,1/23/2015,,,Deposition-Dry,1190.8,Deposition,Total Phosphorus,TP,1.5,,1.5,,µg/L - P,"USGS 03-4174, EPA 365.2",1.5,,,Bucket in on 16I15 @ 0830 hrs. Lite snow and some rain during the week; temperatures warming to mid- to high 30's (F) ; lite to moderate winds. Lite organics in sample; filtered through 500 um mesh. Sample was not frozen but thawed in fridge w/wet sample.,,,,
FMP,15012902,15012902-01,Yellow Bay Knob @ Flathead Lake BioStation,TMP03416,FMP07979,1/29/2015,,,Deposition-Dry,1389.1,Deposition,Total Nitrogen,TN,34.9,,34.9,,µg/L - N,"USGS 03-4174, EPA 353.2",25,,,Bucket in on 23 I 15@ 0830 hrs. NO precip; warmer days and coler nights;' freeze thaw cycles; inversion this week; calm winds; overcast to p. sunny. Lite organics in the sample; no visible soot; filtered through 00 um mesh.,,,,
FMP,15012902,15012902-01,Yellow Bay Knob @ Flathead Lake BioStation,TMP03416,FMP07979,1/29/2015,,,Deposition-Dry,1389.1,Deposition,Total Phosphorus,TP,< 1.5,,1.5,<,µg/L - P,"USGS 03-4174, EPA 365.2",1.5,,,Bucket in on 23 I 15@ 0830 hrs. NO precip; warmer days and coler nights;' freeze thaw cycles; inversion this week; calm winds; overcast to p. sunny. Lite organics in the sample; no visible soot; filtered through 00 um mesh.,,,,
FMP,15020501,15020501-01,Yellow Bay Knob @ Flathead Lake BioStation,TMP03416,FMP07980,2/4/2015,,,Deposition-Dry,1435.4,Deposition,Total Nitrogen,TN,56.9,,56.9,,µg/L - N,"USGS 03-4174, EPA 353.2",25,,,Bucket in on 29 I 15 @ 1000hrs. Lite rain and snow at times; overcast to p. sunny; cold nights with warmer days. Calm to moderate winds and freeze thaw cycles. Lite organics in the sample filtered through 500 um mesh.,,,,
FMP,15020501,15020501-01,Yellow Bay Knob @ Flathead Lake BioStation,TMP03416,FMP07980,2/4/2015,,,Deposition-Dry,1435.4,Deposition,Total Phosphorus,TP,< 1.5,,1.5,<,µg/L - P,"USGS 03-4174, EPA 365.2",1.5,,,Bucket in on 29 I 15 @ 1000hrs. Lite rain and snow at times; overcast to p. sunny; cold nights with warmer days. Calm to moderate winds and freeze thaw cycles. Lite organics in the sample filtered through 500 um mesh.,,,,
FMP,15021201,15021201-01,Yellow Bay Knob @ Flathead Lake BioStation,TMP03416,FMP07984,2/12/2015,,,Deposition-Dry,1577.4,Deposition,Total Nitrogen,TN,87.9,,87.9,,µg/L - N,"USGS 03-4174, EPA 353.2",25,,,Bucket in on 04II15@1600 hrs. Heavy rain this week; overcast to P. sunny yesterday; high winds at times. Lite organics in the sample; filtered through 500 um mesh.,,,,
FMP,15021201,15021201-01,Yellow Bay Knob @ Flathead Lake BioStation,TMP03416,FMP07984,2/12/2015,,,Deposition-Dry,1577.4,Deposition,Total Phosphorus,TP,2,,2,,µg/L - P,"USGS 03-4174, EPA 365.2",1.5,,,Bucket in on 04II15@1600 hrs. Heavy rain this week; overcast to P. sunny yesterday; high winds at times. Lite organics in the sample; filtered through 500 um mesh.,,,,
FMP,15021801,15021801-01,Yellow Bay Knob @ Flathead Lake BioStation,TMP03416,FMP07986,2/18/2015,,,Deposition-Dry,1486.1,Deposition,Total Nitrogen,TN,33,,33,,µg/L - N,"USGS 03-4174, EPA 353.2",25,,,Bucket in on 12II15 @ 0815 hrs. Dry and sunny conditions; Temperatures in the high 40's during the day and nightime temperatures above freezing until four days ago when temeratures driopped below freezing at night. Lite organics in the sample; fil. 500 um,,,,
FMP,15021801,15021801-01,Yellow Bay Knob @ Flathead Lake BioStation,TMP03416,FMP07986,2/18/2015,,,Deposition-Dry,1486.1,Deposition,Total Phosphorus,TP,< 1.5,,1.5,<,µg/L - P,"USGS 03-4174, EPA 365.2",1.5,,,Bucket in on 12II15 @ 0815 hrs. Dry and sunny conditions; Temperatures in the high 40's during the day and nightime temperatures above freezing until four days ago when temeratures driopped below freezing at night. Lite organics in the sample; fil. 500 um,,,,
FMP,15022501,15022501-01,Yellow Bay Knob @ Flathead Lake BioStation,TMP03416,FMP07987,2/25/2015,,,Deposition-Dry,1205.6,Deposition,Total Nitrogen,TN,81.3,,81.3,,µg/L - N,"USGS 03-4174, EPA 353.2",25,,,Bucket in on 18II15 @ 0815 hrs. Sunny days with below freezing nights. Freeze thaw cycles. Moderate winds at times. Lite organics in the sample; filtered through 500 um mesh.,,,,
FMP,15022501,15022501-01,Yellow Bay Knob @ Flathead Lake BioStation,TMP03416,FMP07987,2/25/2015,,,Deposition-Dry,1205.6,Deposition,Total Phosphorus,TP,1.8,,1.8,,µg/L - P,"USGS 03-4174, EPA 365.2",1.5,,,Bucket in on 18II15 @ 0815 hrs. Sunny days with below freezing nights. Freeze thaw cycles. Moderate winds at times. Lite organics in the sample; filtered through 500 um mesh.,,,,
FMP,15030501,15030501-01,Yellow Bay Knob @ Flathead Lake BioStation,TMP03416,FMP07992,3/5/2015,,,Deposition-Dry,1071.2,Deposition,Total Nitrogen,TN,54.5,,54.5,,µg/L - N,"USGS 03-4174, EPA 353.2",25,,,"Bucket in on 25 II 15 @ 1505 hrs. Sunny day with nights in the 20's. Loite snow three days ago; otherwise very dry. Lite to moderate winds. Some ice in the bays. Mod. Org. in the sample, fil.  500. Sample frozen thawed in walk-in overnight.",,,,
FMP,15030501,15030501-01,Yellow Bay Knob @ Flathead Lake BioStation,TMP03416,FMP07992,3/5/2015,,,Deposition-Dry,1071.2,Deposition,Total Phosphorus,TP,19.7,,19.7,,µg/L - P,"USGS 03-4174, EPA 365.2",1.5,,,"Bucket in on 25 II 15 @ 1505 hrs. Sunny day with nights in the 20's. Loite snow three days ago; otherwise very dry. Lite to moderate winds. Some ice in the bays. Mod. Org. in the sample, fil.  500. Sample frozen thawed in walk-in overnight.",,,,
FMP,15031101,15031101-01,Yellow Bay Knob @ Flathead Lake BioStation,TMP03416,FMP08001,3/11/2015,,,Deposition-Dry,1099.6,Deposition,Total Nitrogen,TN,76.6,,76.6,,µg/L - N,"USGS 03-4174, EPA 353.2",25,,,Buvcket in on 04 III 15 @ 1245 hrs. Suuny and dry with highs in the 50's (F). Open burning in the valley and fires are noticeable around the lake. Calm to hihg winds at times. Very lite organics in the sample; filtered through 500 um mesh.,,,,
FMP,15031101,15031101-01,Yellow Bay Knob @ Flathead Lake BioStation,TMP03416,FMP08001,3/11/2015,,,Deposition-Dry,1099.6,Deposition,Total Phosphorus,TP,2.5,,2.5,,µg/L - P,"USGS 03-4174, EPA 365.2",1.5,,,Buvcket in on 04 III 15 @ 1245 hrs. Suuny and dry with highs in the 50's (F). Open burning in the valley and fires are noticeable around the lake. Calm to hihg winds at times. Very lite organics in the sample; filtered through 500 um mesh.,,,,
FMP,15032001,15032001-01,Yellow Bay Knob @ Flathead Lake BioStation,TMP03416,FMP08006,3/20/2015,,,Deposition-Dry,1537.5,Deposition,Total Nitrogen,TN,172,,172,,µg/L - N,"USGS 03-4174, EPA 353.2",25,,,"Bucket in 11III15 @ 1600 hours.  Warm weather system from CA, rain on snow 15-18 II15. Pretty clean sample, very light organcs, filtered through 500um mesh.  Fem locals around Flathead Lake open burning.",,,,
FMP,15032001,15032001-01,Yellow Bay Knob @ Flathead Lake BioStation,TMP03416,FMP08006,3/20/2015,,,Deposition-Dry,1537.5,Deposition,Total Phosphorus,TP,5.3,,5.3,,µg/L - P,"USGS 03-4174, EPA 365.2",1.5,,,"Bucket in 11III15 @ 1600 hours.  Warm weather system from CA, rain on snow 15-18 II15. Pretty clean sample, very light organcs, filtered through 500um mesh.  Fem locals around Flathead Lake open burning.",,,,
FMP,15032502,15032502-01,Yellow Bay Knob @ Flathead Lake BioStation,TMP03416,FMP08008,3/25/2015,,,Deposition-Dry,1695.9,Deposition,Total Nitrogen,TN,72.7,,72.7,,µg/L - N,"USGS 03-4174, EPA 353.2",25,,,Buket in on 20 III 15 @ 0900 hrs. Warm weather; sunny to overcast.; some rain showers; high winds at times; Goose or Turjey flew past or perche don the collector; pooped b/t buckets and but knocked a spike into the sample. Lite organics; filtered 500 um.,,,,
FMP,15032502,15032502-01,Yellow Bay Knob @ Flathead Lake BioStation,TMP03416,FMP08008,3/25/2015,,,Deposition-Dry,1695.9,Deposition,Total Phosphorus,TP,2.1,,2.1,,µg/L - P,"USGS 03-4174, EPA 365.2",1.5,,,Buket in on 20 III 15 @ 0900 hrs. Warm weather; sunny to overcast.; some rain showers; high winds at times; Goose or Turjey flew past or perche don the collector; pooped b/t buckets and but knocked a spike into the sample. Lite organics; filtered 500 um.,,,,
FMP,15040601,15040601-01,Yellow Bay Knob @ Flathead Lake BioStation,TMP03416,FMP08009,4/6/2015,,,Deposition-Dry,994.5,Deposition,Total Nitrogen,TN,348,,348,,µg/L - N,"USGS 03-4174, EPA 353.2",25,,,,,,,
FMP,15040601,15040601-01,Yellow Bay Knob @ Flathead Lake BioStation,TMP03416,FMP08009,4/6/2015,,,Deposition-Dry,994.5,Deposition,Total Phosphorus,TP,22.4,,22.4,,µg/L - P,"USGS 03-4174, EPA 365.2",1.5,,,,,,,
FMP,15041501,15041501-01,Yellow Bay Knob @ Flathead Lake BioStation,TMP03416,FMP08018,4/15/2015,,,Deposition-Dry,1343.6,Deposition,Total Nitrogen,TN,186,,186,,µg/L - N,"USGS 03-4174, EPA 353.2",25,,,Bucket in on 06IV15 @ 0600hrs. Warm mand sunny most of the week; high winds at times and heavy rain yesterday; Residents burning debris in Yellow Bay. Heavy organics and one fly and one bee in the sample; filtered through 500 um mesh.,,,,
FMP,15041501,15041501-01,Yellow Bay Knob @ Flathead Lake BioStation,TMP03416,FMP08018,4/15/2015,,,Deposition-Dry,1343.6,Deposition,Total Phosphorus,TP,15.6,,15.6,,µg/L - P,"USGS 03-4174, EPA 365.2",1.5,,,Bucket in on 06IV15 @ 0600hrs. Warm mand sunny most of the week; high winds at times and heavy rain yesterday; Residents burning debris in Yellow Bay. Heavy organics and one fly and one bee in the sample; filtered through 500 um mesh.,,,,
FMP,15042202,15042202-01,Yellow Bay Knob @ Flathead Lake BioStation,TMP03416,FMP08024,4/22/2015,,,Deposition-Dry,598.8,Deposition,Total Nitrogen,TN,664,,664,,µg/L - N,"USGS 03-4174, EPA 353.2",25,,,Bucket in on 15 IV 15 @ 08:40. Warm and sunny mid-60's to high-60's High winds at times. Prescribe burn began 21IV15 and was still active today on the Forest Service land east of the station. Mod. Org. in sample with 3 bees; filtered through 500 um mesh.,,,,
FMP,15042202,15042202-01,Yellow Bay Knob @ Flathead Lake BioStation,TMP03416,FMP08024,4/22/2015,,,Deposition-Dry,598.8,Deposition,Total Phosphorus,TP,93,,93,,µg/L - P,"USGS 03-4174, EPA 365.2",1.5,,,Bucket in on 15 IV 15 @ 08:40. Warm and sunny mid-60's to high-60's High winds at times. Prescribe burn began 21IV15 and was still active today on the Forest Service land east of the station. Mod. Org. in sample with 3 bees; filtered through 500 um mesh.,,,,
FMP,15043002,15043002-01,Yellow Bay Knob @ Flathead Lake BioStation,TMP03416,FMP08025,4/30/2015,,,Deposition-Dry,774.2,Deposition,Total Nitrogen,TN,322,,322,,µg/L - N,"USGS 03-4174, EPA 353.2",25,,,Bucket in on 22IV15 @ 1620 hrs. Warm and sunny this past week. Some rain showers but only trace accumulation. Calm to high winds. Prescribed burns continued the first of the week. Lite organics; 1 midge (Chironomid) and 1 beetle; filtered through 500 um.,,,,
FMP,15043002,15043002-01,Yellow Bay Knob @ Flathead Lake BioStation,TMP03416,FMP08025,4/30/2015,,,Deposition-Dry,774.2,Deposition,Total Phosphorus,TP,25.5,,25.5,,µg/L - P,"USGS 03-4174, EPA 365.2",1.5,,,Bucket in on 22IV15 @ 1620 hrs. Warm and sunny this past week. Some rain showers but only trace accumulation. Calm to high winds. Prescribed burns continued the first of the week. Lite organics; 1 midge (Chironomid) and 1 beetle; filtered through 500 um.,,,,
FMP,15050601,15050601-01,Yellow Bay Knob @ Flathead Lake BioStation,TMP03416,FMP08026,5/6/2015,,,Deposition-Dry,986.1,Deposition,Total Nitrogen,TN,260,,260,,µg/L - N,"USGS 03-4174, EPA 353.2",25,,,Bucket in on 30IV15 @ 1530 hrs. Sunny and warm; highs in the low70's (F); Ave. of ~60 (F). Still cold at night; high winds at times and some rain showers; heavy organics in the sample w/1 bee; filtered through 500 um mesh. Prescribed burning last two days,,,,
FMP,15050601,15050601-01,Yellow Bay Knob @ Flathead Lake BioStation,TMP03416,FMP08026,5/6/2015,,,Deposition-Dry,986.1,Deposition,Total Phosphorus,TP,30.9,,30.9,,µg/L - P,"USGS 03-4174, EPA 365.2",1.5,,,Bucket in on 30IV15 @ 1530 hrs. Sunny and warm; highs in the low70's (F); Ave. of ~60 (F). Still cold at night; high winds at times and some rain showers; heavy organics in the sample w/1 bee; filtered through 500 um mesh. Prescribed burning last two days,,,,
FMP,15051403,15051403-01,Yellow Bay Knob @ Flathead Lake BioStation,TMP03416,FMP08031,5/14/2015,,,Deposition-Dry,638.5,Deposition,Total Nitrogen,TN,828,,828,,µg/L - N,"USGS 03-4174, EPA 353.2",25,,,"Bucket in on 6  V 15 @ 0800. Sunny and warm, high winds at times, prescibed burns, lotes of pollen out. Lots of organics and I bee and ibeetle in the sample; filtered through 500 um mesh.",,,,
FMP,15051403,15051403-01,Yellow Bay Knob @ Flathead Lake BioStation,TMP03416,FMP08031,5/14/2015,,,Deposition-Dry,638.5,Deposition,Total Phosphorus,TP,75.1,,75.1,,µg/L - P,"USGS 03-4174, EPA 365.2",1.5,,,"Bucket in on 6  V 15 @ 0800. Sunny and warm, high winds at times, prescibed burns, lotes of pollen out. Lots of organics and I bee and ibeetle in the sample; filtered through 500 um mesh.",,,,
FMP,15052201,15052201-01,Yellow Bay Knob @ Flathead Lake BioStation,TMP03416,FMP08040,5/22/2015,,,Deposition-Dry,610.9,Deposition,Total Nitrogen,TN,930,,930,,µg/L - N,"USGS 03-4174, EPA 353.2",25,,,Bucket in on 14V15 @ 1545 hrs. Sunny and dry w/highs at or near 70 (F); high winds; lots of pollen in the air. Lots of organics in the sample; filtered through 500 um mesh.,,,,
FMP,15052201,15052201-01,Yellow Bay Knob @ Flathead Lake BioStation,TMP03416,FMP08040,5/22/2015,,,Deposition-Dry,610.9,Deposition,Total Phosphorus,TP,93.6,,93.6,,µg/L - P,"USGS 03-4174, EPA 365.2",1.5,,,Bucket in on 14V15 @ 1545 hrs. Sunny and dry w/highs at or near 70 (F); high winds; lots of pollen in the air. Lots of organics in the sample; filtered through 500 um mesh.,,,,
FMP,15052901,15052901-01,Yellow Bay Knob @ Flathead Lake BioStation,TMP03416,FMP08045,5/29/2015,,,Deposition-Dry,675.1,Deposition,Total Nitrogen,TN,590,,590,,µg/L - N,"USGS 03-4174, EPA 353.2",25,,,Bucket in on 22V15 @ 1615 hrs. Sunny days with thunderstorms and some rain showers. Highs in the 70's (F); High winds at times. Moderate organics; filtered through 500 um mesh.,,,,
FMP,15052901,15052901-01,Yellow Bay Knob @ Flathead Lake BioStation,TMP03416,FMP08045,5/29/2015,,,Deposition-Dry,675.1,Deposition,Total Phosphorus,TP,86.6,,86.6,,µg/L - P,"USGS 03-4174, EPA 365.2",1.5,,,Bucket in on 22V15 @ 1615 hrs. Sunny days with thunderstorms and some rain showers. Highs in the 70's (F); High winds at times. Moderate organics; filtered through 500 um mesh.,,,,
FMP,15060302,15060302-01,Yellow Bay Knob @ Flathead Lake BioStation,TMP03416,FMP08050,6/3/2015,,,Deposition-Dry,1712.1,Deposition,Total Nitrogen,TN,323,,323,,µg/L - N,"USGS 03-4174, EPA 353.2",25,,,"Bucket in 29V15 @ 1500 hours. Light organics in sample + 2 flies. Filtered through 500um mesh.  Mostly warm for last week, rain last 2 days.  Moderate pollen in the air, no smoke.",,,,
FMP,15060302,15060302-01,Yellow Bay Knob @ Flathead Lake BioStation,TMP03416,FMP08050,6/3/2015,,,Deposition-Dry,1712.1,Deposition,Total Phosphorus,TP,48.6,,48.6,,µg/L - P,"USGS 03-4174, EPA 365.2",1.5,,,"Bucket in 29V15 @ 1500 hours. Light organics in sample + 2 flies. Filtered through 500um mesh.  Mostly warm for last week, rain last 2 days.  Moderate pollen in the air, no smoke.",,,,
FMP,15061004,15061004-01,Yellow Bay Knob @ Flathead Lake BioStation,TMP03416,FMP08060,6/10/2015,,,Deposition-Dry,692.4,Deposition,Total Nitrogen,TN,617,,617,,µg/L - N,"USGS 03-4174, EPA 353.2",25,,,"Bucket in on 3 VI 15 @ 1400hrs. Weather has been dry and hot with highs above 90 degrees F; Hazt to the North and South of the lake. LOTS of pollen in the air and on the lake; Yellow and looks like Pine tree pollen, 5 beetles, 3 bees and 1 ant in sample.",,,,
FMP,15061004,15061004-01,Yellow Bay Knob @ Flathead Lake BioStation,TMP03416,FMP08060,6/10/2015,,,Deposition-Dry,692.4,Deposition,Total Phosphorus,TP,131,,131,,µg/L - P,"USGS 03-4174, EPA 365.2",1.5,,,"Bucket in on 3 VI 15 @ 1400hrs. Weather has been dry and hot with highs above 90 degrees F; Hazt to the North and South of the lake. LOTS of pollen in the air and on the lake; Yellow and looks like Pine tree pollen, 5 beetles, 3 bees and 1 ant in sample.",,,,
FMP,15061701,15061701-01,Yellow Bay Knob @ Flathead Lake BioStation,TMP03416,FMP08061,6/17/2015,,,Deposition-Dry,984.7,Deposition,Total Nitrogen,TN,241,,241,,µg/L - N,"USGS 03-4174, EPA 353.2",25,,,Bucket in on 10 VI 15 @ 1530 hrs. Sunny & hot w/highs in the 80's F. Somewhat hazy but no close fires; Lots of pollen around; High to mod. Winds. High organics and two flies; filtered through 500 um.,,,,
FMP,15061701,15061701-01,Yellow Bay Knob @ Flathead Lake BioStation,TMP03416,FMP08061,6/17/2015,,,Deposition-Dry,984.7,Deposition,Total Phosphorus,TP,48,,48,,µg/L - P,"USGS 03-4174, EPA 365.2",1.5,,,Bucket in on 10 VI 15 @ 1530 hrs. Sunny & hot w/highs in the 80's F. Somewhat hazy but no close fires; Lots of pollen around; High to mod. Winds. High organics and two flies; filtered through 500 um.,,,,
FMP,15062901,15062901-01,Yellow Bay Knob @ Flathead Lake BioStation,TMP03416,FMP08066,6/24/2015,,,Deposition-Dry,1990.5,Deposition,Total Nitrogen,TN,145,,145,,µg/L - N,"USGS 03-4174, EPA 353.2",25,,,"Bucket in on 17 VI 15 @ 0930 hrs. Sunny and hot; calm to mod. Winds; Some haze in the sky. Pollen (Yellow=Pine tree), not noticable as it was. Light organics in the sample; through 500 um mesh.",,,,
FMP,15062901,15062901-01,Yellow Bay Knob @ Flathead Lake BioStation,TMP03416,FMP08066,6/24/2015,,,Deposition-Dry,1990.5,Deposition,Total Phosphorus,TP,13.8,,13.8,,µg/L - P,"USGS 03-4174, EPA 365.2",1.5,,,"Bucket in on 17 VI 15 @ 0930 hrs. Sunny and hot; calm to mod. Winds; Some haze in the sky. Pollen (Yellow=Pine tree), not noticable as it was. Light organics in the sample; through 500 um mesh.",,,,
FMP,15070201,15070201-01,Yellow Bay Knob @ Flathead Lake BioStation,TMP03416,FMP08074,7/2/2015,,,Deposition-Dry,679,Deposition,Total Nitrogen,TN,313,,313,,µg/L - N,"USGS 03-4174, EPA 353.2",25,,,"Bucket in 24VI15 @ 0900 hours. Hot, dry, light wind for last week. Hazy, but does not smell of smoke.  Fires in Canada, Washington and a fire started 2 days ago near Blankenship on NFK Flathead River.  Few flies and light organics in sample, Filtered 500u",,,,
FMP,15070201,15070201-01,Yellow Bay Knob @ Flathead Lake BioStation,TMP03416,FMP08074,7/2/2015,,,Deposition-Dry,679,Deposition,Total Phosphorus,TP,33.9,,33.9,,µg/L - P,"USGS 03-4174, EPA 365.2",1.5,,,"Bucket in 24VI15 @ 0900 hours. Hot, dry, light wind for last week. Hazy, but does not smell of smoke.  Fires in Canada, Washington and a fire started 2 days ago near Blankenship on NFK Flathead River.  Few flies and light organics in sample, Filtered 500u",,,,
FMP,15070901,15070901-01,Yellow Bay Knob @ Flathead Lake BioStation,TMP03416,FMP08079,7/9/2015,,,Deposition-Dry,1592.9,Deposition,Total Nitrogen,TN,167,,167,,µg/L - N,"USGS 03-4174, EPA 353.2",25,,,"Bucket in 02VII15 @ 0800 hours.  Variety of weather this week.  Hot, dry and calm; cloudy, light rain and cool; high winds as front moved through.  Lots of small organics in sample, filtered throug 500um mesh.  Smokey all week from fires in Canada, WA, CA",,,,
FMP,15070901,15070901-01,Yellow Bay Knob @ Flathead Lake BioStation,TMP03416,FMP08079,7/9/2015,,,Deposition-Dry,1592.9,Deposition,Total Phosphorus,TP,22,,22,,µg/L - P,"USGS 03-4174, EPA 365.2",1.5,,,"Bucket in 02VII15 @ 0800 hours.  Variety of weather this week.  Hot, dry and calm; cloudy, light rain and cool; high winds as front moved through.  Lots of small organics in sample, filtered throug 500um mesh.  Smokey all week from fires in Canada, WA, CA",,,,
FMP,15071401,15071401-01,Yellow Bay Knob @ Flathead Lake BioStation,TMP03416,FMP08087,7/14/2015,,,Deposition-Dry,1013.5,Deposition,Total Nitrogen,TN,272,,272,,µg/L - N,"USGS 03-4174, EPA 353.2",25,,,"Bucket in 09VII15 @ 0800 hours. Cool, cloudy, mild smokey, rainy for last week.  Few flies in sample, filtered through 500um mesh.",,,,
FMP,15071401,15071401-01,Yellow Bay Knob @ Flathead Lake BioStation,TMP03416,FMP08087,7/14/2015,,,Deposition-Dry,1013.5,Deposition,Total Phosphorus,TP,14.5,,14.5,,µg/L - P,"USGS 03-4174, EPA 365.2",1.5,,,"Bucket in 09VII15 @ 0800 hours. Cool, cloudy, mild smokey, rainy for last week.  Few flies in sample, filtered through 500um mesh.",,,,
FMP,15072201,15072201-01,Yellow Bay Knob @ Flathead Lake BioStation,TMP03416,FMP08089,7/22/2015,,,Deposition-Dry,587.6,Deposition,Total Nitrogen,TN,398,,398,,µg/L - N,"USGS 03-4174, EPA 353.2",25,,,"Cool, cloudy, windy, thunderstorms for last week.  Not very smokey. Lots of small organics in sample, filtered through 500um mesh.",,,,
FMP,15072201,15072201-01,Yellow Bay Knob @ Flathead Lake BioStation,TMP03416,FMP08089,7/22/2015,,,Deposition-Dry,587.6,Deposition,Total Phosphorus,TP,34.6,,34.6,,µg/L - P,"USGS 03-4174, EPA 365.2",1.5,,,"Cool, cloudy, windy, thunderstorms for last week.  Not very smokey. Lots of small organics in sample, filtered through 500um mesh.",,,,
FMP,15073002,15073002-01,Yellow Bay Knob @ Flathead Lake BioStation,TMP03416,FMP08098,7/30/2015,,,Deposition-Dry,592.4,Deposition,Total Nitrogen,TN,479,,479,,µg/L - N,"USGS 03-4174, EPA 353.2",25,,,Bucket in on 22VII15 @ 1000hrs. Rain showers Monday but dry and sunny the rest of the week. High south winds but not very smokey. 1 Dipteran and light organics in the sample; filtered through 500 um mesh.,,,,
FMP,15073002,15073002-01,Yellow Bay Knob @ Flathead Lake BioStation,TMP03416,FMP08098,7/30/2015,,,Deposition-Dry,592.4,Deposition,Total Phosphorus,TP,48.3,,48.3,,µg/L - P,"USGS 03-4174, EPA 365.2",1.5,,,Bucket in on 22VII15 @ 1000hrs. Rain showers Monday but dry and sunny the rest of the week. High south winds but not very smokey. 1 Dipteran and light organics in the sample; filtered through 500 um mesh.,,,,
FMP,15080601,15080601-01,Yellow Bay Knob @ Flathead Lake BioStation,TMP03416,FMP08101,8/6/2015,,,Deposition-Dry,808.9,Deposition,Total Nitrogen,TN,163,,163,,µg/L - N,"USGS 03-4174, EPA 353.2",25,,,Bucket in on 30 VII 15 at 1520hrs. Hot and sunny; high winds and lots of smoke in the valley for 3 days; blew out yesterday; some rain showers at times. 1 midge and mod. Org. in sample; filtered thru 500 um mesh.,,,,
FMP,15080601,15080601-01,Yellow Bay Knob @ Flathead Lake BioStation,TMP03416,FMP08101,8/6/2015,,,Deposition-Dry,808.9,Deposition,Total Phosphorus,TP,19.1,,19.1,,µg/L - P,"USGS 03-4174, EPA 365.2",1.5,,,Bucket in on 30 VII 15 at 1520hrs. Hot and sunny; high winds and lots of smoke in the valley for 3 days; blew out yesterday; some rain showers at times. 1 midge and mod. Org. in sample; filtered thru 500 um mesh.,,,,
FMP,15081202,15081202-01,Yellow Bay Knob @ Flathead Lake BioStation,TMP03416,FMP08110,8/12/2015,,,Deposition-Dry,1758.4,Deposition,Total Nitrogen,TN,240,,240,,µg/L - N,"USGS 03-4174, EPA 353.2",25,,,Bucket in on 06VIII15 @ 10:30hrs; Hot and dry during the day with sporadic lightning and wind storms in the evenings. Moderate to light winds; Hazy from fires within the state and outside the state. Heavy organics with two Dipterans; filtered through 500,,,,
FMP,15081202,15081202-01,Yellow Bay Knob @ Flathead Lake BioStation,TMP03416,FMP08110,8/12/2015,,,Deposition-Dry,1758.4,Deposition,Total Phosphorus,TP,42.5,,42.5,,µg/L - P,"USGS 03-4174, EPA 365.2",1.5,,,Bucket in on 06VIII15 @ 10:30hrs; Hot and dry during the day with sporadic lightning and wind storms in the evenings. Moderate to light winds; Hazy from fires within the state and outside the state. Heavy organics with two Dipterans; filtered through 500,,,,
FMP,15082001,15082001-01,Yellow Bay Knob @ Flathead Lake BioStation,TMP03416,FMP08116,8/20/2015,,,Deposition-Dry,1147.7,Deposition,Total Nitrogen,TN,381,,381,,µg/L - N,"USGS 03-4174, EPA 353.2",25,,,"Bucket in on 12VIII15@1630 hrs. Dry, smokey, lots of haze from fires, calm to high winds this last week. Lots of organics in the sample; filtered through 500 um mesh.",,,,
FMP,15082001,15082001-01,Yellow Bay Knob @ Flathead Lake BioStation,TMP03416,FMP08116,8/20/2015,,,Deposition-Dry,1147.7,Deposition,Total Phosphorus,TP,94.6,,94.6,,µg/L - P,"USGS 03-4174, EPA 365.2",1.5,,,"Bucket in on 12VIII15@1630 hrs. Dry, smokey, lots of haze from fires, calm to high winds this last week. Lots of organics in the sample; filtered through 500 um mesh.",,,,
FMP,15082702,15082702-01,Yellow Bay Knob @ Flathead Lake BioStation,TMP03416,FMP08117,8/27/2015,,,Deposition-Dry,1542.9,Deposition,Total Nitrogen,TN,341,,341,,µg/L - N,"USGS 03-4174, EPA 353.2",25,,,"Bucket in on 20 VIII 15 @ 16:30 hrs. Dry, hot, very, very smokey; can barely see the lake from the east shore and air quality is approaching hazrdous level conditions to be outside. Calm to mild winds. Mod. Organics but visible soot in sample; fil.500 um.",,,,
FMP,15082702,15082702-01,Yellow Bay Knob @ Flathead Lake BioStation,TMP03416,FMP08117,8/27/2015,,,Deposition-Dry,1542.9,Deposition,Total Phosphorus,TP,29,,29,,µg/L - P,"USGS 03-4174, EPA 365.2",1.5,,,"Bucket in on 20 VIII 15 @ 16:30 hrs. Dry, hot, very, very smokey; can barely see the lake from the east shore and air quality is approaching hazrdous level conditions to be outside. Calm to mild winds. Mod. Organics but visible soot in sample; fil.500 um.",,,,
FMP,15090401,15090401-01,Yellow Bay Knob @ Flathead Lake BioStation,TMP03416,FMP08126,9/4/2015,,,Deposition-Dry,1316.1,Deposition,Total Nitrogen,TN,484,,484,,µg/L - N,"USGS 03-4174, EPA 353.2",25,,,"Bucket in on 27VIII15 @ 1345hrs. Sunny and dry w/high winds at times until yesterday and today it got colder w/rain showers. Still very, very smokey and hazy until yesterday. Mod. Org. one midge and lots of soot. Filt. 500um mesh.",,,,
FMP,15090401,15090401-01,Yellow Bay Knob @ Flathead Lake BioStation,TMP03416,FMP08126,9/4/2015,,,Deposition-Dry,1316.1,Deposition,Total Phosphorus,TP,74.3,,74.3,,µg/L - P,"USGS 03-4174, EPA 365.2",1.5,,,"Bucket in on 27VIII15 @ 1345hrs. Sunny and dry w/high winds at times until yesterday and today it got colder w/rain showers. Still very, very smokey and hazy until yesterday. Mod. Org. one midge and lots of soot. Filt. 500um mesh.",,,,
FMP,15091001,15091001-01,Yellow Bay Knob @ Flathead Lake BioStation,TMP03416,FMP08128,9/10/2015,,,Deposition-Dry,1096.6,Deposition,Total Nitrogen,TN,129,,129,,µg/L - N,"USGS 03-4174, EPA 353.2",25,,,"Bucket in on 04 IX 15 @ 11:30 hrs. Heavy rain 5 days ago and showers earlier in the week. Cooler temperatures. Sunny today, light to high wind. Snow above ~8,000 ft. during rain storms. Haze, smoke and soot gone for the most part. Mod. Org. filt. 500 um.",,,,
FMP,15091001,15091001-01,Yellow Bay Knob @ Flathead Lake BioStation,TMP03416,FMP08128,9/10/2015,,,Deposition-Dry,1096.6,Deposition,Total Phosphorus,TP,12.9,,12.9,,µg/L - P,"USGS 03-4174, EPA 365.2",1.5,,,"Bucket in on 04 IX 15 @ 11:30 hrs. Heavy rain 5 days ago and showers earlier in the week. Cooler temperatures. Sunny today, light to high wind. Snow above ~8,000 ft. during rain storms. Haze, smoke and soot gone for the most part. Mod. Org. filt. 500 um.",,,,
FMP,15091702,15091702-01,Yellow Bay Knob @ Flathead Lake BioStation,TMP03416,FMP08130,9/17/2015,,,Deposition-Dry,638.2,Deposition,Total Nitrogen,TN,290,,290,,µg/L - N,"USGS 03-4174, EPA 353.2",25,,,Bucket in on 10IX15 @ 11:00 hrs. Rain showers on and off; overcast to p. sunny; light haze from remaining firesat times; mod. To high winds; coler temperatures. Light org. no soot; 1 midge filtered through 500 um.,,,,
FMP,15091702,15091702-01,Yellow Bay Knob @ Flathead Lake BioStation,TMP03416,FMP08130,9/17/2015,,,Deposition-Dry,638.2,Deposition,Total Phosphorus,TP,17.7,,17.7,,µg/L - P,"USGS 03-4174, EPA 365.2",1.5,,,Bucket in on 10IX15 @ 11:00 hrs. Rain showers on and off; overcast to p. sunny; light haze from remaining firesat times; mod. To high winds; coler temperatures. Light org. no soot; 1 midge filtered through 500 um.,,,,
FMP,15092502,15092502-01,Yellow Bay Knob @ Flathead Lake BioStation,TMP03416,FMP08144,9/25/2015,,,Deposition-Dry,745.4,Deposition,Total Nitrogen,TN,166,,166,,µg/L - N,"USGS 03-4174, EPA 353.2",25,,,Bucket in on 17IX15 @ 16:40hrs. Sunny and warm this week; no rain; High winds early in the week but mostly calm; still some haze in the valley.Pine needles in the sample with light organics and 2 Dipteran flies. Filtered through 500 um mesh.,,,,
FMP,15092502,15092502-01,Yellow Bay Knob @ Flathead Lake BioStation,TMP03416,FMP08144,9/25/2015,,,Deposition-Dry,745.4,Deposition,Total Phosphorus,TP,14.6,,14.6,,µg/L - P,"USGS 03-4174, EPA 365.2",1.5,,,Bucket in on 17IX15 @ 16:40hrs. Sunny and warm this week; no rain; High winds early in the week but mostly calm; still some haze in the valley.Pine needles in the sample with light organics and 2 Dipteran flies. Filtered through 500 um mesh.,,,,
FMP,15093001,15093001-01,Yellow Bay Knob @ Flathead Lake BioStation,TMP03416,FMP08145,9/30/2015,,,Deposition-Dry,1529.8,Deposition,Total Nitrogen,TN,53.7,,53.7,,µg/L - N,"USGS 03-4174, EPA 353.2",25,,,Bucket in on 25 IX 15 @ 1515hrs. Sunny and warm days with cold nights (low 40's to mid-30's. Light to moderate wind. Light organics with 1 Bumblebee and some pine needles. Filtered thorugh 500 um mesh.,,,,
FMP,15093001,15093001-01,Yellow Bay Knob @ Flathead Lake BioStation,TMP03416,FMP08145,9/30/2015,,,Deposition-Dry,1529.8,Deposition,Total Phosphorus,TP,20.7,,20.7,,µg/L - P,"USGS 03-4174, EPA 365.2",1.5,,,Bucket in on 25 IX 15 @ 1515hrs. Sunny and warm days with cold nights (low 40's to mid-30's. Light to moderate wind. Light organics with 1 Bumblebee and some pine needles. Filtered thorugh 500 um mesh.,,,,
FMP,15100701,15100701-01,Yellow Bay Knob @ Flathead Lake BioStation,TMP03416,FMP08146,10/7/2015,,,Deposition-Dry,1059.6,Deposition,Total Nitrogen,TN,270,,270,,µg/L - N,"USGS 03-4174, EPA 353.2",25,,,Bucket in on 30 IX 15 @ 0900 hrs. Dry and sunny with some scattered rain showers over the weekend (4-5 days ago); Calm to high winds. Still some haze from fires. Heavy organics w/pine needles and 1 wasp and 1 dipteran fly; filtered through 500 um mesh.,,,,
FMP,15100701,15100701-01,Yellow Bay Knob @ Flathead Lake BioStation,TMP03416,FMP08146,10/7/2015,,,Deposition-Dry,1059.6,Deposition,Total Phosphorus,TP,33.5,,33.5,,µg/L - P,"USGS 03-4174, EPA 365.2",1.5,,,Bucket in on 30 IX 15 @ 0900 hrs. Dry and sunny with some scattered rain showers over the weekend (4-5 days ago); Calm to high winds. Still some haze from fires. Heavy organics w/pine needles and 1 wasp and 1 dipteran fly; filtered through 500 um mesh.,,,,
FMP,15101601,15101601-01,Yellow Bay Knob @ Flathead Lake BioStation,TMP03416,FMP08159,10/16/2015,,,Deposition-Dry,777,Deposition,Total Nitrogen,TN,222,,222,,µg/L - N,"USGS 03-4174, EPA 353.2",25,,,Bucke in on 07X15 @ 1500 hrs. Warm and sunny this week; high winds at times; lite haze from remaining fires. Lots of organics with pine needles and 6 midges; filtered through 500 um mesh.,,,,
FMP,15101601,15101601-01,Yellow Bay Knob @ Flathead Lake BioStation,TMP03416,FMP08159,10/16/2015,,,Deposition-Dry,777,Deposition,Total Phosphorus,TP,54.4,,54.4,,µg/L - P,"USGS 03-4174, EPA 365.2",1.5,,,Bucke in on 07X15 @ 1500 hrs. Warm and sunny this week; high winds at times; lite haze from remaining fires. Lots of organics with pine needles and 6 midges; filtered through 500 um mesh.,,,,
FMP,15102701,15102701-01,Yellow Bay Knob @ Flathead Lake BioStation,TMP03416,FMP08160,10/27/2015,,,Deposition-Dry,1418.8,Deposition,Total Nitrogen,TN,675,,675,,µg/L - N,"USGS 03-4174, EPA 353.2",25,,,"Bucket in 16X15 @ unknown time.  About 12 midges and a dragonfly with eggs in sample.  Filtered through 500um mesh.  Mix of sunshine and clouds last 10 days, rain yesterday and this morning.",,,,
FMP,15102701,15102701-01,Yellow Bay Knob @ Flathead Lake BioStation,TMP03416,FMP08160,10/27/2015,,,Deposition-Dry,1418.8,Deposition,Total Phosphorus,TP,80.7,,80.7,,µg/L - P,"USGS 03-4174, EPA 365.2",1.5,,,"Bucket in 16X15 @ unknown time.  About 12 midges and a dragonfly with eggs in sample.  Filtered through 500um mesh.  Mix of sunshine and clouds last 10 days, rain yesterday and this morning.",,,,
FMP,15110403,15110403-01,Yellow Bay Knob @ Flathead Lake BioStation,TMP03416,FMP08167,11/4/2015,,,Deposition-Dry,1953.5,Deposition,Total Nitrogen,TN,107,,107,,µg/L - N,"USGS 03-4174, EPA 353.2",25,,,Bucket in on 27X15 @1330hrs. Rain last week and through the weekend (5 days) overcast to sunny past two days. High winds at times. Mod. Org. in sam0ple wit pine needles and 1 fly and 1 midge; filtered through 500 um mesh.,,,,
FMP,15110403,15110403-01,Yellow Bay Knob @ Flathead Lake BioStation,TMP03416,FMP08167,11/4/2015,,,Deposition-Dry,1953.5,Deposition,Total Phosphorus,TP,9.3,,9.3,,µg/L - P,"USGS 03-4174, EPA 365.2",1.5,,,Bucket in on 27X15 @1330hrs. Rain last week and through the weekend (5 days) overcast to sunny past two days. High winds at times. Mod. Org. in sam0ple wit pine needles and 1 fly and 1 midge; filtered through 500 um mesh.,,,,
FMP,15111301,15111301-01,Yellow Bay Knob @ Flathead Lake BioStation,TMP03416,FMP08169,11/13/2015,,,Deposition-Dry,1450.9,Deposition,Total Nitrogen,TN,146,,146,,µg/L - N,"USGS 03-4174, EPA 353.2",25,,,Bucket in on 04XI15 @ 1500hrs. Overcast to P.sunny; high winds at times; rain showers and some flurries of snow at times. Mod. Org. in the sample with some pine needles and bark pieces; filtered through 500 um mesh,,,,
FMP,15111301,15111301-01,Yellow Bay Knob @ Flathead Lake BioStation,TMP03416,FMP08169,11/13/2015,,,Deposition-Dry,1450.9,Deposition,Total Phosphorus,TP,4.1,,4.1,,µg/L - P,"USGS 03-4174, EPA 365.2",1.5,,,Bucket in on 04XI15 @ 1500hrs. Overcast to P.sunny; high winds at times; rain showers and some flurries of snow at times. Mod. Org. in the sample with some pine needles and bark pieces; filtered through 500 um mesh,,,,
FMP,15112001,15112001-01,Yellow Bay Knob @ Flathead Lake BioStation,TMP03416,FMP08177,11/20/2015,,,Deposition-Dry,1222.6,Deposition,Total Nitrogen,TN,119,,119,,µg/L - N,"USGS 03-4174, EPA 353.2",25,,,Bucket in on 13XI15 @ 1345 hrs. Very high winds at times this week; overcast to P.sunny w/some snow flurries. Some light burning in the valley; Heavy org.and 1 fly; filt. Through 500 um mesh.,,,,
FMP,15112001,15112001-01,Yellow Bay Knob @ Flathead Lake BioStation,TMP03416,FMP08177,11/20/2015,,,Deposition-Dry,1222.6,Deposition,Total Phosphorus,TP,11.2,,11.2,,µg/L - P,"USGS 03-4174, EPA 365.2",1.5,,,Bucket in on 13XI15 @ 1345 hrs. Very high winds at times this week; overcast to P.sunny w/some snow flurries. Some light burning in the valley; Heavy org.and 1 fly; filt. Through 500 um mesh.,,,,
FMP,15112501,15112501-01,Yellow Bay Knob @ Flathead Lake BioStation,TMP03416,FMP08179,11/25/2015,,,Deposition-Dry,922,Deposition,Total Nitrogen,TN,132,,132,,µg/L - N,"USGS 03-4174, EPA 353.2",25,,,Bucket in on 20XI15 at 0930hrs. Cold (10-20's F) and high winds the last two days; snow and freezing rain at times. Heavy organics w/bark and pine needles; filtered through 500 um mesh; sample was 3/4 frozen and had to thaw all day.,,,,
FMP,15112501,15112501-01,Yellow Bay Knob @ Flathead Lake BioStation,TMP03416,FMP08179,11/25/2015,,,Deposition-Dry,922,Deposition,Total Phosphorus,TP,10.6,,10.6,,µg/L - P,"USGS 03-4174, EPA 365.2",1.5,,,Bucket in on 20XI15 at 0930hrs. Cold (10-20's F) and high winds the last two days; snow and freezing rain at times. Heavy organics w/bark and pine needles; filtered through 500 um mesh; sample was 3/4 frozen and had to thaw all day.,,,,
FMP,15120201,15120201-01,Yellow Bay Knob @ Flathead Lake BioStation,TMP03416,FMP08180,12/2/2015,,,Deposition-Dry,1077.4,Deposition,Total Nitrogen,TN,29,,29,,µg/L - N,"USGS 03-4174, EPA 353.2",25,,,"Bucket in on 25 XI 2015 @ 0900 hours. Sample rinse (~132.9 g) was lost, as it was spilled by TT, 944.5 was used for analysis; cold overcast, lite snow; calm to low winds. Light org. filt. through. 500 um.",,,,
FMP,15120201,15120201-01,Yellow Bay Knob @ Flathead Lake BioStation,TMP03416,FMP08180,12/2/2015,,,Deposition-Dry,1077.4,Deposition,Total Phosphorus,TP,2.1,,2.1,,µg/L - P,"USGS 03-4174, EPA 365.2",1.5,,,"Bucket in on 25 XI 2015 @ 0900 hours. Sample rinse (~132.9 g) was lost, as it was spilled by TT, 944.5 was used for analysis; cold overcast, lite snow; calm to low winds. Light org. filt. through. 500 um.",,,,
FMP,15120904,15120904-01,Yellow Bay Knob @ Flathead Lake BioStation,TMP03416,FMP08186,12/9/2015,,,Deposition-Dry,1794.4,Deposition,Total Nitrogen,TN,84.4,,84.4,,µg/L - N,"USGS 03-4174, EPA 353.2",25,,,Bucket in on 02XII15 @ 0830hrs. Heavy rain twodays ago and sporadic rain yesterday and today. Warmer weather (40-mid-40's F); High winds today and at times past week. Lite-Mod. Organics; filt. 500 um mesh,,,,
FMP,15120904,15120904-01,Yellow Bay Knob @ Flathead Lake BioStation,TMP03416,FMP08186,12/9/2015,,,Deposition-Dry,1794.4,Deposition,Total Phosphorus,TP,6.9,,6.9,,µg/L - P,"USGS 03-4174, EPA 365.2",1.5,,,Bucket in on 02XII15 @ 0830hrs. Heavy rain twodays ago and sporadic rain yesterday and today. Warmer weather (40-mid-40's F); High winds today and at times past week. Lite-Mod. Organics; filt. 500 um mesh,,,,
FMP,15121702,15121702-01,Yellow Bay Knob @ Flathead Lake BioStation,TMP03416,FMP08195,12/17/2015,,,Deposition-Dry,1285.5,Deposition,Total Nitrogen,TN,78.3,,78.3,,µg/L - N,"USGS 03-4174, EPA 353.2",25,,,"Bucket in on 09XII15 @ 1445 hrs. Rain ans snow this week with colder temperatures; 4-6"" of snow accumulation. Low to moderate winds at tmies. Lite organics in the sample; filtered through 500 um mesh; partially frozen.",,,,
FMP,15121702,15121702-01,Yellow Bay Knob @ Flathead Lake BioStation,TMP03416,FMP08195,12/17/2015,,,Deposition-Dry,1285.5,Deposition,Total Phosphorus,TP,1.6,,1.6,,µg/L - P,"USGS 03-4174, EPA 365.2",1.5,,,"Bucket in on 09XII15 @ 1445 hrs. Rain ans snow this week with colder temperatures; 4-6"" of snow accumulation. Low to moderate winds at tmies. Lite organics in the sample; filtered through 500 um mesh; partially frozen.",,,,
FMP,15122201,15122201-01,Yellow Bay Knob @ Flathead Lake BioStation,TMP03416,FMP08197,12/22/2015,,,Deposition-Dry,1460.1,Deposition,Total Nitrogen,TN,55.8,,55.8,,µg/L - N,"USGS 03-4174, EPA 353.2",25,,,"Bucket in on 17XII15 @ 1000hrs. High winds at times w/snow and some sleet at times; ~4-6"" of new snow; overcast to partly sunny; Temps ijn the high 20's and low 30's (F). Light organics in the sample; filtered through 500 um mesh.",,,,
FMP,15122201,15122201-01,Yellow Bay Knob @ Flathead Lake BioStation,TMP03416,FMP08197,12/22/2015,,,Deposition-Dry,1460.1,Deposition,Total Phosphorus,TP,< 1.5,,1.5,<,µg/L - P,"USGS 03-4174, EPA 365.2",1.5,,,"Bucket in on 17XII15 @ 1000hrs. High winds at times w/snow and some sleet at times; ~4-6"" of new snow; overcast to partly sunny; Temps ijn the high 20's and low 30's (F). Light organics in the sample; filtered through 500 um mesh.",,,,
FMP,16010401,16010401-01,Yellow Bay Knob @ Flathead Lake BioStation,TMP03416,FMP08199,1/4/2016,,,Deposition-Dry,1698.5,Deposition,Total Nitrogen,TN,183,,183,,µg/L - N,"USGS 03-4174, EPA 353.2",25,,,Bucket in on 22XII15@0830hrs. Cold and overcast to P. sunny. ~1' of new snow; Temps. In the low 20's to high 10's (F). Calm to high winds. Sample frozen w.some snow; light organics; filtered through 500 um mesh.,,,,
FMP,16010401,16010401-01,Yellow Bay Knob @ Flathead Lake BioStation,TMP03416,FMP08199,1/4/2016,,,Deposition-Dry,1698.5,Deposition,Total Phosphorus,TP,1.7,,1.7,,µg/L - P,"USGS 03-4174, EPA 365.2",1.5,,,Bucket in on 22XII15@0830hrs. Cold and overcast to P. sunny. ~1' of new snow; Temps. In the low 20's to high 10's (F). Calm to high winds. Sample frozen w.some snow; light organics; filtered through 500 um mesh.,,,,
FMP,16011501,16011501-01,Yellow Bay Knob @ Flathead Lake BioStation,TMP03416,FMP08201,1/15/2016,,,Deposition-Dry,1126.4,Deposition,Total Nitrogen,TN,243,,243,,µg/L - N,"USGS 03-4174, EPA 353.2",25,,,Bucket in on 04I16 @ 0830hrs. Cold temperatures warming to at or above freezing; rain and snow showers; calm to moderate winds; primarily overcast. Light organics in the sample; filtered through 500 um mesh.,,,,
FMP,16011501,16011501-01,Yellow Bay Knob @ Flathead Lake BioStation,TMP03416,FMP08201,1/15/2016,,,Deposition-Dry,1126.4,Deposition,Total Phosphorus,TP,1.6,,1.6,,µg/L - P,"USGS 03-4174, EPA 365.2",1.5,,,Bucket in on 04I16 @ 0830hrs. Cold temperatures warming to at or above freezing; rain and snow showers; calm to moderate winds; primarily overcast. Light organics in the sample; filtered through 500 um mesh.,,,,
FMP,16012103,16012103-01,Yellow Bay Knob @ Flathead Lake BioStation,TMP03416,FMP08214,1/21/2016,,,Deposition-Dry,1851,Deposition,Total Nitrogen,TN,64.5,,64.5,,µg/L - N,"USGS 03-4174, EPA 353.2",25,,,"Bucket in on 15I16 @ 0815 hrs, Temperatures in the low to high 30's )(F) during the day and freezing at night; Calm to moderate winds (for brief periods); snow and rain showers. Light organics; filtered through 500 um mesh.",,,,
FMP,16012103,16012103-01,Yellow Bay Knob @ Flathead Lake BioStation,TMP03416,FMP08214,1/21/2016,,,Deposition-Dry,1851,Deposition,Total Phosphorus,TP,6.1,,6.1,,µg/L - P,"USGS 03-4174, EPA 365.2",1.5,,,"Bucket in on 15I16 @ 0815 hrs, Temperatures in the low to high 30's )(F) during the day and freezing at night; Calm to moderate winds (for brief periods); snow and rain showers. Light organics; filtered through 500 um mesh.",,,,
FMP,16012901,16012901-01,Yellow Bay Knob @ Flathead Lake BioStation,TMP03416,FMP08216,1/29/2016,,,Deposition-Dry,896.6,Deposition,Total Nitrogen,TN,116,,116,,µg/L - N,"USGS 03-4174, EPA 353.2",25,,,Bucket in on 21I16 @ 1530 hrs. Warmer days above freezing and freezing at night; light to moderate wind; Rain and snow showers. Rain last night. Light organics in the sample; filtered through 500 um mesh.,,,,
FMP,16012901,16012901-01,Yellow Bay Knob @ Flathead Lake BioStation,TMP03416,FMP08216,1/29/2016,,,Deposition-Dry,896.6,Deposition,Total Phosphorus,TP,< 1.5,,1.5,<,µg/L - P,"USGS 03-4174, EPA 365.2",1.5,,,Bucket in on 21I16 @ 1530 hrs. Warmer days above freezing and freezing at night; light to moderate wind; Rain and snow showers. Rain last night. Light organics in the sample; filtered through 500 um mesh.,,,,
FMP,16020501,16020501-01,Yellow Bay Knob @ Flathead Lake BioStation,TMP03416,FMP08218,2/5/2016,,,Deposition-Dry,1443,Deposition,Total Nitrogen,TN,74.6,,74.6,,µg/L - N,"USGS 03-4174, EPA 353.2",25,,,"Bucket in on 29I16@1430hrs. Freezing nights w/days in the mid-30's (F). Snow showers at times. Some high winds, mostly calm. Light organics in the sample; filtered through 500 um mesh.",,,,
FMP,16020501,16020501-01,Yellow Bay Knob @ Flathead Lake BioStation,TMP03416,FMP08218,2/5/2016,,,Deposition-Dry,1443,Deposition,Total Phosphorus,TP,< 1.5,,1.5,<,µg/L - P,"USGS 03-4174, EPA 365.2",1.5,,,"Bucket in on 29I16@1430hrs. Freezing nights w/days in the mid-30's (F). Snow showers at times. Some high winds, mostly calm. Light organics in the sample; filtered through 500 um mesh.",,,,
FMP,16021102,16021102-01,Yellow Bay Knob @ Flathead Lake BioStation,TMP03416,FMP08220,2/11/2016,,,Deposition-Dry,1084.7,Deposition,Total Nitrogen,TN,48.4,,48.4,,µg/L - N,"USGS 03-4174, EPA 353.2",25,,,"Bucket in on 05 II 16 @ 0830 hrs. Warm days and freezing nights, mostly calm with overcast to sunny days; no precip accumulation. Mod. Organics in the the sample; filtered through 500 um mesh.",,,,
FMP,16021102,16021102-01,Yellow Bay Knob @ Flathead Lake BioStation,TMP03416,FMP08220,2/11/2016,,,Deposition-Dry,1084.7,Deposition,Total Phosphorus,TP,< 1.5,,1.5,<,µg/L - P,"USGS 03-4174, EPA 365.2",1.5,,,"Bucket in on 05 II 16 @ 0830 hrs. Warm days and freezing nights, mostly calm with overcast to sunny days; no precip accumulation. Mod. Organics in the the sample; filtered through 500 um mesh.",,,,
FMP,16021901,16021901-01,Yellow Bay Knob @ Flathead Lake BioStation,TMP03416,FMP08225,2/19/2016,,,Deposition-Dry,1672.8,Deposition,Total Nitrogen,TN,170,,170,,µg/L - N,"USGS 03-4174, EPA 353.2",25,,,Bucket in on 11II16@0830hrs. Heavy rain this week with high winds; daytime temps in the mid-40's with freezing nights. Moderate organics in the sample; filtered through 500 um mesh.,,,,
FMP,16021901,16021901-01,Yellow Bay Knob @ Flathead Lake BioStation,TMP03416,FMP08225,2/19/2016,,,Deposition-Dry,1672.8,Deposition,Total Phosphorus,TP,< 1.5,,1.5,<,µg/L - P,"USGS 03-4174, EPA 365.2",1.5,,,Bucket in on 11II16@0830hrs. Heavy rain this week with high winds; daytime temps in the mid-40's with freezing nights. Moderate organics in the sample; filtered through 500 um mesh.,,,,
FMP,16022501,16022501-01,Yellow Bay Knob @ Flathead Lake BioStation,TMP03416,FMP08234,2/25/2016,,,Deposition-Dry,1354.7,Deposition,Total Nitrogen,TN,31.4,,31.4,,µg/L - N,"USGS 03-4174, EPA 353.2",25,,,Bucket in on 19 II 16@0830hrs. Sunny to P.cloudy; clear nights with Temps. in the mid-20's (F); dry this week with calm to moderate wind conditions.,,,,
FMP,16022501,16022501-01,Yellow Bay Knob @ Flathead Lake BioStation,TMP03416,FMP08234,2/25/2016,,,Deposition-Dry,1354.7,Deposition,Total Phosphorus,TP,< 1.5,,1.5,<,µg/L - P,"USGS 03-4174, EPA 365.2",1.5,,,Bucket in on 19 II 16@0830hrs. Sunny to P.cloudy; clear nights with Temps. in the mid-20's (F); dry this week with calm to moderate wind conditions.,,,,
FMP,16030401,16030401-01,Yellow Bay Knob @ Flathead Lake BioStation,TMP03416,FMP08235,3/4/2016,,,Deposition-Dry,1204.2,Deposition,Total Nitrogen,TN,115,,115,,µg/L - N,"USGS 03-4174, EPA 353.2",25,,,Bucket in on 25 II 16 @ 0830hrs. Some rain this week with sunny to overcast days. Warm days with below freezing nights; moderate winds this week. Light organics in the sample; filtered through 500 um mesh.,,,,
FMP,16030401,16030401-01,Yellow Bay Knob @ Flathead Lake BioStation,TMP03416,FMP08235,3/4/2016,,,Deposition-Dry,1204.2,Deposition,Total Phosphorus,TP,< 1.5,,1.5,<,µg/L - P,"USGS 03-4174, EPA 365.2",1.5,,,Bucket in on 25 II 16 @ 0830hrs. Some rain this week with sunny to overcast days. Warm days with below freezing nights; moderate winds this week. Light organics in the sample; filtered through 500 um mesh.,,,,
FMP,16030901,16030901-01,Yellow Bay Knob @ Flathead Lake BioStation,TMP03416,FMP08236,3/9/2016,,,Deposition-Dry,1704.4,Deposition,Total Nitrogen,TN,69.2,,69.2,,µg/L - N,"USGS 03-4174, EPA 353.2",25,,,"Bucket in on 04 III 16 @ 1430hrs. Mostly overcast with some sunny to p. cloudy days; warm days with freezing nights; some rain showers three to four days ago, heavy @ times; mod-high winds. Mod. Org. in sample; fil. 500 um mesh.",,,,
FMP,16030901,16030901-01,Yellow Bay Knob @ Flathead Lake BioStation,TMP03416,FMP08236,3/9/2016,,,Deposition-Dry,1704.4,Deposition,Total Phosphorus,TP,1.5,,1.5,,µg/L - P,"USGS 03-4174, EPA 365.2",1.5,,,"Bucket in on 04 III 16 @ 1430hrs. Mostly overcast with some sunny to p. cloudy days; warm days with freezing nights; some rain showers three to four days ago, heavy @ times; mod-high winds. Mod. Org. in sample; fil. 500 um mesh.",,,,
FMP,16031702,16031702-01,Yellow Bay Knob @ Flathead Lake BioStation,TMP03416,FMP08238,3/17/2016,,,Deposition-Dry,1776.4,Deposition,Total Nitrogen,TN,135,,135,,µg/L - N,"USGS 03-4174, EPA 353.2",25,,,"Bucket in on 09III16 @ 1430hrs. Some rain and ~2"" of snow last night; Hifgh south winds this week; overcast to p.sunny. Heavy organics in the sample; filtered through 500 um mesh.",,,,
FMP,16031702,16031702-01,Yellow Bay Knob @ Flathead Lake BioStation,TMP03416,FMP08238,3/17/2016,,,Deposition-Dry,1776.4,Deposition,Total Phosphorus,TP,6.1,,6.1,,µg/L - P,"USGS 03-4174, EPA 365.2",1.5,,,"Bucket in on 09III16 @ 1430hrs. Some rain and ~2"" of snow last night; Hifgh south winds this week; overcast to p.sunny. Heavy organics in the sample; filtered through 500 um mesh.",,,,
FMP,16032501,16032501-01,Yellow Bay Knob @ Flathead Lake BioStation,TMP03416,FMP08240,3/25/2016,,,Deposition-Dry,1403.5,Deposition,Total Nitrogen,TN,167,,167,,µg/L - N,"USGS 03-4174, EPA 353.2",25,,,Bucket in on 17 III 16 @ 1400 hrs. Rain showers on/off for most of the week; days in the 40's to 50's with freezing nights; high winds at times. Light org. in the sample filtered through 500 um mesh.,,,,
FMP,16032501,16032501-01,Yellow Bay Knob @ Flathead Lake BioStation,TMP03416,FMP08240,3/25/2016,,,Deposition-Dry,1403.5,Deposition,Total Phosphorus,TP,5.3,,5.3,,µg/L - P,"USGS 03-4174, EPA 365.2",1.5,,,Bucket in on 17 III 16 @ 1400 hrs. Rain showers on/off for most of the week; days in the 40's to 50's with freezing nights; high winds at times. Light org. in the sample filtered through 500 um mesh.,,,,
FMP,16040101,16040101-01,Yellow Bay Knob @ Flathead Lake BioStation,TMP03416,FMP08253,4/1/2016,,,Deposition-Dry,1193.6,Deposition,Total Nitrogen,TN,97,R,97,,µg/L - N,"USGS 03-4174, EPA 353.2",25,,,Bucket in on 25III16 @ 0930hrs. Trace rain this week but mostly dry. Sunny to overcast with days up to mid-50's but nights still freezing. Moderate to calm wind conditions. Mod. Org. filtered through 500 um mesh.,,,,
FMP,16040101,16040101-01,Yellow Bay Knob @ Flathead Lake BioStation,TMP03416,FMP08253,4/1/2016,,,Deposition-Dry,1193.6,Deposition,Total Phosphorus,TP,5.7,,5.7,,µg/L - P,"USGS 03-4174, EPA 365.2",1.5,,,Bucket in on 25III16 @ 0930hrs. Trace rain this week but mostly dry. Sunny to overcast with days up to mid-50's but nights still freezing. Moderate to calm wind conditions. Mod. Org. filtered through 500 um mesh.,,,,
FMP,16040603,16040603-01,Yellow Bay Knob @ Flathead Lake BioStation,TMP03416,FMP08258,4/6/2016,,,Deposition-Dry,1193,Deposition,Total Nitrogen,TN,140,R,140,,µg/L - N,"USGS 03-4174, EPA 353.2",25,,,"Bucket in on 01IV16 @ 0800 hrs. Trace rain accumulation this week, Weekend with highs in the 60's (F); high winds. Forecast for highs in the 70's (F) this weekend.",,,,
FMP,16040603,16040603-01,Yellow Bay Knob @ Flathead Lake BioStation,TMP03416,FMP08258,4/6/2016,,,Deposition-Dry,1193,Deposition,Total Phosphorus,TP,14.3,,14.3,,µg/L - P,"USGS 03-4174, EPA 365.2",1.5,,,"Bucket in on 01IV16 @ 0800 hrs. Trace rain accumulation this week, Weekend with highs in the 60's (F); high winds. Forecast for highs in the 70's (F) this weekend.",,,,
FMP,16041501,16041501-01,Yellow Bay Knob @ Flathead Lake BioStation,TMP03416,FMP08263,4/15/2016,,,Deposition-Dry,868.7,Deposition,Total Nitrogen,TN,2070,,2070,,µg/L - N,"USGS 03-4174, EPA 353.2",25,,,"Bucket in on 06 IV16 @ 1430hrs. High winds and rain on and off all week; heavy at times; lots of pollen (pine tree) in the air and in the sample.Overcast with some sun breaks. Heavy organics (pollen) in the sampl; 3 wasps, 1 beetle, 1 Dipteran; fil.500 um",,,,
FMP,16041501,16041501-01,Yellow Bay Knob @ Flathead Lake BioStation,TMP03416,FMP08263,4/15/2016,,,Deposition-Dry,868.7,Deposition,Total Phosphorus,TP,349,,349,,µg/L - P,"USGS 03-4174, EPA 365.2",1.5,,,"Bucket in on 06 IV16 @ 1430hrs. High winds and rain on and off all week; heavy at times; lots of pollen (pine tree) in the air and in the sample.Overcast with some sun breaks. Heavy organics (pollen) in the sampl; 3 wasps, 1 beetle, 1 Dipteran; fil.500 um",,,,
FMP,16042101,16042101-01,Yellow Bay Knob @ Flathead Lake BioStation,TMP03416,FMP08272,4/21/2016,,,Deposition-Dry,1085.2,Deposition,Total Nitrogen,TN,1170,,1170,,µg/L - N,"USGS 03-4174, EPA 353.2",25,,,Bucket in on 15IV16 @1445hrs. Mod. To calm winds; Sporadic open-burning in the valley; lots of pine tree pollen; Sunny days with highs in the 70's. Heavy organics in the sample; 3 flies; filtered through 500 um mesh.,,,,
FMP,16042101,16042101-01,Yellow Bay Knob @ Flathead Lake BioStation,TMP03416,FMP08272,4/21/2016,,,Deposition-Dry,1085.2,Deposition,Total Phosphorus,TP,207,,207,,µg/L - P,"USGS 03-4174, EPA 365.2",1.5,,,Bucket in on 15IV16 @1445hrs. Mod. To calm winds; Sporadic open-burning in the valley; lots of pine tree pollen; Sunny days with highs in the 70's. Heavy organics in the sample; 3 flies; filtered through 500 um mesh.,,,,
FMP,16042903,16042903-01,Yellow Bay Knob @ Flathead Lake BioStation,TMP03416,FMP08277,4/29/2016,,,Deposition-Dry,1179.4,Deposition,Total Nitrogen,TN,1410,,1410,,µg/L - N,"USGS 03-4174, EPA 353.2",25,,,Bucket in on 21IV16@0830hrs. Heavy rain at times (6-7 days ago); colder temperatures but an increase is in the forecast; lots and lots of pollen in the air; open burning in the valley; high to calm winds. Heavy organics mostly pine pollen; filtered 500 um,,,,
FMP,16042903,16042903-01,Yellow Bay Knob @ Flathead Lake BioStation,TMP03416,FMP08277,4/29/2016,,,Deposition-Dry,1179.4,Deposition,Total Phosphorus,TP,262,,262,,µg/L - P,"USGS 03-4174, EPA 365.2",1.5,,,Bucket in on 21IV16@0830hrs. Heavy rain at times (6-7 days ago); colder temperatures but an increase is in the forecast; lots and lots of pollen in the air; open burning in the valley; high to calm winds. Heavy organics mostly pine pollen; filtered 500 um,,,,
FMP,16050503,16050503-01,Yellow Bay Knob @ Flathead Lake BioStation,TMP03416,FMP08279,5/5/2016,,,Deposition-Dry,880.7,Deposition,Total Nitrogen,TN,519,,519,,µg/L - N,"USGS 03-4174, EPA 353.2",25,,,Bucket in on 29IV16 @ 0830hrs. Dry and sunny; calm wind; highs in the mid-70's (F). Lots of pollen and burning at the station and in the valley. Modderate organics in the sample; mostly pollen and 3 beetles; filt. Through 500 um mesh.,,,,
FMP,16050503,16050503-01,Yellow Bay Knob @ Flathead Lake BioStation,TMP03416,FMP08279,5/5/2016,,,Deposition-Dry,880.7,Deposition,Total Phosphorus,TP,103,,103,,µg/L - P,"USGS 03-4174, EPA 365.2",1.5,,,Bucket in on 29IV16 @ 0830hrs. Dry and sunny; calm wind; highs in the mid-70's (F). Lots of pollen and burning at the station and in the valley. Modderate organics in the sample; mostly pollen and 3 beetles; filt. Through 500 um mesh.,,,,
FMP,16051201,16051201-01,Yellow Bay Knob @ Flathead Lake BioStation,TMP03416,FMP08294,5/12/2016,,,Deposition-Dry,1036.5,Deposition,Total Nitrogen,TN,606,,606,,µg/L - N,"USGS 03-4174, EPA 353.2",25,,,"Lots of fine organics in sample plus pollen. Filtered through 500um mesh. Cool, breezy and cool for last week.",,,,
FMP,16051201,16051201-01,Yellow Bay Knob @ Flathead Lake BioStation,TMP03416,FMP08294,5/12/2016,,,Deposition-Dry,1036.5,Deposition,Total Phosphorus,TP,78.4,,78.4,,µg/L - P,"USGS 03-4174, EPA 365.2",1.5,,,"Lots of fine organics in sample plus pollen. Filtered through 500um mesh. Cool, breezy and cool for last week.",,,,
FMP,16052001,16052001-01,Yellow Bay Knob @ Flathead Lake BioStation,TMP03416,FMP08296,5/20/2016,,,Deposition-Dry,827.4,Deposition,Total Nitrogen,TN,1480,,1480,,µg/L - N,"USGS 03-4174, EPA 353.2",25,,,"Bucket in on 12 V 16 @ 0900 hours. Heavy rain yesterday and overnight but mostly dry over the collection period with some high winds. Lots of organcis in the sample; 3 wasps and lots of pollen, filtered through 500um mesh.",,,,
FMP,16052001,16052001-01,Yellow Bay Knob @ Flathead Lake BioStation,TMP03416,FMP08296,5/20/2016,,,Deposition-Dry,827.4,Deposition,Total Phosphorus,TP,284,,284,,µg/L - P,"USGS 03-4174, EPA 365.2",1.5,,,"Bucket in on 12 V 16 @ 0900 hours. Heavy rain yesterday and overnight but mostly dry over the collection period with some high winds. Lots of organcis in the sample; 3 wasps and lots of pollen, filtered through 500um mesh.",,,,
FMP,16052504,16052504-01,Yellow Bay Knob @ Flathead Lake BioStation,TMP03416,FMP08313,5/25/2016,,,Deposition-Dry,2144.1,Deposition,Total Nitrogen,TN,100,R,100,,µg/L - N,"USGS 03-4174, EPA 353.2",25,,,Bucket in on 20V16@1530 hrs. Heavy rain 3 of the last 5 days; high winds cold temp's (40's)F some burning in the valley. Mod. Organics; no visible pollen; filtered through 500 um mesh.,,,,
FMP,16052504,16052504-01,Yellow Bay Knob @ Flathead Lake BioStation,TMP03416,FMP08313,5/25/2016,,,Deposition-Dry,2144.1,Deposition,Total Phosphorus,TP,9,,9,,µg/L - P,"USGS 03-4174, EPA 365.2",1.5,,,Bucket in on 20V16@1530 hrs. Heavy rain 3 of the last 5 days; high winds cold temp's (40's)F some burning in the valley. Mod. Organics; no visible pollen; filtered through 500 um mesh.,,,,
FMP,16060101,16060101-01,Yellow Bay Knob @ Flathead Lake BioStation,TMP03416,FMP08315,6/1/2016,,,Deposition-Dry,1170.2,Deposition,Total Nitrogen,TN,359,,359,,µg/L - N,"USGS 03-4174, EPA 353.2",25,,,Bucket in on 25V16 @1520hrs. Rain showers 3 days ago with high winds; moderate winds with warmer weather for most of the collection period. Mod. Organics in the sample; filtered through 500 um mesh.,,,,
FMP,16060101,16060101-01,Yellow Bay Knob @ Flathead Lake BioStation,TMP03416,FMP08315,6/1/2016,,,Deposition-Dry,1170.2,Deposition,Total Phosphorus,TP,39,,39,,µg/L - P,"USGS 03-4174, EPA 365.2",1.5,,,Bucket in on 25V16 @1520hrs. Rain showers 3 days ago with high winds; moderate winds with warmer weather for most of the collection period. Mod. Organics in the sample; filtered through 500 um mesh.,,,,
FMP,16060910,16060910-01,Yellow Bay Knob @ Flathead Lake BioStation,TMP03416,FMP08320,6/9/2016,,,Deposition-Dry,938.1,Deposition,Total Nitrogen,TN,572,,572,,µg/L - N,"USGS 03-4174, EPA 353.2",25,,,Bucket in on 01VI16@1445hrs. Hot and sunny; low to moderate winds; some thunder and lightning storms bringing trace rain; lots of pollen in the air and on the lake. Very heavy organics with polle and 3 Dipterans; filt. Through 500 um mesh.,,,,
FMP,16060910,16060910-01,Yellow Bay Knob @ Flathead Lake BioStation,TMP03416,FMP08320,6/9/2016,,,Deposition-Dry,938.1,Deposition,Total Phosphorus,TP,101,,101,,µg/L - P,"USGS 03-4174, EPA 365.2",1.5,,,Bucket in on 01VI16@1445hrs. Hot and sunny; low to moderate winds; some thunder and lightning storms bringing trace rain; lots of pollen in the air and on the lake. Very heavy organics with polle and 3 Dipterans; filt. Through 500 um mesh.,,,,
FMP,16061705,16061705-01,Yellow Bay Knob @ Flathead Lake BioStation,TMP03416,FMP08332,6/17/2016,,,Deposition-Dry,1086.7,Deposition,Total Nitrogen,TN,992,,992,,µg/L - N,"USGS 03-4174, EPA 353.2",25,,,Bucket in on 09VI16 @ 1436hrs. Heavy rain at times; cooler temps with high winds; overcast to sunny today. Heavey organics in the sample with Dipteran flies and Chrironomids; Filt. Thru. 500 um.,,,,
FMP,16061705,16061705-01,Yellow Bay Knob @ Flathead Lake BioStation,TMP03416,FMP08332,6/17/2016,,,Deposition-Dry,1086.7,Deposition,Total Phosphorus,TP,156,,156,,µg/L - P,"USGS 03-4174, EPA 365.2",1.5,,,Bucket in on 09VI16 @ 1436hrs. Heavy rain at times; cooler temps with high winds; overcast to sunny today. Heavey organics in the sample with Dipteran flies and Chrironomids; Filt. Thru. 500 um.,,,,
FMP,16062202,16062202-01,Yellow Bay Knob @ Flathead Lake BioStation,TMP03416,FMP08334,6/22/2016,,,Deposition-Dry,1059.3,Deposition,Total Nitrogen,TN,231,,231,,µg/L - N,"USGS 03-4174, EPA 353.2",25,,,Bucket in on 17 VI 16 @ 1525hrs. Trace rain; sunny and warm for most of the collection period; mod. to high winds at times. Heavy organics in the sample; some midges; filt. through 500 um mesh.,,,,
FMP,16062202,16062202-01,Yellow Bay Knob @ Flathead Lake BioStation,TMP03416,FMP08334,6/22/2016,,,Deposition-Dry,1059.3,Deposition,Total Phosphorus,TP,28.3,,28.3,,µg/L - P,"USGS 03-4174, EPA 365.2",1.5,,,Bucket in on 17 VI 16 @ 1525hrs. Trace rain; sunny and warm for most of the collection period; mod. to high winds at times. Heavy organics in the sample; some midges; filt. through 500 um mesh.,,,,
FMP,16070801,16070801-01,Yellow Bay Knob @ Flathead Lake BioStation,TMP03416,FMP08352,7/8/2016,,,Deposition-Dry,453.2,Deposition,Total Nitrogen,TN,863,,863,,µg/L - N,"USGS 03-4174, EPA 353.2",25,,,Bucket in on 30VI16 @ 0930hrs. Sunny to overcast this past week; trace rain witjh high winds and thunderstorms; Heavy organics and 4 beetles and a wasp. Filt. Through 500 um mesh,,,,
FMP,16070801,16070801-01,Yellow Bay Knob @ Flathead Lake BioStation,TMP03416,FMP08352,7/8/2016,,,Deposition-Dry,453.2,Deposition,Total Phosphorus,TP,104,,104,,µg/L - P,"USGS 03-4174, EPA 365.2",1.5,,,Bucket in on 30VI16 @ 0930hrs. Sunny to overcast this past week; trace rain witjh high winds and thunderstorms; Heavy organics and 4 beetles and a wasp. Filt. Through 500 um mesh,,,,
FMP,16071301,16071301-01,Yellow Bay Knob @ Flathead Lake BioStation,TMP03416,FMP08353,7/13/2016,,,Deposition-Dry,1428.5,Deposition,Total Nitrogen,TN,102,,102,,µg/L - N,"USGS 03-4174, EPA 353.2",25,,,"Bucket in on 7/8/2016; mostly cloudy with light winds, heavy rain over the last few days.  Very light organics in the sample; 4 small flies and 2 reg sized flies.  Filtered through 500micron net.",,,,
FMP,16071301,16071301-01,Yellow Bay Knob @ Flathead Lake BioStation,TMP03416,FMP08353,7/13/2016,,,Deposition-Dry,1428.5,Deposition,Total Phosphorus,TP,10.6,,10.6,,µg/L - P,"USGS 03-4174, EPA 365.2",1.5,,,"Bucket in on 7/8/2016; mostly cloudy with light winds, heavy rain over the last few days.  Very light organics in the sample; 4 small flies and 2 reg sized flies.  Filtered through 500micron net.",,,,
FMP,16072102,16072102-01,Yellow Bay Knob @ Flathead Lake BioStation,TMP03416,FMP08355,7/21/2016,,,Deposition-Dry,475.8,Deposition,Total Nitrogen,TN,335,,335,,µg/L - N,"USGS 03-4174, EPA 353.2",25,,,"Heavy organics; 1 bee, 4 small flies, 1 pine needle and misc debris specks",,,,
FMP,16072102,16072102-01,Yellow Bay Knob @ Flathead Lake BioStation,TMP03416,FMP08355,7/21/2016,,,Deposition-Dry,475.8,Deposition,Total Phosphorus,TP,33.6,,33.6,,µg/L - P,"USGS 03-4174, EPA 365.2",1.5,,,"Heavy organics; 1 bee, 4 small flies, 1 pine needle and misc debris specks",,,,
FMP,16072802,16072802-01,Yellow Bay Knob @ Flathead Lake BioStation,TMP03416,FMP08371,7/28/2016,,,Deposition-Dry,1386.2,Deposition,Total Nitrogen,TN,222,,222,,µg/L - N,"USGS 03-4174, EPA 353.2",25,,,"Bucket in: 21VII16; Heavy organics, 1 large fly, 2 gnats, 1 pine needle, filtered through 500um mesh",,,,
FMP,16072802,16072802-01,Yellow Bay Knob @ Flathead Lake BioStation,TMP03416,FMP08371,7/28/2016,,,Deposition-Dry,1386.2,Deposition,Total Phosphorus,TP,19.4,,19.4,,µg/L - P,"USGS 03-4174, EPA 365.2",1.5,,,"Bucket in: 21VII16; Heavy organics, 1 large fly, 2 gnats, 1 pine needle, filtered through 500um mesh",,,,
FMP,16080403,16080403-01,Yellow Bay Knob @ Flathead Lake BioStation,TMP03416,FMP08374,8/4/2016,,,Deposition-Dry,1079.9,Deposition,Total Nitrogen,TN,280,,280,,µg/L - N,"USGS 03-4174, EPA 353.2",25,,,,,,,
FMP,16080403,16080403-01,Yellow Bay Knob @ Flathead Lake BioStation,TMP03416,FMP08374,8/4/2016,,,Deposition-Dry,1079.9,Deposition,Total Phosphorus,TP,35.8,,35.8,,µg/L - P,"USGS 03-4174, EPA 365.2",1.5,,,,,,,
FMP,16081202,16081202-01,Yellow Bay Knob @ Flathead Lake BioStation,TMP03416,FMP08375,8/12/2016,,,Deposition-Dry,1587.9,Deposition,Total Nitrogen,TN,202,,202,,µg/L - N,"USGS 03-4174, EPA 353.2",25,,,,,,,
FMP,16081202,16081202-01,Yellow Bay Knob @ Flathead Lake BioStation,TMP03416,FMP08375,8/12/2016,,,Deposition-Dry,1587.9,Deposition,Total Phosphorus,TP,40,,40,,µg/L - P,"USGS 03-4174, EPA 365.2",1.5,,,,,,,
FMP,16081802,16081802-01,Yellow Bay Knob @ Flathead Lake BioStation,TMP03416,fmp08388,8/18/2016,,,Deposition-Dry,1550.2,Deposition,Total Nitrogen,TN,104,,104,,µg/L - N,"USGS 03-4174, EPA 353.2",25,,,,,,,
FMP,16081802,16081802-01,Yellow Bay Knob @ Flathead Lake BioStation,TMP03416,fmp08388,8/18/2016,,,Deposition-Dry,1550.2,Deposition,Total Phosphorus,TP,24.2,,24.2,,µg/L - P,"USGS 03-4174, EPA 365.2",1.5,,,,,,,
FMP,16082601,16082601-01,Yellow Bay Knob @ Flathead Lake BioStation,TMP03416,FMP08389,8/26/2016,,,Deposition-Dry,1022.9,Deposition,Total Nitrogen,TN,209,,209,,µg/L - N,"USGS 03-4174, EPA 353.2",25,,,light smokey haze from lakeside and thompson falls fires - adding TOC to the test,,,,
FMP,16082601,16082601-01,Yellow Bay Knob @ Flathead Lake BioStation,TMP03416,FMP08389,8/26/2016,,,Deposition-Dry,1022.9,Deposition,Total Phosphorus,TP,87.8,,87.8,,µg/L - P,"USGS 03-4174, EPA 365.2",1.5,,,light smokey haze from lakeside and thompson falls fires - adding TOC to the test,,,,
FMP,16090201,16090201-01,Yellow Bay Knob @ Flathead Lake BioStation,TMP03416,FMP08394,9/2/2016,,,Deposition-Dry,606.5,Deposition,Total Nitrogen,TN,1150,,1150,,µg/L - N,"USGS 03-4174, EPA 353.2",25,,,"smoke in the air from local fires, adding TOC to samples as a result",,,,
FMP,16090201,16090201-01,Yellow Bay Knob @ Flathead Lake BioStation,TMP03416,FMP08394,9/2/2016,,,Deposition-Dry,606.5,Deposition,Total Phosphorus,TP,260,,260,,µg/L - P,"USGS 03-4174, EPA 365.2",1.5,,,"smoke in the air from local fires, adding TOC to samples as a result",,,,
FMP,16090901,16090901-01,Yellow Bay Knob @ Flathead Lake BioStation,TMP03416,FMP08395,9/9/2016,,,Deposition-Dry,1562.5,Deposition,Total Nitrogen,TN,251,,251,,µg/L - N,"USGS 03-4174, EPA 353.2",25,,,,,,,
FMP,16090901,16090901-01,Yellow Bay Knob @ Flathead Lake BioStation,TMP03416,FMP08395,9/9/2016,,,Deposition-Dry,1562.5,Deposition,Total Phosphorus,TP,151,,151,,µg/L - P,"USGS 03-4174, EPA 365.2",1.5,,,,,,,
FMP,16091601,16091601-01,Yellow Bay Knob @ Flathead Lake BioStation,TMP03416,FMP08407,9/16/2016,,,Deposition-Dry,1040.5,Deposition,Total Nitrogen,TN,135,,135,,µg/L - N,"USGS 03-4174, EPA 353.2",25,,,,,,,
FMP,16091601,16091601-01,Yellow Bay Knob @ Flathead Lake BioStation,TMP03416,FMP08407,9/16/2016,,,Deposition-Dry,1040.5,Deposition,Total Phosphorus,TP,11.9,,11.9,,µg/L - P,"USGS 03-4174, EPA 365.2",1.5,,,,,,,
FMP,16092301,16092301-01,Yellow Bay Knob @ Flathead Lake BioStation,TMP03416,FMP08409,9/23/2016,,,Deposition-Dry,1208.4,Deposition,Total Nitrogen,TN,110,,110,,µg/L - N,"USGS 03-4174, EPA 353.2",25,,,,,,,
FMP,16092301,16092301-01,Yellow Bay Knob @ Flathead Lake BioStation,TMP03416,FMP08409,9/23/2016,,,Deposition-Dry,1208.4,Deposition,Total Phosphorus,TP,13,,13,,µg/L - P,"USGS 03-4174, EPA 365.2",1.5,,,,,,,
FMP,16092801,16092801-01,Yellow Bay Knob @ Flathead Lake BioStation,TMP03416,FMP08422,9/28/2016,,,Deposition-Dry,1436,Deposition,Total Nitrogen,TN,79,,79,,µg/L - N,"USGS 03-4174, EPA 353.2",25,,,"Bucket in 9/23/16 @ 0900 hours. Warm and breezy last week.  ~12 gnats and 1 bumble bee in sample, filtered through 500um mesh.",,,,
FMP,16092801,16092801-01,Yellow Bay Knob @ Flathead Lake BioStation,TMP03416,FMP08422,9/28/2016,,,Deposition-Dry,1436,Deposition,Total Phosphorus,TP,10.3,,10.3,,µg/L - P,"USGS 03-4174, EPA 365.2",1.5,,,"Bucket in 9/23/16 @ 0900 hours. Warm and breezy last week.  ~12 gnats and 1 bumble bee in sample, filtered through 500um mesh.",,,,
FMP,16100701,16100701-01,Yellow Bay Knob @ Flathead Lake BioStation,TMP03416,FMP08423,10/7/2016,,,Deposition-Dry,1521.8,Deposition,Total Nitrogen,TN,242,,242,,µg/L - N,"USGS 03-4174, EPA 353.2",25,,,,,,,
FMP,16100701,16100701-01,Yellow Bay Knob @ Flathead Lake BioStation,TMP03416,FMP08423,10/7/2016,,,Deposition-Dry,1521.8,Deposition,Total Phosphorus,TP,19.1,,19.1,,µg/L - P,"USGS 03-4174, EPA 365.2",1.5,,,,,,,
FMP,16101101,16101101-01,Yellow Bay Knob @ Flathead Lake BioStation,TMP03416,FMP08429,10/11/2016,,,Deposition-Dry,2113.9,Deposition,Total Nitrogen,TN,66.3,,66.3,,µg/L - N,"USGS 03-4174, EPA 353.2",25,,,,,,,
FMP,16101101,16101101-01,Yellow Bay Knob @ Flathead Lake BioStation,TMP03416,FMP08429,10/11/2016,,,Deposition-Dry,2113.9,Deposition,Total Phosphorus,TP,2.6,,2.6,,µg/L - P,"USGS 03-4174, EPA 365.2",1.5,,,,,,,
FMP,16102501,16102501-01,Yellow Bay Knob @ Flathead Lake BioStation,TMP03416,FMP08431,10/21/2016,,,Deposition-Dry,1916.7,Deposition,Total Nitrogen,TN,113,,113,,µg/L - N,"USGS 03-4174, EPA 353.2",25,,,,,,,
FMP,16102501,16102501-01,Yellow Bay Knob @ Flathead Lake BioStation,TMP03416,FMP08431,10/21/2016,,,Deposition-Dry,1916.7,Deposition,Total Phosphorus,TP,< 1.5,,1.5,<,µg/L - P,"USGS 03-4174, EPA 365.2",1.5,,,,,,,
FMP,16102801,16102801-01,Yellow Bay Knob @ Flathead Lake BioStation,TMP03416,FMP08444,10/28/2016,,,Deposition-Dry,1603.2,Deposition,Total Nitrogen,TN,218,,218,,µg/L - N,"USGS 03-4174, EPA 353.2",25,,,,,,,
FMP,16102801,16102801-01,Yellow Bay Knob @ Flathead Lake BioStation,TMP03416,FMP08444,10/28/2016,,,Deposition-Dry,1603.2,Deposition,Total Phosphorus,TP,5.1,,5.1,,µg/L - P,"USGS 03-4174, EPA 365.2",1.5,,,,,,,
FMP,16110301,16110301-01,Yellow Bay Knob @ Flathead Lake BioStation,TMP03416,FMP08446,11/3/2016,,,Deposition-Dry,1263.1,Deposition,Total Nitrogen,TN,58.6,R,58.6,,µg/L - N,"USGS 03-4174, EPA 353.2",25,,,,,,,
FMP,16110301,16110301-01,Yellow Bay Knob @ Flathead Lake BioStation,TMP03416,FMP08446,11/3/2016,,,Deposition-Dry,1263.1,Deposition,Total Phosphorus,TP,1.6,,1.6,,µg/L - P,"USGS 03-4174, EPA 365.2",1.5,,,,,,,
FMP,16111001,16111001-01,Yellow Bay Knob @ Flathead Lake BioStation,TMP03416,FMP08448,11/10/2016,,,Deposition-Dry,1285.8,Deposition,Total Nitrogen,TN,39.8,R,39.8,,µg/L - N,"USGS 03-4174, EPA 353.2",25,,,,,,,
FMP,16111001,16111001-01,Yellow Bay Knob @ Flathead Lake BioStation,TMP03416,FMP08448,11/10/2016,,,Deposition-Dry,1285.8,Deposition,Total Phosphorus,TP,< 1.5,,1.5,<,µg/L - P,"USGS 03-4174, EPA 365.2",1.5,,,,,,,
FMP,16111601,16111601-01,Yellow Bay Knob @ Flathead Lake BioStation,TMP03416,FMP08449,11/16/2016,,,Deposition-Dry,1317,Deposition,Total Nitrogen,TN,64.2,,64.2,,µg/L - N,"USGS 03-4174, EPA 353.2",25,,,,,,,
FMP,16111601,16111601-01,Yellow Bay Knob @ Flathead Lake BioStation,TMP03416,FMP08449,11/16/2016,,,Deposition-Dry,1317,Deposition,Total Phosphorus,TP,2.7,,2.7,,µg/L - P,"USGS 03-4174, EPA 365.2",1.5,,,,,,,
FMP,16120102,16120102-01,Yellow Bay Knob @ Flathead Lake BioStation,TMP03416,FMP08466,12/1/2016,,,Deposition-Dry,1229.3,Deposition,Total Nitrogen,TN,204,,204,,µg/L - N,"USGS 03-4174, EPA 353.2",25,,,,,,,
FMP,16120102,16120102-01,Yellow Bay Knob @ Flathead Lake BioStation,TMP03416,FMP08466,12/1/2016,,,Deposition-Dry,1229.3,Deposition,Total Phosphorus,TP,3.7,,3.7,,µg/L - P,"USGS 03-4174, EPA 365.2",1.5,,,,,,,
FMP,16120901,16120901-01,Yellow Bay Knob @ Flathead Lake BioStation,TMP03416,FMP08468,12/9/2016,,,Deposition-Dry,919.6,Deposition,Total Nitrogen,TN,111,,111,,µg/L - N,"USGS 03-4174, EPA 353.2",25,,,,,,,
FMP,16120901,16120901-01,Yellow Bay Knob @ Flathead Lake BioStation,TMP03416,FMP08468,12/9/2016,,,Deposition-Dry,919.6,Deposition,Total Phosphorus,TP,4.6,,4.6,,µg/L - P,"USGS 03-4174, EPA 365.2",1.5,,,,,,,
FMP,16121901,16121901-01,Yellow Bay Knob @ Flathead Lake BioStation,TMP03416,FMP08469,12/16/2016,,,Deposition-Dry,1968.2,Deposition,Total Nitrogen,TN,91,,91,,µg/L - N,"USGS 03-4174, EPA 353.2",25,,,"Bucket in on 07XII16 @ 1100hrs. Snow on and off; heaviest on 15XII16. Bitter cold at times 20-10 with - temps @ times. Light to no organics; snow in sample, frozen and allowed to thaw overweekend in the fridge; filt through 500 um.",,,,
FMP,16121901,16121901-01,Yellow Bay Knob @ Flathead Lake BioStation,TMP03416,FMP08469,12/16/2016,,,Deposition-Dry,1968.2,Deposition,Total Phosphorus,TP,< 1.5,,1.5,<,µg/L - P,"USGS 03-4174, EPA 365.2",1.5,,,"Bucket in on 07XII16 @ 1100hrs. Snow on and off; heaviest on 15XII16. Bitter cold at times 20-10 with - temps @ times. Light to no organics; snow in sample, frozen and allowed to thaw overweekend in the fridge; filt through 500 um.",,,,
FMP,16122202,16122202-01,Yellow Bay Knob @ Flathead Lake BioStation,TMP03416,FMP08486,12/22/2016,,,Deposition-Dry,1481.8,Deposition,Total Nitrogen,TN,62.1,,62.1,,µg/L - N,"USGS 03-4174, EPA 353.2",25,,,Bucket in on 16XII16 @ 0915hrs..Cold temps most of the week (mid-20's) but a few days above freezing w/some light rain. High to moderate winds. Light organics in the sample; thawed; filt. Through 500 um mesh.,,,,
FMP,16122202,16122202-01,Yellow Bay Knob @ Flathead Lake BioStation,TMP03416,FMP08486,12/22/2016,,,Deposition-Dry,1481.8,Deposition,Total Phosphorus,TP,2.8,,2.8,,µg/L - P,"USGS 03-4174, EPA 365.2",1.5,,,Bucket in on 16XII16 @ 0915hrs..Cold temps most of the week (mid-20's) but a few days above freezing w/some light rain. High to moderate winds. Light organics in the sample; thawed; filt. Through 500 um mesh.,,,,
FMP,16122801,16122801-01,Yellow Bay Knob @ Flathead Lake BioStation,TMP03416,FMP08487,12/28/2016,,,Deposition-Dry,1510,Deposition,Total Nitrogen,TN,78.2,,78.2,,µg/L - N,"USGS 03-4174, EPA 353.2",25,,,Bucket in on 22XII16@1630hrs. Temps. In the mid-20's snowing heavy at times with high to mod. Winds. Light organics in the sample; filtered through 500 um mesh.,,,,
FMP,16122801,16122801-01,Yellow Bay Knob @ Flathead Lake BioStation,TMP03416,FMP08487,12/28/2016,,,Deposition-Dry,1510,Deposition,Total Phosphorus,TP,2.5,,2.5,,µg/L - P,"USGS 03-4174, EPA 365.2",1.5,,,Bucket in on 22XII16@1630hrs. Temps. In the mid-20's snowing heavy at times with high to mod. Winds. Light organics in the sample; filtered through 500 um mesh.,,,,
FMP,17011302,17011302-01,Yellow Bay Knob @ Flathead Lake BioStation,TMP03416,FMP08490,1/12/2017,,,Deposition-Dry,1688.1,Deposition,Total Nitrogen,TN,94.6,,94.6,,µg/L - N,"USGS 03-4174, EPA 353.2",25,,,Bucket in on 06I17 @ 0800hrs. Bitter cold and snowy; Temps in the - digits; high winds at times; bays are freezing and good inversion.,,,,
FMP,17011302,17011302-01,Yellow Bay Knob @ Flathead Lake BioStation,TMP03416,FMP08490,1/12/2017,,,Deposition-Dry,1688.1,Deposition,Total Phosphorus,TP,< 1.5,,1.5,<,µg/L - P,"USGS 03-4174, EPA 365.2",1.5,,,Bucket in on 06I17 @ 0800hrs. Bitter cold and snowy; Temps in the - digits; high winds at times; bays are freezing and good inversion.,,,,
FMP,17012001,17012001-01,Yellow Bay Knob @ Flathead Lake BioStation,TMP03416,FMP08503,1/20/2017,,,Deposition-Dry,1556.5,Deposition,Total Nitrogen,TN,39.6,,39.6,,µg/L - N,"USGS 03-4174, EPA 353.2",25,,,Bucket in on 12I17 @ 1630 hrs. Bitter cold last we4ek and into the weekend; warming into 20's anfd then 30's the past three days and freesing at night; light and cariable wind; heavy inversion. No visible organics in the sample; filtered through 500 um.,,,,
FMP,17012001,17012001-01,Yellow Bay Knob @ Flathead Lake BioStation,TMP03416,FMP08503,1/20/2017,,,Deposition-Dry,1556.5,Deposition,Total Phosphorus,TP,< 1.5,,1.5,<,µg/L - P,"USGS 03-4174, EPA 365.2",1.5,,,Bucket in on 12I17 @ 1630 hrs. Bitter cold last we4ek and into the weekend; warming into 20's anfd then 30's the past three days and freesing at night; light and cariable wind; heavy inversion. No visible organics in the sample; filtered through 500 um.,,,,
FMP,17012501,17012501-01,Yellow Bay Knob @ Flathead Lake BioStation,TMP03416,FMP08508,1/25/2017,,,Deposition-Dry,1846.5,Deposition,Total Nitrogen,TN,47.1,,47.1,,µg/L - N,"USGS 03-4174, EPA 353.2",25,,,Bucket in on 20I17 @ 1600hrs. Temp. in the 10-20's; some light snow showers but mostly dry. Calm wind conditions with a heavy inversion over the lake/valley. No visible organics; filt. Through 500 um mesh; thin layer of ice in the sample.,,,,
FMP,17012501,17012501-01,Yellow Bay Knob @ Flathead Lake BioStation,TMP03416,FMP08508,1/25/2017,,,Deposition-Dry,1846.5,Deposition,Total Phosphorus,TP,< 1.5,,1.5,<,µg/L - P,"USGS 03-4174, EPA 365.2",1.5,,,Bucket in on 20I17 @ 1600hrs. Temp. in the 10-20's; some light snow showers but mostly dry. Calm wind conditions with a heavy inversion over the lake/valley. No visible organics; filt. Through 500 um mesh; thin layer of ice in the sample.,,,,
FMP,17020201,17020201-01,Yellow Bay Knob @ Flathead Lake BioStation,TMP03416,FMP08509,2/1/2017,,,Deposition-Dry,1362.9,Deposition,Total Nitrogen,TN,53.8,,53.8,,µg/L - N,"USGS 03-4174, EPA 353.2",25,,,"Sample frozen, left out all day to thaw.  Last chunk of ice melted overnight in fridge.  Bucket in 25I17 @ 0530 hrs.  Cold all week, dusting of lake effect snow.",,,,
FMP,17020201,17020201-01,Yellow Bay Knob @ Flathead Lake BioStation,TMP03416,FMP08509,2/1/2017,,,Deposition-Dry,1362.9,Deposition,Total Phosphorus,TP,< 1.5,,1.5,<,µg/L - P,"USGS 03-4174, EPA 365.2",1.5,,,"Sample frozen, left out all day to thaw.  Last chunk of ice melted overnight in fridge.  Bucket in 25I17 @ 0530 hrs.  Cold all week, dusting of lake effect snow.",,,,
FMP,17020901,17020901-01,Yellow Bay Knob @ Flathead Lake BioStation,TMP03416,FMP08510,2/8/2017,,,Deposition-Dry,1968.4,Deposition,Total Nitrogen,TN,43.1,,43.1,,µg/L - N,"USGS 03-4174, EPA 353.2",25,,,"Sample frozen, thawed over night, processed on 09II17. Sample very clean 1 pine needle, filtered through 500um mesh. Rain, snow and wind last week.",,,,
FMP,17020901,17020901-01,Yellow Bay Knob @ Flathead Lake BioStation,TMP03416,FMP08510,2/8/2017,,,Deposition-Dry,1968.4,Deposition,Total Phosphorus,TP,3.6,,3.6,,µg/L - P,"USGS 03-4174, EPA 365.2",1.5,,,"Sample frozen, thawed over night, processed on 09II17. Sample very clean 1 pine needle, filtered through 500um mesh. Rain, snow and wind last week.",,,,
FMP,17021301,17021301-01,Yellow Bay Knob @ Flathead Lake BioStation,TMP03416,FMP08512,2/13/2017,,,Deposition-Dry,1800.7,Deposition,Total Nitrogen,TN,45.7,,45.7,,µg/L - N,"USGS 03-4174, EPA 353.2",25,,,"Bucket in 18II17 @ 0930 hours.  Rain on 09,10II17.  Sample frozen, left in cooler overnight to thaw.Light debris in sample, filtered through 500um mesh.",,,,
FMP,17021301,17021301-01,Yellow Bay Knob @ Flathead Lake BioStation,TMP03416,FMP08512,2/13/2017,,,Deposition-Dry,1800.7,Deposition,Total Phosphorus,TP,< 1.5,,1.5,<,µg/L - P,"USGS 03-4174, EPA 365.2",1.5,,,"Bucket in 18II17 @ 0930 hours.  Rain on 09,10II17.  Sample frozen, left in cooler overnight to thaw.Light debris in sample, filtered through 500um mesh.",,,,
FMP,17022401,17022401-01,Yellow Bay Knob @ Flathead Lake BioStation,TMP03416,FMP08529,2/24/2017,,,Deposition-Dry,1410.5,Deposition,Total Nitrogen,TN,80.8,,80.8,,µg/L - N,"USGS 03-4174, EPA 353.2",25,,,"Bucket in 13II17 @ 1030 hours. Mostly mild and sunny all week.  Snow and rain 2 days ago.  Cover stuck over dry bucket.  Sample not frozen and clean, filtered through 500um mesh.",,,,
FMP,17022401,17022401-01,Yellow Bay Knob @ Flathead Lake BioStation,TMP03416,FMP08529,2/24/2017,,,Deposition-Dry,1410.5,Deposition,Total Phosphorus,TP,< 1.5,,1.5,<,µg/L - P,"USGS 03-4174, EPA 365.2",1.5,,,"Bucket in 13II17 @ 1030 hours. Mostly mild and sunny all week.  Snow and rain 2 days ago.  Cover stuck over dry bucket.  Sample not frozen and clean, filtered through 500um mesh.",,,,
FMP,17030201,17030201-01,Yellow Bay Knob @ Flathead Lake BioStation,TMP03416,FMP08531,3/2/2017,,,Deposition-Dry,1457.1,Deposition,Total Nitrogen,TN,122,,122,,µg/L - N,"USGS 03-4174, EPA 353.2",25,,,"Bucket in 24II17 @ 0800 hours.  Sample very clean, filtered through 500um mesh.  Light snow last few days and mild (~30F).  Not enough precip for WET sample.",,,,
FMP,17030201,17030201-01,Yellow Bay Knob @ Flathead Lake BioStation,TMP03416,FMP08531,3/2/2017,,,Deposition-Dry,1457.1,Deposition,Total Phosphorus,TP,1.6,,1.6,,µg/L - P,"USGS 03-4174, EPA 365.2",1.5,,,"Bucket in 24II17 @ 0800 hours.  Sample very clean, filtered through 500um mesh.  Light snow last few days and mild (~30F).  Not enough precip for WET sample.",,,,
FMP,17030701,17030701-01,Yellow Bay Knob @ Flathead Lake BioStation,TMP03416,FMP08532,3/7/2017,,,Deposition-Dry,1496.1,Deposition,Total Nitrogen,TN,54.6,,54.6,,µg/L - N,"USGS 03-4174, EPA 353.2",25,,,"Bucket in 02III17 @ 0800 hours.  Sample with very little debris, filtered through 500um mesh.  Cool (20-35F) with scattered rain and snow for last week.",,,,
FMP,17030701,17030701-01,Yellow Bay Knob @ Flathead Lake BioStation,TMP03416,FMP08532,3/7/2017,,,Deposition-Dry,1496.1,Deposition,Total Phosphorus,TP,< 1.5,,1.5,<,µg/L - P,"USGS 03-4174, EPA 365.2",1.5,,,"Bucket in 02III17 @ 0800 hours.  Sample with very little debris, filtered through 500um mesh.  Cool (20-35F) with scattered rain and snow for last week.",,,,
FMP,17031301,17031301-01,Yellow Bay Knob @ Flathead Lake BioStation,TMP03416,FMP08545,3/13/2017,,,Deposition-Dry,1407.4,Deposition,Total Nitrogen,TN,39.9,,39.9,,µg/L - N,"USGS 03-4174, EPA 353.2",25,,,Bucket in on 07III17 @ 0800hrs.; Some snow and rain this past week; overall it;'s warming up in the valley and high winds at times. Little to no organics; filt. Through 500 um mesh.,,,,
FMP,17031301,17031301-01,Yellow Bay Knob @ Flathead Lake BioStation,TMP03416,FMP08545,3/13/2017,,,Deposition-Dry,1407.4,Deposition,Total Phosphorus,TP,1.8,,1.8,,µg/L - P,"USGS 03-4174, EPA 365.2",1.5,,,Bucket in on 07III17 @ 0800hrs.; Some snow and rain this past week; overall it;'s warming up in the valley and high winds at times. Little to no organics; filt. Through 500 um mesh.,,,,
FMP,17032101,17032101-01,Yellow Bay Knob @ Flathead Lake BioStation,TMP03416,FMP08551,3/21/2017,,,Deposition-Dry,1809.4,Deposition,Total Nitrogen,TN,73.1,,73.1,,µg/L - N,"USGS 03-4174, EPA 353.2",25,,,Bucket in on 13III17 at 1500hrs. Heavy rains at times this past week; with high wind; lows near freezing with highs well above freezing. Light organics in the sample; filt. Through 500 um mesh.,,,,
FMP,17032101,17032101-01,Yellow Bay Knob @ Flathead Lake BioStation,TMP03416,FMP08551,3/21/2017,,,Deposition-Dry,1809.4,Deposition,Total Phosphorus,TP,2.3,,2.3,,µg/L - P,"USGS 03-4174, EPA 365.2",1.5,,,Bucket in on 13III17 at 1500hrs. Heavy rains at times this past week; with high wind; lows near freezing with highs well above freezing. Light organics in the sample; filt. Through 500 um mesh.,,,,
FMP,17032801,17032801-01,Yellow Bay Knob @ Flathead Lake BioStation,TMP03416,FMP08555,3/28/2017,,,Deposition-Dry,1538.6,Deposition,Total Nitrogen,TN,190,,190,,µg/L - N,"USGS 03-4174, EPA 353.2",25,,,Bucket in on 21III17@15:45hrs. Rain at times; with a few days of warm sunny weather this past week. High winds at times. Moderate organics in the sample; Filt. Through 500 um mesh.,,,,
FMP,17032801,17032801-01,Yellow Bay Knob @ Flathead Lake BioStation,TMP03416,FMP08555,3/28/2017,,,Deposition-Dry,1538.6,Deposition,Total Phosphorus,TP,4.2,,4.2,,µg/L - P,"USGS 03-4174, EPA 365.2",1.5,,,Bucket in on 21III17@15:45hrs. Rain at times; with a few days of warm sunny weather this past week. High winds at times. Moderate organics in the sample; Filt. Through 500 um mesh.,,,,
FMP,17040401,17040401-01,Yellow Bay Knob @ Flathead Lake BioStation,TMP03416,FMP08557,4/4/2017,,,Deposition-Dry,1410,Deposition,Total Nitrogen,TN,98.7,,98.7,,µg/L - N,"USGS 03-4174, EPA 353.2",25,,,Bucket in on 28III17@1200hrs. Day in the 40-50's with some nights below freezing. Some rain and snow with high winds at times. Overcast to sunny. Mod organics in the sample; filtered through 500 um mesh,,,,
FMP,17040401,17040401-01,Yellow Bay Knob @ Flathead Lake BioStation,TMP03416,FMP08557,4/4/2017,,,Deposition-Dry,1410,Deposition,Total Phosphorus,TP,2.1,,2.1,,µg/L - P,"USGS 03-4174, EPA 365.2",1.5,,,Bucket in on 28III17@1200hrs. Day in the 40-50's with some nights below freezing. Some rain and snow with high winds at times. Overcast to sunny. Mod organics in the sample; filtered through 500 um mesh,,,,
FMP,17041204,17041204-01,Yellow Bay Knob @ Flathead Lake BioStation,TMP03416,FMP08569,4/12/2017,,,Deposition-Dry,1371.4,Deposition,Total Nitrogen,TN,233,,233,,µg/L - N,"USGS 03-4174, EPA 353.2",25,,,Bucket in on 4IV17 @ 0900hrs. Rain and some snow; high winds at times; lots of buringin in the valley; some freezing at night. Moderate organics and one bumblebee; filt. Through 500 um mesh.,,,,
FMP,17041204,17041204-01,Yellow Bay Knob @ Flathead Lake BioStation,TMP03416,FMP08569,4/12/2017,,,Deposition-Dry,1371.4,Deposition,Total Phosphorus,TP,8.5,,8.5,,µg/L - P,"USGS 03-4174, EPA 365.2",1.5,,,Bucket in on 4IV17 @ 0900hrs. Rain and some snow; high winds at times; lots of buringin in the valley; some freezing at night. Moderate organics and one bumblebee; filt. Through 500 um mesh.,,,,
FMP,17041901,17041901-01,Yellow Bay Knob @ Flathead Lake BioStation,TMP03416,FMP08571,4/19/2017,,,Deposition-Dry,1519.8,Deposition,Total Nitrogen,TN,160,,160,,µg/L - N,"USGS 03-4174, EPA 353.2",25,,,Bucket in on 12IV17 @ 1515 hrs. Some heavy rain at times with high winds; a few sunny days in between; open burning. Heavy organics in the sample; filt through 500 um mesh.,,,,
FMP,17041901,17041901-01,Yellow Bay Knob @ Flathead Lake BioStation,TMP03416,FMP08571,4/19/2017,,,Deposition-Dry,1519.8,Deposition,Total Phosphorus,TP,4.5,,4.5,,µg/L - P,"USGS 03-4174, EPA 365.2",1.5,,,Bucket in on 12IV17 @ 1515 hrs. Some heavy rain at times with high winds; a few sunny days in between; open burning. Heavy organics in the sample; filt through 500 um mesh.,,,,
FMP,17042802,17042802-01,Yellow Bay Knob @ Flathead Lake BioStation,TMP03416,FMP08588,4/28/2017,,,Deposition-Dry,1576.5,Deposition,Total Nitrogen,TN,291,,291,,µg/L - N,"USGS 03-4174, EPA 353.2",25,,,"Bucket in 19IV17 @ 1000 hrs. Heavy rains this week; as a result, the buckets were left out longer; high winds at times; open burning. Moderate organics in the sample; filt through 500 um mesh.",,,,
FMP,17042802,17042802-01,Yellow Bay Knob @ Flathead Lake BioStation,TMP03416,FMP08588,4/28/2017,,,Deposition-Dry,1576.5,Deposition,Total Phosphorus,TP,8,,8,,µg/L - P,"USGS 03-4174, EPA 365.2",1.5,,,"Bucket in 19IV17 @ 1000 hrs. Heavy rains this week; as a result, the buckets were left out longer; high winds at times; open burning. Moderate organics in the sample; filt through 500 um mesh.",,,,
FMP,17050501,17050501-01,Yellow Bay Knob @ Flathead Lake BioStation,TMP03416,FMP08592,5/5/2017,,,Deposition-Dry,1284.1,Deposition,Total Nitrogen,TN,269,,269,,µg/L - N,"USGS 03-4174, EPA 353.2",25,,,"Bucket in 28IV17 @ 1015 hours.  Nice week, warm, calm, occasional light rain (not enough volume for WET precip sample).  One bee and ~10 midges in sample, filtered through 500um mesh.",,,,
FMP,17050501,17050501-01,Yellow Bay Knob @ Flathead Lake BioStation,TMP03416,FMP08592,5/5/2017,,,Deposition-Dry,1284.1,Deposition,Total Phosphorus,TP,28.3,,28.3,,µg/L - P,"USGS 03-4174, EPA 365.2",1.5,,,"Bucket in 28IV17 @ 1015 hours.  Nice week, warm, calm, occasional light rain (not enough volume for WET precip sample).  One bee and ~10 midges in sample, filtered through 500um mesh.",,,,
FMP,17050901,17050901-01,Yellow Bay Knob @ Flathead Lake BioStation,TMP03416,FMP08597,5/9/2017,,,Deposition-Dry,1743,Deposition,Total Nitrogen,TN,183,,183,,µg/L - N,"USGS 03-4174, EPA 353.2",25,,,"Bucket in 05V17 @ 0800 hours. Warming for last week with steady light rain all day 07V17.  Few gnats in sample, filtered through 500um mesh.",,,,
FMP,17050901,17050901-01,Yellow Bay Knob @ Flathead Lake BioStation,TMP03416,FMP08597,5/9/2017,,,Deposition-Dry,1743,Deposition,Total Phosphorus,TP,13.1,,13.1,,µg/L - P,"USGS 03-4174, EPA 365.2",1.5,,,"Bucket in 05V17 @ 0800 hours. Warming for last week with steady light rain all day 07V17.  Few gnats in sample, filtered through 500um mesh.",,,,
FMP,17051601,17051601-01,Yellow Bay Knob @ Flathead Lake BioStation,TMP03416,FMP08610,5/16/2017,,,Deposition-Dry,1020.1,Deposition,Total Nitrogen,TN,313,,313,,µg/L - N,"USGS 03-4174, EPA 353.2",25,,,,,,,
FMP,17051601,17051601-01,Yellow Bay Knob @ Flathead Lake BioStation,TMP03416,FMP08610,5/16/2017,,,Deposition-Dry,1020.1,Deposition,Total Phosphorus,TP,27.5,,27.5,,µg/L - P,"USGS 03-4174, EPA 365.2",1.5,,,,,,,
FMP,17052301,17052301-01,Yellow Bay Knob @ Flathead Lake BioStation,TMP03416,FMP08612,5/23/2017,,,Deposition-Dry,780,Deposition,Total Nitrogen,TN,222,,222,,µg/L - N,"USGS 03-4174, EPA 353.2",25,,,"Bucket in on 16V17 @ 1100hrs. Rain showers at times to P. Sunny. Sunny and dry this week. High winds at time. Cooler weather last week. Moderate organics, 2 Dipteran flies and 1 Beetle; filt. through 500 um mesh.",,,,
FMP,17052301,17052301-01,Yellow Bay Knob @ Flathead Lake BioStation,TMP03416,FMP08612,5/23/2017,,,Deposition-Dry,780,Deposition,Total Phosphorus,TP,12.4,,12.4,,µg/L - P,"USGS 03-4174, EPA 365.2",1.5,,,"Bucket in on 16V17 @ 1100hrs. Rain showers at times to P. Sunny. Sunny and dry this week. High winds at time. Cooler weather last week. Moderate organics, 2 Dipteran flies and 1 Beetle; filt. through 500 um mesh.",,,,
FMP,17053104,17053104-01,Yellow Bay Knob @ Flathead Lake BioStation,TMP03416,FMP08613,5/30/2017,,,Deposition-Dry,799,Deposition,Total Nitrogen,TN,878,,878,,µg/L - N,"USGS 03-4174, EPA 353.2",25,,,Bucket in on 23V17@1415hrs. Sunny and warm; highs in 75-85F; few sporadic showers but mostly dry; lots of pollen in the air. High/heavy organics and 3 Dipteran flies as well as visible pollen; filtered through 500 um mesh.,,,,
FMP,17053104,17053104-01,Yellow Bay Knob @ Flathead Lake BioStation,TMP03416,FMP08613,5/30/2017,,,Deposition-Dry,799,Deposition,Total Phosphorus,TP,167,,167,,µg/L - P,"USGS 03-4174, EPA 365.2",1.5,,,Bucket in on 23V17@1415hrs. Sunny and warm; highs in 75-85F; few sporadic showers but mostly dry; lots of pollen in the air. High/heavy organics and 3 Dipteran flies as well as visible pollen; filtered through 500 um mesh.,,,,
FMP,17060603,17060603-01,Yellow Bay Knob @ Flathead Lake BioStation,TMP03416,FMP08618,6/6/2017,,,Deposition-Dry,732.2,Deposition,Total Nitrogen,TN,971,,971,,µg/L - N,"USGS 03-4174, EPA 353.2",25,,,Bucket in 30 VI 17 @1000hrs. Dry and sunny W/heavy rainstorms at times from thunderstorms; temps in the 70-80's' lots of pollen and soot from private brush pile fires in the air. Heavy organics; 2 beetles; Pollen ands soot in the sample' filt 500 um.,,,,
FMP,17060603,17060603-01,Yellow Bay Knob @ Flathead Lake BioStation,TMP03416,FMP08618,6/6/2017,,,Deposition-Dry,732.2,Deposition,Total Phosphorus,TP,156,,156,,µg/L - P,"USGS 03-4174, EPA 365.2",1.5,,,Bucket in 30 VI 17 @1000hrs. Dry and sunny W/heavy rainstorms at times from thunderstorms; temps in the 70-80's' lots of pollen and soot from private brush pile fires in the air. Heavy organics; 2 beetles; Pollen ands soot in the sample' filt 500 um.,,,,
FMP,17061506,17061506-01,Yellow Bay Knob @ Flathead Lake BioStation,TMP03416,FMP08635,6/15/2017,,,Deposition-Dry,809.3,Deposition,Total Nitrogen,TN,1220,,1220,,µg/L - N,"USGS 03-4174, EPA 353.2",25,,," Bucket in on 06VI17 @ 1615hrs. Dry and sunny with heavy rainstorm on Tuesday (2 days ago); high winds and temps in the 60's to mid-70's (F). Lots of pollen in the air. Heavy org. 1 leaf hopper, 3 beetles, 1 fly and pollen in sample; filt through 500 um.",,,,
FMP,17061506,17061506-01,Yellow Bay Knob @ Flathead Lake BioStation,TMP03416,FMP08635,6/15/2017,,,Deposition-Dry,809.3,Deposition,Total Phosphorus,TP,166,,166,,µg/L - P,"USGS 03-4174, EPA 365.2",1.5,,," Bucket in on 06VI17 @ 1615hrs. Dry and sunny with heavy rainstorm on Tuesday (2 days ago); high winds and temps in the 60's to mid-70's (F). Lots of pollen in the air. Heavy org. 1 leaf hopper, 3 beetles, 1 fly and pollen in sample; filt through 500 um.",,,,
FMP,17062201,17062201-01,Yellow Bay Knob @ Flathead Lake BioStation,TMP03416,FMP08637,6/22/2017,,,Deposition-Dry,1045.2,Deposition,Total Nitrogen,TN,308,,308,,µg/L - N,"USGS 03-4174, EPA 353.2",25,,,Bucket in on 15VI17@1500 hrs. Few rain showers but sunny and dry most of the week. High winds at times and lots of pollen in the air. Moderate organics in the sample with one Bee. Filt. Through 500 um.,,,,
FMP,17062201,17062201-01,Yellow Bay Knob @ Flathead Lake BioStation,TMP03416,FMP08637,6/22/2017,,,Deposition-Dry,1045.2,Deposition,Total Phosphorus,TP,35.2,,35.2,,µg/L - P,"USGS 03-4174, EPA 365.2",1.5,,,Bucket in on 15VI17@1500 hrs. Few rain showers but sunny and dry most of the week. High winds at times and lots of pollen in the air. Moderate organics in the sample with one Bee. Filt. Through 500 um.,,,,
FMP,17062802,17062802-01,Yellow Bay Knob @ Flathead Lake BioStation,TMP03416,FMP08638,6/28/2017,,,Deposition-Dry,573.5,Deposition,Total Nitrogen,TN,351,,351,,µg/L - N,"USGS 03-4174, EPA 353.2",25,,Sample compromised due to incorrect preservation. Analysis unable to be completed.,"Bucket in on 22VI17@0930hrs. Sunny and dry for the most part, heavy rain from thunderstorms 2 days ago; lots of pollen in the air with some burning in the valley; high winds at times. Moderate organics in the sample filtered through 500 um mesh.",,,,
FMP,17062802,17062802-01,Yellow Bay Knob @ Flathead Lake BioStation,TMP03416,FMP08638,6/28/2017,,,Deposition-Dry,573.5,Deposition,Total Phosphorus,TP,41.5,,41.5,,µg/L - P,"USGS 03-4174, EPA 365.2",1.5,,Sample compromised due to incorrect preservation. Analysis unable to be completed.,"Bucket in on 22VI17@0930hrs. Sunny and dry for the most part, heavy rain from thunderstorms 2 days ago; lots of pollen in the air with some burning in the valley; high winds at times. Moderate organics in the sample filtered through 500 um mesh.",,,,
FMP,17070501,17070501-01,Yellow Bay Knob @ Flathead Lake BioStation,TMP03416,FMP08650,7/5/2017,,,Deposition-Dry,629.8,Deposition,Total Nitrogen,TN,85.4,,85.4,,µg/L - N,"USGS 03-4174, EPA 353.2",25,,,"Bucket in on 28VI17@0930hrs.Sunny, and dry with temps in the 80's. High winds at times. Mod. Organics and 1 fly in the sample; filtered through 500 um mesh.",,,,
FMP,17070501,17070501-01,Yellow Bay Knob @ Flathead Lake BioStation,TMP03416,FMP08650,7/5/2017,,,Deposition-Dry,629.8,Deposition,Total Phosphorus,TP,2.6,,2.6,,µg/L - P,"USGS 03-4174, EPA 365.2",1.5,,,"Bucket in on 28VI17@0930hrs.Sunny, and dry with temps in the 80's. High winds at times. Mod. Organics and 1 fly in the sample; filtered through 500 um mesh.",,,,
FMP,17071302,17071302-01,Yellow Bay Knob @ Flathead Lake BioStation,TMP03416,FMP08655,7/13/2017,,,Deposition-Dry,1500.6,Deposition,Total Nitrogen,TN,204,,204,,µg/L - N,"USGS 03-4174, EPA 353.2",25,,,"Bucket in 05VII17 @ 1400 hours.  Hot, sunny, light wind for last week.  Moderate amount of small flies and small organic particles in sample.  Filtered through 500 um mesh.",,,,
FMP,17071302,17071302-01,Yellow Bay Knob @ Flathead Lake BioStation,TMP03416,FMP08655,7/13/2017,,,Deposition-Dry,1500.6,Deposition,Total Phosphorus,TP,29.8,,29.8,,µg/L - P,"USGS 03-4174, EPA 365.2",1.5,,,"Bucket in 05VII17 @ 1400 hours.  Hot, sunny, light wind for last week.  Moderate amount of small flies and small organic particles in sample.  Filtered through 500 um mesh.",,,,
FMP,17071901,17071901-01,Yellow Bay Knob @ Flathead Lake BioStation,TMP03416,FMP08667,7/19/2017,,,Deposition-Dry,814.8,Deposition,Total Nitrogen,TN,195,,195,,µg/L - N,"USGS 03-4174, EPA 353.2",25,,,"Bucket in 13 VII 17 @ 0730. Hot, sunny, light to moderate wind, slightly hazy for past week. A few flies and plant partilces in sample. Filtered through 500 nm mesh.",,,,
FMP,17071901,17071901-01,Yellow Bay Knob @ Flathead Lake BioStation,TMP03416,FMP08667,7/19/2017,,,Deposition-Dry,814.8,Deposition,Total Phosphorus,TP,18.4,,18.4,,µg/L - P,"USGS 03-4174, EPA 365.2",1.5,,,"Bucket in 13 VII 17 @ 0730. Hot, sunny, light to moderate wind, slightly hazy for past week. A few flies and plant partilces in sample. Filtered through 500 nm mesh.",,,,
FMP,17072501,17072501-01,Yellow Bay Knob @ Flathead Lake BioStation,TMP03416,FMP08668,7/26/2017,,,Deposition-Dry,1087.5,Deposition,Total Nitrogen,TN,42.1,,42.1,,µg/L - N,"USGS 03-4174, EPA 353.2",25,,,"Bucket in 19VII17 @ 0830 hrs. Hot and dry for last week.  Bucket dry, added DI water in lab.  Three small flies in sample, filtered through 500um mesh.",,,,
FMP,17072501,17072501-01,Yellow Bay Knob @ Flathead Lake BioStation,TMP03416,FMP08668,7/26/2017,,,Deposition-Dry,1087.5,Deposition,Total Phosphorus,TP,4.8,,4.8,,µg/L - P,"USGS 03-4174, EPA 365.2",1.5,,,"Bucket in 19VII17 @ 0830 hrs. Hot and dry for last week.  Bucket dry, added DI water in lab.  Three small flies in sample, filtered through 500um mesh.",,,,
FMP,17073101,17073101-01,Yellow Bay Knob @ Flathead Lake BioStation,TMP03416,FMP08675,7/31/2017,,,Deposition-Dry,847.9,Deposition,Total Nitrogen,TN,87.4,,87.4,,µg/L - N,"USGS 03-4174, EPA 353.2",25,,,"Bucket in 26VII17 @ 0730 hours.  Added about 500ml of DI water to ~300ml of water in bucket.  Hot and dry all week, some haze.  Sample very clean, no bugs or organics, filtered through 500um mesh.",,,,
FMP,17073101,17073101-01,Yellow Bay Knob @ Flathead Lake BioStation,TMP03416,FMP08675,7/31/2017,,,Deposition-Dry,847.9,Deposition,Total Phosphorus,TP,10.3,,10.3,,µg/L - P,"USGS 03-4174, EPA 365.2",1.5,,,"Bucket in 26VII17 @ 0730 hours.  Added about 500ml of DI water to ~300ml of water in bucket.  Hot and dry all week, some haze.  Sample very clean, no bugs or organics, filtered through 500um mesh.",,,,
FMP,17080801,17080801-01,Yellow Bay Knob @ Flathead Lake BioStation,TMP03416,FMP08687,8/8/2017,,,Deposition-Dry,1138.4,Deposition,Total Nitrogen,TN,350,,350,,µg/L - N,"USGS 03-4174, EPA 353.2",25,,,"Bucket in 31VII17 @ 0740 hours. Hot, dry, windy and hazy from smoke for last week.  Lots of organics in sample (pine needles, catkins, bugs, bees and debris).  Filtered through 500um mesh.  Added TOC to tedts.",,,,
FMP,17080801,17080801-01,Yellow Bay Knob @ Flathead Lake BioStation,TMP03416,FMP08687,8/8/2017,,,Deposition-Dry,1138.4,Deposition,Total Phosphorus,TP,75,,75,,µg/L - P,"USGS 03-4174, EPA 365.2",1.5,,,"Bucket in 31VII17 @ 0740 hours. Hot, dry, windy and hazy from smoke for last week.  Lots of organics in sample (pine needles, catkins, bugs, bees and debris).  Filtered through 500um mesh.  Added TOC to tedts.",,,,
FMP,17081701,17081701-01,Yellow Bay Knob @ Flathead Lake BioStation,TMP03416,FMP08688,8/17/2017,,,Deposition-Dry,1610.4,Deposition,Total Nitrogen,TN,239,,239,,µg/L - N,"USGS 03-4174, EPA 353.2",25,,,"Bucket in 08VIII17 @ 0830 hours.Unstable weather for last week.  Hazy from distant fires, smokey from fire that started last week in Blue Bay. Light debris and soot in sample, filtered through 500um mesh.  Added TOC.",,,,
FMP,17081701,17081701-01,Yellow Bay Knob @ Flathead Lake BioStation,TMP03416,FMP08688,8/17/2017,,,Deposition-Dry,1610.4,Deposition,Total Phosphorus,TP,24.4,,24.4,,µg/L - P,"USGS 03-4174, EPA 365.2",1.5,,,"Bucket in 08VIII17 @ 0830 hours.Unstable weather for last week.  Hazy from distant fires, smokey from fire that started last week in Blue Bay. Light debris and soot in sample, filtered through 500um mesh.  Added TOC.",,,,
FMP,17082201,17082201-01,Yellow Bay Knob @ Flathead Lake BioStation,TMP03416,FMP08690,8/22/2017,,,Deposition-Dry,1480.7,Deposition,Total Nitrogen,TN,87.8,,87.8,,µg/L - N,"USGS 03-4174, EPA 353.2",25,,,"Bucket in 17VIII17 @ 0745 hrs.  Dry and smokey for last week.  Fire burning in Blue Bay.  Few gnats and light soot in sample, filtered through 500 um mesh. Added TOC.",,,,
FMP,17082201,17082201-01,Yellow Bay Knob @ Flathead Lake BioStation,TMP03416,FMP08690,8/22/2017,,,Deposition-Dry,1480.7,Deposition,Total Phosphorus,TP,13.3,,13.3,,µg/L - P,"USGS 03-4174, EPA 365.2",1.5,,,"Bucket in 17VIII17 @ 0745 hrs.  Dry and smokey for last week.  Fire burning in Blue Bay.  Few gnats and light soot in sample, filtered through 500 um mesh. Added TOC.",,,,
FMP,17083101,17083101-01,Yellow Bay Knob @ Flathead Lake BioStation,TMP03416,FMP08706,8/31/2017,,,Deposition-Dry,965.9,Deposition,Total Nitrogen,TN,277,,277,,µg/L - N,"USGS 03-4174, EPA 353.2",25,,,"Bucket in 22VIII17 @ 0745 hours.  Smokey and warm for last week. Smoke coming from fires near Missoula.  Few gnats, light debris and some soot in sample. Filtered through 500um mesh. Added TOC.",,,,
FMP,17083101,17083101-01,Yellow Bay Knob @ Flathead Lake BioStation,TMP03416,FMP08706,8/31/2017,,,Deposition-Dry,965.9,Deposition,Total Phosphorus,TP,30.4,,30.4,,µg/L - P,"USGS 03-4174, EPA 365.2",1.5,,,"Bucket in 22VIII17 @ 0745 hours.  Smokey and warm for last week. Smoke coming from fires near Missoula.  Few gnats, light debris and some soot in sample. Filtered through 500um mesh. Added TOC.",,,,
FMP,17090601,17090601-01,Yellow Bay Knob @ Flathead Lake BioStation,TMP03416,FMP08707,9/6/2017,,,Deposition-Dry,1003.4,Deposition,Total Nitrogen,TN,384,,384,,µg/L - N,"USGS 03-4174, EPA 353.2",25,,,"Very smokey last week, can smell smole with ash falling last 3 days.  Lots of ash and a pine needle in sample, filtered through 500um mesh.  ADDED TOC.",,,,
FMP,17090601,17090601-01,Yellow Bay Knob @ Flathead Lake BioStation,TMP03416,FMP08707,9/6/2017,,,Deposition-Dry,1003.4,Deposition,Total Phosphorus,TP,267,,267,,µg/L - P,"USGS 03-4174, EPA 365.2",1.5,,,"Very smokey last week, can smell smole with ash falling last 3 days.  Lots of ash and a pine needle in sample, filtered through 500um mesh.  ADDED TOC.",,,,
FMP,17091101,17091101-01,Yellow Bay Knob @ Flathead Lake BioStation,TMP03416,FMP08709,9/11/2017,,,Deposition-Dry,948.1,Deposition,Total Nitrogen,TN,172,,172,,µg/L - N,"USGS 03-4174, EPA 353.2",25,,,"Smoke a little lighter last 3 days, some soot in sample, filteredthrough 500um mesh.  Added TOC to chems.",,,,
FMP,17091101,17091101-01,Yellow Bay Knob @ Flathead Lake BioStation,TMP03416,FMP08709,9/11/2017,,,Deposition-Dry,948.1,Deposition,Total Phosphorus,TP,22.6,,22.6,,µg/L - P,"USGS 03-4174, EPA 365.2",1.5,,,"Smoke a little lighter last 3 days, some soot in sample, filteredthrough 500um mesh.  Added TOC to chems.",,,,
FMP,17091501,17091501-01,Yellow Bay Knob @ Flathead Lake BioStation,TMP03416,FMP08710,9/15/2017,,,Deposition-Dry,837.9,Deposition,Total Nitrogen,TN,426,,426,,µg/L - N,"USGS 03-4174, EPA 353.2",25,,,"Bucket in 11IX17 @ 0745 hrs. Very smokey last 4 days, ash falling 2 days ago, very light rain yesterday (0.02 inches). Soot and a few gnats in sample filtered through 500um mesh.  Added TOC.",,,,
FMP,17091501,17091501-01,Yellow Bay Knob @ Flathead Lake BioStation,TMP03416,FMP08710,9/15/2017,,,Deposition-Dry,837.9,Deposition,Total Phosphorus,TP,161,,161,,µg/L - P,"USGS 03-4174, EPA 365.2",1.5,,,"Bucket in 11IX17 @ 0745 hrs. Very smokey last 4 days, ash falling 2 days ago, very light rain yesterday (0.02 inches). Soot and a few gnats in sample filtered through 500um mesh.  Added TOC.",,,,
FMP,17092103,17092103-01,Yellow Bay Knob @ Flathead Lake BioStation,TMP03416,FMP08715,9/21/2017,,,Deposition-Dry,1002.5,Deposition,Total Nitrogen,TN,273,,273,,µg/L - N,"USGS 03-4174, EPA 353.2",25,,,"Bucket in 15IX17 @ 0830 hours. Windy, cloudy for last week, scattered rain last 4 days.  Rain cleared smoke from air. Fair amount of fine organics in sample, filtered through 500um mesh. ADDED TOC.",,,,
FMP,17092103,17092103-01,Yellow Bay Knob @ Flathead Lake BioStation,TMP03416,FMP08715,9/21/2017,,,Deposition-Dry,1002.5,Deposition,Total Phosphorus,TP,12.7,,12.7,,µg/L - P,"USGS 03-4174, EPA 365.2",1.5,,,"Bucket in 15IX17 @ 0830 hours. Windy, cloudy for last week, scattered rain last 4 days.  Rain cleared smoke from air. Fair amount of fine organics in sample, filtered through 500um mesh. ADDED TOC.",,,,
FMP,17092701,17092701-01,Yellow Bay Knob @ Flathead Lake BioStation,TMP03416,FMP08728,9/27/2017,,,Deposition-Dry,1552.7,Deposition,Total Nitrogen,TN,64.6,,64.6,,µg/L - N,"USGS 03-4174, EPA 353.2",25,,,"Cloudy and cool for last week, trace precip (not enough for WET sample).  1 Bumble bee and light organics in sample, filtered through 500um mesh.  Added TOC.",,,,
FMP,17092701,17092701-01,Yellow Bay Knob @ Flathead Lake BioStation,TMP03416,FMP08728,9/27/2017,,,Deposition-Dry,1552.7,Deposition,Total Phosphorus,TP,6.7,,6.7,,µg/L - P,"USGS 03-4174, EPA 365.2",1.5,,,"Cloudy and cool for last week, trace precip (not enough for WET sample).  1 Bumble bee and light organics in sample, filtered through 500um mesh.  Added TOC.",,,,
FMP,17100401,17100401-01,Yellow Bay Knob @ Flathead Lake BioStation,TMP03416,FMP08729,10/4/2017,,,Deposition-Dry,1626.2,Deposition,Total Nitrogen,TN,132,,132,,µg/L - N,"USGS 03-4174, EPA 353.2",25,,,"Bucket in 27IX17 @ 0745 hours.  Cool, cloudy, intermittent rain for last week.  Few dipterans and light organics in sample.  Filtered through 500um mesh.",,,,
FMP,17100401,17100401-01,Yellow Bay Knob @ Flathead Lake BioStation,TMP03416,FMP08729,10/4/2017,,,Deposition-Dry,1626.2,Deposition,Total Phosphorus,TP,9,,9,,µg/L - P,"USGS 03-4174, EPA 365.2",1.5,,,"Bucket in 27IX17 @ 0745 hours.  Cool, cloudy, intermittent rain for last week.  Few dipterans and light organics in sample.  Filtered through 500um mesh.",,,,
FMP,17101301,17101301-01,Yellow Bay Knob @ Flathead Lake BioStation,TMP03416,FMP08735,10/13/2017,,,Deposition-Dry,1351.7,Deposition,Total Nitrogen,TN,236,,236,,µg/L - N,"USGS 03-4174, EPA 353.2",25,,,"Cool, cloudy, windy, rainy for last week. Moderate organics, 3 pine needles, 12 dipterans in sample.  Filtered through 500um mesh.",,,,
FMP,17101301,17101301-01,Yellow Bay Knob @ Flathead Lake BioStation,TMP03416,FMP08735,10/13/2017,,,Deposition-Dry,1351.7,Deposition,Total Phosphorus,TP,23.9,,23.9,,µg/L - P,"USGS 03-4174, EPA 365.2",1.5,,,"Cool, cloudy, windy, rainy for last week. Moderate organics, 3 pine needles, 12 dipterans in sample.  Filtered through 500um mesh.",,,,
FMP,17101801,17101801-01,Yellow Bay Knob @ Flathead Lake BioStation,TMP03416,FMP08748,10/18/2017,,,Deposition-Dry,1557.5,Deposition,Total Nitrogen,TN,66.8,,66.8,,µg/L - N,"USGS 03-4174, EPA 353.2",25,,,"Cool, warm, sunny, cloudy and rainy, calm and high winds for last week. Lots of organics and ~12 midges in sample, filtered through 500um mesh.",,,,
FMP,17101801,17101801-01,Yellow Bay Knob @ Flathead Lake BioStation,TMP03416,FMP08748,10/18/2017,,,Deposition-Dry,1557.5,Deposition,Total Phosphorus,TP,10.2,,10.2,,µg/L - P,"USGS 03-4174, EPA 365.2",1.5,,,"Cool, warm, sunny, cloudy and rainy, calm and high winds for last week. Lots of organics and ~12 midges in sample, filtered through 500um mesh.",,,,
FMP,17102301,17102301-01,Yellow Bay Knob @ Flathead Lake BioStation,TMP03416,FMP08750,10/23/2017,,,Deposition-Dry,1276.5,Deposition,Total Nitrogen,TN,89,,89,,µg/L - N,"USGS 03-4174, EPA 353.2",25,,,"Bucket in 18X17 @ 0915 hrs. Cool, windy, rainy last week. Light organics, 1 pine needle and 5 midges in sample. Filtered through 500um mesh",,,,
FMP,17102301,17102301-01,Yellow Bay Knob @ Flathead Lake BioStation,TMP03416,FMP08750,10/23/2017,,,Deposition-Dry,1276.5,Deposition,Total Phosphorus,TP,5,,5,,µg/L - P,"USGS 03-4174, EPA 365.2",1.5,,,"Bucket in 18X17 @ 0915 hrs. Cool, windy, rainy last week. Light organics, 1 pine needle and 5 midges in sample. Filtered through 500um mesh",,,,
FMP,17103002,17103002-01,Yellow Bay Knob @ Flathead Lake BioStation,TMP03416,FMP08756,10/30/2017,,,Deposition-Dry,1000.2,Deposition,Total Nitrogen,TN,87.3,,87.3,,µg/L - N,"USGS 03-4174, EPA 353.2",25,,,"Bucket in 23X17 @ 0830 hours.  Cool, sunny, windy for last week.  1 wasp, 1 fly, 10 midges and moderate fine organics in sample, filtered through 500um mesh.",,,,
FMP,17103002,17103002-01,Yellow Bay Knob @ Flathead Lake BioStation,TMP03416,FMP08756,10/30/2017,,,Deposition-Dry,1000.2,Deposition,Total Phosphorus,TP,13.3,,13.3,,µg/L - P,"USGS 03-4174, EPA 365.2",1.5,,,"Bucket in 23X17 @ 0830 hours.  Cool, sunny, windy for last week.  1 wasp, 1 fly, 10 midges and moderate fine organics in sample, filtered through 500um mesh.",,,,
FMP,17110901,17110901-01,Yellow Bay Knob @ Flathead Lake BioStation,TMP03416,FMP08768,11/7/2017,,,Deposition-Dry,2098.7,Deposition,Total Nitrogen,TN,160,,160,,µg/L - N,"USGS 03-4174, EPA 353.2",25,,,"Bucket in on 30X17 At 1230 hrs. Cold, snowing began on 2XI17  and snowed on anf off for the next four days; high winds at times. Light organics in the sample and sample was allowed to thaw in the walk-in fridge.Filtered through 500um mesh",,,,
FMP,17110901,17110901-01,Yellow Bay Knob @ Flathead Lake BioStation,TMP03416,FMP08768,11/7/2017,,,Deposition-Dry,2098.7,Deposition,Total Phosphorus,TP,6.7,,6.7,,µg/L - P,"USGS 03-4174, EPA 365.2",1.5,,,"Bucket in on 30X17 At 1230 hrs. Cold, snowing began on 2XI17  and snowed on anf off for the next four days; high winds at times. Light organics in the sample and sample was allowed to thaw in the walk-in fridge.Filtered through 500um mesh",,,,
FMP,17111401,17111401-01,Yellow Bay Knob @ Flathead Lake BioStation,TMP03416,FMP08770,11/14/2017,,,Deposition-Dry,1950.8,Deposition,Total Nitrogen,TN,54.9,,54.9,,µg/L - N,"USGS 03-4174, EPA 353.2",25,,,Bucket in on 07XI17@1600hrs. Warmer temperatures the later part of last week and this week (last 5 days); High winds at times with some rain showers. No visible organics in the sample; filtered through 500 um mesh.,,,,
FMP,17111401,17111401-01,Yellow Bay Knob @ Flathead Lake BioStation,TMP03416,FMP08770,11/14/2017,,,Deposition-Dry,1950.8,Deposition,Total Phosphorus,TP,< 1.5,,1.5,<,µg/L - P,"USGS 03-4174, EPA 365.2",1.5,,,Bucket in on 07XI17@1600hrs. Warmer temperatures the later part of last week and this week (last 5 days); High winds at times with some rain showers. No visible organics in the sample; filtered through 500 um mesh.,,,,
FMP,17112001,17112001-01,Yellow Bay Knob @ Flathead Lake BioStation,TMP03416,FMP08771,11/20/2017,,,Deposition-Dry,1336,Deposition,Total Nitrogen,TN,43.8,,43.8,,µg/L - N,"USGS 03-4174, EPA 353.2",25,,,Bucket in on 14XI17@1000hrs. Dry lmost of ast week with warmer temperatures (33-40 F); High winds at times. Moderate organics in the sample; 1 Dipteran fly; Filtered through 500 um mesh.,,,,
FMP,17112001,17112001-01,Yellow Bay Knob @ Flathead Lake BioStation,TMP03416,FMP08771,11/20/2017,,,Deposition-Dry,1336,Deposition,Total Phosphorus,TP,7.6,,7.6,,µg/L - P,"USGS 03-4174, EPA 365.2",1.5,,,Bucket in on 14XI17@1000hrs. Dry lmost of ast week with warmer temperatures (33-40 F); High winds at times. Moderate organics in the sample; 1 Dipteran fly; Filtered through 500 um mesh.,,,,
FMP,17112701,17112701-01,Yellow Bay Knob @ Flathead Lake BioStation,TMP03416,FMP08777,11/27/2017,,,Deposition-Dry,934.1,Deposition,Total Nitrogen,TN,46.1,,46.1,,µg/L - N,"USGS 03-4174, EPA 353.2",25,,,Bucket in on 20XI17@0915hrs. Rain showers on and off throughout the collection period with high winds at times. Temperatures were above freezing. Burning at the station. Lite organics in the samples; filtered through 500 um mesh.,,,,
FMP,17112701,17112701-01,Yellow Bay Knob @ Flathead Lake BioStation,TMP03416,FMP08777,11/27/2017,,,Deposition-Dry,934.1,Deposition,Total Phosphorus,TP,1.5,,1.5,,µg/L - P,"USGS 03-4174, EPA 365.2",1.5,,,Bucket in on 20XI17@0915hrs. Rain showers on and off throughout the collection period with high winds at times. Temperatures were above freezing. Burning at the station. Lite organics in the samples; filtered through 500 um mesh.,,,,
FMP,17120401,17120401-01,Yellow Bay Knob @ Flathead Lake BioStation,TMP03416,FMP08779,12/4/2017,,,Deposition-Dry,1361.9,Deposition,Total Nitrogen,TN,63.7,,63.7,,µg/L - N,"USGS 03-4174, EPA 353.2",25,,,Bucket in on 27XI17@1200hrs.High winds at times. A few rain/snow showers. Near freezing at night and above freezing during the day. Burning at the station. No visible organics in the sample; 1 Dipteran fly; filtered through 500 um mesh.,,,,
FMP,17120401,17120401-01,Yellow Bay Knob @ Flathead Lake BioStation,TMP03416,FMP08779,12/4/2017,,,Deposition-Dry,1361.9,Deposition,Total Phosphorus,TP,3.8,,3.8,,µg/L - P,"USGS 03-4174, EPA 365.2",1.5,,,Bucket in on 27XI17@1200hrs.High winds at times. A few rain/snow showers. Near freezing at night and above freezing during the day. Burning at the station. No visible organics in the sample; 1 Dipteran fly; filtered through 500 um mesh.,,,,
FMP,17121101,17121101-01,Yellow Bay Knob @ Flathead Lake BioStation,TMP03416,FMP08791,12/11/2017,,,Deposition-Dry,1427.1,Deposition,Total Nitrogen,TN,< 25.0,,25,<,µg/L - N,"USGS 03-4174, EPA 353.2",25,,,Buckret in on 04XII17@0900hrs. Dry and cold this past week; temps 32-mid-20's F; moderate winds at times. No visible organics in the sample; filtered through 500 um mesh.,,,,
FMP,17121101,17121101-01,Yellow Bay Knob @ Flathead Lake BioStation,TMP03416,FMP08791,12/11/2017,,,Deposition-Dry,1427.1,Deposition,Total Phosphorus,TP,< 1.5,,1.5,<,µg/L - P,"USGS 03-4174, EPA 365.2",1.5,,,Buckret in on 04XII17@0900hrs. Dry and cold this past week; temps 32-mid-20's F; moderate winds at times. No visible organics in the sample; filtered through 500 um mesh.,,,,
FMP,17121801,17121801-01,Yellow Bay Knob @ Flathead Lake BioStation,TMP03416,FMP08796,12/18/2017,,,Deposition-Dry,1596.5,Deposition,Total Nitrogen,TN,66.5,,66.5,,µg/L - N,"USGS 03-4174, EPA 353.2",25,,,Bucket in on 11XII17 @ 1515hrs. Colder temperatures; high winds at times; snow and rain showers the past 3 days. Light organics in the sample; filtered through 500 um mesh.,,,,
FMP,17121801,17121801-01,Yellow Bay Knob @ Flathead Lake BioStation,TMP03416,FMP08796,12/18/2017,,,Deposition-Dry,1596.5,Deposition,Total Phosphorus,TP,< 1.5,,1.5,<,µg/L - P,"USGS 03-4174, EPA 365.2",1.5,,,Bucket in on 11XII17 @ 1515hrs. Colder temperatures; high winds at times; snow and rain showers the past 3 days. Light organics in the sample; filtered through 500 um mesh.,,,,
FMP,17122201,17122201-01,Yellow Bay Knob @ Flathead Lake BioStation,TMP03416,FMP08798,12/22/2017,,,Deposition-Dry,2009.5,Deposition,Total Nitrogen,TN,91.6,R,91.6,,µg/L - N,"USGS 03-4174, EPA 353.2",25,,,"Bucket in 18XII17 @ 1455 hours. Cold front with wind and lots of snow this week. Light organics in sample, filtered through 500um mesh.",,,,
FMP,17122201,17122201-01,Yellow Bay Knob @ Flathead Lake BioStation,TMP03416,FMP08798,12/22/2017,,,Deposition-Dry,2009.5,Deposition,Total Phosphorus,TP,< 1.5,,1.5,<,µg/L - P,"USGS 03-4174, EPA 365.2",1.5,,,"Bucket in 18XII17 @ 1455 hours. Cold front with wind and lots of snow this week. Light organics in sample, filtered through 500um mesh.",,,,
FMP,18010201,18010201-01,Yellow Bay Knob @ Flathead Lake BioStation,TMP03416,FMP08800,1/2/2018,,,Deposition-Dry,2323.1,Deposition,Total Nitrogen,TN,96.5,,96.5,,µg/L - N,"USGS 03-4174, EPA 353.2",25,,,"Bucket in 22XII17 @ 0815 hours. Thawed in cooler over night. Blizzard last week, cold, windy, snowy. Moderate organics in sample, filtered through 500um mesh.",,,,
FMP,18010201,18010201-01,Yellow Bay Knob @ Flathead Lake BioStation,TMP03416,FMP08800,1/2/2018,,,Deposition-Dry,2323.1,Deposition,Total Phosphorus,TP,2.2,,2.2,,µg/L - P,"USGS 03-4174, EPA 365.2",1.5,,,"Bucket in 22XII17 @ 0815 hours. Thawed in cooler over night. Blizzard last week, cold, windy, snowy. Moderate organics in sample, filtered through 500um mesh.",,,,
FMP,18011001,18011001-01,Yellow Bay Knob @ Flathead Lake BioStation,TMP03416,FMP08813,1/10/2018,,,Deposition-Dry,1716,Deposition,Total Nitrogen,TN,116,,116,,µg/L - N,"USGS 03-4174, EPA 353.2",25,,,Bucket in on 02I18@1500hrs. Warmer temperatures last week w/rain showers. Moderate winds. Moderate organics in the sample; filtered through 500 um mesh.,,,,
FMP,18011001,18011001-01,Yellow Bay Knob @ Flathead Lake BioStation,TMP03416,FMP08813,1/10/2018,,,Deposition-Dry,1716,Deposition,Total Phosphorus,TP,< 1.5,,1.5,<,µg/L - P,"USGS 03-4174, EPA 365.2",1.5,,,Bucket in on 02I18@1500hrs. Warmer temperatures last week w/rain showers. Moderate winds. Moderate organics in the sample; filtered through 500 um mesh.,,,,
FMP,18011601,18011601-01,Yellow Bay Knob @ Flathead Lake BioStation,TMP03416,FMP08819,1/16/2018,,,Deposition-Dry,1736.3,Deposition,Total Nitrogen,TN,43,,43,,µg/L - N,"USGS 03-4174, EPA 353.2",25,,,"Snow storm 3-4 days ago, mild temps (25-35degF), mild wind. Very light organics in sample, filtered through 500um mesh.",,,,
FMP,18011601,18011601-01,Yellow Bay Knob @ Flathead Lake BioStation,TMP03416,FMP08819,1/16/2018,,,Deposition-Dry,1736.3,Deposition,Total Phosphorus,TP,< 1.5,,1.5,<,µg/L - P,"USGS 03-4174, EPA 365.2",1.5,,,"Snow storm 3-4 days ago, mild temps (25-35degF), mild wind. Very light organics in sample, filtered through 500um mesh.",,,,
FMP,18012301,18012301-01,Yellow Bay Knob @ Flathead Lake BioStation,TMP03416,FMP08821,1/23/2018,,,Deposition-Dry,764.1,Deposition,Total Nitrogen,TN,72.1,,72.1,,µg/L - N,"USGS 03-4174, EPA 353.2",25,,,Bucket in on 16I18@0815hours. Warmer temperatures; with some rain showers; moderate winds at times. Light organics in the sample; filtered through 500 um mesh.,,,,
FMP,18012301,18012301-01,Yellow Bay Knob @ Flathead Lake BioStation,TMP03416,FMP08821,1/23/2018,,,Deposition-Dry,764.1,Deposition,Total Phosphorus,TP,7.7,,7.7,,µg/L - P,"USGS 03-4174, EPA 365.2",1.5,,,Bucket in on 16I18@0815hours. Warmer temperatures; with some rain showers; moderate winds at times. Light organics in the sample; filtered through 500 um mesh.,,,,
FMP,18013001,18013001-01,Yellow Bay Knob @ Flathead Lake BioStation,TMP03416,FMP08822,1/30/2018,,,Deposition-Dry,1917.1,Deposition,Total Nitrogen,TN,104,,104,,µg/L - N,"USGS 03-4174, EPA 353.2",25,,,Bucket in on 23I18@1240hrs. Rain and snow showers this week at times; high winds at times; freezing nights and warm days. High organics in the sample; Filtered through 500 um mesh.,,,,
FMP,18013001,18013001-01,Yellow Bay Knob @ Flathead Lake BioStation,TMP03416,FMP08822,1/30/2018,,,Deposition-Dry,1917.1,Deposition,Total Phosphorus,TP,5.6,,5.6,,µg/L - P,"USGS 03-4174, EPA 365.2",1.5,,,Bucket in on 23I18@1240hrs. Rain and snow showers this week at times; high winds at times; freezing nights and warm days. High organics in the sample; Filtered through 500 um mesh.,,,,
FMP,18020701,18020701-01,Yellow Bay Knob @ Flathead Lake BioStation,TMP03416,FMP08824,2/7/2018,,,Deposition-Dry,1916.7,Deposition,Total Nitrogen,TN,76.1,,76.1,,µg/L - N,"USGS 03-4174, EPA 353.2",25,,,Bucket in on 30I18@1330hrs. Rain and snow storms; warmer temperatures (mid-30'sF); some high winds at times; colder temperatures later in the week. Mode. Organics in the sample: filtered through 500um mesh.,,,,
FMP,18020701,18020701-01,Yellow Bay Knob @ Flathead Lake BioStation,TMP03416,FMP08824,2/7/2018,,,Deposition-Dry,1916.7,Deposition,Total Phosphorus,TP,< 1.5,,1.5,<,µg/L - P,"USGS 03-4174, EPA 365.2",1.5,,,Bucket in on 30I18@1330hrs. Rain and snow storms; warmer temperatures (mid-30'sF); some high winds at times; colder temperatures later in the week. Mode. Organics in the sample: filtered through 500um mesh.,,,,
FMP,18021401,18021401-01,Yellow Bay Knob @ Flathead Lake BioStation,TMP03416,FMP08826,2/13/2018,,,Deposition-Dry,1304.2,Deposition,Total Nitrogen,TN,92,,92,,µg/L - N,"USGS 03-4174, EPA 353.2",25,,,Bucket in on 06II18@0845hrs. Very cold temperatures in the single digits; some snow showers; very high winds 20-30mph gusts. Heavy organics in the sample; frozen; filtered through 500 um mesh; allowed to thaw overnight in the walk-in fridge.,,,,
FMP,18021401,18021401-01,Yellow Bay Knob @ Flathead Lake BioStation,TMP03416,FMP08826,2/13/2018,,,Deposition-Dry,1304.2,Deposition,Total Phosphorus,TP,4.3,,4.3,,µg/L - P,"USGS 03-4174, EPA 365.2",1.5,,,Bucket in on 06II18@0845hrs. Very cold temperatures in the single digits; some snow showers; very high winds 20-30mph gusts. Heavy organics in the sample; frozen; filtered through 500 um mesh; allowed to thaw overnight in the walk-in fridge.,,,,
FMP,18022101,18022101-01,Yellow Bay Knob @ Flathead Lake BioStation,TMP03416,FMP08828,2/21/2018,,,Deposition-Dry,1989.4,Deposition,Total Nitrogen,TN,97.4,,97.4,,µg/L - N,"USGS 03-4174, EPA 353.2",25,,,Bucket in on 13II18@0900hrs. Bitter cold this past week with a blizard 5 days ago; high winds at times and some more recent snow showers. Heavy organics in the sample; frozen and allowed to thaw in the walk-in fridge overnight; filtered through 500 um mes,,,,
FMP,18022101,18022101-01,Yellow Bay Knob @ Flathead Lake BioStation,TMP03416,FMP08828,2/21/2018,,,Deposition-Dry,1989.4,Deposition,Total Phosphorus,TP,5.6,,5.6,,µg/L - P,"USGS 03-4174, EPA 365.2",1.5,,,Bucket in on 13II18@0900hrs. Bitter cold this past week with a blizard 5 days ago; high winds at times and some more recent snow showers. Heavy organics in the sample; frozen and allowed to thaw in the walk-in fridge overnight; filtered through 500 um mes,,,,
FMP,18022701,18022701-01,Yellow Bay Knob @ Flathead Lake BioStation,TMP03416,FMP08834,2/27/2018,,,Deposition-Dry,1354.3,Deposition,Total Nitrogen,TN,33,,33,,µg/L - N,"USGS 03-4174, EPA 353.2",25,,,Bucket in on 21II18@1130hrs. Bitter cold changing to mid-20's (F) during the later half of the collection period; high winds; some sunny days. Moderate organics in the sample; partially frozen; thawed and then filtered through 500 um mesh.,,,,
FMP,18022701,18022701-01,Yellow Bay Knob @ Flathead Lake BioStation,TMP03416,FMP08834,2/27/2018,,,Deposition-Dry,1354.3,Deposition,Total Phosphorus,TP,1.5,,1.5,,µg/L - P,"USGS 03-4174, EPA 365.2",1.5,,,Bucket in on 21II18@1130hrs. Bitter cold changing to mid-20's (F) during the later half of the collection period; high winds; some sunny days. Moderate organics in the sample; partially frozen; thawed and then filtered through 500 um mesh.,,,,
FMP,18030702,18030702-01,Yellow Bay Knob @ Flathead Lake BioStation,TMP03416,FMP08846,3/7/2018,,,Deposition-Dry,1285.2,Deposition,Total Nitrogen,TN,94.8,,94.8,,µg/L - N,"USGS 03-4174, EPA 353.2",25,,,Bucket in on 27II18@1030hrs. Warmer temperatures but still freezing; high winds; facilities was burning slash piles here at the station; open burning started on 3/1/2018. Moderate organincs in the sample; filtered through 500 um mesh.,,,,
FMP,18030702,18030702-01,Yellow Bay Knob @ Flathead Lake BioStation,TMP03416,FMP08846,3/7/2018,,,Deposition-Dry,1285.2,Deposition,Total Phosphorus,TP,18.8,,18.8,,µg/L - P,"USGS 03-4174, EPA 365.2",1.5,,,Bucket in on 27II18@1030hrs. Warmer temperatures but still freezing; high winds; facilities was burning slash piles here at the station; open burning started on 3/1/2018. Moderate organincs in the sample; filtered through 500 um mesh.,,,,
FMP,18031401,18031401-01,Yellow Bay Knob @ Flathead Lake BioStation,TMP03416,FMP08847,3/14/2018,,,Deposition-Dry,1471.7,Deposition,Total Nitrogen,TN,93.8,,93.8,,µg/L - N,"USGS 03-4174, EPA 353.2",25,,,Bucket in on 07III18@1500hrs. Dry with most days above freezing but nights are still at freezing temps; high winds at times; some sunny days. Moderate organics in the sample; burning at the station again; filtered through 500um mesh.,,,,
FMP,18031401,18031401-01,Yellow Bay Knob @ Flathead Lake BioStation,TMP03416,FMP08847,3/14/2018,,,Deposition-Dry,1471.7,Deposition,Total Phosphorus,TP,1.9,,1.9,,µg/L - P,"USGS 03-4174, EPA 365.2",1.5,,,Bucket in on 07III18@1500hrs. Dry with most days above freezing but nights are still at freezing temps; high winds at times; some sunny days. Moderate organics in the sample; burning at the station again; filtered through 500um mesh.,,,,
FMP,18032103,18032103-01,Yellow Bay Knob @ Flathead Lake BioStation,TMP03416,FMP08852,3/21/2018,,,Deposition-Dry,1592.1,Deposition,Total Nitrogen,TN,106,,106,,µg/L - N,"USGS 03-4174, EPA 353.2",25,,,Bucket in on 14III18 @1540hrs. Overacast to sunny; high winds at times; daytime highs in the 40's (F) while nitghts are freezing; burning at the station. Light organics in the sample; filtered through 500 um mesh.,,,,
FMP,18032103,18032103-01,Yellow Bay Knob @ Flathead Lake BioStation,TMP03416,FMP08852,3/21/2018,,,Deposition-Dry,1592.1,Deposition,Total Phosphorus,TP,1.8,,1.8,,µg/L - P,"USGS 03-4174, EPA 365.2",1.5,,,Bucket in on 14III18 @1540hrs. Overacast to sunny; high winds at times; daytime highs in the 40's (F) while nitghts are freezing; burning at the station. Light organics in the sample; filtered through 500 um mesh.,,,,
FMP,18032801,18032801-01,Yellow Bay Knob @ Flathead Lake BioStation,TMP03416,FMP08865,3/28/2018,,,Deposition-Dry,725.5,Deposition,Total Nitrogen,TN,118,,118,,µg/L - N,"USGS 03-4174, EPA 353.2",25,,,Bucket in on 28III18@1400hrs. High winds and some rain showers; nights near freezing with days in the 40's (F); burning at the station. Moderate organics in the sample; filtered through 500 um mesh.,,,,
FMP,18032801,18032801-01,Yellow Bay Knob @ Flathead Lake BioStation,TMP03416,FMP08865,3/28/2018,,,Deposition-Dry,725.5,Deposition,Total Phosphorus,TP,4.5,,4.5,,µg/L - P,"USGS 03-4174, EPA 365.2",1.5,,,Bucket in on 28III18@1400hrs. High winds and some rain showers; nights near freezing with days in the 40's (F); burning at the station. Moderate organics in the sample; filtered through 500 um mesh.,,,,
FMP,18040401,18040401-01,Yellow Bay Knob @ Flathead Lake BioStation,TMP03416,FMP08867,4/4/2018,,,Deposition-Dry,1336.1,Deposition,Total Nitrogen,TN,181,,181,,µg/L - N,"USGS 03-4174, EPA 353.2",25,,,Bucket in on 28III18@0930hrs. Moderate to high winds; some snow and rain showers; daytime hihgs in mid-30's to 40's (F) then nights dropping to to or below freezing; burning at the station. Light organics in the sample; filtered through 500 um mesh.,,,,
FMP,18040401,18040401-01,Yellow Bay Knob @ Flathead Lake BioStation,TMP03416,FMP08867,4/4/2018,,,Deposition-Dry,1336.1,Deposition,Total Phosphorus,TP,10.6,,10.6,,µg/L - P,"USGS 03-4174, EPA 365.2",1.5,,,Bucket in on 28III18@0930hrs. Moderate to high winds; some snow and rain showers; daytime hihgs in mid-30's to 40's (F) then nights dropping to to or below freezing; burning at the station. Light organics in the sample; filtered through 500 um mesh.,,,,
FMP,18041101,18041101-01,Yellow Bay Knob @ Flathead Lake BioStation,TMP03416,FMP08879,4/11/2018,,,Deposition-Dry,2007,Deposition,Total Nitrogen,TN,168,,168,,µg/L - N,"USGS 03-4174, EPA 353.2",25,,,Bucket in on 04IV18@1130hrs. Rain showers at times; high winds at times; some sun breaks but mostly overcast; burning at the station. Heavy organics and one Dipteran fly; filtered through 500 um mesh.,,,,
FMP,18041101,18041101-01,Yellow Bay Knob @ Flathead Lake BioStation,TMP03416,FMP08879,4/11/2018,,,Deposition-Dry,2007,Deposition,Total Phosphorus,TP,5.9,,5.9,,µg/L - P,"USGS 03-4174, EPA 365.2",1.5,,,Bucket in on 04IV18@1130hrs. Rain showers at times; high winds at times; some sun breaks but mostly overcast; burning at the station. Heavy organics and one Dipteran fly; filtered through 500 um mesh.,,,,
FMP,18041801,18041801-01,Yellow Bay Knob @ Flathead Lake BioStation,TMP03416,FMP08881,4/18/2018,,,Deposition-Dry,1452.4,Deposition,Total Nitrogen,TN,106,,106,,µg/L - N,"USGS 03-4174, EPA 353.2",25,,,Bucket in on 11IV18@1200hrs. Heavy rainstorms at times; cold nights and warmer days; high winds at times. Light organics in the sample; filtered through 500 um mesh.,,,,
FMP,18041801,18041801-01,Yellow Bay Knob @ Flathead Lake BioStation,TMP03416,FMP08881,4/18/2018,,,Deposition-Dry,1452.4,Deposition,Total Phosphorus,TP,5.1,,5.1,,µg/L - P,"USGS 03-4174, EPA 365.2",1.5,,,Bucket in on 11IV18@1200hrs. Heavy rainstorms at times; cold nights and warmer days; high winds at times. Light organics in the sample; filtered through 500 um mesh.,,,,
FMP,18042501,18042501-01,Yellow Bay Knob @ Flathead Lake BioStation,TMP03416,FMP08887,4/25/2018,,,Deposition-Dry,982.1,Deposition,Total Nitrogen,TN,128,,128,,µg/L - N,"USGS 03-4174, EPA 353.2",25,,,Bucket in on 18IV18 @ 1300hrs. Mostly sunny and dry with hihg winds at times; lots of burning in the valley and at the station. Moderate organics in the sample; filtered through 500 um mesh.,,,,
FMP,18042501,18042501-01,Yellow Bay Knob @ Flathead Lake BioStation,TMP03416,FMP08887,4/25/2018,,,Deposition-Dry,982.1,Deposition,Total Phosphorus,TP,12.1,,12.1,,µg/L - P,"USGS 03-4174, EPA 365.2",1.5,,,Bucket in on 18IV18 @ 1300hrs. Mostly sunny and dry with hihg winds at times; lots of burning in the valley and at the station. Moderate organics in the sample; filtered through 500 um mesh.,,,,
FMP,18050301,18050301-01,Yellow Bay Knob @ Flathead Lake BioStation,TMP03416,FMP08903,5/3/2018,,,Deposition-Dry,1201.3,Deposition,Total Nitrogen,TN,844,,844,,µg/L - N,"USGS 03-4174, EPA 353.2",25,,,"Very smokey 1 day this week.  Inversion and valley wide burning.  Also burning at FLBS. ~12 flies and 1 bee in sample, filtered through 500um mesh.",,,,
FMP,18050301,18050301-01,Yellow Bay Knob @ Flathead Lake BioStation,TMP03416,FMP08903,5/3/2018,,,Deposition-Dry,1201.3,Deposition,Total Phosphorus,TP,123,,123,,µg/L - P,"USGS 03-4174, EPA 365.2",1.5,,,"Very smokey 1 day this week.  Inversion and valley wide burning.  Also burning at FLBS. ~12 flies and 1 bee in sample, filtered through 500um mesh.",,,,
FMP,18051002,18051002-01,Yellow Bay Knob @ Flathead Lake BioStation,TMP03416,FMP08909,5/10/2018,,,Deposition-Dry,1204.2,Deposition,Total Nitrogen,TN,1170,,1170,,µg/L - N,"USGS 03-4174, EPA 353.2",25,,,Bucket in on 03V18@1000hrs. Rain showers at times but mostly dry; some burning in the valley; Lots of pollen in the air. Heavy organics in the sample and 2 bees and 3 flies in the sample; filtered through 500 um mesh.,,,,
FMP,18051002,18051002-01,Yellow Bay Knob @ Flathead Lake BioStation,TMP03416,FMP08909,5/10/2018,,,Deposition-Dry,1204.2,Deposition,Total Phosphorus,TP,188,,188,,µg/L - P,"USGS 03-4174, EPA 365.2",1.5,,,Bucket in on 03V18@1000hrs. Rain showers at times but mostly dry; some burning in the valley; Lots of pollen in the air. Heavy organics in the sample and 2 bees and 3 flies in the sample; filtered through 500 um mesh.,,,,
FMP,18051601,18051601-01,Yellow Bay Knob @ Flathead Lake BioStation,TMP03416,FMP08911,5/16/2018,,,Deposition-Dry,1152.5,Deposition,Total Nitrogen,TN,964,,964,,µg/L - N,"USGS 03-4174, EPA 353.2",25,,,Bucket in on 10V18@0915hrs. Few rainstorms last week but mostly dry; lots of pollen in the air and brush and USFS prescribed burns in the valley; hazy at times. Lots of pollen in the sample; heavy organics; 2 flies and 2 beetles; filtered through 500 um.,,,,
FMP,18051601,18051601-01,Yellow Bay Knob @ Flathead Lake BioStation,TMP03416,FMP08911,5/16/2018,,,Deposition-Dry,1152.5,Deposition,Total Phosphorus,TP,182,,182,,µg/L - P,"USGS 03-4174, EPA 365.2",1.5,,,Bucket in on 10V18@0915hrs. Few rainstorms last week but mostly dry; lots of pollen in the air and brush and USFS prescribed burns in the valley; hazy at times. Lots of pollen in the sample; heavy organics; 2 flies and 2 beetles; filtered through 500 um.,,,,
FMP,18052301,18052301-01,Yellow Bay Knob @ Flathead Lake BioStation,TMP03416,FMP08928,5/23/2018,,,Deposition-Dry,1067.1,Deposition,Total Nitrogen,TN,536,,536,,µg/L - N,"USGS 03-4174, EPA 353.2",25,,,"Bucket in on 16V18@0915hrs. Mostly dry with some rain showers; high winds at times; lots of pollen in the air; brush and prescribed burning in the valley. Heavy organics and 3 beetl;es, 2 bees and 1 fly in the sample; filtered through 500 um mesh.",,,,
FMP,18052301,18052301-01,Yellow Bay Knob @ Flathead Lake BioStation,TMP03416,FMP08928,5/23/2018,,,Deposition-Dry,1067.1,Deposition,Total Phosphorus,TP,94.2,,94.2,,µg/L - P,"USGS 03-4174, EPA 365.2",1.5,,,"Bucket in on 16V18@0915hrs. Mostly dry with some rain showers; high winds at times; lots of pollen in the air; brush and prescribed burning in the valley. Heavy organics and 3 beetl;es, 2 bees and 1 fly in the sample; filtered through 500 um mesh.",,,,
FMP,18053001,18053001-01,Yellow Bay Knob @ Flathead Lake BioStation,TMP03416,FMP08929,5/30/2018,,,Deposition-Dry,829.2,Deposition,Total Nitrogen,TN,1090,,1090,,µg/L - N,"USGS 03-4174, EPA 353.2",25,,,Bucket in on 23V18@1030hrs. Mostly dry with some thunder/lightning rainstorms at times. Moderate to high winds. Lots of pollen in the air. Some smoke haze at times. Heavy organics in the sample; 3 beetles and 1 fly; filtered through 500 um mesh.,,,,
FMP,18053001,18053001-01,Yellow Bay Knob @ Flathead Lake BioStation,TMP03416,FMP08929,5/30/2018,,,Deposition-Dry,829.2,Deposition,Total Phosphorus,TP,168,,168,,µg/L - P,"USGS 03-4174, EPA 365.2",1.5,,,Bucket in on 23V18@1030hrs. Mostly dry with some thunder/lightning rainstorms at times. Moderate to high winds. Lots of pollen in the air. Some smoke haze at times. Heavy organics in the sample; 3 beetles and 1 fly; filtered through 500 um mesh.,,,,
FMP,18060704,18060704-01,Yellow Bay Knob @ Flathead Lake BioStation,TMP03416,FMP08935,6/7/2018,,,Deposition-Dry,908.4,Deposition,Total Nitrogen,TN,548,,548,,µg/L - N,"USGS 03-4174, EPA 353.2",25,,,Bucket in on 30V18@1500hrs. Heavy rainstorms at times; high to moderate winds; lots of pollen in the air; Temp's in the 60-70's. Moderate organics with 3 Dipteran flies; filtered through 500 um mesh.,,,,
FMP,18060704,18060704-01,Yellow Bay Knob @ Flathead Lake BioStation,TMP03416,FMP08935,6/7/2018,,,Deposition-Dry,908.4,Deposition,Total Phosphorus,TP,84.9,,84.9,,µg/L - P,"USGS 03-4174, EPA 365.2",1.5,,,Bucket in on 30V18@1500hrs. Heavy rainstorms at times; high to moderate winds; lots of pollen in the air; Temp's in the 60-70's. Moderate organics with 3 Dipteran flies; filtered through 500 um mesh.,,,,
FMP,18061402,18061402-01,Yellow Bay Knob @ Flathead Lake BioStation,TMP03416,FMP08937,6/14/2018,,,Deposition-Dry,1177.4,Deposition,Total Nitrogen,TN,849,,849,,µg/L - N,"USGS 03-4174, EPA 353.2",25,,,"Bucket in on 07VI18@1500hrs. High winds at times; rain showers at times but mostly dry; lots of pollen in the air. Heavy, HEAVY! Organics with 4 bees and 2 beetles; filtered through 500 um mesh; pollen in the sample.",,,,
FMP,18061402,18061402-01,Yellow Bay Knob @ Flathead Lake BioStation,TMP03416,FMP08937,6/14/2018,,,Deposition-Dry,1177.4,Deposition,Total Phosphorus,TP,155,,155,,µg/L - P,"USGS 03-4174, EPA 365.2",1.5,,,"Bucket in on 07VI18@1500hrs. High winds at times; rain showers at times but mostly dry; lots of pollen in the air. Heavy, HEAVY! Organics with 4 bees and 2 beetles; filtered through 500 um mesh; pollen in the sample.",,,,
FMP,18062201,18062201-01,Yellow Bay Knob @ Flathead Lake BioStation,TMP03416,FMP08950,6/22/2018,,,Deposition-Dry,484.9,Deposition,Total Nitrogen,TN,390,,390,,µg/L - N,"USGS 03-4174, EPA 353.2",25,,,Bucket in on 14VI18@1430hrs. Mostly dry with a few rain showers; calm to high winds; pollen in the air. Heavy organics; 5 beetles and 2 Dipteran flies; filtered through 500 um mesh. Pollen in the sample.,,,,
FMP,18062201,18062201-01,Yellow Bay Knob @ Flathead Lake BioStation,TMP03416,FMP08950,6/22/2018,,,Deposition-Dry,484.9,Deposition,Total Phosphorus,TP,67.5,,67.5,,µg/L - P,"USGS 03-4174, EPA 365.2",1.5,,,Bucket in on 14VI18@1430hrs. Mostly dry with a few rain showers; calm to high winds; pollen in the air. Heavy organics; 5 beetles and 2 Dipteran flies; filtered through 500 um mesh. Pollen in the sample.,,,,
FMP,18062802,18062802-01,Yellow Bay Knob @ Flathead Lake BioStation,TMP03416,FMP08956,6/29/2018,,,Deposition-Dry,1087.5,Deposition,Total Nitrogen,TN,258,,258,,µg/L - N,"USGS 03-4174, EPA 353.2",25,,,Bucket in 22VI18@1000hrs. Mostly dry with some heavy rainstorms; intermittently. Pollen in the air; high to moderate winds. Heavy organics in the sample with 5 beetles and 1 flying ant; filtered through 500 um mesh.,,,,
FMP,18062802,18062802-01,Yellow Bay Knob @ Flathead Lake BioStation,TMP03416,FMP08956,6/29/2018,,,Deposition-Dry,1087.5,Deposition,Total Phosphorus,TP,26.5,,26.5,,µg/L - P,"USGS 03-4174, EPA 365.2",1.5,,,Bucket in 22VI18@1000hrs. Mostly dry with some heavy rainstorms; intermittently. Pollen in the air; high to moderate winds. Heavy organics in the sample with 5 beetles and 1 flying ant; filtered through 500 um mesh.,,,,
FMP,18070604,18070604-01,Yellow Bay Knob @ Flathead Lake BioStation,TMP03416,FMP08969,7/6/2018,,,Deposition-Dry,1130.2,Deposition,Total Nitrogen,TN,265,,265,,µg/L - N,"USGS 03-4174, EPA 353.2",25,,,Bucket in on 29VI18@1500. Sunny to overcast with rain showers and thunder/lightning storms; high winds at times; 4th of July fireworks probably influenced this sample. Moderate organics; 8 midges ands 1 beetle; filtreed through 500 um mesh.,,,,
FMP,18070604,18070604-01,Yellow Bay Knob @ Flathead Lake BioStation,TMP03416,FMP08969,7/6/2018,,,Deposition-Dry,1130.2,Deposition,Total Phosphorus,TP,47.8,,47.8,,µg/L - P,"USGS 03-4174, EPA 365.2",1.5,,,Bucket in on 29VI18@1500. Sunny to overcast with rain showers and thunder/lightning storms; high winds at times; 4th of July fireworks probably influenced this sample. Moderate organics; 8 midges ands 1 beetle; filtreed through 500 um mesh.,,,,
FMP,18071302,18071302-01,Yellow Bay Knob @ Flathead Lake BioStation,TMP03416,FMP08970,7/13/2018,,,Deposition-Dry,1099,Deposition,Total Nitrogen,TN,115,,115,,µg/L - N,"USGS 03-4174, EPA 353.2",25,,,"Bucket in on 06VII18 at 1500hrs. Hot and dry, calm to high winds at times, somewhat hazy for from fires in other states. Low organics; 3 beetles in the sample; filtered through 500 um mesh.",,,,
FMP,18071302,18071302-01,Yellow Bay Knob @ Flathead Lake BioStation,TMP03416,FMP08970,7/13/2018,,,Deposition-Dry,1099,Deposition,Total Phosphorus,TP,13.4,,13.4,,µg/L - P,"USGS 03-4174, EPA 365.2",1.5,,,"Bucket in on 06VII18 at 1500hrs. Hot and dry, calm to high winds at times, somewhat hazy for from fires in other states. Low organics; 3 beetles in the sample; filtered through 500 um mesh.",,,,
FMP,18072005,18072005-01,Yellow Bay Knob @ Flathead Lake BioStation,TMP03416,FMP08975,7/20/2018,,,Deposition-Dry,725,Deposition,Total Nitrogen,TN,156,,156,,µg/L - N,"USGS 03-4174, EPA 353.2",25,,,Bucket in on 13VII18@1930hrs.Hot and dry. Moderate to calm winds; some haze in the sky from fires. Moderate organics and 1beetle in the sample; filtered through 500um mesh.,,,,
FMP,18072005,18072005-01,Yellow Bay Knob @ Flathead Lake BioStation,TMP03416,FMP08975,7/20/2018,,,Deposition-Dry,725,Deposition,Total Phosphorus,TP,24.3,,24.3,,µg/L - P,"USGS 03-4174, EPA 365.2",1.5,,,Bucket in on 13VII18@1930hrs.Hot and dry. Moderate to calm winds; some haze in the sky from fires. Moderate organics and 1beetle in the sample; filtered through 500um mesh.,,,,
FMP,18072701,18072701-01,Yellow Bay Knob @ Flathead Lake BioStation,TMP03416,FMP08987,7/27/2018,,,Deposition-Dry,1273.1,Deposition,Total Nitrogen,TN,788,,788,,µg/L - N,"USGS 03-4174, EPA 353.2",25,,,"Bucket in 20VII18 @ 1830 hours. Hot, dry, windy all week.  Just a touch of water left in bucket (~100ml), added ~1L of DI to bucket, mixed well for sample.  Moderate organics, few bugs and 1 bumble bee in sample, filterer through 500um mesh.",,,,
FMP,18072701,18072701-01,Yellow Bay Knob @ Flathead Lake BioStation,TMP03416,FMP08987,7/27/2018,,,Deposition-Dry,1273.1,Deposition,Total Phosphorus,TP,141,,141,,µg/L - P,"USGS 03-4174, EPA 365.2",1.5,,,"Bucket in 20VII18 @ 1830 hours. Hot, dry, windy all week.  Just a touch of water left in bucket (~100ml), added ~1L of DI to bucket, mixed well for sample.  Moderate organics, few bugs and 1 bumble bee in sample, filterer through 500um mesh.",,,,
FMP,18080202,18080202-01,Yellow Bay Knob @ Flathead Lake BioStation,TMP03416,FMP08988,8/2/2018,,,Deposition-Dry,535.5,Deposition,Total Nitrogen,TN,357,,357,,µg/L - N,"USGS 03-4174, EPA 353.2",25,,,Bucket in on 27VII18@0830hrs. Hot and dry all week; highs in the high 80's to low 90's (F); getting hazy from fires in the state and outside the state. Moderate organics; 1 bumnblebee; 2 Dipteran flies; filtered through 500 um mesh.,,,,
FMP,18080202,18080202-01,Yellow Bay Knob @ Flathead Lake BioStation,TMP03416,FMP08988,8/2/2018,,,Deposition-Dry,535.5,Deposition,Total Phosphorus,TP,80.5,,80.5,,µg/L - P,"USGS 03-4174, EPA 365.2",1.5,,,Bucket in on 27VII18@0830hrs. Hot and dry all week; highs in the high 80's to low 90's (F); getting hazy from fires in the state and outside the state. Moderate organics; 1 bumnblebee; 2 Dipteran flies; filtered through 500 um mesh.,,,,
FMP,18081001,18081001-01,Yellow Bay Knob @ Flathead Lake BioStation,TMP03416,FMP08991,8/10/2018,,,Deposition-Dry,1013.9,Deposition,Total Nitrogen,TN,178,,178,,µg/L - N,"USGS 03-4174, EPA 353.2",25,,,Bucket in on 02VIII18 @ 1115hrs. Hot and dry with highs in the high-80's to low-90's; haze has set in from the fires; some wind. Moderate organics; only ~100ml of water in the bucket; added 1L DI mixed and let stand; filt through 500 um mesh.,,,,
FMP,18081001,18081001-01,Yellow Bay Knob @ Flathead Lake BioStation,TMP03416,FMP08991,8/10/2018,,,Deposition-Dry,1013.9,Deposition,Total Phosphorus,TP,24.7,,24.7,,µg/L - P,"USGS 03-4174, EPA 365.2",1.5,,,Bucket in on 02VIII18 @ 1115hrs. Hot and dry with highs in the high-80's to low-90's; haze has set in from the fires; some wind. Moderate organics; only ~100ml of water in the bucket; added 1L DI mixed and let stand; filt through 500 um mesh.,,,,
FMP,18081602,18081602-01,Yellow Bay Knob @ Flathead Lake BioStation,TMP03416,FMP09903,8/16/2018,,,Deposition-Dry,1436.4,Deposition,Total Nitrogen,TN,89.2,,89.2,,µg/L - N,"USGS 03-4174, EPA 353.2",25,,,"Bucket in on 16VIII18@1250. Very, very smokey from fires; hot and dry; some wind from the north but lots of calm periods. Moderate organics; 1 beetle 6 small Dipteran flies; filtered through 500 um mesh.",,,,
FMP,18081602,18081602-01,Yellow Bay Knob @ Flathead Lake BioStation,TMP03416,FMP09903,8/16/2018,,,Deposition-Dry,1436.4,Deposition,Total Phosphorus,TP,9.2,,9.2,,µg/L - P,"USGS 03-4174, EPA 365.2",1.5,,,"Bucket in on 16VIII18@1250. Very, very smokey from fires; hot and dry; some wind from the north but lots of calm periods. Moderate organics; 1 beetle 6 small Dipteran flies; filtered through 500 um mesh.",,,,
FMP,18082101,18082101-01,Yellow Bay Knob @ Flathead Lake BioStation,TMP03416,FMP09004,8/21/2018,,,Deposition-Dry,1790.3,Deposition,Total Nitrogen,TN,196,,196,,µg/L - N,"USGS 03-4174, EPA 353.2",25,,,"Bucket in 16VIII18 @ 1250 hours. . Hot, dry for last week.  Rain and wind yesterday.  Few pine needles, 2 flies and light organics in sample.  Filtered through 500um mesh.",,,,
FMP,18082101,18082101-01,Yellow Bay Knob @ Flathead Lake BioStation,TMP03416,FMP09004,8/21/2018,,,Deposition-Dry,1790.3,Deposition,Total Phosphorus,TP,16.8,,16.8,,µg/L - P,"USGS 03-4174, EPA 365.2",1.5,,,"Bucket in 16VIII18 @ 1250 hours. . Hot, dry for last week.  Rain and wind yesterday.  Few pine needles, 2 flies and light organics in sample.  Filtered through 500um mesh.",,,,
FMP,18082701,18082701-01,Yellow Bay Knob @ Flathead Lake BioStation,TMP03416,FMP09006,8/28/2018,,,Deposition-Dry,1021.6,Deposition,Total Nitrogen,TN,279,,279,,µg/L - N,"USGS 03-4174, EPA 353.2",25,,,Smokey and cool last week.  Rain last two days. Moderate fine organics and 1 bumble bee in sample.  Filtered through 500um mesh.,,,,
FMP,18082701,18082701-01,Yellow Bay Knob @ Flathead Lake BioStation,TMP03416,FMP09006,8/28/2018,,,Deposition-Dry,1021.6,Deposition,Total Phosphorus,TP,11.7,,11.7,,µg/L - P,"USGS 03-4174, EPA 365.2",1.5,,,Smokey and cool last week.  Rain last two days. Moderate fine organics and 1 bumble bee in sample.  Filtered through 500um mesh.,,,,
FMP,18090502,18090502-01,Yellow Bay Knob @ Flathead Lake BioStation,TMP03416,FMP09012,9/5/2018,,,Deposition-Dry,669.3,Deposition,Total Nitrogen,TN,268,,268,,µg/L - N,"USGS 03-4174, EPA 353.2",25,,,Bucket in on 28VIII18@0730 hrs. Dry and Hot! Windy at times; Still smokey and hazy from the fires. Heavy organics; 1 hornet in the bucket; filtered through 500 um mesh.,,,,
FMP,18090502,18090502-01,Yellow Bay Knob @ Flathead Lake BioStation,TMP03416,FMP09012,9/5/2018,,,Deposition-Dry,669.3,Deposition,Total Phosphorus,TP,70.5,,70.5,,µg/L - P,"USGS 03-4174, EPA 365.2",1.5,,,Bucket in on 28VIII18@0730 hrs. Dry and Hot! Windy at times; Still smokey and hazy from the fires. Heavy organics; 1 hornet in the bucket; filtered through 500 um mesh.,,,,
FMP,18091401,18091401-01,Yellow Bay Knob @ Flathead Lake BioStation,TMP03416,FMP09034,9/14/2018,,,Deposition-Dry,1767.4,Deposition,Total Nitrogen,TN,138,,138,,µg/L - N,"USGS 03-4174, EPA 353.2",25,,,"Bucket in on 05IX18 at 1430hrs. Temperatures are starting to cool; evenings in the 40's with days in the 70's. High winds at times; some haze from fires. Moderate organics with 1 bee, 1 Chironomid adult and 2 Hymenoptera flies; filtered through 500um mesh",,,,
FMP,18091401,18091401-01,Yellow Bay Knob @ Flathead Lake BioStation,TMP03416,FMP09034,9/14/2018,,,Deposition-Dry,1767.4,Deposition,Total Phosphorus,TP,24.8,,24.8,,µg/L - P,"USGS 03-4174, EPA 365.2",1.5,,,"Bucket in on 05IX18 at 1430hrs. Temperatures are starting to cool; evenings in the 40's with days in the 70's. High winds at times; some haze from fires. Moderate organics with 1 bee, 1 Chironomid adult and 2 Hymenoptera flies; filtered through 500um mesh",,,,
FMP,18092101,18092101-01,Yellow Bay Knob @ Flathead Lake BioStation,TMP03416,FMP09036,9/21/2018,,,Deposition-Dry,1267.2,Deposition,Total Nitrogen,TN,157,,157,,µg/L - N,"USGS 03-4174, EPA 353.2",25,,,Bucket in on 14IX18@0930hrs. Dry and cooler days and nights; smokey at times; high winds at times. Moderate organics and 12 Hymenoptera flies; filtered through 500 um mesh.,,,,
FMP,18092101,18092101-01,Yellow Bay Knob @ Flathead Lake BioStation,TMP03416,FMP09036,9/21/2018,,,Deposition-Dry,1267.2,Deposition,Total Phosphorus,TP,36.9,,36.9,,µg/L - P,"USGS 03-4174, EPA 365.2",1.5,,,Bucket in on 14IX18@0930hrs. Dry and cooler days and nights; smokey at times; high winds at times. Moderate organics and 12 Hymenoptera flies; filtered through 500 um mesh.,,,,
FMP,18092801,18092801-01,Yellow Bay Knob @ Flathead Lake BioStation,TMP03416,FMP09052,9/28/2018,,,Deposition-Dry,1223.6,Deposition,Total Nitrogen,TN,209,,209,,µg/L - N,"USGS 03-4174, EPA 353.2",25,,,Bucket in on 21IX18 @ 0930hrs. Overcast to p.sunny; high winds at times; some rain showers; smoke/haze has pretty much cleared out. Heavy organics; 1 Anisoptera adult; 3 Chironomid adults; 2 Hymenoptera adults in the sample; filtered through 500 um mesh.,,,,
FMP,18092801,18092801-01,Yellow Bay Knob @ Flathead Lake BioStation,TMP03416,FMP09052,9/28/2018,,,Deposition-Dry,1223.6,Deposition,Total Phosphorus,TP,35.2,,35.2,,µg/L - P,"USGS 03-4174, EPA 365.2",1.5,,,Bucket in on 21IX18 @ 0930hrs. Overcast to p.sunny; high winds at times; some rain showers; smoke/haze has pretty much cleared out. Heavy organics; 1 Anisoptera adult; 3 Chironomid adults; 2 Hymenoptera adults in the sample; filtered through 500 um mesh.,,,,
FMP,18100501,18100501-01,Yellow Bay Knob @ Flathead Lake BioStation,TMP03416,FMP09053,10/5/2018,,,Deposition-Dry,1614.4,Deposition,Total Nitrogen,TN,390,,390,,µg/L - N,"USGS 03-4174, EPA 353.2",25,,,"Cool and rainy for last week.  Lots of pine needles, few gnats and moderate fine organics in sample.  Filtered through 500um mesh.",,,,
FMP,18100501,18100501-01,Yellow Bay Knob @ Flathead Lake BioStation,TMP03416,FMP09053,10/5/2018,,,Deposition-Dry,1614.4,Deposition,Total Phosphorus,TP,27.2,,27.2,,µg/L - P,"USGS 03-4174, EPA 365.2",1.5,,,"Cool and rainy for last week.  Lots of pine needles, few gnats and moderate fine organics in sample.  Filtered through 500um mesh.",,,,
FMP,18101201,18101201-01,Yellow Bay Knob @ Flathead Lake BioStation,TMP03416,FMP09055,10/12/2018,,,Deposition-Dry,1421.2,Deposition,Total Nitrogen,TN,94.2,,94.2,,µg/L - N,"USGS 03-4174, EPA 353.2",25,,,Bucket in on 05X18@10:30hrs. Overcast to P. Sunny; high winds for most of the week; highs in the 50's (F). Heavy organics; 2 Chironomid adults; filtered through 500 um mesh.,,,,
FMP,18101201,18101201-01,Yellow Bay Knob @ Flathead Lake BioStation,TMP03416,FMP09055,10/12/2018,,,Deposition-Dry,1421.2,Deposition,Total Phosphorus,TP,16.4,,16.4,,µg/L - P,"USGS 03-4174, EPA 365.2",1.5,,,Bucket in on 05X18@10:30hrs. Overcast to P. Sunny; high winds for most of the week; highs in the 50's (F). Heavy organics; 2 Chironomid adults; filtered through 500 um mesh.,,,,
FMP,18102202,18102202-01,Yellow Bay Knob @ Flathead Lake BioStation,TMP03416,FMP09071,10/22/2018,,,Deposition-Dry,1602.7,Deposition,Total Nitrogen,TN,186,,186,,µg/L - N,"USGS 03-4174, EPA 353.2",25,,,"Bucket in 12X18 @ 1030 hours. Warm, sunny, dry for last week.  1 wasp, 1 dragonflly, 3 flies, few pine needles and moderate fine organics in sample.  Filtered through 500um mesh.",,,,
FMP,18102202,18102202-01,Yellow Bay Knob @ Flathead Lake BioStation,TMP03416,FMP09071,10/22/2018,,,Deposition-Dry,1602.7,Deposition,Total Phosphorus,TP,35,,35,,µg/L - P,"USGS 03-4174, EPA 365.2",1.5,,,"Bucket in 12X18 @ 1030 hours. Warm, sunny, dry for last week.  1 wasp, 1 dragonflly, 3 flies, few pine needles and moderate fine organics in sample.  Filtered through 500um mesh.",,,,
FMP,18102901,18102901-01,Yellow Bay Knob @ Flathead Lake BioStation,TMP03416,FMP09072,10/29/2018,,,Deposition-Dry,1671.5,Deposition,Total Nitrogen,TN,133,,133,,µg/L - N,"USGS 03-4174, EPA 353.2",25,,,"Bucket in on 22X18 @ 1400hrs. Warm, sunny turning to rain later in the week. Moderate organics, 1 wasp, 1 Chironomid, filtered through 500 um mesh.",,,,
FMP,18102901,18102901-01,Yellow Bay Knob @ Flathead Lake BioStation,TMP03416,FMP09072,10/29/2018,,,Deposition-Dry,1671.5,Deposition,Total Phosphorus,TP,5.3,,5.3,,µg/L - P,"USGS 03-4174, EPA 365.2",1.5,,,"Bucket in on 22X18 @ 1400hrs. Warm, sunny turning to rain later in the week. Moderate organics, 1 wasp, 1 Chironomid, filtered through 500 um mesh.",,,,
FMP,18110501,18110501-01,Yellow Bay Knob @ Flathead Lake BioStation,TMP03416,FMP09074,11/5/2018,,,Deposition-Dry,2280,Deposition,Total Nitrogen,TN,81.7,,81.7,,µg/L - N,"USGS 03-4174, EPA 353.2",25,,,Bucket in on 29X18 @1100hrs. Lots of rain last week; high winds at times. Moderate organics in the sample; filtered through 500 um mesh.,,,,
FMP,18110501,18110501-01,Yellow Bay Knob @ Flathead Lake BioStation,TMP03416,FMP09074,11/5/2018,,,Deposition-Dry,2280,Deposition,Total Phosphorus,TP,3.8,,3.8,,µg/L - P,"USGS 03-4174, EPA 365.2",1.5,,,Bucket in on 29X18 @1100hrs. Lots of rain last week; high winds at times. Moderate organics in the sample; filtered through 500 um mesh.,,,,
FMP,18111401,18111401-01,Yellow Bay Knob @ Flathead Lake BioStation,TMP03416,FMP09087,11/14/2018,,,Deposition-Dry,1773.1,Deposition,Total Nitrogen,TN,93.2,,93.2,,µg/L - N,"USGS 03-4174, EPA 353.2",25,,,Bucket in on 05XI18 @ 0930hrs. Cold temperatures (mid-20's to mid-30's) last week; some rain and snow showers; High winds at times. Light organics in the sample with 3 flies; filtered through 500 um mesh.,,,,
FMP,18111401,18111401-01,Yellow Bay Knob @ Flathead Lake BioStation,TMP03416,FMP09087,11/14/2018,,,Deposition-Dry,1773.1,Deposition,Total Phosphorus,TP,2.4,,2.4,,µg/L - P,"USGS 03-4174, EPA 365.2",1.5,,,Bucket in on 05XI18 @ 0930hrs. Cold temperatures (mid-20's to mid-30's) last week; some rain and snow showers; High winds at times. Light organics in the sample with 3 flies; filtered through 500 um mesh.,,,,
FMP,18112102,18112102-01,Yellow Bay Knob @ Flathead Lake BioStation,TMP03416,FMP09093,11/21/2018,,,Deposition-Dry,1648.5,Deposition,Total Nitrogen,TN,57.4,,57.4,,µg/L - N,"USGS 03-4174, EPA 353.2",25,,,Bucket in on 05XI18 @ 0930hrs. Cold and sunny at times; moderate winds; freezing fog today. Light organics; filtered through 500 um mesh.,,,,
FMP,18112102,18112102-01,Yellow Bay Knob @ Flathead Lake BioStation,TMP03416,FMP09093,11/21/2018,,,Deposition-Dry,1648.5,Deposition,Total Phosphorus,TP,3.5,,3.5,,µg/L - P,"USGS 03-4174, EPA 365.2",1.5,,,Bucket in on 05XI18 @ 0930hrs. Cold and sunny at times; moderate winds; freezing fog today. Light organics; filtered through 500 um mesh.,,,,
FMP,18112701,18112701-01,Yellow Bay Knob @ Flathead Lake BioStation,TMP03416,FMP09094,11/27/2018,,,Deposition-Dry,1743,Deposition,Total Nitrogen,TN,26.4,,26.4,,µg/L - N,"USGS 03-4174, EPA 353.2",25,,,"Bucket in on 21XI18@1440 hrs. Temperatures above freezing during the day, during the later half of the week, with cold nights. But, mostly cold and dry this past week. Light organics in the sample; filtered through 500 um mesh.",,,,
FMP,18112701,18112701-01,Yellow Bay Knob @ Flathead Lake BioStation,TMP03416,FMP09094,11/27/2018,,,Deposition-Dry,1743,Deposition,Total Phosphorus,TP,2.8,,2.8,,µg/L - P,"USGS 03-4174, EPA 365.2",1.5,,,"Bucket in on 21XI18@1440 hrs. Temperatures above freezing during the day, during the later half of the week, with cold nights. But, mostly cold and dry this past week. Light organics in the sample; filtered through 500 um mesh.",,,,
FMP,18120401,18120401-01,Yellow Bay Knob @ Flathead Lake BioStation,TMP03416,FMP09094,12/4/2018,,,Deposition-Dry,1875.7,Deposition,Total Nitrogen,TN,45.4,,45.4,,µg/L - N,"USGS 03-4174, EPA 353.2",25,,,Bucket in on 27XI18 @ 0900hrs. Some rain and snow showers with warmer temperatures. Calm to moderate winds. Light organics in the sample; filtered through 500um mesh.,,,,
FMP,18120401,18120401-01,Yellow Bay Knob @ Flathead Lake BioStation,TMP03416,FMP09094,12/4/2018,,,Deposition-Dry,1875.7,Deposition,Total Phosphorus,TP,< 1.5,,1.5,<,µg/L - P,"USGS 03-4174, EPA 365.2",1.5,,,Bucket in on 27XI18 @ 0900hrs. Some rain and snow showers with warmer temperatures. Calm to moderate winds. Light organics in the sample; filtered through 500um mesh.,,,,
FMP,18121101,18121101-01,Yellow Bay Knob @ Flathead Lake BioStation,TMP03416,FMP09107,12/11/2018,,,Deposition-Dry,1809.9,Deposition,Total Nitrogen,TN,42.9,,42.9,,µg/L - N,"USGS 03-4174, EPA 353.2",25,,,"Bucket in on 04XII18@1515hrs. Overcast to P.sunny, Snow yesterday and more in the forecast; light to high winds; Temps. In the mid-20's to mid-30's (F). Light organics in the sample; filtered through 500um mesh.",,,,
FMP,18121101,18121101-01,Yellow Bay Knob @ Flathead Lake BioStation,TMP03416,FMP09107,12/11/2018,,,Deposition-Dry,1809.9,Deposition,Total Phosphorus,TP,< 1.5,,1.5,<,µg/L - P,"USGS 03-4174, EPA 365.2",1.5,,,"Bucket in on 04XII18@1515hrs. Overcast to P.sunny, Snow yesterday and more in the forecast; light to high winds; Temps. In the mid-20's to mid-30's (F). Light organics in the sample; filtered through 500um mesh.",,,,
FMP,18121902,18121902-01,Yellow Bay Knob @ Flathead Lake BioStation,TMP03416,FMP09114,12/19/2018,,,Deposition-Dry,1559.5,Deposition,Total Nitrogen,TN,64.4,,64.4,,µg/L - N,"USGS 03-4174, EPA 353.2",25,,,"**See notebooks for more notes on this sample,possible electical issues w/LODA. Bucket in on 11XII18@1040hrs. Heavy Rain yesterday and high winds. Warmer tempertures this week (mid-30's to 40 F). Heavy organics in the sample: filtered through 500 um mesh.",,,,
FMP,18121902,18121902-01,Yellow Bay Knob @ Flathead Lake BioStation,TMP03416,FMP09114,12/19/2018,,,Deposition-Dry,1559.5,Deposition,Total Phosphorus,TP,3.8,,3.8,,µg/L - P,"USGS 03-4174, EPA 365.2",1.5,,,"**See notebooks for more notes on this sample,possible electical issues w/LODA. Bucket in on 11XII18@1040hrs. Heavy Rain yesterday and high winds. Warmer tempertures this week (mid-30's to 40 F). Heavy organics in the sample: filtered through 500 um mesh.",,,,
FMP,18122701,18122701-01,Yellow Bay Knob @ Flathead Lake BioStation,TMP03416,FMP09115,12/27/2018,,,Deposition-Dry,1836.3,Deposition,Total Nitrogen,TN,57,,57,,µg/L - N,"USGS 03-4174, EPA 353.2",25,,,"slight snow at time of collection, forecasted to be trace amounts",,,,
FMP,18122701,18122701-01,Yellow Bay Knob @ Flathead Lake BioStation,TMP03416,FMP09115,12/27/2018,,,Deposition-Dry,1836.3,Deposition,Total Phosphorus,TP,< 1.5,,1.5,<,µg/L - P,"USGS 03-4174, EPA 365.2",1.5,,,"slight snow at time of collection, forecasted to be trace amounts",,,,
FMP,19010301,19010301-01,Yellow Bay Knob @ Flathead Lake BioStation,TMP03416,FMP09117,1/3/2019,,,Deposition-Dry,1676.1,Deposition,Total Nitrogen,TN,31.9,,31.9,,µg/L - N,"USGS 03-4174, EPA 353.2",25,,,Bucket in on 27XII18@1015hrs. Some rain and snowshowers; cold temperatures for most of the week(low-20's F); calm to moderate winds. Moderate organics in the sample; filtered through 500um mesh.,,,,
FMP,19010301,19010301-01,Yellow Bay Knob @ Flathead Lake BioStation,TMP03416,FMP09117,1/3/2019,,,Deposition-Dry,1676.1,Deposition,Total Phosphorus,TP,< 1.5,,1.5,<,µg/L - P,"USGS 03-4174, EPA 365.2",1.5,,,Bucket in on 27XII18@1015hrs. Some rain and snowshowers; cold temperatures for most of the week(low-20's F); calm to moderate winds. Moderate organics in the sample; filtered through 500um mesh.,,,,
FMP,19011002,19011002-01,Yellow Bay Knob @ Flathead Lake BioStation,TMP03416,FMP09129,1/10/2019,,,Deposition-Dry,464.7,Deposition,Total Nitrogen,TN,50.2,,50.2,,µg/L - N,"USGS 03-4174, EPA 353.2",25,,,Bucket in on 03I19@0900hrs. Rain and snow showers; high to moderate winds; cold temperatures earlier in the week then turning to warmer temperatures later in the week. Light organics in the sample; filtered through 500um mesh.,,,,
FMP,19011002,19011002-01,Yellow Bay Knob @ Flathead Lake BioStation,TMP03416,FMP09129,1/10/2019,,,Deposition-Dry,464.7,Deposition,Total Phosphorus,TP,< 1.5,,1.5,<,µg/L - P,"USGS 03-4174, EPA 365.2",1.5,,,Bucket in on 03I19@0900hrs. Rain and snow showers; high to moderate winds; cold temperatures earlier in the week then turning to warmer temperatures later in the week. Light organics in the sample; filtered through 500um mesh.,,,,
FMP,19011701,19011701-01,Yellow Bay Knob @ Flathead Lake BioStation,TMP03416,FMP09131,1/17/2019,,,Deposition-Dry,1700,Deposition,Total Nitrogen,TN,< 25.0,,25,<,µg/L - N,"USGS 03-4174, EPA 353.2",25,,,Bucket in on 10I19@1300hrs. Trace snow at times; mostly dry and cold; temperature in the high 10's to low 20's (F); light to moderate winds. Inversion in the valley during this collection period. Light organics in the sampled; ice on top; Filt.500um mesh.,,,,
FMP,19011701,19011701-01,Yellow Bay Knob @ Flathead Lake BioStation,TMP03416,FMP09131,1/17/2019,,,Deposition-Dry,1700,Deposition,Total Phosphorus,TP,< 1.5,,1.5,<,µg/L - P,"USGS 03-4174, EPA 365.2",1.5,,,Bucket in on 10I19@1300hrs. Trace snow at times; mostly dry and cold; temperature in the high 10's to low 20's (F); light to moderate winds. Inversion in the valley during this collection period. Light organics in the sampled; ice on top; Filt.500um mesh.,,,,
FMP,19012404,19012404-01,Yellow Bay Knob @ Flathead Lake BioStation,TMP03416,FMP09136,1/24/2019,,,Deposition-Dry,2060.8,Deposition,Total Nitrogen,TN,67.1,,67.1,,µg/L - N,"USGS 03-4174, EPA 353.2",25,,,"Bucket in on 17I19 @ 0845 hrs. Temperatures in the high 20's to low 30's (F); Moderate to high winds; snow showers with big snow storm yesterday (~12""); inversion during the collection period. Light organics; filtered through 500 um.",,,,
FMP,19012404,19012404-01,Yellow Bay Knob @ Flathead Lake BioStation,TMP03416,FMP09136,1/24/2019,,,Deposition-Dry,2060.8,Deposition,Total Phosphorus,TP,1.6,,1.6,,µg/L - P,"USGS 03-4174, EPA 365.2",1.5,,,"Bucket in on 17I19 @ 0845 hrs. Temperatures in the high 20's to low 30's (F); Moderate to high winds; snow showers with big snow storm yesterday (~12""); inversion during the collection period. Light organics; filtered through 500 um.",,,,
FMP,19013101,19013101-01,Yellow Bay Knob @ Flathead Lake BioStation,TMP03416,FMP09138,1/31/2019,,,Deposition-Dry,1674.4,Deposition,Total Nitrogen,TN,41,,41,,µg/L - N,"USGS 03-4174, EPA 353.2",25,,,"Bucket in on 24I19 @ 1500hrs. Very cold this week, in the single digits to high 10's (F). Dry and overcast to partially sunny. Low to moderate winds. Moderte organics in the sample; filtered through 500 um mesh. Partially frozen.",,,,
FMP,19013101,19013101-01,Yellow Bay Knob @ Flathead Lake BioStation,TMP03416,FMP09138,1/31/2019,,,Deposition-Dry,1674.4,Deposition,Total Phosphorus,TP,2.2,,2.2,,µg/L - P,"USGS 03-4174, EPA 365.2",1.5,,,"Bucket in on 24I19 @ 1500hrs. Very cold this week, in the single digits to high 10's (F). Dry and overcast to partially sunny. Low to moderate winds. Moderte organics in the sample; filtered through 500 um mesh. Partially frozen.",,,,
FMP,19020801,19020801-01,Yellow Bay Knob @ Flathead Lake BioStation,TMP03416,FMP09139,2/7/2019,,,Deposition-Dry,2209.7,Deposition,Total Nitrogen,TN,119,,119,,µg/L - N,"USGS 03-4174, EPA 353.2",25,,,Bucket in on 31I19 @ 0830hrs. Very cold temperatures (mid-20s to single digits (F)). High winds. Light to heavy snow showers. Moderate organics in the sample. Filtered through 500 um mesh. Sample frozen and allowed to thaw in fridge overnight.,,,,
FMP,19020801,19020801-01,Yellow Bay Knob @ Flathead Lake BioStation,TMP03416,FMP09139,2/7/2019,,,Deposition-Dry,2209.7,Deposition,Total Phosphorus,TP,4.3,,4.3,,µg/L - P,"USGS 03-4174, EPA 365.2",1.5,,,Bucket in on 31I19 @ 0830hrs. Very cold temperatures (mid-20s to single digits (F)). High winds. Light to heavy snow showers. Moderate organics in the sample. Filtered through 500 um mesh. Sample frozen and allowed to thaw in fridge overnight.,,,,
FMP,19021501,19021501-01,Yellow Bay Knob @ Flathead Lake BioStation,TMP03416,FMP09141,2/14/2019,,,Deposition-Dry,2069.1,Deposition,Total Nitrogen,TN,85.1,,85.1,,µg/L - N,"USGS 03-4174, EPA 353.2",25,,,Bucket in on 7II19@1600hrs. High winds and bitter cold temperatures with snow showers nearly everyday this past week. Moderate organics in the sample; filtered through 500um mesh; partially frozen; allowed to thaw in fridge overnight.,,,,
FMP,19021501,19021501-01,Yellow Bay Knob @ Flathead Lake BioStation,TMP03416,FMP09141,2/14/2019,,,Deposition-Dry,2069.1,Deposition,Total Phosphorus,TP,3.4,,3.4,,µg/L - P,"USGS 03-4174, EPA 365.2",1.5,,,Bucket in on 7II19@1600hrs. High winds and bitter cold temperatures with snow showers nearly everyday this past week. Moderate organics in the sample; filtered through 500um mesh; partially frozen; allowed to thaw in fridge overnight.,,,,
FMP,19022102,19022102-01,Yellow Bay Knob @ Flathead Lake BioStation,TMP03416,FMP09143,2/21/2019,,,Deposition-Dry,1827.1,Deposition,Total Nitrogen,TN,58.8,,58.8,,µg/L - N,"USGS 03-4174, EPA 353.2",25,,,Bucket in on 14II19@1700hrs. Cold temperatures (lows in the single digits) and heavy snow 6 days ago. Calm to moderate winds. Light organics in the sample; filtered through 500 um mesh; frozen and allowed to thaw in fridge overnight.,,,,
FMP,19022102,19022102-01,Yellow Bay Knob @ Flathead Lake BioStation,TMP03416,FMP09143,2/21/2019,,,Deposition-Dry,1827.1,Deposition,Total Phosphorus,TP,< 1.5,,1.5,<,µg/L - P,"USGS 03-4174, EPA 365.2",1.5,,,Bucket in on 14II19@1700hrs. Cold temperatures (lows in the single digits) and heavy snow 6 days ago. Calm to moderate winds. Light organics in the sample; filtered through 500 um mesh; frozen and allowed to thaw in fridge overnight.,,,,
FMP,19022801,19022801-01,Yellow Bay Knob @ Flathead Lake BioStation,TMP03416,FMP09145,2/28/2019,,,Deposition-Dry,1536,Deposition,Total Nitrogen,TN,64.1,,64.1,,µg/L - N,"USGS 03-4174, EPA 353.2",25,,,Bucket in on 21II19@1000hrs. Bitter cold; some snow showers; calm to moderate winds. Light organics; filtered through 500 um mesh; frozen thawed on the counter.,,,,
FMP,19022801,19022801-01,Yellow Bay Knob @ Flathead Lake BioStation,TMP03416,FMP09145,2/28/2019,,,Deposition-Dry,1536,Deposition,Total Phosphorus,TP,2.1,,2.1,,µg/L - P,"USGS 03-4174, EPA 365.2",1.5,,,Bucket in on 21II19@1000hrs. Bitter cold; some snow showers; calm to moderate winds. Light organics; filtered through 500 um mesh; frozen thawed on the counter.,,,,
FMP,19030801,19030801-01,Yellow Bay Knob @ Flathead Lake BioStation,TMP03416,FMP09150,3/8/2019,,,Deposition-Dry,1945.8,Deposition,Total Nitrogen,TN,87.3,,87.3,,µg/L - N,"USGS 03-4174, EPA 353.2",25,,,Bucket in on 28II19@0730hrs. Bittercold (lowest was -19F); light to calm wind; snow showers. Lake 95% frozen over! Moderate organics; filtered through 500um mesh; frozen allowed to thaw in fridge overnight.,,,,
FMP,19030801,19030801-01,Yellow Bay Knob @ Flathead Lake BioStation,TMP03416,FMP09150,3/8/2019,,,Deposition-Dry,1945.8,Deposition,Total Phosphorus,TP,3.2,,3.2,,µg/L - P,"USGS 03-4174, EPA 365.2",1.5,,,Bucket in on 28II19@0730hrs. Bittercold (lowest was -19F); light to calm wind; snow showers. Lake 95% frozen over! Moderate organics; filtered through 500um mesh; frozen allowed to thaw in fridge overnight.,,,,
FMP,19031402,19031402-01,Yellow Bay Knob @ Flathead Lake BioStation,TMP03416,FMP09152,3/14/2019,,,Deposition-Dry,1723.1,Deposition,Total Nitrogen,TN,83.6,R,83.6,,µg/L - N,"USGS 03-4174, EPA 353.2",25,,,"Warming, 20's at night to mid 30's day.  Very light wind. Only 1 small seed in sample, very clean. Filtered through 500um mesh.",,,,
FMP,19031402,19031402-01,Yellow Bay Knob @ Flathead Lake BioStation,TMP03416,FMP09152,3/14/2019,,,Deposition-Dry,1723.1,Deposition,Total Phosphorus,TP,< 1.5,,1.5,<,µg/L - P,"USGS 03-4174, EPA 365.2",1.5,,,"Warming, 20's at night to mid 30's day.  Very light wind. Only 1 small seed in sample, very clean. Filtered through 500um mesh.",,,,
FMP,19032202,19032202-01,Yellow Bay Knob @ Flathead Lake BioStation,TMP03416,FMP09153,3/22/2019,,,Deposition-Dry,958.5,Deposition,Total Nitrogen,TN,62.3,,62.3,,µg/L - N,"USGS 03-4174, EPA 353.2",25,,,Bucket in on 14II19@0900hrs. Calm to light wind; temperatures still below freezing at night but as high as 50F during the day. Some haze in the air from open burning. Light organics in the sample; filtered through 500um mesh.,,,,
FMP,19032202,19032202-01,Yellow Bay Knob @ Flathead Lake BioStation,TMP03416,FMP09153,3/22/2019,,,Deposition-Dry,958.5,Deposition,Total Phosphorus,TP,2,,2,,µg/L - P,"USGS 03-4174, EPA 365.2",1.5,,,Bucket in on 14II19@0900hrs. Calm to light wind; temperatures still below freezing at night but as high as 50F during the day. Some haze in the air from open burning. Light organics in the sample; filtered through 500um mesh.,,,,
FMP,19032802,19032802-01,Yellow Bay Knob @ Flathead Lake BioStation,TMP03416,FMP09169,3/28/2019,,,Deposition-Dry,1675.5,Deposition,Total Nitrogen,TN,93.6,,93.6,,µg/L - N,"USGS 03-4174, EPA 353.2",25,,,Bucket in on 22III19@1400hrs. Mostly dry this past week and sunny. Some open burning. Calm winds. Moderate organics; filtered through 500 um mesh.,,,,
FMP,19032802,19032802-01,Yellow Bay Knob @ Flathead Lake BioStation,TMP03416,FMP09169,3/28/2019,,,Deposition-Dry,1675.5,Deposition,Total Phosphorus,TP,2.7,,2.7,,µg/L - P,"USGS 03-4174, EPA 365.2",1.5,,,Bucket in on 22III19@1400hrs. Mostly dry this past week and sunny. Some open burning. Calm winds. Moderate organics; filtered through 500 um mesh.,,,,
FMP,19040402,19040402-01,Yellow Bay Knob @ Flathead Lake BioStation,TMP03416,FMP09170,4/4/2019,,,Deposition-Dry,1613.9,Deposition,Total Nitrogen,TN,54.4,,54.4,,µg/L - N,"USGS 03-4174, EPA 353.2",25,,,Bucket in on 28III19 @ 1500hrs. Few rain showers but mostly dry. Nights still at or just above freezing. Calm to moderate winds. Some burning in the valley. Light organics in the sample; Filtered through 500 um mesh.,,,,
FMP,19040402,19040402-01,Yellow Bay Knob @ Flathead Lake BioStation,TMP03416,FMP09170,4/4/2019,,,Deposition-Dry,1613.9,Deposition,Total Phosphorus,TP,< 1.5,,1.5,<,µg/L - P,"USGS 03-4174, EPA 365.2",1.5,,,Bucket in on 28III19 @ 1500hrs. Few rain showers but mostly dry. Nights still at or just above freezing. Calm to moderate winds. Some burning in the valley. Light organics in the sample; Filtered through 500 um mesh.,,,,
FMP,19041103,19041103-01,Yellow Bay Knob @ Flathead Lake BioStation,TMP03416,FMP09172,4/11/2019,,,Deposition-Dry,1963.4,Deposition,Total Nitrogen,TN,90.6,,90.6,,µg/L - N,"USGS 03-4174, EPA 353.2",25,,,Bucket in 04IV19@0900hrs. Heavy rainstorms this past week; some wind; Some open burning in the valley; Still cold nights. Heavy organics in the sample; filtered through 500um mesh.,,,,
FMP,19041103,19041103-01,Yellow Bay Knob @ Flathead Lake BioStation,TMP03416,FMP09172,4/11/2019,,,Deposition-Dry,1963.4,Deposition,Total Phosphorus,TP,2,,2,,µg/L - P,"USGS 03-4174, EPA 365.2",1.5,,,Bucket in 04IV19@0900hrs. Heavy rainstorms this past week; some wind; Some open burning in the valley; Still cold nights. Heavy organics in the sample; filtered through 500um mesh.,,,,
FMP,19041902,19041902-01,Yellow Bay Knob @ Flathead Lake BioStation,TMP03416,FMP09194,4/19/2019,,,Deposition-Dry,1836.5,Deposition,Total Nitrogen,TN,147,,147,,µg/L - N,"USGS 03-4174, EPA 353.2",25,,,Bucket in on 11IV19 @ 1600hrs. Light showers at times; mostly overcast to p. sunny; calm to moderate winds; some burning in the valley. Heavy organics in the sample; filtered through 500 um mesh.,,,,
FMP,19041902,19041902-01,Yellow Bay Knob @ Flathead Lake BioStation,TMP03416,FMP09194,4/19/2019,,,Deposition-Dry,1836.5,Deposition,Total Phosphorus,TP,4.8,,4.8,,µg/L - P,"USGS 03-4174, EPA 365.2",1.5,,,Bucket in on 11IV19 @ 1600hrs. Light showers at times; mostly overcast to p. sunny; calm to moderate winds; some burning in the valley. Heavy organics in the sample; filtered through 500 um mesh.,,,,
FMP,19042401,19042401-01,Yellow Bay Knob @ Flathead Lake BioStation,TMP03416,FMP09195,4/24/2019,,,Deposition-Dry,1365.1,Deposition,Total Nitrogen,TN,185,,185,,µg/L - N,"USGS 03-4174, EPA 353.2",25,,,Bucket in on 19IV19 @ 1545hrs. Moderate to high winds; rain showers at times; open burning in the valley. Moderate organics and 3 midges and 1 Dipteran fly; filtered through 500 um mesh.,,,,
FMP,19042401,19042401-01,Yellow Bay Knob @ Flathead Lake BioStation,TMP03416,FMP09195,4/24/2019,,,Deposition-Dry,1365.1,Deposition,Total Phosphorus,TP,10.2,,10.2,,µg/L - P,"USGS 03-4174, EPA 365.2",1.5,,,Bucket in on 19IV19 @ 1545hrs. Moderate to high winds; rain showers at times; open burning in the valley. Moderate organics and 3 midges and 1 Dipteran fly; filtered through 500 um mesh.,,,,
FMP,19050301,19050301-01,Yellow Bay Knob @ Flathead Lake BioStation,TMP03416,FMP09197,5/3/2019,,,Deposition-Dry,1290.7,Deposition,Total Nitrogen,TN,386,,386,,µg/L - N,"USGS 03-4174, EPA 353.2",25,,,Bucket in on 24IV19@1300hrs. Moderate to hihg winds. Open burning in the valley; some rain and a snow shower. Heavy organics; 4 Bees; 5 Dipteran flies; 1 midge in the sample; filtered through 500 um mesh.,,,,
FMP,19050301,19050301-01,Yellow Bay Knob @ Flathead Lake BioStation,TMP03416,FMP09197,5/3/2019,,,Deposition-Dry,1290.7,Deposition,Total Phosphorus,TP,44.5,,44.5,,µg/L - P,"USGS 03-4174, EPA 365.2",1.5,,,Bucket in on 24IV19@1300hrs. Moderate to hihg winds. Open burning in the valley; some rain and a snow shower. Heavy organics; 4 Bees; 5 Dipteran flies; 1 midge in the sample; filtered through 500 um mesh.,,,,
FMP,19051002,19051002-01,Yellow Bay Knob @ Flathead Lake BioStation,TMP03416,FMP09214,5/10/2019,,,Deposition-Dry,1046.7,Deposition,Total Nitrogen,TN,419,,419,,µg/L - N,"USGS 03-4174, EPA 353.2",25,,,"Warming up, 60-70 degF last week.  Trace precip 4-5 days ago, not enough for sample.  ~20 midges and 2 small bumble bees in sample.  Filtered through 500um mesh.",,,,
FMP,19051002,19051002-01,Yellow Bay Knob @ Flathead Lake BioStation,TMP03416,FMP09214,5/10/2019,,,Deposition-Dry,1046.7,Deposition,Total Phosphorus,TP,55.9,,55.9,,µg/L - P,"USGS 03-4174, EPA 365.2",1.5,,,"Warming up, 60-70 degF last week.  Trace precip 4-5 days ago, not enough for sample.  ~20 midges and 2 small bumble bees in sample.  Filtered through 500um mesh.",,,,
FMP,19051702,19051702-01,Yellow Bay Knob @ Flathead Lake BioStation,TMP03416,FMP09220,5/17/2019,,,Deposition-Dry,892.1,Deposition,Total Nitrogen,TN,718,,718,,µg/L - N,"USGS 03-4174, EPA 353.2",25,,,Bucket in on 10V19 @ 1400hrs. Mostly dry with temps. In the high 60's to low 70's; high winds at times. Heavy organics in the sample with 2 beetles and 3 dipteran flies; filtered through 500 um mesh.,,,,
FMP,19051702,19051702-01,Yellow Bay Knob @ Flathead Lake BioStation,TMP03416,FMP09220,5/17/2019,,,Deposition-Dry,892.1,Deposition,Total Phosphorus,TP,80.1,,80.1,,µg/L - P,"USGS 03-4174, EPA 365.2",1.5,,,Bucket in on 10V19 @ 1400hrs. Mostly dry with temps. In the high 60's to low 70's; high winds at times. Heavy organics in the sample with 2 beetles and 3 dipteran flies; filtered through 500 um mesh.,,,,
FMP,19052401,19052401-01,Yellow Bay Knob @ Flathead Lake BioStation,TMP03416,FMP09234,5/24/2019,,,Deposition-Dry,1068.9,Deposition,Total Nitrogen,TN,260,,260,,µg/L - N,"USGS 03-4174, EPA 353.2",25,,,"Windy with very light rain last week (no precip in wet bucket).  1 honey bee and moderate organics in sample, filtered through 500um mesh.",,,,
FMP,19052401,19052401-01,Yellow Bay Knob @ Flathead Lake BioStation,TMP03416,FMP09234,5/24/2019,,,Deposition-Dry,1068.9,Deposition,Total Phosphorus,TP,18.1,,18.1,,µg/L - P,"USGS 03-4174, EPA 365.2",1.5,,,"Windy with very light rain last week (no precip in wet bucket).  1 honey bee and moderate organics in sample, filtered through 500um mesh.",,,,
FMP,19052801,19052801-01,Yellow Bay Knob @ Flathead Lake BioStation,TMP03416,FMP09235,5/28/2019,,,Deposition-Dry,1497.3,Deposition,Total Nitrogen,TN,123,,123,,µg/L - N,"USGS 03-4174, EPA 353.2",25,,,"Mild weather last week, light rain 2 days ago (`50ml of precip in wet bucket, not enough to sample). Light organics, no bugs in sample, filtered through 500um mesh.",,,,
FMP,19052801,19052801-01,Yellow Bay Knob @ Flathead Lake BioStation,TMP03416,FMP09235,5/28/2019,,,Deposition-Dry,1497.3,Deposition,Total Phosphorus,TP,4.6,,4.6,,µg/L - P,"USGS 03-4174, EPA 365.2",1.5,,,"Mild weather last week, light rain 2 days ago (`50ml of precip in wet bucket, not enough to sample). Light organics, no bugs in sample, filtered through 500um mesh.",,,,
FMP,19060401,19060401-01,Yellow Bay Knob @ Flathead Lake BioStation,TMP03416,FMP09239,6/4/2019,,,Deposition-Dry,696.6,Deposition,Total Nitrogen,TN,1250,,1250,,µg/L - N,"USGS 03-4174, EPA 353.2",25,,,"Smoke from fires in Alberta, pollen, hot and sunny all week.  Few bugs, 1 bee, moderate organics, pollen in sample. Filtered through 500um mesh.  ADDED TOC.",,,,
FMP,19060401,19060401-01,Yellow Bay Knob @ Flathead Lake BioStation,TMP03416,FMP09239,6/4/2019,,,Deposition-Dry,696.6,Deposition,Total Phosphorus,TP,272,,272,,µg/L - P,"USGS 03-4174, EPA 365.2",1.5,,,"Smoke from fires in Alberta, pollen, hot and sunny all week.  Few bugs, 1 bee, moderate organics, pollen in sample. Filtered through 500um mesh.  ADDED TOC.",,,,
FMP,19061202,19061202-01,Yellow Bay Knob @ Flathead Lake BioStation,TMP03416,FMP09255,6/12/2019,,,Deposition-Dry,714.2,Deposition,Total Nitrogen,TN,526,,526,,µg/L - N,"USGS 03-4174, EPA 353.2",25,,,"Bucket in on 04VI19@0830hrs. Hot and dry with temps in the mid-70's most of the time. Heavy rainstorms 5 days ago. Calm to moderate winds. Lots of pollen; heavy organics, 1 beetle; filtered through 500 um mesh.",,,,
FMP,19061202,19061202-01,Yellow Bay Knob @ Flathead Lake BioStation,TMP03416,FMP09255,6/12/2019,,,Deposition-Dry,714.2,Deposition,Total Phosphorus,TP,68.1,,68.1,,µg/L - P,"USGS 03-4174, EPA 365.2",1.5,,,"Bucket in on 04VI19@0830hrs. Hot and dry with temps in the mid-70's most of the time. Heavy rainstorms 5 days ago. Calm to moderate winds. Lots of pollen; heavy organics, 1 beetle; filtered through 500 um mesh.",,,,
FMP,19062001,19062001-01,Yellow Bay Knob @ Flathead Lake BioStation,TMP03416,FMP09265,6/20/2019,,,Deposition-Dry,692.6,Deposition,Total Nitrogen,TN,793,,793,,µg/L - N,"USGS 03-4174, EPA 353.2",25,,,"Bucket in on 12VI19 @ 1645hrs. Mostly dry and hot; some small rain storms; high winds. Heavy organics, filtered through 500 um mesh. Pollen in the sample.",,,,
FMP,19062001,19062001-01,Yellow Bay Knob @ Flathead Lake BioStation,TMP03416,FMP09265,6/20/2019,,,Deposition-Dry,692.6,Deposition,Total Phosphorus,TP,132,,132,,µg/L - P,"USGS 03-4174, EPA 365.2",1.5,,,"Bucket in on 12VI19 @ 1645hrs. Mostly dry and hot; some small rain storms; high winds. Heavy organics, filtered through 500 um mesh. Pollen in the sample.",,,,
FMP,19062601,19062601-01,Yellow Bay Knob @ Flathead Lake BioStation,TMP03416,FMP09266,6/26/2019,,,Deposition-Dry,1679,Deposition,Total Nitrogen,TN,259,,259,,µg/L - N,"USGS 03-4174, EPA 353.2",25,,,Bucket in on 20VI19 @ 08:20hrs. Rain last week on and off; mostly warm and dry; high winds at times. Moderate organics; 3 midges; 1 fly; filtered through 500 um mesh.,,,,
FMP,19062601,19062601-01,Yellow Bay Knob @ Flathead Lake BioStation,TMP03416,FMP09266,6/26/2019,,,Deposition-Dry,1679,Deposition,Total Phosphorus,TP,30.4,,30.4,,µg/L - P,"USGS 03-4174, EPA 365.2",1.5,,,Bucket in on 20VI19 @ 08:20hrs. Rain last week on and off; mostly warm and dry; high winds at times. Moderate organics; 3 midges; 1 fly; filtered through 500 um mesh.,,,,
FMP,19070302,19070302-01,Yellow Bay Knob @ Flathead Lake BioStation,TMP03416,FMP09283,7/3/2019,,,Deposition-Dry,869.9,Deposition,Total Nitrogen,TN,471,,471,,µg/L - N,"USGS 03-4174, EPA 353.2",25,,,Bucket in on 26VI19@1130hrs. Mostly dry with high winds at times; rain/thunderstorms yesterday. Highs close to 80F. Moderate organics in the sample; 1 fly; filtered through 500 um mesh. Pollen.,,,,
FMP,19070302,19070302-01,Yellow Bay Knob @ Flathead Lake BioStation,TMP03416,FMP09283,7/3/2019,,,Deposition-Dry,869.9,Deposition,Total Phosphorus,TP,139,,139,,µg/L - P,"USGS 03-4174, EPA 365.2",1.5,,,Bucket in on 26VI19@1130hrs. Mostly dry with high winds at times; rain/thunderstorms yesterday. Highs close to 80F. Moderate organics in the sample; 1 fly; filtered through 500 um mesh. Pollen.,,,,
FMP,19071106,19071106-01,Yellow Bay Knob @ Flathead Lake BioStation,TMP03416,FMP09289,7/11/2019,,,Deposition-Dry,831.7,Deposition,Total Nitrogen,TN,450,,450,,µg/L - N,"USGS 03-4174, EPA 353.2",25,,,Mostly dry with some rain/thunderstorms at times; highs in the low 80's F. Heavy organics in the sample; filtered through 500um mesh.,,,,
FMP,19071106,19071106-01,Yellow Bay Knob @ Flathead Lake BioStation,TMP03416,FMP09289,7/11/2019,,,Deposition-Dry,831.7,Deposition,Total Phosphorus,TP,34.3,,34.3,,µg/L - P,"USGS 03-4174, EPA 365.2",1.5,,,Mostly dry with some rain/thunderstorms at times; highs in the low 80's F. Heavy organics in the sample; filtered through 500um mesh.,,,,
FMP,19071802,19071802-01,Yellow Bay Knob @ Flathead Lake BioStation,TMP03416,FMP09290,7/18/2019,,,Deposition-Dry,980.2,Deposition,Total Nitrogen,TN,838,,838,,µg/L - N,"USGS 03-4174, EPA 353.2",25,,,"Bucket in 11VII19 @ 1700. Thunder/rainstorms on and off; Mostly dry; highs in the low 80's. Heavy organics; 1 bee, 3 flies in the sample; Filtered through 500 um mesh.",,,,
FMP,19071802,19071802-01,Yellow Bay Knob @ Flathead Lake BioStation,TMP03416,FMP09290,7/18/2019,,,Deposition-Dry,980.2,Deposition,Total Phosphorus,TP,123,,123,,µg/L - P,"USGS 03-4174, EPA 365.2",1.5,,,"Bucket in 11VII19 @ 1700. Thunder/rainstorms on and off; Mostly dry; highs in the low 80's. Heavy organics; 1 bee, 3 flies in the sample; Filtered through 500 um mesh.",,,,
FMP,19072601,19072601-01,Yellow Bay Knob @ Flathead Lake BioStation,TMP03416,FMP09307,7/26/2019,,,Deposition-Dry,795.9,Deposition,Total Nitrogen,TN,378,,378,,µg/L - N,"USGS 03-4174, EPA 353.2",25,,,"Bucket in on 18VII19 @ 1000hrs. Hot and Dry; few light rainshowers; calm to high winds; hazy from fires. Heavy organics; 1 bee, 3 flies; filtered through 500 um mesh.",,,,
FMP,19072601,19072601-01,Yellow Bay Knob @ Flathead Lake BioStation,TMP03416,FMP09307,7/26/2019,,,Deposition-Dry,795.9,Deposition,Total Phosphorus,TP,79.9,,79.9,,µg/L - P,"USGS 03-4174, EPA 365.2",1.5,,,"Bucket in on 18VII19 @ 1000hrs. Hot and Dry; few light rainshowers; calm to high winds; hazy from fires. Heavy organics; 1 bee, 3 flies; filtered through 500 um mesh.",,,,
FMP,19080202,19080202-01,Yellow Bay Knob @ Flathead Lake BioStation,TMP03416,FMP09310,8/2/2019,,,Deposition-Dry,719.9,Deposition,Total Nitrogen,TN,210,,210,,µg/L - N,"USGS 03-4174, EPA 353.2",25,,,"Bucket in on 26VII19 @ 0930hrs. Dry and hot; some high wind but mostly calm; some haze from fires. Light organics; 1 Bee, 1fly in the sample; filtered through 500 um mesh.",,,,
FMP,19080202,19080202-01,Yellow Bay Knob @ Flathead Lake BioStation,TMP03416,FMP09310,8/2/2019,,,Deposition-Dry,719.9,Deposition,Total Phosphorus,TP,48.7,,48.7,,µg/L - P,"USGS 03-4174, EPA 365.2",1.5,,,"Bucket in on 26VII19 @ 0930hrs. Dry and hot; some high wind but mostly calm; some haze from fires. Light organics; 1 Bee, 1fly in the sample; filtered through 500 um mesh.",,,,
FMP,19080803,19080803-01,Yellow Bay Knob @ Flathead Lake BioStation,TMP03416,FMP09315,8/8/2019,,,Deposition-Dry,2038.7,Deposition,Total Nitrogen,TN,141,,141,,µg/L - N,"USGS 03-4174, EPA 353.2",25,,,"Bucket in on 02VIII19@1100hrs. Dry and hot; highs at or above 90 F; Calm to light winds; hazy from fires. Light organics; I Bee, 2 Beetles; and 3 Flies in the sample; Filtered through 500 um mesh.",,,,
FMP,19080803,19080803-01,Yellow Bay Knob @ Flathead Lake BioStation,TMP03416,FMP09315,8/8/2019,,,Deposition-Dry,2038.7,Deposition,Total Phosphorus,TP,10.9,,10.9,,µg/L - P,"USGS 03-4174, EPA 365.2",1.5,,,"Bucket in on 02VIII19@1100hrs. Dry and hot; highs at or above 90 F; Calm to light winds; hazy from fires. Light organics; I Bee, 2 Beetles; and 3 Flies in the sample; Filtered through 500 um mesh.",,,,
FMP,19081602,19081602-01,Yellow Bay Knob @ Flathead Lake BioStation,TMP03416,FMP09331,8/16/2019,,,Deposition-Dry,1975.7,Deposition,Total Nitrogen,TN,220,,220,,µg/L - N,"USGS 03-4174, EPA 353.2",25,,,"Bucket in on 08VIII19 @ 1340hrs. Hot and dry for the most part; heavy rain and windstorm 6 days ago. Some haze from fires. Heavy organics, filtered through 500 um mesh.",,,,
FMP,19081602,19081602-01,Yellow Bay Knob @ Flathead Lake BioStation,TMP03416,FMP09331,8/16/2019,,,Deposition-Dry,1975.7,Deposition,Total Phosphorus,TP,7.6,,7.6,,µg/L - P,"USGS 03-4174, EPA 365.2",1.5,,,"Bucket in on 08VIII19 @ 1340hrs. Hot and dry for the most part; heavy rain and windstorm 6 days ago. Some haze from fires. Heavy organics, filtered through 500 um mesh.",,,,
FMP,19082604,19082604-01,Yellow Bay Knob @ Flathead Lake BioStation,TMP03416,FMP09333,8/23/2019,,,Deposition-Dry,900.8,Deposition,Total Nitrogen,TN,310,,310,,µg/L - N,"USGS 03-4174, EPA 353.2",25,,,Bucket in on 16VIII19 @ 13:45 hrs.  Mostly hot and dry with a few days above 90F.  Calm to light winds.  Some haze from fires.  Light organics.  1 bee and 1 beetle in the sample filtered through 500um mesh.,,,,
FMP,19082604,19082604-01,Yellow Bay Knob @ Flathead Lake BioStation,TMP03416,FMP09333,8/23/2019,,,Deposition-Dry,900.8,Deposition,Total Phosphorus,TP,21.7,,21.7,,µg/L - P,"USGS 03-4174, EPA 365.2",1.5,,,Bucket in on 16VIII19 @ 13:45 hrs.  Mostly hot and dry with a few days above 90F.  Calm to light winds.  Some haze from fires.  Light organics.  1 bee and 1 beetle in the sample filtered through 500um mesh.,,,,
FMP,19083001,19083001-01,Yellow Bay Knob @ Flathead Lake BioStation,TMP03416,FMP09334,8/30/2019,,,Deposition-Dry,817.5,Deposition,Total Nitrogen,TN,151,,151,,µg/L - N,"USGS 03-4174, EPA 353.2",25,,,Bucket in on 23VIII19 @ 1600hrs. A little cooler but highs in the 80's(F). Clear and calm for the most part. Slight haze from fires. Light organics; 2 flies; filtered through 500um mesh.,,,,
FMP,19083001,19083001-01,Yellow Bay Knob @ Flathead Lake BioStation,TMP03416,FMP09334,8/30/2019,,,Deposition-Dry,817.5,Deposition,Total Phosphorus,TP,12.6,,12.6,,µg/L - P,"USGS 03-4174, EPA 365.2",1.5,,,Bucket in on 23VIII19 @ 1600hrs. A little cooler but highs in the 80's(F). Clear and calm for the most part. Slight haze from fires. Light organics; 2 flies; filtered through 500um mesh.,,,,
FMP,19090601,19090601-01,Yellow Bay Knob @ Flathead Lake BioStation,TMP03416,FMP09354,9/6/2019,,,Deposition-Dry,827.7,Deposition,Total Nitrogen,TN,185,,185,,µg/L - N,"USGS 03-4174, EPA 353.2",25,,,Bucket in on 30 VIII 19 @ 1100hrs. Hot and sunny; overcast with showers today. Calm to moderate winds. Hazy from fires. Light organics in the sample; filtered through 500 um mesh.,,,,
FMP,19090601,19090601-01,Yellow Bay Knob @ Flathead Lake BioStation,TMP03416,FMP09354,9/6/2019,,,Deposition-Dry,827.7,Deposition,Total Phosphorus,TP,6.9,,6.9,,µg/L - P,"USGS 03-4174, EPA 365.2",1.5,,,Bucket in on 30 VIII 19 @ 1100hrs. Hot and sunny; overcast with showers today. Calm to moderate winds. Hazy from fires. Light organics in the sample; filtered through 500 um mesh.,,,,
FMP,19091101,19091101-01,Yellow Bay Knob @ Flathead Lake BioStation,TMP03416,FMP09355,9/11/2019,,,Deposition-Dry,1887.4,Deposition,Total Nitrogen,TN,114,,114,,µg/L - N,"USGS 03-4174, EPA 353.2",25,,,"Cooler for last week, heavy rain 3 days ago, light rain last 2 days.  2 midges and very light organics in sample, filtered through 500um mesh.",,,,
FMP,19091101,19091101-01,Yellow Bay Knob @ Flathead Lake BioStation,TMP03416,FMP09355,9/11/2019,,,Deposition-Dry,1887.4,Deposition,Total Phosphorus,TP,2,,2,,µg/L - P,"USGS 03-4174, EPA 365.2",1.5,,,"Cooler for last week, heavy rain 3 days ago, light rain last 2 days.  2 midges and very light organics in sample, filtered through 500um mesh.",,,,
FMP,19091701,19091701-01,Yellow Bay Knob @ Flathead Lake BioStation,TMP03416,FMP09357,9/17/2019,,,Deposition-Dry,1299.1,Deposition,Total Nitrogen,TN,157,,157,,µg/L - N,"USGS 03-4174, EPA 353.2",25,,,"Mostly cloudy last week, sprinkles of rain this morning (not enough sample for WET precip). 1 fly and 3 gnats in sample, filtered through 500um mesh.",,,,
FMP,19091701,19091701-01,Yellow Bay Knob @ Flathead Lake BioStation,TMP03416,FMP09357,9/17/2019,,,Deposition-Dry,1299.1,Deposition,Total Phosphorus,TP,20.6,,20.6,,µg/L - P,"USGS 03-4174, EPA 365.2",1.5,,,"Mostly cloudy last week, sprinkles of rain this morning (not enough sample for WET precip). 1 fly and 3 gnats in sample, filtered through 500um mesh.",,,,
FMP,19110702,19110702-01,Yellow Bay Knob @ Flathead Lake BioStation,TMP03416,FMP09402,11/8/2019,,,Deposition-Dry,581.8,Deposition,Total Nitrogen,TN,88.7,,88.7,,µg/L - N,"USGS 03-4174, EPA 353.2",25,,,Buvke tin on 01XI19 @ 0830hrs. Dry and cold this week; some high winds at times but mostly calm; Inversion. Light organics; filtered through 500 um mesh.,,,,
FMP,19110702,19110702-01,Yellow Bay Knob @ Flathead Lake BioStation,TMP03416,FMP09402,11/8/2019,,,Deposition-Dry,581.8,Deposition,Total Phosphorus,TP,5,,5,,µg/L - P,"USGS 03-4174, EPA 365.2",1.5,,,Buvke tin on 01XI19 @ 0830hrs. Dry and cold this week; some high winds at times but mostly calm; Inversion. Light organics; filtered through 500 um mesh.,,,,
FMP,20013101,20013101-01,Yellow Bay Knob @ Flathead Lake BioStation,TMP03416,FMP09471,1/31/2020,,,Deposition-Dry,1247,Deposition,Total Nitrogen,TN,37.6,,37.6,,µg/L - N,"USGS 03-4174, EPA 353.2",25,,,Bucket in on 24I20@0930hrs. Rain and snow showers; Inversion; Moderate and high winds; ~32-40F temperatures. Light organics; filtered through 500 um mesh; 1st Dry sample with new LODA Elec.,,,,
FMP,20013101,20013101-01,Yellow Bay Knob @ Flathead Lake BioStation,TMP03416,FMP09471,1/31/2020,,,Deposition-Dry,1247,Deposition,Total Phosphorus,TP,< 1.5,,1.5,<,µg/L - P,"USGS 03-4174, EPA 365.2",1.5,,,Bucket in on 24I20@0930hrs. Rain and snow showers; Inversion; Moderate and high winds; ~32-40F temperatures. Light organics; filtered through 500 um mesh; 1st Dry sample with new LODA Elec.,,,,
FMP,20020701,20020701-01,Yellow Bay Knob @ Flathead Lake BioStation,TMP03416,FMP09473,2/7/2020,,,Deposition-Dry,1032.1,Deposition,Total Nitrogen,TN,96.2,,96.2,,µg/L - N,"USGS 03-4174, EPA 353.2",25,,,Bucket in on 31I20@1500hrs. High winds at times; rain and snow showers; freeze/thaw temperature cycles. Heavy organics; bark and pieces of wood; filtered through 500 um mesh.,,,,
FMP,20020701,20020701-01,Yellow Bay Knob @ Flathead Lake BioStation,TMP03416,FMP09473,2/7/2020,,,Deposition-Dry,1032.1,Deposition,Total Phosphorus,TP,5.3,,5.3,,µg/L - P,"USGS 03-4174, EPA 365.2",1.5,,,Bucket in on 31I20@1500hrs. High winds at times; rain and snow showers; freeze/thaw temperature cycles. Heavy organics; bark and pieces of wood; filtered through 500 um mesh.,,,,
FMP,20021401,20021401-01,Yellow Bay Knob @ Flathead Lake BioStation,TMP03416,FMP09475,2/14/2020,,,Deposition-Dry,1328.7,Deposition,Total Nitrogen,TN,< 25.0,,25,<,µg/L - N,"USGS 03-4174, EPA 353.2",25,,,Bucket in on 07II20@0930hrs. Moderate to high winds; mostly dry; temperatures 40F to 25F. Light organics; filtered through 500 um mesh.,,,,
FMP,20021401,20021401-01,Yellow Bay Knob @ Flathead Lake BioStation,TMP03416,FMP09475,2/14/2020,,,Deposition-Dry,1328.7,Deposition,Total Phosphorus,TP,1.9,,1.9,,µg/L - P,"USGS 03-4174, EPA 365.2",1.5,,,Bucket in on 07II20@0930hrs. Moderate to high winds; mostly dry; temperatures 40F to 25F. Light organics; filtered through 500 um mesh.,,,,
FMP,20022101,20022101-01,Yellow Bay Knob @ Flathead Lake BioStation,TMP03416,FMP09491,2/21/2020,,,Deposition-Dry,920.8,Deposition,Total Nitrogen,TN,87.9,,87.9,,µg/L - N,"USGS 03-4174, EPA 353.2",25,,,Dry and cold this week with lows in the 10'sF. Calm to moderate winds. Light organics in the sample; filtered through 500 um mesh.,,,,
FMP,20022101,20022101-01,Yellow Bay Knob @ Flathead Lake BioStation,TMP03416,FMP09491,2/21/2020,,,Deposition-Dry,920.8,Deposition,Total Phosphorus,TP,2.7,,2.7,,µg/L - P,"USGS 03-4174, EPA 365.2",1.5,,,Dry and cold this week with lows in the 10'sF. Calm to moderate winds. Light organics in the sample; filtered through 500 um mesh.,,,,
FMP,20022801,20022801-01,Yellow Bay Knob @ Flathead Lake BioStation,TMP03416,FMP09496,2/28/2020,,,Deposition-Dry,1502.1,Deposition,Total Nitrogen,TN,72.3,,72.3,,µg/L - N,"USGS 03-4174, EPA 353.2",25,,,Bucket in on 21II20 @ 1500hrs. Light ot moderate winds; freeze-thaw cycles; some gropple/snowstorms. Moderate organics; filtered through 500 um mesh.,,,,
FMP,20022801,20022801-01,Yellow Bay Knob @ Flathead Lake BioStation,TMP03416,FMP09496,2/28/2020,,,Deposition-Dry,1502.1,Deposition,Total Phosphorus,TP,1.6,,1.6,,µg/L - P,"USGS 03-4174, EPA 365.2",1.5,,,Bucket in on 21II20 @ 1500hrs. Light ot moderate winds; freeze-thaw cycles; some gropple/snowstorms. Moderate organics; filtered through 500 um mesh.,,,,
FMP,20030601,20030601-01,Yellow Bay Knob @ Flathead Lake BioStation,TMP03416,FMP09497,3/6/2020,,,Deposition-Dry,1167.8,Deposition,Total Nitrogen,TN,100,,100,,µg/L - N,"USGS 03-4174, EPA 353.2",25,,,Bucket in on 28II20 @ 0900hrs. Heavy wind at times; some freezing nights but days in the 40's(F); mostly dry. Moderate organics; open burning and burning at the station; filtered through 500 um mesh.,,,,
FMP,20030601,20030601-01,Yellow Bay Knob @ Flathead Lake BioStation,TMP03416,FMP09497,3/6/2020,,,Deposition-Dry,1167.8,Deposition,Total Phosphorus,TP,5.2,,5.2,,µg/L - P,"USGS 03-4174, EPA 365.2",1.5,,,Bucket in on 28II20 @ 0900hrs. Heavy wind at times; some freezing nights but days in the 40's(F); mostly dry. Moderate organics; open burning and burning at the station; filtered through 500 um mesh.,,,,
FMP,20031301,20031301-01,Yellow Bay Knob @ Flathead Lake BioStation,TMP03416,FMP09498,3/13/2020,,,Deposition-Dry,1432.5,Deposition,Total Nitrogen,TN,61.5,,61.5,,µg/L - N,"USGS 03-4174, EPA 353.2",25,,,Bucket in on 06III20@1330hrs. Calm to heavy winds; days in the 40's-nights at or near freezing; mostly dry; opening burning at the station and in the valley. Moderate organics; filtered through 500 um mesh.,,,,
FMP,20031301,20031301-01,Yellow Bay Knob @ Flathead Lake BioStation,TMP03416,FMP09498,3/13/2020,,,Deposition-Dry,1432.5,Deposition,Total Phosphorus,TP,3.2,,3.2,,µg/L - P,"USGS 03-4174, EPA 365.2",1.5,,,Bucket in on 06III20@1330hrs. Calm to heavy winds; days in the 40's-nights at or near freezing; mostly dry; opening burning at the station and in the valley. Moderate organics; filtered through 500 um mesh.,,,,
FMP,20032001,20032001-01,Yellow Bay Knob @ Flathead Lake BioStation,TMP03416,FMP09519,3/20/2020,,,Deposition-Dry,1157.3,Deposition,Total Nitrogen,TN,108,,108,,µg/L - N,"USGS 03-4174, EPA 353.2",25,,,"Bucket in on 13III20@1130hrs. High winds majority of the week; `70mph windstorm a week ago caused major damage to houses, powerlines, downed trees. Lots of burning this past week as a result. Heavy organicd, sticks, pinre needles, filtered thro. 500um.",,,,
FMP,20032001,20032001-01,Yellow Bay Knob @ Flathead Lake BioStation,TMP03416,FMP09519,3/20/2020,,,Deposition-Dry,1157.3,Deposition,Total Phosphorus,TP,36.8,,36.8,,µg/L - P,"USGS 03-4174, EPA 365.2",1.5,,,"Bucket in on 13III20@1130hrs. High winds majority of the week; `70mph windstorm a week ago caused major damage to houses, powerlines, downed trees. Lots of burning this past week as a result. Heavy organicd, sticks, pinre needles, filtered thro. 500um.",,,,
FMP,20032701,20032701-01,Yellow Bay Knob @ Flathead Lake BioStation,TMP03416,FMP09520,3/27/2020,,,Deposition-Dry,1280.7,Deposition,Total Nitrogen,TN,116,,116,,µg/L - N,"USGS 03-4174, EPA 353.2",25,,,Bucket in on 20III20 @ 0800hrs. Moderate to high winds; Sunny to rain/snow showers at times; Day's above freezing at/or below at night. Lots of open burning. Moderate organics; filtered through 500 um mesh.,,,,
FMP,20032701,20032701-01,Yellow Bay Knob @ Flathead Lake BioStation,TMP03416,FMP09520,3/27/2020,,,Deposition-Dry,1280.7,Deposition,Total Phosphorus,TP,19.8,,19.8,,µg/L - P,"USGS 03-4174, EPA 365.2",1.5,,,Bucket in on 20III20 @ 0800hrs. Moderate to high winds; Sunny to rain/snow showers at times; Day's above freezing at/or below at night. Lots of open burning. Moderate organics; filtered through 500 um mesh.,,,,
FMP,20040301,20040301-01,Yellow Bay Knob @ Flathead Lake BioStation,TMP03416,FMP09521,4/3/2020,,,Deposition-Dry,1647.8,Deposition,Total Nitrogen,TN,90.7,,90.7,,µg/L - N,"USGS 03-4174, EPA 353.2",25,,,Bucket in on 27III20 @ 0850hrs. Mod to high winds; snow showers; warmer days but low cold temps. @ night; open burning and lots of it. Moderate organics; filtered through 500 um mesh.,,,,
FMP,20040301,20040301-01,Yellow Bay Knob @ Flathead Lake BioStation,TMP03416,FMP09521,4/3/2020,,,Deposition-Dry,1647.8,Deposition,Total Phosphorus,TP,13.4,,13.4,,µg/L - P,"USGS 03-4174, EPA 365.2",1.5,,,Bucket in on 27III20 @ 0850hrs. Mod to high winds; snow showers; warmer days but low cold temps. @ night; open burning and lots of it. Moderate organics; filtered through 500 um mesh.,,,,
FMP,20041001,20041001-01,Yellow Bay Knob @ Flathead Lake BioStation,TMP03416,FMP09523,4/10/2020,,,Deposition-Dry,1211.3,Deposition,Total Nitrogen,TN,94.1,,94.1,,µg/L - N,"USGS 03-4174, EPA 353.2",25,,,Bucket in on 03IV20 @ 0900hrs. Winds mod. To high; warm days with cold nights; some snow and rain showers; open burning. Light organics; 2 dipteran flies; filtered through 500 um mesh.,,,,
FMP,20041001,20041001-01,Yellow Bay Knob @ Flathead Lake BioStation,TMP03416,FMP09523,4/10/2020,,,Deposition-Dry,1211.3,Deposition,Total Phosphorus,TP,8,,8,,µg/L - P,"USGS 03-4174, EPA 365.2",1.5,,,Bucket in on 03IV20 @ 0900hrs. Winds mod. To high; warm days with cold nights; some snow and rain showers; open burning. Light organics; 2 dipteran flies; filtered through 500 um mesh.,,,,
FMP,20041701,20041701-01,Yellow Bay Knob @ Flathead Lake BioStation,TMP03416,FMP09544,4/17/2020,,,Deposition-Dry,1025.7,Deposition,Total Nitrogen,TN,135,,135,,µg/L - N,"USGS 03-4174, EPA 353.2",25,,,Bucket in on 10IV20 @ 0900hrs. Days in mid-40's with freezing nights; high to moderate winds; lots of burning at station and in the valley. Heavy organics; 1 Dipteran fly; filtered through 500 um mesh.,,,,
FMP,20041701,20041701-01,Yellow Bay Knob @ Flathead Lake BioStation,TMP03416,FMP09544,4/17/2020,,,Deposition-Dry,1025.7,Deposition,Total Phosphorus,TP,11.7,,11.7,,µg/L - P,"USGS 03-4174, EPA 365.2",1.5,,,Bucket in on 10IV20 @ 0900hrs. Days in mid-40's with freezing nights; high to moderate winds; lots of burning at station and in the valley. Heavy organics; 1 Dipteran fly; filtered through 500 um mesh.,,,,
FMP,20050201,20050201-01,Yellow Bay Knob @ Flathead Lake BioStation,TMP03416,FMP09555,5/2/2020,,,Deposition-Dry,1238.4,Deposition,Total Nitrogen,TN,974,,974,,µg/L - N,"USGS 03-4174, EPA 353.2",25,,,"Bucket in on 24IV20@1530hrs. Mostly dry with a few rainstorms, lots of pollen in the air; warmer days with nights in the 40's(F). Heavy organics; 6 Dipteran flies and 2 Hymenoptera; Filt. 500um mesh.",,,,
FMP,20050201,20050201-01,Yellow Bay Knob @ Flathead Lake BioStation,TMP03416,FMP09555,5/2/2020,,,Deposition-Dry,1238.4,Deposition,Total Phosphorus,TP,165,,165,,µg/L - P,"USGS 03-4174, EPA 365.2",1.5,,,"Bucket in on 24IV20@1530hrs. Mostly dry with a few rainstorms, lots of pollen in the air; warmer days with nights in the 40's(F). Heavy organics; 6 Dipteran flies and 2 Hymenoptera; Filt. 500um mesh.",,,,
FMP,20050901,20050901-01,Yellow Bay Knob @ Flathead Lake BioStation,TMP03416,FMP09572,5/9/2020,,,Deposition-Dry,1249.7,Deposition,Total Nitrogen,TN,327,,327,,µg/L - N,"USGS 03-4174, EPA 353.2",25,,,Bucket in on 09V20 @ 1000hrs. Rain and some high winds. Colder temperatures overall; lots of pollen in the air. Heavy organics and 3 Dipteran flies; filtered through 500 um mesh.,,,,
FMP,20050901,20050901-01,Yellow Bay Knob @ Flathead Lake BioStation,TMP03416,FMP09572,5/9/2020,,,Deposition-Dry,1249.7,Deposition,Total Phosphorus,TP,52.5,,52.5,,µg/L - P,"USGS 03-4174, EPA 365.2",1.5,,,Bucket in on 09V20 @ 1000hrs. Rain and some high winds. Colder temperatures overall; lots of pollen in the air. Heavy organics and 3 Dipteran flies; filtered through 500 um mesh.,,,,
FMP,20051601,20051601-01,Yellow Bay Knob @ Flathead Lake BioStation,TMP03416,FMP09574,5/16/2020,,,Deposition-Dry,1126,Deposition,Total Nitrogen,TN,488,,488,,µg/L - N,"USGS 03-4174, EPA 353.2",25,,,Bucket in on 09V20@1000hrs. Rain showers this week; moderate to high winds; lots of pollen in the air. Heavy organics in the sample; 1 Dipteran fly; filtered through 500 um mesh.,,,,
FMP,20051601,20051601-01,Yellow Bay Knob @ Flathead Lake BioStation,TMP03416,FMP09574,5/16/2020,,,Deposition-Dry,1126,Deposition,Total Phosphorus,TP,85.6,,85.6,,µg/L - P,"USGS 03-4174, EPA 365.2",1.5,,,Bucket in on 09V20@1000hrs. Rain showers this week; moderate to high winds; lots of pollen in the air. Heavy organics in the sample; 1 Dipteran fly; filtered through 500 um mesh.,,,,
FMP,20052201,20052201-01,Yellow Bay Knob @ Flathead Lake BioStation,TMP03416,FMP09580,5/22/2020,,,Deposition-Dry,1478.3,Deposition,Total Nitrogen,TN,178,,178,,µg/L - N,"USGS 03-4174, EPA 353.2",25,,,"Cloudy, windy, rainy all week.  1 beetle and moderate debris in sample, filtered through 500um mesh.",,,,
FMP,20052201,20052201-01,Yellow Bay Knob @ Flathead Lake BioStation,TMP03416,FMP09580,5/22/2020,,,Deposition-Dry,1478.3,Deposition,Total Phosphorus,TP,30.2,,30.2,,µg/L - P,"USGS 03-4174, EPA 365.2",1.5,,,"Cloudy, windy, rainy all week.  1 beetle and moderate debris in sample, filtered through 500um mesh.",,,,
FMP,20052701,20052701-01,Yellow Bay Knob @ Flathead Lake BioStation,TMP03416,FMP09582,5/29/2020,,,Deposition-Dry,1061.3,Deposition,Total Nitrogen,TN,164,,164,,µg/L - N,"USGS 03-4174, EPA 353.2",25,,,Bucket in on 22V20 @ 0830hrs. Mostly dry with some rainstorms. Lots of pollen in the air. Moderate organics in the sample; filtered through 500 um mesh.,,,,
FMP,20052701,20052701-01,Yellow Bay Knob @ Flathead Lake BioStation,TMP03416,FMP09582,5/29/2020,,,Deposition-Dry,1061.3,Deposition,Total Phosphorus,TP,27.5,,27.5,,µg/L - P,"USGS 03-4174, EPA 365.2",1.5,,,Bucket in on 22V20 @ 0830hrs. Mostly dry with some rainstorms. Lots of pollen in the air. Moderate organics in the sample; filtered through 500 um mesh.,,,,
FMP,20060501,20060501-01,Yellow Bay Knob @ Flathead Lake BioStation,TMP03416,FMP09603,6/5/2020,,,Deposition-Dry,773,Deposition,Total Nitrogen,TN,907,,907,,µg/L - N,"USGS 03-4174, EPA 353.2",25,,,"Thunderstorms with lots of wind 5 days ago, mostly sunny rest of the week.  Lots of organics and 2 beetles in sample, filtered through 500um mesh.",,,,
FMP,20060501,20060501-01,Yellow Bay Knob @ Flathead Lake BioStation,TMP03416,FMP09603,6/5/2020,,,Deposition-Dry,773,Deposition,Total Phosphorus,TP,169,,169,,µg/L - P,"USGS 03-4174, EPA 365.2",1.5,,,"Thunderstorms with lots of wind 5 days ago, mostly sunny rest of the week.  Lots of organics and 2 beetles in sample, filtered through 500um mesh.",,,,
FMP,20061701,20061701-01,Yellow Bay Knob @ Flathead Lake BioStation,TMP03416,FMP09611,6/18/2020,,,Deposition-Dry,1001.4,Deposition,Total Nitrogen,TN,386,,386,,µg/L - N,"USGS 03-4174, EPA 353.2",25,,,Bucket in on 12VI20@10:30 hrs. Some rain and thunderstorms this week. Moderate wind. Heavy organics on sample with 2 Dipteran flies; Pollen in sample; Filtered through 500 um mesh.,,,,
FMP,20061701,20061701-01,Yellow Bay Knob @ Flathead Lake BioStation,TMP03416,FMP09611,6/18/2020,,,Deposition-Dry,1001.4,Deposition,Total Phosphorus,TP,72.9,,72.9,,µg/L - P,"USGS 03-4174, EPA 365.2",1.5,,,Bucket in on 12VI20@10:30 hrs. Some rain and thunderstorms this week. Moderate wind. Heavy organics on sample with 2 Dipteran flies; Pollen in sample; Filtered through 500 um mesh.,,,,
FMP,20062601,20062601-01,Yellow Bay Knob @ Flathead Lake BioStation,TMP03416,FMP09628,6/26/2020,,,Deposition-Dry,1139.6,Deposition,Total Nitrogen,TN,691,,691,,µg/L - N,"USGS 03-4174, EPA 353.2",25,,,Bucket in on 18VI20@2215hours. Warm amd sunny with some rain/thunder storms. Lots of pollen in the air. Moderate winds. Heavy organics; pollen; 3 flies and 8 beetles. Filtered through 500 um mesh.,,,,
FMP,20062601,20062601-01,Yellow Bay Knob @ Flathead Lake BioStation,TMP03416,FMP09628,6/26/2020,,,Deposition-Dry,1139.6,Deposition,Total Phosphorus,TP,205,,205,,µg/L - P,"USGS 03-4174, EPA 365.2",1.5,,,Bucket in on 18VI20@2215hours. Warm amd sunny with some rain/thunder storms. Lots of pollen in the air. Moderate winds. Heavy organics; pollen; 3 flies and 8 beetles. Filtered through 500 um mesh.,,,,
FMP,20070201,20070201-01,Yellow Bay Knob @ Flathead Lake BioStation,TMP03416,FMP09634,7/2/2020,,,Deposition-Dry,1305.9,Deposition,Total Nitrogen,TN,222,,222,,µg/L - N,"USGS 03-4174, EPA 353.2",25,,,"Cloudy, rainy, windy for last week.  Lots of organics and a few flies and beetled in sample. Filtered through 500um mesh.",,,,
FMP,20070201,20070201-01,Yellow Bay Knob @ Flathead Lake BioStation,TMP03416,FMP09634,7/2/2020,,,Deposition-Dry,1305.9,Deposition,Total Phosphorus,TP,47.5,,47.5,,µg/L - P,"USGS 03-4174, EPA 365.2",1.5,,,"Cloudy, rainy, windy for last week.  Lots of organics and a few flies and beetled in sample. Filtered through 500um mesh.",,,,
FMP,20071001,20071001-01,Yellow Bay Knob @ Flathead Lake BioStation,TMP03416,FMP09636,7/10/2020,,,Deposition-Dry,607.5,Deposition,Total Nitrogen,TN,350,,350,,µg/L - N,"USGS 03-4174, EPA 353.2",25,,,"Bucket in on 02VII20 @ 0830 hrs. Warm and sunny; a fewrain/ thunderstorms; lots of pollen in the air; moderate winds. Heavy organics, 3 beetles; 2 Dipteran flies; pollen in the sample; filtered through 500 um mesh.",,,,
FMP,20071001,20071001-01,Yellow Bay Knob @ Flathead Lake BioStation,TMP03416,FMP09636,7/10/2020,,,Deposition-Dry,607.5,Deposition,Total Phosphorus,TP,42.1,,42.1,,µg/L - P,"USGS 03-4174, EPA 365.2",1.5,,,"Bucket in on 02VII20 @ 0830 hrs. Warm and sunny; a fewrain/ thunderstorms; lots of pollen in the air; moderate winds. Heavy organics, 3 beetles; 2 Dipteran flies; pollen in the sample; filtered through 500 um mesh.",,,,
FMP,20071702,20071702-01,Yellow Bay Knob @ Flathead Lake BioStation,TMP03416,FMP09653,7/17/2020,,,Deposition-Dry,579.3,Deposition,Total Nitrogen,TN,248,,248,,µg/L - N,"USGS 03-4174, EPA 353.2",25,,,Bucket in on 10VII20 @ 1000hrs. Dry and sunny; Temps. In the mid-70's snd low-80's (F); moderate or high south winds. Heavy organics; 3 beetles and 1 bee; filtered through 500 um mesh.,,,,
FMP,20071702,20071702-01,Yellow Bay Knob @ Flathead Lake BioStation,TMP03416,FMP09653,7/17/2020,,,Deposition-Dry,579.3,Deposition,Total Phosphorus,TP,30.8,,30.8,,µg/L - P,"USGS 03-4174, EPA 365.2",1.5,,,Bucket in on 10VII20 @ 1000hrs. Dry and sunny; Temps. In the mid-70's snd low-80's (F); moderate or high south winds. Heavy organics; 3 beetles and 1 bee; filtered through 500 um mesh.,,,,
FMP,20073101,20073101-01,Yellow Bay Knob @ Flathead Lake BioStation,TMP03416,FMP09659,7/31/2020,,,Deposition-Dry,1120.4,Deposition,Total Nitrogen,TN,217,,217,,µg/L - N,"USGS 03-4174, EPA 353.2",25,,,Bucket in on 24VII20@0815hrs. Hot and dry; Highs in the high 80's to low 90's (F); Moderate wind. Heavy organics; 2 flies and 4 beetles; filtered through 500 um mesh.,,,,
FMP,20073101,20073101-01,Yellow Bay Knob @ Flathead Lake BioStation,TMP03416,FMP09659,7/31/2020,,,Deposition-Dry,1120.4,Deposition,Total Phosphorus,TP,38.9,,38.9,,µg/L - P,"USGS 03-4174, EPA 365.2",1.5,,,Bucket in on 24VII20@0815hrs. Hot and dry; Highs in the high 80's to low 90's (F); Moderate wind. Heavy organics; 2 flies and 4 beetles; filtered through 500 um mesh.,,,,
FMP,20080701,20080701-01,Yellow Bay Knob @ Flathead Lake BioStation,TMP03416,FMP09677,8/7/2020,,,Deposition-Dry,1176,Deposition,Total Nitrogen,TN,114,,114,,µg/L - N,"USGS 03-4174, EPA 353.2",25,,,Bucket in on 31VII20@0800hrs. Hot and Dry; Rainstorm last night; Bird Island on fire and hazy/smokey from other fires; Moderate winds. Heavy organics; 1 fly; filtered through 500 um mesh.,,,,
FMP,20080701,20080701-01,Yellow Bay Knob @ Flathead Lake BioStation,TMP03416,FMP09677,8/7/2020,,,Deposition-Dry,1176,Deposition,Total Phosphorus,TP,21.9,,21.9,,µg/L - P,"USGS 03-4174, EPA 365.2",1.5,,,Bucket in on 31VII20@0800hrs. Hot and Dry; Rainstorm last night; Bird Island on fire and hazy/smokey from other fires; Moderate winds. Heavy organics; 1 fly; filtered through 500 um mesh.,,,,
FMP,20081402,20081402-01,Yellow Bay Knob @ Flathead Lake BioStation,TMP03416,FMP09683,8/14/2020,,,Deposition-Dry,1530.5,Deposition,Total Nitrogen,TN,190,,190,,µg/L - N,"USGS 03-4174, EPA 353.2",25,,,Bucket in on 07VIII20 @ 0815hrs. Hot and dry; some high winds and  some haze in the valley from fires. Moderate organics; 3 Bees; 1 Spider; filtered through 500 um mesh.,,,,
FMP,20081402,20081402-01,Yellow Bay Knob @ Flathead Lake BioStation,TMP03416,FMP09683,8/14/2020,,,Deposition-Dry,1530.5,Deposition,Total Phosphorus,TP,30.4,,30.4,,µg/L - P,"USGS 03-4174, EPA 365.2",1.5,,,Bucket in on 07VIII20 @ 0815hrs. Hot and dry; some high winds and  some haze in the valley from fires. Moderate organics; 3 Bees; 1 Spider; filtered through 500 um mesh.,,,,
FMP,20081901,20081901-01,Yellow Bay Knob @ Flathead Lake BioStation,TMP03416,FMP09684,8/19/2020,,,Deposition-Dry,1772.6,Deposition,Total Nitrogen,TN,100,,100,,µg/L - N,"USGS 03-4174, EPA 353.2",25,,,Bucket in on 14VIII20@1530hrs. Hot and dry; moderate to calm winds; Thunder/rainstorms this morning; Haze and smoke in the valley. Moderate organics; 3 bees/wasps; filtered through 500 um mesh.,,,,
FMP,20081901,20081901-01,Yellow Bay Knob @ Flathead Lake BioStation,TMP03416,FMP09684,8/19/2020,,,Deposition-Dry,1772.6,Deposition,Total Phosphorus,TP,7,,7,,µg/L - P,"USGS 03-4174, EPA 365.2",1.5,,,Bucket in on 14VIII20@1530hrs. Hot and dry; moderate to calm winds; Thunder/rainstorms this morning; Haze and smoke in the valley. Moderate organics; 3 bees/wasps; filtered through 500 um mesh.,,,,
FMP,20082601,20082601-01,Yellow Bay Knob @ Flathead Lake BioStation,TMP03416,FMP09701,8/26/2020,,,Deposition-Dry,1523.2,Deposition,Total Nitrogen,TN,131,,131,,µg/L - N,"USGS 03-4174, EPA 353.2",25,,,"Bucket in 19VIII20 @ 1300 hours. SMOKEY, warm, some wind last week.  3 beetles, 3 gnats and some fine particles in sample.  Filtered through 500um mesh nitex.",,,,
FMP,20082601,20082601-01,Yellow Bay Knob @ Flathead Lake BioStation,TMP03416,FMP09701,8/26/2020,,,Deposition-Dry,1523.2,Deposition,Total Phosphorus,TP,8.6,,8.6,,µg/L - P,"USGS 03-4174, EPA 365.2",1.5,,,"Bucket in 19VIII20 @ 1300 hours. SMOKEY, warm, some wind last week.  3 beetles, 3 gnats and some fine particles in sample.  Filtered through 500um mesh nitex.",,,,
FMP,20090102,20090102-01,Yellow Bay Knob @ Flathead Lake BioStation,TMP03416,FMP09702,9/1/2020,,,Deposition-Dry,747.9,Deposition,Total Nitrogen,TN,272,,272,,µg/L - N,"USGS 03-4174, EPA 353.2",25,,,Bucket in on 26VIII20 @ 1415hrs. Dry and hot but heavy rain yesterday. Moderate to high winds. Smoke in the valley. Heavy organics; 5 bees; filtered through 500um mesh.,,,,
FMP,20090102,20090102-01,Yellow Bay Knob @ Flathead Lake BioStation,TMP03416,FMP09702,9/1/2020,,,Deposition-Dry,747.9,Deposition,Total Phosphorus,TP,59.6,,59.6,,µg/L - P,"USGS 03-4174, EPA 365.2",1.5,,,Bucket in on 26VIII20 @ 1415hrs. Dry and hot but heavy rain yesterday. Moderate to high winds. Smoke in the valley. Heavy organics; 5 bees; filtered through 500um mesh.,,,,
FMP,20090802,20090802-01,Yellow Bay Knob @ Flathead Lake BioStation,TMP03416,FMP09704,9/8/2020,,,Deposition-Dry,607.7,Deposition,Total Nitrogen,TN,531,,531,,µg/L - N,"USGS 03-4174, EPA 353.2",25,,,"Bucket in on 01IX20@1130hrs. Dry and hot for most of the week. Windstorm and near freezing last night. Back to high 70's to 80's this week. Heavy organics, 1Lg. Bumble bee, 3 waspsl pine needles and bark pieces in the sample; filtered through 500 um mesh.",,,,
FMP,20090802,20090802-01,Yellow Bay Knob @ Flathead Lake BioStation,TMP03416,FMP09704,9/8/2020,,,Deposition-Dry,607.7,Deposition,Total Phosphorus,TP,94.6,,94.6,,µg/L - P,"USGS 03-4174, EPA 365.2",1.5,,,"Bucket in on 01IX20@1130hrs. Dry and hot for most of the week. Windstorm and near freezing last night. Back to high 70's to 80's this week. Heavy organics, 1Lg. Bumble bee, 3 waspsl pine needles and bark pieces in the sample; filtered through 500 um mesh.",,,,
FMP,20091501,20091501-01,Yellow Bay Knob @ Flathead Lake BioStation,TMP03416,FMP09725,9/15/2020,,,Deposition-Dry,1084.8,Deposition,Total Nitrogen,TN,67.4,,67.4,,µg/L - N,"USGS 03-4174, EPA 353.2",25,,,"Bucket in on 08IX20@1400hrs. Heavy, heavy smoke in the valley from West coast fires. Calm to light winds. Dry and in the 70's. Moderate organics in the sample; 2 bees; filtered through 500 um mesh.",,,,
FMP,20091501,20091501-01,Yellow Bay Knob @ Flathead Lake BioStation,TMP03416,FMP09725,9/15/2020,,,Deposition-Dry,1084.8,Deposition,Total Phosphorus,TP,5.4,,5.4,,µg/L - P,"USGS 03-4174, EPA 365.2",1.5,,,"Bucket in on 08IX20@1400hrs. Heavy, heavy smoke in the valley from West coast fires. Calm to light winds. Dry and in the 70's. Moderate organics in the sample; 2 bees; filtered through 500 um mesh.",,,,
FMP,20092201,20092201-01,Yellow Bay Knob @ Flathead Lake BioStation,TMP03416,FMP09726,9/22/2020,,,Deposition-Dry,1351.4,Deposition,Total Nitrogen,TN,154,,154,,µg/L - N,"USGS 03-4174, EPA 353.2",25,,,Bucket in on 15IX20@0915 hrs. Heavy smoke in the valley from fires; calm to moderate wind; cooler temperatures in the 60's to 70's. Moderate organics; 1 wasp and 2 flies; filtered through 500 um mesh.,,,,
FMP,20092201,20092201-01,Yellow Bay Knob @ Flathead Lake BioStation,TMP03416,FMP09726,9/22/2020,,,Deposition-Dry,1351.4,Deposition,Total Phosphorus,TP,17,,17,,µg/L - P,"USGS 03-4174, EPA 365.2",1.5,,,Bucket in on 15IX20@0915 hrs. Heavy smoke in the valley from fires; calm to moderate wind; cooler temperatures in the 60's to 70's. Moderate organics; 1 wasp and 2 flies; filtered through 500 um mesh.,,,,
FMP,20100101,20100101-01,Yellow Bay Knob @ Flathead Lake BioStation,TMP03416,FMP09728,10/1/2020,,,Deposition-Dry,1224.5,Deposition,Total Nitrogen,TN,103,,103,,µg/L - N,"USGS 03-4174, EPA 353.2",25,,,"Bucket in 22IX20 @ 0955hrs. Slightly smokey, rain 2-3 days ago, cool, some wind last week. Lots of pine needles and moderate organics in sample, filtered through 500um mesh.",,,,
FMP,20100101,20100101-01,Yellow Bay Knob @ Flathead Lake BioStation,TMP03416,FMP09728,10/1/2020,,,Deposition-Dry,1224.5,Deposition,Total Phosphorus,TP,16.8,,16.8,,µg/L - P,"USGS 03-4174, EPA 365.2",1.5,,,"Bucket in 22IX20 @ 0955hrs. Slightly smokey, rain 2-3 days ago, cool, some wind last week. Lots of pine needles and moderate organics in sample, filtered through 500um mesh.",,,,
FMP,20100801,20100801-01,Yellow Bay Knob @ Flathead Lake BioStation,TMP03416,FMP09745,10/8/2020,,,Deposition-Dry,872.4,Deposition,Total Nitrogen,TN,104,,104,,µg/L - N,"USGS 03-4174, EPA 353.2",25,,,Mild/warm last week. Still some smoke in the air. 1 honey bee and light organics in sample. Filtered through 500um mesh.,,,,
FMP,20100801,20100801-01,Yellow Bay Knob @ Flathead Lake BioStation,TMP03416,FMP09745,10/8/2020,,,Deposition-Dry,872.4,Deposition,Total Phosphorus,TP,11,,11,,µg/L - P,"USGS 03-4174, EPA 365.2",1.5,,,Mild/warm last week. Still some smoke in the air. 1 honey bee and light organics in sample. Filtered through 500um mesh.,,,,
FMP,20101501,20101501-01,Yellow Bay Knob @ Flathead Lake BioStation,TMP03416,FMP09750,10/15/2020,,,Deposition-Dry,1160.2,Deposition,Total Nitrogen,TN,127,,127,,µg/L - N,"USGS 03-4174, EPA 353.2",25,,,Bucket in on 08X20@0900hrs. Still some smoke in the valley; moderate to high winds; colder temperatures this week. Heavy organics; filtered through 500um mesh.,,,,
FMP,20101501,20101501-01,Yellow Bay Knob @ Flathead Lake BioStation,TMP03416,FMP09750,10/15/2020,,,Deposition-Dry,1160.2,Deposition,Total Phosphorus,TP,15.4,,15.4,,µg/L - P,"USGS 03-4174, EPA 365.2",1.5,,,Bucket in on 08X20@0900hrs. Still some smoke in the valley; moderate to high winds; colder temperatures this week. Heavy organics; filtered through 500um mesh.,,,,
FMP,20102201,20102201-01,Yellow Bay Knob @ Flathead Lake BioStation,TMP03416,FMP09752,10/22/2020,,,Deposition-Dry,1750.1,Deposition,Total Nitrogen,TN,69.8,,69.8,,µg/L - N,"USGS 03-4174, EPA 353.2",25,,,"Cold, wind, rain, snow for last week. Few pine needles and light fine organics in sample. Filtered through 500um mesh.",,,,
FMP,20102201,20102201-01,Yellow Bay Knob @ Flathead Lake BioStation,TMP03416,FMP09752,10/22/2020,,,Deposition-Dry,1750.1,Deposition,Total Phosphorus,TP,3.4,,3.4,,µg/L - P,"USGS 03-4174, EPA 365.2",1.5,,,"Cold, wind, rain, snow for last week. Few pine needles and light fine organics in sample. Filtered through 500um mesh.",,,,
FMP,20111201,20111201-01,Yellow Bay Knob @ Flathead Lake BioStation,TMP03416,FMP09771,11/12/2020,,,Deposition-Dry,2133.6,Deposition,Total Nitrogen,TN,102,,102,,µg/L - N,"USGS 03-4174, EPA 353.2",25,,,"Bucket in 04XI20 @ 1000hrs. Windy, cold, snow and open burning for last week. Lots of organis debris in sample, filtered through 500um mesh.  Collector still not working quite right, but looks to be 2 different samples in wet and dry collectors.",,,,
FMP,20111201,20111201-01,Yellow Bay Knob @ Flathead Lake BioStation,TMP03416,FMP09771,11/12/2020,,,Deposition-Dry,2133.6,Deposition,Total Phosphorus,TP,37.5,,37.5,,µg/L - P,"USGS 03-4174, EPA 365.2",1.5,,,"Bucket in 04XI20 @ 1000hrs. Windy, cold, snow and open burning for last week. Lots of organis debris in sample, filtered through 500um mesh.  Collector still not working quite right, but looks to be 2 different samples in wet and dry collectors.",,,,
FMP,20111901,20111901-01,Yellow Bay Knob @ Flathead Lake BioStation,TMP03416,FMP09777,11/19/2020,,,Deposition-Dry,1665,Deposition,Total Nitrogen,TN,33.9,,33.9,,µg/L - N,"USGS 03-4174, EPA 353.2",25,,,"Cool, snow and rain, light wind for last week.  Very light organics in sample, filtered through 500um mesh.",,,,
FMP,20111901,20111901-01,Yellow Bay Knob @ Flathead Lake BioStation,TMP03416,FMP09777,11/19/2020,,,Deposition-Dry,1665,Deposition,Total Phosphorus,TP,< 1.5,,1.5,<,µg/L - P,"USGS 03-4174, EPA 365.2",1.5,,,"Cool, snow and rain, light wind for last week.  Very light organics in sample, filtered through 500um mesh.",,,,
FMP,20112401,20112401-01,Yellow Bay Knob @ Flathead Lake BioStation,TMP03416,FMP09794,11/24/2020,,,Deposition-Dry,1526.9,Deposition,Total Nitrogen,TN,25.6,,25.6,,µg/L - N,"USGS 03-4174, EPA 353.2",25,,,"Bucket in on 19XI20@1000hrs. Some snowshowers at times but mostly dry with moderate winds. Temperatures in the high 20's to low 30's (F). Light organics, filtered through 500 um mesh.",,,,
FMP,20112401,20112401-01,Yellow Bay Knob @ Flathead Lake BioStation,TMP03416,FMP09794,11/24/2020,,,Deposition-Dry,1526.9,Deposition,Total Phosphorus,TP,< 1.5,,1.5,<,µg/L - P,"USGS 03-4174, EPA 365.2",1.5,,,"Bucket in on 19XI20@1000hrs. Some snowshowers at times but mostly dry with moderate winds. Temperatures in the high 20's to low 30's (F). Light organics, filtered through 500 um mesh.",,,,
FMP,20120201,20120201-01,Yellow Bay Knob @ Flathead Lake BioStation,TMP03416,FMP09795,12/2/2020,,,Deposition-Dry,1435.9,Deposition,Total Nitrogen,TN,33.8,,33.8,,µg/L - N,"USGS 03-4174, EPA 353.2",25,,,Bucket in on 24XI20@1530hrs. Some light snow showers and rain showers but mostly dry. High winds at times. Temperatures in the mid-30's to freezing at night. Moderate organics in the sample; filtered through 500 um mesh.,,,,
FMP,20120201,20120201-01,Yellow Bay Knob @ Flathead Lake BioStation,TMP03416,FMP09795,12/2/2020,,,Deposition-Dry,1435.9,Deposition,Total Phosphorus,TP,< 1.5,,1.5,<,µg/L - P,"USGS 03-4174, EPA 365.2",1.5,,,Bucket in on 24XI20@1530hrs. Some light snow showers and rain showers but mostly dry. High winds at times. Temperatures in the mid-30's to freezing at night. Moderate organics in the sample; filtered through 500 um mesh.,,,,
FMP,20120903,20120903-01,Yellow Bay Knob @ Flathead Lake BioStation,TMP03416,FMP09796,12/9/2020,,,Deposition-Dry,1856.8,Deposition,Total Nitrogen,TN,< 25.0,,25,<,µg/L - N,"USGS 03-4174, EPA 353.2",25,,,Bucket in on 02XII20 @0945hrs. Cold with some light snow showers; but mostly dry. Moderate winds. Light organics; filtered through 500 um mesh.,,,,
FMP,20120903,20120903-01,Yellow Bay Knob @ Flathead Lake BioStation,TMP03416,FMP09796,12/9/2020,,,Deposition-Dry,1856.8,Deposition,Total Phosphorus,TP,< 1.5,,1.5,<,µg/L - P,"USGS 03-4174, EPA 365.2",1.5,,,Bucket in on 02XII20 @0945hrs. Cold with some light snow showers; but mostly dry. Moderate winds. Light organics; filtered through 500 um mesh.,,,,
FMP,20121702,20121702-01,Yellow Bay Knob @ Flathead Lake BioStation,TMP03416,FMP09816,12/17/2020,,,Deposition-Dry,1587.9,Deposition,Total Nitrogen,TN,34.2,,34.2,,µg/L - N,"USGS 03-4174, EPA 353.2",25,,,Bucket in on 09XII20 @ 0955. Some rain and snow over the collection period; temps at or above freezing; high winds. Light organics; filtered through 500 um mesh.,,,,
FMP,20121702,20121702-01,Yellow Bay Knob @ Flathead Lake BioStation,TMP03416,FMP09816,12/17/2020,,,Deposition-Dry,1587.9,Deposition,Total Phosphorus,TP,< 1.5,,1.5,<,µg/L - P,"USGS 03-4174, EPA 365.2",1.5,,,Bucket in on 09XII20 @ 0955. Some rain and snow over the collection period; temps at or above freezing; high winds. Light organics; filtered through 500 um mesh.,,,,
FMP,20122901,20122901-01,Yellow Bay Knob @ Flathead Lake BioStation,TMP03416,FMP09818,12/28/2020,,,Deposition-Dry,1540.4,Deposition,Total Nitrogen,TN,49.2,,49.2,,µg/L - N,"USGS 03-4174, EPA 353.2",25,,,Bucket in on 17XII20@1600hrs. Freezing rain and snow showers; cold temps; high to moderate winds. Moderate organics; partially frozen. Filtered through 500 um mesh.,,,,
FMP,20122901,20122901-01,Yellow Bay Knob @ Flathead Lake BioStation,TMP03416,FMP09818,12/28/2020,,,Deposition-Dry,1540.4,Deposition,Total Phosphorus,TP,1.8,,1.8,,µg/L - P,"USGS 03-4174, EPA 365.2",1.5,,,Bucket in on 17XII20@1600hrs. Freezing rain and snow showers; cold temps; high to moderate winds. Moderate organics; partially frozen. Filtered through 500 um mesh.,,,,
FMP,21010602,21010602-01,Yellow Bay Knob @ Flathead Lake BioStation,TMP03416,FMP09820,1/6/2021,,,Deposition-Dry,1453.8,Deposition,Total Nitrogen,TN,72.4,,72.4,,µg/L - N,"USGS 03-4174, EPA 353.2",25,,,Bucket in on 28XII20@1230hrs. A few rain and snow showers; warmer temperatures; high to moderate winds.Light organics; filtered through 500 um mesh.,,,,
FMP,21010602,21010602-01,Yellow Bay Knob @ Flathead Lake BioStation,TMP03416,FMP09820,1/6/2021,,,Deposition-Dry,1453.8,Deposition,Total Phosphorus,TP,1.6,,1.6,,µg/L - P,"USGS 03-4174, EPA 365.2",1.5,,,Bucket in on 28XII20@1230hrs. A few rain and snow showers; warmer temperatures; high to moderate winds.Light organics; filtered through 500 um mesh.,,,,
FMP,21011301,21011301-01,Yellow Bay Knob @ Flathead Lake BioStation,TMP03416,FMP09822,1/13/2021,,,Deposition-Dry,1967.8,Deposition,Total Nitrogen,TN,58.2,,58.2,,µg/L - N,"USGS 03-4174, EPA 353.2",25,,,Bucket in on 06I21@1315 hrs. Dry to heavy rain this last week; warmer weather in the mid-30's to 40's (F); moderate to high winds.Heavy organics; filtered through 500 um mesh.,,,,
FMP,21011301,21011301-01,Yellow Bay Knob @ Flathead Lake BioStation,TMP03416,FMP09822,1/13/2021,,,Deposition-Dry,1967.8,Deposition,Total Phosphorus,TP,2.1,,2.1,,µg/L - P,"USGS 03-4174, EPA 365.2",1.5,,,Bucket in on 06I21@1315 hrs. Dry to heavy rain this last week; warmer weather in the mid-30's to 40's (F); moderate to high winds.Heavy organics; filtered through 500 um mesh.,,,,
FMP,21012002,21012002-01,Yellow Bay Knob @ Flathead Lake BioStation,TMP03416,FMP09828,1/20/2021,,,Deposition-Dry,1897.8,Deposition,Total Nitrogen,TN,25.9,,25.9,,µg/L - N,"USGS 03-4174, EPA 353.2",25,,,"Bucket in on 13I21@1225hrs. Light rian and snow showers at times. Mostly dry with days above freezing but nights at or below freezing, low to high winds. Moderate organics; filtered through 500 um mesh.",,,,
FMP,21012002,21012002-01,Yellow Bay Knob @ Flathead Lake BioStation,TMP03416,FMP09828,1/20/2021,,,Deposition-Dry,1897.8,Deposition,Total Phosphorus,TP,< 1.5,,1.5,<,µg/L - P,"USGS 03-4174, EPA 365.2",1.5,,,"Bucket in on 13I21@1225hrs. Light rian and snow showers at times. Mostly dry with days above freezing but nights at or below freezing, low to high winds. Moderate organics; filtered through 500 um mesh.",,,,
FMP,21012801,21012801-01,Yellow Bay Knob @ Flathead Lake BioStation,TMP03416,FMP09829,1/28/2021,,,Deposition-Dry,1621.3,Deposition,Total Nitrogen,TN,28.9,,28.9,,µg/L - N,"USGS 03-4174, EPA 353.2",25,,,Bucket in 20I21 @1500hrs. Very cold temperatures; Light snow; Mostly dry. Light organics in the sample; Filtered through 500 um mesh.,,,,
FMP,21012801,21012801-01,Yellow Bay Knob @ Flathead Lake BioStation,TMP03416,FMP09829,1/28/2021,,,Deposition-Dry,1621.3,Deposition,Total Phosphorus,TP,< 1.5,,1.5,<,µg/L - P,"USGS 03-4174, EPA 365.2",1.5,,,Bucket in 20I21 @1500hrs. Very cold temperatures; Light snow; Mostly dry. Light organics in the sample; Filtered through 500 um mesh.,,,,
FMP,21021002,21021002-01,Yellow Bay Knob @ Flathead Lake BioStation,TMP03416,FMP09846,2/9/2021,,,Deposition-Dry,2131.8,Deposition,Total Nitrogen,TN,94.9,,94.9,,µg/L - N,"USGS 03-4174, EPA 353.2",25,,,"Bucket in 28I21 @ 1130hrs.  Cold, snow and wind last week. Light organics in sample, filtered through 500um mesh. Left in cooler overnight to thaw.",,,,
FMP,21021002,21021002-01,Yellow Bay Knob @ Flathead Lake BioStation,TMP03416,FMP09846,2/9/2021,,,Deposition-Dry,2131.8,Deposition,Total Phosphorus,TP,< 1.5,,1.5,<,µg/L - P,"USGS 03-4174, EPA 365.2",1.5,,,"Bucket in 28I21 @ 1130hrs.  Cold, snow and wind last week. Light organics in sample, filtered through 500um mesh. Left in cooler overnight to thaw.",,,,
FMP,21022502,21022502-01,Yellow Bay Knob @ Flathead Lake BioStation,TMP03416,FMP09849,2/25/2021,,,Deposition-Dry,1398.7,Deposition,Total Nitrogen,TN,94.2,,94.2,,µg/L - N,"USGS 03-4174, EPA 353.2",25,,,Bucket in on 18II21@0900hrs. Mostly dry with a few light snow /rain showers; warmer temperatures; moderate to high winds. Light organics; sample filtered through 500 um mesh.,,,,
FMP,21022502,21022502-01,Yellow Bay Knob @ Flathead Lake BioStation,TMP03416,FMP09849,2/25/2021,,,Deposition-Dry,1398.7,Deposition,Total Phosphorus,TP,< 1.5,,1.5,<,µg/L - P,"USGS 03-4174, EPA 365.2",1.5,,,Bucket in on 18II21@0900hrs. Mostly dry with a few light snow /rain showers; warmer temperatures; moderate to high winds. Light organics; sample filtered through 500 um mesh.,,,,
FMP,21030501,21030501-01,Yellow Bay Knob @ Flathead Lake BioStation,TMP03416,FMP09865,3/5/2021,,,Deposition-Dry,1356,Deposition,Total Nitrogen,TN,81.4,,81.4,,µg/L - N,"USGS 03-4174, EPA 353.2",25,,,Bucket in on 25II21@1500hrs. Mostly dry; springtime conditions; open burningstated 3/1/21; calm to moderate winds.,,,,
FMP,21030501,21030501-01,Yellow Bay Knob @ Flathead Lake BioStation,TMP03416,FMP09865,3/5/2021,,,Deposition-Dry,1356,Deposition,Total Phosphorus,TP,< 1.5,,1.5,<,µg/L - P,"USGS 03-4174, EPA 365.2",1.5,,,Bucket in on 25II21@1500hrs. Mostly dry; springtime conditions; open burningstated 3/1/21; calm to moderate winds.,,,,
FMP,21032601,21032601-01,Yellow Bay Knob @ Flathead Lake BioStation,TMP03416,FMP09873,3/26/2021,,,Deposition-Dry,1628.5,Deposition,Total Nitrogen,TN,122,,122,,µg/L - N,"USGS 03-4174, EPA 353.2",25,,,Bucket in on 19III21@1000hrs. Moslty dry but rain showers this week; Calm to moderate winds; open burning. Moderate organics; filtered through 500 um mesh.,,,,
FMP,21032601,21032601-01,Yellow Bay Knob @ Flathead Lake BioStation,TMP03416,FMP09873,3/26/2021,,,Deposition-Dry,1628.5,Deposition,Total Phosphorus,TP,1.9,,1.9,,µg/L - P,"USGS 03-4174, EPA 365.2",1.5,,,Bucket in on 19III21@1000hrs. Moslty dry but rain showers this week; Calm to moderate winds; open burning. Moderate organics; filtered through 500 um mesh.,,,,
FMP,21032901,21032901-01,Yellow Bay Knob @ Flathead Lake BioStation,TMP03416,FMP09890,4/2/2021,,,Deposition-Dry,1188,Deposition,Total Nitrogen,TN,93.8,,93.8,,µg/L - N,"USGS 03-4174, EPA 353.2",25,,,Bucket in on 26III21 @ 09:30. Mostly sunny but high winds most of the week; days in the  50's (F) with freezing nights; open burning. Heavy organics; 1 Dipteran fly and 2 midge adults; filtered through 500 um mesh.,,,,
FMP,21032901,21032901-01,Yellow Bay Knob @ Flathead Lake BioStation,TMP03416,FMP09890,4/2/2021,,,Deposition-Dry,1188,Deposition,Total Phosphorus,TP,9.7,,9.7,,µg/L - P,"USGS 03-4174, EPA 365.2",1.5,,,Bucket in on 26III21 @ 09:30. Mostly sunny but high winds most of the week; days in the  50's (F) with freezing nights; open burning. Heavy organics; 1 Dipteran fly and 2 midge adults; filtered through 500 um mesh.,,,,
FMP,21040901,21040901-01,Yellow Bay Knob @ Flathead Lake BioStation,TMP03416,FMP09891,4/9/2021,,,Deposition-Dry,1132.5,Deposition,Total Nitrogen,TN,99.8,,99.8,,µg/L - N,"USGS 03-4174, EPA 353.2",25,,,Bucket in on 02IV21@1000hrs. Mostly dry with a few showers; with winds high to moderate; open burning. Moderate organics; filtered through 500 um mesh.,,,,
FMP,21040901,21040901-01,Yellow Bay Knob @ Flathead Lake BioStation,TMP03416,FMP09891,4/9/2021,,,Deposition-Dry,1132.5,Deposition,Total Phosphorus,TP,7.7,,7.7,,µg/L - P,"USGS 03-4174, EPA 365.2",1.5,,,Bucket in on 02IV21@1000hrs. Mostly dry with a few showers; with winds high to moderate; open burning. Moderate organics; filtered through 500 um mesh.,,,,
FMP,21041501,21041501-01,Yellow Bay Knob @ Flathead Lake BioStation,TMP03416,FMP09896,4/15/2021,,,Deposition-Dry,1192.6,Deposition,Total Nitrogen,TN,81.6,,81.6,,µg/L - N,"USGS 03-4174, EPA 353.2",25,,,Bucket in on 09IV21 @ 1130hrs. High winds with days in the 50's (F) but still freezing; open burning; mostly dry and sunny. Heavy organics; filtered through 500 um mesh.,,,,
FMP,21041501,21041501-01,Yellow Bay Knob @ Flathead Lake BioStation,TMP03416,FMP09896,4/15/2021,,,Deposition-Dry,1192.6,Deposition,Total Phosphorus,TP,7.9,,7.9,,µg/L - P,"USGS 03-4174, EPA 365.2",1.5,,,Bucket in on 09IV21 @ 1130hrs. High winds with days in the 50's (F) but still freezing; open burning; mostly dry and sunny. Heavy organics; filtered through 500 um mesh.,,,,
FMP,21042202,21042202-01,Yellow Bay Knob @ Flathead Lake BioStation,TMP03416,FMP09912,4/22/2021,,,Deposition-Dry,1060.6,Deposition,Total Nitrogen,TN,288,,288,,µg/L - N,"USGS 03-4174, EPA 353.2",25,,,"Bucket in on 15IV21 @ 1000hrs. High winds, some snow but mostly dry, nights are still freezing, open burning. Heavy organics, 3 wasps, filtered through 500 um mesh.",,,,
FMP,21042202,21042202-01,Yellow Bay Knob @ Flathead Lake BioStation,TMP03416,FMP09912,4/22/2021,,,Deposition-Dry,1060.6,Deposition,Total Phosphorus,TP,45,,45,,µg/L - P,"USGS 03-4174, EPA 365.2",1.5,,,"Bucket in on 15IV21 @ 1000hrs. High winds, some snow but mostly dry, nights are still freezing, open burning. Heavy organics, 3 wasps, filtered through 500 um mesh.",,,,
FMP,21043001,21043001-01,Yellow Bay Knob @ Flathead Lake BioStation,TMP03416,FMP09912,4/30/2021,,,Deposition-Dry,1113,Deposition,Total Nitrogen,TN,197,,197,,µg/L - N,"USGS 03-4174, EPA 353.2",25,,,"Warm, cool, rainy. Sunny, windy and calm last week. 5 flies, 1 beetle and few fine organics in sample.  Filtered through 500um mesh.",,,,
FMP,21043001,21043001-01,Yellow Bay Knob @ Flathead Lake BioStation,TMP03416,FMP09912,4/30/2021,,,Deposition-Dry,1113,Deposition,Total Phosphorus,TP,26,,26,,µg/L - P,"USGS 03-4174, EPA 365.2",1.5,,,"Warm, cool, rainy. Sunny, windy and calm last week. 5 flies, 1 beetle and few fine organics in sample.  Filtered through 500um mesh.",,,,
FMP,21050701,21050701-01,Yellow Bay Knob @ Flathead Lake BioStation,TMP03416,FMP09919,5/7/2021,,,Deposition-Dry,788.8,Deposition,Total Nitrogen,TN,553,,553,,µg/L - N,"USGS 03-4174, EPA 353.2",25,,,"Bucket in on 30IV21 @ 00800hrs.; Mostly dry and warm; high to moderate winds; open burning. Heay organics, 3 Dipteran flies; 1 Beetle; Pollen; filtered through 500 um mesh.",,,,
FMP,21050701,21050701-01,Yellow Bay Knob @ Flathead Lake BioStation,TMP03416,FMP09919,5/7/2021,,,Deposition-Dry,788.8,Deposition,Total Phosphorus,TP,97.2,,97.2,,µg/L - P,"USGS 03-4174, EPA 365.2",1.5,,,"Bucket in on 30IV21 @ 00800hrs.; Mostly dry and warm; high to moderate winds; open burning. Heay organics, 3 Dipteran flies; 1 Beetle; Pollen; filtered through 500 um mesh.",,,,
FMP,21051401,21051401-01,Yellow Bay Knob @ Flathead Lake BioStation,TMP03416,FMP09935,5/14/2021,,,Deposition-Dry,1458.9,Deposition,Total Nitrogen,TN,278,,278,,µg/L - N,"USGS 03-4174, EPA 353.2",25,,,Bucekt in 07V21@0900hrs. Mostly dry with a few light showers; open burning and lots of pollen in the air. Moderate organics and pollen; filtered through 500 um mesh.,,,,
FMP,21051401,21051401-01,Yellow Bay Knob @ Flathead Lake BioStation,TMP03416,FMP09935,5/14/2021,,,Deposition-Dry,1458.9,Deposition,Total Phosphorus,TP,37.1,,37.1,,µg/L - P,"USGS 03-4174, EPA 365.2",1.5,,,Bucekt in 07V21@0900hrs. Mostly dry with a few light showers; open burning and lots of pollen in the air. Moderate organics and pollen; filtered through 500 um mesh.,,,,
FMP,21052101,21052101-01,Yellow Bay Knob @ Flathead Lake BioStation,TMP03416,FMP09940,5/21/2021,,,Deposition-Dry,889.8,Deposition,Total Nitrogen,TN,414,,414,,µg/L - N,"USGS 03-4174, EPA 353.2",25,,,"Cool, windy, trace precip (not enough for sample) and pollen in air for last week.  Moderate organics in sample, filtered through 500um mesh.",,,,
FMP,21052101,21052101-01,Yellow Bay Knob @ Flathead Lake BioStation,TMP03416,FMP09940,5/21/2021,,,Deposition-Dry,889.8,Deposition,Total Phosphorus,TP,57.8,,57.8,,µg/L - P,"USGS 03-4174, EPA 365.2",1.5,,,"Cool, windy, trace precip (not enough for sample) and pollen in air for last week.  Moderate organics in sample, filtered through 500um mesh.",,,,
FMP,21052701,21052701-01,Yellow Bay Knob @ Flathead Lake BioStation,TMP03416,FMP09941,5/27/2021,,,Deposition-Dry,4472,Deposition,Total Nitrogen,TN,156,,156,,µg/L - N,"USGS 03-4174, EPA 353.2",25,,,"Bucket in 21V21 @ 0830 hours. Rainy and cool all week. Voume indicated a lot of rain water in sample. Light organics and 3 small flies in sample, filtered through 500um mesh.",,,,
FMP,21052701,21052701-01,Yellow Bay Knob @ Flathead Lake BioStation,TMP03416,FMP09941,5/27/2021,,,Deposition-Dry,4472,Deposition,Total Phosphorus,TP,5.8,,5.8,,µg/L - P,"USGS 03-4174, EPA 365.2",1.5,,,"Bucket in 21V21 @ 0830 hours. Rainy and cool all week. Voume indicated a lot of rain water in sample. Light organics and 3 small flies in sample, filtered through 500um mesh.",,,,
FMP,21060301,21060301-01,Yellow Bay Knob @ Flathead Lake BioStation,TMP03416,FMP09959,6/3/2021,,,Deposition-Dry,617.3,Deposition,Total Nitrogen,TN,647,,647,,µg/L - N,"USGS 03-4174, EPA 353.2",25,,,"Bucket in on 27V21 @ 08:15hrs. Warm and sunny with highs in the 80's (F); Calm to moderate winds; Hazy from firs/open burning. Lots of pollen. Heavy org. in the sample; 1 bee, 1 beetle and 1 fly; Pollen in the sample; filtered thru 500 um mesh.",,,,
FMP,21060301,21060301-01,Yellow Bay Knob @ Flathead Lake BioStation,TMP03416,FMP09959,6/3/2021,,,Deposition-Dry,617.3,Deposition,Total Phosphorus,TP,124,,124,,µg/L - P,"USGS 03-4174, EPA 365.2",1.5,,,"Bucket in on 27V21 @ 08:15hrs. Warm and sunny with highs in the 80's (F); Calm to moderate winds; Hazy from firs/open burning. Lots of pollen. Heavy org. in the sample; 1 bee, 1 beetle and 1 fly; Pollen in the sample; filtered thru 500 um mesh.",,,,
FMP,21061101,21061101-01,Yellow Bay Knob @ Flathead Lake BioStation,TMP03416,FMP09964,6/11/2021,,,Deposition-Dry,2729.4,Deposition,Total Nitrogen,TN,588,,588,,µg/L - N,"USGS 03-4174, EPA 353.2",25,,,"Bucket in on 03VI21@0955hrs. Sunny and warm but heavy rainstorms the past two days; ~1/3"" of rain. High winds. Volume indicates lots of rain water in this sample. Heavy organics, 2 bees and 1 beetle; pollen; filtered through 500 um mesh.",,,,
FMP,21061101,21061101-01,Yellow Bay Knob @ Flathead Lake BioStation,TMP03416,FMP09964,6/11/2021,,,Deposition-Dry,2729.4,Deposition,Total Phosphorus,TP,36.3,,36.3,,µg/L - P,"USGS 03-4174, EPA 365.2",1.5,,,"Bucket in on 03VI21@0955hrs. Sunny and warm but heavy rainstorms the past two days; ~1/3"" of rain. High winds. Volume indicates lots of rain water in this sample. Heavy organics, 2 bees and 1 beetle; pollen; filtered through 500 um mesh.",,,,
FMP,21062501,21062501-01,Yellow Bay Knob @ Flathead Lake BioStation,TMP03416,FMP09986,6/25/2021,,,Deposition-Dry,1130.5,Deposition,Total Nitrogen,TN,411,,411,,µg/L - N,"USGS 03-4174, EPA 353.2",25,,,Hot and Dry; moderate to calm winds; litght rainstorm yesterday but not enough for the sample; lots of pollen in the air; still open burning; Heavy orga.; 6 beetles and 2 Dipteran flies; filtered through 500 um mesh.,,,,
FMP,21062501,21062501-01,Yellow Bay Knob @ Flathead Lake BioStation,TMP03416,FMP09986,6/25/2021,,,Deposition-Dry,1130.5,Deposition,Total Phosphorus,TP,71.5,,71.5,,µg/L - P,"USGS 03-4174, EPA 365.2",1.5,,,Hot and Dry; moderate to calm winds; litght rainstorm yesterday but not enough for the sample; lots of pollen in the air; still open burning; Heavy orga.; 6 beetles and 2 Dipteran flies; filtered through 500 um mesh.,,,,
FMP,21062502,21062502-01,Yellow Bay Knob @ Flathead Lake BioStation,TMP03416,FMP09987,7/2/2021,,,Deposition-Dry,991.3,Deposition,Total Nitrogen,TN,308,,308,,µg/L - N,"USGS 03-4174, EPA 353.2",25,,,"Bucket in on 6/25/21; very hot and dry; moderate to colm winds; light rainstorm yesterday but not enough for sample; still open burning and lots of pollen. Medium organics, 3 beetles, 2 Dipteran flies; filtered through 500 micrometer mesh",,,,
FMP,21062502,21062502-01,Yellow Bay Knob @ Flathead Lake BioStation,TMP03416,FMP09987,7/2/2021,,,Deposition-Dry,991.3,Deposition,Total Phosphorus,TP,83.4,,83.4,,µg/L - P,"USGS 03-4174, EPA 365.2",1.5,,,"Bucket in on 6/25/21; very hot and dry; moderate to colm winds; light rainstorm yesterday but not enough for sample; still open burning and lots of pollen. Medium organics, 3 beetles, 2 Dipteran flies; filtered through 500 micrometer mesh",,,,
FMP,21070901,21070901-01,Yellow Bay Knob @ Flathead Lake BioStation,TMP03416,FMP09992,7/9/2021,,,Deposition-Dry,881.9,Deposition,Total Nitrogen,TN,419,,419,,µg/L - N,"USGS 03-4174, EPA 353.2",25,,,Bucket in on 02VII21@1010hrs. Hot and dry; few thunder/rain storms; moderate winds; some hazy skies from fires. Heavy organics; 1 Bee and 2 Beetle; filtered through 500um mesh.,,,,
FMP,21070901,21070901-01,Yellow Bay Knob @ Flathead Lake BioStation,TMP03416,FMP09992,7/9/2021,,,Deposition-Dry,881.9,Deposition,Total Phosphorus,TP,102,,102,,µg/L - P,"USGS 03-4174, EPA 365.2",1.5,,,Bucket in on 02VII21@1010hrs. Hot and dry; few thunder/rain storms; moderate winds; some hazy skies from fires. Heavy organics; 1 Bee and 2 Beetle; filtered through 500um mesh.,,,,
FMP,21071601,21071601-01,Yellow Bay Knob @ Flathead Lake BioStation,TMP03416,FMP10008,7/16/2021,,,Deposition-Dry,837.9,Deposition,Total Nitrogen,TN,378,,378,,µg/L - N,"USGS 03-4174, EPA 353.2",25,,,Hotr and dry all week. Smoke in valley but can still see west shore. Moserate fine particles in sample including ash. Filtered through 500um mesh.,,,,
FMP,21071601,21071601-01,Yellow Bay Knob @ Flathead Lake BioStation,TMP03416,FMP10008,7/16/2021,,,Deposition-Dry,837.9,Deposition,Total Phosphorus,TP,71.4,,71.4,,µg/L - P,"USGS 03-4174, EPA 365.2",1.5,,,Hotr and dry all week. Smoke in valley but can still see west shore. Moserate fine particles in sample including ash. Filtered through 500um mesh.,,,,
FMP,21072601,21072601-01,Yellow Bay Knob @ Flathead Lake BioStation,TMP03416,FMP10009,7/26/2021,,,Deposition-Dry,1740,Deposition,Total Nitrogen,TN,302,,302,,µg/L - N,"USGS 03-4174, EPA 353.2",25,,,Hot and dry; Heavy smoke in the valley; moderate to calm winds. Heavy organics; 4 bees/wasps and 3 beetles; filtered through 500 um mesh.,,,,
FMP,21072601,21072601-01,Yellow Bay Knob @ Flathead Lake BioStation,TMP03416,FMP10009,7/26/2021,,,Deposition-Dry,1740,Deposition,Total Phosphorus,TP,102,,102,,µg/L - P,"USGS 03-4174, EPA 365.2",1.5,,,Hot and dry; Heavy smoke in the valley; moderate to calm winds. Heavy organics; 4 bees/wasps and 3 beetles; filtered through 500 um mesh.,,,,
FMP,21081202,21081202-01,Yellow Bay Knob @ Flathead Lake BioStation,TMP03416,FMP10033,8/12/2021,,,Deposition-Dry,1749.3,Deposition,Total Nitrogen,TN,325,,325,,µg/L - N,"USGS 03-4174, EPA 353.2",25,,,Bucket in on 05VIII21 @ 1445hrs. Sunny and cooler (70-80F); Still heavy smoke and haze from fires; Power back on; High winds. Heavy soot and ash; organics; 1 wasp; Filtered through 500 um mesh.,,,,
FMP,21081202,21081202-01,Yellow Bay Knob @ Flathead Lake BioStation,TMP03416,FMP10033,8/12/2021,,,Deposition-Dry,1749.3,Deposition,Total Phosphorus,TP,32.9,,32.9,,µg/L - P,"USGS 03-4174, EPA 365.2",1.5,,,Bucket in on 05VIII21 @ 1445hrs. Sunny and cooler (70-80F); Still heavy smoke and haze from fires; Power back on; High winds. Heavy soot and ash; organics; 1 wasp; Filtered through 500 um mesh.,,,,
FMP,21082002,21082002-01,Yellow Bay Knob @ Flathead Lake BioStation,TMP03416,FMP10039,8/20/2021,,,Deposition-Dry,1639.9,Deposition,Total Nitrogen,TN,624,,624,,µg/L - N,"USGS 03-4174, EPA 353.2",25,,,"Cool last week. Lots of smoke and ash in air. Trace precip in wet collector. Lots of ash and fine particles in sample, filtered through 500um mesh.",,,,
FMP,21082002,21082002-01,Yellow Bay Knob @ Flathead Lake BioStation,TMP03416,FMP10039,8/20/2021,,,Deposition-Dry,1639.9,Deposition,Total Phosphorus,TP,288,,288,,µg/L - P,"USGS 03-4174, EPA 365.2",1.5,,,"Cool last week. Lots of smoke and ash in air. Trace precip in wet collector. Lots of ash and fine particles in sample, filtered through 500um mesh.",,,,
FMP,21082401,21082401-01,Yellow Bay Knob @ Flathead Lake BioStation,TMP03416,FMP10040,8/24/2021,,,Deposition-Dry,1945.5,Deposition,Total Nitrogen,TN,210,,210,,µg/L - N,"USGS 03-4174, EPA 353.2",25,,,"Cool and windy last week, light rain 2 days ago but WET bucket only had trace amount of water in it. This is probably a bulk sample.  Light organics and no soot in sample, filtered through 500um mesh.",,,,
FMP,21082401,21082401-01,Yellow Bay Knob @ Flathead Lake BioStation,TMP03416,FMP10040,8/24/2021,,,Deposition-Dry,1945.5,Deposition,Total Phosphorus,TP,3.7,,3.7,,µg/L - P,"USGS 03-4174, EPA 365.2",1.5,,,"Cool and windy last week, light rain 2 days ago but WET bucket only had trace amount of water in it. This is probably a bulk sample.  Light organics and no soot in sample, filtered through 500um mesh.",,,,
FMP,21090201,21090201-01,Yellow Bay Knob @ Flathead Lake BioStation,TMP03416,FMP10057,9/2/2021,,,Deposition-Dry,831.7,Deposition,Total Nitrogen,TN,458,,458,,µg/L - N,"USGS 03-4174, EPA 353.2",25,,,Bucket in on 24VIII21@0830hrs. Still hazy from fires; sunny and dry; moderate to high winds; cooler temperatures. Moderate organics; 4 flies; filtered through 500 um mesh.,,,,
FMP,21090201,21090201-01,Yellow Bay Knob @ Flathead Lake BioStation,TMP03416,FMP10057,9/2/2021,,,Deposition-Dry,831.7,Deposition,Total Phosphorus,TP,35.1,,35.1,,µg/L - P,"USGS 03-4174, EPA 365.2",1.5,,,Bucket in on 24VIII21@0830hrs. Still hazy from fires; sunny and dry; moderate to high winds; cooler temperatures. Moderate organics; 4 flies; filtered through 500 um mesh.,,,,
FMP,21091002,21091002-01,Yellow Bay Knob @ Flathead Lake BioStation,TMP03416,FMP10058,9/10/2021,,,Deposition-Dry,546.1,Deposition,Total Nitrogen,TN,144,,144,,µg/L - N,"USGS 03-4174, EPA 353.2",25,,,Bucket in on 02IX21 at 1030hrs. Still hazy from fires; cool to moderate temps; low to mod. Wind. Moderate organics; filtered through 500um mesh.,,,,
FMP,21091002,21091002-01,Yellow Bay Knob @ Flathead Lake BioStation,TMP03416,FMP10058,9/10/2021,,,Deposition-Dry,546.1,Deposition,Total Phosphorus,TP,14.7,,14.7,,µg/L - P,"USGS 03-4174, EPA 365.2",1.5,,,Bucket in on 02IX21 at 1030hrs. Still hazy from fires; cool to moderate temps; low to mod. Wind. Moderate organics; filtered through 500um mesh.,,,,
FMP,21100801,21100801-01,Yellow Bay Knob @ Flathead Lake BioStation,TMP03416,FMP10098,10/8/2021,,,Deposition-Dry,1188.2,Deposition,Total Nitrogen,TN,63.9,,63.9,,µg/L - N,"USGS 03-4174, EPA 353.2",25,,,"Bucket in on 08X21@1000hrs. Dry and colder temperatures; moderate to hihg winds. Smoke has cleared from fires. Light organics, 1 Dragonfly, I fly; filtered through 500 um mesh.",,,,
FMP,21100801,21100801-01,Yellow Bay Knob @ Flathead Lake BioStation,TMP03416,FMP10098,10/8/2021,,,Deposition-Dry,1188.2,Deposition,Total Phosphorus,TP,6.6,,6.6,,µg/L - P,"USGS 03-4174, EPA 365.2",1.5,,,"Bucket in on 08X21@1000hrs. Dry and colder temperatures; moderate to hihg winds. Smoke has cleared from fires. Light organics, 1 Dragonfly, I fly; filtered through 500 um mesh.",,,,
FMP,21101501,21101501-01,Yellow Bay Knob @ Flathead Lake BioStation,TMP03416,FMP10103,10/15/2021,,,Deposition-Dry,1503.5,Deposition,Total Nitrogen,TN,71.4,,71.4,,µg/L - N,"USGS 03-4174, EPA 353.2",25,,,"Bucket in on 08X21@1330hrs. High winds and colder temperatures; some rain but not enough for sample, trace amounts. Heavy organics; 1 midge; filtered through 500 um mesh.",,,,
FMP,21101501,21101501-01,Yellow Bay Knob @ Flathead Lake BioStation,TMP03416,FMP10103,10/15/2021,,,Deposition-Dry,1503.5,Deposition,Total Phosphorus,TP,11.1,,11.1,,µg/L - P,"USGS 03-4174, EPA 365.2",1.5,,,"Bucket in on 08X21@1330hrs. High winds and colder temperatures; some rain but not enough for sample, trace amounts. Heavy organics; 1 midge; filtered through 500 um mesh.",,,,
FMP,21102201,21102201-01,Yellow Bay Knob @ Flathead Lake BioStation,TMP03416,FMP10104,10/22/2021,,,Deposition-Dry,1515.1,Deposition,Total Nitrogen,TN,186,,186,,µg/L - N,"USGS 03-4174, EPA 353.2",25,,,"Cool and calm last week. 2 large flies and light organics in sample, filtered through 500um mesh.",,,,
FMP,21102201,21102201-01,Yellow Bay Knob @ Flathead Lake BioStation,TMP03416,FMP10104,10/22/2021,,,Deposition-Dry,1515.1,Deposition,Total Phosphorus,TP,25.1,,25.1,,µg/L - P,"USGS 03-4174, EPA 365.2",1.5,,,"Cool and calm last week. 2 large flies and light organics in sample, filtered through 500um mesh.",,,,
FMP,21110401,21110401-01,Yellow Bay Knob @ Flathead Lake BioStation,TMP03416,FMP10118,11/4/2021,,,Deposition-Dry,1005.3,Deposition,Total Nitrogen,TN,149,,149,,µg/L - N,"USGS 03-4174, EPA 353.2",25,,,Bucket in on 28X21@0815hrs. Mostly dry with some light rainstorms. High winds at times. Temperatures at or just above freezing overnight. Days in the 30's to 40's(F). Heavy organics; filtered through 500 um mesh.,,,,
FMP,21110401,21110401-01,Yellow Bay Knob @ Flathead Lake BioStation,TMP03416,FMP10118,11/4/2021,,,Deposition-Dry,1005.3,Deposition,Total Phosphorus,TP,8.1,,8.1,,µg/L - P,"USGS 03-4174, EPA 365.2",1.5,,,Bucket in on 28X21@0815hrs. Mostly dry with some light rainstorms. High winds at times. Temperatures at or just above freezing overnight. Days in the 30's to 40's(F). Heavy organics; filtered through 500 um mesh.,,,,
FMP,21120901,21120901-01,Yellow Bay Knob @ Flathead Lake BioStation,TMP03416,FMP10143,12/8/2021,,,Deposition-Dry,929.6,Deposition,Total Nitrogen,TN,96.8,,96.8,,µg/L - N,"USGS 03-4174, EPA 353.2",25,,,"Bucket in on 01XII21@1330hrs. Rain and snow showers during the collection period. High to moderate winds. Freezing temperatures. New rain/snow sensor installed. Light org, filt.500 um mesh.",,,,
FMP,21120901,21120901-01,Yellow Bay Knob @ Flathead Lake BioStation,TMP03416,FMP10143,12/8/2021,,,Deposition-Dry,929.6,Deposition,Total Phosphorus,TP,1.8,,1.8,,µg/L - P,"USGS 03-4174, EPA 365.2",1.5,,,"Bucket in on 01XII21@1330hrs. Rain and snow showers during the collection period. High to moderate winds. Freezing temperatures. New rain/snow sensor installed. Light org, filt.500 um mesh.",,,,
FMP,21121501,21121501-01,Yellow Bay Knob @ Flathead Lake BioStation,TMP03416,FMP10157,12/15/2021,,,Deposition-Dry,1582.1,Deposition,Total Nitrogen,TN,28.2,,28.2,,µg/L - N,"USGS 03-4174, EPA 353.2",25,,,"Bucket in on 08XII21@1300hrs. Rain and snow showers; Temperatures at or above freezing; High winds at times. Light organics, filtered through 500 um mesh.",,,,
FMP,21121501,21121501-01,Yellow Bay Knob @ Flathead Lake BioStation,TMP03416,FMP10157,12/15/2021,,,Deposition-Dry,1582.1,Deposition,Total Phosphorus,TP,< 1.5,,1.5,<,µg/L - P,"USGS 03-4174, EPA 365.2",1.5,,,"Bucket in on 08XII21@1300hrs. Rain and snow showers; Temperatures at or above freezing; High winds at times. Light organics, filtered through 500 um mesh.",,,,
FMP,21122201,21122201-01,Yellow Bay Knob @ Flathead Lake BioStation,TMP03416,FMP10159,12/22/2021,,,Deposition-Dry,1738.1,Deposition,Total Nitrogen,TN,36.5,,36.5,,µg/L - N,"USGS 03-4174, EPA 353.2",25,,,Cool (10-35degF) last week. Moderate snow 2 days ago. Light amount of fine particles in sample. Filtered through 500um mesh,,,,
FMP,21122201,21122201-01,Yellow Bay Knob @ Flathead Lake BioStation,TMP03416,FMP10159,12/22/2021,,,Deposition-Dry,1738.1,Deposition,Total Phosphorus,TP,< 1.5,,1.5,<,µg/L - P,"USGS 03-4174, EPA 365.2",1.5,,,Cool (10-35degF) last week. Moderate snow 2 days ago. Light amount of fine particles in sample. Filtered through 500um mesh,,,,
FMP,22011401,22011401-01,Yellow Bay Knob @ Flathead Lake BioStation,TMP03416,FMP10179,1/14/2022,,,Deposition-Dry,1591.5,Deposition,Total Nitrogen,TN,32.6,,32.6,,µg/L - N,"USGS 03-4174, EPA 353.2",25,,,Bucket in on 04I22 @1300hrs. Warmer weather this wee; nights still freezing; rain and snow showers.; calm to moderate winds. Moderate organics; filtered through 500 um mesh.,,,,
FMP,22011401,22011401-01,Yellow Bay Knob @ Flathead Lake BioStation,TMP03416,FMP10179,1/14/2022,,,Deposition-Dry,1591.5,Deposition,Total Phosphorus,TP,< 1.5,,1.5,<,µg/L - P,"USGS 03-4174, EPA 365.2",1.5,,,Bucket in on 04I22 @1300hrs. Warmer weather this wee; nights still freezing; rain and snow showers.; calm to moderate winds. Moderate organics; filtered through 500 um mesh.,,,,
FMP,22012101,22012101-01,Yellow Bay Knob @ Flathead Lake BioStation,TMP03416,FMP10181,1/21/2022,,,Deposition-Dry,1597.5,Deposition,Total Nitrogen,TN,56.7,,56.7,,µg/L - N,"USGS 03-4174, EPA 353.2",25,,,Bucket in on 14I22 @ 0915hrs. Temperatures in the mid-30's (F); freeze thaw cycles; calm to moderate winds; some light snow and rain at times. Light organics; filtered through 500 um mesh.,,,,
FMP,22012101,22012101-01,Yellow Bay Knob @ Flathead Lake BioStation,TMP03416,FMP10181,1/21/2022,,,Deposition-Dry,1597.5,Deposition,Total Phosphorus,TP,1.8,,1.8,,µg/L - P,"USGS 03-4174, EPA 365.2",1.5,,,Bucket in on 14I22 @ 0915hrs. Temperatures in the mid-30's (F); freeze thaw cycles; calm to moderate winds; some light snow and rain at times. Light organics; filtered through 500 um mesh.,,,,
FMP,22012801,22012801-01,Yellow Bay Knob @ Flathead Lake BioStation,TMP03416,FMP10182,1/28/2022,,,Deposition-Dry,1671,Deposition,Total Nitrogen,TN,< 25.0,,25,<,µg/L - N,"USGS 03-4174, EPA 353.2",25,,,Bucket in on 21I22@0915hrs. Temperatures in the mid-20's to mid-30's (F); freeze thaw cycles; some rain/snow at times. Light organics; filtered through 500 um mesh.,,,,
FMP,22012801,22012801-01,Yellow Bay Knob @ Flathead Lake BioStation,TMP03416,FMP10182,1/28/2022,,,Deposition-Dry,1671,Deposition,Total Phosphorus,TP,< 1.5,,1.5,<,µg/L - P,"USGS 03-4174, EPA 365.2",1.5,,,Bucket in on 21I22@0915hrs. Temperatures in the mid-20's to mid-30's (F); freeze thaw cycles; some rain/snow at times. Light organics; filtered through 500 um mesh.,,,,
FMP,22021101,22021101-01,Yellow Bay Knob @ Flathead Lake BioStation,TMP03416,FMP10197,2/11/2022,,,Deposition-Dry,1219.7,Deposition,Total Nitrogen,TN,56,,56,,µg/L - N,"USGS 03-4174, EPA 353.2",25,,,Bucket in on 04II22 @ 0900hrs. Warmer temps.; highs in the 40's (F); Moderate winds. Light organics; filtered through 500 um mesh.,,,,
FMP,22021101,22021101-01,Yellow Bay Knob @ Flathead Lake BioStation,TMP03416,FMP10197,2/11/2022,,,Deposition-Dry,1219.7,Deposition,Total Phosphorus,TP,< 1.5,,1.5,<,µg/L - P,"USGS 03-4174, EPA 365.2",1.5,,,Bucket in on 04II22 @ 0900hrs. Warmer temps.; highs in the 40's (F); Moderate winds. Light organics; filtered through 500 um mesh.,,,,
FMP,22021801,22021801-01,Yellow Bay Knob @ Flathead Lake BioStation,TMP03416,FMP10202,2/18/2022,,,Deposition-Dry,1578.9,Deposition,Total Nitrogen,TN,50.4,,50.4,,µg/L - N,"USGS 03-4174, EPA 353.2",25,,,Bucket in on 11II22 @1100hrs. Some snow and rain showers; Moderate to high winds; warmer with freeze-thaw cycles. Light organics; Filtered through 500 um mesh.,,,,
FMP,22021801,22021801-01,Yellow Bay Knob @ Flathead Lake BioStation,TMP03416,FMP10202,2/18/2022,,,Deposition-Dry,1578.9,Deposition,Total Phosphorus,TP,< 1.5,,1.5,<,µg/L - P,"USGS 03-4174, EPA 365.2",1.5,,,Bucket in on 11II22 @1100hrs. Some snow and rain showers; Moderate to high winds; warmer with freeze-thaw cycles. Light organics; Filtered through 500 um mesh.,,,,
FMP,22022501,22022501-01,Yellow Bay Knob @ Flathead Lake BioStation,TMP03416,FMP10203,2/25/2022,,,Deposition-Dry,1546.3,Deposition,Total Nitrogen,TN,42.7,,42.7,,µg/L - N,"USGS 03-4174, EPA 353.2",25,,,"Bucket in 18II22 0830 hrs. Very cold last week, snow yesterday. Light organics in sample, filttered through 500um mesh.",,,,
FMP,22022501,22022501-01,Yellow Bay Knob @ Flathead Lake BioStation,TMP03416,FMP10203,2/25/2022,,,Deposition-Dry,1546.3,Deposition,Total Phosphorus,TP,3.1,,3.1,,µg/L - P,"USGS 03-4174, EPA 365.2",1.5,,,"Bucket in 18II22 0830 hrs. Very cold last week, snow yesterday. Light organics in sample, filttered through 500um mesh.",,,,
FMP,22030305,22030305-01,Yellow Bay Knob @ Flathead Lake BioStation,TMP03416,FMP10209,3/4/2022,,,Deposition-Dry,990.6,Deposition,Total Nitrogen,TN,39,,39,,µg/L - N,"USGS 03-4174, EPA 353.2",25,,,"Bucket in on 25II22 @ 0815hrs. Heavy, heavy rain this past week with moderate winds; some inversion forcing low smoke layer; open burning started. Light organics; filtered through 500 um mesh.",,,,
FMP,22030305,22030305-01,Yellow Bay Knob @ Flathead Lake BioStation,TMP03416,FMP10209,3/4/2022,,,Deposition-Dry,990.6,Deposition,Total Phosphorus,TP,< 1.5,,1.5,<,µg/L - P,"USGS 03-4174, EPA 365.2",1.5,,,"Bucket in on 25II22 @ 0815hrs. Heavy, heavy rain this past week with moderate winds; some inversion forcing low smoke layer; open burning started. Light organics; filtered through 500 um mesh.",,,,
FMP,22031101,22031101-01,Yellow Bay Knob @ Flathead Lake BioStation,TMP03416,FMP10211,3/11/2022,,,Deposition-Dry,1267,Deposition,Total Nitrogen,TN,42.3,,42.3,,µg/L - N,"USGS 03-4174, EPA 353.2",25,,,Light snow but mostly dry; moderate to high winds; open burning. Heavy organics; filtered through 500 um mesh.,,,,
FMP,22031101,22031101-01,Yellow Bay Knob @ Flathead Lake BioStation,TMP03416,FMP10211,3/11/2022,,,Deposition-Dry,1267,Deposition,Total Phosphorus,TP,2.6,,2.6,,µg/L - P,"USGS 03-4174, EPA 365.2",1.5,,,Light snow but mostly dry; moderate to high winds; open burning. Heavy organics; filtered through 500 um mesh.,,,,
FMP,22031801,22031801-01,Yellow Bay Knob @ Flathead Lake BioStation,TMP03416,FMP10224,3/18/2022,,,Deposition-Dry,1342.7,Deposition,Total Nitrogen,TN,54.5,,54.5,,µg/L - N,"USGS 03-4174, EPA 353.2",25,,,Bucket in on 11III22@0845hrs. Rain this week with moderate to high winds; open burning Light organics in sample; filtered through 500 um mesh.,,,,
FMP,22031801,22031801-01,Yellow Bay Knob @ Flathead Lake BioStation,TMP03416,FMP10224,3/18/2022,,,Deposition-Dry,1342.7,Deposition,Total Phosphorus,TP,< 1.5,,1.5,<,µg/L - P,"USGS 03-4174, EPA 365.2",1.5,,,Bucket in on 11III22@0845hrs. Rain this week with moderate to high winds; open burning Light organics in sample; filtered through 500 um mesh.,,,,
FMP,22032501,22032501-01,Yellow Bay Knob @ Flathead Lake BioStation,TMP03416,FMP10226,3/25/2022,,,Deposition-Dry,2038.6,Deposition,Total Nitrogen,TN,69,,69,,µg/L - N,"USGS 03-4174, EPA 353.2",25,,,Bucket in on 18III22 @ 0930hrs. Dry with moderate to high winds. Open burning. Some trace rain via NOAA log. Heavy organics; filt. 500 um mesh. Lost power on 23II22 and cover stuck over Dry. Poured Dry bucket into Wet for combined Dry sample.,,,,
FMP,22032501,22032501-01,Yellow Bay Knob @ Flathead Lake BioStation,TMP03416,FMP10226,3/25/2022,,,Deposition-Dry,2038.6,Deposition,Total Phosphorus,TP,10.7,,10.7,,µg/L - P,"USGS 03-4174, EPA 365.2",1.5,,,Bucket in on 18III22 @ 0930hrs. Dry with moderate to high winds. Open burning. Some trace rain via NOAA log. Heavy organics; filt. 500 um mesh. Lost power on 23II22 and cover stuck over Dry. Poured Dry bucket into Wet for combined Dry sample.,,,,
FMP,22033001,22033001-01,Yellow Bay Knob @ Flathead Lake BioStation,TMP03416,FMP10227,3/30/2022,,,Deposition-Dry,1586.8,Deposition,Total Nitrogen,TN,51.9,,51.9,,µg/L - N,"USGS 03-4174, EPA 353.2",25,,,Bucket in on 25III22@1200hrs. Dry with moderate to high winds; open burning; power back on. Light organics; filtered through 500 um mesh; wet bucket re-set after power outage.,,,,
FMP,22033001,22033001-01,Yellow Bay Knob @ Flathead Lake BioStation,TMP03416,FMP10227,3/30/2022,,,Deposition-Dry,1586.8,Deposition,Total Phosphorus,TP,13.3,,13.3,,µg/L - P,"USGS 03-4174, EPA 365.2",1.5,,,Bucket in on 25III22@1200hrs. Dry with moderate to high winds; open burning; power back on. Light organics; filtered through 500 um mesh; wet bucket re-set after power outage.,,,,
FMP,22040802,22040802-01,Yellow Bay Knob @ Flathead Lake BioStation,TMP03416,FMP10244,4/8/2022,,,Deposition-Dry,1098.4,Deposition,Total Nitrogen,TN,116,,116,,µg/L - N,"USGS 03-4174, EPA 353.2",25,,,Bucket in on 30III22 @ 1045hrs. Some rain showers but mostly dry; high winds; freezing nights; open burning. Moderate organics; filtered through 500 um mesh.,,,,
FMP,22040802,22040802-01,Yellow Bay Knob @ Flathead Lake BioStation,TMP03416,FMP10244,4/8/2022,,,Deposition-Dry,1098.4,Deposition,Total Phosphorus,TP,12.3,,12.3,,µg/L - P,"USGS 03-4174, EPA 365.2",1.5,,,Bucket in on 30III22 @ 1045hrs. Some rain showers but mostly dry; high winds; freezing nights; open burning. Moderate organics; filtered through 500 um mesh.,,,,
FMP,22042203,22042203-01,Yellow Bay Knob @ Flathead Lake BioStation,TMP03416,FMP10258,4/22/2022,,,Deposition-Dry,1436.1,Deposition,Total Nitrogen,TN,92.8,,92.8,,µg/L - N,"USGS 03-4174, EPA 353.2",25,,,Bucket in on 15IV22@0830hrs. Calm to high winds; open burning. Light organics in the sample; filtered through 500 um mesh.,,,,
FMP,22042203,22042203-01,Yellow Bay Knob @ Flathead Lake BioStation,TMP03416,FMP10258,4/22/2022,,,Deposition-Dry,1436.1,Deposition,Total Phosphorus,TP,4.5,,4.5,,µg/L - P,"USGS 03-4174, EPA 365.2",1.5,,,Bucket in on 15IV22@0830hrs. Calm to high winds; open burning. Light organics in the sample; filtered through 500 um mesh.,,,,
FMP,22050201,22050201-01,Yellow Bay Knob @ Flathead Lake BioStation,TMP03416,FMP10260,5/2/2022,,,Deposition-Dry,1082.4,Deposition,Total Nitrogen,TN,188,,188,,µg/L - N,"USGS 03-4174, EPA 353.2",25,,,Bucket in on 22IV22 @ 1515 hrs. Some light rain showers but mostly dry; moderate to high winds; open burning. Light organics with 1 beetle and 5 flies; filtered through 500 um mesh.,,,,
FMP,22050201,22050201-01,Yellow Bay Knob @ Flathead Lake BioStation,TMP03416,FMP10260,5/2/2022,,,Deposition-Dry,1082.4,Deposition,Total Phosphorus,TP,18.5,,18.5,,µg/L - P,"USGS 03-4174, EPA 365.2",1.5,,,Bucket in on 22IV22 @ 1515 hrs. Some light rain showers but mostly dry; moderate to high winds; open burning. Light organics with 1 beetle and 5 flies; filtered through 500 um mesh.,,,,
FMP,22050901,22050901-01,Yellow Bay Knob @ Flathead Lake BioStation,TMP03416,FMP10265,5/9/2022,,,Deposition-Dry,1252.7,Deposition,Total Nitrogen,TN,1020,,1020,,µg/L - N,"USGS 03-4174, EPA 353.2",25,,,Bucket in on 02V22@0830hrs. Moderate to high winds; some rain showers heavy at times; cooler temps; open burning. Heavy organics; 12 flies and 1 bee; filtered through 500 um mesh. Pollen,,,,
FMP,22050901,22050901-01,Yellow Bay Knob @ Flathead Lake BioStation,TMP03416,FMP10265,5/9/2022,,,Deposition-Dry,1252.7,Deposition,Total Phosphorus,TP,202,,202,,µg/L - P,"USGS 03-4174, EPA 365.2",1.5,,,Bucket in on 02V22@0830hrs. Moderate to high winds; some rain showers heavy at times; cooler temps; open burning. Heavy organics; 12 flies and 1 bee; filtered through 500 um mesh. Pollen,,,,
FMP,22052001,22052001-01,Yellow Bay Knob @ Flathead Lake BioStation,TMP03416,FMP10279,5/20/2022,,,Deposition-Dry,808.7,Deposition,Total Nitrogen,TN,765,,765,,µg/L - N,"USGS 03-4174, EPA 353.2",25,,,"Cold, cloudy and windy for last week. Pollen kicking in. Sprinkles of rain early, them moderate rain last night. Moderate organics and midges in sample. Filtered through 500um mesh.",,,,
FMP,22052001,22052001-01,Yellow Bay Knob @ Flathead Lake BioStation,TMP03416,FMP10279,5/20/2022,,,Deposition-Dry,808.7,Deposition,Total Phosphorus,TP,160,,160,,µg/L - P,"USGS 03-4174, EPA 365.2",1.5,,,"Cold, cloudy and windy for last week. Pollen kicking in. Sprinkles of rain early, them moderate rain last night. Moderate organics and midges in sample. Filtered through 500um mesh.",,,,
FMP,22052501,22052501-01,Yellow Bay Knob @ Flathead Lake BioStation,TMP03416,FMP10281,5/25/2022,,,Deposition-Dry,839.2,Deposition,Total Nitrogen,TN,388,,388,,µg/L - N,"USGS 03-4174, EPA 353.2",25,,,"Partly cloudy and a little warmer this week (60degF), Few smallflies and 1 small beetle in sample. No noticable organics. Filtered through 500um mesh.",,,,
FMP,22052501,22052501-01,Yellow Bay Knob @ Flathead Lake BioStation,TMP03416,FMP10281,5/25/2022,,,Deposition-Dry,839.2,Deposition,Total Phosphorus,TP,68.1,,68.1,,µg/L - P,"USGS 03-4174, EPA 365.2",1.5,,,"Partly cloudy and a little warmer this week (60degF), Few smallflies and 1 small beetle in sample. No noticable organics. Filtered through 500um mesh.",,,,
FMP,22053102,22053102-01,Yellow Bay Knob @ Flathead Lake BioStation,TMP03416,FMP10282,5/31/2022,,,Deposition-Dry,1097.9,Deposition,Total Nitrogen,TN,240,,240,,µg/L - N,"USGS 03-4174, EPA 353.2",25,,,"Warming up, lots of pollen, rain 3 days last week.  Moderate organics and 1 beetle in sample. Filtered through 500 um mesh.",,,,
FMP,22053102,22053102-01,Yellow Bay Knob @ Flathead Lake BioStation,TMP03416,FMP10282,5/31/2022,,,Deposition-Dry,1097.9,Deposition,Total Phosphorus,TP,31.8,,31.8,,µg/L - P,"USGS 03-4174, EPA 365.2",1.5,,,"Warming up, lots of pollen, rain 3 days last week.  Moderate organics and 1 beetle in sample. Filtered through 500 um mesh.",,,,
FMP,22060701,22060701-01,Yellow Bay Knob @ Flathead Lake BioStation,TMP03416,FMP10292,6/7/2022,,,Deposition-Dry,1029.2,Deposition,Total Nitrogen,TN,694,,694,,µg/L - N,"USGS 03-4174, EPA 353.2",25,,,Bucket in on 31V22 @ 0845hrs. Cooler weather with rainstorms; Pollen in the air; moderate winds. Moderate organics; 1 beetle and 1 Chironomid; filtered through 500 um mesh.,,,,
FMP,22060701,22060701-01,Yellow Bay Knob @ Flathead Lake BioStation,TMP03416,FMP10292,6/7/2022,,,Deposition-Dry,1029.2,Deposition,Total Phosphorus,TP,112,,112,,µg/L - P,"USGS 03-4174, EPA 365.2",1.5,,,Bucket in on 31V22 @ 0845hrs. Cooler weather with rainstorms; Pollen in the air; moderate winds. Moderate organics; 1 beetle and 1 Chironomid; filtered through 500 um mesh.,,,,
FMP,22061501,22061501-01,Yellow Bay Knob @ Flathead Lake BioStation,TMP03416,FMP10310,6/15/2022,,,Deposition-Dry,1339.9,Deposition,Total Nitrogen,TN,119,,119,,µg/L - N,"USGS 03-4174, EPA 353.2",25,,,Bucket in on 07VI22 @0930hrs. High winds and heavy rain the past ~5 days; lots of flooding in the valley. Heavy organics and 5 beetles and 2 Chironomids; filtered through 500 um mesh.,,,,
FMP,22061501,22061501-01,Yellow Bay Knob @ Flathead Lake BioStation,TMP03416,FMP10310,6/15/2022,,,Deposition-Dry,1339.9,Deposition,Total Phosphorus,TP,16.3,,16.3,,µg/L - P,"USGS 03-4174, EPA 365.2",1.5,,,Bucket in on 07VI22 @0930hrs. High winds and heavy rain the past ~5 days; lots of flooding in the valley. Heavy organics and 5 beetles and 2 Chironomids; filtered through 500 um mesh.,,,,
FMP,22062101,22062101-01,Yellow Bay Knob @ Flathead Lake BioStation,TMP03416,FMP10312,6/21/2022,,,Deposition-Dry,1476.4,Deposition,Total Nitrogen,TN,154,,154,,µg/L - N,"USGS 03-4174, EPA 353.2",25,,,"Rainy, cool, calm last week. Light organics and 1 beetle in sample.  Filtered through 500um mesh.",,,,
FMP,22062101,22062101-01,Yellow Bay Knob @ Flathead Lake BioStation,TMP03416,FMP10312,6/21/2022,,,Deposition-Dry,1476.4,Deposition,Total Phosphorus,TP,23.4,,23.4,,µg/L - P,"USGS 03-4174, EPA 365.2",1.5,,,"Rainy, cool, calm last week. Light organics and 1 beetle in sample.  Filtered through 500um mesh.",,,,
FMP,22062901,22062901-01,Yellow Bay Knob @ Flathead Lake BioStation,TMP03416,FMP10330,6/29/2022,,,Deposition-Dry,737.4,Deposition,Total Nitrogen,TN,579,,579,,µg/L - N,"USGS 03-4174, EPA 353.2",25,,,"Bucket in on 21VI22@1130hrs. Dry this week; warmer temperatures with highs in the 80's (F); high winds at times; open burning and lost of pollen. Heavy, Heavy organics; 10 Chironomids, 5 beetles, 1 bee; filtered through 500 um mesh. Pollen in the sample.",,,,
FMP,22062901,22062901-01,Yellow Bay Knob @ Flathead Lake BioStation,TMP03416,FMP10330,6/29/2022,,,Deposition-Dry,737.4,Deposition,Total Phosphorus,TP,220,,220,,µg/L - P,"USGS 03-4174, EPA 365.2",1.5,,,"Bucket in on 21VI22@1130hrs. Dry this week; warmer temperatures with highs in the 80's (F); high winds at times; open burning and lost of pollen. Heavy, Heavy organics; 10 Chironomids, 5 beetles, 1 bee; filtered through 500 um mesh. Pollen in the sample.",,,,
FMP,22070502,22070502-01,Yellow Bay Knob @ Flathead Lake BioStation,TMP03416,FMP10331,7/5/2022,,,Deposition-Dry,998.5,Deposition,Total Nitrogen,TN,316,,316,,µg/L - N,"USGS 03-4174, EPA 353.2",25,,,"Hot, mostly summy, thunderstorms last 2 nights.  ~12 beetles and flies, moderate organics in sample. Filtered through 500um mesh.",,,,
FMP,22070502,22070502-01,Yellow Bay Knob @ Flathead Lake BioStation,TMP03416,FMP10331,7/5/2022,,,Deposition-Dry,998.5,Deposition,Total Phosphorus,TP,84.1,,84.1,,µg/L - P,"USGS 03-4174, EPA 365.2",1.5,,,"Hot, mostly summy, thunderstorms last 2 nights.  ~12 beetles and flies, moderate organics in sample. Filtered through 500um mesh.",,,,
FMP,22071202,22071202-01,Yellow Bay Knob @ Flathead Lake BioStation,TMP03416,FMP10333,7/12/2022,,,Deposition-Dry,606.3,Deposition,Total Nitrogen,TN,492,,492,,µg/L - N,"USGS 03-4174, EPA 353.2",25,,,Mostly dry with some thunderstorms that brought some rain and hail. Temperatures in the high 70's (F) to low 80's (F). Moderate winds. Moderate organics; 10 beetles and 4 flies; filtered through 500 um mesh.,,,,
FMP,22071202,22071202-01,Yellow Bay Knob @ Flathead Lake BioStation,TMP03416,FMP10333,7/12/2022,,,Deposition-Dry,606.3,Deposition,Total Phosphorus,TP,104,,104,,µg/L - P,"USGS 03-4174, EPA 365.2",1.5,,,Mostly dry with some thunderstorms that brought some rain and hail. Temperatures in the high 70's (F) to low 80's (F). Moderate winds. Moderate organics; 10 beetles and 4 flies; filtered through 500 um mesh.,,,,
FMP,22072002,22072002-01,Yellow Bay Knob @ Flathead Lake BioStation,TMP03416,FMP10350,7/20/2022,,,Deposition-Dry,1069.6,Deposition,Total Nitrogen,TN,2790,,2790,,µg/L - N,"USGS 03-4174, EPA 353.2",25,,,"Bucket in on 12VII22@0900hrs. Warm temperatures in the low-mid 80's; moderate to high winds; Some rain/thunderstorms. Heavy, heavy organics; 2 beetles in the sample. Filtered through 500 um mesh. Lots of detritus.",,,,
FMP,22072002,22072002-01,Yellow Bay Knob @ Flathead Lake BioStation,TMP03416,FMP10350,7/20/2022,,,Deposition-Dry,1069.6,Deposition,Total Phosphorus,TP,206,,206,,µg/L - P,"USGS 03-4174, EPA 365.2",1.5,,,"Bucket in on 12VII22@0900hrs. Warm temperatures in the low-mid 80's; moderate to high winds; Some rain/thunderstorms. Heavy, heavy organics; 2 beetles in the sample. Filtered through 500 um mesh. Lots of detritus.",,,,
FMP,22072702,22072702-01,Yellow Bay Knob @ Flathead Lake BioStation,TMP03416,FMP10351,7/27/2022,,,Deposition-Dry,1069.3,Deposition,Total Nitrogen,TN,156,,156,,µg/L - N,"USGS 03-4174, EPA 353.2",25,,,"Bucket in on 20VII22@1030hrs. Hot temperatures in the high 80's (F); Moderate to calm winds; some haze from fires. Heavy, Heavy organics with 1 Bee and 2 Beetles; filtered through 500 um mesh.",,,,
FMP,22072702,22072702-01,Yellow Bay Knob @ Flathead Lake BioStation,TMP03416,FMP10351,7/27/2022,,,Deposition-Dry,1069.3,Deposition,Total Phosphorus,TP,20.2,,20.2,,µg/L - P,"USGS 03-4174, EPA 365.2",1.5,,,"Bucket in on 20VII22@1030hrs. Hot temperatures in the high 80's (F); Moderate to calm winds; some haze from fires. Heavy, Heavy organics with 1 Bee and 2 Beetles; filtered through 500 um mesh.",,,,
FMP,22080301,22080301-01,Yellow Bay Knob @ Flathead Lake BioStation,TMP03416,FMP10354,8/3/2022,,,Deposition-Dry,1135.9,Deposition,Total Nitrogen,TN,326,,326,,µg/L - N,"USGS 03-4174, EPA 353.2",25,,,Bucket in on 27VII22 @ 1030hrs. Hot and dry; temps in the 90's (F); Heavy haze abd smoke from fire in Elmo; Lots of ash falling from the fire. Lots of ash in the sample; 2 Bees and 1 Beetle in the sample; filtered through 500 um mesh.,,,,
FMP,22080301,22080301-01,Yellow Bay Knob @ Flathead Lake BioStation,TMP03416,FMP10354,8/3/2022,,,Deposition-Dry,1135.9,Deposition,Total Phosphorus,TP,736,,736,,µg/L - P,"USGS 03-4174, EPA 365.2",1.5,,,Bucket in on 27VII22 @ 1030hrs. Hot and dry; temps in the 90's (F); Heavy haze abd smoke from fire in Elmo; Lots of ash falling from the fire. Lots of ash in the sample; 2 Bees and 1 Beetle in the sample; filtered through 500 um mesh.,,,,
FMP,22081001,22081001-01,Yellow Bay Knob @ Flathead Lake BioStation,TMP03416,FMP10367,8/10/2022,,,Deposition-Dry,747,Deposition,Total Nitrogen,TN,277,,277,,µg/L - N,"USGS 03-4174, EPA 353.2",25,,,Bucket in on 03VIII22. Hot and Sunny; no rain; Moderate to high winds; lots of smoke from Elmo fire; not as much ash in the air. Heavy organics; small particualte ash not the lg. chunks; I Bee; filtered through 500 um mesh.,,,,
FMP,22081001,22081001-01,Yellow Bay Knob @ Flathead Lake BioStation,TMP03416,FMP10367,8/10/2022,,,Deposition-Dry,747,Deposition,Total Phosphorus,TP,94.8,,94.8,,µg/L - P,"USGS 03-4174, EPA 365.2",1.5,,,Bucket in on 03VIII22. Hot and Sunny; no rain; Moderate to high winds; lots of smoke from Elmo fire; not as much ash in the air. Heavy organics; small particualte ash not the lg. chunks; I Bee; filtered through 500 um mesh.,,,,
FMP,22081801,22081801-01,Yellow Bay Knob @ Flathead Lake BioStation,TMP03416,FMP10368,8/18/2022,,,Deposition-Dry,1131.3,Deposition,Total Nitrogen,TN,198,,198,,µg/L - N,"USGS 03-4174, EPA 353.2",25,,,Bucket in on 10VIII22 @ 0900hrs. Hot and dry; still hazy from fires in the valley and beyond; moderate to high winds. Heavy organics; 2 Flies; Filtered through 500 um mesh.,,,,
FMP,22081801,22081801-01,Yellow Bay Knob @ Flathead Lake BioStation,TMP03416,FMP10368,8/18/2022,,,Deposition-Dry,1131.3,Deposition,Total Phosphorus,TP,26.4,,26.4,,µg/L - P,"USGS 03-4174, EPA 365.2",1.5,,,Bucket in on 10VIII22 @ 0900hrs. Hot and dry; still hazy from fires in the valley and beyond; moderate to high winds. Heavy organics; 2 Flies; Filtered through 500 um mesh.,,,,
FMP,22082601,22082601-01,Yellow Bay Knob @ Flathead Lake BioStation,TMP03416,FMP10374,8/26/2022,,,Deposition-Dry,1328.4,Deposition,Total Nitrogen,TN,215,,215,,µg/L - N,"USGS 03-4174, EPA 353.2",25,,,"Thunderstorms all week, windy. Pine needles, lots of fine organics, 2 flies in sample. Light tea color to sample. Filtered through 500um mesh.",,,,
FMP,22082601,22082601-01,Yellow Bay Knob @ Flathead Lake BioStation,TMP03416,FMP10374,8/26/2022,,,Deposition-Dry,1328.4,Deposition,Total Phosphorus,TP,47.5,,47.5,,µg/L - P,"USGS 03-4174, EPA 365.2",1.5,,,"Thunderstorms all week, windy. Pine needles, lots of fine organics, 2 flies in sample. Light tea color to sample. Filtered through 500um mesh.",,,,
FMP,22090801,22090801-01,Yellow Bay Knob @ Flathead Lake BioStation,TMP03416,FMP10389,9/8/2022,,,Deposition-Dry,1644.3,Deposition,Total Nitrogen,TN,166,,166,,µg/L - N,"USGS 03-4174, EPA 353.2",25,,,Bucket in on 01XI22 @1400hrs. Heavy smoke from fires; calm to high winds; hot and dry. Heavy smoke from fires; calm to high winds; hot and dry. Heavy organics; possible soot from fires; filtered through 500 um mesh.,,,,
FMP,22090801,22090801-01,Yellow Bay Knob @ Flathead Lake BioStation,TMP03416,FMP10389,9/8/2022,,,Deposition-Dry,1644.3,Deposition,Total Phosphorus,TP,53.3,,53.3,,µg/L - P,"USGS 03-4174, EPA 365.2",1.5,,,Bucket in on 01XI22 @1400hrs. Heavy smoke from fires; calm to high winds; hot and dry. Heavy smoke from fires; calm to high winds; hot and dry. Heavy organics; possible soot from fires; filtered through 500 um mesh.,,,,
FMP,22091602,22091602-01,Yellow Bay Knob @ Flathead Lake BioStation,TMP03416,FMP10394,9/16/2022,,,Deposition-Dry,2120.4,Deposition,Total Nitrogen,TN,48.7,,48.7,,µg/L - N,"USGS 03-4174, EPA 353.2",25,,,"Bucket in on 08IX22@1500hrs. Dry with lots of heavy, heavy smoke from fires; moderate to high winds. Heavy organics; I Bee; looks like soot from fires; filtered through 500 um mesh.",,,,
FMP,22091602,22091602-01,Yellow Bay Knob @ Flathead Lake BioStation,TMP03416,FMP10394,9/16/2022,,,Deposition-Dry,2120.4,Deposition,Total Phosphorus,TP,6.9,,6.9,,µg/L - P,"USGS 03-4174, EPA 365.2",1.5,,,"Bucket in on 08IX22@1500hrs. Dry with lots of heavy, heavy smoke from fires; moderate to high winds. Heavy organics; I Bee; looks like soot from fires; filtered through 500 um mesh.",,,,
FMP,22092201,22092201-01,Yellow Bay Knob @ Flathead Lake BioStation,TMP03416,FMP10396,9/23/2022,,,Deposition-Dry,1256.5,Deposition,Total Nitrogen,TN,88.2,,88.2,,µg/L - N,"USGS 03-4174, EPA 353.2",25,,,"Bucket in on 16IX22@ 1545hrs. Moderate to high winds; Still hazy from fires; cooler temperatures; heavy rain yesterday. Light org, 1 bee and 1 fly; filtered through 500 um mesh.",,,,
FMP,22092201,22092201-01,Yellow Bay Knob @ Flathead Lake BioStation,TMP03416,FMP10396,9/23/2022,,,Deposition-Dry,1256.5,Deposition,Total Phosphorus,TP,10.1,,10.1,,µg/L - P,"USGS 03-4174, EPA 365.2",1.5,,,"Bucket in on 16IX22@ 1545hrs. Moderate to high winds; Still hazy from fires; cooler temperatures; heavy rain yesterday. Light org, 1 bee and 1 fly; filtered through 500 um mesh.",,,,
FMP,22093001,22093001-01,Yellow Bay Knob @ Flathead Lake BioStation,TMP03416,FMP10410,9/30/2022,,,Deposition-Dry,1309.8,Deposition,Total Nitrogen,TN,210,,210,,µg/L - N,"USGS 03-4174, EPA 353.2",25,,,Bucket in on 23IX22 @0905hrs. Some smoke from fires but less than had been in the valley; moderate winds; some light rain but mostly dry. Moderate organics; 3 bees and 1 pine needle; filtered through 500 um mesh.,,,,
FMP,22093001,22093001-01,Yellow Bay Knob @ Flathead Lake BioStation,TMP03416,FMP10410,9/30/2022,,,Deposition-Dry,1309.8,Deposition,Total Phosphorus,TP,31.2,,31.2,,µg/L - P,"USGS 03-4174, EPA 365.2",1.5,,,Bucket in on 23IX22 @0905hrs. Some smoke from fires but less than had been in the valley; moderate winds; some light rain but mostly dry. Moderate organics; 3 bees and 1 pine needle; filtered through 500 um mesh.,,,,
FMP,22100701,22100701-01,Yellow Bay Knob @ Flathead Lake BioStation,TMP03416,FMP10411,10/7/2022,,,Deposition-Dry,1509,Deposition,Total Nitrogen,TN,191,,191,,µg/L - N,"USGS 03-4174, EPA 353.2",25,,,"Primarily dry; trace precip., cooler temperature; still hazy from fires and open burning. Light organics; 3 bees and 2 flies; filtered through 500 um mesh.",,,,
FMP,22100701,22100701-01,Yellow Bay Knob @ Flathead Lake BioStation,TMP03416,FMP10411,10/7/2022,,,Deposition-Dry,1509,Deposition,Total Phosphorus,TP,33.5,,33.5,,µg/L - P,"USGS 03-4174, EPA 365.2",1.5,,,"Primarily dry; trace precip., cooler temperature; still hazy from fires and open burning. Light organics; 3 bees and 2 flies; filtered through 500 um mesh.",,,,
FMP,22101401,22101401-01,Yellow Bay Knob @ Flathead Lake BioStation,TMP03416,FMP10416,10/14/2022,,,Deposition-Dry,1322.2,Deposition,Total Nitrogen,TN,82.9,,82.9,,µg/L - N,"USGS 03-4174, EPA 353.2",25,,,Bucket in on 07X22 @ 0815hrs. Mostly dry with trace rain. Calm to moderate winds. Still hazy from fires and open burning. Mmoderate organics; 3 wasps and 1 fly; filtered thorugh 500 um mesh.,,,,
FMP,22101401,22101401-01,Yellow Bay Knob @ Flathead Lake BioStation,TMP03416,FMP10416,10/14/2022,,,Deposition-Dry,1322.2,Deposition,Total Phosphorus,TP,18.5,,18.5,,µg/L - P,"USGS 03-4174, EPA 365.2",1.5,,,Bucket in on 07X22 @ 0815hrs. Mostly dry with trace rain. Calm to moderate winds. Still hazy from fires and open burning. Mmoderate organics; 3 wasps and 1 fly; filtered thorugh 500 um mesh.,,,,
FMP,22102001,22102001-01,Yellow Bay Knob @ Flathead Lake BioStation,TMP03416,FMP10429,10/20/2022,,,Deposition-Dry,1569.1,Deposition,Total Nitrogen,TN,128,,128,,µg/L - N,"USGS 03-4174, EPA 353.2",25,,,"Bucket in on 14X22 at 1015hrs. Calm to moderate winds; Stagnation warning the last 4 days; very hazy from fires; cooler nights near freezing. Moderate organics; 1 pine needle, 3 odanates, and 3 flies; filtered through 500 um mesh.",,,,
FMP,22102001,22102001-01,Yellow Bay Knob @ Flathead Lake BioStation,TMP03416,FMP10429,10/20/2022,,,Deposition-Dry,1569.1,Deposition,Total Phosphorus,TP,21.6,,21.6,,µg/L - P,"USGS 03-4174, EPA 365.2",1.5,,,"Bucket in on 14X22 at 1015hrs. Calm to moderate winds; Stagnation warning the last 4 days; very hazy from fires; cooler nights near freezing. Moderate organics; 1 pine needle, 3 odanates, and 3 flies; filtered through 500 um mesh.",,,,
FMP,22102702,22102702-01,Yellow Bay Knob @ Flathead Lake BioStation,TMP03416,FMP10430,10/27/2022,,,Deposition-Dry,1777.9,Deposition,Total Nitrogen,TN,40.7,,40.7,,µg/L - N,"USGS 03-4174, EPA 353.2",25,,,Bucket in on 20X22 @ 1100hrs. Heavy rain with hihg winds; Low temps in the 30's (F); Still some haze from fires and open burning. Heavy organics; filtered through 500 um mesh.,,,,
FMP,22102702,22102702-01,Yellow Bay Knob @ Flathead Lake BioStation,TMP03416,FMP10430,10/27/2022,,,Deposition-Dry,1777.9,Deposition,Total Phosphorus,TP,1.5,,1.5,,µg/L - P,"USGS 03-4174, EPA 365.2",1.5,,,Bucket in on 20X22 @ 1100hrs. Heavy rain with hihg winds; Low temps in the 30's (F); Still some haze from fires and open burning. Heavy organics; filtered through 500 um mesh.,,,,
FMP,22110301,22110301-01,Yellow Bay Knob @ Flathead Lake BioStation,TMP03416,FMP10432,11/3/2022,,,Deposition-Dry,1626.4,Deposition,Total Nitrogen,TN,74.8,,74.8,,µg/L - N,"USGS 03-4174, EPA 353.2",25,,,Bucket in on 27X22@1100hrs. High winds and heavy rain and snow the past 24hrs with small frequent storms prior. Light organics; filtered through 500 um mesh.,,,,
FMP,22110301,22110301-01,Yellow Bay Knob @ Flathead Lake BioStation,TMP03416,FMP10432,11/3/2022,,,Deposition-Dry,1626.4,Deposition,Total Phosphorus,TP,4.9,,4.9,,µg/L - P,"USGS 03-4174, EPA 365.2",1.5,,,Bucket in on 27X22@1100hrs. High winds and heavy rain and snow the past 24hrs with small frequent storms prior. Light organics; filtered through 500 um mesh.,,,,
FMP,22111701,22111701-01,Yellow Bay Knob @ Flathead Lake BioStation,TMP03416,FMP10452,11/17/2022,,,Deposition-Dry,714.8,Deposition,Total Nitrogen,TN,61.8,,61.8,,µg/L - N,"USGS 03-4174, EPA 353.2",25,,,"Light snow in the past 24 hours, dry bucket was frozen upon collection, bulk bucket was removed and not processed. Very light organics, filtered through 500 um mesh.",,,,
FMP,22111701,22111701-01,Yellow Bay Knob @ Flathead Lake BioStation,TMP03416,FMP10452,11/17/2022,,,Deposition-Dry,714.8,Deposition,Total Phosphorus,TP,< 1.5,,1.5,<,µg/L - P,"USGS 03-4174, EPA 365.2",1.5,,,"Light snow in the past 24 hours, dry bucket was frozen upon collection, bulk bucket was removed and not processed. Very light organics, filtered through 500 um mesh.",,,,
FMP,22112301,22112301-01,Yellow Bay Knob @ Flathead Lake BioStation,TMP03416,FMP10453,11/23/2022,,,Deposition-Dry,1857.8,Deposition,Total Nitrogen,TN,< 25.0,,25,<,µg/L - N,"USGS 03-4174, EPA 353.2",25,,,"Very light snow in the past 24 hours, little to no prior precip, light organics filtered through 500 um mesh",,,,
FMP,22112301,22112301-01,Yellow Bay Knob @ Flathead Lake BioStation,TMP03416,FMP10453,11/23/2022,,,Deposition-Dry,1857.8,Deposition,Total Phosphorus,TP,2.6,,2.6,,µg/L - P,"USGS 03-4174, EPA 365.2",1.5,,,"Very light snow in the past 24 hours, little to no prior precip, light organics filtered through 500 um mesh",,,,
FMP,22120701,22120701-01,Yellow Bay Knob @ Flathead Lake BioStation,TMP03416,FMP10456,12/7/2022,,,Deposition-Dry,1738.2,Deposition,Total Nitrogen,TN,34.5,,34.5,,µg/L - N,"USGS 03-4174, EPA 353.2",25,,,"heavy to moderate scattered snow during the past week, no precip in the past 24 hours, temps hovering around freezing, moderate organics filtered through 500 um mesh",,,,
FMP,22120701,22120701-01,Yellow Bay Knob @ Flathead Lake BioStation,TMP03416,FMP10456,12/7/2022,,,Deposition-Dry,1738.2,Deposition,Total Phosphorus,TP,23.1,,23.1,,µg/L - P,"USGS 03-4174, EPA 365.2",1.5,,,"heavy to moderate scattered snow during the past week, no precip in the past 24 hours, temps hovering around freezing, moderate organics filtered through 500 um mesh",,,,
FMP,23010305,23010305-01,Yellow Bay Knob @ Flathead Lake BioStation,TMP03416,FMP10477,1/3/2023,,,Deposition-Dry,1648.8,Deposition,Total Nitrogen,TN,< 25.0,,25,<,µg/L - N,"USGS 03-4174, EPA 353.2",25,,,"Very little precipitation in the past week- mostly overcast days, calm to moderate winds, below freezing nights, sample slightly frozen upon collection. Light organics filtered through 500 um mesh.",,,,
FMP,23010305,23010305-01,Yellow Bay Knob @ Flathead Lake BioStation,TMP03416,FMP10477,1/3/2023,,,Deposition-Dry,1648.8,Deposition,Total Phosphorus,TP,< 1.5,,1.5,<,µg/L - P,"USGS 03-4174, EPA 365.2",1.5,,,"Very little precipitation in the past week- mostly overcast days, calm to moderate winds, below freezing nights, sample slightly frozen upon collection. Light organics filtered through 500 um mesh.",,,,
FMP,23011103,23011103-01,Yellow Bay Knob @ Flathead Lake BioStation,TMP03416,FMP10494,1/11/2023,,,Deposition-Dry,1716.6,Deposition,Total Nitrogen,TN,29.2,,29.2,,µg/L - N,"USGS 03-4174, EPA 353.2",25,,,"bucket in on 3I23 @ 1111 hrs, warmer temps this week, not much precip, calm to moderate winds, mid-30s, sample thawed upon collection; no visible organics, filtered through 500um mesh",,,,
FMP,23011103,23011103-01,Yellow Bay Knob @ Flathead Lake BioStation,TMP03416,FMP10494,1/11/2023,,,Deposition-Dry,1716.6,Deposition,Total Phosphorus,TP,< 1.5,,1.5,<,µg/L - P,"USGS 03-4174, EPA 365.2",1.5,,,"bucket in on 3I23 @ 1111 hrs, warmer temps this week, not much precip, calm to moderate winds, mid-30s, sample thawed upon collection; no visible organics, filtered through 500um mesh",,,,
FMP,23011801,23011801-01,Yellow Bay Knob @ Flathead Lake BioStation,TMP03416,FMP10456,1/18/2023,,,Deposition-Dry,1802.7,Deposition,Total Nitrogen,TN,34.4,,34.4,,µg/L - N,"USGS 03-4174, EPA 353.2",25,,,"Warmer temps and little to no precip accumulation, mid 30s to low 40s, calm winds. Very light organics filtered through 500um mesh.",,,,
FMP,23011801,23011801-01,Yellow Bay Knob @ Flathead Lake BioStation,TMP03416,FMP10456,1/18/2023,,,Deposition-Dry,1802.7,Deposition,Total Phosphorus,TP,1.6,,1.6,,µg/L - P,"USGS 03-4174, EPA 365.2",1.5,,,"Warmer temps and little to no precip accumulation, mid 30s to low 40s, calm winds. Very light organics filtered through 500um mesh.",,,,
FMP,23012501,23012501-01,Yellow Bay Knob @ Flathead Lake BioStation,TMP03416,FMP10497,1/25/2023,,,Deposition-Dry,1699.2,Deposition,Total Nitrogen,TN,40.7,,40.7,,µg/L - N,"USGS 03-4174, EPA 353.2",25,,,"bucket in on 18I23 @ 0929hrs, small rain and snow storms, mostly calm winds, mid-30s with temps dropping into 20s now, light organics filtered through 500um mesh",,,,
FMP,23012501,23012501-01,Yellow Bay Knob @ Flathead Lake BioStation,TMP03416,FMP10497,1/25/2023,,,Deposition-Dry,1699.2,Deposition,Total Phosphorus,TP,< 1.5,,1.5,<,µg/L - P,"USGS 03-4174, EPA 365.2",1.5,,,"bucket in on 18I23 @ 0929hrs, small rain and snow storms, mostly calm winds, mid-30s with temps dropping into 20s now, light organics filtered through 500um mesh",,,,
FMP,23021001,23021001-01,Yellow Bay Knob @ Flathead Lake BioStation,TMP03416,FMP10500,2/10/2023,,,Deposition-Dry,1523.3,Deposition,Total Nitrogen,TN,31.1,,31.1,,µg/L - N,"USGS 03-4174, EPA 353.2",25,,,"bucket in on 3II23 @ 1035hrs; little to no precip in the lat week so only dry collected, highs in the 30s-40s, partially frozen upon collection; light organics filtered through 500 um mesh",,,,
FMP,23021001,23021001-01,Yellow Bay Knob @ Flathead Lake BioStation,TMP03416,FMP10500,2/10/2023,,,Deposition-Dry,1523.3,Deposition,Total Phosphorus,TP,< 1.5,,1.5,<,µg/L - P,"USGS 03-4174, EPA 365.2",1.5,,,"bucket in on 3II23 @ 1035hrs; little to no precip in the lat week so only dry collected, highs in the 30s-40s, partially frozen upon collection; light organics filtered through 500 um mesh",,,,
FMP,23021701,23021701-01,Yellow Bay Knob @ Flathead Lake BioStation,TMP03416,FMP10517,2/17/2023,,,Deposition-Dry,1513.6,Deposition,Total Nitrogen,TN,39.6,,39.6,,µg/L - N,"USGS 03-4174, EPA 353.2",25,,,Bucket in on 10II23 @ 0921hrs. Trace precipitation in the last week; temperatures in the mid-20's to 30'3 (F); high winds at times. Moderate organics; sample filtered through 500 um mesh.,,,,
FMP,23021701,23021701-01,Yellow Bay Knob @ Flathead Lake BioStation,TMP03416,FMP10517,2/17/2023,,,Deposition-Dry,1513.6,Deposition,Total Phosphorus,TP,< 1.5,,1.5,<,µg/L - P,"USGS 03-4174, EPA 365.2",1.5,,,Bucket in on 10II23 @ 0921hrs. Trace precipitation in the last week; temperatures in the mid-20's to 30'3 (F); high winds at times. Moderate organics; sample filtered through 500 um mesh.,,,,
FMP,23022701,23022701-02,Yellow Bay Knob @ Flathead Lake BioStation,TMP03416,FMP10519,2/27/2023,,,Deposition-Dry,1562.8,Deposition,Total Nitrogen,TN,530,Q,530,,µg/L - N,"USGS 03-4174, EPA 353.2",25,,,"bucket in on 17II23 @ 1030hrs; bitter cold last week with high wind and blowing snow, warming up last weekend 2/25-26; some wet precip contamination during cold snap; moderate organics, filtered through 500um mesh",,,,
FMP,23022701,23022701-02,Yellow Bay Knob @ Flathead Lake BioStation,TMP03416,FMP10519,2/27/2023,,,Deposition-Dry,1562.8,Deposition,Total Phosphorus,TP,74.5,Q,74.5,,µg/L - P,"USGS 03-4174, EPA 365.2",1.5,,,"bucket in on 17II23 @ 1030hrs; bitter cold last week with high wind and blowing snow, warming up last weekend 2/25-26; some wet precip contamination during cold snap; moderate organics, filtered through 500um mesh",,,,
FMP,23030602,23030602-01,Yellow Bay Knob @ Flathead Lake BioStation,TMP03416,FMP10521,3/6/2023,,,Deposition-Dry,1498.9,Deposition,Total Nitrogen,TN,54.2,,54.2,,µg/L - N,"USGS 03-4174, EPA 353.2",25,,,"bucket in on 27II23 @ 0946 hrs; heavy snow Monday night - Tuesday 2/27-28, scattered light snow the rest of the weeek, moderate winds, highs in the 30s; moderate organics, filtered through 500 um mesh",,,,
FMP,23030602,23030602-01,Yellow Bay Knob @ Flathead Lake BioStation,TMP03416,FMP10521,3/6/2023,,,Deposition-Dry,1498.9,Deposition,Total Phosphorus,TP,2.3,,2.3,,µg/L - P,"USGS 03-4174, EPA 365.2",1.5,,,"bucket in on 27II23 @ 0946 hrs; heavy snow Monday night - Tuesday 2/27-28, scattered light snow the rest of the weeek, moderate winds, highs in the 30s; moderate organics, filtered through 500 um mesh",,,,
FMP,23031402,23031402-01,Yellow Bay Knob @ Flathead Lake BioStation,TMP03416,FMP10535,3/14/2023,,,Deposition-Dry,1600.3,Deposition,Total Nitrogen,TN,50,,50,,µg/L - N,"USGS 03-4174, EPA 353.2",25,,,"bucket in on 6III23 @ 1105hrs; mostly highs in the 30s, snow on Fri-Sat 3/10-11, warming to the mid-40s since Sunday 3/12, light rain last night, moderate to calm winds; moderate organics, filtered through 500um mesh",,,,
FMP,23031402,23031402-01,Yellow Bay Knob @ Flathead Lake BioStation,TMP03416,FMP10535,3/14/2023,,,Deposition-Dry,1600.3,Deposition,Total Phosphorus,TP,< 1.5,,1.5,<,µg/L - P,"USGS 03-4174, EPA 365.2",1.5,,,"bucket in on 6III23 @ 1105hrs; mostly highs in the 30s, snow on Fri-Sat 3/10-11, warming to the mid-40s since Sunday 3/12, light rain last night, moderate to calm winds; moderate organics, filtered through 500um mesh",,,,
FMP,23032101,23032101-01,Yellow Bay Knob @ Flathead Lake BioStation,TMP03416,FMP10541,3/21/2023,,,Deposition-Dry,1530.7,Deposition,Total Nitrogen,TN,42.5,,42.5,,µg/L - N,"USGS 03-4174, EPA 353.2",25,,,"bucket in on 14III23 @ 1020 hrs; highs in the low to mid-40s, trace precipitation, night temps below freezing; light organics, filtered through 500 um mesh",,,,
FMP,23032101,23032101-01,Yellow Bay Knob @ Flathead Lake BioStation,TMP03416,FMP10541,3/21/2023,,,Deposition-Dry,1530.7,Deposition,Total Phosphorus,TP,< 1.5,,1.5,<,µg/L - P,"USGS 03-4174, EPA 365.2",1.5,,,"bucket in on 14III23 @ 1020 hrs; highs in the low to mid-40s, trace precipitation, night temps below freezing; light organics, filtered through 500 um mesh",,,,
FMP,23032801,23032801-01,Yellow Bay Knob @ Flathead Lake BioStation,TMP03416,FPM10542,3/28/2023,,,Deposition-Dry,1418.4,Deposition,Total Nitrogen,TN,51.4,,51.4,,µg/L - N,"USGS 03-4174, EPA 353.2",25,,,"bucket in on 21III23 @ 0932 hrs; highs in the 40s, up to 50, nights below freezing, trace precip; light organics, filtered through 500 um mesh",,,,
FMP,23032801,23032801-01,Yellow Bay Knob @ Flathead Lake BioStation,TMP03416,FPM10542,3/28/2023,,,Deposition-Dry,1418.4,Deposition,Total Phosphorus,TP,< 1.5,,1.5,<,µg/L - P,"USGS 03-4174, EPA 365.2",1.5,,,"bucket in on 21III23 @ 0932 hrs; highs in the 40s, up to 50, nights below freezing, trace precip; light organics, filtered through 500 um mesh",,,,
FMP,23040401,23040401-01,Yellow Bay Knob @ Flathead Lake BioStation,TMP03416,FMP10543,4/4/2023,,,Deposition-Dry,1321.9,Deposition,Total Nitrogen,TN,77.3,,77.3,,µg/L - N,"USGS 03-4174, EPA 353.2",25,,,"bucket in on 28III23 @ 0921hrs; highs in the 40s, up to 50, some nights above freezing, intermittent light precip over the weekend 4/1-4/2, open buring in yellow bay (smokey smell this am); moderate organics, filtered through 500 um mesh",,,,
FMP,23040401,23040401-01,Yellow Bay Knob @ Flathead Lake BioStation,TMP03416,FMP10543,4/4/2023,,,Deposition-Dry,1321.9,Deposition,Total Phosphorus,TP,2.1,,2.1,,µg/L - P,"USGS 03-4174, EPA 365.2",1.5,,,"bucket in on 28III23 @ 0921hrs; highs in the 40s, up to 50, some nights above freezing, intermittent light precip over the weekend 4/1-4/2, open buring in yellow bay (smokey smell this am); moderate organics, filtered through 500 um mesh",,,,
FMP,23041102,23041102-01,Yellow Bay Knob @ Flathead Lake BioStation,TMP03416,FMP10556,4/11/2023,,,Deposition-Dry,1178.9,Deposition,Total Nitrogen,TN,114,,114,,µg/L - N,"USGS 03-4174, EPA 353.2",25,,,"bucket in on 4IV23 @ 0908hrs; highs in the mid-40s to mid-60s, most nights above freezing, light precip today 4/11 only, brush burning on FLBS campus today; light organics, including a live bumblebee, filtered through 500um mesh",,,,
FMP,23041102,23041102-01,Yellow Bay Knob @ Flathead Lake BioStation,TMP03416,FMP10556,4/11/2023,,,Deposition-Dry,1178.9,Deposition,Total Phosphorus,TP,7.4,,7.4,,µg/L - P,"USGS 03-4174, EPA 365.2",1.5,,,"bucket in on 4IV23 @ 0908hrs; highs in the mid-40s to mid-60s, most nights above freezing, light precip today 4/11 only, brush burning on FLBS campus today; light organics, including a live bumblebee, filtered through 500um mesh",,,,
FMP,23041902,23041902-01,Yellow Bay Knob @ Flathead Lake BioStation,TMP03416,FMP10561,4/19/2023,,,Deposition-Dry,1310.8,Deposition,Total Nitrogen,TN,95.7,,95.7,,µg/L - N,"USGS 03-4174, EPA 353.2",25,,,"bucket in on 11IV23 @ 1500 hrs; highs in the 40s-50s, brush burning @ FLBS for the past week, light snow Mon + Tues morning 4/17-18, mostly low winds; light organics plus a bumblebee, filtered through 500 um mesh",,,,
FMP,23041902,23041902-01,Yellow Bay Knob @ Flathead Lake BioStation,TMP03416,FMP10561,4/19/2023,,,Deposition-Dry,1310.8,Deposition,Total Phosphorus,TP,7.5,,7.5,,µg/L - P,"USGS 03-4174, EPA 365.2",1.5,,,"bucket in on 11IV23 @ 1500 hrs; highs in the 40s-50s, brush burning @ FLBS for the past week, light snow Mon + Tues morning 4/17-18, mostly low winds; light organics plus a bumblebee, filtered through 500 um mesh",,,,
FMP,23042601,23042601-01,Yellow Bay Knob @ Flathead Lake BioStation,TMP03416,FMP10576,4/26/2023,,,Deposition-Dry,1493.2,Deposition,Total Nitrogen,TN,78.6,,78.6,,µg/L - N,"USGS 03-4174, EPA 353.2",25,,,"bucket in on 19IV23 @ 1155hrs; highs in the 50s, lows in the high 30s, overcast mostly, with two small rain events; light organics, one small wasp, filtered through 500um mesh",,,,
FMP,23042601,23042601-01,Yellow Bay Knob @ Flathead Lake BioStation,TMP03416,FMP10576,4/26/2023,,,Deposition-Dry,1493.2,Deposition,Total Phosphorus,TP,3.1,,3.1,,µg/L - P,"USGS 03-4174, EPA 365.2",1.5,,,"bucket in on 19IV23 @ 1155hrs; highs in the 50s, lows in the high 30s, overcast mostly, with two small rain events; light organics, one small wasp, filtered through 500um mesh",,,,
FMP,23050301,23050301-01,Yellow Bay Knob @ Flathead Lake BioStation,TMP03416,FMP10577,5/3/2023,,,Deposition-Dry,633.6,Deposition,Total Nitrogen,TN,591,,591,,µg/L - N,"USGS 03-4174, EPA 353.2",25,,,"Bucket in on the 26IV23@1415hrs. Warm temperatures with highs in the 80's (F); high winds; open burning. Heavy organics; 1 bumblebee, 3 beetles, 1 midge; filtered through 500 um mesh.",,,,
FMP,23050301,23050301-01,Yellow Bay Knob @ Flathead Lake BioStation,TMP03416,FMP10577,5/3/2023,,,Deposition-Dry,633.6,Deposition,Total Phosphorus,TP,84,,84,,µg/L - P,"USGS 03-4174, EPA 365.2",1.5,,,"Bucket in on the 26IV23@1415hrs. Warm temperatures with highs in the 80's (F); high winds; open burning. Heavy organics; 1 bumblebee, 3 beetles, 1 midge; filtered through 500 um mesh.",,,,
FMP,23051001,23051001-01,Yellow Bay Knob @ Flathead Lake BioStation,TMP03416,FMP10582,5/10/2023,,,Deposition-Dry,1360.6,Deposition,Total Nitrogen,TN,134,,134,,µg/L - N,"USGS 03-4174, EPA 353.2",25,,,"bucket in on 3V23 @ 0720hrs; warmer last week thru Fri 5/5; cooled down to 50s; heavy rain over the weekend until last night 5/9; moderate organics, 1 small insect, filtered through 500 um mesh",,,,
FMP,23051001,23051001-01,Yellow Bay Knob @ Flathead Lake BioStation,TMP03416,FMP10582,5/10/2023,,,Deposition-Dry,1360.6,Deposition,Total Phosphorus,TP,13.3,,13.3,,µg/L - P,"USGS 03-4174, EPA 365.2",1.5,,,"bucket in on 3V23 @ 0720hrs; warmer last week thru Fri 5/5; cooled down to 50s; heavy rain over the weekend until last night 5/9; moderate organics, 1 small insect, filtered through 500 um mesh",,,,
FMP,23051701,23051701-01,Yellow Bay Knob @ Flathead Lake BioStation,TMP03416,FMP10584,5/17/2023,,,Deposition-Dry,800.3,Deposition,Total Nitrogen,TN,274,,274,,µg/L - N,"USGS 03-4174, EPA 353.2",25,,,Warm weather (high 70's to low 80's); Some thunder and rainstorms but not enough for a sample; Heavy smoke moved in overnight from fires in Alberta (presumed). Heavy organics; 1 flying Ant and 2 Beetles; filtered through 500 um mesh.,,,,
FMP,23051701,23051701-01,Yellow Bay Knob @ Flathead Lake BioStation,TMP03416,FMP10584,5/17/2023,,,Deposition-Dry,800.3,Deposition,Total Phosphorus,TP,39.3,,39.3,,µg/L - P,"USGS 03-4174, EPA 365.2",1.5,,,Warm weather (high 70's to low 80's); Some thunder and rainstorms but not enough for a sample; Heavy smoke moved in overnight from fires in Alberta (presumed). Heavy organics; 1 flying Ant and 2 Beetles; filtered through 500 um mesh.,,,,
FMP,23052301,23052301-01,Yellow Bay Knob @ Flathead Lake BioStation,TMP03416,FMP10602,5/23/2023,,,Deposition-Dry,1063.8,Deposition,Total Nitrogen,TN,461,,461,,µg/L - N,"USGS 03-4174, EPA 353.2",25,,,"bucket in on 17V23 @ 1100hrs; warm weather up to mid 80s, heavy smoke from fires in Alberta 5/17-5/21, washed away by rain on Sunday night; heavy organics, one bee & two beetles, lots of pollen, filtered through 500 um mesh",,,,
FMP,23052301,23052301-01,Yellow Bay Knob @ Flathead Lake BioStation,TMP03416,FMP10602,5/23/2023,,,Deposition-Dry,1063.8,Deposition,Total Phosphorus,TP,84.6,,84.6,,µg/L - P,"USGS 03-4174, EPA 365.2",1.5,,,"bucket in on 17V23 @ 1100hrs; warm weather up to mid 80s, heavy smoke from fires in Alberta 5/17-5/21, washed away by rain on Sunday night; heavy organics, one bee & two beetles, lots of pollen, filtered through 500 um mesh",,,,
FMP,23053002,23053002-01,Yellow Bay Knob @ Flathead Lake BioStation,TMP03416,FMP10604,5/30/2023,,,Deposition-Dry,1285.6,Deposition,Total Nitrogen,TN,229,,229,,µg/L - N,"USGS 03-4174, EPA 353.2",25,,,"bucket in on 23V23 @ 1015 hrs; highs in the 80s down to 60s midweek, a few rain events last week, some high winds; heavy organics, one larger insect and a few small beetles, filtered through 500 um mesh",,,,
FMP,23053002,23053002-01,Yellow Bay Knob @ Flathead Lake BioStation,TMP03416,FMP10604,5/30/2023,,,Deposition-Dry,1285.6,Deposition,Total Phosphorus,TP,28.5,,28.5,,µg/L - P,"USGS 03-4174, EPA 365.2",1.5,,,"bucket in on 23V23 @ 1015 hrs; highs in the 80s down to 60s midweek, a few rain events last week, some high winds; heavy organics, one larger insect and a few small beetles, filtered through 500 um mesh",,,,
FMP,23060601,23060601-01,Yellow Bay Knob @ Flathead Lake BioStation,TMP03416,FMP10622,6/6/2023,,,Deposition-Dry,1071.6,Deposition,Total Nitrogen,TN,163,,163,,µg/L - N,"USGS 03-4174, EPA 353.2",25,,,"bucket in on 30V23 @ 1425 hrs; highs in the 70s and 80s, small amount of rain but no enough to collect, mostly sunny; heavy organics, several insects, filtered through 500 um mesh",,,,
FMP,23060601,23060601-01,Yellow Bay Knob @ Flathead Lake BioStation,TMP03416,FMP10622,6/6/2023,,,Deposition-Dry,1071.6,Deposition,Total Phosphorus,TP,22.9,,22.9,,µg/L - P,"USGS 03-4174, EPA 365.2",1.5,,,"bucket in on 30V23 @ 1425 hrs; highs in the 70s and 80s, small amount of rain but no enough to collect, mostly sunny; heavy organics, several insects, filtered through 500 um mesh",,,,
FMP,23061401,23061401-01,Yellow Bay Knob @ Flathead Lake BioStation,TMP03416,FMP10627,6/14/2023,,,Deposition-Dry,1552.6,Deposition,Total Nitrogen,TN,568,,568,,µg/L - N,"USGS 03-4174, EPA 353.2",25,,,"bucket in on 6VI23 @ 0922hrs; mostly highs in the 70s, thunderstorm last night (6/13) brought heavy rain and high winds; heavy organics, many insects and vegetative material, filtered through 500 um mesh",,,,
FMP,23061401,23061401-01,Yellow Bay Knob @ Flathead Lake BioStation,TMP03416,FMP10627,6/14/2023,,,Deposition-Dry,1552.6,Deposition,Total Phosphorus,TP,130,,130,,µg/L - P,"USGS 03-4174, EPA 365.2",1.5,,,"bucket in on 6VI23 @ 0922hrs; mostly highs in the 70s, thunderstorm last night (6/13) brought heavy rain and high winds; heavy organics, many insects and vegetative material, filtered through 500 um mesh",,,,
FMP,23062101,23062101-01,Yellow Bay Knob @ Flathead Lake BioStation,TMP03416,FMP10629,6/21/2023,,,Deposition-Dry,2228.2,Deposition,Total Nitrogen,TN,70.8,,70.8,,µg/L - N,"USGS 03-4174, EPA 353.2",25,,,"bucket in on 14IV23 @ 0949hrs; highs in the 60s and 70s, relatively cool week, mostly overcast & several rain events; heavy organics, four small beetles, filtered through 500um mesh",,,,
FMP,23062101,23062101-01,Yellow Bay Knob @ Flathead Lake BioStation,TMP03416,FMP10629,6/21/2023,,,Deposition-Dry,2228.2,Deposition,Total Phosphorus,TP,7.9,,7.9,,µg/L - P,"USGS 03-4174, EPA 365.2",1.5,,,"bucket in on 14IV23 @ 0949hrs; highs in the 60s and 70s, relatively cool week, mostly overcast & several rain events; heavy organics, four small beetles, filtered through 500um mesh",,,,
FMP,23062802,23062802-01,Yellow Bay Knob @ Flathead Lake BioStation,TMP03416,FMP10643,6/28/2023,,,Deposition-Dry,1696.2,Deposition,Total Nitrogen,TN,111,,111,,µg/L - N,"USGS 03-4174, EPA 353.2",25,,,"bucket in on 21VI23 @ 0930hrs; cooler week w/ highs in the 60s and 70s, some rain but not enough for a sample; heavy organics, two beetles and one wasp, filtered through 500 um mesh",,,,
FMP,23062802,23062802-01,Yellow Bay Knob @ Flathead Lake BioStation,TMP03416,FMP10643,6/28/2023,,,Deposition-Dry,1696.2,Deposition,Total Phosphorus,TP,14.6,,14.6,,µg/L - P,"USGS 03-4174, EPA 365.2",1.5,,,"bucket in on 21VI23 @ 0930hrs; cooler week w/ highs in the 60s and 70s, some rain but not enough for a sample; heavy organics, two beetles and one wasp, filtered through 500 um mesh",,,,
FMP,23070502,23070502-01,Yellow Bay Knob @ Flathead Lake BioStation,TMP03416,FMP10648,7/5/2023,,,Deposition-Dry,1097.7,Deposition,Total Nitrogen,TN,254,,254,,µg/L - N,"USGS 03-4174, EPA 353.2",25,,,Bucket in on 28VI23 @ 1535hrs. Hot and sunny with a few thunder and lightening storms; hihg winds; some haze from forest fires in Canada. Heavy organics; 2 bees and 2 beetles; filtered through 500 um mesh.,,,,
FMP,23070502,23070502-01,Yellow Bay Knob @ Flathead Lake BioStation,TMP03416,FMP10648,7/5/2023,,,Deposition-Dry,1097.7,Deposition,Total Phosphorus,TP,62.3,,62.3,,µg/L - P,"USGS 03-4174, EPA 365.2",1.5,,,Bucket in on 28VI23 @ 1535hrs. Hot and sunny with a few thunder and lightening storms; hihg winds; some haze from forest fires in Canada. Heavy organics; 2 bees and 2 beetles; filtered through 500 um mesh.,,,,
FMP,23071201,23071201-01,Yellow Bay Knob @ Flathead Lake BioStation,TMP03416,FMP 10649,7/12/2023,,,Deposition-Dry,1445.7,Deposition,Total Nitrogen,TN,285,,285,,µg/L - N,"USGS 03-4174, EPA 353.2",25,,,Hot and sunny with a few scattered thunderstorms and very little precip. Three beetles and moderate organics filtered through 500 um mesh.,,,,
FMP,23071201,23071201-01,Yellow Bay Knob @ Flathead Lake BioStation,TMP03416,FMP 10649,7/12/2023,,,Deposition-Dry,1445.7,Deposition,Total Phosphorus,TP,41,,41,,µg/L - P,"USGS 03-4174, EPA 365.2",1.5,,,Hot and sunny with a few scattered thunderstorms and very little precip. Three beetles and moderate organics filtered through 500 um mesh.,,,,
FMP,23071901,23071901-01,Yellow Bay Knob @ Flathead Lake BioStation,TMP03416,FMP10650,7/19/2023,,,Deposition-Dry,338.8,Deposition,Total Nitrogen,TN,1340,,1340,,µg/L - N,"USGS 03-4174, EPA 353.2",25,,,"bucket in on 12VII23 @ 1139 hrs; hot and sunny w/ trace precip, some high winds, smoke from Idaho fires for ~3 days; moderate organics, several small insects, filtered through 500 um mesh",,,,
FMP,23071901,23071901-01,Yellow Bay Knob @ Flathead Lake BioStation,TMP03416,FMP10650,7/19/2023,,,Deposition-Dry,338.8,Deposition,Total Phosphorus,TP,109,,109,,µg/L - P,"USGS 03-4174, EPA 365.2",1.5,,,"bucket in on 12VII23 @ 1139 hrs; hot and sunny w/ trace precip, some high winds, smoke from Idaho fires for ~3 days; moderate organics, several small insects, filtered through 500 um mesh",,,,
FMP,23072603,23072603-01,Yellow Bay Knob @ Flathead Lake BioStation,TMP03416,FMP10667,7/26/2023,,,Deposition-Dry,1584.3,Deposition,Total Nitrogen,TN,128,,128,,µg/L - N,"USGS 03-4174, EPA 353.2",25,,,"bucket in on 19VII23 @ 0915hrs; hot and dry week, highs in the 80s and 90s, some smokey days, moderate winds; moderate organics, one bee, filtered through 500 um mesh",,,,
FMP,23072603,23072603-01,Yellow Bay Knob @ Flathead Lake BioStation,TMP03416,FMP10667,7/26/2023,,,Deposition-Dry,1584.3,Deposition,Total Phosphorus,TP,12.7,,12.7,,µg/L - P,"USGS 03-4174, EPA 365.2",1.5,,,"bucket in on 19VII23 @ 0915hrs; hot and dry week, highs in the 80s and 90s, some smokey days, moderate winds; moderate organics, one bee, filtered through 500 um mesh",,,,
FMP,23080201,23080201-01,Yellow Bay Knob @ Flathead Lake BioStation,TMP03416,FMP10670,8/2/2023,,,Deposition-Dry,2052.9,Deposition,Total Nitrogen,TN,156,,156,,µg/L - N,"USGS 03-4174, EPA 353.2",25,,,"bucker in on 26VII23 @ 1358hrs; still hot and dry, heavy smoke since 7/30 from fire near Elmo, gusty winds, no precip; extremely heavy organics, two bees and two small insects, lots of burnt leaf fragments and ash, filtered through 500 um mesh",,,,
FMP,23080201,23080201-01,Yellow Bay Knob @ Flathead Lake BioStation,TMP03416,FMP10670,8/2/2023,,,Deposition-Dry,2052.9,Deposition,Total Phosphorus,TP,245,,245,,µg/L - P,"USGS 03-4174, EPA 365.2",1.5,,,"bucker in on 26VII23 @ 1358hrs; still hot and dry, heavy smoke since 7/30 from fire near Elmo, gusty winds, no precip; extremely heavy organics, two bees and two small insects, lots of burnt leaf fragments and ash, filtered through 500 um mesh",,,,
FMP,23081001,23081001-01,Yellow Bay Knob @ Flathead Lake BioStation,TMP03416,FMP10683,8/10/2023,,,Deposition-Dry,2478.9,Deposition,Total Nitrogen,TN,83.9,,83.9,,µg/L - N,"USGS 03-4174, EPA 353.2",25,,,"bucket in on 2VIII23 @ 0938 hrs; cooler, wetter week w several precip events over the weeekend through weds, smokey early in the week mostly washed out by the rain; heavy organics, two large pine needles, and some ash; filtered through 500 um mesh",,,,
FMP,23081001,23081001-01,Yellow Bay Knob @ Flathead Lake BioStation,TMP03416,FMP10683,8/10/2023,,,Deposition-Dry,2478.9,Deposition,Total Phosphorus,TP,33.4,,33.4,,µg/L - P,"USGS 03-4174, EPA 365.2",1.5,,,"bucket in on 2VIII23 @ 0938 hrs; cooler, wetter week w several precip events over the weeekend through weds, smokey early in the week mostly washed out by the rain; heavy organics, two large pine needles, and some ash; filtered through 500 um mesh",,,,
FMP,23081701,23081701-01,Yellow Bay Knob @ Flathead Lake BioStation,TMP03416,FMP10685,8/17/2023,,,Deposition-Dry,2040.6,Deposition,Total Nitrogen,TN,86.8,,86.8,,µg/L - N,"USGS 03-4174, EPA 353.2",25,,,"bucket in on 10VIII23 @ 1105hrs; temp back up to 90s durin gthe day this week, some high winds, no precip, thick smoke came in yesterday afternoon (8/16); heavy organics, looks ashy, one bee one beetle and one spider; filtered through 500um mesh",,,,
FMP,23081701,23081701-01,Yellow Bay Knob @ Flathead Lake BioStation,TMP03416,FMP10685,8/17/2023,,,Deposition-Dry,2040.6,Deposition,Total Phosphorus,TP,21.5,,21.5,,µg/L - P,"USGS 03-4174, EPA 365.2",1.5,,,"bucket in on 10VIII23 @ 1105hrs; temp back up to 90s durin gthe day this week, some high winds, no precip, thick smoke came in yesterday afternoon (8/16); heavy organics, looks ashy, one bee one beetle and one spider; filtered through 500um mesh",,,,
FMP,23082301,23082301-01,Yellow Bay Knob @ Flathead Lake BioStation,TMP03416,FMP10691,8/23/2023,,,Deposition-Dry,2839.7,Deposition,Total Nitrogen,TN,113,,113,,µg/L - N,"USGS 03-4174, EPA 353.2",25,,,"bucket in on 17VIII23 @ 0935hrs; heavy smoke and hot temps last week washed out in rain 8/21-22 and heavy rain/thunderstorm with high winds last night; heavy organics, ashy color, filtered through 500 um mesh",,,,
FMP,23082301,23082301-01,Yellow Bay Knob @ Flathead Lake BioStation,TMP03416,FMP10691,8/23/2023,,,Deposition-Dry,2839.7,Deposition,Total Phosphorus,TP,38.7,,38.7,,µg/L - P,"USGS 03-4174, EPA 365.2",1.5,,,"bucket in on 17VIII23 @ 0935hrs; heavy smoke and hot temps last week washed out in rain 8/21-22 and heavy rain/thunderstorm with high winds last night; heavy organics, ashy color, filtered through 500 um mesh",,,,
FMP,23083102,23083102-01,Yellow Bay Knob @ Flathead Lake BioStation,TMP03416,FMP10705,8/31/2023,,,Deposition-Dry,2469.4,Deposition,Total Nitrogen,TN,127,,127,,µg/L - N,"USGS 03-4174, EPA 353.2",25,,,"bucket in on 23VIII23 @ 1425 hrs; warm temps in 70s-80s, mostly overcast, heavy to moderate rain yesterday, some smoke before the rain; moderate organics, one wasp, filtered through 500 um mesh",,,,
FMP,23083102,23083102-01,Yellow Bay Knob @ Flathead Lake BioStation,TMP03416,FMP10705,8/31/2023,,,Deposition-Dry,2469.4,Deposition,Total Phosphorus,TP,38.8,,38.8,,µg/L - P,"USGS 03-4174, EPA 365.2",1.5,,,"bucket in on 23VIII23 @ 1425 hrs; warm temps in 70s-80s, mostly overcast, heavy to moderate rain yesterday, some smoke before the rain; moderate organics, one wasp, filtered through 500 um mesh",,,,
FMP,23090701,23090701-01,Yellow Bay Knob @ Flathead Lake BioStation,TMP03416,FMP10711,9/7/2023,,,Deposition-Dry,2329.7,Deposition,Total Nitrogen,TN,33.5,,33.5,,µg/L - N,"USGS 03-4174, EPA 353.2",25,,,"bucket in on 31VIII23 @ 1116 hrs; mostly highs in the 70s, scattered rain/thunderstorms, otherwise mostly sunny; light organics, one spider and one insect, filtered through 500 um mesh",,,,
FMP,23090701,23090701-01,Yellow Bay Knob @ Flathead Lake BioStation,TMP03416,FMP10711,9/7/2023,,,Deposition-Dry,2329.7,Deposition,Total Phosphorus,TP,3.4,,3.4,,µg/L - P,"USGS 03-4174, EPA 365.2",1.5,,,"bucket in on 31VIII23 @ 1116 hrs; mostly highs in the 70s, scattered rain/thunderstorms, otherwise mostly sunny; light organics, one spider and one insect, filtered through 500 um mesh",,,,
FMP,23091401,23091401-01,Yellow Bay Knob @ Flathead Lake BioStation,TMP03416,FMP10713,9/14/2023,,,Deposition-Dry,2084.8,Deposition,Total Nitrogen,TN,103,,103,,µg/L - N,"USGS 03-4174, EPA 353.2",25,,,"bucket in on 7IX23 @ 0935hrs; highs in the 70s, mostly sunny, one minor precip event on 9/9; one bee, one insect, light-moderate organics, filtered through 500um mesh",,,,
FMP,23091401,23091401-01,Yellow Bay Knob @ Flathead Lake BioStation,TMP03416,FMP10713,9/14/2023,,,Deposition-Dry,2084.8,Deposition,Total Phosphorus,TP,7.6,,7.6,,µg/L - P,"USGS 03-4174, EPA 365.2",1.5,,,"bucket in on 7IX23 @ 0935hrs; highs in the 70s, mostly sunny, one minor precip event on 9/9; one bee, one insect, light-moderate organics, filtered through 500um mesh",,,,
FMP,23092001,23092001-01,Yellow Bay Knob @ Flathead Lake BioStation,TMP03416,FMP10718,9/20/2023,,,Deposition-Dry,1344.6,Deposition,Total Nitrogen,TN,47.2,,47.2,,µg/L - N,"USGS 03-4174, EPA 353.2",25,,,"bucker in on 14IX23 @ 1333 hrs; warm through the weekend, dropping to highs in the 60s this week, moderate winds, no precip; moderate organics, one insect, filtered through 500 um mesh",,,,
FMP,23092001,23092001-01,Yellow Bay Knob @ Flathead Lake BioStation,TMP03416,FMP10718,9/20/2023,,,Deposition-Dry,1344.6,Deposition,Total Phosphorus,TP,6.6,,6.6,,µg/L - P,"USGS 03-4174, EPA 365.2",1.5,,,"bucker in on 14IX23 @ 1333 hrs; warm through the weekend, dropping to highs in the 60s this week, moderate winds, no precip; moderate organics, one insect, filtered through 500 um mesh",,,,
FMP,23092901,23092901-01,Yellow Bay Knob @ Flathead Lake BioStation,TMP03416,FMP10731,9/29/2023,,,Deposition-Dry,1255.2,Deposition,Total Nitrogen,TN,102,,102,,µg/L - N,"USGS 03-4174, EPA 353.2",25,,,Bucket on in 20IX23 @1140hrs. Mostly dry last week with rain storms this week; left in longer to capture rain event. High winds; Cooler temperatures. Heavy organics; 1 dragonfly and 1 wasp; filtered through 500 um mesh.,,,,
FMP,23092901,23092901-01,Yellow Bay Knob @ Flathead Lake BioStation,TMP03416,FMP10731,9/29/2023,,,Deposition-Dry,1255.2,Deposition,Total Phosphorus,TP,11.1,,11.1,,µg/L - P,"USGS 03-4174, EPA 365.2",1.5,,,Bucket on in 20IX23 @1140hrs. Mostly dry last week with rain storms this week; left in longer to capture rain event. High winds; Cooler temperatures. Heavy organics; 1 dragonfly and 1 wasp; filtered through 500 um mesh.,,,,
FMP,23100602,23100602-01,Yellow Bay Knob @ Flathead Lake BioStation,TMP03416,FMP10733,10/6/2023,,,Deposition-Dry,1688,Deposition,Total Nitrogen,TN,70.6,,70.6,,µg/L - N,"USGS 03-4174, EPA 353.2",25,,,"bucket in on 29IX23 @ 1635 hrs; mostly dry with cooler temps, some precip on Saturday (9/30), highs in the low 60s; moderate organics, one (live) wasp, a few spiders and gnats, filtered through 500 um mesh",,,,
FMP,23100602,23100602-01,Yellow Bay Knob @ Flathead Lake BioStation,TMP03416,FMP10733,10/6/2023,,,Deposition-Dry,1688,Deposition,Total Phosphorus,TP,7,,7,,µg/L - P,"USGS 03-4174, EPA 365.2",1.5,,,"bucket in on 29IX23 @ 1635 hrs; mostly dry with cooler temps, some precip on Saturday (9/30), highs in the low 60s; moderate organics, one (live) wasp, a few spiders and gnats, filtered through 500 um mesh",,,,
FMP,23101301,23101301-01,Yellow Bay Knob @ Flathead Lake BioStation,TMP03416,FMP10747,10/13/2023,,,Deposition-Dry,1812.6,Deposition,Total Nitrogen,TN,56.1,,56.1,,µg/L - N,"USGS 03-4174, EPA 353.2",25,,,"bucket in on 6X23 @ 1115hrs; highs in the low 60s, nights in the 40s, overcast with rain on 10/10-10/11, some haze from slash piles; one pine fascicle, one live wasp, moderate organics, filtered through 500 um mesh",,,,
FMP,23101301,23101301-01,Yellow Bay Knob @ Flathead Lake BioStation,TMP03416,FMP10747,10/13/2023,,,Deposition-Dry,1812.6,Deposition,Total Phosphorus,TP,7.2,,7.2,,µg/L - P,"USGS 03-4174, EPA 365.2",1.5,,,"bucket in on 6X23 @ 1115hrs; highs in the low 60s, nights in the 40s, overcast with rain on 10/10-10/11, some haze from slash piles; one pine fascicle, one live wasp, moderate organics, filtered through 500 um mesh",,,,
FMP,23102002,23102002-01,Yellow Bay Knob @ Flathead Lake BioStation,TMP03416,FMP10753,10/20/2023,,,Deposition-Dry,1596.9,Deposition,Total Nitrogen,TN,31.9,,31.9,,µg/L - N,"USGS 03-4174, EPA 353.2",25,,,"bucket in on 13X32 @ 1055 hrs; relatively wrm week, overcast to sunny, one small rain event; moderate organics, one pine fascicle, filtered through 500 um mesh",,,,
FMP,23102002,23102002-01,Yellow Bay Knob @ Flathead Lake BioStation,TMP03416,FMP10753,10/20/2023,,,Deposition-Dry,1596.9,Deposition,Total Phosphorus,TP,5,,5,,µg/L - P,"USGS 03-4174, EPA 365.2",1.5,,,"bucket in on 13X32 @ 1055 hrs; relatively wrm week, overcast to sunny, one small rain event; moderate organics, one pine fascicle, filtered through 500 um mesh",,,,
FMP,23103001,23103001-01,Yellow Bay Knob @ Flathead Lake BioStation,TMP03416,FMP10754,10/30/2023,,,Deposition-Dry,1780.5,Deposition,Total Nitrogen,TN,100,,100,,µg/L - N,"USGS 03-4174, EPA 353.2",25,,,"bucket in on 20X23 @ 1558hrs; temp dropped to below freezing tues 10/24, some rain over wknd then 0.4"" snow and strong winds tues night; heavy organics, sample froze solid and had snow on top, thawed over the wknd in fridge, filtered thru 500 um mesh",,,,
FMP,23103001,23103001-01,Yellow Bay Knob @ Flathead Lake BioStation,TMP03416,FMP10754,10/30/2023,,,Deposition-Dry,1780.5,Deposition,Total Phosphorus,TP,14.9,,14.9,,µg/L - P,"USGS 03-4174, EPA 365.2",1.5,,,"bucket in on 20X23 @ 1558hrs; temp dropped to below freezing tues 10/24, some rain over wknd then 0.4"" snow and strong winds tues night; heavy organics, sample froze solid and had snow on top, thawed over the wknd in fridge, filtered thru 500 um mesh",,,,
FMP,23110201,23110201-01,Yellow Bay Knob @ Flathead Lake BioStation,TMP03416,FMP10756,11/2/2023,,,Deposition-Dry,1913.9,Deposition,Total Nitrogen,TN,< 25.0,,25,<,µg/L - N,"USGS 03-4174, EPA 353.2",25,,,"bucket in on 27X23 @ 1029 hrs; reset early bc of rain forecast, ~3"" snow overnight 10/27-28, cold temps mostly below freezing; sample mostly frozen, no visible organics, thawed overnight in fridge, filtered thru 500 um mesh",,,,
FMP,23110201,23110201-01,Yellow Bay Knob @ Flathead Lake BioStation,TMP03416,FMP10756,11/2/2023,,,Deposition-Dry,1913.9,Deposition,Total Phosphorus,TP,< 1.5,,1.5,<,µg/L - P,"USGS 03-4174, EPA 365.2",1.5,,,"bucket in on 27X23 @ 1029 hrs; reset early bc of rain forecast, ~3"" snow overnight 10/27-28, cold temps mostly below freezing; sample mostly frozen, no visible organics, thawed overnight in fridge, filtered thru 500 um mesh",,,,
FMP,23110901,23110901-01,Yellow Bay Knob @ Flathead Lake BioStation,TMP03416,FMP10770,11/9/2023,,,Deposition-Dry,1867.4,Deposition,Total Nitrogen,TN,< 25.0,,25,<,µg/L - N,"USGS 03-4174, EPA 353.2",25,,,"bucket in on 1XI23 @ 0935hrs; temps in the 40s, nights above freezing, mostly overcast and drizzly heavy rain 11/2, open burning; light organics, one and and one spider, filtered through 500 um mesh",,,,
FMP,23110901,23110901-01,Yellow Bay Knob @ Flathead Lake BioStation,TMP03416,FMP10770,11/9/2023,,,Deposition-Dry,1867.4,Deposition,Total Phosphorus,TP,< 1.5,,1.5,<,µg/L - P,"USGS 03-4174, EPA 365.2",1.5,,,"bucket in on 1XI23 @ 0935hrs; temps in the 40s, nights above freezing, mostly overcast and drizzly heavy rain 11/2, open burning; light organics, one and and one spider, filtered through 500 um mesh",,,,
FMP,23111701,23111701-01,Yellow Bay Knob @ Flathead Lake BioStation,TMP03416,FMP10776,11/17/2023,,,Deposition-Dry,1565.7,Deposition,Total Nitrogen,TN,43.8,,43.8,,µg/L - N,"USGS 03-4174, EPA 353.2",25,,,"Bucket in 09XI23, 0935hrs. Mostly dry with heavy rain two days; open bunring; days in 40s, nights at or near freeezing; M to H winds. Light organics; filt. 500 um mesh.",,,,
FMP,23111701,23111701-01,Yellow Bay Knob @ Flathead Lake BioStation,TMP03416,FMP10776,11/17/2023,,,Deposition-Dry,1565.7,Deposition,Total Phosphorus,TP,2,,2,,µg/L - P,"USGS 03-4174, EPA 365.2",1.5,,,"Bucket in 09XI23, 0935hrs. Mostly dry with heavy rain two days; open bunring; days in 40s, nights at or near freeezing; M to H winds. Light organics; filt. 500 um mesh.",,,,
FMP,23112702,23112702-01,Yellow Bay Knob @ Flathead Lake BioStation,TMP03416,FMP10778,11/27/2023,,,Deposition-Dry,1579.9,Deposition,Total Nitrogen,TN,65.8,,65.8,,µg/L - N,"USGS 03-4174, EPA 353.2",25,,,"bucket in on 17XI23 @ 1040 hrs; cold temps, trace precip (no sample), moderate winds; light organics, filtered through 500 um mesh",,,,
FMP,23112702,23112702-01,Yellow Bay Knob @ Flathead Lake BioStation,TMP03416,FMP10778,11/27/2023,,,Deposition-Dry,1579.9,Deposition,Total Phosphorus,TP,< 1.5,,1.5,<,µg/L - P,"USGS 03-4174, EPA 365.2",1.5,,,"bucket in on 17XI23 @ 1040 hrs; cold temps, trace precip (no sample), moderate winds; light organics, filtered through 500 um mesh",,,,
FMP,23120402,23120402-01,Yellow Bay Knob @ Flathead Lake BioStation,TMP03416,FMP10779,12/4/2023,,,Deposition-Dry,1746.3,Deposition,Total Nitrogen,TN,69.4,,69.4,,µg/L - N,"USGS 03-4174, EPA 353.2",25,,,"bucket in on 27XI23 @ 0956 hrs; started cold turning warmer, some snow 2-4in turning into rain and mostly melted now; light organics, filtered through 500 um mesh",,,,
FMP,23120402,23120402-01,Yellow Bay Knob @ Flathead Lake BioStation,TMP03416,FMP10779,12/4/2023,,,Deposition-Dry,1746.3,Deposition,Total Phosphorus,TP,< 1.5,,1.5,<,µg/L - P,"USGS 03-4174, EPA 365.2",1.5,,,"bucket in on 27XI23 @ 0956 hrs; started cold turning warmer, some snow 2-4in turning into rain and mostly melted now; light organics, filtered through 500 um mesh",,,,
FMP,23121201,23121201-01,Yellow Bay Knob @ Flathead Lake BioStation,TMP03416,FMP10781,12/12/2023,,,Deposition-Dry,1826.8,Deposition,Total Nitrogen,TN,44.4,,44.4,,µg/L - N,"USGS 03-4174, EPA 353.2",25,,,"bucket in on 4XII23 @ 1005 hrs; relatively warm week, moderate winds, moderate precip on 12/10-11; light organics, one nad, filtered through 500 um mesh",,,,
FMP,23121201,23121201-01,Yellow Bay Knob @ Flathead Lake BioStation,TMP03416,FMP10781,12/12/2023,,,Deposition-Dry,1826.8,Deposition,Total Phosphorus,TP,< 1.5,,1.5,<,µg/L - P,"USGS 03-4174, EPA 365.2",1.5,,,"bucket in on 4XII23 @ 1005 hrs; relatively warm week, moderate winds, moderate precip on 12/10-11; light organics, one nad, filtered through 500 um mesh",,,,
FMP,23121901,23121901-01,Yellow Bay Knob @ Flathead Lake BioStation,TMP03416,FMP10800,12/19/2023,,,Deposition-Dry,1729.9,Deposition,Total Nitrogen,TN,< 25.0,,25,<,µg/L - N,"USGS 03-4174, EPA 353.2",25,,,"bucket in on 12XII23 @ 0935 hrs; mostly dry, daytime temps in the 40s, nighttime rarely below freezing, and calm, some burning w/in the last week",,,,
FMP,23121901,23121901-01,Yellow Bay Knob @ Flathead Lake BioStation,TMP03416,FMP10800,12/19/2023,,,Deposition-Dry,1729.9,Deposition,Total Phosphorus,TP,< 1.5,,1.5,<,µg/L - P,"USGS 03-4174, EPA 365.2",1.5,,,"bucket in on 12XII23 @ 0935 hrs; mostly dry, daytime temps in the 40s, nighttime rarely below freezing, and calm, some burning w/in the last week",,,,
FMP,23122702,23122702-01,Yellow Bay Knob @ Flathead Lake BioStation,TMP03416,FMP10801,12/27/2023,,,Deposition-Dry,1740.8,Deposition,Total Nitrogen,TN,40.7,,40.7,,µg/L - N,"USGS 03-4174, EPA 353.2",25,,,Bucket in on 19XII23 @ 0940hrs. Some light snow but mostly dry; calm to moderate winds; colder temperatures in the mid-30's (F). Very light organics; filtered through 500 um mesh.,,,,
FMP,23122702,23122702-01,Yellow Bay Knob @ Flathead Lake BioStation,TMP03416,FMP10801,12/27/2023,,,Deposition-Dry,1740.8,Deposition,Total Phosphorus,TP,< 1.5,,1.5,<,µg/L - P,"USGS 03-4174, EPA 365.2",1.5,,,Bucket in on 19XII23 @ 0940hrs. Some light snow but mostly dry; calm to moderate winds; colder temperatures in the mid-30's (F). Very light organics; filtered through 500 um mesh.,,,,
