Date,Site,Test,Parameter,Value,Units,Qualifier,Method,Start Depth,End Depth,SampleType,Volume,Notes
09/01/2007,"Bulk Deposition @ Flathead Lake, Biostation Poi...",Nitrogen (Total),TN,1234.01,µg/l,,Legacy_AutoAnalyzer -- Nutrients,0,0,Deposition-Bulk,319.3,"QC: 20080402N Spikes: 96.537, 101.935, 104.144, 97.364 Reps: 89.114, 86.375; 75.419, 75.419; 249.345, 250.714; 130.199, 131.569 Knowns: 94.505, 91.903, 91.218, 109.599, 90.533;Glutamic acid digestion check standard=103%"
09/01/2007,"Bulk Deposition @ Flathead Lake, Biostation Poi...",Phosphorus (Total),TP,138.207,µg/l,,Legacy_AutoAnalyzer -- Nutrients,0,0,Deposition-Bulk,319.3,"QC: 20080320P Spikes: 102.401, 100.474, 103.529, 99.82 Reps: 3.817, 3.855; 7.237, 7.275; 5.008, 4.85 Knowns: 102.156, 101.714, 102.304, 100.72;"
09/24/2007,"Bulk Deposition @ Flathead Lake, Biostation Poi...",Nitrogen (Total),TN,491.745,µg/l,,Legacy_AutoAnalyzer -- Nutrients,0,0,Deposition-Bulk,1834.6,"QC: 20080402N Spikes: 96.537, 101.935, 104.144, 97.364 Reps: 89.114, 86.375; 75.419, 75.419; 249.345, 250.714; 130.199, 131.569 Knowns: 94.505, 91.903, 91.218, 109.599, 90.533;Glutamic acid digestion check standard=103%"
09/24/2007,"Bulk Deposition @ Flathead Lake, Biostation Poi...",Phosphorus (Total),TP,30.677,µg/l,,Legacy_AutoAnalyzer -- Nutrients,0,0,Deposition-Bulk,1834.6,"QC: 20080320P Spikes: 102.401, 100.474, 103.529, 99.82 Reps: 3.817, 3.855; 7.237, 7.275; 5.008, 4.85 Knowns: 102.156, 101.714, 102.304, 100.72;"
10/04/2007,"Bulk Deposition @ Flathead Lake, Biostation Poi...",Nitrogen (Total),TN,497.223,µg/l,,Legacy_AutoAnalyzer -- Nutrients,0,0,Deposition-Bulk,1451.4,"QC: 20080402N Spikes: 96.537, 101.935, 104.144, 97.364 Reps: 89.114, 86.375; 75.419, 75.419; 249.345, 250.714; 130.199, 131.569 Knowns: 94.505, 91.903, 91.218, 109.599, 90.533;Glutamic acid digestion check standard=103%"
10/04/2007,"Bulk Deposition @ Flathead Lake, Biostation Poi...",Phosphorus (Total),TP,14.192,µg/l,,Legacy_AutoAnalyzer -- Nutrients,0,0,Deposition-Bulk,1451.4,"QC: 20080320P Spikes: 102.401, 100.474, 103.529, 99.82 Reps: 3.817, 3.855; 7.237, 7.275; 5.008, 4.85 Knowns: 102.156, 101.714, 102.304, 100.72;"
10/22/2007,"Bulk Deposition @ Flathead Lake, Biostation Poi...",Nitrogen (Total),TN,428.749,µg/l,,Legacy_AutoAnalyzer -- Nutrients,0,0,Deposition-Bulk,1602.8,"QC: 20080402N Spikes: 96.537, 101.935, 104.144, 97.364 Reps: 89.114, 86.375; 75.419, 75.419; 249.345, 250.714; 130.199, 131.569 Knowns: 94.505, 91.903, 91.218, 109.599, 90.533;Glutamic acid digestion check standard=103%"
10/22/2007,"Bulk Deposition @ Flathead Lake, Biostation Poi...",Phosphorus (Total),TP,9.965,µg/l,,Legacy_AutoAnalyzer -- Nutrients,0,0,Deposition-Bulk,1602.8,"QC: 20080320P Spikes: 102.401, 100.474, 103.529, 99.82 Reps: 3.817, 3.855; 7.237, 7.275; 5.008, 4.85 Knowns: 102.156, 101.714, 102.304, 100.72;"
11/14/2007,"Bulk Deposition @ Flathead Lake, Biostation Poi...",Nitrogen (Total),TN,734.146,µg/l,,Legacy_AutoAnalyzer -- Nutrients,0,0,Deposition-Bulk,0,"QC: 20080402N Spikes: 96.537, 101.935, 104.144, 97.364 Reps: 89.114, 86.375; 75.419, 75.419; 249.345, 250.714; 130.199, 131.569 Knowns: 94.505, 91.903, 91.218, 109.599, 90.533;Glutamic acid digestion check standard=103%"
11/14/2007,"Bulk Deposition @ Flathead Lake, Biostation Poi...",Nitrogen (Total),TN,743.732,µg/l,,Legacy_AutoAnalyzer -- Nutrients,0,0,Deposition-Bulk,0,"QC: 20080402N Spikes: 96.537, 101.935, 104.144, 97.364 Reps: 89.114, 86.375; 75.419, 75.419; 249.345, 250.714; 130.199, 131.569 Knowns: 94.505, 91.903, 91.218, 109.599, 90.533;Glutamic acid digestion check standard=103%"
11/14/2007,"Bulk Deposition @ Flathead Lake, Biostation Poi...",Phosphorus (Total),TP,20.225,µg/l,,Legacy_AutoAnalyzer -- Nutrients,0,0,Deposition-Bulk,0,"QC: 20080320P Spikes: 102.401, 100.474, 103.529, 99.82 Reps: 3.817, 3.855; 7.237, 7.275; 5.008, 4.85 Knowns: 102.156, 101.714, 102.304, 100.72;"
11/14/2007,"Bulk Deposition @ Flathead Lake, Biostation Poi...",Phosphorus (Total),TP,23.453,µg/l,,Legacy_AutoAnalyzer -- Nutrients,0,0,Deposition-Bulk,0,"QC: 20080320P Spikes: 102.401, 100.474, 103.529, 99.82 Reps: 3.817, 3.855; 7.237, 7.275; 5.008, 4.85 Knowns: 102.156, 101.714, 102.304, 100.72;"
11/21/2007,"Bulk Deposition @ Flathead Lake, Biostation Poi...",Nitrogen (Total),TN,294.07,µg/l,,Legacy_AutoAnalyzer -- Nutrients,0,0,Deposition-Bulk,1160.8,"QC: 20080424A Spikes: 101.322, 101.858, 104.490, 107.72 Reps: 94.634, 93.699; 94.705, 105.891; 541.384, 543.494; 99.62, 98.9 Knowns: 103.931, 100.000, 100.000, 100.000, 100.00;Glutamic acid digestion check standard=103%Glutamic acid digestion check standard=103%"
11/21/2007,"Bulk Deposition @ Flathead Lake, Biostation Poi...",Phosphorus (Total),TP,6.335,µg/l,,Legacy_AutoAnalyzer -- Nutrients,0,0,Deposition-Bulk,1160.8,"QC: 20080422B Spikes: 96.541, 91.713, 99.486, 100.28 Reps: 3.029, 3.066; 3.809, 3.474; 4.923, 4.886; 3.846, 3.80 Knowns: 97.368, 97.510, 98.934, 97.652, 96.85;"
12/04/2007,"Bulk Deposition @ Flathead Lake, Biostation Poi...",Nitrogen (Total),TN,331.036,µg/l,,Legacy_AutoAnalyzer -- Nutrients,0,0,Deposition-Bulk,876.9,"QC: 20080424A Spikes: 101.322, 101.858, 104.490, 107.72 Reps: 94.634, 93.699; 94.705, 105.891; 541.384, 543.494; 99.62, 98.9 Knowns: 103.931, 100.000, 100.000, 100.000, 100.00;Glutamic acid digestion check standard=103%Glutamic acid digestion check standard=103%"
12/04/2007,"Bulk Deposition @ Flathead Lake, Biostation Poi...",Phosphorus (Total),TP,6.038,µg/l,,Legacy_AutoAnalyzer -- Nutrients,0,0,Deposition-Bulk,876.9,"QC: 20080422B Spikes: 96.541, 91.713, 99.486, 100.28 Reps: 3.029, 3.066; 3.809, 3.474; 4.923, 4.886; 3.846, 3.80 Knowns: 97.368, 97.510, 98.934, 97.652, 96.85;"
12/12/2007,"Bulk Deposition @ Flathead Lake, Biostation Poi...",Nitrogen (Total),TN,1913.69,µg/l,,Legacy_AutoAnalyzer -- Nutrients,0,0,Deposition-Bulk,680.5,"QC: 20080424A Spikes: 101.322, 101.858, 104.490, 107.72 Reps: 94.634, 93.699; 94.705, 105.891; 541.384, 543.494; 99.62, 98.9 Knowns: 103.931, 100.000, 100.000, 100.000, 100.00;Glutamic acid digestion check standard=103%Glutamic acid digestion check standard=103%"
12/12/2007,"Bulk Deposition @ Flathead Lake, Biostation Poi...",Phosphorus (Total),TP,6.001,µg/l,,Legacy_AutoAnalyzer -- Nutrients,0,0,Deposition-Bulk,680.5,"QC: 20080422B Spikes: 96.541, 91.713, 99.486, 100.28 Reps: 3.029, 3.066; 3.809, 3.474; 4.923, 4.886; 3.846, 3.80 Knowns: 97.368, 97.510, 98.934, 97.652, 96.85;"
01/02/2008,"Bulk Deposition @ Flathead Lake, Biostation Poi...",Nitrogen (Total),TN,4041.98,µg/l,,Legacy_AutoAnalyzer -- Nutrients,0,0,Deposition-Bulk,771,"QC: 20080424A Spikes: 101.322, 101.858, 104.490, 107.72 Reps: 94.634, 93.699; 94.705, 105.891; 541.384, 543.494; 99.62, 98.9 Knowns: 103.931, 100.000, 100.000, 100.000, 100.00;Glutamic acid digestion check standard=103%Glutamic acid digestion check standard=103%"
01/02/2008,"Bulk Deposition @ Flathead Lake, Biostation Poi...",Phosphorus (Total),TP,10.979,µg/l,,Legacy_AutoAnalyzer -- Nutrients,0,0,Deposition-Bulk,771,"QC: 20080422B Spikes: 96.541, 91.713, 99.486, 100.28 Reps: 3.029, 3.066; 3.809, 3.474; 4.923, 4.886; 3.846, 3.80 Knowns: 97.368, 97.510, 98.934, 97.652, 96.85;"
01/14/2008,"Bulk Deposition @ Flathead Lake, Biostation Poi...",Nitrogen (Total),TN,438.826,µg/l,,Legacy_AutoAnalyzer -- Nutrients,0,0,Deposition-Bulk,1900,"No pH worksheet found;QC: 20080424A Spikes: 101.322, 101.858, 104.490, 107.72 Reps: 94.634, 93.699; 94.705, 105.891; 541.384, 543.494; 99.62, 98.9 Knowns: 103.931, 100.000, 100.000, 100.000, 100.00;Glutamic acid digestion check standard=103%Glutamic acid digestion check standard=103%"
01/14/2008,"Bulk Deposition @ Flathead Lake, Biostation Poi...",Phosphorus (Total),TP,3.029,µg/l,,Legacy_AutoAnalyzer -- Nutrients,0,0,Deposition-Bulk,1900,"No pH worksheet found;QC: 20080422B Spikes: 96.541, 91.713, 99.486, 100.28 Reps: 3.029, 3.066; 3.809, 3.474; 4.923, 4.886; 3.846, 3.80 Knowns: 97.368, 97.510, 98.934, 97.652, 96.85;"
01/22/2008,"Bulk Deposition @ Flathead Lake, Biostation Poi...",Nitrogen (Total),TN,764.465,µg/l,,Legacy_AutoAnalyzer -- Nutrients,0,0,Deposition-Bulk,800,"QC: 20080424A Spikes: 101.322, 101.858, 104.490, 107.72 Reps: 94.634, 93.699; 94.705, 105.891; 541.384, 543.494; 99.62, 98.9 Knowns: 103.931, 100.000, 100.000, 100.000, 100.00;Glutamic acid digestion check standard=103%Glutamic acid digestion check standard=103%"
01/22/2008,"Bulk Deposition @ Flathead Lake, Biostation Poi...",Phosphorus (Total),TP,11.614,µg/l,,Legacy_AutoAnalyzer -- Nutrients,0,0,Deposition-Bulk,800,"QC: 20080422B Spikes: 96.541, 91.713, 99.486, 100.28 Reps: 3.029, 3.066; 3.809, 3.474; 4.923, 4.886; 3.846, 3.80 Knowns: 97.368, 97.510, 98.934, 97.652, 96.85;"
02/01/2008,"Bulk Deposition @ Flathead Lake, Biostation Poi...",Nitrogen (Total),TN,383.181,µg/l,,Legacy_AutoAnalyzer -- Nutrients,0,0,Deposition-Bulk,1200,"QC: 20080424A Spikes: 101.322, 101.858, 104.490, 107.72 Reps: 94.634, 93.699; 94.705, 105.891; 541.384, 543.494; 99.62, 98.9 Knowns: 103.931, 100.000, 100.000, 100.000, 100.00;Glutamic acid digestion check standard=103%Glutamic acid digestion check standard=103%"
02/01/2008,"Bulk Deposition @ Flathead Lake, Biostation Poi...",Phosphorus (Total),TP,4.589,µg/l,,Legacy_AutoAnalyzer -- Nutrients,0,0,Deposition-Bulk,1200,"QC: 20080422B Spikes: 96.541, 91.713, 99.486, 100.28 Reps: 3.029, 3.066; 3.809, 3.474; 4.923, 4.886; 3.846, 3.80 Knowns: 97.368, 97.510, 98.934, 97.652, 96.85;"
02/11/2008,"Bulk Deposition @ Flathead Lake, Biostation Poi...",Nitrogen (Total),TN,1305.93,µg/l,,Legacy_AutoAnalyzer -- Nutrients,0,0,Deposition-Bulk,370.8,"QC: 20080424A Spikes: 101.322, 101.858, 104.490, 107.72 Reps: 94.634, 93.699; 94.705, 105.891; 541.384, 543.494; 99.62, 98.9 Knowns: 103.931, 100.000, 100.000, 100.000, 100.00;Glutamic acid digestion check standard=103%Glutamic acid digestion check standard=103%"
02/11/2008,"Bulk Deposition @ Flathead Lake, Biostation Poi...",Phosphorus (Total),TP,8.267,µg/l,,Legacy_AutoAnalyzer -- Nutrients,0,0,Deposition-Bulk,370.8,"QC: 20080422B Spikes: 96.541, 91.713, 99.486, 100.28 Reps: 3.029, 3.066; 3.809, 3.474; 4.923, 4.886; 3.846, 3.80 Knowns: 97.368, 97.510, 98.934, 97.652, 96.85;"
02/28/2008,"Bulk Deposition @ Flathead Lake, Biostation Poi...",Nitrogen (Total),TN,872.641,µg/l,,Legacy_AutoAnalyzer -- Nutrients,0,0,Deposition-Bulk,1085.8,"QC: 20080424A Spikes: 101.322, 101.858, 104.490, 107.72 Reps: 94.634, 93.699; 94.705, 105.891; 541.384, 543.494; 99.62, 98.9 Knowns: 103.931, 100.000, 100.000, 100.000, 100.00;Glutamic acid digestion check standard=103%Glutamic acid digestion check standard=103%"
02/28/2008,"Bulk Deposition @ Flathead Lake, Biostation Poi...",Phosphorus (Total),TP,4.477,µg/l,,Legacy_AutoAnalyzer -- Nutrients,0,0,Deposition-Bulk,1085.8,"QC: 20080422B Spikes: 96.541, 91.713, 99.486, 100.28 Reps: 3.029, 3.066; 3.809, 3.474; 4.923, 4.886; 3.846, 3.80 Knowns: 97.368, 97.510, 98.934, 97.652, 96.85;"
03/06/2008,"Bulk Deposition @ Flathead Lake, Biostation Poi...",Nitrogen (Total),TN,718.439,µg/l,,Legacy_AutoAnalyzer -- Nutrients,0,0,Deposition-Bulk,393.4,"QC: 20080424A Spikes: 101.322, 101.858, 104.490, 107.72 Reps: 94.634, 93.699; 94.705, 105.891; 541.384, 543.494; 99.62, 98.9 Knowns: 103.931, 100.000, 100.000, 100.000, 100.00;Glutamic acid digestion check standard=103%Glutamic acid digestion check standard=103%"
03/06/2008,"Bulk Deposition @ Flathead Lake, Biostation Poi...",Phosphorus (Total),TP,3.549,µg/l,,Legacy_AutoAnalyzer -- Nutrients,0,0,Deposition-Bulk,393.4,"QC: 20080422B Spikes: 96.541, 91.713, 99.486, 100.28 Reps: 3.029, 3.066; 3.809, 3.474; 4.923, 4.886; 3.846, 3.80 Knowns: 97.368, 97.510, 98.934, 97.652, 96.85;"
03/19/2008,"Bulk Deposition @ Flathead Lake, Biostation Poi...",Nitrogen (Total),TN,997.901,µg/l,,Legacy_AutoAnalyzer -- Nutrients,0,0,Deposition-Bulk,728.1,"QC: 20080509N Spikes: 105.594 Reps: 487.095, 503.835 Knowns: 100, 100, 100;"
03/19/2008,"Bulk Deposition @ Flathead Lake, Biostation Poi...",Phosphorus (Total),TP,6.548,µg/l,,Legacy_AutoAnalyzer -- Nutrients,0,0,Deposition-Bulk,728.1,"QC: 20080507A Spikes: 103.68, 104.309, 105.973 Reps: 6.389, 6.906; 29.506, 30.062; 8.137, 8.256 Knowns: 98.65, 104.419, 106.284, 99.583, 101.258;"
04/08/2008,"Bulk Deposition @ Flathead Lake, Biostation Poi...",Nitrogen (Total),TN,998.905,µg/l,,Legacy_AutoAnalyzer -- Nutrients,0,0,Deposition-Bulk,1043.6,"QC: 20080509N Spikes: 105.594 Reps: 487.095, 503.835 Knowns: 100, 100, 100;"
04/08/2008,"Bulk Deposition @ Flathead Lake, Biostation Poi...",Phosphorus (Total),TP,18.98,µg/l,,Legacy_AutoAnalyzer -- Nutrients,0,0,Deposition-Bulk,1043.6,"QC: 20080507A Spikes: 103.68, 104.309, 105.973 Reps: 6.389, 6.906; 29.506, 30.062; 8.137, 8.256 Knowns: 98.65, 104.419, 106.284, 99.583, 101.258;"
04/17/2008,"Bulk Deposition @ Flathead Lake, Biostation Poi...",Nitrogen (Total),TN,2020.55,µg/l,,Legacy_AutoAnalyzer -- Nutrients,0,0,Deposition-Bulk,479.7,"QC: 20080509N Spikes: 105.594 Reps: 487.095, 503.835 Knowns: 100, 100, 100;"
04/17/2008,"Bulk Deposition @ Flathead Lake, Biostation Poi...",Phosphorus (Total),TP,35.663,µg/l,,Legacy_AutoAnalyzer -- Nutrients,0,0,Deposition-Bulk,479.7,"QC: 20080507A Spikes: 103.68, 104.309, 105.973 Reps: 6.389, 6.906; 29.506, 30.062; 8.137, 8.256 Knowns: 98.65, 104.419, 106.284, 99.583, 101.258;"
05/02/2008,"Bulk Deposition @ Flathead Lake, Biostation Poi...",Nitrogen (Total),TN,711.371,µg/l,,Legacy_AutoAnalyzer -- Nutrients,0,0,Deposition-Bulk,0,"QC: 20080509N Spikes: 105.594 Reps: 487.095, 503.835 Knowns: 100, 100, 100;"
05/02/2008,"Bulk Deposition @ Flathead Lake, Biostation Poi...",Nitrogen (Total),TN,671.606,µg/l,,Legacy_AutoAnalyzer -- Nutrients,0,0,Deposition-Bulk,0,"QC: 20080509N Spikes: 105.594 Reps: 487.095, 503.835 Knowns: 100, 100, 100;"
05/02/2008,"Bulk Deposition @ Flathead Lake, Biostation Poi...",Phosphorus (Total),TP,22.833,µg/l,,Legacy_AutoAnalyzer -- Nutrients,0,0,Deposition-Bulk,0,"QC: 20080507A Spikes: 103.68, 104.309, 105.973 Reps: 6.389, 6.906; 29.506, 30.062; 8.137, 8.256 Knowns: 98.65, 104.419, 106.284, 99.583, 101.258;"
05/02/2008,"Bulk Deposition @ Flathead Lake, Biostation Poi...",Phosphorus (Total),TP,23.628,µg/l,,Legacy_AutoAnalyzer -- Nutrients,0,0,Deposition-Bulk,0,"QC: 20080507A Spikes: 103.68, 104.309, 105.973 Reps: 6.389, 6.906; 29.506, 30.062; 8.137, 8.256 Knowns: 98.65, 104.419, 106.284, 99.583, 101.258;"
05/13/2008,"Bulk Deposition @ Flathead Lake, Biostation Poi...",Nitrogen (Total),TN,2956.24,µg/l,,Legacy_AutoAnalyzer -- Nutrients,0,0,Deposition-Bulk,0,"QC: 20080605B Spikes: 107.84, 106.554 Reps: 152.165, 152.035; 96.805, 107.966 Knowns: 100, 100;"
05/13/2008,"Bulk Deposition @ Flathead Lake, Biostation Poi...",Nitrogen (Total),TN,1014.78,µg/l,,Legacy_AutoAnalyzer -- Nutrients,0,0,Deposition-Bulk,0,"QC: 20080605B Spikes: 107.84, 106.554 Reps: 152.165, 152.035; 96.805, 107.966 Knowns: 100, 100;"
05/13/2008,"Bulk Deposition @ Flathead Lake, Biostation Poi...",Phosphorus (Total),TP,48.469,µg/l,,Legacy_AutoAnalyzer -- Nutrients,0,0,Deposition-Bulk,0,"QC: 20080605A Spikes: 97.07, 96.092 Reps: 6.133, 6.209; 6.133, 6.209 Knowns: 99.594, 101.951, 101.08;"
05/13/2008,"Bulk Deposition @ Flathead Lake, Biostation Poi...",Phosphorus (Total),TP,279.148,µg/l,,Legacy_AutoAnalyzer -- Nutrients,0,0,Deposition-Bulk,0,"QC: 20080605A Spikes: 97.07, 96.092 Reps: 6.133, 6.209; 6.133, 6.209 Knowns: 99.594, 101.951, 101.08;"
05/16/2008,"Bulk Deposition @ Flathead Lake, Biostation Poi...",Nitrogen (Total),TN,372.4,µg/l,,Legacy_AutoAnalyzer -- Nutrients,0,0,Deposition-Bulk,642.5,"QC: 20080605B Spikes: 107.84, 106.554 Reps: 152.165, 152.035; 96.805, 107.966 Knowns: 100, 100;"
05/16/2008,"Bulk Deposition @ Flathead Lake, Biostation Poi...",Phosphorus (Total),TP,9.239,µg/l,,Legacy_AutoAnalyzer -- Nutrients,0,0,Deposition-Bulk,642.5,"QC: 20080605A Spikes: 97.07, 96.092 Reps: 6.133, 6.209; 6.133, 6.209 Knowns: 99.594, 101.951, 101.08;"
05/22/2008,"Bulk Deposition @ Flathead Lake, Biostation Poi...",Nitrogen (Total),TN,524.863,µg/l,,Legacy_AutoAnalyzer -- Nutrients,0,0,Deposition-Bulk,1629.7,"QC: 20080605B Spikes: 107.84, 106.554 Reps: 152.165, 152.035; 96.805, 107.966 Knowns: 100, 100;"
05/22/2008,"Bulk Deposition @ Flathead Lake, Biostation Poi...",Phosphorus (Total),TP,20.225,µg/l,,Legacy_AutoAnalyzer -- Nutrients,0,0,Deposition-Bulk,1629.7,"QC: 20080605A Spikes: 97.07, 96.092 Reps: 6.133, 6.209; 6.133, 6.209 Knowns: 99.594, 101.951, 101.08;"
05/27/2008,"Bulk Deposition @ Flathead Lake, Biostation Poi...",Nitrogen (Total),TN,497.594,µg/l,,Legacy_AutoAnalyzer -- Nutrients,0,0,Deposition-Bulk,703.6,"QC: 20080605B Spikes: 107.84, 106.554 Reps: 152.165, 152.035; 96.805, 107.966 Knowns: 100, 100;"
05/27/2008,"Bulk Deposition @ Flathead Lake, Biostation Poi...",Phosphorus (Total),TP,8.179,µg/l,,Legacy_AutoAnalyzer -- Nutrients,0,0,Deposition-Bulk,703.6,"QC: 20080605A Spikes: 97.07, 96.092 Reps: 6.133, 6.209; 6.133, 6.209 Knowns: 99.594, 101.951, 101.08;"
06/02/2008,"Bulk Deposition @ Flathead Lake, Biostation Poi...",Nitrogen (Total),TN,569.061,µg/l,,Legacy_AutoAnalyzer -- Nutrients,0,0,Deposition-Bulk,827.5,"QC: 20080605B Spikes: 107.84, 106.554 Reps: 152.165, 152.035; 96.805, 107.966 Knowns: 100, 100;"
06/02/2008,"Bulk Deposition @ Flathead Lake, Biostation Poi...",Phosphorus (Total),TP,15.603,µg/l,,Legacy_AutoAnalyzer -- Nutrients,0,0,Deposition-Bulk,827.5,"QC: 20080605A Spikes: 97.07, 96.092 Reps: 6.133, 6.209; 6.133, 6.209 Knowns: 99.594, 101.951, 101.08;"
06/10/2008,"Bulk Deposition @ Flathead Lake, Biostation Poi...",Nitrogen (Total),TN,238.062,µg/l,,Legacy_AutoAnalyzer -- Nutrients,0,0,Deposition-Bulk,3970.5,"QC: 20080624N Spikes: 108.291, 104.383 Reps: 198.211, 204.026; 186.805, 185.089 Knowns: 100, 100;Glutamic acid digestion check standard=100%"
06/10/2008,"Bulk Deposition @ Flathead Lake, Biostation Poi...",Phosphorus (Total),TP,6.308,µg/l,,Legacy_AutoAnalyzer -- Nutrients,0,0,Deposition-Bulk,3970.5,"QC: 20080625P Spikes: 102.222, 96.268 Reps: 29.422, 29.384; 7.795, 7.643 Knowns: 100.676, 93.303, 98.482;"
06/13/2008,"Bulk Deposition @ Flathead Lake, Biostation Poi...",Nitrogen (Total),TN,61.36,µg/l,,Legacy_AutoAnalyzer -- Nutrients,0,0,Deposition-Bulk,0,"QC: 20080624N Spikes: 108.291, 104.383 Reps: 198.211, 204.026; 186.805, 185.089 Knowns: 100, 100;Glutamic acid digestion check standard=100%"
06/13/2008,"Bulk Deposition @ Flathead Lake, Biostation Poi...",Phosphorus (Total),TP,3.028,µg/l,,Legacy_AutoAnalyzer -- Nutrients,0,0,Deposition-Bulk,0,"QC: 20080625P Spikes: 102.222, 96.268 Reps: 29.422, 29.384; 7.795, 7.643 Knowns: 100.676, 93.303, 98.482;"
06/26/2008,Yellow Bay Knob @ Flathead Lake BioStation,Nitrogen (Total),TN,226.764,µg/l,,Legacy_AutoAnalyzer -- Nutrients,0,0,Deposition-Dry,1073.7,"QC: 20081001N Spikes: 106.179, 109.307, 109.568, 106.32 Reps: 52.706, 52.955; 132.6, 130.979; 1251.84, 47.597; 54.088, 54.628 Knowns: 100, 100, 100, 109.804, 100;"
06/26/2008,Yellow Bay Knob @ Flathead Lake BioStation,Phosphorus (Total),TP,28.719,µg/l,,Legacy_AutoAnalyzer -- Nutrients,0,0,Deposition-Dry,1073.7,"QC: 20081003P Spikes: 99.123, 104.937, 109.49, 105.623 Reps: 20.643, 21.136; 11.202, 11.164; 6.804, 6.88; 5.932, 5.515 Knowns: 100.234, 100.96, 102.56, 94.115, 102.123;"
07/03/2008,"Bulk Deposition @ Flathead Lake, Biostation Poi...",Nitrogen (Total),TN,518.936,µg/l,,Legacy_AutoAnalyzer -- Nutrients,0,0,Deposition-Bulk,2406.1,"QC: 20081001N Spikes: 106.179, 109.307, 109.568, 106.32 Reps: 52.706, 52.955; 132.6, 130.979; 1251.84, 47.597; 54.088, 54.628 Knowns: 100, 100, 100, 109.804, 100;"
07/03/2008,Yellow Bay Knob @ Flathead Lake BioStation,Nitrogen (Total),TN,346.588,µg/l,,Legacy_AutoAnalyzer -- Nutrients,0,0,Deposition-Dry,1134.8,"QC: 20081001N Spikes: 106.179, 109.307, 109.568, 106.32 Reps: 52.706, 52.955; 132.6, 130.979; 1251.84, 47.597; 54.088, 54.628 Knowns: 100, 100, 100, 109.804, 100;"
07/03/2008,Yellow Bay Knob @ Flathead Lake BioStation,Nitrogen (Total),TN,361.891,µg/l,,Legacy_AutoAnalyzer -- Nutrients,0,0,Deposition-Wet,1688.2,"QC: 20081001N Spikes: 106.179, 109.307, 109.568, 106.32 Reps: 52.706, 52.955; 132.6, 130.979; 1251.84, 47.597; 54.088, 54.628 Knowns: 100, 100, 100, 109.804, 100;"
07/03/2008,Yellow Bay Knob @ Flathead Lake BioStation,Phosphorus (Total),TP,12.757,µg/l,,Legacy_AutoAnalyzer -- Nutrients,0,0,Deposition-Wet,1688.2,"QC: 20081003P Spikes: 99.123, 104.937, 109.49, 105.623 Reps: 20.643, 21.136; 11.202, 11.164; 6.804, 6.88; 5.932, 5.515 Knowns: 100.234, 100.96, 102.56, 94.115, 102.123;"
07/03/2008,Yellow Bay Knob @ Flathead Lake BioStation,Phosphorus (Total),TP,101.405,µg/l,,Legacy_AutoAnalyzer -- Nutrients,0,0,Deposition-Dry,1134.8,"QC: 20081003P Spikes: 99.123, 104.937, 109.49, 105.623 Reps: 20.643, 21.136; 11.202, 11.164; 6.804, 6.88; 5.932, 5.515 Knowns: 100.234, 100.96, 102.56, 94.115, 102.123;"
07/03/2008,"Bulk Deposition @ Flathead Lake, Biostation Poi...",Phosphorus (Total),TP,23.676,µg/l,,Legacy_AutoAnalyzer -- Nutrients,0,0,Deposition-Bulk,2406.1,"QC: 20081003P Spikes: 99.123, 104.937, 109.49, 105.623 Reps: 20.643, 21.136; 11.202, 11.164; 6.804, 6.88; 5.932, 5.515 Knowns: 100.234, 100.96, 102.56, 94.115, 102.123;"
07/10/2008,Yellow Bay Knob @ Flathead Lake BioStation,Nitrogen (Total),TN,355.417,µg/l,,Legacy_AutoAnalyzer -- Nutrients,0,0,Deposition-Dry,1154.4,"QC: 20090212N Spikes: 99.64, 90.373, 103.309, 101.859 Reps: 225.52, 226.048; 107.19, 113.245; 123.488, 120.259; 105.707, 115.99 Knowns: 100, 100, 100, 103.616, 100;"
07/10/2008,Yellow Bay Knob @ Flathead Lake BioStation,Phosphorus (Total),TP,169.428,µg/l,,Legacy_AutoAnalyzer -- Nutrients,0,0,Deposition-Dry,1154.4,"QC: 20090127P Spikes: 103.058, 103.569, 103.616, 100.282 Reps: 6.2, 6.598; 18.972, 19.33; 6.956, 5.802; 6.2, 6.439 Knowns: 105.851, 109.36, 106.156, 104.592, 105.851;"
07/18/2008,Yellow Bay Knob @ Flathead Lake BioStation,Nitrogen (Total),TN,315.84,µg/l,,Legacy_AutoAnalyzer -- Nutrients,0,0,Deposition-Dry,888.2,"QC: 20090212N Spikes: 99.64, 90.373, 103.309, 101.859 Reps: 225.52, 226.048; 107.19, 113.245; 123.488, 120.259; 105.707, 115.99 Knowns: 100, 100, 100, 103.616, 100;"
07/18/2008,Yellow Bay Knob @ Flathead Lake BioStation,Phosphorus (Total),TP,73.938,µg/l,,Legacy_AutoAnalyzer -- Nutrients,0,0,Deposition-Dry,888.2,"QC: 20090127P Spikes: 103.058, 103.569, 103.616, 100.282 Reps: 6.2, 6.598; 18.972, 19.33; 6.956, 5.802; 6.2, 6.439 Knowns: 105.851, 109.36, 106.156, 104.592, 105.851;"
07/23/2008,"Bulk Deposition @ Flathead Lake, Biostation Poi...",Nitrogen (Total),TN,600.727,µg/l,,Legacy_AutoAnalyzer -- Nutrients,0,0,Deposition-Bulk,0,"QC: 20090212N Spikes: 99.64, 90.373, 103.309, 101.859 Reps: 225.52, 226.048; 107.19, 113.245; 123.488, 120.259; 105.707, 115.99 Knowns: 100, 100, 100, 103.616, 100;"
07/23/2008,"Bulk Deposition @ Flathead Lake, Biostation Poi...",Nitrogen (Total),TN,577.889,µg/l,,Legacy_AutoAnalyzer -- Nutrients,0,0,Deposition-Bulk,0,"QC: 20090212N Spikes: 99.64, 90.373, 103.309, 101.859 Reps: 225.52, 226.048; 107.19, 113.245; 123.488, 120.259; 105.707, 115.99 Knowns: 100, 100, 100, 103.616, 100;"
07/23/2008,Yellow Bay Knob @ Flathead Lake BioStation,Nitrogen (Total),TN,167.989,µg/l,,Legacy_AutoAnalyzer -- Nutrients,0,0,Deposition-Dry,1087.2,"QC: 20090212N Spikes: 99.64, 90.373, 103.309, 101.859 Reps: 225.52, 226.048; 107.19, 113.245; 123.488, 120.259; 105.707, 115.99 Knowns: 100, 100, 100, 103.616, 100;"
07/23/2008,Yellow Bay Knob @ Flathead Lake BioStation,Nitrogen (Total),TN,450.641,µg/l,,Legacy_AutoAnalyzer -- Nutrients,0,0,Deposition-Wet,1196.7,"QC: 20090212N Spikes: 99.64, 90.373, 103.309, 101.859 Reps: 225.52, 226.048; 107.19, 113.245; 123.488, 120.259; 105.707, 115.99 Knowns: 100, 100, 100, 103.616, 100;"
07/23/2008,Yellow Bay Knob @ Flathead Lake BioStation,Phosphorus (Total),TP,9.503,µg/l,,Legacy_AutoAnalyzer -- Nutrients,0,0,Deposition-Wet,1196.7,"QC: 20090127P Spikes: 103.058, 103.569, 103.616, 100.282 Reps: 6.2, 6.598; 18.972, 19.33; 6.956, 5.802; 6.2, 6.439 Knowns: 105.851, 109.36, 106.156, 104.592, 105.851;"
07/23/2008,Yellow Bay Knob @ Flathead Lake BioStation,Phosphorus (Total),TP,17.341,µg/l,,Legacy_AutoAnalyzer -- Nutrients,0,0,Deposition-Dry,1087.2,"QC: 20090127P Spikes: 103.058, 103.569, 103.616, 100.282 Reps: 6.2, 6.598; 18.972, 19.33; 6.956, 5.802; 6.2, 6.439 Knowns: 105.851, 109.36, 106.156, 104.592, 105.851;"
07/23/2008,"Bulk Deposition @ Flathead Lake, Biostation Poi...",Phosphorus (Total),TP,26.532,µg/l,,Legacy_AutoAnalyzer -- Nutrients,0,0,Deposition-Bulk,0,"QC: 20090127P Spikes: 103.058, 103.569, 103.616, 100.282 Reps: 6.2, 6.598; 18.972, 19.33; 6.956, 5.802; 6.2, 6.439 Knowns: 105.851, 109.36, 106.156, 104.592, 105.851;"
07/23/2008,"Bulk Deposition @ Flathead Lake, Biostation Poi...",Phosphorus (Total),TP,29.595,µg/l,,Legacy_AutoAnalyzer -- Nutrients,0,0,Deposition-Bulk,0,"QC: 20090127P Spikes: 103.058, 103.569, 103.616, 100.282 Reps: 6.2, 6.598; 18.972, 19.33; 6.956, 5.802; 6.2, 6.439 Knowns: 105.851, 109.36, 106.156, 104.592, 105.851;"
07/31/2008,Yellow Bay Knob @ Flathead Lake BioStation,Nitrogen (Total),TN,669.599,µg/l,,Legacy_AutoAnalyzer -- Nutrients,0,0,Deposition-Dry,955.4,"QC: 20090212N Spikes: 99.64, 90.373, 103.309, 101.859 Reps: 225.52, 226.048; 107.19, 113.245; 123.488, 120.259; 105.707, 115.99 Knowns: 100, 100, 100, 103.616, 100;"
07/31/2008,Yellow Bay Knob @ Flathead Lake BioStation,Phosphorus (Total),TP,213.195,µg/l,,Legacy_AutoAnalyzer -- Nutrients,0,0,Deposition-Dry,955.4,"QC: 20090127P Spikes: 103.058, 103.569, 103.616, 100.282 Reps: 6.2, 6.598; 18.972, 19.33; 6.956, 5.802; 6.2, 6.439 Knowns: 105.851, 109.36, 106.156, 104.592, 105.851;"
08/07/2008,Yellow Bay Knob @ Flathead Lake BioStation,Nitrogen (Total),TN,180.038,µg/l,,Legacy_AutoAnalyzer -- Nutrients,0,0,Deposition-Dry,950.7,"QC: 20090212N Spikes: 99.64, 90.373, 103.309, 101.859 Reps: 225.52, 226.048; 107.19, 113.245; 123.488, 120.259; 105.707, 115.99 Knowns: 100, 100, 100, 103.616, 100;"
08/07/2008,Yellow Bay Knob @ Flathead Lake BioStation,Phosphorus (Total),TP,25.02,µg/l,,Legacy_AutoAnalyzer -- Nutrients,0,0,Deposition-Dry,950.7,"QC: 20090127P Spikes: 103.058, 103.569, 103.616, 100.282 Reps: 6.2, 6.598; 18.972, 19.33; 6.956, 5.802; 6.2, 6.439 Knowns: 105.851, 109.36, 106.156, 104.592, 105.851;"
08/14/2008,Yellow Bay Knob @ Flathead Lake BioStation,Nitrogen (Total),TN,392.37,µg/l,,Legacy_AutoAnalyzer -- Nutrients,0,0,Deposition-Dry,895,"QC: 20090212N Spikes: 99.64, 90.373, 103.309, 101.859 Reps: 225.52, 226.048; 107.19, 113.245; 123.488, 120.259; 105.707, 115.99 Knowns: 100, 100, 100, 103.616, 100;"
08/14/2008,Yellow Bay Knob @ Flathead Lake BioStation,Phosphorus (Total),TP,88.262,µg/l,,Legacy_AutoAnalyzer -- Nutrients,0,0,Deposition-Dry,895,"QC: 20090127P Spikes: 103.058, 103.569, 103.616, 100.282 Reps: 6.2, 6.598; 18.972, 19.33; 6.956, 5.802; 6.2, 6.439 Knowns: 105.851, 109.36, 106.156, 104.592, 105.851;"
08/22/2008,Yellow Bay Knob @ Flathead Lake BioStation,Nitrogen (Total),TN,234.266,µg/l,,Legacy_AutoAnalyzer -- Nutrients,0,0,Deposition-Dry,999,"QC: 20090212N Spikes: 99.64, 90.373, 103.309, 101.859 Reps: 225.52, 226.048; 107.19, 113.245; 123.488, 120.259; 105.707, 115.99 Knowns: 100, 100, 100, 103.616, 100;"
08/22/2008,Yellow Bay Knob @ Flathead Lake BioStation,Nitrogen (Total),TN,357.743,µg/l,,Legacy_AutoAnalyzer -- Nutrients,0,0,Deposition-Wet,2110.5,"QC: 20090212N Spikes: 99.64, 90.373, 103.309, 101.859 Reps: 225.52, 226.048; 107.19, 113.245; 123.488, 120.259; 105.707, 115.99 Knowns: 100, 100, 100, 103.616, 100;"
08/22/2008,Yellow Bay Knob @ Flathead Lake BioStation,Phosphorus (Total),TP,16.943,µg/l,,Legacy_AutoAnalyzer -- Nutrients,0,0,Deposition-Wet,2110.5,"QC: 20090127P Spikes: 103.058, 103.569, 103.616, 100.282 Reps: 6.2, 6.598; 18.972, 19.33; 6.956, 5.802; 6.2, 6.439 Knowns: 105.851, 109.36, 106.156, 104.592, 105.851;"
08/22/2008,Yellow Bay Knob @ Flathead Lake BioStation,Phosphorus (Total),TP,53.249,µg/l,,Legacy_AutoAnalyzer -- Nutrients,0,0,Deposition-Dry,999,"QC: 20090127P Spikes: 103.058, 103.569, 103.616, 100.282 Reps: 6.2, 6.598; 18.972, 19.33; 6.956, 5.802; 6.2, 6.439 Knowns: 105.851, 109.36, 106.156, 104.592, 105.851;"
09/01/2008,"Bulk Deposition @ Flathead Lake, Biostation Poi...",Nitrogen (Total),TN,965.817,µg/l,,Legacy_AutoAnalyzer -- Nutrients,0,0,Deposition-Bulk,331.3,"QC: 20090212N Spikes: 99.64, 90.373, 103.309, 101.859 Reps: 225.52, 226.048; 107.19, 113.245; 123.488, 120.259; 105.707, 115.99 Knowns: 100, 100, 100, 103.616, 100;"
09/01/2008,Yellow Bay Knob @ Flathead Lake BioStation,Nitrogen (Total),TN,323.258,µg/l,,Legacy_AutoAnalyzer -- Nutrients,0,0,Deposition-Dry,1039.3,"QC: 20090212N Spikes: 99.64, 90.373, 103.309, 101.859 Reps: 225.52, 226.048; 107.19, 113.245; 123.488, 120.259; 105.707, 115.99 Knowns: 100, 100, 100, 103.616, 100;"
09/01/2008,Yellow Bay Knob @ Flathead Lake BioStation,Phosphorus (Total),TP,79.906,µg/l,,Legacy_AutoAnalyzer -- Nutrients,0,0,Deposition-Dry,1039.3,"QC: 20090127P Spikes: 103.058, 103.569, 103.616, 100.282 Reps: 6.2, 6.598; 18.972, 19.33; 6.956, 5.802; 6.2, 6.439 Knowns: 105.851, 109.36, 106.156, 104.592, 105.851;"
09/01/2008,"Bulk Deposition @ Flathead Lake, Biostation Poi...",Phosphorus (Total),TP,62.002,µg/l,,Legacy_AutoAnalyzer -- Nutrients,0,0,Deposition-Bulk,331.3,"QC: 20090127P Spikes: 103.058, 103.569, 103.616, 100.282 Reps: 6.2, 6.598; 18.972, 19.33; 6.956, 5.802; 6.2, 6.439 Knowns: 105.851, 109.36, 106.156, 104.592, 105.851;"
09/08/2008,"Bulk Deposition @ Flathead Lake, Biostation Poi...",Nitrogen (Total),TN,750.918,µg/l,,Legacy_AutoAnalyzer -- Nutrients,0,0,Deposition-Bulk,426.2,"QC: 20090212N Spikes: 99.64, 90.373, 103.309, 101.859 Reps: 225.52, 226.048; 107.19, 113.245; 123.488, 120.259; 105.707, 115.99 Knowns: 100, 100, 100, 103.616, 100;"
09/08/2008,Yellow Bay Knob @ Flathead Lake BioStation,Nitrogen (Total),TN,116.697,µg/l,,Legacy_AutoAnalyzer -- Nutrients,0,0,Deposition-Dry,788.1,"QC: 20090212N Spikes: 99.64, 90.373, 103.309, 101.859 Reps: 225.52, 226.048; 107.19, 113.245; 123.488, 120.259; 105.707, 115.99 Knowns: 100, 100, 100, 103.616, 100;"
09/08/2008,Yellow Bay Knob @ Flathead Lake BioStation,Phosphorus (Total),TP,12.327,µg/l,,Legacy_AutoAnalyzer -- Nutrients,0,0,Deposition-Dry,788.1,"QC: 20090127P Spikes: 103.058, 103.569, 103.616, 100.282 Reps: 6.2, 6.598; 18.972, 19.33; 6.956, 5.802; 6.2, 6.439 Knowns: 105.851, 109.36, 106.156, 104.592, 105.851;"
09/08/2008,"Bulk Deposition @ Flathead Lake, Biostation Poi...",Phosphorus (Total),TP,35.166,µg/l,,Legacy_AutoAnalyzer -- Nutrients,0,0,Deposition-Bulk,426.2,"QC: 20090127P Spikes: 103.058, 103.569, 103.616, 100.282 Reps: 6.2, 6.598; 18.972, 19.33; 6.956, 5.802; 6.2, 6.439 Knowns: 105.851, 109.36, 106.156, 104.592, 105.851;"
09/11/2008,"Bulk Deposition @ Flathead Lake, Biostation Poi...",Nitrogen (Total),TN,753.441,µg/l,,Legacy_AutoAnalyzer -- Nutrients,0,0,Deposition-Bulk,327.4,"QC: 20090212N Spikes: 99.64, 90.373, 103.309, 101.859 Reps: 225.52, 226.048; 107.19, 113.245; 123.488, 120.259; 105.707, 115.99 Knowns: 100, 100, 100, 103.616, 100;"
09/11/2008,Yellow Bay Knob @ Flathead Lake BioStation,Nitrogen (Total),TN,33.917,µg/l,,Legacy_AutoAnalyzer -- Nutrients,0,0,Deposition-Dry,1280.8,"QC: 20090212N Spikes: 99.64, 90.373, 103.309, 101.859 Reps: 225.52, 226.048; 107.19, 113.245; 123.488, 120.259; 105.707, 115.99 Knowns: 100, 100, 100, 103.616, 100;"
09/11/2008,Yellow Bay Knob @ Flathead Lake BioStation,Phosphorus (Total),TP,3.813,µg/l,,Legacy_AutoAnalyzer -- Nutrients,0,0,Deposition-Dry,1280.8,"QC: 20090127P Spikes: 103.058, 103.569, 103.616, 100.282 Reps: 6.2, 6.598; 18.972, 19.33; 6.956, 5.802; 6.2, 6.439 Knowns: 105.851, 109.36, 106.156, 104.592, 105.851;"
09/11/2008,"Bulk Deposition @ Flathead Lake, Biostation Poi...",Phosphorus (Total),TP,32.181,µg/l,,Legacy_AutoAnalyzer -- Nutrients,0,0,Deposition-Bulk,327.4,"QC: 20090127P Spikes: 103.058, 103.569, 103.616, 100.282 Reps: 6.2, 6.598; 18.972, 19.33; 6.956, 5.802; 6.2, 6.439 Knowns: 105.851, 109.36, 106.156, 104.592, 105.851;"
09/18/2008,Yellow Bay Knob @ Flathead Lake BioStation,Nitrogen (Total),TN,162.039,µg/l,,Legacy_AutoAnalyzer -- Nutrients,0,0,Deposition-Dry,638.6,"QC: 20090212N Spikes: 99.64, 90.373, 103.309, 101.859 Reps: 225.52, 226.048; 107.19, 113.245; 123.488, 120.259; 105.707, 115.99 Knowns: 100, 100, 100, 103.616, 100;"
09/18/2008,Yellow Bay Knob @ Flathead Lake BioStation,Phosphorus (Total),TP,27.208,µg/l,,Legacy_AutoAnalyzer -- Nutrients,0,0,Deposition-Dry,638.6,"QC: 20090127P Spikes: 103.058, 103.569, 103.616, 100.282 Reps: 6.2, 6.598; 18.972, 19.33; 6.956, 5.802; 6.2, 6.439 Knowns: 105.851, 109.36, 106.156, 104.592, 105.851;"
09/23/2008,"Bulk Deposition @ Flathead Lake, Biostation Poi...",Nitrogen (Total),TN,510.471,µg/l,,Legacy_AutoAnalyzer -- Nutrients,0,0,Deposition-Bulk,2101.7,"QC: 20090212N Spikes: 99.64, 90.373, 103.309, 101.859 Reps: 225.52, 226.048; 107.19, 113.245; 123.488, 120.259; 105.707, 115.99 Knowns: 100, 100, 100, 103.616, 100;"
09/23/2008,Yellow Bay Knob @ Flathead Lake BioStation,Nitrogen (Total),TN,434.453,µg/l,,Legacy_AutoAnalyzer -- Nutrients,0,0,Deposition-Wet,1607.2,"QC: 20090212N Spikes: 99.64, 90.373, 103.309, 101.859 Reps: 225.52, 226.048; 107.19, 113.245; 123.488, 120.259; 105.707, 115.99 Knowns: 100, 100, 100, 103.616, 100;"
09/23/2008,Yellow Bay Knob @ Flathead Lake BioStation,Nitrogen (Total),TN,182.173,µg/l,,Legacy_AutoAnalyzer -- Nutrients,0,0,Deposition-Dry,724.8,"QC: 20090212N Spikes: 99.64, 90.373, 103.309, 101.859 Reps: 225.52, 226.048; 107.19, 113.245; 123.488, 120.259; 105.707, 115.99 Knowns: 100, 100, 100, 103.616, 100;"
09/23/2008,Yellow Bay Knob @ Flathead Lake BioStation,Phosphorus (Total),TP,16.903,µg/l,,Legacy_AutoAnalyzer -- Nutrients,0,0,Deposition-Dry,724.8,"QC: 20090127P Spikes: 103.058, 103.569, 103.616, 100.282 Reps: 6.2, 6.598; 18.972, 19.33; 6.956, 5.802; 6.2, 6.439 Knowns: 105.851, 109.36, 106.156, 104.592, 105.851;"
09/23/2008,Yellow Bay Knob @ Flathead Lake BioStation,Phosphorus (Total),TP,15.272,µg/l,,Legacy_AutoAnalyzer -- Nutrients,0,0,Deposition-Wet,1607.2,"QC: 20090127P Spikes: 103.058, 103.569, 103.616, 100.282 Reps: 6.2, 6.598; 18.972, 19.33; 6.956, 5.802; 6.2, 6.439 Knowns: 105.851, 109.36, 106.156, 104.592, 105.851;"
09/23/2008,"Bulk Deposition @ Flathead Lake, Biostation Poi...",Phosphorus (Total),TP,16.187,µg/l,,Legacy_AutoAnalyzer -- Nutrients,0,0,Deposition-Bulk,2101.7,"QC: 20090127P Spikes: 103.058, 103.569, 103.616, 100.282 Reps: 6.2, 6.598; 18.972, 19.33; 6.956, 5.802; 6.2, 6.439 Knowns: 105.851, 109.36, 106.156, 104.592, 105.851;"
10/01/2008,Yellow Bay Knob @ Flathead Lake BioStation,Nitrogen (Total),TN,306.528,µg/l,,Legacy_AutoAnalyzer -- Nutrients,0,0,Deposition-Dry,582.7,"QC: 20090212N Spikes: 99.64, 90.373, 103.309, 101.859 Reps: 225.52, 226.048; 107.19, 113.245; 123.488, 120.259; 105.707, 115.99 Knowns: 100, 100, 100, 103.616, 100;"
10/01/2008,Yellow Bay Knob @ Flathead Lake BioStation,Phosphorus (Total),TP,47.712,µg/l,,Legacy_AutoAnalyzer -- Nutrients,0,0,Deposition-Dry,582.7,"QC: 20090127P Spikes: 103.058, 103.569, 103.616, 100.282 Reps: 6.2, 6.598; 18.972, 19.33; 6.956, 5.802; 6.2, 6.439 Knowns: 105.851, 109.36, 106.156, 104.592, 105.851;"
10/08/2008,Yellow Bay Knob @ Flathead Lake BioStation,Nitrogen (Total),TN,166.161,µg/l,,Legacy_AutoAnalyzer -- Nutrients,0,0,Deposition-Dry,1220,"QC: 20090311N Spikes: 104.353, 99.539, 100.141 Reps: 85.668, 83.329; 124.126, 123.05; 119.436, 122.025; 121.544, 124.153 Knowns: 100, 100, 100, 100;"
10/08/2008,Yellow Bay Knob @ Flathead Lake BioStation,Nitrogen (Total),TN,529.54,µg/l,,Legacy_AutoAnalyzer -- Nutrients,0,0,Deposition-Wet,464,"QC: 20090311N Spikes: 104.353, 99.539, 100.141 Reps: 85.668, 83.329; 124.126, 123.05; 119.436, 122.025; 121.544, 124.153 Knowns: 100, 100, 100, 100;"
10/08/2008,Yellow Bay Knob @ Flathead Lake BioStation,Phosphorus (Total),TP,17.536,µg/l,,Legacy_AutoAnalyzer -- Nutrients,0,0,Deposition-Wet,464,"QC: 20090318P Spikes: 99.902, 105.876 Reps: 10.748, 10.337; 7.457, 7.292; 3.59, 3.672 Knowns: 92.984, 99.417, 99.26, 100.837, 100.522;"
10/08/2008,Yellow Bay Knob @ Flathead Lake BioStation,Phosphorus (Total),TP,34.66,µg/l,,Legacy_AutoAnalyzer -- Nutrients,0,0,Deposition-Dry,1220,"QC: 20090318P Spikes: 99.902, 105.876 Reps: 10.748, 10.337; 7.457, 7.292; 3.59, 3.672 Knowns: 92.984, 99.417, 99.26, 100.837, 100.522;"
10/09/2008,"Bulk Deposition @ Flathead Lake, Biostation Poi...",Nitrogen (Total),TN,908.21,µg/l,,Legacy_AutoAnalyzer -- Nutrients,0,0,Deposition-Bulk,606.9,"QC: 20090311N Spikes: 104.353, 99.539, 100.141 Reps: 85.668, 83.329; 124.126, 123.05; 119.436, 122.025; 121.544, 124.153 Knowns: 100, 100, 100, 100;"
10/09/2008,"Bulk Deposition @ Flathead Lake, Biostation Poi...",Phosphorus (Total),TP,45.923,µg/l,,Legacy_AutoAnalyzer -- Nutrients,0,0,Deposition-Bulk,606.9,"QC: 20090318P Spikes: 99.902, 105.876 Reps: 10.748, 10.337; 7.457, 7.292; 3.59, 3.672 Knowns: 92.984, 99.417, 99.26, 100.837, 100.522;"
10/15/2008,Yellow Bay Knob @ Flathead Lake BioStation,Nitrogen (Total),TN,112.66,µg/l,,Legacy_AutoAnalyzer -- Nutrients,0,0,Deposition-Dry,737.5,"QC: 20090311N Spikes: 104.353, 99.539, 100.141 Reps: 85.668, 83.329; 124.126, 123.05; 119.436, 122.025; 121.544, 124.153 Knowns: 100, 100, 100, 100;"
10/15/2008,Yellow Bay Knob @ Flathead Lake BioStation,Phosphorus (Total),TP,28.931,µg/l,,Legacy_AutoAnalyzer -- Nutrients,0,0,Deposition-Dry,737.5,"QC: 20090318P Spikes: 99.902, 105.876 Reps: 10.748, 10.337; 7.457, 7.292; 3.59, 3.672 Knowns: 92.984, 99.417, 99.26, 100.837, 100.522;"
10/23/2008,Yellow Bay Knob @ Flathead Lake BioStation,Nitrogen (Total),TN,202.284,µg/l,,Legacy_AutoAnalyzer -- Nutrients,0,0,Deposition-Dry,805.8,"QC: 20090311N Spikes: 104.353, 99.539, 100.141 Reps: 85.668, 83.329; 124.126, 123.05; 119.436, 122.025; 121.544, 124.153 Knowns: 100, 100, 100, 100;"
10/23/2008,Yellow Bay Knob @ Flathead Lake BioStation,Phosphorus (Total),TP,16.507,µg/l,,Legacy_AutoAnalyzer -- Nutrients,0,0,Deposition-Dry,805.8,"QC: 20090318P Spikes: 99.902, 105.876 Reps: 10.748, 10.337; 7.457, 7.292; 3.59, 3.672 Knowns: 92.984, 99.417, 99.26, 100.837, 100.522;"
11/03/2008,"Bulk Deposition @ Flathead Lake, Biostation Poi...",Nitrogen (Total),TN,999.714,µg/l,,Legacy_AutoAnalyzer -- Nutrients,0,0,Deposition-Bulk,1041.9,"QC: 20090311N Spikes: 104.353, 99.539, 100.141 Reps: 85.668, 83.329; 124.126, 123.05; 119.436, 122.025; 121.544, 124.153 Knowns: 100, 100, 100, 100;"
11/03/2008,"Bulk Deposition @ Flathead Lake, Biostation Poi...",Phosphorus (Total),TP,34.66,µg/l,,Legacy_AutoAnalyzer -- Nutrients,0,0,Deposition-Bulk,1041.9,"QC: 20090318P Spikes: 99.902, 105.876 Reps: 10.748, 10.337; 7.457, 7.292; 3.59, 3.672 Knowns: 92.984, 99.417, 99.26, 100.837, 100.522;"
11/06/2008,"Bulk Deposition @ Flathead Lake, Biostation Poi...",Nitrogen (Total),TN,276.798,µg/l,,Legacy_AutoAnalyzer -- Nutrients,0,0,Deposition-Bulk,651.3,"QC: 20090311N Spikes: 104.353, 99.539, 100.141 Reps: 85.668, 83.329; 124.126, 123.05; 119.436, 122.025; 121.544, 124.153 Knowns: 100, 100, 100, 100;"
11/06/2008,Yellow Bay Knob @ Flathead Lake BioStation,Nitrogen (Total),TN,469.686,µg/l,,Legacy_AutoAnalyzer -- Nutrients,0,0,Deposition-Wet,1048.1,"QC: 20090311N Spikes: 104.353, 99.539, 100.141 Reps: 85.668, 83.329; 124.126, 123.05; 119.436, 122.025; 121.544, 124.153 Knowns: 100, 100, 100, 100;"
11/06/2008,Yellow Bay Knob @ Flathead Lake BioStation,Nitrogen (Total),TN,341.588,µg/l,,Legacy_AutoAnalyzer -- Nutrients,0,0,Deposition-Dry,840.9,"QC: 20090311N Spikes: 104.353, 99.539, 100.141 Reps: 85.668, 83.329; 124.126, 123.05; 119.436, 122.025; 121.544, 124.153 Knowns: 100, 100, 100, 100;"
11/06/2008,Yellow Bay Knob @ Flathead Lake BioStation,Phosphorus (Total),TP,31.781,µg/l,,Legacy_AutoAnalyzer -- Nutrients,0,0,Deposition-Dry,840.9,"QC: 20090318P Spikes: 99.902, 105.876 Reps: 10.748, 10.337; 7.457, 7.292; 3.59, 3.672 Knowns: 92.984, 99.417, 99.26, 100.837, 100.522;"
11/06/2008,Yellow Bay Knob @ Flathead Lake BioStation,Phosphorus (Total),TP,9.02,µg/l,,Legacy_AutoAnalyzer -- Nutrients,0,0,Deposition-Wet,1048.1,"QC: 20090318P Spikes: 99.902, 105.876 Reps: 10.748, 10.337; 7.457, 7.292; 3.59, 3.672 Knowns: 92.984, 99.417, 99.26, 100.837, 100.522;"
11/06/2008,"Bulk Deposition @ Flathead Lake, Biostation Poi...",Phosphorus (Total),TP,4.947,µg/l,,Legacy_AutoAnalyzer -- Nutrients,0,0,Deposition-Bulk,651.3,"QC: 20090318P Spikes: 99.902, 105.876 Reps: 10.748, 10.337; 7.457, 7.292; 3.59, 3.672 Knowns: 92.984, 99.417, 99.26, 100.837, 100.522;"
11/13/2008,"Bulk Deposition @ Flathead Lake, Biostation Poi...",Nitrogen (Total),TN,282.218,µg/l,,Legacy_AutoAnalyzer -- Nutrients,0,0,Deposition-Bulk,2188.4,"QC: 20090311N Spikes: 104.353, 99.539, 100.141 Reps: 85.668, 83.329; 124.126, 123.05; 119.436, 122.025; 121.544, 124.153 Knowns: 100, 100, 100, 100;"
11/13/2008,Yellow Bay Knob @ Flathead Lake BioStation,Nitrogen (Total),TN,189.589,µg/l,,Legacy_AutoAnalyzer -- Nutrients,0,0,Deposition-Wet,1181.3,"QC: 20090311N Spikes: 104.353, 99.539, 100.141 Reps: 85.668, 83.329; 124.126, 123.05; 119.436, 122.025; 121.544, 124.153 Knowns: 100, 100, 100, 100;"
11/13/2008,Yellow Bay Knob @ Flathead Lake BioStation,Nitrogen (Total),TN,137.345,µg/l,,Legacy_AutoAnalyzer -- Nutrients,0,0,Deposition-Dry,1467.6,"QC: 20090311N Spikes: 104.353, 99.539, 100.141 Reps: 85.668, 83.329; 124.126, 123.05; 119.436, 122.025; 121.544, 124.153 Knowns: 100, 100, 100, 100;"
11/13/2008,Yellow Bay Knob @ Flathead Lake BioStation,Phosphorus (Total),TP,2.397,µg/l,,Legacy_AutoAnalyzer -- Nutrients,0,0,Deposition-Dry,1467.6,"QC: 20090318P Spikes: 99.902, 105.876 Reps: 10.748, 10.337; 7.457, 7.292; 3.59, 3.672 Knowns: 92.984, 99.417, 99.26, 100.837, 100.522;"
11/13/2008,"Bulk Deposition @ Flathead Lake, Biostation Poi...",Phosphorus (Total),TP,3.713,µg/l,,Legacy_AutoAnalyzer -- Nutrients,0,0,Deposition-Bulk,2188.4,"QC: 20090318P Spikes: 99.902, 105.876 Reps: 10.748, 10.337; 7.457, 7.292; 3.59, 3.672 Knowns: 92.984, 99.417, 99.26, 100.837, 100.522;"
11/13/2008,Yellow Bay Knob @ Flathead Lake BioStation,Phosphorus (Total),TP,1.327,µg/l,,Legacy_AutoAnalyzer -- Nutrients,0,0,Deposition-Wet,1181.3,"QC: 20090318P Spikes: 99.902, 105.876 Reps: 10.748, 10.337; 7.457, 7.292; 3.59, 3.672 Knowns: 92.984, 99.417, 99.26, 100.837, 100.522;"
11/24/2008,Yellow Bay Knob @ Flathead Lake BioStation,Nitrogen (Total),TN,84.573,µg/l,,Legacy_AutoAnalyzer -- Nutrients,0,0,Deposition-Dry,887.7,"QC: 20090311N Spikes: 104.353, 99.539, 100.141 Reps: 85.668, 83.329; 124.126, 123.05; 119.436, 122.025; 121.544, 124.153 Knowns: 100, 100, 100, 100;"
11/24/2008,Yellow Bay Knob @ Flathead Lake BioStation,Phosphorus (Total),TP,7.745,µg/l,,Legacy_AutoAnalyzer -- Nutrients,0,0,Deposition-Dry,887.7,"QC: 20090318P Spikes: 99.902, 105.876 Reps: 10.748, 10.337; 7.457, 7.292; 3.59, 3.672 Knowns: 92.984, 99.417, 99.26, 100.837, 100.522;"
12/04/2008,"Bulk Deposition @ Flathead Lake, Biostation Poi...",Nitrogen (Total),TN,645.729,µg/l,,Legacy_AutoAnalyzer -- Nutrients,0,0,Deposition-Bulk,591.9,"QC: 20090311N Spikes: 104.353, 99.539, 100.141 Reps: 85.668, 83.329; 124.126, 123.05; 119.436, 122.025; 121.544, 124.153 Knowns: 100, 100, 100, 100;"
12/04/2008,Yellow Bay Knob @ Flathead Lake BioStation,Nitrogen (Total),TN,438.145,µg/l,,Legacy_AutoAnalyzer -- Nutrients,0,0,Deposition-Wet,321,"Not enough sample for pH;QC: 20090311N Spikes: 104.353, 99.539, 100.141 Reps: 85.668, 83.329; 124.126, 123.05; 119.436, 122.025; 121.544, 124.153 Knowns: 100, 100, 100, 100;"
12/04/2008,Yellow Bay Knob @ Flathead Lake BioStation,Nitrogen (Total),TN,69.289,µg/l,,Legacy_AutoAnalyzer -- Nutrients,0,0,Deposition-Dry,1007.6,"QC: 20090311N Spikes: 104.353, 99.539, 100.141 Reps: 85.668, 83.329; 124.126, 123.05; 119.436, 122.025; 121.544, 124.153 Knowns: 100, 100, 100, 100;"
12/04/2008,Yellow Bay Knob @ Flathead Lake BioStation,Phosphorus (Total),TP,3.672,µg/l,,Legacy_AutoAnalyzer -- Nutrients,0,0,Deposition-Dry,1007.6,"QC: 20090318P Spikes: 99.902, 105.876 Reps: 10.748, 10.337; 7.457, 7.292; 3.59, 3.672 Knowns: 92.984, 99.417, 99.26, 100.837, 100.522;"
12/04/2008,Yellow Bay Knob @ Flathead Lake BioStation,Phosphorus (Total),TP,23.707,µg/l,,Legacy_AutoAnalyzer -- Nutrients,0,0,Deposition-Wet,321,"Not enough sample for pH;QC: 20090318P Spikes: 99.902, 105.876 Reps: 10.748, 10.337; 7.457, 7.292; 3.59, 3.672 Knowns: 92.984, 99.417, 99.26, 100.837, 100.522;"
12/04/2008,"Bulk Deposition @ Flathead Lake, Biostation Poi...",Phosphorus (Total),TP,9.637,µg/l,,Legacy_AutoAnalyzer -- Nutrients,0,0,Deposition-Bulk,591.9,"QC: 20090318P Spikes: 99.902, 105.876 Reps: 10.748, 10.337; 7.457, 7.292; 3.59, 3.672 Knowns: 92.984, 99.417, 99.26, 100.837, 100.522;"
12/12/2008,Yellow Bay Knob @ Flathead Lake BioStation,Nitrogen (Total),TN,107.472,µg/l,,Legacy_AutoAnalyzer -- Nutrients,0,0,Deposition-Dry,713,"QC: 20090311N Spikes: 104.353, 99.539, 100.141 Reps: 85.668, 83.329; 124.126, 123.05; 119.436, 122.025; 121.544, 124.153 Knowns: 100, 100, 100, 100;"
12/12/2008,Yellow Bay Knob @ Flathead Lake BioStation,Phosphorus (Total),TP,2.397,µg/l,,Legacy_AutoAnalyzer -- Nutrients,0,0,Deposition-Dry,713,"QC: 20090318P Spikes: 99.902, 105.876 Reps: 10.748, 10.337; 7.457, 7.292; 3.59, 3.672 Knowns: 92.984, 99.417, 99.26, 100.837, 100.522;"
12/17/2008,Yellow Bay Knob @ Flathead Lake BioStation,Nitrogen (Total),TN,619.753,µg/l,,Legacy_AutoAnalyzer -- Nutrients,0,0,Deposition-Bulk,663.5,"QC: 20090311N Spikes: 104.353, 99.539, 100.141 Reps: 85.668, 83.329; 124.126, 123.05; 119.436, 122.025; 121.544, 124.153 Knowns: 100, 100, 100, 100;"
12/17/2008,Yellow Bay Knob @ Flathead Lake BioStation,Nitrogen (Total),TN,70.218,µg/l,,Legacy_AutoAnalyzer -- Nutrients,0,0,Deposition-Dry,1290.3,"QC: 20090311N Spikes: 104.353, 99.539, 100.141 Reps: 85.668, 83.329; 124.126, 123.05; 119.436, 122.025; 121.544, 124.153 Knowns: 100, 100, 100, 100;"
12/17/2008,Yellow Bay Knob @ Flathead Lake BioStation,Phosphorus (Total),TP,4.906,µg/l,,Legacy_AutoAnalyzer -- Nutrients,0,0,Deposition-Dry,1290.3,"QC: 20090318P Spikes: 99.902, 105.876 Reps: 10.748, 10.337; 7.457, 7.292; 3.59, 3.672 Knowns: 92.984, 99.417, 99.26, 100.837, 100.522;"
12/17/2008,Yellow Bay Knob @ Flathead Lake BioStation,Phosphorus (Total),TP,24.735,µg/l,,Legacy_AutoAnalyzer -- Nutrients,0,0,Deposition-Bulk,663.5,"QC: 20090318P Spikes: 99.902, 105.876 Reps: 10.748, 10.337; 7.457, 7.292; 3.59, 3.672 Knowns: 92.984, 99.417, 99.26, 100.837, 100.522;"
12/22/2008,Yellow Bay Knob @ Flathead Lake BioStation,Nitrogen (Total),TN,304.853,µg/l,,Legacy_AutoAnalyzer -- Nutrients,0,0,Deposition-Bulk,2600,"QC: 20090311N Spikes: 104.353, 99.539, 100.141 Reps: 85.668, 83.329; 124.126, 123.05; 119.436, 122.025; 121.544, 124.153 Knowns: 100, 100, 100, 100;"
12/22/2008,Yellow Bay Knob @ Flathead Lake BioStation,Phosphorus (Total),TP,3.343,µg/l,,Legacy_AutoAnalyzer -- Nutrients,0,0,Deposition-Bulk,2600,"QC: 20090318P Spikes: 99.902, 105.876 Reps: 10.748, 10.337; 7.457, 7.292; 3.59, 3.672 Knowns: 92.984, 99.417, 99.26, 100.837, 100.522;"
12/29/2008,Yellow Bay Knob @ Flathead Lake BioStation,Nitrogen (Total),TN,225.105,µg/l,,Legacy_AutoAnalyzer -- Nutrients,0,0,Deposition-Bulk,1850,"QC: 20090311N Spikes: 104.353, 99.539, 100.141 Reps: 85.668, 83.329; 124.126, 123.05; 119.436, 122.025; 121.544, 124.153 Knowns: 100, 100, 100, 100;"
12/29/2008,Yellow Bay Knob @ Flathead Lake BioStation,Phosphorus (Total),TP,8.156,µg/l,,Legacy_AutoAnalyzer -- Nutrients,0,0,Deposition-Bulk,1850,"QC: 20090318P Spikes: 99.902, 105.876 Reps: 10.748, 10.337; 7.457, 7.292; 3.59, 3.672 Knowns: 92.984, 99.417, 99.26, 100.837, 100.522;"
01/09/2009,Yellow Bay Knob @ Flathead Lake BioStation,Nitrogen (Total),TN,101.797,µg/l,,Legacy_AutoAnalyzer -- Nutrients,0,0,Deposition-Bulk,4500,QC: 20090413N Spikes: 109.649; 109.483; 94.832; 109.657 Reps: 119.666; 122.446; 100.409; 90.128; 306.289; 297.234; 75.296; 78.799 Knowns: 100.000; 109.627; 100.000; 100.000; 100.000;
01/09/2009,Yellow Bay Knob @ Flathead Lake BioStation,Phosphorus (Total),TP,3.391,µg/l,,Legacy_AutoAnalyzer -- Nutrients,0,0,Deposition-Bulk,4500,QC: 20090407P Spikes: 105.798; 93.564; 103.212; 102.023 Reps: 3.832; 3.992; 7.633; 7.753; 16.038; 16.598; 5.272; 5.352 Knowns: 104.920; 99.702; 101.248; 106.147; 103.999;
01/21/2009,Yellow Bay Knob @ Flathead Lake BioStation,Nitrogen (Total),TN,21.707,µg/l,,Legacy_AutoAnalyzer -- Nutrients,0,0,Deposition-Dry,1149,QC: 20090413N Spikes: 109.649; 109.483; 94.832; 109.657 Reps: 119.666; 122.446; 100.409; 90.128; 306.289; 297.234; 75.296; 78.799 Knowns: 100.000; 109.627; 100.000; 100.000; 100.000;
01/21/2009,Yellow Bay Knob @ Flathead Lake BioStation,Phosphorus (Total),TP,2.111,µg/l,,Legacy_AutoAnalyzer -- Nutrients,0,0,Deposition-Dry,1149,QC: 20090407P Spikes: 105.798; 93.564; 103.212; 102.023 Reps: 3.832; 3.992; 7.633; 7.753; 16.038; 16.598; 5.272; 5.352 Knowns: 104.920; 99.702; 101.248; 106.147; 103.999;
01/30/2009,Yellow Bay Knob @ Flathead Lake BioStation,Nitrogen (Total),TN,93.358,µg/l,,Legacy_AutoAnalyzer -- Nutrients,0,0,Deposition-Dry,870.6,QC: 20090413N Spikes: 109.649; 109.483; 94.832; 109.657 Reps: 119.666; 122.446; 100.409; 90.128; 306.289; 297.234; 75.296; 78.799 Knowns: 100.000; 109.627; 100.000; 100.000; 100.000;
01/30/2009,Yellow Bay Knob @ Flathead Lake BioStation,Phosphorus (Total),TP,3.912,µg/l,,Legacy_AutoAnalyzer -- Nutrients,0,0,Deposition-Dry,870.6,QC: 20090407P Spikes: 105.798; 93.564; 103.212; 102.023 Reps: 3.832; 3.992; 7.633; 7.753; 16.038; 16.598; 5.272; 5.352 Knowns: 104.920; 99.702; 101.248; 106.147; 103.999;
02/04/2009,Yellow Bay Knob @ Flathead Lake BioStation,Nitrogen (Total),TN,49.583,µg/l,,Legacy_AutoAnalyzer -- Nutrients,0,0,Deposition-Dry,1148,QC: 20090413N Spikes: 109.649; 109.483; 94.832; 109.657 Reps: 119.666; 122.446; 100.409; 90.128; 306.289; 297.234; 75.296; 78.799 Knowns: 100.000; 109.627; 100.000; 100.000; 100.000;
02/04/2009,Yellow Bay Knob @ Flathead Lake BioStation,Nitrogen (Total),TN,745.76,µg/l,,Legacy_AutoAnalyzer -- Nutrients,0,0,Deposition-Bulk,642,QC: 20090413N Spikes: 109.649; 109.483; 94.832; 109.657 Reps: 119.666; 122.446; 100.409; 90.128; 306.289; 297.234; 75.296; 78.799 Knowns: 100.000; 109.627; 100.000; 100.000; 100.000;
02/04/2009,Yellow Bay Knob @ Flathead Lake BioStation,Nitrogen (Total),TN,309.729,µg/l,,Legacy_AutoAnalyzer -- Nutrients,0,0,Deposition-Wet,497.5,QC: 20090413N Spikes: 109.649; 109.483; 94.832; 109.657 Reps: 119.666; 122.446; 100.409; 90.128; 306.289; 297.234; 75.296; 78.799 Knowns: 100.000; 109.627; 100.000; 100.000; 100.000;
02/04/2009,Yellow Bay Knob @ Flathead Lake BioStation,Phosphorus (Total),TP,4.512,µg/l,,Legacy_AutoAnalyzer -- Nutrients,0,0,Deposition-Wet,497.5,QC: 20090407P Spikes: 105.798; 93.564; 103.212; 102.023 Reps: 3.832; 3.992; 7.633; 7.753; 16.038; 16.598; 5.272; 5.352 Knowns: 104.920; 99.702; 101.248; 106.147; 103.999;
02/04/2009,Yellow Bay Knob @ Flathead Lake BioStation,Phosphorus (Total),TP,14.037,µg/l,,Legacy_AutoAnalyzer -- Nutrients,0,0,Deposition-Bulk,642,QC: 20090407P Spikes: 105.798; 93.564; 103.212; 102.023 Reps: 3.832; 3.992; 7.633; 7.753; 16.038; 16.598; 5.272; 5.352 Knowns: 104.920; 99.702; 101.248; 106.147; 103.999;
02/04/2009,Yellow Bay Knob @ Flathead Lake BioStation,Phosphorus (Total),TP,3.952,µg/l,,Legacy_AutoAnalyzer -- Nutrients,0,0,Deposition-Dry,1148,QC: 20090407P Spikes: 105.798; 93.564; 103.212; 102.023 Reps: 3.832; 3.992; 7.633; 7.753; 16.038; 16.598; 5.272; 5.352 Knowns: 104.920; 99.702; 101.248; 106.147; 103.999;
02/13/2009,Yellow Bay Knob @ Flathead Lake BioStation,Nitrogen (Total),TN,581.105,µg/l,,Legacy_AutoAnalyzer -- Nutrients,0,0,Deposition-Bulk,1234.9,QC: 20090413N Spikes: 109.649; 109.483; 94.832; 109.657 Reps: 119.666; 122.446; 100.409; 90.128; 306.289; 297.234; 75.296; 78.799 Knowns: 100.000; 109.627; 100.000; 100.000; 100.000;
02/13/2009,Yellow Bay Knob @ Flathead Lake BioStation,Nitrogen (Total),TN,430.271,µg/l,,Legacy_AutoAnalyzer -- Nutrients,0,0,Deposition-Wet,675.8,QC: 20090413N Spikes: 109.649; 109.483; 94.832; 109.657 Reps: 119.666; 122.446; 100.409; 90.128; 306.289; 297.234; 75.296; 78.799 Knowns: 100.000; 109.627; 100.000; 100.000; 100.000;
02/13/2009,Yellow Bay Knob @ Flathead Lake BioStation,Nitrogen (Total),TN,164.371,µg/l,,Legacy_AutoAnalyzer -- Nutrients,0,0,Deposition-Dry,1256.4,QC: 20090413N Spikes: 109.649; 109.483; 94.832; 109.657 Reps: 119.666; 122.446; 100.409; 90.128; 306.289; 297.234; 75.296; 78.799 Knowns: 100.000; 109.627; 100.000; 100.000; 100.000;
02/13/2009,Yellow Bay Knob @ Flathead Lake BioStation,Phosphorus (Total),TP,1.39,µg/l,,Legacy_AutoAnalyzer -- Nutrients,0,0,Deposition-Dry,1256.4,QC: 20090407P Spikes: 105.798; 93.564; 103.212; 102.023 Reps: 3.832; 3.992; 7.633; 7.753; 16.038; 16.598; 5.272; 5.352 Knowns: 104.920; 99.702; 101.248; 106.147; 103.999;
02/13/2009,Yellow Bay Knob @ Flathead Lake BioStation,Phosphorus (Total),TP,3.712,µg/l,,Legacy_AutoAnalyzer -- Nutrients,0,0,Deposition-Wet,675.8,QC: 20090407P Spikes: 105.798; 93.564; 103.212; 102.023 Reps: 3.832; 3.992; 7.633; 7.753; 16.038; 16.598; 5.272; 5.352 Knowns: 104.920; 99.702; 101.248; 106.147; 103.999;
02/13/2009,Yellow Bay Knob @ Flathead Lake BioStation,Phosphorus (Total),TP,3.752,µg/l,,Legacy_AutoAnalyzer -- Nutrients,0,0,Deposition-Bulk,1234.9,QC: 20090407P Spikes: 105.798; 93.564; 103.212; 102.023 Reps: 3.832; 3.992; 7.633; 7.753; 16.038; 16.598; 5.272; 5.352 Knowns: 104.920; 99.702; 101.248; 106.147; 103.999;
02/20/2009,Yellow Bay Knob @ Flathead Lake BioStation,Nitrogen (Total),TN,68.154,µg/l,,Legacy_AutoAnalyzer -- Nutrients,0,0,Deposition-Dry,1267,QC: 20090413N Spikes: 109.649; 109.483; 94.832; 109.657 Reps: 119.666; 122.446; 100.409; 90.128; 306.289; 297.234; 75.296; 78.799 Knowns: 100.000; 109.627; 100.000; 100.000; 100.000;
02/20/2009,Yellow Bay Knob @ Flathead Lake BioStation,Phosphorus (Total),TP,0.95,µg/l,,Legacy_AutoAnalyzer -- Nutrients,0,0,Deposition-Dry,1267,QC: 20090407P Spikes: 105.798; 93.564; 103.212; 102.023 Reps: 3.832; 3.992; 7.633; 7.753; 16.038; 16.598; 5.272; 5.352 Knowns: 104.920; 99.702; 101.248; 106.147; 103.999;
02/27/2009,Yellow Bay Knob @ Flathead Lake BioStation,Nitrogen (Total),TN,224.415,µg/l,,Legacy_AutoAnalyzer -- Nutrients,0,0,Deposition-Bulk,2739.2,QC: 20090413N Spikes: 109.649; 109.483; 94.832; 109.657 Reps: 119.666; 122.446; 100.409; 90.128; 306.289; 297.234; 75.296; 78.799 Knowns: 100.000; 109.627; 100.000; 100.000; 100.000;
02/27/2009,Yellow Bay Knob @ Flathead Lake BioStation,Nitrogen (Total),TN,70.349,µg/l,,Legacy_AutoAnalyzer -- Nutrients,0,0,Deposition-Dry,1318,QC: 20090413N Spikes: 109.649; 109.483; 94.832; 109.657 Reps: 119.666; 122.446; 100.409; 90.128; 306.289; 297.234; 75.296; 78.799 Knowns: 100.000; 109.627; 100.000; 100.000; 100.000;
02/27/2009,Yellow Bay Knob @ Flathead Lake BioStation,Nitrogen (Total),TN,150.846,µg/l,,Legacy_AutoAnalyzer -- Nutrients,0,0,Deposition-Wet,1457,QC: 20090413N Spikes: 109.649; 109.483; 94.832; 109.657 Reps: 119.666; 122.446; 100.409; 90.128; 306.289; 297.234; 75.296; 78.799 Knowns: 100.000; 109.627; 100.000; 100.000; 100.000;
02/27/2009,Yellow Bay Knob @ Flathead Lake BioStation,Phosphorus (Total),TP,2.511,µg/l,,Legacy_AutoAnalyzer -- Nutrients,0,0,Deposition-Wet,1457,QC: 20090407P Spikes: 105.798; 93.564; 103.212; 102.023 Reps: 3.832; 3.992; 7.633; 7.753; 16.038; 16.598; 5.272; 5.352 Knowns: 104.920; 99.702; 101.248; 106.147; 103.999;
02/27/2009,Yellow Bay Knob @ Flathead Lake BioStation,Phosphorus (Total),TP,1.711,µg/l,,Legacy_AutoAnalyzer -- Nutrients,0,0,Deposition-Dry,1318,QC: 20090407P Spikes: 105.798; 93.564; 103.212; 102.023 Reps: 3.832; 3.992; 7.633; 7.753; 16.038; 16.598; 5.272; 5.352 Knowns: 104.920; 99.702; 101.248; 106.147; 103.999;
02/27/2009,Yellow Bay Knob @ Flathead Lake BioStation,Phosphorus (Total),TP,3.351,µg/l,,Legacy_AutoAnalyzer -- Nutrients,0,0,Deposition-Bulk,2739.2,QC: 20090407P Spikes: 105.798; 93.564; 103.212; 102.023 Reps: 3.832; 3.992; 7.633; 7.753; 16.038; 16.598; 5.272; 5.352 Knowns: 104.920; 99.702; 101.248; 106.147; 103.999;
03/06/2009,Yellow Bay Knob @ Flathead Lake BioStation,Nitrogen (Total),TN,406.963,µg/l,,Legacy_AutoAnalyzer -- Nutrients,0,0,Deposition-Bulk,727.2,QC: 20090413N Spikes: 109.649; 109.483; 94.832; 109.657 Reps: 119.666; 122.446; 100.409; 90.128; 306.289; 297.234; 75.296; 78.799 Knowns: 100.000; 109.627; 100.000; 100.000; 100.000;
03/06/2009,Yellow Bay Knob @ Flathead Lake BioStation,Nitrogen (Total),TN,277.36,µg/l,,Legacy_AutoAnalyzer -- Nutrients,0,0,Deposition-Wet,447.3,Not enough sample for pH;QC: 20090413N Spikes: 109.649; 109.483; 94.832; 109.657 Reps: 119.666; 122.446; 100.409; 90.128; 306.289; 297.234; 75.296; 78.799 Knowns: 100.000; 109.627; 100.000; 100.000; 100.000;
03/06/2009,Yellow Bay Knob @ Flathead Lake BioStation,Nitrogen (Total),TN,69.942,µg/l,,Legacy_AutoAnalyzer -- Nutrients,0,0,Deposition-Dry,973.5,QC: 20090413N Spikes: 109.649; 109.483; 94.832; 109.657 Reps: 119.666; 122.446; 100.409; 90.128; 306.289; 297.234; 75.296; 78.799 Knowns: 100.000; 109.627; 100.000; 100.000; 100.000;
03/06/2009,Yellow Bay Knob @ Flathead Lake BioStation,Phosphorus (Total),TP,2.951,µg/l,,Legacy_AutoAnalyzer -- Nutrients,0,0,Deposition-Dry,973.5,QC: 20090407P Spikes: 105.798; 93.564; 103.212; 102.023 Reps: 3.832; 3.992; 7.633; 7.753; 16.038; 16.598; 5.272; 5.352 Knowns: 104.920; 99.702; 101.248; 106.147; 103.999;
03/06/2009,Yellow Bay Knob @ Flathead Lake BioStation,Phosphorus (Total),TP,4.352,µg/l,,Legacy_AutoAnalyzer -- Nutrients,0,0,Deposition-Wet,447.3,Not enough sample for pH;QC: 20090407P Spikes: 105.798; 93.564; 103.212; 102.023 Reps: 3.832; 3.992; 7.633; 7.753; 16.038; 16.598; 5.272; 5.352 Knowns: 104.920; 99.702; 101.248; 106.147; 103.999;
03/06/2009,Yellow Bay Knob @ Flathead Lake BioStation,Phosphorus (Total),TP,7.954,µg/l,,Legacy_AutoAnalyzer -- Nutrients,0,0,Deposition-Bulk,727.2,QC: 20090407P Spikes: 105.798; 93.564; 103.212; 102.023 Reps: 3.832; 3.992; 7.633; 7.753; 16.038; 16.598; 5.272; 5.352 Knowns: 104.920; 99.702; 101.248; 106.147; 103.999;
03/11/2009,Yellow Bay Knob @ Flathead Lake BioStation,Nitrogen (Total),TN,325.869,µg/l,,Legacy_AutoAnalyzer -- Nutrients,0,0,Deposition-Bulk,869.2,QC: 20090413N Spikes: 109.649; 109.483; 94.832; 109.657 Reps: 119.666; 122.446; 100.409; 90.128; 306.289; 297.234; 75.296; 78.799 Knowns: 100.000; 109.627; 100.000; 100.000; 100.000;
03/11/2009,Yellow Bay Knob @ Flathead Lake BioStation,Nitrogen (Total),TN,70.947,µg/l,,Legacy_AutoAnalyzer -- Nutrients,0,0,Deposition-Dry,1352.7,QC: 20090413N Spikes: 109.649; 109.483; 94.832; 109.657 Reps: 119.666; 122.446; 100.409; 90.128; 306.289; 297.234; 75.296; 78.799 Knowns: 100.000; 109.627; 100.000; 100.000; 100.000;
03/11/2009,Yellow Bay Knob @ Flathead Lake BioStation,Nitrogen (Total),TN,330.595,µg/l,,Legacy_AutoAnalyzer -- Nutrients,0,0,Deposition-Wet,336.5,QC: 20090413N Spikes: 109.649; 109.483; 94.832; 109.657 Reps: 119.666; 122.446; 100.409; 90.128; 306.289; 297.234; 75.296; 78.799 Knowns: 100.000; 109.627; 100.000; 100.000; 100.000;Analyte values may be falsely elevated by a factor of 1.98 (discovered by JW-7Jun13)
03/11/2009,Yellow Bay Knob @ Flathead Lake BioStation,Phosphorus (Total),TP,6.703,µg/l,,Legacy_AutoAnalyzer -- Nutrients,0,0,Deposition-Wet,336.5,QC: 20090407P Spikes: 105.798; 93.564; 103.212; 102.023 Reps: 3.832; 3.992; 7.633; 7.753; 16.038; 16.598; 5.272; 5.352 Knowns: 104.920; 99.702; 101.248; 106.147; 103.999;Analyte values may be falsely elevated by a factor of 1.98 (discovered by JW-7Jun13)
03/11/2009,Yellow Bay Knob @ Flathead Lake BioStation,Phosphorus (Total),TP,5.312,µg/l,,Legacy_AutoAnalyzer -- Nutrients,0,0,Deposition-Dry,1352.7,QC: 20090407P Spikes: 105.798; 93.564; 103.212; 102.023 Reps: 3.832; 3.992; 7.633; 7.753; 16.038; 16.598; 5.272; 5.352 Knowns: 104.920; 99.702; 101.248; 106.147; 103.999;
03/11/2009,Yellow Bay Knob @ Flathead Lake BioStation,Phosphorus (Total),TP,7.433,µg/l,,Legacy_AutoAnalyzer -- Nutrients,0,0,Deposition-Bulk,869.2,QC: 20090407P Spikes: 105.798; 93.564; 103.212; 102.023 Reps: 3.832; 3.992; 7.633; 7.753; 16.038; 16.598; 5.272; 5.352 Knowns: 104.920; 99.702; 101.248; 106.147; 103.999;
03/19/2009,Yellow Bay Knob @ Flathead Lake BioStation,Nitrogen (Total),TN,54.939,µg/l,,Legacy_AutoAnalyzer -- Nutrients,0,0,Deposition-Dry,1120.8,QC: 20090413N Spikes: 109.649; 109.483; 94.832; 109.657 Reps: 119.666; 122.446; 100.409; 90.128; 306.289; 297.234; 75.296; 78.799 Knowns: 100.000; 109.627; 100.000; 100.000; 100.000;
03/19/2009,Yellow Bay Knob @ Flathead Lake BioStation,Phosphorus (Total),TP,1.831,µg/l,,Legacy_AutoAnalyzer -- Nutrients,0,0,Deposition-Dry,1120.8,QC: 20090407P Spikes: 105.798; 93.564; 103.212; 102.023 Reps: 3.832; 3.992; 7.633; 7.753; 16.038; 16.598; 5.272; 5.352 Knowns: 104.920; 99.702; 101.248; 106.147; 103.999;
03/27/2009,"Bulk Deposition @ Flathead Lake, Biostation Poi...",Nitrogen (Total),TN,490.449,µg/l,,Legacy_AutoAnalyzer -- Nutrients,0,0,Deposition-Bulk,1167,"QC: 20090512N Knowns: 104.85, 100;"
03/27/2009,Yellow Bay Knob @ Flathead Lake BioStation,Nitrogen (Total),TN,204.948,µg/l,,Legacy_AutoAnalyzer -- Nutrients,0,0,Deposition-Dry,1030.6,"QC: 20090603N Knowns: 95.988, 96.781, 107.358, 99.836;Not enough sample volumes to run reps and spikes. Glutamic acid digestion check=99%."
03/27/2009,Yellow Bay Knob @ Flathead Lake BioStation,Nitrogen (Total),TN,343.577,µg/l,,Legacy_AutoAnalyzer -- Nutrients,0,0,Deposition-Wet,909.2,"QC: 20090603N Knowns: 95.988, 96.781, 107.358, 99.836;Not enough sample volumes to run reps and spikes. Glutamic acid digestion check=99%."
03/27/2009,Yellow Bay Knob @ Flathead Lake BioStation,Phosphorus (Total),TP,6.299,µg/l,,Legacy_AutoAnalyzer -- Nutrients,0,0,Deposition-Wet,909.2,"QC: 20090519P Spikes: 107.902, 0, 94.314 Reps: 8.075, 8.004; 21.999, 22.922; 8.999, 8.572 Knowns: 99.604, 98.243, 93.232, 93.476;"
03/27/2009,Yellow Bay Knob @ Flathead Lake BioStation,Phosphorus (Total),TP,8.501,µg/l,,Legacy_AutoAnalyzer -- Nutrients,0,0,Deposition-Dry,1030.6,"QC: 20090519P Spikes: 107.902, 0, 94.314 Reps: 8.075, 8.004; 21.999, 22.922; 8.999, 8.572 Knowns: 99.604, 98.243, 93.232, 93.476;"
03/27/2009,"Bulk Deposition @ Flathead Lake, Biostation Poi...",Phosphorus (Total),TP,6.974,µg/l,,Legacy_AutoAnalyzer -- Nutrients,0,0,Deposition-Bulk,1167,"QC: 20090519P Spikes: 107.902, 0, 94.314 Reps: 8.075, 8.004; 21.999, 22.922; 8.999, 8.572 Knowns: 99.604, 98.243, 93.232, 93.476;"
04/06/2009,"Bulk Deposition @ Flathead Lake, Biostation Poi...",Nitrogen (Total),TN,374.131,µg/l,,Legacy_AutoAnalyzer -- Nutrients,0,0,Deposition-Bulk,1541.2,"QC: 20090603N Knowns: 95.988, 96.781, 107.358, 99.836;Not enough sample volumes to run reps and spikes. Glutamic acid digestion check=99%."
04/06/2009,Yellow Bay Knob @ Flathead Lake BioStation,Nitrogen (Total),TN,198.724,µg/l,,Legacy_AutoAnalyzer -- Nutrients,0,0,Deposition-Wet,1063.3,"QC: 20090603N Knowns: 95.988, 96.781, 107.358, 99.836;Not enough sample volumes to run reps and spikes. Glutamic acid digestion check=99%."
04/06/2009,Yellow Bay Knob @ Flathead Lake BioStation,Nitrogen (Total),TN,230.41,µg/l,,Legacy_AutoAnalyzer -- Nutrients,0,0,Deposition-Dry,892.8,"QC: 20090603N Knowns: 95.988, 96.781, 107.358, 99.836;Not enough sample volumes to run reps and spikes. Glutamic acid digestion check=99%."
04/06/2009,Yellow Bay Knob @ Flathead Lake BioStation,Phosphorus (Total),TP,4.949,µg/l,,Legacy_AutoAnalyzer -- Nutrients,0,0,Deposition-Dry,892.8,"QC: 20090519P Spikes: 107.902, 0, 94.314 Reps: 8.075, 8.004; 21.999, 22.922; 8.999, 8.572 Knowns: 99.604, 98.243, 93.232, 93.476;"
04/06/2009,Yellow Bay Knob @ Flathead Lake BioStation,Phosphorus (Total),TP,4.31,µg/l,,Legacy_AutoAnalyzer -- Nutrients,0,0,Deposition-Wet,1063.3,"QC: 20090519P Spikes: 107.902, 0, 94.314 Reps: 8.075, 8.004; 21.999, 22.922; 8.999, 8.572 Knowns: 99.604, 98.243, 93.232, 93.476;"
04/06/2009,"Bulk Deposition @ Flathead Lake, Biostation Poi...",Phosphorus (Total),TP,5.731,µg/l,,Legacy_AutoAnalyzer -- Nutrients,0,0,Deposition-Bulk,1541.2,"QC: 20090519P Spikes: 107.902, 0, 94.314 Reps: 8.075, 8.004; 21.999, 22.922; 8.999, 8.572 Knowns: 99.604, 98.243, 93.232, 93.476;"
04/13/2009,Yellow Bay Knob @ Flathead Lake BioStation,Nitrogen (Total),TN,119.507,µg/l,,Legacy_AutoAnalyzer -- Nutrients,0,0,Deposition-Dry,1629.6,"QC: 20090603N Knowns: 95.988, 96.781, 107.358, 99.836;Not enough sample volumes to run reps and spikes. Glutamic acid digestion check=99%."
04/13/2009,Yellow Bay Knob @ Flathead Lake BioStation,Nitrogen (Total),TN,525.774,µg/l,,Legacy_AutoAnalyzer -- Nutrients,0,0,Deposition-Wet,558.9,"QC: 20090603N Knowns: 95.988, 96.781, 107.358, 99.836;Not enough sample volumes to run reps and spikes. Glutamic acid digestion check=99%."
04/13/2009,"Bulk Deposition @ Flathead Lake, Biostation Poi...",Nitrogen (Total),TN,985.13,µg/l,,Legacy_AutoAnalyzer -- Nutrients,0,0,Deposition-Bulk,767.2,"QC: 20090603N Knowns: 95.988, 96.781, 107.358, 99.836;Not enough sample volumes to run reps and spikes. Glutamic acid digestion check=99%."
04/13/2009,"Bulk Deposition @ Flathead Lake, Biostation Poi...",Phosphorus (Total),TP,44.815,µg/l,,Legacy_AutoAnalyzer -- Nutrients,0,0,Deposition-Bulk,767.2,"QC: 20090519P Spikes: 107.902, 0, 94.314 Reps: 8.075, 8.004; 21.999, 22.922; 8.999, 8.572 Knowns: 99.604, 98.243, 93.232, 93.476;"
04/13/2009,Yellow Bay Knob @ Flathead Lake BioStation,Phosphorus (Total),TP,14.326,µg/l,,Legacy_AutoAnalyzer -- Nutrients,0,0,Deposition-Wet,558.9,"QC: 20090519P Spikes: 107.902, 0, 94.314 Reps: 8.075, 8.004; 21.999, 22.922; 8.999, 8.572 Knowns: 99.604, 98.243, 93.232, 93.476;"
04/13/2009,Yellow Bay Knob @ Flathead Lake BioStation,Phosphorus (Total),TP,22.46,µg/l,,Legacy_AutoAnalyzer -- Nutrients,0,0,Deposition-Dry,1629.6,"QC: 20090519P Spikes: 107.902, 0, 94.314 Reps: 8.075, 8.004; 21.999, 22.922; 8.999, 8.572 Knowns: 99.604, 98.243, 93.232, 93.476;"
04/22/2009,Yellow Bay Knob @ Flathead Lake BioStation,Nitrogen (Total),TN,192.499,µg/l,,Legacy_AutoAnalyzer -- Nutrients,0,0,Deposition-Dry,1273.2,"QC: 20090603N Knowns: 95.988, 96.781, 107.358, 99.836;Not enough sample volumes to run reps and spikes. Glutamic acid digestion check=99%."
04/22/2009,Yellow Bay Knob @ Flathead Lake BioStation,Phosphorus (Total),TP,20.72,µg/l,,Legacy_AutoAnalyzer -- Nutrients,0,0,Deposition-Dry,1273.2,"QC: 20090519P Spikes: 107.902, 0, 94.314 Reps: 8.075, 8.004; 21.999, 22.922; 8.999, 8.572 Knowns: 99.604, 98.243, 93.232, 93.476;"
04/30/2009,Yellow Bay Knob @ Flathead Lake BioStation,Nitrogen (Total),TN,767.285,µg/l,,Legacy_AutoAnalyzer -- Nutrients,0,0,Deposition-Dry,894.7,"QC: 20090603N Knowns: 95.988, 96.781, 107.358, 99.836;Not enough sample volumes to run reps and spikes. Glutamic acid digestion check=99%."
04/30/2009,Yellow Bay Knob @ Flathead Lake BioStation,Phosphorus (Total),TP,82.171,µg/l,,Legacy_AutoAnalyzer -- Nutrients,0,0,Deposition-Dry,894.7,"QC: 20090519P Spikes: 107.902, 0, 94.314 Reps: 8.075, 8.004; 21.999, 22.922; 8.999, 8.572 Knowns: 99.604, 98.243, 93.232, 93.476;"
05/08/2009,"Bulk Deposition @ Flathead Lake, Biostation Poi...",Nitrogen (Total),TN,1084.15,µg/l,,Legacy_AutoAnalyzer -- Nutrients,0,0,Deposition-Bulk,1826.9,"QC: 20090603N Knowns: 95.988, 96.781, 107.358, 99.836;Not enough sample volumes to run reps and spikes. Glutamic acid digestion check=99%."
05/08/2009,Yellow Bay Knob @ Flathead Lake BioStation,Nitrogen (Total),TN,419.398,µg/l,,Legacy_AutoAnalyzer -- Nutrients,0,0,Deposition-Wet,1249.3,"QC: 20090603N Knowns: 95.988, 96.781, 107.358, 99.836;Not enough sample volumes to run reps and spikes. Glutamic acid digestion check=99%."
05/08/2009,Yellow Bay Knob @ Flathead Lake BioStation,Nitrogen (Total),TN,451.65,µg/l,,Legacy_AutoAnalyzer -- Nutrients,0,0,Deposition-Dry,1201.5,"QC: 20090603N Knowns: 95.988, 96.781, 107.358, 99.836;Not enough sample volumes to run reps and spikes. Glutamic acid digestion check=99%."
05/08/2009,Yellow Bay Knob @ Flathead Lake BioStation,Phosphorus (Total),TP,45.586,µg/l,,Legacy_AutoAnalyzer -- Nutrients,0,0,Deposition-Dry,1201.5,"QC: 20090519P Spikes: 107.902, 0, 94.314 Reps: 8.075, 8.004; 21.999, 22.922; 8.999, 8.572 Knowns: 99.604, 98.243, 93.232, 93.476;"
05/08/2009,Yellow Bay Knob @ Flathead Lake BioStation,Phosphorus (Total),TP,18.589,µg/l,,Legacy_AutoAnalyzer -- Nutrients,0,0,Deposition-Wet,1249.3,"QC: 20090519P Spikes: 107.902, 0, 94.314 Reps: 8.075, 8.004; 21.999, 22.922; 8.999, 8.572 Knowns: 99.604, 98.243, 93.232, 93.476;"
05/08/2009,"Bulk Deposition @ Flathead Lake, Biostation Poi...",Phosphorus (Total),TP,49.494,µg/l,,Legacy_AutoAnalyzer -- Nutrients,0,0,Deposition-Bulk,1826.9,"QC: 20090519P Spikes: 107.902, 0, 94.314 Reps: 8.075, 8.004; 21.999, 22.922; 8.999, 8.572 Knowns: 99.604, 98.243, 93.232, 93.476;"
05/16/2009,"Bulk Deposition @ Flathead Lake, Biostation Poi...",Nitrogen (Total),TN,740.093,µg/l,,Legacy_AutoAnalyzer -- Nutrients,0,0,Deposition-Bulk,831.5,QC: 20090616N Spikes: 104.166; 101.891 Reps: 165.044; 159.936; 151.991; 159.936 Knowns: 100.770; 106.469; 96.230; 101.791;Glutamic acid digestion check standard=96%
05/16/2009,Yellow Bay Knob @ Flathead Lake BioStation,Nitrogen (Total),TN,356.295,µg/l,,Legacy_AutoAnalyzer -- Nutrients,0,0,Deposition-Wet,538,QC: 20090616N Spikes: 104.166; 101.891 Reps: 165.044; 159.936; 151.991; 159.936 Knowns: 100.770; 106.469; 96.230; 101.791;Glutamic acid digestion check standard=96%
05/16/2009,Yellow Bay Knob @ Flathead Lake BioStation,Nitrogen (Total),TN,277.979,µg/l,,Legacy_AutoAnalyzer -- Nutrients,0,0,Deposition-Dry,890.4,QC: 20090616N Spikes: 104.166; 101.891 Reps: 165.044; 159.936; 151.991; 159.936 Knowns: 100.770; 106.469; 96.230; 101.791;Glutamic acid digestion check standard=96%
05/16/2009,Yellow Bay Knob @ Flathead Lake BioStation,Phosphorus (Total),TP,22.262,µg/l,,Legacy_AutoAnalyzer -- Nutrients,0,0,Deposition-Dry,890.4,QC: 20090611A Spikes: 95.830; 95.796 Reps: 7.329; 7.434; 6.210; 5.545 Knowns: 97.035; 98.501; 97.586; 100.110;
05/16/2009,Yellow Bay Knob @ Flathead Lake BioStation,Phosphorus (Total),TP,9.742,µg/l,,Legacy_AutoAnalyzer -- Nutrients,0,0,Deposition-Wet,538,QC: 20090611A Spikes: 95.830; 95.796 Reps: 7.329; 7.434; 6.210; 5.545 Knowns: 97.035; 98.501; 97.586; 100.110;
05/16/2009,"Bulk Deposition @ Flathead Lake, Biostation Poi...",Phosphorus (Total),TP,20.898,µg/l,,Legacy_AutoAnalyzer -- Nutrients,0,0,Deposition-Bulk,831.5,QC: 20090611A Spikes: 95.830; 95.796 Reps: 7.329; 7.434; 6.210; 5.545 Knowns: 97.035; 98.501; 97.586; 100.110;
05/21/2009,"Bulk Deposition @ Flathead Lake, Biostation Poi...",Nitrogen (Total),TN,2256.66,µg/l,,Legacy_AutoAnalyzer -- Nutrients,0,0,Deposition-Bulk,303.2,QC: 20090616N Spikes: 104.166; 101.891 Reps: 165.044; 159.936; 151.991; 159.936 Knowns: 100.770; 106.469; 96.230; 101.791;Glutamic acid digestion check standard=96%
05/21/2009,Yellow Bay Knob @ Flathead Lake BioStation,Nitrogen (Total),TN,2017.83,µg/l,,Legacy_AutoAnalyzer -- Nutrients,0,0,Deposition-Wet,126.7,QC: 20090616N Spikes: 104.166; 101.891 Reps: 165.044; 159.936; 151.991; 159.936 Knowns: 100.770; 106.469; 96.230; 101.791;Analyte values may be falsely elevated by a factor of 6.8 (discovered by JW-7Jun13)Glutamic acid digestion check standard=96%
05/21/2009,Yellow Bay Knob @ Flathead Lake BioStation,Nitrogen (Total),TN,287.059,µg/l,,Legacy_AutoAnalyzer -- Nutrients,0,0,Deposition-Dry,1239,QC: 20090616N Spikes: 104.166; 101.891 Reps: 165.044; 159.936; 151.991; 159.936 Knowns: 100.770; 106.469; 96.230; 101.791;Glutamic acid digestion check standard=96%
05/21/2009,Yellow Bay Knob @ Flathead Lake BioStation,Phosphorus (Total),TP,40.666,µg/l,,Legacy_AutoAnalyzer -- Nutrients,0,0,Deposition-Dry,1239,QC: 20090611A Spikes: 95.830; 95.796 Reps: 7.329; 7.434; 6.210; 5.545 Knowns: 97.035; 98.501; 97.586; 100.110;
05/21/2009,Yellow Bay Knob @ Flathead Lake BioStation,Phosphorus (Total),TP,97.014,µg/l,,Legacy_AutoAnalyzer -- Nutrients,0,0,Deposition-Wet,126.7,QC: 20090611A Spikes: 95.830; 95.796 Reps: 7.329; 7.434; 6.210; 5.545 Knowns: 97.035; 98.501; 97.586; 100.110;Analyte values may be falsely elevated by a factor of 6.8 (discovered by JW-7Jun13)
05/21/2009,"Bulk Deposition @ Flathead Lake, Biostation Poi...",Phosphorus (Total),TP,93.572,µg/l,,Legacy_AutoAnalyzer -- Nutrients,0,0,Deposition-Bulk,303.2,QC: 20090611A Spikes: 95.830; 95.796 Reps: 7.329; 7.434; 6.210; 5.545 Knowns: 97.035; 98.501; 97.586; 100.110;
05/28/2009,Yellow Bay Knob @ Flathead Lake BioStation,Nitrogen (Total),TN,380.131,µg/l,,Legacy_AutoAnalyzer -- Nutrients,0,0,Deposition-Dry,648.9,QC: 20090616N Spikes: 104.166; 101.891 Reps: 165.044; 159.936; 151.991; 159.936 Knowns: 100.770; 106.469; 96.230; 101.791;Glutamic acid digestion check standard=96%
05/28/2009,Yellow Bay Knob @ Flathead Lake BioStation,Phosphorus (Total),TP,47.835,µg/l,,Legacy_AutoAnalyzer -- Nutrients,0,0,Deposition-Dry,648.9,QC: 20090611A Spikes: 95.830; 95.796 Reps: 7.329; 7.434; 6.210; 5.545 Knowns: 97.035; 98.501; 97.586; 100.110;
06/04/2009,Yellow Bay Knob @ Flathead Lake BioStation,Nitrogen (Total),TN,870.621,µg/l,,Legacy_AutoAnalyzer -- Nutrients,0,0,Deposition-Dry,657,QC: 20090616N Spikes: 104.166; 101.891 Reps: 165.044; 159.936; 151.991; 159.936 Knowns: 100.770; 106.469; 96.230; 101.791;Glutamic acid digestion check standard=96%
06/04/2009,Yellow Bay Knob @ Flathead Lake BioStation,Phosphorus (Total),TP,161.264,µg/l,,Legacy_AutoAnalyzer -- Nutrients,0,0,Deposition-Dry,657,QC: 20090611A Spikes: 95.830; 95.796 Reps: 7.329; 7.434; 6.210; 5.545 Knowns: 97.035; 98.501; 97.586; 100.110;
06/10/2009,Yellow Bay Knob @ Flathead Lake BioStation,Nitrogen (Total),TN,340.405,µg/l,,Legacy_AutoAnalyzer -- Nutrients,0,0,Deposition-Dry,944.2,QC: 20090616N Spikes: 104.166; 101.891 Reps: 165.044; 159.936; 151.991; 159.936 Knowns: 100.770; 106.469; 96.230; 101.791;Glutamic acid digestion check standard=96%
06/10/2009,Yellow Bay Knob @ Flathead Lake BioStation,Nitrogen (Total),TN,522.009,µg/l,,Legacy_AutoAnalyzer -- Nutrients,0,0,Deposition-Wet,480.8,QC: 20090616N Spikes: 104.166; 101.891 Reps: 165.044; 159.936; 151.991; 159.936 Knowns: 100.770; 106.469; 96.230; 101.791;Glutamic acid digestion check standard=96%
06/10/2009,"Bulk Deposition @ Flathead Lake, Biostation Poi...",Nitrogen (Total),TN,1927.5,µg/l,,Legacy_AutoAnalyzer -- Nutrients,0,0,Deposition-Bulk,857,QC: 20090616N Spikes: 104.166; 101.891 Reps: 165.044; 159.936; 151.991; 159.936 Knowns: 100.770; 106.469; 96.230; 101.791;Glutamic acid digestion check standard=96%
06/10/2009,"Bulk Deposition @ Flathead Lake, Biostation Poi...",Phosphorus (Total),TP,89.725,µg/l,,Legacy_AutoAnalyzer -- Nutrients,0,0,Deposition-Bulk,857,QC: 20090611A Spikes: 95.830; 95.796 Reps: 7.329; 7.434; 6.210; 5.545 Knowns: 97.035; 98.501; 97.586; 100.110;
06/10/2009,Yellow Bay Knob @ Flathead Lake BioStation,Phosphorus (Total),TP,16.352,µg/l,,Legacy_AutoAnalyzer -- Nutrients,0,0,Deposition-Wet,480.8,QC: 20090611A Spikes: 95.830; 95.796 Reps: 7.329; 7.434; 6.210; 5.545 Knowns: 97.035; 98.501; 97.586; 100.110;
06/10/2009,Yellow Bay Knob @ Flathead Lake BioStation,Phosphorus (Total),TP,31.39,µg/l,,Legacy_AutoAnalyzer -- Nutrients,0,0,Deposition-Dry,944.2,QC: 20090611A Spikes: 95.830; 95.796 Reps: 7.329; 7.434; 6.210; 5.545 Knowns: 97.035; 98.501; 97.586; 100.110;
06/19/2009,"Bulk Deposition @ Flathead Lake, Biostation Poi...",Nitrogen (Total),TN,1384.89,µg/l,,Legacy_AutoAnalyzer -- Nutrients,0,0,Deposition-Bulk,776.2,"QC: 20090625N Spikes: 105.667 Reps: 149.73, 149.73 Knowns: 99.932;Glutamic acid digestion check standard=97%"
06/19/2009,Yellow Bay Knob @ Flathead Lake BioStation,Nitrogen (Total),TN,1115.93,µg/l,,Legacy_AutoAnalyzer -- Nutrients,0,0,Deposition-Wet,509.7,"QC: 20090625N Spikes: 105.667 Reps: 149.73, 149.73 Knowns: 99.932;Glutamic acid digestion check standard=97%"
06/19/2009,Yellow Bay Knob @ Flathead Lake BioStation,Nitrogen (Total),TN,647.654,µg/l,,Legacy_AutoAnalyzer -- Nutrients,0,0,Deposition-Dry,481.8,"QC: 20090625N Spikes: 105.667 Reps: 149.73, 149.73 Knowns: 99.932;Glutamic acid digestion check standard=97%"
06/19/2009,Yellow Bay Knob @ Flathead Lake BioStation,Phosphorus (Total),TP,132.937,µg/l,,Legacy_AutoAnalyzer -- Nutrients,0,0,Deposition-Dry,481.8,"QC: 20090625P Spikes: 98.467 Knowns: 105.547, 108.021;"
06/19/2009,Yellow Bay Knob @ Flathead Lake BioStation,Phosphorus (Total),TP,28.156,µg/l,,Legacy_AutoAnalyzer -- Nutrients,0,0,Deposition-Wet,509.7,"QC: 20090625P Spikes: 98.467 Knowns: 105.547, 108.021;"
06/19/2009,"Bulk Deposition @ Flathead Lake, Biostation Poi...",Phosphorus (Total),TP,54.896,µg/l,,Legacy_AutoAnalyzer -- Nutrients,0,0,Deposition-Bulk,776.2,"QC: 20090625P Spikes: 98.467 Knowns: 105.547, 108.021;"
06/24/2009,"Bulk Deposition @ Flathead Lake, Biostation Poi...",Nitrogen (Total),TN,354.103,µg/l,,Legacy_AutoAnalyzer -- Nutrients,0,0,Deposition-Bulk,1918.4,"QC: 20090825N Spikes: 104.003, 108.483, 105.727, 105.685 Reps: 129.46, 127.179; 188.186, 187.616; 114.065, 114.636; 98.101, 101.522 Knowns: 99.899, 100.811, 101.039, 100.355, 101.267, 95.566, 99.215, 99.101, 99.443;"
06/24/2009,Yellow Bay Knob @ Flathead Lake BioStation,Nitrogen (Total),TN,230.948,µg/l,,Legacy_AutoAnalyzer -- Nutrients,0,0,Deposition-Wet,1273,"QC: 20090825N Spikes: 104.003, 108.483, 105.727, 105.685 Reps: 129.46, 127.179; 188.186, 187.616; 114.065, 114.636; 98.101, 101.522 Knowns: 99.899, 100.811, 101.039, 100.355, 101.267, 95.566, 99.215, 99.101, 99.443;"
06/24/2009,Yellow Bay Knob @ Flathead Lake BioStation,Nitrogen (Total),TN,165.95,µg/l,,Legacy_AutoAnalyzer -- Nutrients,0,0,Deposition-Dry,1872.8,"QC: 20090825N Spikes: 104.003, 108.483, 105.727, 105.685 Reps: 129.46, 127.179; 188.186, 187.616; 114.065, 114.636; 98.101, 101.522 Knowns: 99.899, 100.811, 101.039, 100.355, 101.267, 95.566, 99.215, 99.101, 99.443;"
06/24/2009,Yellow Bay Knob @ Flathead Lake BioStation,Phosphorus (Total),TP,26.178,µg/l,,Legacy_AutoAnalyzer -- Nutrients,0,0,Deposition-Dry,1872.8,"QC: 20090820P Spikes: 104.077, 93.589, 97.137, 99.028 Reps: 8.314, 8.962; 10.981, 10.981; 4.658, 2.487; 4.886, 4.963 Knowns: 99.792, 86.253, 99.792, 99.353, 100.084;"
06/24/2009,Yellow Bay Knob @ Flathead Lake BioStation,Phosphorus (Total),TP,6.905,µg/l,,Legacy_AutoAnalyzer -- Nutrients,0,0,Deposition-Wet,1273,"QC: 20090820P Spikes: 104.077, 93.589, 97.137, 99.028 Reps: 8.314, 8.962; 10.981, 10.981; 4.658, 2.487; 4.886, 4.963 Knowns: 99.792, 86.253, 99.792, 99.353, 100.084;"
06/24/2009,"Bulk Deposition @ Flathead Lake, Biostation Poi...",Phosphorus (Total),TP,10.866,µg/l,,Legacy_AutoAnalyzer -- Nutrients,0,0,Deposition-Bulk,1918.4,"QC: 20090820P Spikes: 104.077, 93.589, 97.137, 99.028 Reps: 8.314, 8.962; 10.981, 10.981; 4.658, 2.487; 4.886, 4.963 Knowns: 99.792, 86.253, 99.792, 99.353, 100.084;"
07/01/2009,Yellow Bay Knob @ Flathead Lake BioStation,Nitrogen (Total),TN,626.103,µg/l,,Legacy_AutoAnalyzer -- Nutrients,0,0,Deposition-Dry,611.2,"QC: 20090825N Spikes: 104.003, 108.483, 105.727, 105.685 Reps: 129.46, 127.179; 188.186, 187.616; 114.065, 114.636; 98.101, 101.522 Knowns: 99.899, 100.811, 101.039, 100.355, 101.267, 95.566, 99.215, 99.101, 99.443;"
07/01/2009,Yellow Bay Knob @ Flathead Lake BioStation,Phosphorus (Total),TP,163.456,µg/l,,Legacy_AutoAnalyzer -- Nutrients,0,0,Deposition-Dry,611.2,"QC: 20090820P Spikes: 104.077, 93.589, 97.137, 99.028 Reps: 8.314, 8.962; 10.981, 10.981; 4.658, 2.487; 4.886, 4.963 Knowns: 99.792, 86.253, 99.792, 99.353, 100.084;"
07/09/2009,Yellow Bay Knob @ Flathead Lake BioStation,Nitrogen (Total),TN,484.67,µg/l,,Legacy_AutoAnalyzer -- Nutrients,0,0,Deposition-Dry,640.2,"QC: 20090825N Spikes: 104.003, 108.483, 105.727, 105.685 Reps: 129.46, 127.179; 188.186, 187.616; 114.065, 114.636; 98.101, 101.522 Knowns: 99.899, 100.811, 101.039, 100.355, 101.267, 95.566, 99.215, 99.101, 99.443;"
07/09/2009,Yellow Bay Knob @ Flathead Lake BioStation,Phosphorus (Total),TP,85.049,µg/l,,Legacy_AutoAnalyzer -- Nutrients,0,0,Deposition-Dry,640.2,"QC: 20090820P Spikes: 104.077, 93.589, 97.137, 99.028 Reps: 8.314, 8.962; 10.981, 10.981; 4.658, 2.487; 4.886, 4.963 Knowns: 99.792, 86.253, 99.792, 99.353, 100.084;"
07/15/2009,"Bulk Deposition @ Flathead Lake, Biostation Poi...",Nitrogen (Total),TN,283.973,µg/l,,Legacy_AutoAnalyzer -- Nutrients,0,0,Deposition-Bulk,3736.3,"QC: 20090825N Spikes: 104.003, 108.483, 105.727, 105.685 Reps: 129.46, 127.179; 188.186, 187.616; 114.065, 114.636; 98.101, 101.522 Knowns: 99.899, 100.811, 101.039, 100.355, 101.267, 95.566, 99.215, 99.101, 99.443;"
07/15/2009,Yellow Bay Knob @ Flathead Lake BioStation,Nitrogen (Total),TN,171.081,µg/l,,Legacy_AutoAnalyzer -- Nutrients,0,0,Deposition-Wet,2593.4,"QC: 20090825N Spikes: 104.003, 108.483, 105.727, 105.685 Reps: 129.46, 127.179; 188.186, 187.616; 114.065, 114.636; 98.101, 101.522 Knowns: 99.899, 100.811, 101.039, 100.355, 101.267, 95.566, 99.215, 99.101, 99.443;"
07/15/2009,Yellow Bay Knob @ Flathead Lake BioStation,Nitrogen (Total),TN,156.827,µg/l,,Legacy_AutoAnalyzer -- Nutrients,0,0,Deposition-Dry,1117.3,"QC: 20090825N Spikes: 104.003, 108.483, 105.727, 105.685 Reps: 129.46, 127.179; 188.186, 187.616; 114.065, 114.636; 98.101, 101.522 Knowns: 99.899, 100.811, 101.039, 100.355, 101.267, 95.566, 99.215, 99.101, 99.443;"
07/15/2009,Yellow Bay Knob @ Flathead Lake BioStation,Phosphorus (Total),TP,10.6,µg/l,,Legacy_AutoAnalyzer -- Nutrients,0,0,Deposition-Dry,1117.3,"QC: 20090820P Spikes: 104.077, 93.589, 97.137, 99.028 Reps: 8.314, 8.962; 10.981, 10.981; 4.658, 2.487; 4.886, 4.963 Knowns: 99.792, 86.253, 99.792, 99.353, 100.084;"
07/15/2009,Yellow Bay Knob @ Flathead Lake BioStation,Phosphorus (Total),TP,4.468,µg/l,,Legacy_AutoAnalyzer -- Nutrients,0,0,Deposition-Wet,2593.4,"QC: 20090820P Spikes: 104.077, 93.589, 97.137, 99.028 Reps: 8.314, 8.962; 10.981, 10.981; 4.658, 2.487; 4.886, 4.963 Knowns: 99.792, 86.253, 99.792, 99.353, 100.084;"
07/15/2009,"Bulk Deposition @ Flathead Lake, Biostation Poi...",Phosphorus (Total),TP,17.075,µg/l,,Legacy_AutoAnalyzer -- Nutrients,0,0,Deposition-Bulk,3736.3,"QC: 20090820P Spikes: 104.077, 93.589, 97.137, 99.028 Reps: 8.314, 8.962; 10.981, 10.981; 4.658, 2.487; 4.886, 4.963 Knowns: 99.792, 86.253, 99.792, 99.353, 100.084;"
07/29/2009,Yellow Bay Knob @ Flathead Lake BioStation,Nitrogen (Total),TN,286.03,µg/l,,Legacy_AutoAnalyzer -- Nutrients,0,0,Deposition-Dry,766.2,"QC: 20091006N Spikes: 105.99, 95.606, 109.29, 106.815 Reps: 108.079, 109.518; 96.55, 92.669; 81.587, 84.688; 67.977, 76.084 Knowns: 100, 100, 100, 111.588, 100, 100;"
07/29/2009,Yellow Bay Knob @ Flathead Lake BioStation,Phosphorus (Total),TP,24.153,µg/l,,Legacy_AutoAnalyzer -- Nutrients,0,0,Deposition-Dry,766.2,QC: 20090923P Spikes: 107.451; 103.170 Reps: 2.484; 2.772; 3.304; 3.489; 4.526; 4.666 Knowns: 100.000; 100.000; 100.000; 92.237; 100.000;
08/06/2009,Yellow Bay Knob @ Flathead Lake BioStation,Nitrogen (Total),TN,220.095,µg/l,,Legacy_AutoAnalyzer -- Nutrients,0,0,Deposition-Dry,1092,"QC: 20091006N Spikes: 105.99, 95.606, 109.29, 106.815 Reps: 108.079, 109.518; 96.55, 92.669; 81.587, 84.688; 67.977, 76.084 Knowns: 100, 100, 100, 111.588, 100, 100;"
08/06/2009,Yellow Bay Knob @ Flathead Lake BioStation,Phosphorus (Total),TP,22.151,µg/l,,Legacy_AutoAnalyzer -- Nutrients,0,0,Deposition-Dry,1092,QC: 20090923P Spikes: 107.451; 103.170 Reps: 2.484; 2.772; 3.304; 3.489; 4.526; 4.666 Knowns: 100.000; 100.000; 100.000; 92.237; 100.000;
08/12/2009,Yellow Bay Knob @ Flathead Lake BioStation,Nitrogen (Total),TN,173.357,µg/l,,Legacy_AutoAnalyzer -- Nutrients,0,0,Deposition-Dry,1064.1,"QC: 20091006N Spikes: 105.99, 95.606, 109.29, 106.815 Reps: 108.079, 109.518; 96.55, 92.669; 81.587, 84.688; 67.977, 76.084 Knowns: 100, 100, 100, 111.588, 100, 100;"
08/12/2009,"Bulk Deposition @ Flathead Lake, Biostation Poi...",Nitrogen (Total),TN,2514.52,µg/l,,Legacy_AutoAnalyzer -- Nutrients,0,0,Deposition-Bulk,372.4,"QC: 20091006N Spikes: 105.99, 95.606, 109.29, 106.815 Reps: 108.079, 109.518; 96.55, 92.669; 81.587, 84.688; 67.977, 76.084 Knowns: 100, 100, 100, 111.588, 100, 100;"
08/12/2009,"Bulk Deposition @ Flathead Lake, Biostation Poi...",Phosphorus (Total),TP,113.974,µg/l,,Legacy_AutoAnalyzer -- Nutrients,0,0,Deposition-Bulk,372.4,"QC: 20091008P Spikes: 103.42 Reps: 19.809, 18.748 Knowns: 106.643, 107.357, 103.388;"
08/12/2009,Yellow Bay Knob @ Flathead Lake BioStation,Phosphorus (Total),TP,8.337,µg/l,,Legacy_AutoAnalyzer -- Nutrients,0,0,Deposition-Dry,1064.1,QC: 20090923P Spikes: 107.451; 103.170 Reps: 2.484; 2.772; 3.304; 3.489; 4.526; 4.666 Knowns: 100.000; 100.000; 100.000; 92.237; 100.000;
08/18/2009,Yellow Bay Knob @ Flathead Lake BioStation,Nitrogen (Total),TN,118.809,µg/l,,Legacy_AutoAnalyzer -- Nutrients,0,0,Deposition-Dry,1586,"QC: 20091006N Spikes: 105.99, 95.606, 109.29, 106.815 Reps: 108.079, 109.518; 96.55, 92.669; 81.587, 84.688; 67.977, 76.084 Knowns: 100, 100, 100, 111.588, 100, 100;"
08/18/2009,Yellow Bay Knob @ Flathead Lake BioStation,Nitrogen (Total),TN,242.292,µg/l,,Legacy_AutoAnalyzer -- Nutrients,0,0,Deposition-Wet,1680.5,"QC: 20091006N Spikes: 105.99, 95.606, 109.29, 106.815 Reps: 108.079, 109.518; 96.55, 92.669; 81.587, 84.688; 67.977, 76.084 Knowns: 100, 100, 100, 111.588, 100, 100;"
08/18/2009,"Bulk Deposition @ Flathead Lake, Biostation Poi...",Nitrogen (Total),TN,329.754,µg/l,,Legacy_AutoAnalyzer -- Nutrients,0,0,Deposition-Bulk,2232.5,"QC: 20091006N Spikes: 105.99, 95.606, 109.29, 106.815 Reps: 108.079, 109.518; 96.55, 92.669; 81.587, 84.688; 67.977, 76.084 Knowns: 100, 100, 100, 111.588, 100, 100;"
08/18/2009,"Bulk Deposition @ Flathead Lake, Biostation Poi...",Phosphorus (Total),TP,6.671,µg/l,,Legacy_AutoAnalyzer -- Nutrients,0,0,Deposition-Bulk,2232.5,QC: 20090923P Spikes: 107.451; 103.170 Reps: 2.484; 2.772; 3.304; 3.489; 4.526; 4.666 Knowns: 100.000; 100.000; 100.000; 92.237; 100.000;
08/18/2009,Yellow Bay Knob @ Flathead Lake BioStation,Phosphorus (Total),TP,3.22,µg/l,,Legacy_AutoAnalyzer -- Nutrients,0,0,Deposition-Wet,1680.5,QC: 20090923P Spikes: 107.451; 103.170 Reps: 2.484; 2.772; 3.304; 3.489; 4.526; 4.666 Knowns: 100.000; 100.000; 100.000; 92.237; 100.000;
08/18/2009,Yellow Bay Knob @ Flathead Lake BioStation,Phosphorus (Total),TP,4.199,µg/l,,Legacy_AutoAnalyzer -- Nutrients,0,0,Deposition-Dry,1586,QC: 20090923P Spikes: 107.451; 103.170 Reps: 2.484; 2.772; 3.304; 3.489; 4.526; 4.666 Knowns: 100.000; 100.000; 100.000; 92.237; 100.000;
08/27/2009,Yellow Bay Knob @ Flathead Lake BioStation,Nitrogen (Total),TN,224.587,µg/l,,Legacy_AutoAnalyzer -- Nutrients,0,0,Deposition-Dry,979,QC: 20091105N Spikes: 108.702; 108.725; 109.424 Reps: 112.308; 111.126; 64.441; 64.441; 99.898; 105.216 Knowns: 101.412; 103.185; 5.500;Digestion check standard=101%
08/27/2009,Yellow Bay Knob @ Flathead Lake BioStation,Phosphorus (Total),TP,26.858,µg/l,,Legacy_AutoAnalyzer -- Nutrients,0,0,Deposition-Dry,979,QC: 20091103P Spikes: 94.003; 97.646 Reps: 3.851; 4.550; 6.916; 6.761; 4.550; 4.938 Knowns: 99.413; 99.860; 93.395; 100.157;
09/03/2009,Yellow Bay Knob @ Flathead Lake BioStation,Nitrogen (Total),TN,273.636,µg/l,,Legacy_AutoAnalyzer -- Nutrients,0,0,Deposition-Dry,634.4,QC: 20091105N Spikes: 108.702; 108.725; 109.424 Reps: 112.308; 111.126; 64.441; 64.441; 99.898; 105.216 Knowns: 101.412; 103.185; 5.500;Digestion check standard=101%
09/03/2009,Yellow Bay Knob @ Flathead Lake BioStation,Phosphorus (Total),TP,39.129,µg/l,,Legacy_AutoAnalyzer -- Nutrients,0,0,Deposition-Dry,634.4,QC: 20091103P Spikes: 94.003; 97.646 Reps: 3.851; 4.550; 6.916; 6.761; 4.550; 4.938 Knowns: 99.413; 99.860; 93.395; 100.157;
09/10/2009,Yellow Bay Knob @ Flathead Lake BioStation,Nitrogen (Total),TN,283.682,µg/l,,Legacy_AutoAnalyzer -- Nutrients,0,0,Deposition-Dry,528,QC: 20091105N Spikes: 108.702; 108.725; 109.424 Reps: 112.308; 111.126; 64.441; 64.441; 99.898; 105.216 Knowns: 101.412; 103.185; 5.500;Digestion check standard=101%
09/10/2009,Yellow Bay Knob @ Flathead Lake BioStation,Phosphorus (Total),TP,24.492,µg/l,,Legacy_AutoAnalyzer -- Nutrients,0,0,Deposition-Dry,528,QC: 20091103P Spikes: 94.003; 97.646 Reps: 3.851; 4.550; 6.916; 6.761; 4.550; 4.938 Knowns: 99.413; 99.860; 93.395; 100.157;
09/18/2009,Yellow Bay Knob @ Flathead Lake BioStation,Nitrogen (Total),TN,146.847,µg/l,,Legacy_AutoAnalyzer -- Nutrients,0,0,Deposition-Dry,728.6,QC: 20091230N Spikes: 104.503; 101.587; 102.757 Reps: 110.542; 118.740; 112.299; 115.813; 128.109; 121.083 Knowns: 103.150; 99.285; 99.754;Glutamic acid digestion check standard=98%
09/18/2009,Yellow Bay Knob @ Flathead Lake BioStation,Phosphorus (Total),TP,7.75,µg/l,,Legacy_AutoAnalyzer -- Nutrients,0,0,Deposition-Dry,728.6,QC: 20091215P Spikes: 96.016 Reps: 4.481; 4.481; 4.481; 4.595 Knowns: 101.139; 104.016; 104.200;
09/23/2009,Yellow Bay Knob @ Flathead Lake BioStation,Nitrogen (Total),TN,51.401,µg/l,,Legacy_AutoAnalyzer -- Nutrients,0,0,Deposition-Dry,1325.2,QC: 20091230N Spikes: 104.503; 101.587; 102.757 Reps: 110.542; 118.740; 112.299; 115.813; 128.109; 121.083 Knowns: 103.150; 99.285; 99.754;Glutamic acid digestion check standard=98%
09/23/2009,Yellow Bay Knob @ Flathead Lake BioStation,Phosphorus (Total),TP,3.493,µg/l,,Legacy_AutoAnalyzer -- Nutrients,0,0,Deposition-Dry,1325.2,QC: 20091215P Spikes: 96.016 Reps: 4.481; 4.481; 4.481; 4.595 Knowns: 101.139; 104.016; 104.200;
10/01/2009,"Bulk Deposition @ Flathead Lake, Biostation Poi...",Nitrogen (Total),TN,3225.15,µg/l,,Legacy_AutoAnalyzer -- Nutrients,0,0,Deposition-Bulk,644,QC: 20091230N Spikes: 104.503; 101.587; 102.757 Reps: 110.542; 118.740; 112.299; 115.813; 128.109; 121.083 Knowns: 103.150; 99.285; 99.754;Glutamic acid digestion check standard=98%
10/01/2009,Yellow Bay Knob @ Flathead Lake BioStation,Nitrogen (Total),TN,249.906,µg/l,,Legacy_AutoAnalyzer -- Nutrients,0,0,Deposition-Dry,868.1,QC: 20091230N Spikes: 104.503; 101.587; 102.757 Reps: 110.542; 118.740; 112.299; 115.813; 128.109; 121.083 Knowns: 103.150; 99.285; 99.754;Glutamic acid digestion check standard=98%
10/01/2009,Yellow Bay Knob @ Flathead Lake BioStation,Nitrogen (Total),TN,901.12,µg/l,,Legacy_AutoAnalyzer -- Nutrients,0,0,Deposition-Wet,301.3,QC: 20091230N Spikes: 104.503; 101.587; 102.757 Reps: 110.542; 118.740; 112.299; 115.813; 128.109; 121.083 Knowns: 103.150; 99.285; 99.754;Glutamic acid digestion check standard=98%
10/01/2009,Yellow Bay Knob @ Flathead Lake BioStation,Phosphorus (Total),TP,32.683,µg/l,,Legacy_AutoAnalyzer -- Nutrients,0,0,Deposition-Wet,301.3,QC: 20091215P Spikes: 96.016 Reps: 4.481; 4.481; 4.481; 4.595 Knowns: 101.139; 104.016; 104.200;
10/01/2009,Yellow Bay Knob @ Flathead Lake BioStation,Phosphorus (Total),TP,24.134,µg/l,,Legacy_AutoAnalyzer -- Nutrients,0,0,Deposition-Dry,868.1,QC: 20091215P Spikes: 96.016 Reps: 4.481; 4.481; 4.481; 4.595 Knowns: 101.139; 104.016; 104.200;
10/01/2009,"Bulk Deposition @ Flathead Lake, Biostation Poi...",Phosphorus (Total),TP,320.03,µg/l,,Legacy_AutoAnalyzer -- Nutrients,0,0,Deposition-Bulk,644,QC: 20091215P Spikes: 96.016 Reps: 4.481; 4.481; 4.481; 4.595 Knowns: 101.139; 104.016; 104.200;
10/09/2009,Yellow Bay Knob @ Flathead Lake BioStation,Nitrogen (Total),TN,217.114,µg/l,,Legacy_AutoAnalyzer -- Nutrients,0,0,Deposition-Dry,1110.5,QC: 20091230N Spikes: 104.503; 101.587; 102.757 Reps: 110.542; 118.740; 112.299; 115.813; 128.109; 121.083 Knowns: 103.150; 99.285; 99.754;Glutamic acid digestion check standard=98%
10/09/2009,Yellow Bay Knob @ Flathead Lake BioStation,Phosphorus (Total),TP,37.624,µg/l,,Legacy_AutoAnalyzer -- Nutrients,0,0,Deposition-Dry,1110.5,QC: 20091215P Spikes: 96.016 Reps: 4.481; 4.481; 4.481; 4.595 Knowns: 101.139; 104.016; 104.200;
10/14/2009,Yellow Bay Knob @ Flathead Lake BioStation,Nitrogen (Total),TN,87.12,µg/l,,Legacy_AutoAnalyzer -- Nutrients,0,0,Deposition-Dry,1508,QC: 20091230N Spikes: 104.503; 101.587; 102.757 Reps: 110.542; 118.740; 112.299; 115.813; 128.109; 121.083 Knowns: 103.150; 99.285; 99.754;Glutamic acid digestion check standard=98%
10/14/2009,Yellow Bay Knob @ Flathead Lake BioStation,Phosphorus (Total),TP,7.978,µg/l,,Legacy_AutoAnalyzer -- Nutrients,0,0,Deposition-Dry,1508,QC: 20091215P Spikes: 96.016 Reps: 4.481; 4.481; 4.481; 4.595 Knowns: 101.139; 104.016; 104.200;
10/23/2009,Yellow Bay Knob @ Flathead Lake BioStation,Nitrogen (Total),TN,118.74,µg/l,,Legacy_AutoAnalyzer -- Nutrients,0,0,Deposition-Dry,1147.6,QC: 20091230N Spikes: 104.503; 101.587; 102.757 Reps: 110.542; 118.740; 112.299; 115.813; 128.109; 121.083 Knowns: 103.150; 99.285; 99.754;Glutamic acid digestion check standard=98%
10/23/2009,Yellow Bay Knob @ Flathead Lake BioStation,Nitrogen (Total),TN,678.993,µg/l,,Legacy_AutoAnalyzer -- Nutrients,0,0,Deposition-Wet,542.9,QC: 20091230N Spikes: 104.503; 101.587; 102.757 Reps: 110.542; 118.740; 112.299; 115.813; 128.109; 121.083 Knowns: 103.150; 99.285; 99.754;Glutamic acid digestion check standard=98%
10/23/2009,Yellow Bay Knob @ Flathead Lake BioStation,Phosphorus (Total),TP,9.613,µg/l,,Legacy_AutoAnalyzer -- Nutrients,0,0,Deposition-Wet,542.9,QC: 20091215P Spikes: 96.016 Reps: 4.481; 4.481; 4.481; 4.595 Knowns: 101.139; 104.016; 104.200;
10/23/2009,Yellow Bay Knob @ Flathead Lake BioStation,Phosphorus (Total),TP,3.759,µg/l,,Legacy_AutoAnalyzer -- Nutrients,0,0,Deposition-Dry,1147.6,QC: 20091215P Spikes: 96.016 Reps: 4.481; 4.481; 4.481; 4.595 Knowns: 101.139; 104.016; 104.200;
10/29/2009,Yellow Bay Knob @ Flathead Lake BioStation,Nitrogen (Total),TN,102.93,µg/l,,Legacy_AutoAnalyzer -- Nutrients,0,0,Deposition-Dry,1678.3,QC: 20091230N Spikes: 104.503; 101.587; 102.757 Reps: 110.542; 118.740; 112.299; 115.813; 128.109; 121.083 Knowns: 103.150; 99.285; 99.754;Glutamic acid digestion check standard=98%
10/29/2009,Yellow Bay Knob @ Flathead Lake BioStation,Nitrogen (Total),TN,204.818,µg/l,,Legacy_AutoAnalyzer -- Nutrients,0,0,Deposition-Wet,1596.4,QC: 20091230N Spikes: 104.503; 101.587; 102.757 Reps: 110.542; 118.740; 112.299; 115.813; 128.109; 121.083 Knowns: 103.150; 99.285; 99.754;Glutamic acid digestion check standard=98%
10/29/2009,Yellow Bay Knob @ Flathead Lake BioStation,Phosphorus (Total),TP,4.139,µg/l,,Legacy_AutoAnalyzer -- Nutrients,0,0,Deposition-Wet,1596.4,QC: 20091215P Spikes: 96.016 Reps: 4.481; 4.481; 4.481; 4.595 Knowns: 101.139; 104.016; 104.200;
10/29/2009,Yellow Bay Knob @ Flathead Lake BioStation,Phosphorus (Total),TP,4.139,µg/l,,Legacy_AutoAnalyzer -- Nutrients,0,0,Deposition-Dry,1678.3,QC: 20091215P Spikes: 96.016 Reps: 4.481; 4.481; 4.481; 4.595 Knowns: 101.139; 104.016; 104.200;
11/06/2009,Yellow Bay Knob @ Flathead Lake BioStation,Nitrogen (Total),TN,92.976,µg/l,,Legacy_AutoAnalyzer -- Nutrients,0,0,Deposition-Dry,1295.9,QC: 20091230N Spikes: 104.503; 101.587; 102.757 Reps: 110.542; 118.740; 112.299; 115.813; 128.109; 121.083 Knowns: 103.150; 99.285; 99.754;Glutamic acid digestion check standard=98%
11/06/2009,Yellow Bay Knob @ Flathead Lake BioStation,Phosphorus (Total),TP,4.557,µg/l,,Legacy_AutoAnalyzer -- Nutrients,0,0,Deposition-Dry,1295.9,QC: 20091215P Spikes: 96.016 Reps: 4.481; 4.481; 4.481; 4.595 Knowns: 101.139; 104.016; 104.200;
11/12/2009,Yellow Bay Knob @ Flathead Lake BioStation,Nitrogen (Total),TN,52.572,µg/l,,Legacy_AutoAnalyzer -- Nutrients,0,0,Deposition-Dry,1324.2,QC: 20091230N Spikes: 104.503; 101.587; 102.757 Reps: 110.542; 118.740; 112.299; 115.813; 128.109; 121.083 Knowns: 103.150; 99.285; 99.754;Glutamic acid digestion check standard=98%
11/12/2009,Yellow Bay Knob @ Flathead Lake BioStation,Phosphorus (Total),TP,4.979,µg/l,,Legacy_AutoAnalyzer -- Nutrients,0,0,Deposition-Dry,1324.2,QC: 20100119P Spikes: 108.322; 104.408; 103.462 Reps: 6.687; 7.045; 7.720; 8.395; 34.450; 35.602 Knowns: 99.656; 100.874; 104.954; 94.499;
11/19/2009,Yellow Bay Knob @ Flathead Lake BioStation,Nitrogen (Total),TN,87.12,µg/l,,Legacy_AutoAnalyzer -- Nutrients,0,0,Deposition-Dry,1119.8,QC: 20091230N Spikes: 104.503; 101.587; 102.757 Reps: 110.542; 118.740; 112.299; 115.813; 128.109; 121.083 Knowns: 103.150; 99.285; 99.754;Glutamic acid digestion check standard=98%
11/19/2009,Yellow Bay Knob @ Flathead Lake BioStation,Phosphorus (Total),TP,1.643,µg/l,,Legacy_AutoAnalyzer -- Nutrients,0,0,Deposition-Dry,1119.8,QC: 20100119P Spikes: 108.322; 104.408; 103.462 Reps: 6.687; 7.045; 7.720; 8.395; 34.450; 35.602 Knowns: 99.656; 100.874; 104.954; 94.499;
11/24/2009,Yellow Bay Knob @ Flathead Lake BioStation,Nitrogen (Total),TN,46.716,µg/l,,Legacy_AutoAnalyzer -- Nutrients,0,0,Deposition-Dry,1403.8,QC: 20091230N Spikes: 104.503; 101.587; 102.757 Reps: 110.542; 118.740; 112.299; 115.813; 128.109; 121.083 Knowns: 103.150; 99.285; 99.754;Glutamic acid digestion check standard=98%
11/24/2009,Yellow Bay Knob @ Flathead Lake BioStation,Phosphorus (Total),TP,5.019,µg/l,,Legacy_AutoAnalyzer -- Nutrients,0,0,Deposition-Dry,1403.8,QC: 20100119P Spikes: 108.322; 104.408; 103.462 Reps: 6.687; 7.045; 7.720; 8.395; 34.450; 35.602 Knowns: 99.656; 100.874; 104.954; 94.499;
12/02/2009,Yellow Bay Knob @ Flathead Lake BioStation,Nitrogen (Total),TN,111.714,µg/l,,Legacy_AutoAnalyzer -- Nutrients,0,0,Deposition-Dry,1236,QC: 20091230N Spikes: 104.503; 101.587; 102.757 Reps: 110.542; 118.740; 112.299; 115.813; 128.109; 121.083 Knowns: 103.150; 99.285; 99.754;Glutamic acid digestion check standard=98%
12/02/2009,Yellow Bay Knob @ Flathead Lake BioStation,Nitrogen (Total),TN,702.415,µg/l,,Legacy_AutoAnalyzer -- Nutrients,0,0,Deposition-Wet,361,QC: 20091230N Spikes: 104.503; 101.587; 102.757 Reps: 110.542; 118.740; 112.299; 115.813; 128.109; 121.083 Knowns: 103.150; 99.285; 99.754;Glutamic acid digestion check standard=98%
12/02/2009,Yellow Bay Knob @ Flathead Lake BioStation,Phosphorus (Total),TP,20.072,µg/l,,Legacy_AutoAnalyzer -- Nutrients,0,0,Deposition-Wet,361,QC: 20100119P Spikes: 108.322; 104.408; 103.462 Reps: 6.687; 7.045; 7.720; 8.395; 34.450; 35.602 Knowns: 99.656; 100.874; 104.954; 94.499;
12/02/2009,Yellow Bay Knob @ Flathead Lake BioStation,Phosphorus (Total),TP,3.43,µg/l,,Legacy_AutoAnalyzer -- Nutrients,0,0,Deposition-Dry,1236,QC: 20100119P Spikes: 108.322; 104.408; 103.462 Reps: 6.687; 7.045; 7.720; 8.395; 34.450; 35.602 Knowns: 99.656; 100.874; 104.954; 94.499;
12/09/2009,Yellow Bay Knob @ Flathead Lake BioStation,Nitrogen (Total),TN,86.535,µg/l,,Legacy_AutoAnalyzer -- Nutrients,0,0,Deposition-Dry,1023.4,QC: 20091230N Spikes: 104.503; 101.587; 102.757 Reps: 110.542; 118.740; 112.299; 115.813; 128.109; 121.083 Knowns: 103.150; 99.285; 99.754;Glutamic acid digestion check standard=98%
12/09/2009,Yellow Bay Knob @ Flathead Lake BioStation,Phosphorus (Total),TP,4.543,µg/l,,Legacy_AutoAnalyzer -- Nutrients,0,0,Deposition-Dry,1023.4,QC: 20100119P Spikes: 108.322; 104.408; 103.462 Reps: 6.687; 7.045; 7.720; 8.395; 34.450; 35.602 Knowns: 99.656; 100.874; 104.954; 94.499;
12/16/2009,Yellow Bay Knob @ Flathead Lake BioStation,Nitrogen (Total),TN,418.547,µg/l,,Legacy_AutoAnalyzer -- Nutrients,0,0,Deposition-Bulk,0,QC: 20091230N Spikes: 104.503; 101.587; 102.757 Reps: 110.542; 118.740; 112.299; 115.813; 128.109; 121.083 Knowns: 103.150; 99.285; 99.754;Glutamic acid digestion check standard=98%
12/16/2009,Yellow Bay Knob @ Flathead Lake BioStation,Nitrogen (Total),TN,403.322,µg/l,,Legacy_AutoAnalyzer -- Nutrients,0,0,Deposition-Bulk,0,QC: 20091230N Spikes: 104.503; 101.587; 102.757 Reps: 110.542; 118.740; 112.299; 115.813; 128.109; 121.083 Knowns: 103.150; 99.285; 99.754;Glutamic acid digestion check standard=98%
12/16/2009,Yellow Bay Knob @ Flathead Lake BioStation,Nitrogen (Total),TN,116.984,µg/l,,Legacy_AutoAnalyzer -- Nutrients,0,0,Deposition-Dry,1228.6,pH not working;QC: 20091230N Spikes: 104.503; 101.587; 102.757 Reps: 110.542; 118.740; 112.299; 115.813; 128.109; 121.083 Knowns: 103.150; 99.285; 99.754;Glutamic acid digestion check standard=98%
12/16/2009,Yellow Bay Knob @ Flathead Lake BioStation,Nitrogen (Total),TN,282.697,µg/l,,Legacy_AutoAnalyzer -- Nutrients,0,0,Deposition-Wet,1056.4,pH meter not working;QC: 20091230N Spikes: 104.503; 101.587; 102.757 Reps: 110.542; 118.740; 112.299; 115.813; 128.109; 121.083 Knowns: 103.150; 99.285; 99.754;Glutamic acid digestion check standard=98%
12/16/2009,Yellow Bay Knob @ Flathead Lake BioStation,Phosphorus (Total),TP,4.106,µg/l,,Legacy_AutoAnalyzer -- Nutrients,0,0,Deposition-Wet,1056.4,pH meter not working;QC: 20100119P Spikes: 108.322; 104.408; 103.462 Reps: 6.687; 7.045; 7.720; 8.395; 34.450; 35.602 Knowns: 99.656; 100.874; 104.954; 94.499;
12/16/2009,Yellow Bay Knob @ Flathead Lake BioStation,Phosphorus (Total),TP,4.741,µg/l,,Legacy_AutoAnalyzer -- Nutrients,0,0,Deposition-Dry,1228.6,pH not working;QC: 20100119P Spikes: 108.322; 104.408; 103.462 Reps: 6.687; 7.045; 7.720; 8.395; 34.450; 35.602 Knowns: 99.656; 100.874; 104.954; 94.499;
12/16/2009,Yellow Bay Knob @ Flathead Lake BioStation,Phosphorus (Total),TP,7.442,µg/l,,Legacy_AutoAnalyzer -- Nutrients,0,0,Deposition-Bulk,0,QC: 20100119P Spikes: 108.322; 104.408; 103.462 Reps: 6.687; 7.045; 7.720; 8.395; 34.450; 35.602 Knowns: 99.656; 100.874; 104.954; 94.499;
12/16/2009,Yellow Bay Knob @ Flathead Lake BioStation,Phosphorus (Total),TP,10.858,µg/l,,Legacy_AutoAnalyzer -- Nutrients,0,0,Deposition-Bulk,0,QC: 20100119P Spikes: 108.322; 104.408; 103.462 Reps: 6.687; 7.045; 7.720; 8.395; 34.450; 35.602 Knowns: 99.656; 100.874; 104.954; 94.499;
12/23/2009,Yellow Bay Knob @ Flathead Lake BioStation,Nitrogen (Total),TN,188.465,µg/l,,Legacy_AutoAnalyzer -- Nutrients,0,0,Deposition-Bulk,4000,QC: 20100224N Spikes: 105.211; 105.018; 109.878 Reps: 154.550; 179.843; 133.856; 130.982; 83.845; 79.822 Knowns: 102.534; 103.454; 107.018;Glutamic acid digestion check standard=100%
12/23/2009,Yellow Bay Knob @ Flathead Lake BioStation,Nitrogen (Total),TN,96.492,µg/l,,Legacy_AutoAnalyzer -- Nutrients,0,0,Deposition-Dry,1710.9,QC: 20100224N Spikes: 105.211; 105.018; 109.878 Reps: 154.550; 179.843; 133.856; 130.982; 83.845; 79.822 Knowns: 102.534; 103.454; 107.018;Glutamic acid digestion check standard=100%
12/23/2009,Yellow Bay Knob @ Flathead Lake BioStation,Nitrogen (Total),TN,141.329,µg/l,,Legacy_AutoAnalyzer -- Nutrients,0,0,Deposition-Wet,2229.3,QC: 20100224N Spikes: 105.211; 105.018; 109.878 Reps: 154.550; 179.843; 133.856; 130.982; 83.845; 79.822 Knowns: 102.534; 103.454; 107.018;Glutamic acid digestion check standard=100%
12/23/2009,Yellow Bay Knob @ Flathead Lake BioStation,Phosphorus (Total),TP,6.834,µg/l,,Legacy_AutoAnalyzer -- Nutrients,0,0,Deposition-Wet,2229.3,QC: 20100211P Spikes: 97.290; 97.954 Reps: 7.281; 7.205; 669.977; 661.643; 5.865; 4.847 Knowns: 84.743; 100.000; 100.000; 93.042; 100.000;
12/23/2009,Yellow Bay Knob @ Flathead Lake BioStation,Phosphorus (Total),TP,0.577,µg/l,,Legacy_AutoAnalyzer -- Nutrients,0,0,Deposition-Dry,1710.9,QC: 20100211P Spikes: 97.290; 97.954 Reps: 7.281; 7.205; 669.977; 661.643; 5.865; 4.847 Knowns: 84.743; 100.000; 100.000; 93.042; 100.000;
12/23/2009,Yellow Bay Knob @ Flathead Lake BioStation,Phosphorus (Total),TP,1.45,µg/l,,Legacy_AutoAnalyzer -- Nutrients,0,0,Deposition-Bulk,4000,QC: 20100211P Spikes: 97.290; 97.954 Reps: 7.281; 7.205; 669.977; 661.643; 5.865; 4.847 Knowns: 84.743; 100.000; 100.000; 93.042; 100.000;
12/30/2009,Yellow Bay Knob @ Flathead Lake BioStation,Nitrogen (Total),TN,185.016,µg/l,,Legacy_AutoAnalyzer -- Nutrients,0,0,Deposition-Dry,892.2,QC: 20100224N Spikes: 105.211; 105.018; 109.878 Reps: 154.550; 179.843; 133.856; 130.982; 83.845; 79.822 Knowns: 102.534; 103.454; 107.018;Glutamic acid digestion check standard=100%
12/30/2009,Yellow Bay Knob @ Flathead Lake BioStation,Phosphorus (Total),TP,2.464,µg/l,,Legacy_AutoAnalyzer -- Nutrients,0,0,Deposition-Dry,892.2,QC: 20100211P Spikes: 97.290; 97.954 Reps: 7.281; 7.205; 669.977; 661.643; 5.865; 4.847 Knowns: 84.743; 100.000; 100.000; 93.042; 100.000;
01/06/2010,Yellow Bay Knob @ Flathead Lake BioStation,Nitrogen (Total),TN,179.268,µg/l,,Legacy_AutoAnalyzer -- Nutrients,0,0,Deposition-Bulk,3550,QC: 20100224N Spikes: 105.211; 105.018; 109.878 Reps: 154.550; 179.843; 133.856; 130.982; 83.845; 79.822 Knowns: 102.534; 103.454; 107.018;Glutamic acid digestion check standard=100%
01/06/2010,Yellow Bay Knob @ Flathead Lake BioStation,Nitrogen (Total),TN,101.09,µg/l,,Legacy_AutoAnalyzer -- Nutrients,0,0,Deposition-Dry,1458.4,QC: 20100224N Spikes: 105.211; 105.018; 109.878 Reps: 154.550; 179.843; 133.856; 130.982; 83.845; 79.822 Knowns: 102.534; 103.454; 107.018;Glutamic acid digestion check standard=100%
01/06/2010,Yellow Bay Knob @ Flathead Lake BioStation,Nitrogen (Total),TN,166.621,µg/l,,Legacy_AutoAnalyzer -- Nutrients,0,0,Deposition-Wet,1930.8,QC: 20100224N Spikes: 105.211; 105.018; 109.878 Reps: 154.550; 179.843; 133.856; 130.982; 83.845; 79.822 Knowns: 102.534; 103.454; 107.018;Glutamic acid digestion check standard=100%
01/06/2010,Yellow Bay Knob @ Flathead Lake BioStation,Phosphorus (Total),TP,2.526,µg/l,,Legacy_AutoAnalyzer -- Nutrients,0,0,Deposition-Wet,1930.8,QC: 20100211P Spikes: 97.290; 97.954 Reps: 7.281; 7.205; 669.977; 661.643; 5.865; 4.847 Knowns: 84.743; 100.000; 100.000; 93.042; 100.000;
01/06/2010,Yellow Bay Knob @ Flathead Lake BioStation,Phosphorus (Total),TP,2.194,µg/l,,Legacy_AutoAnalyzer -- Nutrients,0,0,Deposition-Dry,1458.4,QC: 20100211P Spikes: 97.290; 97.954 Reps: 7.281; 7.205; 669.977; 661.643; 5.865; 4.847 Knowns: 84.743; 100.000; 100.000; 93.042; 100.000;
01/06/2010,Yellow Bay Knob @ Flathead Lake BioStation,Phosphorus (Total),TP,2.174,µg/l,,Legacy_AutoAnalyzer -- Nutrients,0,0,Deposition-Bulk,3550,QC: 20100211P Spikes: 97.290; 97.954 Reps: 7.281; 7.205; 669.977; 661.643; 5.865; 4.847 Knowns: 84.743; 100.000; 100.000; 93.042; 100.000;
01/13/2010,Yellow Bay Knob @ Flathead Lake BioStation,Nitrogen (Total),TN,375.861,µg/l,,Legacy_AutoAnalyzer -- Nutrients,0,0,Deposition-Bulk,800,QC: 20100224N Spikes: 105.211; 105.018; 109.878 Reps: 154.550; 179.843; 133.856; 130.982; 83.845; 79.822 Knowns: 102.534; 103.454; 107.018;Glutamic acid digestion check standard=100%
01/13/2010,Yellow Bay Knob @ Flathead Lake BioStation,Nitrogen (Total),TN,215.482,µg/l,,Legacy_AutoAnalyzer -- Nutrients,0,0,Deposition-Wet,380.4,QC: 20100224N Spikes: 105.211; 105.018; 109.878 Reps: 154.550; 179.843; 133.856; 130.982; 83.845; 79.822 Knowns: 102.534; 103.454; 107.018;Glutamic acid digestion check standard=100%
01/13/2010,Yellow Bay Knob @ Flathead Lake BioStation,Nitrogen (Total),TN,99.366,µg/l,,Legacy_AutoAnalyzer -- Nutrients,0,0,Deposition-Dry,1155.8,QC: 20100224N Spikes: 105.211; 105.018; 109.878 Reps: 154.550; 179.843; 133.856; 130.982; 83.845; 79.822 Knowns: 102.534; 103.454; 107.018;Glutamic acid digestion check standard=100%
01/13/2010,Yellow Bay Knob @ Flathead Lake BioStation,Phosphorus (Total),TP,2.023,µg/l,,Legacy_AutoAnalyzer -- Nutrients,0,0,Deposition-Dry,1155.8,QC: 20100211P Spikes: 97.290; 97.954 Reps: 7.281; 7.205; 669.977; 661.643; 5.865; 4.847 Knowns: 84.743; 100.000; 100.000; 93.042; 100.000;
01/13/2010,Yellow Bay Knob @ Flathead Lake BioStation,Phosphorus (Total),TP,2.527,µg/l,,Legacy_AutoAnalyzer -- Nutrients,0,0,Deposition-Wet,380.4,QC: 20100211P Spikes: 97.290; 97.954 Reps: 7.281; 7.205; 669.977; 661.643; 5.865; 4.847 Knowns: 84.743; 100.000; 100.000; 93.042; 100.000;
01/13/2010,Yellow Bay Knob @ Flathead Lake BioStation,Phosphorus (Total),TP,3.713,µg/l,,Legacy_AutoAnalyzer -- Nutrients,0,0,Deposition-Bulk,800,QC: 20100211P Spikes: 97.290; 97.954 Reps: 7.281; 7.205; 669.977; 661.643; 5.865; 4.847 Knowns: 84.743; 100.000; 100.000; 93.042; 100.000;
01/20/2010,Yellow Bay Knob @ Flathead Lake BioStation,Nitrogen (Total),TN,166.047,µg/l,,Legacy_AutoAnalyzer -- Nutrients,0,0,Deposition-Dry,860,QC: 20100224N Spikes: 105.211; 105.018; 109.878 Reps: 154.550; 179.843; 133.856; 130.982; 83.845; 79.822 Knowns: 102.534; 103.454; 107.018;Glutamic acid digestion check standard=100%
01/20/2010,Yellow Bay Knob @ Flathead Lake BioStation,Phosphorus (Total),TP,1.119,µg/l,,Legacy_AutoAnalyzer -- Nutrients,0,0,Deposition-Dry,860,QC: 20100211P Spikes: 97.290; 97.954 Reps: 7.281; 7.205; 669.977; 661.643; 5.865; 4.847 Knowns: 84.743; 100.000; 100.000; 93.042; 100.000;
01/27/2010,Yellow Bay Knob @ Flathead Lake BioStation,Nitrogen (Total),TN,535.09,µg/l,,Legacy_AutoAnalyzer -- Nutrients,0,0,Deposition-Bulk,700,QC: 20100224N Spikes: 105.211; 105.018; 109.878 Reps: 154.550; 179.843; 133.856; 130.982; 83.845; 79.822 Knowns: 102.534; 103.454; 107.018;Glutamic acid digestion check standard=100%
01/27/2010,Yellow Bay Knob @ Flathead Lake BioStation,Nitrogen (Total),TN,171.22,µg/l,,Legacy_AutoAnalyzer -- Nutrients,0,0,Deposition-Dry,656.6,QC: 20100224N Spikes: 105.211; 105.018; 109.878 Reps: 154.550; 179.843; 133.856; 130.982; 83.845; 79.822 Knowns: 102.534; 103.454; 107.018;Glutamic acid digestion check standard=100%
01/27/2010,Yellow Bay Knob @ Flathead Lake BioStation,Nitrogen (Total),TN,301.707,µg/l,,Legacy_AutoAnalyzer -- Nutrients,0,0,Deposition-Wet,407,QC: 20100224N Spikes: 105.211; 105.018; 109.878 Reps: 154.550; 179.843; 133.856; 130.982; 83.845; 79.822 Knowns: 102.534; 103.454; 107.018;Glutamic acid digestion check standard=100%
01/27/2010,Yellow Bay Knob @ Flathead Lake BioStation,Phosphorus (Total),TP,1.789,µg/l,,Legacy_AutoAnalyzer -- Nutrients,0,0,Deposition-Wet,407,QC: 20100211P Spikes: 97.290; 97.954 Reps: 7.281; 7.205; 669.977; 661.643; 5.865; 4.847 Knowns: 84.743; 100.000; 100.000; 93.042; 100.000;
01/27/2010,Yellow Bay Knob @ Flathead Lake BioStation,Phosphorus (Total),TP,1.869,µg/l,,Legacy_AutoAnalyzer -- Nutrients,0,0,Deposition-Dry,656.6,QC: 20100211P Spikes: 97.290; 97.954 Reps: 7.281; 7.205; 669.977; 661.643; 5.865; 4.847 Knowns: 84.743; 100.000; 100.000; 93.042; 100.000;
01/27/2010,Yellow Bay Knob @ Flathead Lake BioStation,Phosphorus (Total),TP,6.355,µg/l,,Legacy_AutoAnalyzer -- Nutrients,0,0,Deposition-Bulk,700,QC: 20100211P Spikes: 97.290; 97.954 Reps: 7.281; 7.205; 669.977; 661.643; 5.865; 4.847 Knowns: 84.743; 100.000; 100.000; 93.042; 100.000;
02/04/2010,Yellow Bay Knob @ Flathead Lake BioStation,Nitrogen (Total),TN,651.701,µg/l,,Legacy_AutoAnalyzer -- Nutrients,0,0,Deposition-Bulk,750,QC: 20100224N Spikes: 105.211; 105.018; 109.878 Reps: 154.550; 179.843; 133.856; 130.982; 83.845; 79.822 Knowns: 102.534; 103.454; 107.018;Glutamic acid digestion check standard=100%
02/04/2010,Yellow Bay Knob @ Flathead Lake BioStation,Nitrogen (Total),TN,162.598,µg/l,,Legacy_AutoAnalyzer -- Nutrients,0,0,Deposition-Dry,1331.4,QC: 20100224N Spikes: 105.211; 105.018; 109.878 Reps: 154.550; 179.843; 133.856; 130.982; 83.845; 79.822 Knowns: 102.534; 103.454; 107.018;Glutamic acid digestion check standard=100%
02/04/2010,Yellow Bay Knob @ Flathead Lake BioStation,Phosphorus (Total),TP,3.21,µg/l,,Legacy_AutoAnalyzer -- Nutrients,0,0,Deposition-Dry,1331.4,QC: 20100211P Spikes: 97.290; 97.954 Reps: 7.281; 7.205; 669.977; 661.643; 5.865; 4.847 Knowns: 84.743; 100.000; 100.000; 93.042; 100.000;
02/04/2010,Yellow Bay Knob @ Flathead Lake BioStation,Phosphorus (Total),TP,2.266,µg/l,,Legacy_AutoAnalyzer -- Nutrients,0,0,Deposition-Bulk,750,QC: 20100211P Spikes: 97.290; 97.954 Reps: 7.281; 7.205; 669.977; 661.643; 5.865; 4.847 Knowns: 84.743; 100.000; 100.000; 93.042; 100.000;
02/10/2010,Yellow Bay Knob @ Flathead Lake BioStation,Nitrogen (Total),TN,72.424,µg/l,,Legacy_AutoAnalyzer -- Nutrients,0,0,Deposition-Dry,1402.7,QC: 20100325N Spikes: 106.515 Reps: 133.292; 132.122 Knowns: 101.338;Glutamic acid digestion check standard=101%
02/10/2010,Yellow Bay Knob @ Flathead Lake BioStation,Phosphorus (Total),TP,1.186,µg/l,,Legacy_AutoAnalyzer -- Nutrients,0,0,Deposition-Dry,1402.7,QC: 20100323P Spikes: 98.771 Reps: 5.558; 4.803 Knowns: 90.367; 101.453; 97.676;
02/17/2010,Yellow Bay Knob @ Flathead Lake BioStation,Nitrogen (Total),TN,438.801,µg/l,,Legacy_AutoAnalyzer -- Nutrients,0,0,Deposition-Bulk,1400,QC: 20100325N Spikes: 106.515 Reps: 133.292; 132.122 Knowns: 101.338;Glutamic acid digestion check standard=101%
02/17/2010,Yellow Bay Knob @ Flathead Lake BioStation,Nitrogen (Total),TN,236.299,µg/l,,Legacy_AutoAnalyzer -- Nutrients,0,0,Deposition-Wet,723.4,QC: 20100325N Spikes: 106.515 Reps: 133.292; 132.122 Knowns: 101.338;Glutamic acid digestion check standard=101%
02/17/2010,Yellow Bay Knob @ Flathead Lake BioStation,Nitrogen (Total),TN,149.094,µg/l,,Legacy_AutoAnalyzer -- Nutrients,0,0,Deposition-Dry,933.9,QC: 20100325N Spikes: 106.515 Reps: 133.292; 132.122 Knowns: 101.338;Glutamic acid digestion check standard=101%
02/17/2010,Yellow Bay Knob @ Flathead Lake BioStation,Phosphorus (Total),TP,1.901,µg/l,,Legacy_AutoAnalyzer -- Nutrients,0,0,Deposition-Dry,933.9,QC: 20100323P Spikes: 98.771 Reps: 5.558; 4.803 Knowns: 90.367; 101.453; 97.676;
02/17/2010,Yellow Bay Knob @ Flathead Lake BioStation,Phosphorus (Total),TP,1.623,µg/l,,Legacy_AutoAnalyzer -- Nutrients,0,0,Deposition-Wet,723.4,QC: 20100323P Spikes: 98.771 Reps: 5.558; 4.803 Knowns: 90.367; 101.453; 97.676;
02/17/2010,Yellow Bay Knob @ Flathead Lake BioStation,Phosphorus (Total),TP,3.889,µg/l,,Legacy_AutoAnalyzer -- Nutrients,0,0,Deposition-Bulk,1400,QC: 20100323P Spikes: 98.771 Reps: 5.558; 4.803 Knowns: 90.367; 101.453; 97.676;
02/24/2010,Yellow Bay Knob @ Flathead Lake BioStation,Nitrogen (Total),TN,39.064,µg/l,,Legacy_AutoAnalyzer -- Nutrients,0,0,Deposition-Dry,933.9,QC: 20100325N Spikes: 106.515 Reps: 133.292; 132.122 Knowns: 101.338;Glutamic acid digestion check standard=101%
02/24/2010,Yellow Bay Knob @ Flathead Lake BioStation,Phosphorus (Total),TP,1.424,µg/l,,Legacy_AutoAnalyzer -- Nutrients,0,0,Deposition-Dry,933.9,QC: 20100323P Spikes: 98.771 Reps: 5.558; 4.803 Knowns: 90.367; 101.453; 97.676;
03/04/2010,Yellow Bay Knob @ Flathead Lake BioStation,Nitrogen (Total),TN,137.974,µg/l,,Legacy_AutoAnalyzer -- Nutrients,0,0,Deposition-Dry,1142.3,QC: 20100325N Spikes: 106.515 Reps: 133.292; 132.122 Knowns: 101.338;Glutamic acid digestion check standard=101%
03/04/2010,Yellow Bay Knob @ Flathead Lake BioStation,Phosphorus (Total),TP,2.418,µg/l,,Legacy_AutoAnalyzer -- Nutrients,0,0,Deposition-Dry,1142.3,QC: 20100323P Spikes: 98.771 Reps: 5.558; 4.803 Knowns: 90.367; 101.453; 97.676;
03/10/2010,Yellow Bay Knob @ Flathead Lake BioStation,Nitrogen (Total),TN,394.906,µg/l,,Legacy_AutoAnalyzer -- Nutrients,0,0,Deposition-Bulk,2200,QC: 20100325N Spikes: 106.515 Reps: 133.292; 132.122 Knowns: 101.338;Glutamic acid digestion check standard=101%
03/10/2010,Yellow Bay Knob @ Flathead Lake BioStation,Nitrogen (Total),TN,122.172,µg/l,,Legacy_AutoAnalyzer -- Nutrients,0,0,Deposition-Dry,1365.8,QC: 20100325N Spikes: 106.515 Reps: 133.292; 132.122 Knowns: 101.338;Glutamic acid digestion check standard=101%
03/10/2010,Yellow Bay Knob @ Flathead Lake BioStation,Nitrogen (Total),TN,317.066,µg/l,,Legacy_AutoAnalyzer -- Nutrients,0,0,Deposition-Wet,1320.7,QC: 20100325N Spikes: 106.515 Reps: 133.292; 132.122 Knowns: 101.338;Glutamic acid digestion check standard=101%
03/10/2010,Yellow Bay Knob @ Flathead Lake BioStation,Phosphorus (Total),TP,1.384,µg/l,,Legacy_AutoAnalyzer -- Nutrients,0,0,Deposition-Wet,1320.7,QC: 20100323P Spikes: 98.771 Reps: 5.558; 4.803 Knowns: 90.367; 101.453; 97.676;
03/10/2010,Yellow Bay Knob @ Flathead Lake BioStation,Phosphorus (Total),TP,2.06,µg/l,,Legacy_AutoAnalyzer -- Nutrients,0,0,Deposition-Dry,1365.8,QC: 20100323P Spikes: 98.771 Reps: 5.558; 4.803 Knowns: 90.367; 101.453; 97.676;
03/10/2010,Yellow Bay Knob @ Flathead Lake BioStation,Phosphorus (Total),TP,6.314,µg/l,,Legacy_AutoAnalyzer -- Nutrients,0,0,Deposition-Bulk,2200,QC: 20100323P Spikes: 98.771 Reps: 5.558; 4.803 Knowns: 90.367; 101.453; 97.676;
03/17/2010,Yellow Bay Knob @ Flathead Lake BioStation,Nitrogen (Total),TN,128.025,µg/l,,Legacy_AutoAnalyzer -- Nutrients,0,0,Deposition-Dry,672.1,QC: 20100325N Spikes: 106.515 Reps: 133.292; 132.122 Knowns: 101.338;Glutamic acid digestion check standard=101%
03/17/2010,Yellow Bay Knob @ Flathead Lake BioStation,Phosphorus (Total),TP,6.393,µg/l,,Legacy_AutoAnalyzer -- Nutrients,0,0,Deposition-Dry,672.1,QC: 20100323P Spikes: 98.771 Reps: 5.558; 4.803 Knowns: 90.367; 101.453; 97.676;
03/24/2010,Yellow Bay Knob @ Flathead Lake BioStation,Nitrogen (Total),TN,180.095,µg/l,,Legacy_AutoAnalyzer -- Nutrients,0,0,Deposition-Dry,889.7,QC: 20100505N Spikes: 105.234; 106.352 Reps: 125.792; 128.743; 232.037; 238.529 Knowns: 100.828; 102.363;Glutamic digestion check standard=101%
03/24/2010,Yellow Bay Knob @ Flathead Lake BioStation,Phosphorus (Total),TP,8.533,µg/l,,Legacy_AutoAnalyzer -- Nutrients,0,0,Deposition-Dry,889.7,QC: 20100420P Spikes: 104.160 Reps: 8.730; 7.587 Knowns: 106.027; 101.637; 93.133;
04/02/2010,Yellow Bay Knob @ Flathead Lake BioStation,Nitrogen (Total),TN,1266.43,µg/l,,Legacy_AutoAnalyzer -- Nutrients,0,0,Deposition-Bulk,800,QC: 20100505N Spikes: 105.234; 106.352 Reps: 125.792; 128.743; 232.037; 238.529 Knowns: 100.828; 102.363;Glutamic digestion check standard=101%
04/02/2010,Yellow Bay Knob @ Flathead Lake BioStation,Nitrogen (Total),TN,449.837,µg/l,,Legacy_AutoAnalyzer -- Nutrients,0,0,Deposition-Wet,561.7,QC: 20100505N Spikes: 105.234; 106.352 Reps: 125.792; 128.743; 232.037; 238.529 Knowns: 100.828; 102.363;Glutamic digestion check standard=101%
04/02/2010,Yellow Bay Knob @ Flathead Lake BioStation,Nitrogen (Total),TN,485.843,µg/l,,Legacy_AutoAnalyzer -- Nutrients,0,0,Deposition-Dry,1056.7,QC: 20100505N Spikes: 105.234; 106.352 Reps: 125.792; 128.743; 232.037; 238.529 Knowns: 100.828; 102.363;Glutamic digestion check standard=101%
04/02/2010,Yellow Bay Knob @ Flathead Lake BioStation,Phosphorus (Total),TP,10.268,µg/l,,Legacy_AutoAnalyzer -- Nutrients,0,0,Deposition-Dry,1056.7,QC: 20100420P Spikes: 104.160 Reps: 8.730; 7.587 Knowns: 106.027; 101.637; 93.133;
04/02/2010,Yellow Bay Knob @ Flathead Lake BioStation,Phosphorus (Total),TP,21.422,µg/l,,Legacy_AutoAnalyzer -- Nutrients,0,0,Deposition-Wet,561.7,QC: 20100420P Spikes: 104.160 Reps: 8.730; 7.587 Knowns: 106.027; 101.637; 93.133;
04/02/2010,Yellow Bay Knob @ Flathead Lake BioStation,Phosphorus (Total),TP,46.471,µg/l,,Legacy_AutoAnalyzer -- Nutrients,0,0,Deposition-Bulk,800,QC: 20100420P Spikes: 104.160 Reps: 8.730; 7.587 Knowns: 106.027; 101.637; 93.133;
04/07/2010,Yellow Bay Knob @ Flathead Lake BioStation,Nitrogen (Total),TN,226.134,µg/l,,Legacy_AutoAnalyzer -- Nutrients,0,0,Deposition-Dry,596.3,QC: 20100505N Spikes: 105.234; 106.352 Reps: 125.792; 128.743; 232.037; 238.529 Knowns: 100.828; 102.363;Glutamic digestion check standard=101%
04/07/2010,Yellow Bay Knob @ Flathead Lake BioStation,Phosphorus (Total),TP,8.415,µg/l,,Legacy_AutoAnalyzer -- Nutrients,0,0,Deposition-Dry,596.3,QC: 20100420P Spikes: 104.160 Reps: 8.730; 7.587 Knowns: 106.027; 101.637; 93.133;
04/16/2010,Yellow Bay Knob @ Flathead Lake BioStation,Nitrogen (Total),TN,484.072,µg/l,,Legacy_AutoAnalyzer -- Nutrients,0,0,Deposition-Bulk,3300,"collectors in on 02 IV 10 at 1000 hrs; -Rain and Snow Monday through Wednesday, very heavy on Tuesday with high winds at times. Dry and sunny Thursday and today.; -sample A: 5 midges and some pine needles, wood chips, and some other organics in sample; fi;QC: 20100505N Spikes: 105.234; 106.352 Reps: 125.792; 128.743; 232.037; 238.529 Knowns: 100.828; 102.363;Glutamic digestion check standard=101%"
04/16/2010,Yellow Bay Knob @ Flathead Lake BioStation,Nitrogen (Total),TN,318.803,µg/l,,Legacy_AutoAnalyzer -- Nutrients,0,0,Deposition-Dry,1089.9,QC: 20100505N Spikes: 105.234; 106.352 Reps: 125.792; 128.743; 232.037; 238.529 Knowns: 100.828; 102.363;Glutamic digestion check standard=101%
04/16/2010,Yellow Bay Knob @ Flathead Lake BioStation,Nitrogen (Total),TN,298.734,µg/l,,Legacy_AutoAnalyzer -- Nutrients,0,0,Deposition-Wet,2407.3,QC: 20100505N Spikes: 105.234; 106.352 Reps: 125.792; 128.743; 232.037; 238.529 Knowns: 100.828; 102.363;Glutamic digestion check standard=101%
04/16/2010,Yellow Bay Knob @ Flathead Lake BioStation,Phosphorus (Total),TP,5.38,µg/l,,Legacy_AutoAnalyzer -- Nutrients,0,0,Deposition-Wet,2407.3,QC: 20100420P Spikes: 104.160 Reps: 8.730; 7.587 Knowns: 106.027; 101.637; 93.133;
04/16/2010,Yellow Bay Knob @ Flathead Lake BioStation,Phosphorus (Total),TP,25.876,µg/l,,Legacy_AutoAnalyzer -- Nutrients,0,0,Deposition-Dry,1089.9,QC: 20100420P Spikes: 104.160 Reps: 8.730; 7.587 Knowns: 106.027; 101.637; 93.133;
04/16/2010,Yellow Bay Knob @ Flathead Lake BioStation,Phosphorus (Total),TP,15.51,µg/l,,Legacy_AutoAnalyzer -- Nutrients,0,0,Deposition-Bulk,3300,"collectors in on 02 IV 10 at 1000 hrs; -Rain and Snow Monday through Wednesday, very heavy on Tuesday with high winds at times. Dry and sunny Thursday and today.; -sample A: 5 midges and some pine needles, wood chips, and some other organics in sample; fi;QC: 20100420P Spikes: 104.160 Reps: 8.730; 7.587 Knowns: 106.027; 101.637; 93.133;"
04/21/2010,Yellow Bay Knob @ Flathead Lake BioStation,Nitrogen (Total),TN,258.007,µg/l,,Legacy_AutoAnalyzer -- Nutrients,0,0,Deposition-Dry,845.3,QC: 20100505N Spikes: 105.234; 106.352 Reps: 125.792; 128.743; 232.037; 238.529 Knowns: 100.828; 102.363;Glutamic digestion check standard=101%
04/21/2010,Yellow Bay Knob @ Flathead Lake BioStation,Phosphorus (Total),TP,25.306,µg/l,,Legacy_AutoAnalyzer -- Nutrients,0,0,Deposition-Dry,845.3,QC: 20100526P Spikes: 101.654; 105.246; 91.586 Reps: 6.758; 6.873; 7.526; 5.682; 13.132 Knowns: 102.920; 103.215; 91.900; 102.920;
04/30/2010,Yellow Bay Knob @ Flathead Lake BioStation,Nitrogen (Total),TN,412.652,µg/l,,Legacy_AutoAnalyzer -- Nutrients,0,0,Deposition-Bulk,5400,QC: 20100505N Spikes: 105.234; 106.352 Reps: 125.792; 128.743; 232.037; 238.529 Knowns: 100.828; 102.363;Glutamic digestion check standard=101%
04/30/2010,Yellow Bay Knob @ Flathead Lake BioStation,Nitrogen (Total),TN,202.524,µg/l,,Legacy_AutoAnalyzer -- Nutrients,0,0,Deposition-Wet,3589.4,QC: 20100505N Spikes: 105.234; 106.352 Reps: 125.792; 128.743; 232.037; 238.529 Knowns: 100.828; 102.363;Glutamic digestion check standard=101%
04/30/2010,Yellow Bay Knob @ Flathead Lake BioStation,Nitrogen (Total),TN,894.572,µg/l,,Legacy_AutoAnalyzer -- Nutrients,0,0,Deposition-Dry,1198,QC: 20100505N Spikes: 105.234; 106.352 Reps: 125.792; 128.743; 232.037; 238.529 Knowns: 100.828; 102.363;Glutamic digestion check standard=101%
04/30/2010,Yellow Bay Knob @ Flathead Lake BioStation,Phosphorus (Total),TP,92.237,µg/l,,Legacy_AutoAnalyzer -- Nutrients,0,0,Deposition-Dry,1198,QC: 20100526P Spikes: 101.654; 105.246; 91.586 Reps: 6.758; 6.873; 7.526; 5.682; 13.132 Knowns: 102.920; 103.215; 91.900; 102.920;
04/30/2010,Yellow Bay Knob @ Flathead Lake BioStation,Phosphorus (Total),TP,4.914,µg/l,,Legacy_AutoAnalyzer -- Nutrients,0,0,Deposition-Wet,3589.4,QC: 20100526P Spikes: 101.654; 105.246; 91.586 Reps: 6.758; 6.873; 7.526; 5.682; 13.132 Knowns: 102.920; 103.215; 91.900; 102.920;
04/30/2010,Yellow Bay Knob @ Flathead Lake BioStation,Phosphorus (Total),TP,40.803,µg/l,,Legacy_AutoAnalyzer -- Nutrients,0,0,Deposition-Bulk,5400,QC: 20100526P Spikes: 101.654; 105.246; 91.586 Reps: 6.758; 6.873; 7.526; 5.682; 13.132 Knowns: 102.920; 103.215; 91.900; 102.920;
05/07/2010,Yellow Bay Knob @ Flathead Lake BioStation,Nitrogen (Total),TN,358.557,µg/l,,Legacy_AutoAnalyzer -- Nutrients,0,0,Deposition-Dry,941,"Bucket in on 30 IV 10 at 0900 hrs.; -Some showers over the weekend and through the week. Mostly dry and overcast, with lows near freezing at times. Sun breaks today and yesterday.; -POLLEN, wind blown organics, 10 Diptera adults in sample; Filtered throug;QC: 20100528N Spikes: 104.803 Reps: 81.348; 80.814 Knowns: 102.156; 99.806;Glutamic acid digestion check standard=99%"
05/07/2010,Yellow Bay Knob @ Flathead Lake BioStation,Phosphorus (Total),TP,53.492,µg/l,,Legacy_AutoAnalyzer -- Nutrients,0,0,Deposition-Dry,941,"Bucket in on 30 IV 10 at 0900 hrs.; -Some showers over the weekend and through the week. Mostly dry and overcast, with lows near freezing at times. Sun breaks today and yesterday.; -POLLEN, wind blown organics, 10 Diptera adults in sample; Filtered throug;QC: 20100526P Spikes: 101.654; 105.246; 91.586 Reps: 6.758; 6.873; 7.526; 5.682; 13.132 Knowns: 102.920; 103.215; 91.900; 102.920;"
05/12/2010,Yellow Bay Knob @ Flathead Lake BioStation,Nitrogen (Total),TN,129.419,µg/l,,Legacy_AutoAnalyzer -- Nutrients,0,0,Deposition-Dry,1305.6,"Bucket in on 07 V 10 at 1000 hrs. ; -Starting to warm-up, occasional rain, POLLEN in the air; -~10 flies in the sample, filtered through 500 um mesh.;QC: 20100528N Spikes: 104.803 Reps: 81.348; 80.814 Knowns: 102.156; 99.806;Glutamic acid digestion check standard=99%"
05/12/2010,Yellow Bay Knob @ Flathead Lake BioStation,Nitrogen (Total),TN,442.948,µg/l,,Legacy_AutoAnalyzer -- Nutrients,0,0,Deposition-Wet,522.3,"Bucket in on 30 IV 10 at 0900 hrs; -Starting to warm up, occasional rain, POLLEN in the air; -~3 flies in sample;  filtered through 500 um mesh nitex; ****SNOW COLLECTORS WERE DRY; ****ENDING BULK PRECIP COLLECTION;QC: 20100528N Spikes: 104.803 Reps: 81.348; 80.814 Knowns: 102.156; 99.806;Glutamic acid digestion check standard=99%"
05/12/2010,Yellow Bay Knob @ Flathead Lake BioStation,Phosphorus (Total),TP,11.75,µg/l,,Legacy_AutoAnalyzer -- Nutrients,0,0,Deposition-Wet,522.3,"Bucket in on 30 IV 10 at 0900 hrs; -Starting to warm up, occasional rain, POLLEN in the air; -~3 flies in sample;  filtered through 500 um mesh nitex; ****SNOW COLLECTORS WERE DRY; ****ENDING BULK PRECIP COLLECTION;QC: 20100526P Spikes: 101.654; 105.246; 91.586 Reps: 6.758; 6.873; 7.526; 5.682; 13.132 Knowns: 102.920; 103.215; 91.900; 102.920;"
05/12/2010,Yellow Bay Knob @ Flathead Lake BioStation,Phosphorus (Total),TP,20.621,µg/l,,Legacy_AutoAnalyzer -- Nutrients,0,0,Deposition-Dry,1305.6,"Bucket in on 07 V 10 at 1000 hrs. ; -Starting to warm-up, occasional rain, POLLEN in the air; -~10 flies in the sample, filtered through 500 um mesh.;QC: 20100526P Spikes: 101.654; 105.246; 91.586 Reps: 6.758; 6.873; 7.526; 5.682; 13.132 Knowns: 102.920; 103.215; 91.900; 102.920;"
05/19/2010,Yellow Bay Knob @ Flathead Lake BioStation,Nitrogen (Total),TN,521.14,µg/l,,Legacy_AutoAnalyzer -- Nutrients,0,0,Deposition-Wet,777.2,"Bucket in on 12 V 10 at 0930 hrs.; -Warm and dry over the weekend and on Monday, heavy rain showers late-afternoon on Tuesday; dry today; -Sample clean; filtered through 500 micron mesh nitex;QC: 20100528N Spikes: 104.803 Reps: 81.348; 80.814 Knowns: 102.156; 99.806;Glutamic acid digestion check standard=99%"
05/19/2010,Yellow Bay Knob @ Flathead Lake BioStation,Nitrogen (Total),TN,622.258,µg/l,,Legacy_AutoAnalyzer -- Nutrients,0,0,Deposition-Dry,940.9,"Bucket in on 12 V 10 at 0930 hrs.; Warm and dry over the weekend and on Monday, heavy rain showers late-afternoon on Tuesday; dry today; -Sample with 2 bees; 1 flying beetle, POLLEN, and some veg.; filtered through 500 micron mesh nitex;QC: 20100528N Spikes: 104.803 Reps: 81.348; 80.814 Knowns: 102.156; 99.806;Glutamic acid digestion check standard=99%"
05/19/2010,Yellow Bay Knob @ Flathead Lake BioStation,Phosphorus (Total),TP,135.789,µg/l,,Legacy_AutoAnalyzer -- Nutrients,0,0,Deposition-Dry,940.9,"Bucket in on 12 V 10 at 0930 hrs.; Warm and dry over the weekend and on Monday, heavy rain showers late-afternoon on Tuesday; dry today; -Sample with 2 bees; 1 flying beetle, POLLEN, and some veg.; filtered through 500 micron mesh nitex;QC: 20100526P Spikes: 101.654; 105.246; 91.586 Reps: 6.758; 6.873; 7.526; 5.682; 13.132 Knowns: 102.920; 103.215; 91.900; 102.920;"
05/19/2010,Yellow Bay Knob @ Flathead Lake BioStation,Phosphorus (Total),TP,16.396,µg/l,,Legacy_AutoAnalyzer -- Nutrients,0,0,Deposition-Wet,777.2,"Bucket in on 12 V 10 at 0930 hrs.; -Warm and dry over the weekend and on Monday, heavy rain showers late-afternoon on Tuesday; dry today; -Sample clean; filtered through 500 micron mesh nitex;QC: 20100526P Spikes: 101.654; 105.246; 91.586 Reps: 6.758; 6.873; 7.526; 5.682; 13.132 Knowns: 102.920; 103.215; 91.900; 102.920;"
05/26/2010,Yellow Bay Knob @ Flathead Lake BioStation,Nitrogen (Total),TN,210.397,µg/l,,Legacy_AutoAnalyzer -- Nutrients,0,0,Deposition-Wet,448.4,Bucket in on 19 V 10 @ 1600 hrs.; -Lite debris and POLLEN; filtered through 500 micron mesh nitex; -Some showers over the weekend abd throughout the week; but mostly dry and warm;QC: 20100624N Spikes: 106.845 Knowns: 1.000;
05/26/2010,Yellow Bay Knob @ Flathead Lake BioStation,Nitrogen (Total),TN,398.194,µg/l,,Legacy_AutoAnalyzer -- Nutrients,0,0,Deposition-Dry,654.5,Bucket in on 19 V 10 @ 1600 hrs.; -Lite debris and POLLEN; filtered through 500 micron mesh nitex; -Some showers over the weekend abd throughout the week; but mostly dry and warm;QC: 20100624N Spikes: 106.845 Knowns: 1.000;
05/26/2010,Yellow Bay Knob @ Flathead Lake BioStation,Phosphorus (Total),TP,58.733,µg/l,,Legacy_AutoAnalyzer -- Nutrients,0,0,Deposition-Dry,654.5,Bucket in on 19 V 10 @ 1600 hrs.; -Lite debris and POLLEN; filtered through 500 micron mesh nitex; -Some showers over the weekend abd throughout the week; but mostly dry and warm;QC: 20100624P Spikes: 104.589 Reps: 11.571; 12.034 Knowns: 105.715; 103.447;
05/26/2010,Yellow Bay Knob @ Flathead Lake BioStation,Phosphorus (Total),TP,9.64,µg/l,,Legacy_AutoAnalyzer -- Nutrients,0,0,Deposition-Wet,448.4,Bucket in on 19 V 10 @ 1600 hrs.; -Lite debris and POLLEN; filtered through 500 micron mesh nitex; -Some showers over the weekend abd throughout the week; but mostly dry and warm;QC: 20100624P Spikes: 104.589 Reps: 11.571; 12.034 Knowns: 105.715; 103.447;
06/02/2010,Yellow Bay Knob @ Flathead Lake BioStation,Nitrogen (Total),TN,155.302,µg/l,,Legacy_AutoAnalyzer -- Nutrients,0,0,Deposition-Wet,2367,"Bucket in on 26 V 10 @ 1425 hrs.; -Lite debris; filtered through 500 micron mesh nitex; -Heavy rain over the weekend and showers this week; ~1 1/3"" from Friday through Monday.;QC: 20100624N Spikes: 106.845 Knowns: 1.000;"
06/02/2010,Yellow Bay Knob @ Flathead Lake BioStation,Nitrogen (Total),TN,163.004,µg/l,,Legacy_AutoAnalyzer -- Nutrients,0,0,Deposition-Dry,1765.9,"Bucket in on 26 V 10 @ 1425 hrs.; -Lite debris, 1 beetle, 1 inchworm, and POLLEN in the sample; filtered through 500 micron mesh nitex; -Heavy rain over the weekend and showers this week; ~1 1/3"" from Friday through Monday.;QC: 20100624N Spikes: 106.845 Knowns: 1.000;"
06/02/2010,Yellow Bay Knob @ Flathead Lake BioStation,Phosphorus (Total),TP,2.38,µg/l,,Legacy_AutoAnalyzer -- Nutrients,0,0,Deposition-Dry,1765.9,"Bucket in on 26 V 10 @ 1425 hrs.; -Lite debris, 1 beetle, 1 inchworm, and POLLEN in the sample; filtered through 500 micron mesh nitex; -Heavy rain over the weekend and showers this week; ~1 1/3"" from Friday through Monday.;QC: 20100624P Spikes: 104.589 Reps: 11.571; 12.034 Knowns: 105.715; 103.447;"
06/02/2010,Yellow Bay Knob @ Flathead Lake BioStation,Phosphorus (Total),TP,2.187,µg/l,,Legacy_AutoAnalyzer -- Nutrients,0,0,Deposition-Wet,2367,"Bucket in on 26 V 10 @ 1425 hrs.; -Lite debris; filtered through 500 micron mesh nitex; -Heavy rain over the weekend and showers this week; ~1 1/3"" from Friday through Monday.;QC: 20100624P Spikes: 104.589 Reps: 11.571; 12.034 Knowns: 105.715; 103.447;"
06/07/2010,Yellow Bay Knob @ Flathead Lake BioStation,Nitrogen (Total),TN,135.16,µg/l,,Legacy_AutoAnalyzer -- Nutrients,0,0,Deposition-Wet,1236.9,"Bucket in on 02 VI 10 @ 1430 hrs.; -Appears clean but lots of POLLEN in the air and on the ground; filtered through 500 micron mesh nitex; ****POLLEN on the filter; -Heavy rain at times over the weekend and the later part of last week; ~1/2"" from Wednesd;QC: 20100624N Spikes: 106.845 Knowns: 1.000;"
06/07/2010,Yellow Bay Knob @ Flathead Lake BioStation,Nitrogen (Total),TN,133.975,µg/l,,Legacy_AutoAnalyzer -- Nutrients,0,0,Deposition-Dry,1459.7,"Bucket in on 02 VI 10 @ 1430 hrs.; Lite debris; POLLEN; 1 beetle in the sample; filtered through 500 micron mesh nitex; -Heavy rain at times over the weekend and the later part of last week; ~1/2"" from Wednesday through today.;QC: 20100624N Spikes: 106.845 Knowns: 1.000;"
06/07/2010,Yellow Bay Knob @ Flathead Lake BioStation,Phosphorus (Total),TP,15.394,µg/l,,Legacy_AutoAnalyzer -- Nutrients,0,0,Deposition-Dry,1459.7,"Bucket in on 02 VI 10 @ 1430 hrs.; Lite debris; POLLEN; 1 beetle in the sample; filtered through 500 micron mesh nitex; -Heavy rain at times over the weekend and the later part of last week; ~1/2"" from Wednesday through today.;QC: 20100624P Spikes: 104.589 Reps: 11.571; 12.034 Knowns: 105.715; 103.447;"
06/07/2010,Yellow Bay Knob @ Flathead Lake BioStation,Phosphorus (Total),TP,3.539,µg/l,,Legacy_AutoAnalyzer -- Nutrients,0,0,Deposition-Wet,1236.9,"Bucket in on 02 VI 10 @ 1430 hrs.; -Appears clean but lots of POLLEN in the air and on the ground; filtered through 500 micron mesh nitex; ****POLLEN on the filter; -Heavy rain at times over the weekend and the later part of last week; ~1/2"" from Wednesd;QC: 20100624P Spikes: 104.589 Reps: 11.571; 12.034 Knowns: 105.715; 103.447;"
06/18/2010,Yellow Bay Knob @ Flathead Lake BioStation,Nitrogen (Total),TN,1553.1,µg/l,,Legacy_AutoAnalyzer -- Nutrients,0,0,Deposition-Dry,531.9,"Some rain ~10 days ago, heavy rain the last 2 days; few flies and LOTS of POLLEN in the sample; filtered through 500 micron mesh nitex;QC: 20100624N Spikes: 106.845 Knowns: 1.000;"
06/18/2010,Yellow Bay Knob @ Flathead Lake BioStation,Nitrogen (Total),TN,240.018,µg/l,,Legacy_AutoAnalyzer -- Nutrients,0,0,Deposition-Wet,3850.3,Some rain ~10 days ago; heavy rain the last 2 days; Few beetles and some pollen in sample; Filtered through 500 micron mesh nitex.;QC: 20100624N Spikes: 106.845 Knowns: 1.000;
06/18/2010,Yellow Bay Knob @ Flathead Lake BioStation,Phosphorus (Total),TP,15.819,µg/l,,Legacy_AutoAnalyzer -- Nutrients,0,0,Deposition-Wet,3850.3,Some rain ~10 days ago; heavy rain the last 2 days; Few beetles and some pollen in sample; Filtered through 500 micron mesh nitex.;QC: 20100624P Spikes: 104.589 Reps: 11.571; 12.034 Knowns: 105.715; 103.447;
06/18/2010,Yellow Bay Knob @ Flathead Lake BioStation,Phosphorus (Total),TP,139.428,µg/l,,Legacy_AutoAnalyzer -- Nutrients,0,0,Deposition-Dry,531.9,"Some rain ~10 days ago, heavy rain the last 2 days; few flies and LOTS of POLLEN in the sample; filtered through 500 micron mesh nitex;QC: 20100624P Spikes: 104.589 Reps: 11.571; 12.034 Knowns: 105.715; 103.447;"
06/22/2010,Yellow Bay Knob @ Flathead Lake BioStation,Nitrogen (Total),TN,124.496,µg/l,,Legacy_AutoAnalyzer -- Nutrients,0,0,Deposition-Dry,1630.3,"Bucket in on 18 VI 10 at 0930 hrs; -Some midges in sample and organics (catkins, pine needles); filtered through 500 micron mesh nitex; POLLEN on filter; -Dry over the weekend; began raining Sunday night through Monday; dry Tuesday;QC: 20100624N Spikes: 106.845 Knowns: 1.000;"
06/22/2010,Yellow Bay Knob @ Flathead Lake BioStation,Nitrogen (Total),TN,216.914,µg/l,,Legacy_AutoAnalyzer -- Nutrients,0,0,Deposition-Wet,976.7,"Bucket in on 18 VI 10 at 0930 hrs; -Clean of debris, but filtered through 500 micron mesh nitex; some POLLEN on filter; -Dry over the weekend; began raining Sunday night through Monday; dry Tuesday;QC: 20100624N Spikes: 106.845 Knowns: 1.000;"
06/22/2010,Yellow Bay Knob @ Flathead Lake BioStation,Phosphorus (Total),TP,3.925,µg/l,,Legacy_AutoAnalyzer -- Nutrients,0,0,Deposition-Wet,976.7,"Bucket in on 18 VI 10 at 0930 hrs; -Clean of debris, but filtered through 500 micron mesh nitex; some POLLEN on filter; -Dry over the weekend; began raining Sunday night through Monday; dry Tuesday;QC: 20100624P Spikes: 104.589 Reps: 11.571; 12.034 Knowns: 105.715; 103.447;"
06/22/2010,Yellow Bay Knob @ Flathead Lake BioStation,Phosphorus (Total),TP,13.849,µg/l,,Legacy_AutoAnalyzer -- Nutrients,0,0,Deposition-Dry,1630.3,"Bucket in on 18 VI 10 at 0930 hrs; -Some midges in sample and organics (catkins, pine needles); filtered through 500 micron mesh nitex; POLLEN on filter; -Dry over the weekend; began raining Sunday night through Monday; dry Tuesday;QC: 20100624P Spikes: 104.589 Reps: 11.571; 12.034 Knowns: 105.715; 103.447;"
07/06/2010,Yellow Bay Knob @ Flathead Lake BioStation,Nitrogen (Total),TN,405.027,µg/l,,Legacy_AutoAnalyzer -- Nutrients,0,0,Deposition-Wet,897,Bucket in 22VI10 @ 1430 hours.  Sample has pollen in it.  Cloudy and cool with scattered rain last 5 days.;QC: 20100812N Spikes: 109.598 Reps: 136.691; 125.980 Knowns: 100.623;
07/06/2010,Yellow Bay Knob @ Flathead Lake BioStation,Nitrogen (Total),TN,531.866,µg/l,,Legacy_AutoAnalyzer -- Nutrients,0,0,Deposition-Dry,733.1,"Bucket in 22VI10 @ 1430 hours.  Bucket completely dry.  Addsd DI water, let it soak for 20min, swirreled for 2-5 min, then filtered through 500um mesh.  Two flies, light debris and pollen in sample.;QC: 20100812N Spikes: 109.598 Reps: 136.691; 125.980 Knowns: 100.623;"
07/06/2010,Yellow Bay Knob @ Flathead Lake BioStation,Phosphorus (Total),TP,203.417,µg/l,,Legacy_AutoAnalyzer -- Nutrients,0,0,Deposition-Dry,733.1,"Bucket in 22VI10 @ 1430 hours.  Bucket completely dry.  Addsd DI water, let it soak for 20min, swirreled for 2-5 min, then filtered through 500um mesh.  Two flies, light debris and pollen in sample.;QC: 20100720P Reps: 5.424; 5.619 Knowns: 99.428;"
07/06/2010,Yellow Bay Knob @ Flathead Lake BioStation,Phosphorus (Total),TP,15.191,µg/l,,Legacy_AutoAnalyzer -- Nutrients,0,0,Deposition-Wet,897,Bucket in 22VI10 @ 1430 hours.  Sample has pollen in it.  Cloudy and cool with scattered rain last 5 days.;QC: 20100720P Reps: 5.424; 5.619 Knowns: 99.428;
07/13/2010,Yellow Bay Knob @ Flathead Lake BioStation,Nitrogen (Total),TN,669.009,µg/l,,Legacy_AutoAnalyzer -- Nutrients,0,0,Deposition-Dry,414.6,"Bucket in 06 VII 10 at 1000 hrs. ; Warm and sunny all week, very high winds yesterday ; -Lots of fine debris and few flies in sample, filtered through 500 um mesh;QC: 20100812N Spikes: 109.598 Reps: 136.691; 125.980 Knowns: 100.623;"
07/13/2010,Yellow Bay Knob @ Flathead Lake BioStation,Phosphorus (Total),TP,170.406,µg/l,,Legacy_AutoAnalyzer -- Nutrients,0,0,Deposition-Dry,414.6,"Bucket in 06 VII 10 at 1000 hrs. ; Warm and sunny all week, very high winds yesterday ; -Lots of fine debris and few flies in sample, filtered through 500 um mesh;QC: 20100720P Reps: 5.424; 5.619 Knowns: 99.428;"
07/21/2010,Yellow Bay Knob @ Flathead Lake BioStation,Nitrogen (Total),TN,231.962,µg/l,,Legacy_AutoAnalyzer -- Nutrients,0,0,Deposition-Dry,804.6,"Bucket in on 13VII10 @ 0830 hours.  Warm and sunny over the weekend.  Thunderstorms at times 2 days ago with showers, moderate to high winds at times.  Lots of fines and some pollen, flies and some larger organics filtered through 500um mesh.;QC: 20100812N Spikes: 109.598 Reps: 136.691; 125.980 Knowns: 100.623;"
07/21/2010,Yellow Bay Knob @ Flathead Lake BioStation,Phosphorus (Total),TP,37.753,µg/l,,Legacy_AutoAnalyzer -- Nutrients,0,0,Deposition-Dry,804.6,"Bucket in on 13VII10 @ 0830 hours.  Warm and sunny over the weekend.  Thunderstorms at times 2 days ago with showers, moderate to high winds at times.  Lots of fines and some pollen, flies and some larger organics filtered through 500um mesh.;QC: 20100816P Spikes: 109.196 Reps: 12.662; 12.305 Knowns: 104.021;"
07/28/2010,Yellow Bay Knob @ Flathead Lake BioStation,Nitrogen (Total),TN,383.041,µg/l,,Legacy_AutoAnalyzer -- Nutrients,0,0,Deposition-Dry,692.4,"Bucket in on 21VII10 @ 1030 hours.  Mostly warm and sunny, some high winds, some light rain.  Sample with some dipterans in it and 2 coleoptera, lots of organics from wind, filtered through 500 um mesh.;QC: 20100812N Spikes: 109.598 Reps: 136.691; 125.980 Knowns: 100.623;"
07/28/2010,Yellow Bay Knob @ Flathead Lake BioStation,Phosphorus (Total),TP,89.169,µg/l,,Legacy_AutoAnalyzer -- Nutrients,0,0,Deposition-Dry,692.4,"Bucket in on 21VII10 @ 1030 hours.  Mostly warm and sunny, some high winds, some light rain.  Sample with some dipterans in it and 2 coleoptera, lots of organics from wind, filtered through 500 um mesh.;QC: 20100816P Spikes: 109.196 Reps: 12.662; 12.305 Knowns: 104.021;"
08/02/2010,Yellow Bay Knob @ Flathead Lake BioStation,Nitrogen (Total),TN,203.211,µg/l,,Legacy_AutoAnalyzer -- Nutrients,0,0,Deposition-Dry,1067.5,QC: 20100812N Spikes: 109.598 Reps: 136.691; 125.980 Knowns: 100.623;
08/02/2010,Yellow Bay Knob @ Flathead Lake BioStation,Nitrogen (Total),TN,561.279,µg/l,,Legacy_AutoAnalyzer -- Nutrients,0,0,Deposition-Wet,2233.4,"Bucket in 06VII10 @ 1000 hours.  Partly cloudy last week, thunderstorms last 2 days.  Also scattered light rain over last month (too small to sample).  Few bugs, light debris in sample, filtered hrough 500 um mesh.  Apperars to be some microbial growth on;QC: 20100812N Spikes: 109.598 Reps: 136.691; 125.980 Knowns: 100.623;"
08/02/2010,Yellow Bay Knob @ Flathead Lake BioStation,Phosphorus (Total),TP,36.728,µg/l,,Legacy_AutoAnalyzer -- Nutrients,0,0,Deposition-Wet,2233.4,"Bucket in 06VII10 @ 1000 hours.  Partly cloudy last week, thunderstorms last 2 days.  Also scattered light rain over last month (too small to sample).  Few bugs, light debris in sample, filtered hrough 500 um mesh.  Apperars to be some microbial growth on;QC: 20100816P Spikes: 109.196 Reps: 12.662; 12.305 Knowns: 104.021;"
08/02/2010,Yellow Bay Knob @ Flathead Lake BioStation,Phosphorus (Total),TP,12.662,µg/l,,Legacy_AutoAnalyzer -- Nutrients,0,0,Deposition-Dry,1067.5,QC: 20100816P Spikes: 109.196 Reps: 12.662; 12.305 Knowns: 104.021;
08/12/2010,Yellow Bay Knob @ Flathead Lake BioStation,Nitrogen (Total),TN,910.366,µg/l,,Legacy_AutoAnalyzer -- Nutrients,0,0,Deposition-Dry,790.7,QC: 20100928N Spikes: 103.116 Reps: 207.334; 212.500; 69.563; 75.878 Knowns: 93.934; 101.167;
08/12/2010,Yellow Bay Knob @ Flathead Lake BioStation,Phosphorus (Total),TP,101.84,µg/l,,Legacy_AutoAnalyzer -- Nutrients,0,0,Deposition-Dry,790.7,QC: 20101021P Spikes: 91.898; 91.312 Reps: 3.491; 3.712; 4.264; 3.270 Knowns: 97.050; 90.732; 98.461;
08/16/2010,Yellow Bay Knob @ Flathead Lake BioStation,Nitrogen (Total),TN,51.194,µg/l,,Legacy_AutoAnalyzer -- Nutrients,0,0,Deposition-Dry,1272.9,"Bucket in 12VIII10 @ 0830 hours.  Warm with scattered thunderstorms, BC smoke gone from valley.  Very little debris, few gnats, filtered throgh 500um mesh.;QC: 20100928N Spikes: 103.116 Reps: 207.334; 212.500; 69.563; 75.878 Knowns: 93.934; 101.167;"
08/16/2010,Yellow Bay Knob @ Flathead Lake BioStation,Nitrogen (Total),TN,360.603,µg/l,,Legacy_AutoAnalyzer -- Nutrients,0,0,Deposition-Wet,1019.3,"Bucket in 02VIII10 @ 1000 hours.  Thunderstorms 2-3 days ago, warm with scattered clouds rest of the time.  Very little debris, no bugs, filtered through 500um mesh.;QC: 20100928N Spikes: 103.116 Reps: 207.334; 212.500; 69.563; 75.878 Knowns: 93.934; 101.167;"
08/16/2010,Yellow Bay Knob @ Flathead Lake BioStation,Phosphorus (Total),TP,7.595,µg/l,,Legacy_AutoAnalyzer -- Nutrients,0,0,Deposition-Wet,1019.3,"Bucket in 02VIII10 @ 1000 hours.  Thunderstorms 2-3 days ago, warm with scattered clouds rest of the time.  Very little debris, no bugs, filtered through 500um mesh.;QC: 20100921P Spikes: 92.728 Reps: 11.215; 11.294; 6.179; 6.769 Knowns: 104.250; 99.422; 100.479;"
08/16/2010,Yellow Bay Knob @ Flathead Lake BioStation,Phosphorus (Total),TP,7.359,µg/l,,Legacy_AutoAnalyzer -- Nutrients,0,0,Deposition-Dry,1272.9,"Bucket in 12VIII10 @ 0830 hours.  Warm with scattered thunderstorms, BC smoke gone from valley.  Very little debris, few gnats, filtered throgh 500um mesh.;QC: 20100921P Spikes: 92.728 Reps: 11.215; 11.294; 6.179; 6.769 Knowns: 104.250; 99.422; 100.479;"
08/25/2010,Yellow Bay Knob @ Flathead Lake BioStation,Nitrogen (Total),TN,549.464,µg/l,,Legacy_AutoAnalyzer -- Nutrients,0,0,Deposition-Dry,933.1,QC: 20100928N Spikes: 103.116 Reps: 207.334; 212.500; 69.563; 75.878 Knowns: 93.934; 101.167;
08/25/2010,Yellow Bay Knob @ Flathead Lake BioStation,Phosphorus (Total),TP,131.936,µg/l,,Legacy_AutoAnalyzer -- Nutrients,0,0,Deposition-Dry,933.1,QC: 20100921P Spikes: 92.728 Reps: 11.215; 11.294; 6.179; 6.769 Knowns: 104.250; 99.422; 100.479;
08/30/2010,Yellow Bay Knob @ Flathead Lake BioStation,Nitrogen (Total),TN,130.986,µg/l,,Legacy_AutoAnalyzer -- Nutrients,0,0,Deposition-Dry,1257.3,"Bucket in 25VIII10 @ 0930 hours.  About 2 days of mild smoke in vallet from fires in Idaho.  Very light debris, no bugs in sample, filtered through 500um mesh.;QC: 20100928N Spikes: 103.116 Reps: 207.334; 212.500; 69.563; 75.878 Knowns: 93.934; 101.167;"
08/30/2010,Yellow Bay Knob @ Flathead Lake BioStation,Nitrogen (Total),TN,203.889,µg/l,,Legacy_AutoAnalyzer -- Nutrients,0,0,Deposition-Wet,1987.9,"Bucket in 16VIII10 @ 1015 hours.  Rain all day yesterday, light dust and 2 midges in sample, filtered through 500um mesh.;QC: 20100928N Spikes: 103.116 Reps: 207.334; 212.500; 69.563; 75.878 Knowns: 93.934; 101.167;"
08/30/2010,Yellow Bay Knob @ Flathead Lake BioStation,Phosphorus (Total),TP,9.563,µg/l,,Legacy_AutoAnalyzer -- Nutrients,0,0,Deposition-Wet,1987.9,"Bucket in 16VIII10 @ 1015 hours.  Rain all day yesterday, light dust and 2 midges in sample, filtered through 500um mesh.;QC: 20100921P Spikes: 92.728 Reps: 11.215; 11.294; 6.179; 6.769 Knowns: 104.250; 99.422; 100.479;"
08/30/2010,Yellow Bay Knob @ Flathead Lake BioStation,Phosphorus (Total),TP,21.09,µg/l,,Legacy_AutoAnalyzer -- Nutrients,0,0,Deposition-Dry,1257.3,"Bucket in 25VIII10 @ 0930 hours.  About 2 days of mild smoke in vallet from fires in Idaho.  Very light debris, no bugs in sample, filtered through 500um mesh.;QC: 20100921P Spikes: 92.728 Reps: 11.215; 11.294; 6.179; 6.769 Knowns: 104.250; 99.422; 100.479;"
09/02/2010,Yellow Bay Knob @ Flathead Lake BioStation,Nitrogen (Total),TN,361.177,µg/l,,Legacy_AutoAnalyzer -- Nutrients,0,0,Deposition-Wet,361.3,"Bucket in 30VIII10 @ 0930 hours.  Scattered rain and thunderstorms last 2 days.  Very clean sample, no bugs or debris, filtered through 500um mesh.;QC: 20100928N Spikes: 103.116 Reps: 207.334; 212.500; 69.563; 75.878 Knowns: 93.934; 101.167;"
09/02/2010,Yellow Bay Knob @ Flathead Lake BioStation,Phosphorus (Total),TP,9.169,µg/l,,Legacy_AutoAnalyzer -- Nutrients,0,0,Deposition-Wet,361.3,"Bucket in 30VIII10 @ 0930 hours.  Scattered rain and thunderstorms last 2 days.  Very clean sample, no bugs or debris, filtered through 500um mesh.;QC: 20100921P Spikes: 92.728 Reps: 11.215; 11.294; 6.179; 6.769 Knowns: 104.250; 99.422; 100.479;"
09/07/2010,Yellow Bay Knob @ Flathead Lake BioStation,Nitrogen (Total),TN,236.036,µg/l,,Legacy_AutoAnalyzer -- Nutrients,0,0,Deposition-Dry,814.9,"Bucket in 30VIII10 @ 0930 hours.  Mix of clouds, wind and rain last week (trace precip since 021X10).  2 pine needles, 1 gnat and a few fine organics in sample, filtered through 500um mesh.;QC: 20100928N Spikes: 103.116 Reps: 207.334; 212.500; 69.563; 75.878 Knowns: 93.934; 101.167;"
09/07/2010,Yellow Bay Knob @ Flathead Lake BioStation,Phosphorus (Total),TP,17.235,µg/l,,Legacy_AutoAnalyzer -- Nutrients,0,0,Deposition-Dry,814.9,"Bucket in 30VIII10 @ 0930 hours.  Mix of clouds, wind and rain last week (trace precip since 021X10).  2 pine needles, 1 gnat and a few fine organics in sample, filtered through 500um mesh.;QC: 20100921P Spikes: 92.728 Reps: 11.215; 11.294; 6.179; 6.769 Knowns: 104.250; 99.422; 100.479;"
09/14/2010,Yellow Bay Knob @ Flathead Lake BioStation,Nitrogen (Total),TN,130.986,µg/l,,Legacy_AutoAnalyzer -- Nutrients,0,0,Deposition-Dry,1530.5,"Bucket in 07IX10 @ 1000 hours.  Cool, mostly cloudy and rainy for last week.  1 bee and a few organics in sample, filtered through 500um mesh.;QC: 20100928N Spikes: 103.116 Reps: 207.334; 212.500; 69.563; 75.878 Knowns: 93.934; 101.167;"
09/14/2010,Yellow Bay Knob @ Flathead Lake BioStation,Nitrogen (Total),TN,418.582,µg/l,,Legacy_AutoAnalyzer -- Nutrients,0,0,Deposition-Wet,964.2,"Bucket in 02IX10 @ 1400 hours.  Cool, mostly cloudy and rainy for last week (sunny yesterday).  Few gnats in sample, filtered through 500um mesh.;QC: 20100928N Spikes: 103.116 Reps: 207.334; 212.500; 69.563; 75.878 Knowns: 93.934; 101.167;"
09/14/2010,Yellow Bay Knob @ Flathead Lake BioStation,Phosphorus (Total),TP,13.222,µg/l,,Legacy_AutoAnalyzer -- Nutrients,0,0,Deposition-Wet,964.2,"Bucket in 02IX10 @ 1400 hours.  Cool, mostly cloudy and rainy for last week (sunny yesterday).  Few gnats in sample, filtered through 500um mesh.;QC: 20100921P Spikes: 92.728 Reps: 11.215; 11.294; 6.179; 6.769 Knowns: 104.250; 99.422; 100.479;"
09/14/2010,Yellow Bay Knob @ Flathead Lake BioStation,Phosphorus (Total),TP,12.041,µg/l,,Legacy_AutoAnalyzer -- Nutrients,0,0,Deposition-Dry,1530.5,"Bucket in 07IX10 @ 1000 hours.  Cool, mostly cloudy and rainy for last week.  1 bee and a few organics in sample, filtered through 500um mesh.;QC: 20100921P Spikes: 92.728 Reps: 11.215; 11.294; 6.179; 6.769 Knowns: 104.250; 99.422; 100.479;"
09/22/2010,Yellow Bay Knob @ Flathead Lake BioStation,Nitrogen (Total),TN,136.152,µg/l,,Legacy_AutoAnalyzer -- Nutrients,0,0,Deposition-Dry,1787.2,"Bucket in 14IX10 @ 0900 hours.  Cloudy, cool and rainy all last week.  2 flies and light organics in sample, filtered through 500um mesh.;QC: 20100928N Spikes: 103.116 Reps: 207.334; 212.500; 69.563; 75.878 Knowns: 93.934; 101.167;"
09/22/2010,Yellow Bay Knob @ Flathead Lake BioStation,Nitrogen (Total),TN,269.904,µg/l,,Legacy_AutoAnalyzer -- Nutrients,0,0,Deposition-Wet,1468.6,"Bucket in 14IX10 @ 0900 hours.  Cloudy, cool and rainy all last week.  1 midge and light organics in sample, filtered through 500um mesh.;QC: 20100928N Spikes: 103.116 Reps: 207.334; 212.500; 69.563; 75.878 Knowns: 93.934; 101.167;"
09/22/2010,Yellow Bay Knob @ Flathead Lake BioStation,Phosphorus (Total),TP,8.495,µg/l,,Legacy_AutoAnalyzer -- Nutrients,0,0,Deposition-Wet,1468.6,"Bucket in 14IX10 @ 0900 hours.  Cloudy, cool and rainy all last week.  1 midge and light organics in sample, filtered through 500um mesh.;QC: 20101021P Spikes: 91.898; 91.312 Reps: 3.491; 3.712; 4.264; 3.270 Knowns: 97.050; 90.732; 98.461;"
09/22/2010,Yellow Bay Knob @ Flathead Lake BioStation,Phosphorus (Total),TP,7.98,µg/l,,Legacy_AutoAnalyzer -- Nutrients,0,0,Deposition-Dry,1787.2,"Bucket in 14IX10 @ 0900 hours.  Cloudy, cool and rainy all last week.  2 flies and light organics in sample, filtered through 500um mesh.;QC: 20101021P Spikes: 91.898; 91.312 Reps: 3.491; 3.712; 4.264; 3.270 Knowns: 97.050; 90.732; 98.461;"
09/29/2010,Yellow Bay Knob @ Flathead Lake BioStation,Nitrogen (Total),TN,652.815,µg/l,,Legacy_AutoAnalyzer -- Nutrients,0,0,Deposition-Dry,916.9,"Bucket in 22IX10 @ 1030 hours.  Warm, partly cloudy t sunny for last week.  1 wasp and moderate organics in sample.  Filtered through 500um mesh.  Chem filtering very slow, fines clogging the filter.;QC: 20101110N Spikes: 102.783; 108.316; 0.000 Reps: 104.660; 120.417; 453.054; 453.054; 812.281; 831.042 Knowns: 98.898; 99.715; 99.598;"
09/29/2010,Yellow Bay Knob @ Flathead Lake BioStation,Phosphorus (Total),TP,87.383,µg/l,,Legacy_AutoAnalyzer -- Nutrients,0,0,Deposition-Dry,916.9,"Bucket in 22IX10 @ 1030 hours.  Warm, partly cloudy t sunny for last week.  1 wasp and moderate organics in sample.  Filtered through 500um mesh.  Chem filtering very slow, fines clogging the filter.;QC: 20101021P Spikes: 91.898; 91.312 Reps: 3.491; 3.712; 4.264; 3.270 Knowns: 97.050; 90.732; 98.461;"
10/05/2010,Yellow Bay Knob @ Flathead Lake BioStation,Nitrogen (Total),TN,295.489,µg/l,,Legacy_AutoAnalyzer -- Nutrients,0,0,Deposition-Dry,1130,"Bucket in 29IX10 @ 1030 hours.  Warm, clear to partly cloudy until yesterdy then heavy showers. 2 hymenopterans and some fine organics in samle, filtered through 500um mesh.  October 1 was open burning FIRES AT FLBS.;QC: 20101110N Spikes: 102.783; 108.316; 0.000 Reps: 104.660; 120.417; 453.054; 453.054; 812.281; 831.042 Knowns: 98.898; 99.715; 99.598;"
10/05/2010,Yellow Bay Knob @ Flathead Lake BioStation,Nitrogen (Total),TN,691.379,µg/l,,Legacy_AutoAnalyzer -- Nutrients,0,0,Deposition-Wet,362,"Bucket in 22IX10 @ 1030 hours.  Heavy rain yesterday.  1 dipteran in sample filtered through 500 um mesh.  Open burning started October 1st, FIRES AT FLBS;QC: 20101110N Spikes: 102.783; 108.316; 0.000 Reps: 104.660; 120.417; 453.054; 453.054; 812.281; 831.042 Knowns: 98.898; 99.715; 99.598;"
10/05/2010,Yellow Bay Knob @ Flathead Lake BioStation,Phosphorus (Total),TP,71.611,µg/l,,Legacy_AutoAnalyzer -- Nutrients,0,0,Deposition-Wet,362,"Bucket in 22IX10 @ 1030 hours.  Heavy rain yesterday.  1 dipteran in sample filtered through 500 um mesh.  Open burning started October 1st, FIRES AT FLBS;QC: 20101021P Spikes: 91.898; 91.312 Reps: 3.491; 3.712; 4.264; 3.270 Knowns: 97.050; 90.732; 98.461;"
10/05/2010,Yellow Bay Knob @ Flathead Lake BioStation,Phosphorus (Total),TP,74.24,µg/l,,Legacy_AutoAnalyzer -- Nutrients,0,0,Deposition-Dry,1130,"Bucket in 29IX10 @ 1030 hours.  Warm, clear to partly cloudy until yesterdy then heavy showers. 2 hymenopterans and some fine organics in samle, filtered through 500um mesh.  October 1 was open burning FIRES AT FLBS.;QC: 20101021P Spikes: 91.898; 91.312 Reps: 3.491; 3.712; 4.264; 3.270 Knowns: 97.050; 90.732; 98.461;"
10/12/2010,Yellow Bay Knob @ Flathead Lake BioStation,Nitrogen (Total),TN,283.817,µg/l,,Legacy_AutoAnalyzer -- Nutrients,0,0,Deposition-Dry,983.8,"Bucket in 05X10 @ 1300 hours.  Large moth, yellow jacket and P.pine needles in sample.  Filtered through 500um mesh.;QC: 20101110N Spikes: 102.783; 108.316; 0.000 Reps: 104.660; 120.417; 453.054; 453.054; 812.281; 831.042 Knowns: 98.898; 99.715; 99.598;"
10/12/2010,Yellow Bay Knob @ Flathead Lake BioStation,Nitrogen (Total),TN,265.143,µg/l,,Legacy_AutoAnalyzer -- Nutrients,0,0,Deposition-Wet,511.6,Bucket in 05X10 @ 1300 hours.  Rain about 4 days ago trace precip yesterday.  Fine organics in sample.  Filtered through 500um mesh.;QC: 20101110N Spikes: 102.783; 108.316; 0.000 Reps: 104.660; 120.417; 453.054; 453.054; 812.281; 831.042 Knowns: 98.898; 99.715; 99.598;
10/12/2010,Yellow Bay Knob @ Flathead Lake BioStation,Phosphorus (Total),TP,5.515,µg/l,,Legacy_AutoAnalyzer -- Nutrients,0,0,Deposition-Wet,511.6,Bucket in 05X10 @ 1300 hours.  Rain about 4 days ago trace precip yesterday.  Fine organics in sample.  Filtered through 500um mesh.;QC: 20101021P Spikes: 91.898; 91.312 Reps: 3.491; 3.712; 4.264; 3.270 Knowns: 97.050; 90.732; 98.461;
10/12/2010,Yellow Bay Knob @ Flathead Lake BioStation,Phosphorus (Total),TP,45.993,µg/l,,Legacy_AutoAnalyzer -- Nutrients,0,0,Deposition-Dry,983.8,"Bucket in 05X10 @ 1300 hours.  Large moth, yellow jacket and P.pine needles in sample.  Filtered through 500um mesh.;QC: 20101021P Spikes: 91.898; 91.312 Reps: 3.491; 3.712; 4.264; 3.270 Knowns: 97.050; 90.732; 98.461;"
10/20/2010,Yellow Bay Knob @ Flathead Lake BioStation,Nitrogen (Total),TN,59.725,µg/l,,Legacy_AutoAnalyzer -- Nutrients,0,0,Deposition-Dry,1368.2,"Bucket in 12X10 @ 1000 hours.  Cool, mostly sunny all week.  Few midges in sample, filtered through 500 um mesh.;QC: 20101110N Spikes: 102.783; 108.316; 0.000 Reps: 104.660; 120.417; 453.054; 453.054; 812.281; 831.042 Knowns: 98.898; 99.715; 99.598;"
10/20/2010,Yellow Bay Knob @ Flathead Lake BioStation,Phosphorus (Total),TP,3.797,µg/l,,Legacy_AutoAnalyzer -- Nutrients,0,0,Deposition-Dry,1368.2,"Bucket in 12X10 @ 1000 hours.  Cool, mostly sunny all week.  Few midges in sample, filtered through 500 um mesh.;QC: 20101118P Spikes: 107.945 Reps: 4.040; 3.797; 10.856; 10.085 Knowns: 99.647; 99.335;"
10/28/2010,Yellow Bay Knob @ Flathead Lake BioStation,Nitrogen (Total),TN,97.074,µg/l,,Legacy_AutoAnalyzer -- Nutrients,0,0,Deposition-Dry,1799.5,"Bucket in 20X10 @ 0930 hous.  Cool, rainy and windy last 3 days.  Few organics in sample (no bugs), filtered through 500um mesh.  **Plugged in warmer.;QC: 20101110N Spikes: 102.783; 108.316; 0.000 Reps: 104.660; 120.417; 453.054; 453.054; 812.281; 831.042 Knowns: 98.898; 99.715; 99.598;"
10/28/2010,Yellow Bay Knob @ Flathead Lake BioStation,Nitrogen (Total),TN,168.27,µg/l,,Legacy_AutoAnalyzer -- Nutrients,0,0,Deposition-Wet,1081.2,"Bucket in 12X10 @ 1000 hours.  Cool, rainy and windy last 3 days.  Few organics in sample (no bugs), filtered through 500 um mesh.;QC: 20101110N Spikes: 102.783; 108.316; 0.000 Reps: 104.660; 120.417; 453.054; 453.054; 812.281; 831.042 Knowns: 98.898; 99.715; 99.598;"
10/28/2010,Yellow Bay Knob @ Flathead Lake BioStation,Phosphorus (Total),TP,7.002,µg/l,,Legacy_AutoAnalyzer -- Nutrients,0,0,Deposition-Wet,1081.2,"Bucket in 12X10 @ 1000 hours.  Cool, rainy and windy last 3 days.  Few organics in sample (no bugs), filtered through 500 um mesh.;QC: 20101118P Spikes: 107.945 Reps: 4.040; 3.797; 10.856; 10.085 Knowns: 99.647; 99.335;"
10/28/2010,Yellow Bay Knob @ Flathead Lake BioStation,Phosphorus (Total),TP,2.823,µg/l,,Legacy_AutoAnalyzer -- Nutrients,0,0,Deposition-Dry,1799.5,"Bucket in 20X10 @ 0930 hous.  Cool, rainy and windy last 3 days.  Few organics in sample (no bugs), filtered through 500um mesh.  **Plugged in warmer.;QC: 20101118P Spikes: 107.945 Reps: 4.040; 3.797; 10.856; 10.085 Knowns: 99.647; 99.335;"
11/03/2010,Yellow Bay Knob @ Flathead Lake BioStation,Nitrogen (Total),TN,86.569,µg/l,,Legacy_AutoAnalyzer -- Nutrients,0,0,Deposition-Dry,1715.4,"Bucket in 28X10 @ 0915 hours.  Cool and cloudy all week.  1 fly in sample, filtered through 500um mesh.;QC: 20101110N Spikes: 102.783; 108.316; 0.000 Reps: 104.660; 120.417; 453.054; 453.054; 812.281; 831.042 Knowns: 98.898; 99.715; 99.598;"
11/03/2010,Yellow Bay Knob @ Flathead Lake BioStation,Nitrogen (Total),TN,392.362,µg/l,,Legacy_AutoAnalyzer -- Nutrients,0,0,Deposition-Wet,235.4,"Bucket in 28X10 @ 0915 hours.  Cool and cloudy all week, rainy 2 and 3 days ago.  Sample pretty clean, filtered through 500um mesh.  *** Not enough sample for pH or yellow bottle (silica, sulfate, chloride).;QC: 20101110N Spikes: 102.783; 108.316; 0.000 Reps: 104.660; 120.417; 453.054; 453.054; 812.281; 831.042 Knowns: 98.898; 99.715; 99.598;"
11/03/2010,Yellow Bay Knob @ Flathead Lake BioStation,Phosphorus (Total),TP,1.16,µg/l,,Legacy_AutoAnalyzer -- Nutrients,0,0,Deposition-Wet,235.4,"Bucket in 28X10 @ 0915 hours.  Cool and cloudy all week, rainy 2 and 3 days ago.  Sample pretty clean, filtered through 500um mesh.  *** Not enough sample for pH or yellow bottle (silica, sulfate, chloride).;QC: 20101118P Spikes: 107.945 Reps: 4.040; 3.797; 10.856; 10.085 Knowns: 99.647; 99.335;"
11/03/2010,Yellow Bay Knob @ Flathead Lake BioStation,Phosphorus (Total),TP,0.4,µg/l,<,Legacy_AutoAnalyzer -- Nutrients,0,0,Deposition-Dry,1715.4,"Bucket in 28X10 @ 0915 hours.  Cool and cloudy all week.  1 fly in sample, filtered through 500um mesh.;QC: 20101118P Spikes: 107.945 Reps: 4.040; 3.797; 10.856; 10.085 Knowns: 99.647; 99.335;"
11/09/2010,Yellow Bay Knob @ Flathead Lake BioStation,Nitrogen (Total),TN,93.439,µg/l,,Legacy_AutoAnalyzer -- Nutrients,0,0,Deposition-Dry,1292,"Bucket in 03XI10 @ 0915 hours.  Cold cloudy and rainy most of the week.  Sample very clean, still filtered through 500um mesh.  Heater plugged in to keep water thawed.;QC: 20110104N Spikes: 107.128; 109.883 Reps: 99.770; 99.195; 174.026; 180.933; 300.087; 300.087 Knowns: 105.261; 108.254; 109.060;"
11/09/2010,Yellow Bay Knob @ Flathead Lake BioStation,Nitrogen (Total),TN,159.059,µg/l,,Legacy_AutoAnalyzer -- Nutrients,0,0,Deposition-Wet,711.2,"Bucket in 03XI10 @ 0915 hours.  Cold cloudy and rainy most of the week.  One gnat in sample, filtered through 500um mesh.;QC: 20110104N Spikes: 107.128; 109.883 Reps: 99.770; 99.195; 174.026; 180.933; 300.087; 300.087 Knowns: 105.261; 108.254; 109.060;"
11/09/2010,Yellow Bay Knob @ Flathead Lake BioStation,Phosphorus (Total),TP,3.949,µg/l,,Legacy_AutoAnalyzer -- Nutrients,0,0,Deposition-Wet,711.2,"Bucket in 03XI10 @ 0915 hours.  Cold cloudy and rainy most of the week.  One gnat in sample, filtered through 500um mesh.;QC: 20101221P Spikes: 95.431; 97.570 Reps: 4.460; 4.853; 3.477; 3.477; 4.499; 4.342 Knowns: 97.856; 98.157; 99.935; 99.815;"
11/09/2010,Yellow Bay Knob @ Flathead Lake BioStation,Phosphorus (Total),TP,3.949,µg/l,,Legacy_AutoAnalyzer -- Nutrients,0,0,Deposition-Dry,1292,"Bucket in 03XI10 @ 0915 hours.  Cold cloudy and rainy most of the week.  Sample very clean, still filtered through 500um mesh.  Heater plugged in to keep water thawed.;QC: 20101221P Spikes: 95.431; 97.570 Reps: 4.460; 4.853; 3.477; 3.477; 4.499; 4.342 Knowns: 97.856; 98.157; 99.935; 99.815;"
11/18/2010,Yellow Bay Knob @ Flathead Lake BioStation,Nitrogen (Total),TN,155.03,µg/l,,Legacy_AutoAnalyzer -- Nutrients,0,0,Deposition-Dry,1696.8,QC: 20110104N Spikes: 107.128; 109.883 Reps: 99.770; 99.195; 174.026; 180.933; 300.087; 300.087 Knowns: 105.261; 108.254; 109.060;
11/18/2010,Yellow Bay Knob @ Flathead Lake BioStation,Nitrogen (Total),TN,151.001,µg/l,,Legacy_AutoAnalyzer -- Nutrients,0,0,Deposition-Wet,2434.3,"Bucket in 09XI10 @ 1000 hours.  Very light organics, filtered through 500um mesh.  Cool, rain, snow, left in cooler over night to thaw.;QC: 20110104N Spikes: 107.128; 109.883 Reps: 99.770; 99.195; 174.026; 180.933; 300.087; 300.087 Knowns: 105.261; 108.254; 109.060;"
11/18/2010,Yellow Bay Knob @ Flathead Lake BioStation,Phosphorus (Total),TP,4.067,µg/l,,Legacy_AutoAnalyzer -- Nutrients,0,0,Deposition-Wet,2434.3,"Bucket in 09XI10 @ 1000 hours.  Very light organics, filtered through 500um mesh.  Cool, rain, snow, left in cooler over night to thaw.;QC: 20101221P Spikes: 95.431; 97.570 Reps: 4.460; 4.853; 3.477; 3.477; 4.499; 4.342 Knowns: 97.856; 98.157; 99.935; 99.815;"
11/18/2010,Yellow Bay Knob @ Flathead Lake BioStation,Phosphorus (Total),TP,4.774,µg/l,,Legacy_AutoAnalyzer -- Nutrients,0,0,Deposition-Dry,1696.8,QC: 20101221P Spikes: 95.431; 97.570 Reps: 4.460; 4.853; 3.477; 3.477; 4.499; 4.342 Knowns: 97.856; 98.157; 99.935; 99.815;
11/22/2010,Yellow Bay Knob @ Flathead Lake BioStation,Nitrogen (Total),TN,64.082,µg/l,,Legacy_AutoAnalyzer -- Nutrients,0,0,Deposition-Dry,1579.5,"Bucket in 18XI10 @ 1530 hours. Moderate organics and 3 pine needles in sample, filtered through 500um mesh.  Very cold and windy, first Canadian front of the winter.  Only light snow so far, did not collect WET precip.  Sample partially frozen, thawed in;QC: 20110104N Spikes: 107.128; 109.883 Reps: 99.770; 99.195; 174.026; 180.933; 300.087; 300.087 Knowns: 105.261; 108.254; 109.060;"
11/22/2010,Yellow Bay Knob @ Flathead Lake BioStation,Phosphorus (Total),TP,3.87,µg/l,,Legacy_AutoAnalyzer -- Nutrients,0,0,Deposition-Dry,1579.5,"Bucket in 18XI10 @ 1530 hours. Moderate organics and 3 pine needles in sample, filtered through 500um mesh.  Very cold and windy, first Canadian front of the winter.  Only light snow so far, did not collect WET precip.  Sample partially frozen, thawed in;QC: 20101221P Spikes: 95.431; 97.570 Reps: 4.460; 4.853; 3.477; 3.477; 4.499; 4.342 Knowns: 97.856; 98.157; 99.935; 99.815;"
12/02/2010,Yellow Bay Knob @ Flathead Lake BioStation,Nitrogen (Total),TN,100.922,µg/l,,Legacy_AutoAnalyzer -- Nutrients,0,0,Deposition-Dry,1866.9,"Bucket in 22XI10 @ 0900 hours.  Very light organics, filtered through 500um mesh.  Snow last week, rainy today, left in cooler over night to filter with the thawing WET precip sample.;QC: 20110104N Spikes: 107.128; 109.883 Reps: 99.770; 99.195; 174.026; 180.933; 300.087; 300.087 Knowns: 105.261; 108.254; 109.060;"
12/02/2010,Yellow Bay Knob @ Flathead Lake BioStation,Nitrogen (Total),TN,174.026,µg/l,,Legacy_AutoAnalyzer -- Nutrients,0,0,Deposition-Wet,2946.5,"Bucket in 18XI10 @ 1230 hours.  Sample full of snow, ice and water.  Left in cooler over night to thaw.  Light particles in sample, filtered through 500um mesh.  Snow all last week, raining today.;QC: 20110104N Spikes: 107.128; 109.883 Reps: 99.770; 99.195; 174.026; 180.933; 300.087; 300.087 Knowns: 105.261; 108.254; 109.060;"
12/02/2010,Yellow Bay Knob @ Flathead Lake BioStation,Phosphorus (Total),TP,1.709,µg/l,,Legacy_AutoAnalyzer -- Nutrients,0,0,Deposition-Wet,2946.5,"Bucket in 18XI10 @ 1230 hours.  Sample full of snow, ice and water.  Left in cooler over night to thaw.  Light particles in sample, filtered through 500um mesh.  Snow all last week, raining today.;QC: 20101221P Spikes: 95.431; 97.570 Reps: 4.460; 4.853; 3.477; 3.477; 4.499; 4.342 Knowns: 97.856; 98.157; 99.935; 99.815;"
12/02/2010,Yellow Bay Knob @ Flathead Lake BioStation,Phosphorus (Total),TP,2.416,µg/l,,Legacy_AutoAnalyzer -- Nutrients,0,0,Deposition-Dry,1866.9,"Bucket in 22XI10 @ 0900 hours.  Very light organics, filtered through 500um mesh.  Snow last week, rainy today, left in cooler over night to filter with the thawing WET precip sample.;QC: 20101221P Spikes: 95.431; 97.570 Reps: 4.460; 4.853; 3.477; 3.477; 4.499; 4.342 Knowns: 97.856; 98.157; 99.935; 99.815;"
12/08/2010,Yellow Bay Knob @ Flathead Lake BioStation,Nitrogen (Total),TN,87.107,µg/l,,Legacy_AutoAnalyzer -- Nutrients,0,0,Deposition-Dry,1253.1,"Bucket in 02XII10 @ 1230 hours.  Sample pretty clean, filtered through 500um mesh.  Cold and cloudy all week.;QC: 20110104N Spikes: 107.128; 109.883 Reps: 99.770; 99.195; 174.026; 180.933; 300.087; 300.087 Knowns: 105.261; 108.254; 109.060;"
12/08/2010,Yellow Bay Knob @ Flathead Lake BioStation,Phosphorus (Total),TP,1.748,µg/l,,Legacy_AutoAnalyzer -- Nutrients,0,0,Deposition-Dry,1253.1,"Bucket in 02XII10 @ 1230 hours.  Sample pretty clean, filtered through 500um mesh.  Cold and cloudy all week.;QC: 20101221P Spikes: 95.431; 97.570 Reps: 4.460; 4.853; 3.477; 3.477; 4.499; 4.342 Knowns: 97.856; 98.157; 99.935; 99.815;"
12/15/2010,Yellow Bay Knob @ Flathead Lake BioStation,Nitrogen (Total),TN,57.75,µg/l,,Legacy_AutoAnalyzer -- Nutrients,0,0,Deposition-Dry,1252.5,"Bucket in 08XII10 @ 0930 hours.  Moderate organic debris and 1 bug in sample, filtered through 50oum mesh.  Warm rainy and windy for last week.  Mostly cloudy and windy today.;QC: 20110104N Spikes: 107.128; 109.883 Reps: 99.770; 99.195; 174.026; 180.933; 300.087; 300.087 Knowns: 105.261; 108.254; 109.060;"
12/15/2010,Yellow Bay Knob @ Flathead Lake BioStation,Nitrogen (Total),TN,75.019,µg/l,,Legacy_AutoAnalyzer -- Nutrients,0,0,Deposition-Wet,1985,"Bucket in 02XII10 @ 1230 hours.  light organic dust in sample (no ice or snow), filtered through 50oum mesh.  Warm rainy and windy for last week.  Mostly cloudy and windy today.;QC: 20110104N Spikes: 107.128; 109.883 Reps: 99.770; 99.195; 174.026; 180.933; 300.087; 300.087 Knowns: 105.261; 108.254; 109.060;"
12/15/2010,Yellow Bay Knob @ Flathead Lake BioStation,Phosphorus (Total),TP,1.591,µg/l,,Legacy_AutoAnalyzer -- Nutrients,0,0,Deposition-Wet,1985,"Bucket in 02XII10 @ 1230 hours.  light organic dust in sample (no ice or snow), filtered through 50oum mesh.  Warm rainy and windy for last week.  Mostly cloudy and windy today.;QC: 20101221P Spikes: 95.431; 97.570 Reps: 4.460; 4.853; 3.477; 3.477; 4.499; 4.342 Knowns: 97.856; 98.157; 99.935; 99.815;"
12/15/2010,Yellow Bay Knob @ Flathead Lake BioStation,Phosphorus (Total),TP,3.517,µg/l,,Legacy_AutoAnalyzer -- Nutrients,0,0,Deposition-Dry,1252.5,"Bucket in 08XII10 @ 0930 hours.  Moderate organic debris and 1 bug in sample, filtered through 50oum mesh.  Warm rainy and windy for last week.  Mostly cloudy and windy today.;QC: 20101221P Spikes: 95.431; 97.570 Reps: 4.460; 4.853; 3.477; 3.477; 4.499; 4.342 Knowns: 97.856; 98.157; 99.935; 99.815;"
12/22/2010,Yellow Bay Knob @ Flathead Lake BioStation,Nitrogen (Total),TN,56.723,µg/l,,Legacy_AutoAnalyzer -- Nutrients,0,0,Deposition-Dry,1248.3,"Bucket in on 15XII10 @ 0910 hours.  Sample clean with only a few organics, filtered through 500 um mesh.  Mostly dry and cold, occassional light snow a few dats ago.  *****COLLECTED WET PRECIP SAMPLE, NOT ENOUGH TO SAMPLE----DISCARDED************;QC: 20110217N Spikes: 103.048 Reps: 116.396; 115.226 Knowns: 99.216; 97.110;Glutamic acid digestion check standard=102%"
12/22/2010,Yellow Bay Knob @ Flathead Lake BioStation,Phosphorus (Total),TP,4.254,µg/l,,Legacy_AutoAnalyzer -- Nutrients,0,0,Deposition-Dry,1248.3,"Bucket in on 15XII10 @ 0910 hours.  Sample clean with only a few organics, filtered through 500 um mesh.  Mostly dry and cold, occassional light snow a few dats ago.  *****COLLECTED WET PRECIP SAMPLE, NOT ENOUGH TO SAMPLE----DISCARDED************;QC: 20110125P Spikes: 102.849 Reps: 8.287; 8.933 Knowns: 103.717; 97.037;"
12/30/2010,Yellow Bay Knob @ Flathead Lake BioStation,Nitrogen (Total),TN,68.424,µg/l,,Legacy_AutoAnalyzer -- Nutrients,0,0,Deposition-Dry,1455.4,QC: 20110217N Spikes: 103.048 Reps: 116.396; 115.226 Knowns: 99.216; 97.110;Glutamic acid digestion check standard=102%
12/30/2010,Yellow Bay Knob @ Flathead Lake BioStation,Phosphorus (Total),TP,4.496,µg/l,,Legacy_AutoAnalyzer -- Nutrients,0,0,Deposition-Dry,1455.4,QC: 20110125P Spikes: 102.849 Reps: 8.287; 8.933 Knowns: 103.717; 97.037;
01/06/2011,Yellow Bay Knob @ Flathead Lake BioStation,Nitrogen (Total),TN,132.777,µg/l,,Legacy_AutoAnalyzer -- Nutrients,0,0,Deposition-Dry,1402,"Bucket in 30XII10 @ 1400 hours. Samplevery clean, filtered through 500um mesh.  Light snow last week.  Not enough WET precip for sample, did not collect.;QC: 20110217N Spikes: 103.048 Reps: 116.396; 115.226 Knowns: 99.216; 97.110;Glutamic acid digestion check standard=102%"
01/06/2011,Yellow Bay Knob @ Flathead Lake BioStation,Phosphorus (Total),TP,1.431,µg/l,,Legacy_AutoAnalyzer -- Nutrients,0,0,Deposition-Dry,1402,"Bucket in 30XII10 @ 1400 hours. Samplevery clean, filtered through 500um mesh.  Light snow last week.  Not enough WET precip for sample, did not collect.;QC: 20110125P Spikes: 102.849 Reps: 8.287; 8.933 Knowns: 103.717; 97.037;"
01/13/2011,Yellow Bay Knob @ Flathead Lake BioStation,Nitrogen (Total),TN,76.029,µg/l,,Legacy_AutoAnalyzer -- Nutrients,0,0,Deposition-Dry,1820.2,"Bucket in 06I11 @ 1000 hours.  Cold most of the week, warming last 2 days.  Few organics in sample, filtered through 500um mesh.;QC: 20110217N Spikes: 103.048 Reps: 116.396; 115.226 Knowns: 99.216; 97.110;Glutamic acid digestion check standard=102%"
01/13/2011,Yellow Bay Knob @ Flathead Lake BioStation,Nitrogen (Total),TN,195.375,µg/l,,Legacy_AutoAnalyzer -- Nutrients,0,0,Deposition-Wet,2138.7,"Bucket in 22XII10 @ 0900 hours.  Most of the precip from snow turning to rain the last 2 days.  Left in cooler overnight to thaw.  Moderate organics and one pine needle in sample, filtered through 500um mesh.;QC: 20110217N Spikes: 103.048 Reps: 116.396; 115.226 Knowns: 99.216; 97.110;Glutamic acid digestion check standard=102%"
01/13/2011,Yellow Bay Knob @ Flathead Lake BioStation,Phosphorus (Total),TP,14.821,µg/l,,Legacy_AutoAnalyzer -- Nutrients,0,0,Deposition-Wet,2138.7,"Bucket in 22XII10 @ 0900 hours.  Most of the precip from snow turning to rain the last 2 days.  Left in cooler overnight to thaw.  Moderate organics and one pine needle in sample, filtered through 500um mesh.;QC: 20110125P Spikes: 102.849 Reps: 8.287; 8.933 Knowns: 103.717; 97.037;"
01/13/2011,Yellow Bay Knob @ Flathead Lake BioStation,Phosphorus (Total),TP,1.431,µg/l,,Legacy_AutoAnalyzer -- Nutrients,0,0,Deposition-Dry,1820.2,"Bucket in 06I11 @ 1000 hours.  Cold most of the week, warming last 2 days.  Few organics in sample, filtered through 500um mesh.;QC: 20110125P Spikes: 102.849 Reps: 8.287; 8.933 Knowns: 103.717; 97.037;"
01/19/2011,Yellow Bay Knob @ Flathead Lake BioStation,Nitrogen (Total),TN,39.757,µg/l,,Legacy_AutoAnalyzer -- Nutrients,0,0,Deposition-Dry,1065.9,"Bucket in 13I11 @ 1410 hours.  Warm (40degF) cloudy and light rain last week, clear and cold (20degF) today.  Light skim of ice on sample surface, thawed in cooler for 2 hours.  Light organics in sample, filtered thrugh 500um mesh.;QC: 20110217N Spikes: 103.048 Reps: 116.396; 115.226 Knowns: 99.216; 97.110;Glutamic acid digestion check standard=102%"
01/19/2011,Yellow Bay Knob @ Flathead Lake BioStation,Nitrogen (Total),TN,103.525,µg/l,,Legacy_AutoAnalyzer -- Nutrients,0,0,Deposition-Wet,292,"Bucket in 13I11 @ 1410 hours.  Warm (40degF) cloudy and light rain last week, clear and cold (20degF) today.  Sample frozen, thawed in lab for 2 hours.  Light organics in sample, filtered thrugh 500um mesh.  NOT ENOUGH SAMPLE FOR pH.;QC: 20110217N Spikes: 103.048 Reps: 116.396; 115.226 Knowns: 99.216; 97.110;Glutamic acid digestion check standard=102%"
01/19/2011,Yellow Bay Knob @ Flathead Lake BioStation,Phosphorus (Total),TP,4.145,µg/l,,Legacy_AutoAnalyzer -- Nutrients,0,0,Deposition-Wet,292,"Bucket in 13I11 @ 1410 hours.  Warm (40degF) cloudy and light rain last week, clear and cold (20degF) today.  Sample frozen, thawed in lab for 2 hours.  Light organics in sample, filtered thrugh 500um mesh.  NOT ENOUGH SAMPLE FOR pH.;QC: 20110223P Spikes: 107.615 Reps: 17.767; 15.946 Knowns: 103.048;"
01/19/2011,Yellow Bay Knob @ Flathead Lake BioStation,Phosphorus (Total),TP,5.412,µg/l,,Legacy_AutoAnalyzer -- Nutrients,0,0,Deposition-Dry,1065.9,"Bucket in 13I11 @ 1410 hours.  Warm (40degF) cloudy and light rain last week, clear and cold (20degF) today.  Light skim of ice on sample surface, thawed in cooler for 2 hours.  Light organics in sample, filtered thrugh 500um mesh.;QC: 20110223P Spikes: 107.615 Reps: 17.767; 15.946 Knowns: 103.048;"
01/26/2011,Yellow Bay Knob @ Flathead Lake BioStation,Nitrogen (Total),TN,63.159,µg/l,,Legacy_AutoAnalyzer -- Nutrients,0,0,Deposition-Dry,951.9,"Bucket in 19I11 @ 1110 hours.  Wet snow fall on 24-25I11, otherwise mild and cloudy.  Very light organics in sample, filtered through 500um mesh.;QC: 20110217N Spikes: 103.048 Reps: 116.396; 115.226 Knowns: 99.216; 97.110;Glutamic acid digestion check standard=102%"
01/26/2011,Yellow Bay Knob @ Flathead Lake BioStation,Nitrogen (Total),TN,118.736,µg/l,,Legacy_AutoAnalyzer -- Nutrients,0,0,Deposition-Wet,1225.6,"Bucket in 19I11 @ 1110 hours.  Wet snow fall on 24-25I11, otherwise mild and cloudy.  Very light organics in sample, filtered through 500um mesh.;QC: 20110217N Spikes: 103.048 Reps: 116.396; 115.226 Knowns: 99.216; 97.110;Glutamic acid digestion check standard=102%"
01/26/2011,Yellow Bay Knob @ Flathead Lake BioStation,Phosphorus (Total),TP,7.471,µg/l,,Legacy_AutoAnalyzer -- Nutrients,0,0,Deposition-Wet,1225.6,"Bucket in 19I11 @ 1110 hours.  Wet snow fall on 24-25I11, otherwise mild and cloudy.  Very light organics in sample, filtered through 500um mesh.;QC: 20110223P Spikes: 107.615 Reps: 17.767; 15.946 Knowns: 103.048;"
01/26/2011,Yellow Bay Knob @ Flathead Lake BioStation,Phosphorus (Total),TP,16.579,µg/l,,Legacy_AutoAnalyzer -- Nutrients,0,0,Deposition-Dry,951.9,"Bucket in 19I11 @ 1110 hours.  Wet snow fall on 24-25I11, otherwise mild and cloudy.  Very light organics in sample, filtered through 500um mesh.;QC: 20110223P Spikes: 107.615 Reps: 17.767; 15.946 Knowns: 103.048;"
02/03/2011,Yellow Bay Knob @ Flathead Lake BioStation,Nitrogen (Total),TN,85.39,µg/l,,Legacy_AutoAnalyzer -- Nutrients,0,0,Deposition-Dry,1154.4,QC: 20110217N Spikes: 103.048 Reps: 116.396; 115.226 Knowns: 99.216; 97.110;Glutamic acid digestion check standard=102%
02/03/2011,Yellow Bay Knob @ Flathead Lake BioStation,Nitrogen (Total),TN,188.355,µg/l,,Legacy_AutoAnalyzer -- Nutrients,0,0,Deposition-Wet,799.3,QC: 20110217N Spikes: 103.048 Reps: 116.396; 115.226 Knowns: 99.216; 97.110;Glutamic acid digestion check standard=102%
02/03/2011,Yellow Bay Knob @ Flathead Lake BioStation,Phosphorus (Total),TP,4.858,µg/l,,Legacy_AutoAnalyzer -- Nutrients,0,0,Deposition-Wet,799.3,QC: 20110223P Spikes: 107.615 Reps: 17.767; 15.946 Knowns: 103.048;
02/03/2011,Yellow Bay Knob @ Flathead Lake BioStation,Phosphorus (Total),TP,2.957,µg/l,,Legacy_AutoAnalyzer -- Nutrients,0,0,Deposition-Dry,1154.4,QC: 20110223P Spikes: 107.615 Reps: 17.767; 15.946 Knowns: 103.048;
02/11/2011,Yellow Bay Knob @ Flathead Lake BioStation,Nitrogen (Total),TN,97.675,µg/l,,Legacy_AutoAnalyzer -- Nutrients,0,0,Deposition-Dry,829.4,QC: 20110217N Spikes: 103.048 Reps: 116.396; 115.226 Knowns: 99.216; 97.110;Glutamic acid digestion check standard=102%
02/11/2011,Yellow Bay Knob @ Flathead Lake BioStation,Nitrogen (Total),TN,126.927,µg/l,,Legacy_AutoAnalyzer -- Nutrients,0,0,Deposition-Wet,806.8,QC: 20110217N Spikes: 103.048 Reps: 116.396; 115.226 Knowns: 99.216; 97.110;Glutamic acid digestion check standard=102%
02/11/2011,Yellow Bay Knob @ Flathead Lake BioStation,Phosphorus (Total),TP,6.006,µg/l,,Legacy_AutoAnalyzer -- Nutrients,0,0,Deposition-Wet,806.8,QC: 20110223P Spikes: 107.615 Reps: 17.767; 15.946 Knowns: 103.048;
02/11/2011,Yellow Bay Knob @ Flathead Lake BioStation,Phosphorus (Total),TP,3.828,µg/l,,Legacy_AutoAnalyzer -- Nutrients,0,0,Deposition-Dry,829.4,QC: 20110223P Spikes: 107.615 Reps: 17.767; 15.946 Knowns: 103.048;
02/18/2011,Yellow Bay Knob @ Flathead Lake BioStation,Nitrogen (Total),TN,110.925,µg/l,,Legacy_AutoAnalyzer -- Nutrients,0,0,Deposition-Dry,970.7,QC: 20110405N Spikes: 103.668 Reps: 119.917; 119.318 Knowns: 98.442;Glutamic acid digestion check standard=97%.
02/18/2011,Yellow Bay Knob @ Flathead Lake BioStation,Nitrogen (Total),TN,89.342,µg/l,,Legacy_AutoAnalyzer -- Nutrients,0,0,Deposition-Wet,1920.8,QC: 20110405N Spikes: 103.668 Reps: 119.917; 119.318 Knowns: 98.442;Glutamic acid digestion check standard=97%.
02/18/2011,Yellow Bay Knob @ Flathead Lake BioStation,Phosphorus (Total),TP,1.785,µg/l,,Legacy_AutoAnalyzer -- Nutrients,0,0,Deposition-Wet,1920.8,QC: 20110331P Spikes: 102.925 Reps: 4.813; 4.526 Knowns: 105.735; 99.880;
02/18/2011,Yellow Bay Knob @ Flathead Lake BioStation,Phosphorus (Total),TP,4.035,µg/l,,Legacy_AutoAnalyzer -- Nutrients,0,0,Deposition-Dry,970.7,QC: 20110331P Spikes: 102.925 Reps: 4.813; 4.526 Knowns: 105.735; 99.880;
02/25/2011,Yellow Bay Knob @ Flathead Lake BioStation,Nitrogen (Total),TN,133.106,µg/l,,Legacy_AutoAnalyzer -- Nutrients,0,0,Deposition-Dry,1031.8,"Canadian Front came in last 3 days, cold, windy, light snow last night (not enough for sample.)  Sample frozen, thawed in cooler over night.  Moderate organics and 1 pine needle in sample, filtered through 500um mesh.;QC: 20110405N Spikes: 103.668 Reps: 119.917; 119.318 Knowns: 98.442;Glutamic acid digestion check standard=97%."
02/25/2011,Yellow Bay Knob @ Flathead Lake BioStation,Phosphorus (Total),TP,3.994,µg/l,,Legacy_AutoAnalyzer -- Nutrients,0,0,Deposition-Dry,1031.8,"Canadian Front came in last 3 days, cold, windy, light snow last night (not enough for sample.)  Sample frozen, thawed in cooler over night.  Moderate organics and 1 pine needle in sample, filtered through 500um mesh.;QC: 20110331P Spikes: 102.925 Reps: 4.813; 4.526 Knowns: 105.735; 99.880;"
03/04/2011,Yellow Bay Knob @ Flathead Lake BioStation,Nitrogen (Total),TN,60.566,µg/l,,Legacy_AutoAnalyzer -- Nutrients,0,0,Deposition-Dry,1447.1,"Bucket in 25II11 @ 0930 hours.  Cold, warm, sunny, snowy, windy and calm last week.  Moderate amount of organics in sample, filtered through 500um mesh.;QC: 20110405N Spikes: 103.668 Reps: 119.917; 119.318 Knowns: 98.442;Glutamic acid digestion check standard=97%."
03/04/2011,Yellow Bay Knob @ Flathead Lake BioStation,Nitrogen (Total),TN,197.853,µg/l,,Legacy_AutoAnalyzer -- Nutrients,0,0,Deposition-Wet,862.6,"Bucket in 18II11 @ 0900 hours.  Cold, warm, sunny, snowy, windy and calm last 2 weeks.  Very light amount of organics in sample, filtered through 500um mesh.;QC: 20110405N Spikes: 103.668 Reps: 119.917; 119.318 Knowns: 98.442;Glutamic acid digestion check standard=97%."
03/04/2011,Yellow Bay Knob @ Flathead Lake BioStation,Phosphorus (Total),TP,6.122,µg/l,,Legacy_AutoAnalyzer -- Nutrients,0,0,Deposition-Wet,862.6,"Bucket in 18II11 @ 0900 hours.  Cold, warm, sunny, snowy, windy and calm last 2 weeks.  Very light amount of organics in sample, filtered through 500um mesh.;QC: 20110331P Spikes: 102.925 Reps: 4.813; 4.526 Knowns: 105.735; 99.880;"
03/04/2011,Yellow Bay Knob @ Flathead Lake BioStation,Phosphorus (Total),TP,0.4,µg/l,<,Legacy_AutoAnalyzer -- Nutrients,0,0,Deposition-Dry,1447.1,"Bucket in 25II11 @ 0930 hours.  Cold, warm, sunny, snowy, windy and calm last week.  Moderate amount of organics in sample, filtered through 500um mesh.;QC: 20110331P Spikes: 102.925 Reps: 4.813; 4.526 Knowns: 105.735; 99.880;"
03/09/2011,Yellow Bay Knob @ Flathead Lake BioStation,Nitrogen (Total),TN,83.947,µg/l,,Legacy_AutoAnalyzer -- Nutrients,0,0,Deposition-Dry,1232.1,"Bucket in 04III11 @ 0915 hours.  Mild all week, trace snow last night.  Few organics in sample, filtered through 500um mesh.;QC: 20110405N Spikes: 103.668 Reps: 119.917; 119.318 Knowns: 98.442;Glutamic acid digestion check standard=97%."
03/09/2011,Yellow Bay Knob @ Flathead Lake BioStation,Phosphorus (Total),TP,0.68,µg/l,,Legacy_AutoAnalyzer -- Nutrients,0,0,Deposition-Dry,1232.1,"Bucket in 04III11 @ 0915 hours.  Mild all week, trace snow last night.  Few organics in sample, filtered through 500um mesh.;QC: 20110331P Spikes: 102.925 Reps: 4.813; 4.526 Knowns: 105.735; 99.880;"
03/17/2011,Yellow Bay Knob @ Flathead Lake BioStation,Nitrogen (Total),TN,170.875,µg/l,,Legacy_AutoAnalyzer -- Nutrients,0,0,Deposition-Dry,764.4,"Bucket in 19III11 @ 0945 hours.  Mild, some wind, trace precip for last week.  Moderate organics in sample, filtered through 500um mesh.;QC: 20110405N Spikes: 103.668 Reps: 119.917; 119.318 Knowns: 98.442;Glutamic acid digestion check standard=97%."
03/17/2011,Yellow Bay Knob @ Flathead Lake BioStation,Phosphorus (Total),TP,2.399,µg/l,,Legacy_AutoAnalyzer -- Nutrients,0,0,Deposition-Dry,764.4,"Bucket in 19III11 @ 0945 hours.  Mild, some wind, trace precip for last week.  Moderate organics in sample, filtered through 500um mesh.;QC: 20110331P Spikes: 102.925 Reps: 4.813; 4.526 Knowns: 105.735; 99.880;"
03/23/2011,Yellow Bay Knob @ Flathead Lake BioStation,Nitrogen (Total),TN,126.512,µg/l,,Legacy_AutoAnalyzer -- Nutrients,0,0,Deposition-Dry,1210.6,"Bucket in 17III11 @ 0820 hours.  Cool and cloudy, some wind, trace precip for last week.  Light organics in sample, filtered through 500um mesh.;QC: 20110405N Spikes: 103.668 Reps: 119.917; 119.318 Knowns: 98.442;Glutamic acid digestion check standard=97%."
03/23/2011,Yellow Bay Knob @ Flathead Lake BioStation,Phosphorus (Total),TP,3.094,µg/l,,Legacy_AutoAnalyzer -- Nutrients,0,0,Deposition-Dry,1210.6,"Bucket in 17III11 @ 0820 hours.  Cool and cloudy, some wind, trace precip for last week.  Light organics in sample, filtered through 500um mesh.;QC: 20110331P Spikes: 102.925 Reps: 4.813; 4.526 Knowns: 105.735; 99.880;"
04/01/2011,Yellow Bay Knob @ Flathead Lake BioStation,Nitrogen (Total),TN,155.537,µg/l,,Legacy_AutoAnalyzer -- Nutrients,0,0,Deposition-Dry,1064.6,"Bucket in 23III11 @ 1130 hours.  Cloudy, cool, trace precip for last week.  Very light organics in sample, filtered through 500um mesh.  Unplugged heater.;QC: 20110517N Spikes: 103.711; 107.342 Reps: 126.759; 126.759; 139.092; 134.981 Knowns: 98.060; 102.407;"
04/01/2011,Yellow Bay Knob @ Flathead Lake BioStation,Nitrogen (Total),TN,451.54,µg/l,,Legacy_AutoAnalyzer -- Nutrients,0,0,Deposition-Wet,1289.6,"Bucket in 04III11 @ 0915 hours.  Cloudy, cool, some wind and, spitting rainfor last three weeks.  Light rain 2 days ago made up most of the volume.  Very light organics in sample, filtered through 500um mesh.;QC: 20110517N Spikes: 103.711; 107.342 Reps: 126.759; 126.759; 139.092; 134.981 Knowns: 98.060; 102.407;"
04/01/2011,Yellow Bay Knob @ Flathead Lake BioStation,Phosphorus (Total),TP,2.837,µg/l,,Legacy_AutoAnalyzer -- Nutrients,0,0,Deposition-Wet,1289.6,"Bucket in 04III11 @ 0915 hours.  Cloudy, cool, some wind and, spitting rainfor last three weeks.  Light rain 2 days ago made up most of the volume.  Very light organics in sample, filtered through 500um mesh.;QC: 20110517P Spikes: 91.630; 92.910 Reps: 3.941; 3.468; 3.665; 3.507 Knowns: 99.456; 103.280; 99.758;"
04/01/2011,Yellow Bay Knob @ Flathead Lake BioStation,Phosphorus (Total),TP,2.285,µg/l,,Legacy_AutoAnalyzer -- Nutrients,0,0,Deposition-Dry,1064.6,"Bucket in 23III11 @ 1130 hours.  Cloudy, cool, trace precip for last week.  Very light organics in sample, filtered through 500um mesh.  Unplugged heater.;QC: 20110517P Spikes: 91.630; 92.910 Reps: 3.941; 3.468; 3.665; 3.507 Knowns: 99.456; 103.280; 99.758;"
04/08/2011,Yellow Bay Knob @ Flathead Lake BioStation,Nitrogen (Total),TN,95.632,µg/l,,Legacy_AutoAnalyzer -- Nutrients,0,0,Deposition-Dry,1294.1,"Bucket in 01IV11 @ 0915 hours.  Cloudy, cool, rainy, snowy for lst week.  Slight ice in bucket, let thaw in lab for 2 hours..  A few midges and light organics in sample, filtered through 500um mesh.;QC: 20110517N Spikes: 103.711; 107.342 Reps: 126.759; 126.759; 139.092; 134.981 Knowns: 98.060; 102.407;"
04/08/2011,Yellow Bay Knob @ Flathead Lake BioStation,Nitrogen (Total),TN,166.696,µg/l,,Legacy_AutoAnalyzer -- Nutrients,0,0,Deposition-Wet,1158.9,"Bucket in 01IV11 @ 0915 hours.  Cloudy, cool, rainy, snowy for lst week.  No iice in bucket..  Sample very clean, filtered through 500um mesh.;QC: 20110517N Spikes: 103.711; 107.342 Reps: 126.759; 126.759; 139.092; 134.981 Knowns: 98.060; 102.407;"
04/08/2011,Yellow Bay Knob @ Flathead Lake BioStation,Phosphorus (Total),TP,1.299,µg/l,,Legacy_AutoAnalyzer -- Nutrients,0,0,Deposition-Wet,1158.9,"Bucket in 01IV11 @ 0915 hours.  Cloudy, cool, rainy, snowy for lst week.  No iice in bucket..  Sample very clean, filtered through 500um mesh.;QC: 20110517P Spikes: 91.630; 92.910 Reps: 3.941; 3.468; 3.665; 3.507 Knowns: 99.456; 103.280; 99.758;"
04/08/2011,Yellow Bay Knob @ Flathead Lake BioStation,Phosphorus (Total),TP,2.561,µg/l,,Legacy_AutoAnalyzer -- Nutrients,0,0,Deposition-Dry,1294.1,"Bucket in 01IV11 @ 0915 hours.  Cloudy, cool, rainy, snowy for lst week.  Slight ice in bucket, let thaw in lab for 2 hours..  A few midges and light organics in sample, filtered through 500um mesh.;QC: 20110517P Spikes: 91.630; 92.910 Reps: 3.941; 3.468; 3.665; 3.507 Knowns: 99.456; 103.280; 99.758;"
04/15/2011,Yellow Bay Knob @ Flathead Lake BioStation,Nitrogen (Total),TN,166.109,µg/l,,Legacy_AutoAnalyzer -- Nutrients,0,0,Deposition-Dry,940.1,"Bucket in 08IV11 @ 0830 hours.  Mix of sun, clouds and rain for last week.  Light organics and a few midges in sample. Filtered through 500um mesh.;QC: 20110517N Spikes: 103.711; 107.342 Reps: 126.759; 126.759; 139.092; 134.981 Knowns: 98.060; 102.407;"
04/15/2011,Yellow Bay Knob @ Flathead Lake BioStation,Nitrogen (Total),TN,283.57,µg/l,,Legacy_AutoAnalyzer -- Nutrients,0,0,Deposition-Wet,812.7,"Bucket in 08IV11 @ 0830 hours.  Mix of sun, clouds and rain for last week.  Light organics and one midges in sample. Filtered through 500um mesh.;QC: 20110517N Spikes: 103.711; 107.342 Reps: 126.759; 126.759; 139.092; 134.981 Knowns: 98.060; 102.407;"
04/15/2011,Yellow Bay Knob @ Flathead Lake BioStation,Phosphorus (Total),TP,7.094,µg/l,,Legacy_AutoAnalyzer -- Nutrients,0,0,Deposition-Wet,812.7,"Bucket in 08IV11 @ 0830 hours.  Mix of sun, clouds and rain for last week.  Light organics and one midges in sample. Filtered through 500um mesh.;QC: 20110517P Spikes: 91.630; 92.910 Reps: 3.941; 3.468; 3.665; 3.507 Knowns: 99.456; 103.280; 99.758;"
04/15/2011,Yellow Bay Knob @ Flathead Lake BioStation,Phosphorus (Total),TP,6.306,µg/l,,Legacy_AutoAnalyzer -- Nutrients,0,0,Deposition-Dry,940.1,"Bucket in 08IV11 @ 0830 hours.  Mix of sun, clouds and rain for last week.  Light organics and a few midges in sample. Filtered through 500um mesh.;QC: 20110517P Spikes: 91.630; 92.910 Reps: 3.941; 3.468; 3.665; 3.507 Knowns: 99.456; 103.280; 99.758;"
04/22/2011,Yellow Bay Knob @ Flathead Lake BioStation,Nitrogen (Total),TN,219.554,µg/l,,Legacy_AutoAnalyzer -- Nutrients,0,0,Deposition-Dry,1255.8,"Bucket in 15IV11 @ 0930 hours.  Sunny, cloudy, cool, rainy, snowy for last week.  Light organics in sample, filtered through 500um mesh.;QC: 20110517N Spikes: 103.711; 107.342 Reps: 126.759; 126.759; 139.092; 134.981 Knowns: 98.060; 102.407;"
04/22/2011,Yellow Bay Knob @ Flathead Lake BioStation,Nitrogen (Total),TN,365.793,µg/l,,Legacy_AutoAnalyzer -- Nutrients,0,0,Deposition-Wet,688.7,"Bucket in 15IV11 @ 0930 hours.  Sunny, cloudy, cool, rainy, snowy for last week.  Light organics in sample, filtered through 500um mesh.;QC: 20110517N Spikes: 103.711; 107.342 Reps: 126.759; 126.759; 139.092; 134.981 Knowns: 98.060; 102.407;"
04/22/2011,Yellow Bay Knob @ Flathead Lake BioStation,Phosphorus (Total),TP,4.138,µg/l,,Legacy_AutoAnalyzer -- Nutrients,0,0,Deposition-Wet,688.7,"Bucket in 15IV11 @ 0930 hours.  Sunny, cloudy, cool, rainy, snowy for last week.  Light organics in sample, filtered through 500um mesh.;QC: 20110517P Spikes: 91.630; 92.910 Reps: 3.941; 3.468; 3.665; 3.507 Knowns: 99.456; 103.280; 99.758;"
04/22/2011,Yellow Bay Knob @ Flathead Lake BioStation,Phosphorus (Total),TP,4.217,µg/l,,Legacy_AutoAnalyzer -- Nutrients,0,0,Deposition-Dry,1255.8,"Bucket in 15IV11 @ 0930 hours.  Sunny, cloudy, cool, rainy, snowy for last week.  Light organics in sample, filtered through 500um mesh.;QC: 20110517P Spikes: 91.630; 92.910 Reps: 3.941; 3.468; 3.665; 3.507 Knowns: 99.456; 103.280; 99.758;"
04/30/2011,Yellow Bay Knob @ Flathead Lake BioStation,Nitrogen (Total),TN,148.489,µg/l,,Legacy_AutoAnalyzer -- Nutrients,0,0,Deposition-Dry,1582.5,"Bucket in 22IV11 @ 1400 hours.  Cloudy, cool, rainy, snowy for last week.  Few midges and light organics in sample, filtered through 500um mesh.;QC: 20110517N Spikes: 103.711; 107.342 Reps: 126.759; 126.759; 139.092; 134.981 Knowns: 98.060; 102.407;"
04/30/2011,Yellow Bay Knob @ Flathead Lake BioStation,Nitrogen (Total),TN,240.109,µg/l,,Legacy_AutoAnalyzer -- Nutrients,0,0,Deposition-Wet,1126.8,"Bucket in 22IV11 @ 1400 hours.  Cloudy, cool, rainy, snowy for last week.  One midge and light organics in sample, filtered through 500um mesh.;QC: 20110517N Spikes: 103.711; 107.342 Reps: 126.759; 126.759; 139.092; 134.981 Knowns: 98.060; 102.407;"
04/30/2011,Yellow Bay Knob @ Flathead Lake BioStation,Phosphorus (Total),TP,3.586,µg/l,,Legacy_AutoAnalyzer -- Nutrients,0,0,Deposition-Wet,1126.8,"Bucket in 22IV11 @ 1400 hours.  Cloudy, cool, rainy, snowy for last week.  One midge and light organics in sample, filtered through 500um mesh.;QC: 20110517P Spikes: 91.630; 92.910 Reps: 3.941; 3.468; 3.665; 3.507 Knowns: 99.456; 103.280; 99.758;"
04/30/2011,Yellow Bay Knob @ Flathead Lake BioStation,Phosphorus (Total),TP,5.202,µg/l,,Legacy_AutoAnalyzer -- Nutrients,0,0,Deposition-Dry,1582.5,"Bucket in 22IV11 @ 1400 hours.  Cloudy, cool, rainy, snowy for last week.  Few midges and light organics in sample, filtered through 500um mesh.;QC: 20110517P Spikes: 91.630; 92.910 Reps: 3.941; 3.468; 3.665; 3.507 Knowns: 99.456; 103.280; 99.758;"
05/05/2011,Yellow Bay Knob @ Flathead Lake BioStation,Nitrogen (Total),TN,171.982,µg/l,,Legacy_AutoAnalyzer -- Nutrients,0,0,Deposition-Dry,1450.4,"Bucket in 30IV11 @ 0930hrs.  Nicer days last week.  Highs ~50DegF, some sun, some clouds, some wind.  Light organics in sample, filtered through 500um mesh.  **Cover Stuck 1/2 way between buckets.  Moves from wet to dry fine, but only returns 1/2 way to c;QC: 20110517N Spikes: 103.711; 107.342 Reps: 126.759; 126.759; 139.092; 134.981 Knowns: 98.060; 102.407;"
05/05/2011,Yellow Bay Knob @ Flathead Lake BioStation,Phosphorus (Total),TP,6.227,µg/l,,Legacy_AutoAnalyzer -- Nutrients,0,0,Deposition-Dry,1450.4,"Bucket in 30IV11 @ 0930hrs.  Nicer days last week.  Highs ~50DegF, some sun, some clouds, some wind.  Light organics in sample, filtered through 500um mesh.  **Cover Stuck 1/2 way between buckets.  Moves from wet to dry fine, but only returns 1/2 way to c;QC: 20110517P Spikes: 91.630; 92.910 Reps: 3.941; 3.468; 3.665; 3.507 Knowns: 99.456; 103.280; 99.758;"
05/11/2011,Yellow Bay Knob @ Flathead Lake BioStation,Nitrogen (Total),TN,282.395,µg/l,,Legacy_AutoAnalyzer -- Nutrients,0,0,Deposition-Dry,879.2,"Bucket in 05V11 @ 1030hrs.  Very warm last week.  Highs ~70DegF, Trace precip, not enough to sample.  About a dozen small flies in sample, filtered through 500um mesh.  **Cover Stuck 1/2 way between buckets.  Moves from wet to dry fine, but only returns 1;QC: 20110517N Spikes: 103.711; 107.342 Reps: 126.759; 126.759; 139.092; 134.981 Knowns: 98.060; 102.407;"
05/11/2011,Yellow Bay Knob @ Flathead Lake BioStation,Phosphorus (Total),TP,36.267,µg/l,,Legacy_AutoAnalyzer -- Nutrients,0,0,Deposition-Dry,879.2,"Bucket in 05V11 @ 1030hrs.  Very warm last week.  Highs ~70DegF, Trace precip, not enough to sample.  About a dozen small flies in sample, filtered through 500um mesh.  **Cover Stuck 1/2 way between buckets.  Moves from wet to dry fine, but only returns 1;QC: 20110517P Spikes: 91.630; 92.910 Reps: 3.941; 3.468; 3.665; 3.507 Knowns: 99.456; 103.280; 99.758;"
05/17/2011,Yellow Bay Knob @ Flathead Lake BioStation,Nitrogen (Total),TN,380.651,µg/l,,Legacy_AutoAnalyzer -- Nutrients,0,0,Deposition-Dry,918.8,"Bucket in 11V11 @ 1005hrs.  Very high winds last 3 days.  Lots of fine organics and a few small flies in sample, filtered through 500um mesh.  **Cover Stuck 1/2 way between buckets.  Moves from wet to dry fine, but only returns 1/2 way to cover Wet bucket;QC: 20110621N Spikes: 108.600; 103.588 Reps: 121.978; 122.563; 162.359; 172.893 Knowns: 99.422; 100.242;"
05/17/2011,Yellow Bay Knob @ Flathead Lake BioStation,Nitrogen (Total),TN,1208.35,µg/l,,Legacy_AutoAnalyzer -- Nutrients,0,0,Deposition-Wet,671.4,"Bucket in 30IV11 @ 0930hrs.  Very high winds last 3 days.  Lots of fine organics and a few small flies in sample, filtered through 500um mesh.  **Cover Stuck 1/2 way between buckets.  Moves from wet to dry fine, but only returns 1/2 way to cover Wet bucke;QC: 20110621N Spikes: 108.600; 103.588 Reps: 121.978; 122.563; 162.359; 172.893 Knowns: 99.422; 100.242;"
05/17/2011,Yellow Bay Knob @ Flathead Lake BioStation,Phosphorus (Total),TP,51.48,µg/l,,Legacy_AutoAnalyzer -- Nutrients,0,0,Deposition-Wet,671.4,"Bucket in 30IV11 @ 0930hrs.  Very high winds last 3 days.  Lots of fine organics and a few small flies in sample, filtered through 500um mesh.  **Cover Stuck 1/2 way between buckets.  Moves from wet to dry fine, but only returns 1/2 way to cover Wet bucke;QC: 20110622P Reps: 14.788; 14.426; 6.185; 7.543 Knowns: 104.793; 99.491; 100.279;"
05/17/2011,Yellow Bay Knob @ Flathead Lake BioStation,Phosphorus (Total),TP,34.66,µg/l,,Legacy_AutoAnalyzer -- Nutrients,0,0,Deposition-Dry,918.8,"Bucket in 11V11 @ 1005hrs.  Very high winds last 3 days.  Lots of fine organics and a few small flies in sample, filtered through 500um mesh.  **Cover Stuck 1/2 way between buckets.  Moves from wet to dry fine, but only returns 1/2 way to cover Wet bucket;QC: 20110622P Reps: 14.788; 14.426; 6.185; 7.543 Knowns: 104.793; 99.491; 100.279;"
05/25/2011,Yellow Bay Knob @ Flathead Lake BioStation,Nitrogen (Total),TN,287.599,µg/l,,Legacy_AutoAnalyzer -- Nutrients,0,0,Deposition-Dry,1039.9,"Bucket in 17V11 @ 1100 hours.  Some fine organics and 1 small beetle in sample.  Filtered through 500 um mesh.  Trace precip, not enough for WET sample.;QC: 20110621N Spikes: 108.600; 103.588 Reps: 121.978; 122.563; 162.359; 172.893 Knowns: 99.422; 100.242;"
05/25/2011,Yellow Bay Knob @ Flathead Lake BioStation,Phosphorus (Total),TP,16.508,µg/l,,Legacy_AutoAnalyzer -- Nutrients,0,0,Deposition-Dry,1039.9,"Bucket in 17V11 @ 1100 hours.  Some fine organics and 1 small beetle in sample.  Filtered through 500 um mesh.  Trace precip, not enough for WET sample.;QC: 20110622P Reps: 14.788; 14.426; 6.185; 7.543 Knowns: 104.793; 99.491; 100.279;"
06/04/2011,Yellow Bay Knob @ Flathead Lake BioStation,Nitrogen (Total),TN,309.838,µg/l,,Legacy_AutoAnalyzer -- Nutrients,0,0,Deposition-Dry,2066.1,"Bucket in 25V11 @ 0910 hours.  Rainy all week, ended last night, warm and sunn today.  Still had a few problems with collector not closing during rain event (some rain water in DRY sample bucket).  Changed batterie again (voltage = 0.00 on old battery).;QC: 20110621N Spikes: 108.600; 103.588 Reps: 121.978; 122.563; 162.359; 172.893 Knowns: 99.422; 100.242;"
06/04/2011,Yellow Bay Knob @ Flathead Lake BioStation,Nitrogen (Total),TN,449.123,µg/l,,Legacy_AutoAnalyzer -- Nutrients,0,0,Deposition-Wet,2284.6,"Bucket in 17V11 @ 1100 hours.  Rainy all week, ended last night, warm and sunn today.  Still had a few problems with collector not closing during rain event (some rain water in DRY sample bucket).  Changed batterie again (voltage = 0.00 on old battery).;QC: 20110621N Spikes: 108.600; 103.588 Reps: 121.978; 122.563; 162.359; 172.893 Knowns: 99.422; 100.242;"
06/04/2011,Yellow Bay Knob @ Flathead Lake BioStation,Phosphorus (Total),TP,2.563,µg/l,,Legacy_AutoAnalyzer -- Nutrients,0,0,Deposition-Wet,2284.6,"Bucket in 17V11 @ 1100 hours.  Rainy all week, ended last night, warm and sunn today.  Still had a few problems with collector not closing during rain event (some rain water in DRY sample bucket).  Changed batterie again (voltage = 0.00 on old battery).;QC: 20110622P Reps: 14.788; 14.426; 6.185; 7.543 Knowns: 104.793; 99.491; 100.279;"
06/04/2011,Yellow Bay Knob @ Flathead Lake BioStation,Phosphorus (Total),TP,8.539,µg/l,,Legacy_AutoAnalyzer -- Nutrients,0,0,Deposition-Dry,2066.1,"Bucket in 25V11 @ 0910 hours.  Rainy all week, ended last night, warm and sunn today.  Still had a few problems with collector not closing during rain event (some rain water in DRY sample bucket).  Changed batterie again (voltage = 0.00 on old battery).;QC: 20110622P Reps: 14.788; 14.426; 6.185; 7.543 Knowns: 104.793; 99.491; 100.279;"
06/11/2011,Yellow Bay Knob @ Flathead Lake BioStation,Nitrogen (Total),TN,333.247,µg/l,,Legacy_AutoAnalyzer -- Nutrients,0,0,Deposition-Dry,770.6,"Bucket in 04VI11 @ 1130 hours.  Rainy, warm, sunny mix for last week.  One bee and moderate organics in sample.  Filtered through 500um mesh.;QC: 20110621N Spikes: 108.600; 103.588 Reps: 121.978; 122.563; 162.359; 172.893 Knowns: 99.422; 100.242;"
06/11/2011,Yellow Bay Knob @ Flathead Lake BioStation,Nitrogen (Total),TN,286.428,µg/l,,Legacy_AutoAnalyzer -- Nutrients,0,0,Deposition-Wet,1546.4,"Bucket in 04VI11 @ 1130 hours.  Rainy, warm, sunny mix for last week. Very clean sample, still filtered through 500um mesh.;QC: 20110621N Spikes: 108.600; 103.588 Reps: 121.978; 122.563; 162.359; 172.893 Knowns: 99.422; 100.242;"
06/11/2011,Yellow Bay Knob @ Flathead Lake BioStation,Phosphorus (Total),TP,3.876,µg/l,,Legacy_AutoAnalyzer -- Nutrients,0,0,Deposition-Wet,1546.4,"Bucket in 04VI11 @ 1130 hours.  Rainy, warm, sunny mix for last week. Very clean sample, still filtered through 500um mesh.;QC: 20110622P Reps: 14.788; 14.426; 6.185; 7.543 Knowns: 104.793; 99.491; 100.279;"
06/11/2011,Yellow Bay Knob @ Flathead Lake BioStation,Phosphorus (Total),TP,46.224,µg/l,,Legacy_AutoAnalyzer -- Nutrients,0,0,Deposition-Dry,770.6,"Bucket in 04VI11 @ 1130 hours.  Rainy, warm, sunny mix for last week.  One bee and moderate organics in sample.  Filtered through 500um mesh.;QC: 20110622P Reps: 14.788; 14.426; 6.185; 7.543 Knowns: 104.793; 99.491; 100.279;"
06/14/2011,Yellow Bay Knob @ Flathead Lake BioStation,Nitrogen (Total),TN,144.802,µg/l,,Legacy_AutoAnalyzer -- Nutrients,0,0,Deposition-Dry,1824.3,"Bucket in 11VI11 @ 1030 hours.  Cool, rainy and windy last 3 days. Clearing today.   Light organics and some pollen  in sample.  Filtered through 500um mesh.  Lid working properly.;QC: 20110621N Spikes: 108.600; 103.588 Reps: 121.978; 122.563; 162.359; 172.893 Knowns: 99.422; 100.242;"
06/14/2011,Yellow Bay Knob @ Flathead Lake BioStation,Nitrogen (Total),TN,434.492,µg/l,,Legacy_AutoAnalyzer -- Nutrients,0,0,Deposition-Wet,1148.8,"Bucket in 11VI11 @ 1030 hours.  Cool, rainy and windy last 3 days. Clearing today.   Light organics and some pollen  in sample.  Filtered through 500um mesh.  Lid working properly.;QC: 20110621N Spikes: 108.600; 103.588 Reps: 121.978; 122.563; 162.359; 172.893 Knowns: 99.422; 100.242;"
06/14/2011,Yellow Bay Knob @ Flathead Lake BioStation,Phosphorus (Total),TP,15.331,µg/l,,Legacy_AutoAnalyzer -- Nutrients,0,0,Deposition-Wet,1148.8,"Bucket in 11VI11 @ 1030 hours.  Cool, rainy and windy last 3 days. Clearing today.   Light organics and some pollen  in sample.  Filtered through 500um mesh.  Lid working properly.;QC: 20110622P Reps: 14.788; 14.426; 6.185; 7.543 Knowns: 104.793; 99.491; 100.279;"
06/14/2011,Yellow Bay Knob @ Flathead Lake BioStation,Phosphorus (Total),TP,18.093,µg/l,,Legacy_AutoAnalyzer -- Nutrients,0,0,Deposition-Dry,1824.3,"Bucket in 11VI11 @ 1030 hours.  Cool, rainy and windy last 3 days. Clearing today.   Light organics and some pollen  in sample.  Filtered through 500um mesh.  Lid working properly.;QC: 20110622P Reps: 14.788; 14.426; 6.185; 7.543 Knowns: 104.793; 99.491; 100.279;"
06/21/2011,Yellow Bay Knob @ Flathead Lake BioStation,Nitrogen (Total),TN,250.209,µg/l,,Legacy_AutoAnalyzer -- Nutrients,0,0,Deposition-Dry,1556.1,"Bucket in 14VI11 @ 0915 hours.  Cool, rainy andcloudy for last week.  Moderate organics and pollen in sample.  Filtered through 500um mesh.;QC: 20110712N Reps: 384.777; 381.851; 2997.178; 2986.729 Knowns: 105.858; 104.454;"
06/21/2011,Yellow Bay Knob @ Flathead Lake BioStation,Nitrogen (Total),TN,711.245,µg/l,,Legacy_AutoAnalyzer -- Nutrients,0,0,Deposition-Wet,826,"Bucket in 14VI11 @ 0915 hours.  Cool, rainy andcloudy for last week. Light organics in sample.  Filtered through 500um mesh.;QC: 20110712N Reps: 384.777; 381.851; 2997.178; 2986.729 Knowns: 105.858; 104.454;"
06/21/2011,Yellow Bay Knob @ Flathead Lake BioStation,Phosphorus (Total),TP,11.437,µg/l,,Legacy_AutoAnalyzer -- Nutrients,0,0,Deposition-Wet,826,"Bucket in 14VI11 @ 0915 hours.  Cool, rainy andcloudy for last week. Light organics in sample.  Filtered through 500um mesh.;QC: 20110622P Reps: 14.788; 14.426; 6.185; 7.543 Knowns: 104.793; 99.491; 100.279;"
06/21/2011,Yellow Bay Knob @ Flathead Lake BioStation,Phosphorus (Total),TP,12.026,µg/l,,Legacy_AutoAnalyzer -- Nutrients,0,0,Deposition-Dry,1556.1,"Bucket in 14VI11 @ 0915 hours.  Cool, rainy andcloudy for last week.  Moderate organics and pollen in sample.  Filtered through 500um mesh.;QC: 20110622P Reps: 14.788; 14.426; 6.185; 7.543 Knowns: 104.793; 99.491; 100.279;"
06/30/2011,Yellow Bay Knob @ Flathead Lake BioStation,Nitrogen (Total),TN,641.384,µg/l,,Legacy_AutoAnalyzer -- Nutrients,0,0,Deposition-Dry,760.5,"Bucket in 21VI11 @ 0915 hours.  Warm and sunny last week and most of this week.  Rain and thunderstorms last night.  Lite organics in sample, filtered through 500um mesh.  High winds at times as well, pollen on filter.;QC: 20110809N Spikes: 109.594; 104.921 Reps: 141.101; 141.101; 116.431; 130.774 Knowns: 106.018; 104.870;"
06/30/2011,Yellow Bay Knob @ Flathead Lake BioStation,Nitrogen (Total),TN,661.878,µg/l,,Legacy_AutoAnalyzer -- Nutrients,0,0,Deposition-Wet,344.1,"Bucket in 21VI11 @ 0915 hours.  Warm and sunny last week and most of this week.  Rain and thunderstorms last night.  Lite organics in sample, filtered through 500um mesh.  High winds at times as well, pollen on filter.  NOT ENOUGH SAMPLE FOR pH.;QC: 20110809N Spikes: 109.594; 104.921 Reps: 141.101; 141.101; 116.431; 130.774 Knowns: 106.018; 104.870;"
06/30/2011,Yellow Bay Knob @ Flathead Lake BioStation,Phosphorus (Total),TP,40.748,µg/l,,Legacy_AutoAnalyzer -- Nutrients,0,0,Deposition-Wet,344.1,"Bucket in 21VI11 @ 0915 hours.  Warm and sunny last week and most of this week.  Rain and thunderstorms last night.  Lite organics in sample, filtered through 500um mesh.  High winds at times as well, pollen on filter.  NOT ENOUGH SAMPLE FOR pH.;QC: 20110802P Spikes: 101.723; 103.952 Reps: 7.672; 7.761; 8.162; 13.061 Knowns: 103.193; 105.187; 101.656;"
06/30/2011,Yellow Bay Knob @ Flathead Lake BioStation,Phosphorus (Total),TP,128.12,µg/l,,Legacy_AutoAnalyzer -- Nutrients,0,0,Deposition-Dry,760.5,"Bucket in 21VI11 @ 0915 hours.  Warm and sunny last week and most of this week.  Rain and thunderstorms last night.  Lite organics in sample, filtered through 500um mesh.  High winds at times as well, pollen on filter.;QC: 20110802P Spikes: 101.723; 103.952 Reps: 7.672; 7.761; 8.162; 13.061 Knowns: 103.193; 105.187; 101.656;"
07/06/2011,Yellow Bay Knob @ Flathead Lake BioStation,Nitrogen (Total),TN,256.994,µg/l,,Legacy_AutoAnalyzer -- Nutrients,0,0,Deposition-Dry,900.1,"Bucket in 30VI11 @ 0930 hours.  Warm and sunny all week.  Zero precip in WET precip bucket.  Lots of gnats, pollen and 1 bumble bee in sample, filtered through 500um mesh.;QC: 20110809N Spikes: 109.594; 104.921 Reps: 141.101; 141.101; 116.431; 130.774 Knowns: 106.018; 104.870;"
07/06/2011,Yellow Bay Knob @ Flathead Lake BioStation,Phosphorus (Total),TP,58.119,µg/l,,Legacy_AutoAnalyzer -- Nutrients,0,0,Deposition-Dry,900.1,"Bucket in 30VI11 @ 0930 hours.  Warm and sunny all week.  Zero precip in WET precip bucket.  Lots of gnats, pollen and 1 bumble bee in sample, filtered through 500um mesh.;QC: 20110802P Spikes: 101.723; 103.952 Reps: 7.672; 7.761; 8.162; 13.061 Knowns: 103.193; 105.187; 101.656;"
07/15/2011,Yellow Bay Knob @ Flathead Lake BioStation,Nitrogen (Total),TN,487.059,µg/l,,Legacy_AutoAnalyzer -- Nutrients,0,0,Deposition-Dry,1121.5,Bucket in 06VII11 @ 0945 hours.  Few gnats and lots of pollen in sample.  Filtered through 500um mesh.  Sunny with thunderstorms for last week.;QC: 20110809N Spikes: 109.594; 104.921 Reps: 141.101; 141.101; 116.431; 130.774 Knowns: 106.018; 104.870;
07/15/2011,Yellow Bay Knob @ Flathead Lake BioStation,Nitrogen (Total),TN,456.651,µg/l,,Legacy_AutoAnalyzer -- Nutrients,0,0,Deposition-Wet,1121.5,Bucket in30VI11 @ 0930 hours.  Few gnats and lots of pollen in sample.  Filtered through 500um mesh.  Sunny with thunderstorms for last week.;QC: 20110809N Spikes: 109.594; 104.921 Reps: 141.101; 141.101; 116.431; 130.774 Knowns: 106.018; 104.870;
07/15/2011,Yellow Bay Knob @ Flathead Lake BioStation,Phosphorus (Total),TP,31.277,µg/l,,Legacy_AutoAnalyzer -- Nutrients,0,0,Deposition-Wet,1121.5,Bucket in30VI11 @ 0930 hours.  Few gnats and lots of pollen in sample.  Filtered through 500um mesh.  Sunny with thunderstorms for last week.;QC: 20110802P Spikes: 101.723; 103.952 Reps: 7.672; 7.761; 8.162; 13.061 Knowns: 103.193; 105.187; 101.656;
07/15/2011,Yellow Bay Knob @ Flathead Lake BioStation,Phosphorus (Total),TP,52.75,µg/l,,Legacy_AutoAnalyzer -- Nutrients,0,0,Deposition-Dry,1121.5,Bucket in 06VII11 @ 0945 hours.  Few gnats and lots of pollen in sample.  Filtered through 500um mesh.  Sunny with thunderstorms for last week.;QC: 20110802P Spikes: 101.723; 103.952 Reps: 7.672; 7.761; 8.162; 13.061 Knowns: 103.193; 105.187; 101.656;
07/22/2011,Yellow Bay Knob @ Flathead Lake BioStation,Nitrogen (Total),TN,325.842,µg/l,,Legacy_AutoAnalyzer -- Nutrients,0,0,Deposition-Dry,805.3,"Bucket in 15VII11 @ 0930 hours.  Mostly sunny with some wind and two thunderstorms last week.  Lots of large organic material in sample (pine needles etc.), filtered through 500um mesh.;QC: 20110809N Spikes: 109.594; 104.921 Reps: 141.101; 141.101; 116.431; 130.774 Knowns: 106.018; 104.870;"
07/22/2011,Yellow Bay Knob @ Flathead Lake BioStation,Nitrogen (Total),TN,300.598,µg/l,,Legacy_AutoAnalyzer -- Nutrients,0,0,Deposition-Wet,1155.9,"Bucket in 15VII11 @ 0930 hours.  Mostly sunny with some wind and two thunderstorms last week.  Lots of large organic material in sample (pine needles etc.), filtered through 500um mesh.;QC: 20110809N Spikes: 109.594; 104.921 Reps: 141.101; 141.101; 116.431; 130.774 Knowns: 106.018; 104.870;"
07/22/2011,Yellow Bay Knob @ Flathead Lake BioStation,Phosphorus (Total),TP,18.049,µg/l,,Legacy_AutoAnalyzer -- Nutrients,0,0,Deposition-Wet,1155.9,"Bucket in 15VII11 @ 0930 hours.  Mostly sunny with some wind and two thunderstorms last week.  Lots of large organic material in sample (pine needles etc.), filtered through 500um mesh.;QC: 20110802P Spikes: 101.723; 103.952 Reps: 7.672; 7.761; 8.162; 13.061 Knowns: 103.193; 105.187; 101.656;"
07/22/2011,Yellow Bay Knob @ Flathead Lake BioStation,Phosphorus (Total),TP,41.146,µg/l,,Legacy_AutoAnalyzer -- Nutrients,0,0,Deposition-Dry,805.3,"Bucket in 15VII11 @ 0930 hours.  Mostly sunny with some wind and two thunderstorms last week.  Lots of large organic material in sample (pine needles etc.), filtered through 500um mesh.;QC: 20110802P Spikes: 101.723; 103.952 Reps: 7.672; 7.761; 8.162; 13.061 Knowns: 103.193; 105.187; 101.656;"
07/29/2011,Yellow Bay Knob @ Flathead Lake BioStation,Nitrogen (Total),TN,242.651,µg/l,,Legacy_AutoAnalyzer -- Nutrients,0,0,Deposition-Dry,784.5,"Bucket in 22VII11 @ 0945 hours.  Mostly cloudy, windy, with trace precip last week.  Few pine needles in sample, filtered through 500 um mesh.;QC: 20110809N Spikes: 109.594; 104.921 Reps: 141.101; 141.101; 116.431; 130.774 Knowns: 106.018; 104.870;"
07/29/2011,Yellow Bay Knob @ Flathead Lake BioStation,Phosphorus (Total),TP,23.394,µg/l,,Legacy_AutoAnalyzer -- Nutrients,0,0,Deposition-Dry,784.5,"Bucket in 22VII11 @ 0945 hours.  Mostly cloudy, windy, with trace precip last week.  Few pine needles in sample, filtered through 500 um mesh.;QC: 20110802P Spikes: 101.723; 103.952 Reps: 7.672; 7.761; 8.162; 13.061 Knowns: 103.193; 105.187; 101.656;"
08/05/2011,Yellow Bay Knob @ Flathead Lake BioStation,Nitrogen (Total),TN,214.591,µg/l,,Legacy_AutoAnalyzer -- Nutrients,0,0,Deposition-Dry,981.7,"Bucket in 29VII11 @ 1115 hours.  Hot, sunny and dry all week.  Few organics and midges in sample, filtered through 500um mesh.;QC: 20111004N Spikes: 108.562 Reps: 139.061; 128.788 Knowns: 109.144; 107.693;"
08/05/2011,Yellow Bay Knob @ Flathead Lake BioStation,Phosphorus (Total),TP,21.288,µg/l,,Legacy_AutoAnalyzer -- Nutrients,0,0,Deposition-Dry,981.7,"Bucket in 29VII11 @ 1115 hours.  Hot, sunny and dry all week.  Few organics and midges in sample, filtered through 500um mesh.;QC: 20110920P Spikes: 98.527; 98.776 Reps: 4.095; 4.095; 6.138; 6.563 Knowns: 98.106; 101.533; 104.753;"
08/12/2011,Yellow Bay Knob @ Flathead Lake BioStation,Nitrogen (Total),TN,220.029,µg/l,,Legacy_AutoAnalyzer -- Nutrients,0,0,Deposition-Dry,1071.8,"Bucket in 05VIII11 @ 0830 hours.  Hot and dry all week.  One fly and a few organics in sample, filtered through 500um mesh.;QC: 20111004N Spikes: 108.562 Reps: 139.061; 128.788 Knowns: 109.144; 107.693;"
08/12/2011,Yellow Bay Knob @ Flathead Lake BioStation,Phosphorus (Total),TP,22.99,µg/l,,Legacy_AutoAnalyzer -- Nutrients,0,0,Deposition-Dry,1071.8,"Bucket in 05VIII11 @ 0830 hours.  Hot and dry all week.  One fly and a few organics in sample, filtered through 500um mesh.;QC: 20110920P Spikes: 98.527; 98.776 Reps: 4.095; 4.095; 6.138; 6.563 Knowns: 98.106; 101.533; 104.753;"
08/18/2011,Yellow Bay Knob @ Flathead Lake BioStation,Nitrogen (Total),TN,243.595,µg/l,,Legacy_AutoAnalyzer -- Nutrients,0,0,Deposition-Dry,968.5,"Bucket in 12VIII11 @ 1400 hours.  Hot and dry all week with some wind.  Few flies, 1 bumble bee and a few pine needles in sample, filtered through 500um mesh.;QC: 20111004N Spikes: 108.562 Reps: 139.061; 128.788 Knowns: 109.144; 107.693;"
08/18/2011,Yellow Bay Knob @ Flathead Lake BioStation,Phosphorus (Total),TP,35.204,µg/l,,Legacy_AutoAnalyzer -- Nutrients,0,0,Deposition-Dry,968.5,"Bucket in 12VIII11 @ 1400 hours.  Hot and dry all week with some wind.  Few flies, 1 bumble bee and a few pine needles in sample, filtered through 500um mesh.;QC: 20110920P Spikes: 98.527; 98.776 Reps: 4.095; 4.095; 6.138; 6.563 Knowns: 98.106; 101.533; 104.753;"
08/25/2011,Yellow Bay Knob @ Flathead Lake BioStation,Nitrogen (Total),TN,226.072,µg/l,,Legacy_AutoAnalyzer -- Nutrients,0,0,Deposition-Dry,800.5,"Bucket in 18VIII11 @ 0815 hours.  Hot, dry, windy at times, fires in the Swan & Bob Marshall.  Fewdipterans, 2 hornets and a few pine needles in sample, filtered through 500 um mesh.  Organics on filter.;QC: 20111004N Spikes: 108.562 Reps: 139.061; 128.788 Knowns: 109.144; 107.693;"
08/25/2011,Yellow Bay Knob @ Flathead Lake BioStation,Phosphorus (Total),TP,32.736,µg/l,,Legacy_AutoAnalyzer -- Nutrients,0,0,Deposition-Dry,800.5,"Bucket in 18VIII11 @ 0815 hours.  Hot, dry, windy at times, fires in the Swan & Bob Marshall.  Fewdipterans, 2 hornets and a few pine needles in sample, filtered through 500 um mesh.  Organics on filter.;QC: 20110920P Spikes: 98.527; 98.776 Reps: 4.095; 4.095; 6.138; 6.563 Knowns: 98.106; 101.533; 104.753;"
09/02/2011,Yellow Bay Knob @ Flathead Lake BioStation,Nitrogen (Total),TN,544.509,µg/l,,Legacy_AutoAnalyzer -- Nutrients,0,0,Deposition-Dry,615.9,"Bucket in 25VIII11 @ 1150 hours.  Some sun, wind and rain over last week.  2 bumble bees and some organics in sample, filtered through 500 um mesh.;QC: 20111004N Spikes: 108.562 Reps: 139.061; 128.788 Knowns: 109.144; 107.693;"
09/02/2011,Yellow Bay Knob @ Flathead Lake BioStation,Nitrogen (Total),TN,551.156,µg/l,,Legacy_AutoAnalyzer -- Nutrients,0,0,Deposition-Wet,1196,"Bucket in 22VII11 @ 0945 hours.  Some sun, wind and rain over last week.  Moderate amount of fine organics in sample, filtered through 500 um mesh.;QC: 20111004N Spikes: 108.562 Reps: 139.061; 128.788 Knowns: 109.144; 107.693;"
09/02/2011,Yellow Bay Knob @ Flathead Lake BioStation,Phosphorus (Total),TP,12.634,µg/l,,Legacy_AutoAnalyzer -- Nutrients,0,0,Deposition-Wet,1196,"Bucket in 22VII11 @ 0945 hours.  Some sun, wind and rain over last week.  Moderate amount of fine organics in sample, filtered through 500 um mesh.;QC: 20110920P Spikes: 98.527; 98.776 Reps: 4.095; 4.095; 6.138; 6.563 Knowns: 98.106; 101.533; 104.753;"
09/02/2011,Yellow Bay Knob @ Flathead Lake BioStation,Phosphorus (Total),TP,32.693,µg/l,,Legacy_AutoAnalyzer -- Nutrients,0,0,Deposition-Dry,615.9,"Bucket in 25VIII11 @ 1150 hours.  Some sun, wind and rain over last week.  2 bumble bees and some organics in sample, filtered through 500 um mesh.;QC: 20110920P Spikes: 98.527; 98.776 Reps: 4.095; 4.095; 6.138; 6.563 Knowns: 98.106; 101.533; 104.753;"
09/08/2011,Yellow Bay Knob @ Flathead Lake BioStation,Nitrogen (Total),TN,73.802,µg/l,,Legacy_AutoAnalyzer -- Nutrients,0,0,Deposition-Dry,940.5,"Bucket in 02IX11 @ 0830 hours. Dry, calm and hot over last week.  Still a few forest fires in the area causing a light haze in the valley.  Some light organics in sample, filtered through 500 um mesh.;QC: 20111004N Spikes: 108.562 Reps: 139.061; 128.788 Knowns: 109.144; 107.693;"
09/08/2011,Yellow Bay Knob @ Flathead Lake BioStation,Phosphorus (Total),TP,9.798,µg/l,,Legacy_AutoAnalyzer -- Nutrients,0,0,Deposition-Dry,940.5,"Bucket in 02IX11 @ 0830 hours. Dry, calm and hot over last week.  Still a few forest fires in the area causing a light haze in the valley.  Some light organics in sample, filtered through 500 um mesh.;QC: 20110920P Spikes: 98.527; 98.776 Reps: 4.095; 4.095; 6.138; 6.563 Knowns: 98.106; 101.533; 104.753;"
09/16/2011,Yellow Bay Knob @ Flathead Lake BioStation,Nitrogen (Total),TN,1163.19,µg/l,,Legacy_AutoAnalyzer -- Nutrients,0,0,Deposition-Dry,939.5,"Bucket in 08IX11 @ 0845 hours.  Windy and warm with trace precip last week.  Grasshopper, beetle, few flies and moderate organics in sample.  Filtered through 500um mesh.;QC: 20111004N Spikes: 108.562 Reps: 139.061; 128.788 Knowns: 109.144; 107.693;"
09/16/2011,Yellow Bay Knob @ Flathead Lake BioStation,Phosphorus (Total),TP,125.111,µg/l,,Legacy_AutoAnalyzer -- Nutrients,0,0,Deposition-Dry,939.5,"Bucket in 08IX11 @ 0845 hours.  Windy and warm with trace precip last week.  Grasshopper, beetle, few flies and moderate organics in sample.  Filtered through 500um mesh.;QC: 20111018P Spikes: 101.495 Reps: 4.758; 4.944 Knowns: 110.543; 100.000;"
09/22/2011,Yellow Bay Knob @ Flathead Lake BioStation,Nitrogen (Total),TN,114.891,µg/l,,Legacy_AutoAnalyzer -- Nutrients,0,0,Deposition-Dry,1404.6,"Bucket in 16IX11 @ 0900 hours.  Mix of clouds, rain, wind and sun for last week.  Two flies and moderate organics in sample.  Filtered through 500um mesh.;QC: 20111004N Spikes: 108.562 Reps: 139.061; 128.788 Knowns: 109.144; 107.693;"
09/22/2011,Yellow Bay Knob @ Flathead Lake BioStation,Nitrogen (Total),TN,237.553,µg/l,,Legacy_AutoAnalyzer -- Nutrients,0,0,Deposition-Wet,1271.8,"Bucket in 02IX11 @ 0830 hours.  Mix of clouds, rain, wind and sun (rain on 19IX11).  Slight fine organics in sample.  Filtered through 500um mesh.;QC: 20111004N Spikes: 108.562 Reps: 139.061; 128.788 Knowns: 109.144; 107.693;"
09/22/2011,Yellow Bay Knob @ Flathead Lake BioStation,Phosphorus (Total),TP,7.33,µg/l,,Legacy_AutoAnalyzer -- Nutrients,0,0,Deposition-Wet,1271.8,"Bucket in 02IX11 @ 0830 hours.  Mix of clouds, rain, wind and sun (rain on 19IX11).  Slight fine organics in sample.  Filtered through 500um mesh.;QC: 20111018P Spikes: 101.495 Reps: 4.758; 4.944 Knowns: 110.543; 100.000;"
09/22/2011,Yellow Bay Knob @ Flathead Lake BioStation,Phosphorus (Total),TP,4.418,µg/l,,Legacy_AutoAnalyzer -- Nutrients,0,0,Deposition-Dry,1404.6,"Bucket in 16IX11 @ 0900 hours.  Mix of clouds, rain, wind and sun for last week.  Two flies and moderate organics in sample.  Filtered through 500um mesh.;QC: 20111018P Spikes: 101.495 Reps: 4.758; 4.944 Knowns: 110.543; 100.000;"
09/28/2011,Yellow Bay Knob @ Flathead Lake BioStation,Nitrogen (Total),TN,108.323,µg/l,,Legacy_AutoAnalyzer -- Nutrients,0,0,Deposition-Dry,1136.1,"Bucket in 22IX11 @ 0910 hours. Mix of sun, clouds, light rain (not enough for wet precip sample) and wind.  Few midges and light organics in sample, filtered through 500um mesh.;QC: 20111206N Reps: 130.602; 118.290; 137.051; 139.396 Knowns: 98.350; 502.303;"
09/28/2011,Yellow Bay Knob @ Flathead Lake BioStation,Phosphorus (Total),TP,14.014,µg/l,,Legacy_AutoAnalyzer -- Nutrients,0,0,Deposition-Dry,1136.1,"Bucket in 22IX11 @ 0910 hours. Mix of sun, clouds, light rain (not enough for wet precip sample) and wind.  Few midges and light organics in sample, filtered through 500um mesh.;QC: 20111115P Spikes: 106.044; 97.503 Reps: 3.106; 2.777; 2.695; 2.654 Knowns: 99.463; 99.535; 99.398;"
10/06/2011,Yellow Bay Knob @ Flathead Lake BioStation,Nitrogen (Total),TN,315.866,µg/l,,Legacy_AutoAnalyzer -- Nutrients,0,0,Deposition-Dry,1430.3,"Bucket in 28IX11 @ 1030 hours. Mix of clouds, rain) and wind.  One dragonfly and moderate organics in sample (possible bird droppings), filtered through 500um mesh.;QC: 20111206N Reps: 130.602; 118.290; 137.051; 139.396 Knowns: 98.350; 502.303;"
10/06/2011,Yellow Bay Knob @ Flathead Lake BioStation,Nitrogen (Total),TN,342.835,µg/l,,Legacy_AutoAnalyzer -- Nutrients,0,0,Deposition-Wet,1810.8,"Bucket in 22IX11 @ 0910 hours. Mix of clouds, rain and wind. Light organics in sample, filtered through 500um mesh.;QC: 20111206N Reps: 130.602; 118.290; 137.051; 139.396 Knowns: 98.350; 502.303;"
10/06/2011,Yellow Bay Knob @ Flathead Lake BioStation,Phosphorus (Total),TP,14.302,µg/l,,Legacy_AutoAnalyzer -- Nutrients,0,0,Deposition-Wet,1810.8,"Bucket in 22IX11 @ 0910 hours. Mix of clouds, rain and wind. Light organics in sample, filtered through 500um mesh.;QC: 20111115P Spikes: 106.044; 97.503 Reps: 3.106; 2.777; 2.695; 2.654 Knowns: 99.463; 99.535; 99.398;"
10/06/2011,Yellow Bay Knob @ Flathead Lake BioStation,Phosphorus (Total),TP,30.684,µg/l,,Legacy_AutoAnalyzer -- Nutrients,0,0,Deposition-Dry,1430.3,"Bucket in 28IX11 @ 1030 hours. Mix of clouds, rain) and wind.  One dragonfly and moderate organics in sample (possible bird droppings), filtered through 500um mesh.;QC: 20111115P Spikes: 106.044; 97.503 Reps: 3.106; 2.777; 2.695; 2.654 Knowns: 99.463; 99.535; 99.398;"
10/14/2011,Yellow Bay Knob @ Flathead Lake BioStation,Nitrogen (Total),TN,101.874,µg/l,,Legacy_AutoAnalyzer -- Nutrients,0,0,Deposition-Dry,1750.9,"Bucket in 06X11 @ 1340 hours.  Rain, wind, clous and sun for last week.  Midges and a few conifer needes in sample, filtered through 500 um mesh.;QC: 20111206N Reps: 130.602; 118.290; 137.051; 139.396 Knowns: 98.350; 502.303;"
10/14/2011,Yellow Bay Knob @ Flathead Lake BioStation,Nitrogen (Total),TN,118.876,µg/l,,Legacy_AutoAnalyzer -- Nutrients,0,0,Deposition-Wet,2731.1,"Bucket in 06X11 @ 1340 hours.  Rain, wind, clous and sun for last week.  Midges and light conifer debris in sample, filtered through 500 um mesh.;QC: 20111206N Reps: 130.602; 118.290; 137.051; 139.396 Knowns: 98.350; 502.303;"
10/14/2011,Yellow Bay Knob @ Flathead Lake BioStation,Phosphorus (Total),TP,1.831,µg/l,,Legacy_AutoAnalyzer -- Nutrients,0,0,Deposition-Wet,2731.1,"Bucket in 06X11 @ 1340 hours.  Rain, wind, clous and sun for last week.  Midges and light conifer debris in sample, filtered through 500 um mesh.;QC: 20111115P Spikes: 106.044; 97.503 Reps: 3.106; 2.777; 2.695; 2.654 Knowns: 99.463; 99.535; 99.398;"
10/14/2011,Yellow Bay Knob @ Flathead Lake BioStation,Phosphorus (Total),TP,4.712,µg/l,,Legacy_AutoAnalyzer -- Nutrients,0,0,Deposition-Dry,1750.9,"Bucket in 06X11 @ 1340 hours.  Rain, wind, clous and sun for last week.  Midges and a few conifer needes in sample, filtered through 500 um mesh.;QC: 20111115P Spikes: 106.044; 97.503 Reps: 3.106; 2.777; 2.695; 2.654 Knowns: 99.463; 99.535; 99.398;"
10/20/2011,Yellow Bay Knob @ Flathead Lake BioStation,Nitrogen (Total),TN,95.425,µg/l,,Legacy_AutoAnalyzer -- Nutrients,0,0,Deposition-Wet,790,"Bucket in 14X11 @ 0900 hours.  Cloudy, rainy and cool for last week.  Sample very clean, filtered through 500um mesh.;QC: 20111206N Reps: 130.602; 118.290; 137.051; 139.396 Knowns: 98.350; 502.303;"
10/20/2011,Yellow Bay Knob @ Flathead Lake BioStation,Phosphorus (Total),TP,1.995,µg/l,,Legacy_AutoAnalyzer -- Nutrients,0,0,Deposition-Wet,790,"Bucket in 14X11 @ 0900 hours.  Cloudy, rainy and cool for last week.  Sample very clean, filtered through 500um mesh.;QC: 20111115P Spikes: 106.044; 97.503 Reps: 3.106; 2.777; 2.695; 2.654 Knowns: 99.463; 99.535; 99.398;"
10/20/2011,Yellow Bay Knob @ Flathead Lake BioStation,Phosphorus (Total),TP,0.4,µg/l,<,Legacy_AutoAnalyzer -- Nutrients,0,0,Deposition-Dry,1899.6,"Bucket in 14X11 @ 0900 hours.  Cloudy, rainy and cool for last week.  Only 1 gnat in sample, filtered through 500um mesh.;QC: 20111115P Spikes: 106.044; 97.503 Reps: 3.106; 2.777; 2.695; 2.654 Knowns: 99.463; 99.535; 99.398;"
10/27/2011,Yellow Bay Knob @ Flathead Lake BioStation,Nitrogen (Total),TN,213.854,µg/l,,Legacy_AutoAnalyzer -- Nutrients,0,0,Deposition-Dry,1234.5,"Bucket in 20X11 @ 1400 hours. Cloudy, cool, windy with trace precip last week.  1 fly, 1 dragonfly, lots of dragonfly eggs and lots of small organics in sample.  Filtered through 500um mesh.;QC: 20111206N Reps: 130.602; 118.290; 137.051; 139.396 Knowns: 98.350; 502.303;"
10/27/2011,Yellow Bay Knob @ Flathead Lake BioStation,Phosphorus (Total),TP,24.962,µg/l,,Legacy_AutoAnalyzer -- Nutrients,0,0,Deposition-Dry,1234.5,"Bucket in 20X11 @ 1400 hours. Cloudy, cool, windy with trace precip last week.  1 fly, 1 dragonfly, lots of dragonfly eggs and lots of small organics in sample.  Filtered through 500um mesh.;QC: 20111115P Spikes: 106.044; 97.503 Reps: 3.106; 2.777; 2.695; 2.654 Knowns: 99.463; 99.535; 99.398;"
11/03/2011,Yellow Bay Knob @ Flathead Lake BioStation,Nitrogen (Total),TN,49.109,µg/l,,Legacy_AutoAnalyzer -- Nutrients,0,0,Deposition-Dry,1058,"Bucket in 27X11 @ 1000 hours. Mix of sun and clouds, cold, and windy ast week.  Morning frost most days.  Using heater for DRY aerosol collector.  1 leaf, 1 pine needle and moderate organics in sample.  Filtered through 500um mesh.;QC: 20111206N Reps: 130.602; 118.290; 137.051; 139.396 Knowns: 98.350; 502.303;"
11/03/2011,Yellow Bay Knob @ Flathead Lake BioStation,Phosphorus (Total),TP,18.459,µg/l,,Legacy_AutoAnalyzer -- Nutrients,0,0,Deposition-Dry,1058,"Bucket in 27X11 @ 1000 hours. Mix of sun and clouds, cold, and windy ast week.  Morning frost most days.  Using heater for DRY aerosol collector.  1 leaf, 1 pine needle and moderate organics in sample.  Filtered through 500um mesh.;QC: 20111115P Spikes: 106.044; 97.503 Reps: 3.106; 2.777; 2.695; 2.654 Knowns: 99.463; 99.535; 99.398;"
11/10/2011,Yellow Bay Knob @ Flathead Lake BioStation,Nitrogen (Total),TN,141.741,µg/l,,Legacy_AutoAnalyzer -- Nutrients,0,0,Deposition-Dry,1456,"Bucket in 03XI11 @ 1000 hours.  1 live fly and light organics in sample.  Filtered through 500um mesh.  Mostly cloudy, cold and light wind for last week.;QC: 20111206N Reps: 130.602; 118.290; 137.051; 139.396 Knowns: 98.350; 502.303;"
11/10/2011,Yellow Bay Knob @ Flathead Lake BioStation,Phosphorus (Total),TP,6.708,µg/l,,Legacy_AutoAnalyzer -- Nutrients,0,0,Deposition-Dry,1456,"Bucket in 03XI11 @ 1000 hours.  1 live fly and light organics in sample.  Filtered through 500um mesh.  Mostly cloudy, cold and light wind for last week.;QC: 20111228P Spikes: 90.191 Reps: 3.918; 3.998 Knowns: 105.831; 94.631;"
11/18/2011,Yellow Bay Knob @ Flathead Lake BioStation,Nitrogen (Total),TN,152.881,µg/l,,Legacy_AutoAnalyzer -- Nutrients,0,0,Deposition-Dry,944.9,"Bucket in 10XI11 @ 0910 hours.  High winds, cold, trace precip for last week.  Few pine needles and moderate to high amount of particulates in sample.  Filtered through 500um mesh.;QC: 20111206N Reps: 130.602; 118.290; 137.051; 139.396 Knowns: 98.350; 502.303;"
11/18/2011,Yellow Bay Knob @ Flathead Lake BioStation,Phosphorus (Total),TP,8.741,µg/l,,Legacy_AutoAnalyzer -- Nutrients,0,0,Deposition-Dry,944.9,"Bucket in 10XI11 @ 0910 hours.  High winds, cold, trace precip for last week.  Few pine needles and moderate to high amount of particulates in sample.  Filtered through 500um mesh.;QC: 20111228P Spikes: 90.191 Reps: 3.918; 3.998 Knowns: 105.831; 94.631;"
11/28/2011,Yellow Bay Knob @ Flathead Lake BioStation,Nitrogen (Total),TN,175.746,µg/l,,Legacy_AutoAnalyzer -- Nutrients,0,0,Deposition-Dry,1006.4,"Bucket in 18XI11 @ 0845 hours.  Windy, cool, light snow and rain for last week.  High amount of organics in sample.  Filtered through 500um mesh.;QC: 20111206N Reps: 130.602; 118.290; 137.051; 139.396 Knowns: 98.350; 502.303;"
11/28/2011,Yellow Bay Knob @ Flathead Lake BioStation,Nitrogen (Total),TN,430.191,µg/l,,Legacy_AutoAnalyzer -- Nutrients,0,0,Deposition-Wet,824,"Bucket in 20X11 @ 1400 hours.  Light scattered rain and snow for last month, finally enough to sample.  Moderate organics in sample, filtered through 500um mesh.;QC: 20111206N Reps: 130.602; 118.290; 137.051; 139.396 Knowns: 98.350; 502.303;"
11/28/2011,Yellow Bay Knob @ Flathead Lake BioStation,Phosphorus (Total),TP,20.299,µg/l,,Legacy_AutoAnalyzer -- Nutrients,0,0,Deposition-Wet,824,"Bucket in 20X11 @ 1400 hours.  Light scattered rain and snow for last month, finally enough to sample.  Moderate organics in sample, filtered through 500um mesh.;QC: 20111228P Spikes: 90.191 Reps: 3.918; 3.998 Knowns: 105.831; 94.631;"
11/28/2011,Yellow Bay Knob @ Flathead Lake BioStation,Phosphorus (Total),TP,14.599,µg/l,,Legacy_AutoAnalyzer -- Nutrients,0,0,Deposition-Dry,1006.4,"Bucket in 18XI11 @ 0845 hours.  Windy, cool, light snow and rain for last week.  High amount of organics in sample.  Filtered through 500um mesh.;QC: 20111228P Spikes: 90.191 Reps: 3.918; 3.998 Knowns: 105.831; 94.631;"
12/06/2011,Yellow Bay Knob @ Flathead Lake BioStation,Nitrogen (Total),TN,75.95,µg/l,,Legacy_AutoAnalyzer -- Nutrients,0,0,Deposition-Dry,1227.3,"Bucket in 28XI11 @ 1310 hours.  Overcast, light wind, air temperature ~0 DegC for last week.  Very light organics in sample, filtered through 500um mesh.;QC: 20120207A Spikes: 107.801 Reps: 144.177; 145.385 Knowns: 106.603; 104.671;Digestion check std=98%"
12/06/2011,Yellow Bay Knob @ Flathead Lake BioStation,Phosphorus (Total),TP,1.527,µg/l,,Legacy_AutoAnalyzer -- Nutrients,0,0,Deposition-Dry,1227.3,"Bucket in 28XI11 @ 1310 hours.  Overcast, light wind, air temperature ~0 DegC for last week.  Very light organics in sample, filtered through 500um mesh.;QC: 20111228P Spikes: 90.191 Reps: 3.918; 3.998 Knowns: 105.831; 94.631;"
12/16/2011,Yellow Bay Knob @ Flathead Lake BioStation,Nitrogen (Total),TN,212.405,µg/l,,Legacy_AutoAnalyzer -- Nutrients,0,0,Deposition-Dry,1034.9,"Bucket in 06XII11 @ 0915 hours.  Cloudy cool with trace snow last week.  Very clean sample, filtered through 500um mesh.;QC: 20120207A Spikes: 107.801 Reps: 144.177; 145.385 Knowns: 106.603; 104.671;Digestion check std=98%"
12/16/2011,Yellow Bay Knob @ Flathead Lake BioStation,Phosphorus (Total),TP,3.219,µg/l,,Legacy_AutoAnalyzer -- Nutrients,0,0,Deposition-Dry,1034.9,"Bucket in 06XII11 @ 0915 hours.  Cloudy cool with trace snow last week.  Very clean sample, filtered through 500um mesh.;QC: 20120125A Reps: 5.469; 5.122 Knowns: 103.183; 105.113;"
01/03/2012,Yellow Bay Knob @ Flathead Lake BioStation,Nitrogen (Total),TN,206.367,µg/l,,Legacy_AutoAnalyzer -- Nutrients,0,0,Deposition-Dry,1099.9,"Bucket in 16XII11 @ 0845 hours.  Jim Craft on vacation and no one collected precip while I was gone.  Only about 100 ml of water left in bucket.  Added DI water to sample in bucket, agitated well and poured through 500 um mesh into sample bottle.  Moderat;QC: 20120207A Spikes: 107.801 Reps: 144.177; 145.385 Knowns: 106.603; 104.671;Digestion check std=98%"
01/03/2012,Yellow Bay Knob @ Flathead Lake BioStation,Nitrogen (Total),TN,320.482,µg/l,,Legacy_AutoAnalyzer -- Nutrients,0,0,Deposition-Wet,698.3,"Bucket in 28XI11 @ 1310 hours.  Jim Craft on vacation and no one collected precip while I was gone.  Light organics in bucket,poured through 500 um mesh .  Weather appears to have been rather mild last 2 weeks (no snow on ground ~ 35 DegF).;QC: 20120207A Spikes: 107.801 Reps: 144.177; 145.385 Knowns: 106.603; 104.671;Digestion check std=98%"
01/03/2012,Yellow Bay Knob @ Flathead Lake BioStation,Phosphorus (Total),TP,13.69,µg/l,,Legacy_AutoAnalyzer -- Nutrients,0,0,Deposition-Wet,698.3,"Bucket in 28XI11 @ 1310 hours.  Jim Craft on vacation and no one collected precip while I was gone.  Light organics in bucket,poured through 500 um mesh .  Weather appears to have been rather mild last 2 weeks (no snow on ground ~ 35 DegF).;QC: 20120125A Reps: 5.469; 5.122 Knowns: 103.183; 105.113;"
01/03/2012,Yellow Bay Knob @ Flathead Lake BioStation,Phosphorus (Total),TP,8.411,µg/l,,Legacy_AutoAnalyzer -- Nutrients,0,0,Deposition-Dry,1099.9,"Bucket in 16XII11 @ 0845 hours.  Jim Craft on vacation and no one collected precip while I was gone.  Only about 100 ml of water left in bucket.  Added DI water to sample in bucket, agitated well and poured through 500 um mesh into sample bottle.  Moderat;QC: 20120125A Reps: 5.469; 5.122 Knowns: 103.183; 105.113;"
01/11/2012,Yellow Bay Knob @ Flathead Lake BioStation,Nitrogen (Total),TN,115.8,µg/l,,Legacy_AutoAnalyzer -- Nutrients,0,0,Deposition-Dry,865.8,Bucket in on 03 I 12 at 0930 hrs.; -Cloudy and warmer temperatures; trace precip last week and last night; lite debris with 2 pine needles; filtered through 500 micron mesh nitex; -Sample was half frozen;QC: 20120207A Spikes: 107.801 Reps: 144.177; 145.385 Knowns: 106.603; 104.671;Digestion check std=98%
01/11/2012,Yellow Bay Knob @ Flathead Lake BioStation,Phosphorus (Total),TP,15.378,µg/l,,Legacy_AutoAnalyzer -- Nutrients,0,0,Deposition-Dry,865.8,Bucket in on 03 I 12 at 0930 hrs.; -Cloudy and warmer temperatures; trace precip last week and last night; lite debris with 2 pine needles; filtered through 500 micron mesh nitex; -Sample was half frozen;QC: 20120125A Reps: 5.469; 5.122 Knowns: 103.183; 105.113;
01/20/2012,Yellow Bay Knob @ Flathead Lake BioStation,Nitrogen (Total),TN,192.48,µg/l,,Legacy_AutoAnalyzer -- Nutrients,0,0,Deposition-Wet,1729.1,"Bucket in on 03 I 2012 at 0930 hrs.; -Major snow stomr started Tuesday night and continued pretty non-stop till this morning ~12-16"" of snow and the bucket was completely full.; -Having issues With contamination of DI water so we left the dry bucket and;QC: 20120207A Spikes: 107.801 Reps: 144.177; 145.385 Knowns: 106.603; 104.671;Digestion check std=98%"
01/20/2012,Yellow Bay Knob @ Flathead Lake BioStation,Phosphorus (Total),TP,8.368,µg/l,,Legacy_AutoAnalyzer -- Nutrients,0,0,Deposition-Wet,1729.1,"Bucket in on 03 I 2012 at 0930 hrs.; -Major snow stomr started Tuesday night and continued pretty non-stop till this morning ~12-16"" of snow and the bucket was completely full.; -Having issues With contamination of DI water so we left the dry bucket and;QC: 20120125A Reps: 5.469; 5.122 Knowns: 103.183; 105.113;"
01/27/2012,Yellow Bay Knob @ Flathead Lake BioStation,Nitrogen (Total),TN,130.973,µg/l,,Legacy_AutoAnalyzer -- Nutrients,0,0,Deposition-Dry,899.7,"Bucket in on 11 I 2012 at 0915, left out longer due to DI water issues.; -Lots of snow last week, high winds lasst week and this week, moderate/lite snow and rain this week. Warmer temps at times.; -Moderate debris only about 250 ml of sample in th ebuck;QC: 20120417O Spikes: 105.933; 0.000 Reps: 113.349; 113.786; 123.786; 123.598 Knowns: 104.207; 108.956;NAP data file KO TN Ch#4 20120417.  Glutamic acid digestion check standard=102%"
01/27/2012,Yellow Bay Knob @ Flathead Lake BioStation,Phosphorus (Total),TP,6.05,µg/l,,Legacy_AutoAnalyzer -- Nutrients,0,0,Deposition-Dry,899.7,"Bucket in on 11 I 2012 at 0915, left out longer due to DI water issues.; -Lots of snow last week, high winds lasst week and this week, moderate/lite snow and rain this week. Warmer temps at times.; -Moderate debris only about 250 ml of sample in th ebuck;QC: 20120321P Spikes: 94.233; 93.360 Reps: 5.482; 6.476; 3.140; 2.998 Knowns: 100.603; 95.399;"
02/01/2012,Yellow Bay Knob @ Flathead Lake BioStation,Nitrogen (Total),TN,56.478,µg/l,,Legacy_AutoAnalyzer -- Nutrients,0,0,Deposition-Dry,730.7,Bucket in on 27 I 2012 at 0845 hrs.; -High winds at times; lite snow/rain at times but not enough to collect a wet precip sample.; -Little debris but still filtered through 500 um mesh nitex;QC: 20120417O Spikes: 105.933; 0.000 Reps: 113.349; 113.786; 123.786; 123.598 Knowns: 104.207; 108.956;NAP data file KO TN Ch#4 20120417.  Glutamic acid digestion check standard=102%
02/01/2012,Yellow Bay Knob @ Flathead Lake BioStation,Phosphorus (Total),TP,1.082,µg/l,,Legacy_AutoAnalyzer -- Nutrients,0,0,Deposition-Dry,730.7,Bucket in on 27 I 2012 at 0845 hrs.; -High winds at times; lite snow/rain at times but not enough to collect a wet precip sample.; -Little debris but still filtered through 500 um mesh nitex;QC: 20120321P Spikes: 94.233; 93.360 Reps: 5.482; 6.476; 3.140; 2.998 Knowns: 100.603; 95.399;
02/09/2012,Yellow Bay Knob @ Flathead Lake BioStation,Nitrogen (Total),TN,89.288,µg/l,,Legacy_AutoAnalyzer -- Nutrients,0,0,Deposition-Dry,1028,Bucket in on 01 II 12 @ 0930 hrs.; -Trace snow yesterday; lite to no wind 1st few days and over the weekend; sunny at times with temps. in the low 20's to mid-30's ; -Little debris in bucket; filtered through 500 micron mesh nitex;;QC: 20120417O Spikes: 105.933; 0.000 Reps: 113.349; 113.786; 123.786; 123.598 Knowns: 104.207; 108.956;NAP data file KO TN Ch#4 20120417.  Glutamic acid digestion check standard=102%
02/09/2012,Yellow Bay Knob @ Flathead Lake BioStation,Phosphorus (Total),TP,1.082,µg/l,,Legacy_AutoAnalyzer -- Nutrients,0,0,Deposition-Dry,1028,Bucket in on 01 II 12 @ 0930 hrs.; -Trace snow yesterday; lite to no wind 1st few days and over the weekend; sunny at times with temps. in the low 20's to mid-30's ; -Little debris in bucket; filtered through 500 micron mesh nitex;;QC: 20120321P Spikes: 94.233; 93.360 Reps: 5.482; 6.476; 3.140; 2.998 Knowns: 100.603; 95.399;
02/15/2012,Yellow Bay Knob @ Flathead Lake BioStation,Nitrogen (Total),TN,140.347,µg/l,,Legacy_AutoAnalyzer -- Nutrients,0,0,Deposition-Dry,1212.2,Bucket in on 09 II 2012 at 1445 hrs.; -Trace snow until friday then snow through the weekend; lite wind at times.; -Little debris; filtered through 500 micron mesh nitex;QC: 20120417O Spikes: 105.933; 0.000 Reps: 113.349; 113.786; 123.786; 123.598 Knowns: 104.207; 108.956;NAP data file KO TN Ch#4 20120417.  Glutamic acid digestion check standard=102%
02/15/2012,Yellow Bay Knob @ Flathead Lake BioStation,Nitrogen (Total),TN,637.189,µg/l,,Legacy_AutoAnalyzer -- Nutrients,0,0,Deposition-Wet,1386.2,Snow collector in on 20 I 2012 @ 1115 hrs.; -Bucket put back in LODA collector for wet precip; -Sample frozen placed in cooler overnight to thaw; -Trace snow and rain until last weekend; then we had enough to collect wet precip sample. Lite to moderate w;QC: 20120417O Spikes: 105.933; 0.000 Reps: 113.349; 113.786; 123.786; 123.598 Knowns: 104.207; 108.956;NAP data file KO TN Ch#4 20120417.  Glutamic acid digestion check standard=102%
02/15/2012,Yellow Bay Knob @ Flathead Lake BioStation,Phosphorus (Total),TP,17.264,µg/l,,Legacy_AutoAnalyzer -- Nutrients,0,0,Deposition-Wet,1386.2,Snow collector in on 20 I 2012 @ 1115 hrs.; -Bucket put back in LODA collector for wet precip; -Sample frozen placed in cooler overnight to thaw; -Trace snow and rain until last weekend; then we had enough to collect wet precip sample. Lite to moderate w;QC: 20120321P Spikes: 94.233; 93.360 Reps: 5.482; 6.476; 3.140; 2.998 Knowns: 100.603; 95.399;
02/15/2012,Yellow Bay Knob @ Flathead Lake BioStation,Phosphorus (Total),TP,1.65,µg/l,,Legacy_AutoAnalyzer -- Nutrients,0,0,Deposition-Dry,1212.2,Bucket in on 09 II 2012 at 1445 hrs.; -Trace snow until friday then snow through the weekend; lite wind at times.; -Little debris; filtered through 500 micron mesh nitex;QC: 20120321P Spikes: 94.233; 93.360 Reps: 5.482; 6.476; 3.140; 2.998 Knowns: 100.603; 95.399;
02/22/2012,Yellow Bay Knob @ Flathead Lake BioStation,Nitrogen (Total),TN,94.1,µg/l,,Legacy_AutoAnalyzer -- Nutrients,0,0,Deposition-Dry,1359.2,Bucket in on 15 II 2012 @ 1615 hrs.; -High wind at times; trace precip in the form of rain primarily warmer weather; -Lite debris: filter through 500 micron mesh nitex;;QC: 20120417O Spikes: 105.933; 0.000 Reps: 113.349; 113.786; 123.786; 123.598 Knowns: 104.207; 108.956;NAP data file KO TN Ch#4 20120417.  Glutamic acid digestion check standard=102%
02/22/2012,Yellow Bay Knob @ Flathead Lake BioStation,Phosphorus (Total),TP,0.798,µg/l,,Legacy_AutoAnalyzer -- Nutrients,0,0,Deposition-Dry,1359.2,Bucket in on 15 II 2012 @ 1615 hrs.; -High wind at times; trace precip in the form of rain primarily warmer weather; -Lite debris: filter through 500 micron mesh nitex;;QC: 20120321P Spikes: 94.233; 93.360 Reps: 5.482; 6.476; 3.140; 2.998 Knowns: 100.603; 95.399;
02/29/2012,Yellow Bay Knob @ Flathead Lake BioStation,Nitrogen (Total),TN,79.476,µg/l,,Legacy_AutoAnalyzer -- Nutrients,0,0,Deposition-Dry,896.1,Bucket in on 22 II 12 @ 1430 hrs; -High winds at times; trace snow; lots of freeze and thaw cycles.; -Lite debris; filtered through 500 micron mesh nitex;QC: 20120417O Spikes: 105.933; 0.000 Reps: 113.349; 113.786; 123.786; 123.598 Knowns: 104.207; 108.956;NAP data file KO TN Ch#4 20120417.  Glutamic acid digestion check standard=102%
02/29/2012,Yellow Bay Knob @ Flathead Lake BioStation,Nitrogen (Total),TN,169.72,µg/l,,Legacy_AutoAnalyzer -- Nutrients,0,0,Deposition-Wet,1013.8,Bucket in on 15 II 12 at 1615 hrs; -Trace snow/rain at times prior to 1-3 inches of snow Friday-Sunday of last week; then trace snow Monday and Tuesday; Forecast is for more snow this week and through the weekend.; -Lite debris; Filtered through 500 um m;QC: 20120417O Spikes: 105.933; 0.000 Reps: 113.349; 113.786; 123.786; 123.598 Knowns: 104.207; 108.956;NAP data file KO TN Ch#4 20120417.  Glutamic acid digestion check standard=102%
02/29/2012,Yellow Bay Knob @ Flathead Lake BioStation,Phosphorus (Total),TP,1.65,µg/l,,Legacy_AutoAnalyzer -- Nutrients,0,0,Deposition-Wet,1013.8,Bucket in on 15 II 12 at 1615 hrs; -Trace snow/rain at times prior to 1-3 inches of snow Friday-Sunday of last week; then trace snow Monday and Tuesday; Forecast is for more snow this week and through the weekend.; -Lite debris; Filtered through 500 um m;QC: 20120321P Spikes: 94.233; 93.360 Reps: 5.482; 6.476; 3.140; 2.998 Knowns: 100.603; 95.399;
02/29/2012,Yellow Bay Knob @ Flathead Lake BioStation,Phosphorus (Total),TP,1.295,µg/l,,Legacy_AutoAnalyzer -- Nutrients,0,0,Deposition-Dry,896.1,Bucket in on 22 II 12 @ 1430 hrs; -High winds at times; trace snow; lots of freeze and thaw cycles.; -Lite debris; filtered through 500 micron mesh nitex;QC: 20120321P Spikes: 94.233; 93.360 Reps: 5.482; 6.476; 3.140; 2.998 Knowns: 100.603; 95.399;
03/07/2012,Yellow Bay Knob @ Flathead Lake BioStation,Nitrogen (Total),TN,87.726,µg/l,,Legacy_AutoAnalyzer -- Nutrients,0,0,Deposition-Dry,881.7,"Bucket in on 29 II 12 at 1130 hrs.; -Aded Typer I ater to Bucket in lab, only ~250 ml of ultra pure in the bucket=evaporation ; -High winds at times; trace precip; air temps up to 50 degrees F at times; -Sparse debris; still flitered through 500 micron m;QC: 20120417O Spikes: 105.933; 0.000 Reps: 113.349; 113.786; 123.786; 123.598 Knowns: 104.207; 108.956;NAP data file KO TN Ch#4 20120417.  Glutamic acid digestion check standard=102%"
03/07/2012,Yellow Bay Knob @ Flathead Lake BioStation,Phosphorus (Total),TP,2.502,µg/l,,Legacy_AutoAnalyzer -- Nutrients,0,0,Deposition-Dry,881.7,"Bucket in on 29 II 12 at 1130 hrs.; -Aded Typer I ater to Bucket in lab, only ~250 ml of ultra pure in the bucket=evaporation ; -High winds at times; trace precip; air temps up to 50 degrees F at times; -Sparse debris; still flitered through 500 micron m;QC: 20120321P Spikes: 94.233; 93.360 Reps: 5.482; 6.476; 3.140; 2.998 Knowns: 100.603; 95.399;"
03/15/2012,Yellow Bay Knob @ Flathead Lake BioStation,Nitrogen (Total),TN,119.723,µg/l,,Legacy_AutoAnalyzer -- Nutrients,0,0,Deposition-Dry,776.4,Bucket in on 07 III 2012 at 1430 hrs.; -High winds at times; some personal fires around the lake and at the station; trace precip; Temperatures had been upwards of 50 degrees F at times.; -Sparse debris; filtered through 500 um mesh nitex;QC: 20120417O Spikes: 105.933; 0.000 Reps: 113.349; 113.786; 123.786; 123.598 Knowns: 104.207; 108.956;NAP data file KO TN Ch#4 20120417.  Glutamic acid digestion check standard=102%
03/15/2012,Yellow Bay Knob @ Flathead Lake BioStation,Phosphorus (Total),TP,4.489,µg/l,,Legacy_AutoAnalyzer -- Nutrients,0,0,Deposition-Dry,776.4,Bucket in on 07 III 2012 at 1430 hrs.; -High winds at times; some personal fires around the lake and at the station; trace precip; Temperatures had been upwards of 50 degrees F at times.; -Sparse debris; filtered through 500 um mesh nitex;QC: 20120321P Spikes: 94.233; 93.360 Reps: 5.482; 6.476; 3.140; 2.998 Knowns: 100.603; 95.399;
03/22/2012,Yellow Bay Knob @ Flathead Lake BioStation,Nitrogen (Total),TN,113,µg/L-N,,Legacy_MurdochTransition,0,0,Deposition-Dry,1510,Bucket in on 15 III 12 @1100 hrs.; -High windstorms at times; lots of precip (snow and rain) with freeze/thaw cycles; -lites debris in the sample; few pine needles; filtered through 500 um mesh nitex;;;
03/22/2012,Yellow Bay Knob @ Flathead Lake BioStation,Nitrogen (Total),TN,178,µg/L-N,,Legacy_MurdochTransition,0,0,Deposition-Wet,2648.9,Bucket in on 29 II 2012 at 1130 hrs.; -High windstorms; lots of rain and snow this week and last week. Freeze thaw cycles; lite debris flitered through 500 um mesh nitex;;
03/22/2012,Yellow Bay Knob @ Flathead Lake BioStation,Phosphorus (Total),TP,8,µg/L-P,,Legacy_MurdochTransition,0,0,Deposition-Wet,2648.9,Bucket in on 29 II 2012 at 1130 hrs.; -High windstorms; lots of rain and snow this week and last week. Freeze thaw cycles; lite debris flitered through 500 um mesh nitex;;
03/22/2012,Yellow Bay Knob @ Flathead Lake BioStation,Phosphorus (Total),TP,2.9,µg/L-P,,Legacy_MurdochTransition,0,0,Deposition-Dry,1510,Bucket in on 15 III 12 @1100 hrs.; -High windstorms at times; lots of precip (snow and rain) with freeze/thaw cycles; -lites debris in the sample; few pine needles; filtered through 500 um mesh nitex;;;
03/28/2012,Yellow Bay Knob @ Flathead Lake BioStation,Nitrogen (Total),TN,121.9,µg/L-N,,Legacy_MurdochTransition,0,0,Deposition-Dry,1180.5,Bucket in on 22 III 2012 at 1030 hrs.; -High winds at times; warm and sunny weather last weekedn and Monday and Tuesday of this week; rain and snow storms in the forcast for the rest of the week and into next week.; -Lite debris; filtered through 500 um;;
03/28/2012,Yellow Bay Knob @ Flathead Lake BioStation,Phosphorus (Total),TP,3.2,µg/L-P,,Legacy_MurdochTransition,0,0,Deposition-Dry,1180.5,Bucket in on 22 III 2012 at 1030 hrs.; -High winds at times; warm and sunny weather last weekedn and Monday and Tuesday of this week; rain and snow storms in the forcast for the rest of the week and into next week.; -Lite debris; filtered through 500 um;;
04/04/2012,Yellow Bay Knob @ Flathead Lake BioStation,Nitrogen (Total),TN,84.6,µg/L-N,,Legacy_MurdochTransition,0,0,Deposition-Dry,1001.2,"Bucket in 28III12 @ 1030 hours.  High winds at times with rain storms.  Warmer weather last 4 days.  People are slash burning in the valley.  USFS conducted a prescribed burn ib Woods Bay yesterday.  Moderate organics in sample, filtered through 500um mes;;"
04/04/2012,Yellow Bay Knob @ Flathead Lake BioStation,Nitrogen (Total),TN,253.8,µg/L-N,,Legacy_MurdochTransition,0,0,Deposition-Wet,1252.3,"Bucket in 22III12 @ 1030 hours.  High winds at times with rain storms.  Warmer weather last 4 days.  Moderate organics in sample, filtered through 500um mesh.;;"
04/04/2012,Yellow Bay Knob @ Flathead Lake BioStation,Phosphorus (Total),TP,5.1,µg/L-P,,Legacy_MurdochTransition,0,0,Deposition-Wet,1252.3,"Bucket in 22III12 @ 1030 hours.  High winds at times with rain storms.  Warmer weather last 4 days.  Moderate organics in sample, filtered through 500um mesh.;;"
04/04/2012,Yellow Bay Knob @ Flathead Lake BioStation,Phosphorus (Total),TP,2.3,µg/L-P,,Legacy_MurdochTransition,0,0,Deposition-Dry,1001.2,"Bucket in 28III12 @ 1030 hours.  High winds at times with rain storms.  Warmer weather last 4 days.  People are slash burning in the valley.  USFS conducted a prescribed burn ib Woods Bay yesterday.  Moderate organics in sample, filtered through 500um mes;;"
04/11/2012,Yellow Bay Knob @ Flathead Lake BioStation,Nitrogen (Total),TN,121.5,µg/L-N,,Legacy_MurdochTransition,0,0,Deposition-Dry,886.3,"Bucket in 04IV12 @ 1400 hours.  Moderate to high winds at times.  Mostly dry for last week.  Air temps in the 60's at times.  Light debris in the samples, filtered through 500um mesh.;;"
04/11/2012,Yellow Bay Knob @ Flathead Lake BioStation,Phosphorus (Total),TP,4.8,µg/L-P,,Legacy_MurdochTransition,0,0,Deposition-Dry,886.3,"Bucket in 04IV12 @ 1400 hours.  Moderate to high winds at times.  Mostly dry for last week.  Air temps in the 60's at times.  Light debris in the samples, filtered through 500um mesh.;;"
04/19/2012,Yellow Bay Knob @ Flathead Lake BioStation,Nitrogen (Total),TN,322.1,µg/L-N,,Legacy_MurdochTransition,0,0,Deposition-Wet,1958.3,"Bucket in 04IV12 @ 1400 hours.  Moderate to high winds at times with heavy rain and snow showers.  Warm day time temps, but still fairly cold nights.  No debris in sample, filtered through 500 um mesh anyway.  SPILT about 10g of sample while filtering (ad;;"
04/19/2012,Yellow Bay Knob @ Flathead Lake BioStation,Nitrogen (Total),TN,380.6,µg/L-N,,Legacy_MurdochTransition,0,0,Deposition-Dry,1043.7,"Bucket in 11IV12 @ 1000 hours.  Moderate to high winds at times with heavy rain and snow showers.  Warm day time temps, but still fairly cold nights.  One dipteran in sample, filtered through 500 um mesh .  Still some slash burning in the valley.;;"
04/19/2012,Yellow Bay Knob @ Flathead Lake BioStation,Phosphorus (Total),TP,15.4,µg/L-P,,Legacy_MurdochTransition,0,0,Deposition-Dry,1043.7,"Bucket in 11IV12 @ 1000 hours.  Moderate to high winds at times with heavy rain and snow showers.  Warm day time temps, but still fairly cold nights.  One dipteran in sample, filtered through 500 um mesh .  Still some slash burning in the valley.;;"
04/19/2012,Yellow Bay Knob @ Flathead Lake BioStation,Phosphorus (Total),TP,2.3,µg/L-P,,Legacy_MurdochTransition,0,0,Deposition-Wet,1958.3,"Bucket in 04IV12 @ 1400 hours.  Moderate to high winds at times with heavy rain and snow showers.  Warm day time temps, but still fairly cold nights.  No debris in sample, filtered through 500 um mesh anyway.  SPILT about 10g of sample while filtering (ad;;"
04/27/2012,Yellow Bay Knob @ Flathead Lake BioStation,Nitrogen (Total),TN,1079.1,µg/L-N,,Legacy_MurdochTransition,0,0,Deposition-Dry,787.4,"Bucket in on 19 IV 2012 at 1100 hrs. ; -Windy and warm, scattered heavy rain for the last week.; -Moderate organics and a few flies in sample. Filtered through 500 um mesh nitex.;;"
04/27/2012,Yellow Bay Knob @ Flathead Lake BioStation,Nitrogen (Total),TN,287.5,µg/L-N,,Legacy_MurdochTransition,0,0,Deposition-Wet,1171.1,"Bucket in on 19IV12 at 1100 hours; -windy, warm, scattered heavy rain for the last week.; -very light organics in sample, filtereed through 500 um mesh nitex;;"
04/27/2012,Yellow Bay Knob @ Flathead Lake BioStation,Phosphorus (Total),TP,13.3,µg/L-P,,Legacy_MurdochTransition,0,0,Deposition-Wet,1171.1,"Bucket in on 19IV12 at 1100 hours; -windy, warm, scattered heavy rain for the last week.; -very light organics in sample, filtereed through 500 um mesh nitex;;"
04/27/2012,Yellow Bay Knob @ Flathead Lake BioStation,Phosphorus (Total),TP,183.5,µg/L-P,,Legacy_MurdochTransition,0,0,Deposition-Dry,787.4,"Bucket in on 19 IV 2012 at 1100 hrs. ; -Windy and warm, scattered heavy rain for the last week.; -Moderate organics and a few flies in sample. Filtered through 500 um mesh nitex.;;"
05/03/2012,Yellow Bay Knob @ Flathead Lake BioStation,Nitrogen (Total),TN,140.6,µg/L-N,,Legacy_MurdochTransition,0,0,Deposition-Dry,1452.2,"Bucket in on 27 IV 12 at 0930 hrs.; -windy at times and warm days with cool nights until this week, colder with rain showers.; -Moderate organics and 1 Dipteran; Filtered through 500 um mesh nitex.;;"
05/03/2012,Yellow Bay Knob @ Flathead Lake BioStation,Nitrogen (Total),TN,510.6,µg/L-N,,Legacy_MurdochTransition,0,0,Deposition-Wet,656.8,Bucket in on 27 IV 12 at 0930 hrs.; -Windy at times with warm days over the weekend; cold nights turning to colder weather this week with rain stormsl.; -Lite organics; filtered through 500 um mesh nitex.;;
05/03/2012,Yellow Bay Knob @ Flathead Lake BioStation,Phosphorus (Total),TP,37.6,µg/L-P,,Legacy_MurdochTransition,0,0,Deposition-Wet,656.8,Bucket in on 27 IV 12 at 0930 hrs.; -Windy at times with warm days over the weekend; cold nights turning to colder weather this week with rain stormsl.; -Lite organics; filtered through 500 um mesh nitex.;;
05/03/2012,Yellow Bay Knob @ Flathead Lake BioStation,Phosphorus (Total),TP,10.1,µg/L-P,,Legacy_MurdochTransition,0,0,Deposition-Dry,1452.2,"Bucket in on 27 IV 12 at 0930 hrs.; -windy at times and warm days with cool nights until this week, colder with rain showers.; -Moderate organics and 1 Dipteran; Filtered through 500 um mesh nitex.;;"
05/10/2012,Yellow Bay Knob @ Flathead Lake BioStation,Nitrogen (Total),TN,367.7,µg/L-N,,Legacy_MurdochTransition,0,0,Deposition-Dry,580.3,"Bucket in on 03V12 @ 0955 hrs.; -Mostly sunny, dry, and calm for the last week, windy today and yesterday.; -Slight haze in the valley, light pollen; -light organics in the sample, filtered through 500 um mesh;;"
05/10/2012,Yellow Bay Knob @ Flathead Lake BioStation,Phosphorus (Total),TP,30.9,µg/L-P,,Legacy_MurdochTransition,0,0,Deposition-Dry,580.3,"Bucket in on 03V12 @ 0955 hrs.; -Mostly sunny, dry, and calm for the last week, windy today and yesterday.; -Slight haze in the valley, light pollen; -light organics in the sample, filtered through 500 um mesh;;"
05/16/2012,Yellow Bay Knob @ Flathead Lake BioStation,Nitrogen (Total),TN,223.9,µg/L-N,,Legacy_MurdochTransition,0,0,Deposition-Dry,648,Bucket in on 10 V 12 @ 1000 hrs.; -Mostly sunny and warm; High winds at times ; -Lite organics and pollen; 1 fly; filtered through 500 um mesh nitex;;
05/16/2012,Yellow Bay Knob @ Flathead Lake BioStation,Phosphorus (Total),TP,34.4,µg/L-P,,Legacy_MurdochTransition,0,0,Deposition-Dry,648,Bucket in on 10 V 12 @ 1000 hrs.; -Mostly sunny and warm; High winds at times ; -Lite organics and pollen; 1 fly; filtered through 500 um mesh nitex;;
05/25/2012,Yellow Bay Knob @ Flathead Lake BioStation,Nitrogen (Total),TN,550.6,µg/L-N,,Legacy_MurdochTransition,0,0,Deposition-Dry,709.4,Bucket in on 16 V 12 at 1445 hrs.; -Rain and wind all week. Pollen pretty heavy in the air.; -Moderate to high organics in sample; filtered through 500 um mesh;;
05/25/2012,Yellow Bay Knob @ Flathead Lake BioStation,Nitrogen (Total),TN,242.7,µg/L-N,,Legacy_MurdochTransition,0,0,Deposition-Wet,1622.6,"Bucket in on 3 V 12 at 0955 hrs. ; -Rain and wind all week. Pollen heavy in the air; -Light organics in sample, filtered through 500 um mesh;;"
05/25/2012,Yellow Bay Knob @ Flathead Lake BioStation,Phosphorus (Total),TP,6.1,µg/L-P,,Legacy_MurdochTransition,0,0,Deposition-Wet,1622.6,"Bucket in on 3 V 12 at 0955 hrs. ; -Rain and wind all week. Pollen heavy in the air; -Light organics in sample, filtered through 500 um mesh;;"
05/25/2012,Yellow Bay Knob @ Flathead Lake BioStation,Phosphorus (Total),TP,59.9,µg/L-P,,Legacy_MurdochTransition,0,0,Deposition-Dry,709.4,Bucket in on 16 V 12 at 1445 hrs.; -Rain and wind all week. Pollen pretty heavy in the air.; -Moderate to high organics in sample; filtered through 500 um mesh;;
06/01/2012,Yellow Bay Knob @ Flathead Lake BioStation,Nitrogen (Total),TN,278.8,µg/L-N,,Legacy_MurdochTransition,0,0,Deposition-Dry,1308,Bucket in on 25 V 2012 at 100 hrs. ; -Lots of rain last six days; high winds at times; cooler weather; -Moderate debris in sample but small size; filtered through 500 um mesh nitex.;;
06/01/2012,Yellow Bay Knob @ Flathead Lake BioStation,Nitrogen (Total),TN,372.8,µg/L-N,,Legacy_MurdochTransition,0,0,Deposition-Wet,1941,Bucket in on 25 V 12 atr 1000hrs. ; -Lots of rain last six days; high winds at times; cooler weather ; -Moderate debris but small size; filtered through 500 um mesh nitex.;;
06/01/2012,Yellow Bay Knob @ Flathead Lake BioStation,Phosphorus (Total),TP,2.4,µg/L-P,,Legacy_MurdochTransition,0,0,Deposition-Wet,1941,Bucket in on 25 V 12 atr 1000hrs. ; -Lots of rain last six days; high winds at times; cooler weather ; -Moderate debris but small size; filtered through 500 um mesh nitex.;;
06/01/2012,Yellow Bay Knob @ Flathead Lake BioStation,Phosphorus (Total),TP,22.9,µg/L-P,,Legacy_MurdochTransition,0,0,Deposition-Dry,1308,Bucket in on 25 V 2012 at 100 hrs. ; -Lots of rain last six days; high winds at times; cooler weather; -Moderate debris in sample but small size; filtered through 500 um mesh nitex.;;
06/09/2012,Yellow Bay Knob @ Flathead Lake BioStation,Nitrogen (Total),TN,288.8,µg/L-N,,Legacy_MurdochTransition,0,0,Deposition-Dry,1056.5,"Bucket in on 01 VI 12 @ 0900 hrs.; -Rainy, cool, moderate wind for the last week. Light organics in the sample. Filtered through 500 um mesh.;;"
06/09/2012,Yellow Bay Knob @ Flathead Lake BioStation,Nitrogen (Total),TN,178.7,µg/L-N,,Legacy_MurdochTransition,0,0,Deposition-Wet,3478.4,"Bucket in on 01 VI 12 at 0900 hrs. ; -Rainy, cool, moderate wind for the last week. Light organics in sample. Filtered through 500 um mesh.;;"
06/09/2012,Yellow Bay Knob @ Flathead Lake BioStation,Phosphorus (Total),TP,9.4,µg/L-P,,Legacy_MurdochTransition,0,0,Deposition-Wet,3478.4,"Bucket in on 01 VI 12 at 0900 hrs. ; -Rainy, cool, moderate wind for the last week. Light organics in sample. Filtered through 500 um mesh.;;"
06/09/2012,Yellow Bay Knob @ Flathead Lake BioStation,Phosphorus (Total),TP,27.3,µg/L-P,,Legacy_MurdochTransition,0,0,Deposition-Dry,1056.5,"Bucket in on 01 VI 12 @ 0900 hrs.; -Rainy, cool, moderate wind for the last week. Light organics in the sample. Filtered through 500 um mesh.;;"
06/13/2012,Yellow Bay Knob @ Flathead Lake BioStation,Nitrogen (Total),TN,236.5,µg/L-N,,Legacy_MurdochTransition,0,0,Deposition-Wet,2286.3,Bucket in on 09 VI 12 at 0930 hrs.; -Lite organics in sample with some pollen; Filtered through 500 um mesh ; -High winds at times over the weekend and rain; Sunny Monday and part of Tuesday.;;
06/13/2012,Yellow Bay Knob @ Flathead Lake BioStation,Nitrogen (Total),TN,106.3,µg/L-N,,Legacy_MurdochTransition,0,0,Deposition-Dry,1412.4,Bucket in on 09 VI 12 at 0930 hrs.; -Lite organics and some pollen in sample; filtered through 500 um mesh; -High winds at times and rain; Sunny Monday and part of Tuesday.;;
06/13/2012,Yellow Bay Knob @ Flathead Lake BioStation,Phosphorus (Total),TP,9.7,µg/L-P,,Legacy_MurdochTransition,0,0,Deposition-Dry,1412.4,Bucket in on 09 VI 12 at 0930 hrs.; -Lite organics and some pollen in sample; filtered through 500 um mesh; -High winds at times and rain; Sunny Monday and part of Tuesday.;;
06/13/2012,Yellow Bay Knob @ Flathead Lake BioStation,Phosphorus (Total),TP,8.9,µg/L-P,,Legacy_MurdochTransition,0,0,Deposition-Wet,2286.3,Bucket in on 09 VI 12 at 0930 hrs.; -Lite organics in sample with some pollen; Filtered through 500 um mesh ; -High winds at times over the weekend and rain; Sunny Monday and part of Tuesday.;;
06/21/2012,Yellow Bay Knob @ Flathead Lake BioStation,Nitrogen (Total),TN,281.2,µg/L-N,,Legacy_MurdochTransition,0,0,Deposition-Dry,893,Bucket in on 13 VI 12 at 1030 hrs.; -Heavy organics and noticeable pollen ring in the bucket; filtered through 500 um mesh nitex; -High winds and showers at times; warm and sunny last two days;;
06/21/2012,Yellow Bay Knob @ Flathead Lake BioStation,Nitrogen (Total),TN,437.7,µg/L-N,,Legacy_MurdochTransition,0,0,Deposition-Wet,835.4,Bucket in on 13 VI 12 at 1030 hrs.; -Lite organics; filtered through 500 um mesh nitex; -High winds and showers at times; Warm and sunny last two days;;
06/21/2012,Yellow Bay Knob @ Flathead Lake BioStation,Phosphorus (Total),TP,24.1,µg/L-P,,Legacy_MurdochTransition,0,0,Deposition-Wet,835.4,Bucket in on 13 VI 12 at 1030 hrs.; -Lite organics; filtered through 500 um mesh nitex; -High winds and showers at times; Warm and sunny last two days;;
06/21/2012,Yellow Bay Knob @ Flathead Lake BioStation,Phosphorus (Total),TP,43.5,µg/L-P,,Legacy_MurdochTransition,0,0,Deposition-Dry,893,Bucket in on 13 VI 12 at 1030 hrs.; -Heavy organics and noticeable pollen ring in the bucket; filtered through 500 um mesh nitex; -High winds and showers at times; warm and sunny last two days;;
06/28/2012,Yellow Bay Knob @ Flathead Lake BioStation,Nitrogen (Total),TN,524.9,µg/L-N,,Legacy_MurdochTransition,0,0,Deposition-Dry,1343.6,"Bucket in on 28 VI 12 at 0950 hrs.; -Heavy organics and 1 Hymenoptera and 3 Coleoptera in sample; Filtered through 500 um mesh nitex; -Warm and sunny last two days but thunderstorms and rain at times Saturday, Sunday, and Tuesday. High winds came wirth t;;"
06/28/2012,Yellow Bay Knob @ Flathead Lake BioStation,Phosphorus (Total),TP,131.3,µg/L-P,,Legacy_MurdochTransition,0,0,Deposition-Dry,1343.6,"Bucket in on 28 VI 12 at 0950 hrs.; -Heavy organics and 1 Hymenoptera and 3 Coleoptera in sample; Filtered through 500 um mesh nitex; -Warm and sunny last two days but thunderstorms and rain at times Saturday, Sunday, and Tuesday. High winds came wirth t;;"
07/05/2012,Yellow Bay Knob @ Flathead Lake BioStation,Nitrogen (Total),TN,509.4,µg/L-N,,Legacy_MurdochTransition,0,0,Deposition-Dry,851.1,Bucket in on 28 VI 12 at 0950 hrs. ; -Heavy organics and 7 flies (Hymenoptera and Dipterans) in the sample; filtered through 500 um mesh nitex; -Warm aand sunny with intermittent thunder and rainstorms at times coupled with high winds;;
07/05/2012,Yellow Bay Knob @ Flathead Lake BioStation,Nitrogen (Total),TN,455.1,µg/L-N,,Legacy_MurdochTransition,0,0,Deposition-Wet,2049.6,Bucket in on 21 VI 12 at 1130 hrs. ; -Lite organics in the sample; filtered through 500 um mesh nitex.; -Heavy winds coupled with thunder and rainstorms at times that provided current sample; Moistly dry with warm sunny weather;;
07/05/2012,Yellow Bay Knob @ Flathead Lake BioStation,Phosphorus (Total),TP,14.8,µg/L-P,,Legacy_MurdochTransition,0,0,Deposition-Wet,2049.6,Bucket in on 21 VI 12 at 1130 hrs. ; -Lite organics in the sample; filtered through 500 um mesh nitex.; -Heavy winds coupled with thunder and rainstorms at times that provided current sample; Moistly dry with warm sunny weather;;
07/05/2012,Yellow Bay Knob @ Flathead Lake BioStation,Phosphorus (Total),TP,97.2,µg/L-P,,Legacy_MurdochTransition,0,0,Deposition-Dry,851.1,Bucket in on 28 VI 12 at 0950 hrs. ; -Heavy organics and 7 flies (Hymenoptera and Dipterans) in the sample; filtered through 500 um mesh nitex; -Warm aand sunny with intermittent thunder and rainstorms at times coupled with high winds;;
07/12/2012,Yellow Bay Knob @ Flathead Lake BioStation,Nitrogen (Total),TN,126.4,µg/L-N,,Legacy_MurdochTransition,0,0,Deposition-Dry,1095.8,Bucket in on 05 VII 12 at 1330 hrs.; -Dry and sunny this last week except for Monday night there were thnuderstorms that brought rain. Hot temps between 85-90 degrees F; -Lite organics in bucket; water evaporated during the week; replenished water in the;;
07/12/2012,Yellow Bay Knob @ Flathead Lake BioStation,Phosphorus (Total),TP,44.6,µg/L-P,,Legacy_MurdochTransition,0,0,Deposition-Dry,1095.8,Bucket in on 05 VII 12 at 1330 hrs.; -Dry and sunny this last week except for Monday night there were thnuderstorms that brought rain. Hot temps between 85-90 degrees F; -Lite organics in bucket; water evaporated during the week; replenished water in the;;
07/19/2012,Yellow Bay Knob @ Flathead Lake BioStation,Nitrogen (Total),TN,137.7,µg/L-N,,Legacy_MurdochTransition,0,0,Deposition-Dry,1450.2,"Bucket in on 12 VII 12 at 1523 hrs.; -Very light organics in the sample; filtered through 500 um mesh nitex; -Hot, sunny, hazy all week. Heavy rain in 15 VII 12, all day; ***Cover stuck over dry bucket;;"
07/19/2012,Yellow Bay Knob @ Flathead Lake BioStation,Nitrogen (Total),TN,470.1,µg/L-N,,Legacy_MurdochTransition,0,0,Deposition-Wet,1525.2,Bucket in 05 VII 12 at 1330 hrs.; -Very light organics in sample; filtered through 500 um mesh; -Heavy rain all day on 15 VII 12. ; -Hazy for past 2 weeks; ***Cover stuck over the dry bucket.;;;
07/19/2012,Yellow Bay Knob @ Flathead Lake BioStation,Phosphorus (Total),TP,10.6,µg/L-P,,Legacy_MurdochTransition,0,0,Deposition-Wet,1525.2,Bucket in 05 VII 12 at 1330 hrs.; -Very light organics in sample; filtered through 500 um mesh; -Heavy rain all day on 15 VII 12. ; -Hazy for past 2 weeks; ***Cover stuck over the dry bucket.;;;
07/19/2012,Yellow Bay Knob @ Flathead Lake BioStation,Phosphorus (Total),TP,7.9,µg/L-P,,Legacy_MurdochTransition,0,0,Deposition-Dry,1450.2,"Bucket in on 12 VII 12 at 1523 hrs.; -Very light organics in the sample; filtered through 500 um mesh nitex; -Hot, sunny, hazy all week. Heavy rain in 15 VII 12, all day; ***Cover stuck over dry bucket;;"
07/25/2012,Yellow Bay Knob @ Flathead Lake BioStation,Nitrogen (Total),TN,73.9,µg/L-N,,Legacy_MurdochTransition,0,0,Deposition-Dry,1106.59,"Bucket in 19 VII 12 @ 0930 hrs.; -Very light organics in sample, ~6 small pine needles; filtered through 500 um mesh; -Hot and sunny all week, with some variable winds on 23 VII 12 and 24 VII 12, Temps. in the 80-90's all week.;;"
07/25/2012,Yellow Bay Knob @ Flathead Lake BioStation,Phosphorus (Total),TP,9.2,µg/L-P,,Legacy_MurdochTransition,0,0,Deposition-Dry,1106.59,"Bucket in 19 VII 12 @ 0930 hrs.; -Very light organics in sample, ~6 small pine needles; filtered through 500 um mesh; -Hot and sunny all week, with some variable winds on 23 VII 12 and 24 VII 12, Temps. in the 80-90's all week.;;"
08/01/2012,Yellow Bay Knob @ Flathead Lake BioStation,Nitrogen (Total),TN,224.5,µg/L-N,,Legacy_MurdochTransition,0,0,Deposition-Dry,889.5,"Bucket in 25VII12 @ 0920 hours.  Hot, sunny and dry for last week.  Light organics in sample, filtered through 500um mesh.;;"
08/01/2012,Yellow Bay Knob @ Flathead Lake BioStation,Phosphorus (Total),TP,11.9,µg/L-P,,Legacy_MurdochTransition,0,0,Deposition-Dry,889.5,"Bucket in 25VII12 @ 0920 hours.  Hot, sunny and dry for last week.  Light organics in sample, filtered through 500um mesh.;;"
08/03/2012,Yellow Bay Knob @ Flathead Lake BioStation,Nitrogen (Total),TN,421.3,µg/L-N,,Legacy_MurdochTransition,0,0,Deposition-Wet,1010.77,"Bucket in 19VII12 @ 0930 hours.  Heavy rain last night.  Light organics in sample, filtered through 500um mesh.; Bucket in 19VII12 @ 0930 hours.  Heavy rain last night.  Light organics in sample, filtered through 500um mesh.  Collected and filtered by Phi;;"
08/03/2012,Yellow Bay Knob @ Flathead Lake BioStation,Phosphorus (Total),TP,13.5,µg/L-P,,Legacy_MurdochTransition,0,0,Deposition-Wet,1010.77,"Bucket in 19VII12 @ 0930 hours.  Heavy rain last night.  Light organics in sample, filtered through 500um mesh.; Bucket in 19VII12 @ 0930 hours.  Heavy rain last night.  Light organics in sample, filtered through 500um mesh.  Collected and filtered by Phi;;"
08/10/2012,Yellow Bay Knob @ Flathead Lake BioStation,Nitrogen (Total),TN,242.5,µg/L-N,,Legacy_MurdochTransition,0,0,Deposition-Dry,886.8,"Bucket in on 01 VIII 12 at 0930 hrs.; -Few bugs in sample. Only about 200 ml in bucket.; -Added DI water to bucket, stirred up and then filtered through 500 um mesh nitex into sample bottle.; -Hot and dry for the last week.; **Smokey in the vally last tw;;"
08/10/2012,Yellow Bay Knob @ Flathead Lake BioStation,Phosphorus (Total),TP,36.3,µg/L-P,,Legacy_MurdochTransition,0,0,Deposition-Dry,886.8,"Bucket in on 01 VIII 12 at 0930 hrs.; -Few bugs in sample. Only about 200 ml in bucket.; -Added DI water to bucket, stirred up and then filtered through 500 um mesh nitex into sample bottle.; -Hot and dry for the last week.; **Smokey in the vally last tw;;"
08/17/2012,Yellow Bay Knob @ Flathead Lake BioStation,Nitrogen (Total),TN,150.6,µg/L-N,,Legacy_MurdochTransition,0,0,Deposition-Dry,1398.5,"Bucket in 10VIII12 @ 0830 hours.  Hot, dry and windy for last week.  Some haze from smoke.  Light organics and a few pine needles in sample, filtered through 500um mesh.  Collected and filtered by Phil Matson.;;"
08/17/2012,Yellow Bay Knob @ Flathead Lake BioStation,Phosphorus (Total),TP,20.5,µg/L-P,,Legacy_MurdochTransition,0,0,Deposition-Dry,1398.5,"Bucket in 10VIII12 @ 0830 hours.  Hot, dry and windy for last week.  Some haze from smoke.  Light organics and a few pine needles in sample, filtered through 500um mesh.  Collected and filtered by Phil Matson.;;"
08/23/2012,Yellow Bay Knob @ Flathead Lake BioStation,Nitrogen (Total),TN,184.7,µg/L-N,,Legacy_MurdochTransition,0,0,Deposition-Dry,1081.8,"BUcket in 17 VIII12 @ 1002 hours.  HAZY from SMOKE in the valley.  Hot, sunny, light wind for last week.  Moderate organics in sample, filtered through 500um mesh.  ***Cover over DRY BUCKET when collected.  Seems to be working fine, may have triggered yes;;"
08/23/2012,Yellow Bay Knob @ Flathead Lake BioStation,Phosphorus (Total),TP,17.7,µg/L-P,,Legacy_MurdochTransition,0,0,Deposition-Dry,1081.8,"BUcket in 17 VIII12 @ 1002 hours.  HAZY from SMOKE in the valley.  Hot, sunny, light wind for last week.  Moderate organics in sample, filtered through 500um mesh.  ***Cover over DRY BUCKET when collected.  Seems to be working fine, may have triggered yes;;"
08/30/2012,Yellow Bay Knob @ Flathead Lake BioStation,Nitrogen (Total),TN,608.5,µg/L-N,,Legacy_MurdochTransition,0,0,Deposition-Dry,842.9,"Bucket in 23VIII12 @ 0830 hours.  HAZY from SMOKE (very bad at times).  Hot, sunny, humid occasional wind.  Moderate to heavy organics in sample , plus 1 large beetle.  Filtered through 500um mesh.;;"
08/30/2012,Yellow Bay Knob @ Flathead Lake BioStation,Phosphorus (Total),TP,116.9,µg/L-P,,Legacy_MurdochTransition,0,0,Deposition-Dry,842.9,"Bucket in 23VIII12 @ 0830 hours.  HAZY from SMOKE (very bad at times).  Hot, sunny, humid occasional wind.  Moderate to heavy organics in sample , plus 1 large beetle.  Filtered through 500um mesh.;;"
09/07/2012,Yellow Bay Knob @ Flathead Lake BioStation,Nitrogen (Total),TN,472.6,µg/L-N,,Legacy_MurdochTransition,0,0,Deposition-Dry,928.1,Bucket in on 30 VIII 12 at 1110 hrs. ; -Still some fires in W. Montana; high winds at times but mostly dryand hot with tome showers from thunderstorms. Light organics and 1 bee in the sample; filtered through 500 um mesh nitex; ** LODA went down on 06 IX;;
09/07/2012,Yellow Bay Knob @ Flathead Lake BioStation,Phosphorus (Total),TP,100.1,µg/L-P,,Legacy_MurdochTransition,0,0,Deposition-Dry,928.1,Bucket in on 30 VIII 12 at 1110 hrs. ; -Still some fires in W. Montana; high winds at times but mostly dryand hot with tome showers from thunderstorms. Light organics and 1 bee in the sample; filtered through 500 um mesh nitex; ** LODA went down on 06 IX;;
09/14/2012,Yellow Bay Knob @ Flathead Lake BioStation,Nitrogen (Total),TN,247.5,µg/L-N,,Legacy_MurdochTransition,0,0,Deposition-Dry,965.4,Bucket in on 07 IX 12 at 1330 hrs.; -High winds on Monday and Tuesday of this week; still hot and hazy at times from fires ; -Moderate organics; 1 bee; 3 beetles and filtered through 500 um mesh;;;
09/14/2012,Yellow Bay Knob @ Flathead Lake BioStation,Phosphorus (Total),TP,30.7,µg/L-P,,Legacy_MurdochTransition,0,0,Deposition-Dry,965.4,Bucket in on 07 IX 12 at 1330 hrs.; -High winds on Monday and Tuesday of this week; still hot and hazy at times from fires ; -Moderate organics; 1 bee; 3 beetles and filtered through 500 um mesh;;;
09/20/2012,Yellow Bay Knob @ Flathead Lake BioStation,Nitrogen (Total),TN,211.1,µg/L-N,,Legacy_MurdochTransition,0,0,Deposition-Dry,935.5,"Bucket in on 14 IX 12 at 1400 hrs.; Moderate winds at times with temperatures in the 80's. light organics in the sample; 1 horsefly; filtered through 500 um mesh nitex.; -LODA is working again, so I removed the wet bucket from the old bulk snow collector;;"
09/20/2012,Yellow Bay Knob @ Flathead Lake BioStation,Phosphorus (Total),TP,36.9,µg/L-P,,Legacy_MurdochTransition,0,0,Deposition-Dry,935.5,"Bucket in on 14 IX 12 at 1400 hrs.; Moderate winds at times with temperatures in the 80's. light organics in the sample; 1 horsefly; filtered through 500 um mesh nitex.; -LODA is working again, so I removed the wet bucket from the old bulk snow collector;;"
09/28/2012,Yellow Bay Knob @ Flathead Lake BioStation,Nitrogen (Total),TN,144.1,µg/L-N,,Legacy_MurdochTransition,0,0,Deposition-Dry,928.2,"Bucket in 20IX12 @ 0830 hours. Hot, dry and calm for last week.  No rain.  HAZY from fires, lots of SMOKE.  Light organics and 1 fly in sample, filtered through 500um mesh.;;"
09/28/2012,Yellow Bay Knob @ Flathead Lake BioStation,Phosphorus (Total),TP,12.1,µg/L-P,,Legacy_MurdochTransition,0,0,Deposition-Dry,928.2,"Bucket in 20IX12 @ 0830 hours. Hot, dry and calm for last week.  No rain.  HAZY from fires, lots of SMOKE.  Light organics and 1 fly in sample, filtered through 500um mesh.;;"
10/03/2012,Yellow Bay Knob @ Flathead Lake BioStation,Nitrogen (Total),TN,303.2,µg/L-N,,Legacy_MurdochTransition,0,0,Deposition-Bulk,1118.3,"Bucket in 28IX12 @ 1300 hours.  LODA COLLECTOR BROKEN.  113.9g of the total volume came from rain.  High winds and rain yesterday, still HAZY SMOKE from fires.  Lots of pine needles, 1 bee and 4 midges in sample.  Filtered through 500 um mesh.;;"
10/03/2012,Yellow Bay Knob @ Flathead Lake BioStation,Phosphorus (Total),TP,40.8,µg/L-P,,Legacy_MurdochTransition,0,0,Deposition-Bulk,1118.3,"Bucket in 28IX12 @ 1300 hours.  LODA COLLECTOR BROKEN.  113.9g of the total volume came from rain.  High winds and rain yesterday, still HAZY SMOKE from fires.  Lots of pine needles, 1 bee and 4 midges in sample.  Filtered through 500 um mesh.;;"
10/13/2012,Yellow Bay Knob @ Flathead Lake BioStation,Nitrogen (Total),TN,177,µg/L-N,,Legacy_MurdochTransition,0,0,Deposition-Dry,621.7,"Bucket in 03X12 @ 0900 hours.  Mostly dry, some wind and warm for the last week.  Moderate number of gnats in sample (~10), filtered through 500um mesh.;;"
10/13/2012,Yellow Bay Knob @ Flathead Lake BioStation,Phosphorus (Total),TP,11.7,µg/L-P,,Legacy_MurdochTransition,0,0,Deposition-Dry,621.7,"Bucket in 03X12 @ 0900 hours.  Mostly dry, some wind and warm for the last week.  Moderate number of gnats in sample (~10), filtered through 500um mesh.;;"
10/25/2012,Yellow Bay Knob @ Flathead Lake BioStation,Nitrogen (Total),TN,207.9,µg/L-N,,Legacy_MurdochTransition,0,0,Deposition-Bulk,2759.6,"Bucket in 13X12 @ 0900 hours.  LODA precip collecor not working.  Rain and snow fell into wetted dry bucket for a bulk sample.  DO NOT USE THIS VOLUME to calculate rain fall, use the NOAA precip gauge at Yellow Bay.  High winds at times with rain or snow.;;"
10/25/2012,Yellow Bay Knob @ Flathead Lake BioStation,Phosphorus (Total),TP,69.2,µg/L-P,,Legacy_MurdochTransition,0,0,Deposition-Bulk,2759.6,"Bucket in 13X12 @ 0900 hours.  LODA precip collecor not working.  Rain and snow fell into wetted dry bucket for a bulk sample.  DO NOT USE THIS VOLUME to calculate rain fall, use the NOAA precip gauge at Yellow Bay.  High winds at times with rain or snow.;;"
11/01/2012,Yellow Bay Knob @ Flathead Lake BioStation,Nitrogen (Total),TN,175,µg/L-N,,Legacy_MurdochTransition,0,0,Deposition-Bulk,3182.1,"LODA collector still under repair.  Using dry bucket with DI water added for gas exchange.  Rain water is also collected in the bucket.  Bucket in 25X12 @ 1530 hours.  High winds and heavy rain at times.  Showers on and off all week.  Warm, temps in the 5;;"
11/01/2012,Yellow Bay Knob @ Flathead Lake BioStation,Phosphorus (Total),TP,4,µg/L-P,,Legacy_MurdochTransition,0,0,Deposition-Bulk,3182.1,"LODA collector still under repair.  Using dry bucket with DI water added for gas exchange.  Rain water is also collected in the bucket.  Bucket in 25X12 @ 1530 hours.  High winds and heavy rain at times.  Showers on and off all week.  Warm, temps in the 5;;"
11/07/2012,Yellow Bay Knob @ Flathead Lake BioStation,Nitrogen (Total),TN,150.7,µg/L-N,,Legacy_MurdochTransition,0,0,Deposition-Bulk,971.3,"Bucket in 01 XI 12 @ 1400 hours.  Warmer temps and breezy all week.  Moderate winds and showers this morning.  Light organics in sample (i pine needle and 3 bugs), filtered through 500 um mesh.;;"
11/07/2012,Yellow Bay Knob @ Flathead Lake BioStation,Phosphorus (Total),TP,9.2,µg/L-P,,Legacy_MurdochTransition,0,0,Deposition-Bulk,971.3,"Bucket in 01 XI 12 @ 1400 hours.  Warmer temps and breezy all week.  Moderate winds and showers this morning.  Light organics in sample (i pine needle and 3 bugs), filtered through 500 um mesh.;;"
11/15/2012,Yellow Bay Knob @ Flathead Lake BioStation,Nitrogen (Total),TN,84.1,µg/L-N,,Legacy_MurdochTransition,0,0,Deposition-Bulk,1516.7,"Bucket in 07 XI 12 @ 1350 hours.  Moderate winds and rain/snow showers this week.  Light debris in sample (pine needles and bark chips), filtered through 500um mesh.  Still adding water to bucket to get dry aerosols.  Volume = added DI water + rain/snow f;;"
11/15/2012,Yellow Bay Knob @ Flathead Lake BioStation,Phosphorus (Total),TP,6,µg/L-P,,Legacy_MurdochTransition,0,0,Deposition-Bulk,1516.7,"Bucket in 07 XI 12 @ 1350 hours.  Moderate winds and rain/snow showers this week.  Light debris in sample (pine needles and bark chips), filtered through 500um mesh.  Still adding water to bucket to get dry aerosols.  Volume = added DI water + rain/snow f;;"
11/21/2012,Yellow Bay Knob @ Flathead Lake BioStation,Nitrogen (Total),TN,123.4,µg/L-N,,Legacy_MurdochTransition,0,0,Deposition-Bulk,1917.8,"Bucket in 15 XI 12 @ 1330 hours.  Moderate winds and rain showers this week.  Light debris in sample, filtered through 500um mesh.  Still adding water to bucket to get dry aerosols.  Volume = added DI water + rain fall.;;"
11/21/2012,Yellow Bay Knob @ Flathead Lake BioStation,Phosphorus (Total),TP,4.7,µg/L-P,,Legacy_MurdochTransition,0,0,Deposition-Bulk,1917.8,"Bucket in 15 XI 12 @ 1330 hours.  Moderate winds and rain showers this week.  Light debris in sample, filtered through 500um mesh.  Still adding water to bucket to get dry aerosols.  Volume = added DI water + rain fall.;;"
11/29/2012,Yellow Bay Knob @ Flathead Lake BioStation,Nitrogen (Total),TN,58.9,µg/L-N,,Legacy_MurdochTransition,0,0,Deposition-Bulk,2312.9,"Bucket in 21 XI 12 @ 1500 hours.  Moderate winds and rain/snow showers this week.  Light organics in sample, filtered through 500um mesh.  Sample parially frozen, thawes over night in cooler.  Still adding water to bucket to get dry aerosols.  Volume = ad;;"
11/29/2012,Yellow Bay Knob @ Flathead Lake BioStation,Phosphorus (Total),TP,1.8,µg/L-P,<,Legacy_MurdochTransition,0,0,Deposition-Bulk,2312.9,"Bucket in 21 XI 12 @ 1500 hours.  Moderate winds and rain/snow showers this week.  Light organics in sample, filtered through 500um mesh.  Sample parially frozen, thawes over night in cooler.  Still adding water to bucket to get dry aerosols.  Volume = ad;;"
12/06/2012,Yellow Bay Knob @ Flathead Lake BioStation,Nitrogen (Total),TN,68.4,µg/L-N,,Legacy_MurdochTransition,0,0,Deposition-Bulk,1858.5,"Bucket in 29  XI 12 @ 1430 hours.  Moderate to high winds winds and rain showers this week.  Light organics in sample, filtered through 500um mesh.  Still adding water to bucket to get dry aerosols.  Volume = added DI water + rain fall.;;"
12/06/2012,Yellow Bay Knob @ Flathead Lake BioStation,Phosphorus (Total),TP,1.8,µg/L-P,<,Legacy_MurdochTransition,0,0,Deposition-Bulk,1858.5,"Bucket in 29  XI 12 @ 1430 hours.  Moderate to high winds winds and rain showers this week.  Light organics in sample, filtered through 500um mesh.  Still adding water to bucket to get dry aerosols.  Volume = added DI water + rain fall.;;"
12/13/2012,Yellow Bay Knob @ Flathead Lake BioStation,Nitrogen (Total),TN,76.5,µg/L-N,,Legacy_MurdochTransition,0,0,Deposition-Bulk,1570.5,Snow and rainstorms flurries on and off the past week.; High winds at times. Cold over the weekend ~25 degrees F; then warmer weather this week.; -Lite organics; filtered through 500 um mesh nitex.;;;
12/13/2012,Yellow Bay Knob @ Flathead Lake BioStation,Phosphorus (Total),TP,2.2,µg/L-P,,Legacy_MurdochTransition,0,0,Deposition-Bulk,1570.5,Snow and rainstorms flurries on and off the past week.; High winds at times. Cold over the weekend ~25 degrees F; then warmer weather this week.; -Lite organics; filtered through 500 um mesh nitex.;;;
12/19/2012,Yellow Bay Knob @ Flathead Lake BioStation,Nitrogen (Total),TN,47.6,µg/L-N,,Legacy_MurdochTransition,0,0,Deposition-Bulk,1178,Cold with some snow flurries and high winds at times.; -Frozen allowed to thaw overnight in the fridge; light organics in the sample but filtered through 500 um mesh nitex.; *** Snow collectors put out instead of wet/dry bulk bucket combo. NO DI water in;;
12/19/2012,Yellow Bay Knob @ Flathead Lake BioStation,Phosphorus (Total),TP,1.8,µg/L-P,<,Legacy_MurdochTransition,0,0,Deposition-Bulk,1178,Cold with some snow flurries and high winds at times.; -Frozen allowed to thaw overnight in the fridge; light organics in the sample but filtered through 500 um mesh nitex.; *** Snow collectors put out instead of wet/dry bulk bucket combo. NO DI water in;;
01/03/2013,Yellow Bay Knob @ Flathead Lake BioStation,Nitrogen (Total),TN,480.4,µg/L-N,,Legacy_MurdochTransition,0,0,Deposition-Bulk,2900,"A used for chems.; -Light debris in the sample; filtered through 500 um mesh nitex. 6-8 "" of snow primarily falling during one event; cold in the mid-20's (degrees F) and light to calm wind at times. ; -Frozen; allowed to thaw overnight in the fridge.;;"
01/03/2013,Yellow Bay Knob @ Flathead Lake BioStation,Phosphorus (Total),TP,3.5,µg/L-P,,Legacy_MurdochTransition,0,0,Deposition-Bulk,2900,"A used for chems.; -Light debris in the sample; filtered through 500 um mesh nitex. 6-8 "" of snow primarily falling during one event; cold in the mid-20's (degrees F) and light to calm wind at times. ; -Frozen; allowed to thaw overnight in the fridge.;;"
01/11/2013,Yellow Bay Knob @ Flathead Lake BioStation,Nitrogen (Total),TN,322,µg/L-N,,Legacy_MurdochTransition,0,0,Deposition-Bulk,1360,Collectors in on 03 I 13 at 1320 hrs.; -A used for chems.; -light debris in the sample; filtered through 500 um mesh nitex; -Warmer weather with high winds and rain showers most of the week. Snow showers and colder temperatures Thursday and Friday.; -Sam;;
01/11/2013,Yellow Bay Knob @ Flathead Lake BioStation,Phosphorus (Total),TP,4.5,µg/L-P,,Legacy_MurdochTransition,0,0,Deposition-Bulk,1360,Collectors in on 03 I 13 at 1320 hrs.; -A used for chems.; -light debris in the sample; filtered through 500 um mesh nitex; -Warmer weather with high winds and rain showers most of the week. Snow showers and colder temperatures Thursday and Friday.; -Sam;;
01/16/2013,Yellow Bay Knob @ Flathead Lake BioStation,Nitrogen (Total),TN,323.5,µg/L-N,,Legacy_MurdochTransition,0,0,Deposition-Bulk,770,Collectors in on 11 I 13 at 0940 hrs.; -Heavy snow last weekend at times with cold temperatures. Light snow this week followed by warmer temperatures.; -Little to no debris in the sample; still filtered through 500 um mesh nitex; -Frozen and allowed to t;;
01/16/2013,Yellow Bay Knob @ Flathead Lake BioStation,Phosphorus (Total),TP,4,µg/L-P,,Legacy_MurdochTransition,0,0,Deposition-Bulk,770,Collectors in on 11 I 13 at 0940 hrs.; -Heavy snow last weekend at times with cold temperatures. Light snow this week followed by warmer temperatures.; -Little to no debris in the sample; still filtered through 500 um mesh nitex; -Frozen and allowed to t;;
01/28/2013,Yellow Bay Knob @ Flathead Lake BioStation,Nitrogen (Total),TN,277.3,µg/L-N,,Legacy_MurdochTransition,0,0,Deposition-Bulk,1090,"Collectors in on 16 I 13 at 1335 hrs.; -A used for chems; -Lite rain at times last week, not enough for a sample. Heavy rain with warmer temperatures over the weekend, turning to cold temperatures and snow today and part of yesterday. Some lite wind at t;;"
01/28/2013,Yellow Bay Knob @ Flathead Lake BioStation,Phosphorus (Total),TP,2.7,µg/L-P,,Legacy_MurdochTransition,0,0,Deposition-Bulk,1090,"Collectors in on 16 I 13 at 1335 hrs.; -A used for chems; -Lite rain at times last week, not enough for a sample. Heavy rain with warmer temperatures over the weekend, turning to cold temperatures and snow today and part of yesterday. Some lite wind at t;;"
02/11/2013,Yellow Bay Knob @ Flathead Lake BioStation,Nitrogen (Total),TN,113.2,µg/L-N,,Legacy_MurdochTransition,0,0,Deposition-Dry,691.6,"LODA COLLECTOR reinstalled on 04 II 13 @ 0920 hours.  There was no precip in the snow collector at time of installation.  Bucket in 04II13 @ 0920 hours.  Moderate winds with freeze / thaw cycles all week.  Light snow and rain at times, not enough to sampl;;"
02/11/2013,Yellow Bay Knob @ Flathead Lake BioStation,Phosphorus (Total),TP,1.8,µg/L-P,<,Legacy_MurdochTransition,0,0,Deposition-Dry,691.6,"LODA COLLECTOR reinstalled on 04 II 13 @ 0920 hours.  There was no precip in the snow collector at time of installation.  Bucket in 04II13 @ 0920 hours.  Moderate winds with freeze / thaw cycles all week.  Light snow and rain at times, not enough to sampl;;"
02/21/2013,Yellow Bay Knob @ Flathead Lake BioStation,Nitrogen (Total),TN,123.1,µg/L-N,,Legacy_MurdochTransition,0,0,Deposition-Dry,0,
02/21/2013,Yellow Bay Knob @ Flathead Lake BioStation,Phosphorus (Total),TP,1.8,µg/L-P,<,Legacy_MurdochTransition,0,0,Deposition-Dry,0,
03/01/2013,Yellow Bay Knob @ Flathead Lake BioStation,Nitrogen (Total),TN,179.9,µg/L-N,,Legacy_MurdochTransition,0,0,Deposition-Dry,0,
03/01/2013,Yellow Bay Knob @ Flathead Lake BioStation,Phosphorus (Total),TP,6.3,µg/L-P,,Legacy_MurdochTransition,0,0,Deposition-Dry,0,
03/04/2013,Yellow Bay Knob @ Flathead Lake BioStation,Nitrogen (Total),TN,516.7,µg/L-N,,Legacy_MurdochTransition,0,0,Deposition-Wet,425.7,"****Bucket in on 04 III 13 at 0920 hrs. Prior to LODA bucket snow collectors were in on 28 I 13 @ 0815 hrs.; however, no precip was collected/accumulated for bulk snow collectors so wet precip can be back dated to the last bulk collection.; ; -High to mo;;"
03/04/2013,Yellow Bay Knob @ Flathead Lake BioStation,Phosphorus (Total),TP,7,µg/L-P,,Legacy_MurdochTransition,0,0,Deposition-Wet,425.7,"****Bucket in on 04 III 13 at 0920 hrs. Prior to LODA bucket snow collectors were in on 28 I 13 @ 0815 hrs.; however, no precip was collected/accumulated for bulk snow collectors so wet precip can be back dated to the last bulk collection.; ; -High to mo;;"
03/07/2013,Yellow Bay Knob @ Flathead Lake BioStation,Nitrogen (Total),TN,105.6,µg/L-N,,Legacy_MurdochTransition,0,0,Deposition-Dry,0,
03/07/2013,Yellow Bay Knob @ Flathead Lake BioStation,Phosphorus (Total),TP,4.5,µg/L-P,,Legacy_MurdochTransition,0,0,Deposition-Dry,0,
03/13/2013,Yellow Bay Knob @ Flathead Lake BioStation,Nitrogen (Total),TN,181.3,µg/L-N,,Legacy_MurdochTransition,0,0,Deposition-Dry,0,
03/13/2013,Yellow Bay Knob @ Flathead Lake BioStation,Phosphorus (Total),TP,20.3,µg/L-P,,Legacy_MurdochTransition,0,0,Deposition-Dry,0,
03/19/2013,Yellow Bay Knob @ Flathead Lake BioStation,Nitrogen (Total),TN,89.5,µg/L-N,,Legacy_MurdochTransition,0,0,Deposition-Dry,0,
03/19/2013,Yellow Bay Knob @ Flathead Lake BioStation,Nitrogen (Total),TN,270.7,µg/L-N,,Legacy_MurdochTransition,0,0,Deposition-Wet,432.6,Bucket in on 04 III 2013 @ 0915 hrs; -Moderate to high winds; rain showers and snow flurries at times during the week and over the weekend. Warmer temperatures last week followed by cold snap Sunday and Monday.; -lite debris in the sample; but filtered t;;
03/19/2013,Yellow Bay Knob @ Flathead Lake BioStation,Phosphorus (Total),TP,4.7,µg/L-P,,Legacy_MurdochTransition,0,0,Deposition-Wet,432.6,Bucket in on 04 III 2013 @ 0915 hrs; -Moderate to high winds; rain showers and snow flurries at times during the week and over the weekend. Warmer temperatures last week followed by cold snap Sunday and Monday.; -lite debris in the sample; but filtered t;;
03/19/2013,Yellow Bay Knob @ Flathead Lake BioStation,Phosphorus (Total),TP,3.1,µg/L-P,,Legacy_MurdochTransition,0,0,Deposition-Dry,0,
03/26/2013,Yellow Bay Knob @ Flathead Lake BioStation,Nitrogen (Total),TN,180.2,µg/L-N,,Legacy_MurdochTransition,0,0,Deposition-Dry,0,
03/26/2013,Yellow Bay Knob @ Flathead Lake BioStation,Nitrogen (Total),TN,178.6,µg/L-N,,Legacy_MurdochTransition,0,0,Deposition-Wet,773.7,Bucket in on 19 III 13 @ 1030 hrs.; -Moderate to high winds at times; warmer temperatures on sunday through today. Snow/rain on Friday and Saturday of last week. ; -Lite debris in the sample; filtered through 500 um mesh nitex.;;
03/26/2013,Yellow Bay Knob @ Flathead Lake BioStation,Phosphorus (Total),TP,2.2,µg/L-P,,Legacy_MurdochTransition,0,0,Deposition-Wet,773.7,Bucket in on 19 III 13 @ 1030 hrs.; -Moderate to high winds at times; warmer temperatures on sunday through today. Snow/rain on Friday and Saturday of last week. ; -Lite debris in the sample; filtered through 500 um mesh nitex.;;
03/26/2013,Yellow Bay Knob @ Flathead Lake BioStation,Phosphorus (Total),TP,2,µg/L-P,,Legacy_MurdochTransition,0,0,Deposition-Dry,0,
04/05/2013,Yellow Bay Knob @ Flathead Lake BioStation,Nitrogen (Total),TN,405,µg/L-N,,Legacy_MurdochTransition,0,0,Deposition-Dry,0,
04/05/2013,Yellow Bay Knob @ Flathead Lake BioStation,Phosphorus (Total),TP,69.4,µg/L-P,,Legacy_MurdochTransition,0,0,Deposition-Dry,0,
04/11/2013,Yellow Bay Knob @ Flathead Lake BioStation,Nitrogen (Total),TN,65.8,µg/L-N,,Legacy_MurdochTransition,0,0,Deposition-Dry,0,
04/11/2013,Yellow Bay Knob @ Flathead Lake BioStation,Nitrogen (Total),TN,380.5,µg/L-N,,Legacy_MurdochTransition,0,0,Deposition-Wet,523.3,Bucket in on 26 III 13 at 0915 hrs.; -Cold over the weekend; Warm last week and warmer days with cool nights this week; some intermittent rain and snow. High winds at times ; -Lite debris; filter through 500 um mesh nitex; ****TT filtered water in yellow;;
04/11/2013,Yellow Bay Knob @ Flathead Lake BioStation,Phosphorus (Total),TP,6.1,µg/L-P,,Legacy_MurdochTransition,0,0,Deposition-Wet,523.3,Bucket in on 26 III 13 at 0915 hrs.; -Cold over the weekend; Warm last week and warmer days with cool nights this week; some intermittent rain and snow. High winds at times ; -Lite debris; filter through 500 um mesh nitex; ****TT filtered water in yellow;;
04/11/2013,Yellow Bay Knob @ Flathead Lake BioStation,Phosphorus (Total),TP,2.3,µg/L-P,,Legacy_MurdochTransition,0,0,Deposition-Dry,0,
04/17/2013,Yellow Bay Knob @ Flathead Lake BioStation,Nitrogen (Total),TN,112.8,µg/L-N,,Legacy_MurdochTransition,0,0,Deposition-Dry,0,
04/17/2013,Yellow Bay Knob @ Flathead Lake BioStation,Nitrogen (Total),TN,169.1,µg/L-N,,Legacy_MurdochTransition,0,0,Deposition-Wet,745.8,"Bucket in on 11 IV 13 at 1530 hrs. ; -High winds over the weekend and earlier this week. Rain/sleet/snow Saturday and ~6"" of snow on Sunday. All melted by Monday. lite debris; filtered through 500 um mesh nitex.; ***Bottle with yellow label is filtered b;;"
04/17/2013,Yellow Bay Knob @ Flathead Lake BioStation,Phosphorus (Total),TP,4.2,µg/L-P,,Legacy_MurdochTransition,0,0,Deposition-Wet,745.8,"Bucket in on 11 IV 13 at 1530 hrs. ; -High winds over the weekend and earlier this week. Rain/sleet/snow Saturday and ~6"" of snow on Sunday. All melted by Monday. lite debris; filtered through 500 um mesh nitex.; ***Bottle with yellow label is filtered b;;"
04/17/2013,Yellow Bay Knob @ Flathead Lake BioStation,Phosphorus (Total),TP,5.2,µg/L-P,,Legacy_MurdochTransition,0,0,Deposition-Dry,0,
04/24/2013,Yellow Bay Knob @ Flathead Lake BioStation,Nitrogen (Total),TN,170.6,µg/L-N,,Legacy_MurdochTransition,0,0,Deposition-Dry,0,
04/24/2013,Yellow Bay Knob @ Flathead Lake BioStation,Nitrogen (Total),TN,204.2,µg/L-N,,Legacy_MurdochTransition,0,0,Deposition-Wet,1158.1,"Bucket in 17IV13 @ 1000 hours.  Moderate winds with some rain and snow on 20 and 21 IV13.  Warmer days alst 2 days, but still freezing at night.  Light debris in sample filtered through 500um mesh.;;"
04/24/2013,Yellow Bay Knob @ Flathead Lake BioStation,Phosphorus (Total),TP,2.5,µg/L-P,,Legacy_MurdochTransition,0,0,Deposition-Wet,1158.1,"Bucket in 17IV13 @ 1000 hours.  Moderate winds with some rain and snow on 20 and 21 IV13.  Warmer days alst 2 days, but still freezing at night.  Light debris in sample filtered through 500um mesh.;;"
04/24/2013,Yellow Bay Knob @ Flathead Lake BioStation,Phosphorus (Total),TP,8.6,µg/L-P,,Legacy_MurdochTransition,0,0,Deposition-Dry,0,
05/03/2013,Yellow Bay Knob @ Flathead Lake BioStation,Nitrogen (Total),TN,306.4,µg/L-N,,Legacy_MurdochTransition,0,0,Deposition-Dry,0,
05/03/2013,Yellow Bay Knob @ Flathead Lake BioStation,Phosphorus (Total),TP,38.7,µg/L-P,,Legacy_MurdochTransition,0,0,Deposition-Dry,0,
05/09/2013,Yellow Bay Knob @ Flathead Lake BioStation,Nitrogen (Total),TN,613.3,µg/L-N,,Legacy_MurdochTransition,0,0,Deposition-Dry,0,
05/09/2013,Yellow Bay Knob @ Flathead Lake BioStation,Phosphorus (Total),TP,99.4,µg/L-P,,Legacy_MurdochTransition,0,0,Deposition-Dry,0,
05/17/2013,Yellow Bay Knob @ Flathead Lake BioStation,Nitrogen (Total),TN,873.2,µg/L-N,,Legacy_MurdochTransition,0,0,Deposition-Dry,0,
05/17/2013,Yellow Bay Knob @ Flathead Lake BioStation,Phosphorus (Total),TP,135.7,µg/L-P,,Legacy_MurdochTransition,0,0,Deposition-Dry,0,
05/21/2013,Yellow Bay Knob @ Flathead Lake BioStation,Nitrogen (Total),TN,77.3,µg/L-N,,Legacy_MurdochTransition,0,0,Deposition-Dry,0,
05/21/2013,Yellow Bay Knob @ Flathead Lake BioStation,Nitrogen (Total),TN,372.4,µg/L-N,,Legacy_MurdochTransition,0,0,Deposition-Wet,478.2,"Bucket in 24IV13 @ 0930 hours.  High winds at times and warmer.  Trace precip until 3-4 days ago when it rained.  Moderate debris and 1 flying ant in sample, filtered through 500um mesh.;;"
05/21/2013,Yellow Bay Knob @ Flathead Lake BioStation,Phosphorus (Total),TP,22.1,µg/L-P,,Legacy_MurdochTransition,0,0,Deposition-Wet,478.2,"Bucket in 24IV13 @ 0930 hours.  High winds at times and warmer.  Trace precip until 3-4 days ago when it rained.  Moderate debris and 1 flying ant in sample, filtered through 500um mesh.;;"
05/21/2013,Yellow Bay Knob @ Flathead Lake BioStation,Phosphorus (Total),TP,5.8,µg/L-P,,Legacy_MurdochTransition,0,0,Deposition-Dry,0,
05/30/2013,Yellow Bay Knob @ Flathead Lake BioStation,Nitrogen (Total),TN,481.4,µg/L-N,,Legacy_MurdochTransition,0,0,Deposition-Dry,0,
05/30/2013,Yellow Bay Knob @ Flathead Lake BioStation,Nitrogen (Total),TN,241.7,µg/L-N,,Legacy_MurdochTransition,0,0,Deposition-Wet,3756.2,"Bucket in 21V13 @ 1100 hours.  LODA COLLECTOR acting up on 21-23 V13, seen working on 25V13.  Cover staying on dry side for extended periods.  High winds and rain for last week.  Warrmer temperatures.  Pollen and moderate debris in sample, filtered throug;;"
05/30/2013,Yellow Bay Knob @ Flathead Lake BioStation,Phosphorus (Total),TP,19,µg/L-P,,Legacy_MurdochTransition,0,0,Deposition-Wet,3756.2,"Bucket in 21V13 @ 1100 hours.  LODA COLLECTOR acting up on 21-23 V13, seen working on 25V13.  Cover staying on dry side for extended periods.  High winds and rain for last week.  Warrmer temperatures.  Pollen and moderate debris in sample, filtered throug;;"
05/30/2013,Yellow Bay Knob @ Flathead Lake BioStation,Phosphorus (Total),TP,65.4,µg/L-P,,Legacy_MurdochTransition,0,0,Deposition-Dry,0,
06/04/2013,Yellow Bay Knob @ Flathead Lake BioStation,Nitrogen (Total),TN,244.5,µg/L-N,,Legacy_MurdochTransition,0,0,Deposition-Dry,0,
06/04/2013,Yellow Bay Knob @ Flathead Lake BioStation,Phosphorus (Total),TP,32,µg/L-P,,Legacy_MurdochTransition,0,0,Deposition-Dry,0,
06/13/2013,Yellow Bay Knob @ Flathead Lake BioStation,Nitrogen (Total),TN,844.7,µg/L-N,,Legacy_MurdochTransition,0,0,Deposition-Dry,0,
06/13/2013,Yellow Bay Knob @ Flathead Lake BioStation,Nitrogen (Total),TN,427.8,µg/L-N,,Legacy_MurdochTransition,0,0,Deposition-Wet,790.5,"Bucket in 30V13 @ 1130 hours.  Warm with a few rain showers for last week.  Light debris in sample, filtered through 500um mesh.;;"
06/13/2013,Yellow Bay Knob @ Flathead Lake BioStation,Phosphorus (Total),TP,15.3,µg/L-P,,Legacy_MurdochTransition,0,0,Deposition-Wet,790.5,"Bucket in 30V13 @ 1130 hours.  Warm with a few rain showers for last week.  Light debris in sample, filtered through 500um mesh.;;"
06/13/2013,Yellow Bay Knob @ Flathead Lake BioStation,Phosphorus (Total),TP,170.8,µg/L-P,,Legacy_MurdochTransition,0,0,Deposition-Dry,0,
06/21/2013,Yellow Bay Knob @ Flathead Lake BioStation,Nitrogen (Total),TN,238.2,µg/L-N,,Legacy_MurdochTransition,0,0,Deposition-Dry,0,
06/21/2013,Yellow Bay Knob @ Flathead Lake BioStation,Nitrogen (Total),TN,298.4,µg/L-N,,Legacy_MurdochTransition,0,0,Deposition-Wet,2267.2,"Bucket in 13VI13 @ 1600 hours.  Moderate wind all week, heavy steady rain last 2 days.  Light organic debris in sample. filtered through 500 um mesh.  LODA repaired 18VI13.;;"
06/21/2013,Yellow Bay Knob @ Flathead Lake BioStation,Phosphorus (Total),TP,27.4,µg/L-P,,Legacy_MurdochTransition,0,0,Deposition-Wet,2267.2,"Bucket in 13VI13 @ 1600 hours.  Moderate wind all week, heavy steady rain last 2 days.  Light organic debris in sample. filtered through 500 um mesh.  LODA repaired 18VI13.;;"
06/21/2013,Yellow Bay Knob @ Flathead Lake BioStation,Phosphorus (Total),TP,103.1,µg/L-P,,Legacy_MurdochTransition,0,0,Deposition-Dry,0,
06/26/2013,Yellow Bay Knob @ Flathead Lake BioStation,Nitrogen (Total),TN,144.7,µg/L-N,,Legacy_MurdochTransition,0,0,Deposition-Dry,0,
06/26/2013,Yellow Bay Knob @ Flathead Lake BioStation,Phosphorus (Total),TP,23,µg/L-P,,Legacy_MurdochTransition,0,0,Deposition-Dry,0,
07/03/2013,Yellow Bay Knob @ Flathead Lake BioStation,Nitrogen (Total),TN,500.3,µg/L-N,,Legacy_MurdochTransition,0,0,Deposition-Dry,0,
07/03/2013,Yellow Bay Knob @ Flathead Lake BioStation,Phosphorus (Total),TP,96.4,µg/L-P,,Legacy_MurdochTransition,0,0,Deposition-Dry,0,
07/11/2013,Yellow Bay Knob @ Flathead Lake BioStation,Nitrogen (Total),TN,338.1,µg/L-N,,Legacy_MurdochTransition,0,0,Deposition-Dry,0,
07/11/2013,Yellow Bay Knob @ Flathead Lake BioStation,Phosphorus (Total),TP,36.2,µg/L-P,,Legacy_MurdochTransition,0,0,Deposition-Dry,0,
07/17/2013,Yellow Bay Knob @ Flathead Lake BioStation,Nitrogen (Total),TN,191.1,µg/L-N,,Legacy_MurdochTransition,0,0,Deposition-Dry,0,
07/17/2013,Yellow Bay Knob @ Flathead Lake BioStation,Phosphorus (Total),TP,16.6,µg/L-P,,Legacy_MurdochTransition,0,0,Deposition-Dry,0,
07/29/2013,Yellow Bay Knob @ Flathead Lake BioStation,Nitrogen (Total),TN,74.1,µg/L-N,,Legacy_MurdochTransition,0,0,Deposition-Dry,0,
07/29/2013,Yellow Bay Knob @ Flathead Lake BioStation,Phosphorus (Total),TP,13.5,µg/L-P,,Legacy_MurdochTransition,0,0,Deposition-Dry,0,
08/06/2013,Yellow Bay Knob @ Flathead Lake BioStation,Nitrogen (Total),TN,676.1,µg/L-N,,Legacy_MurdochTransition,0,0,Deposition-Dry,0,
08/06/2013,Yellow Bay Knob @ Flathead Lake BioStation,Nitrogen (Total),TN,951.7,µg/L-N,,Legacy_MurdochTransition,0,0,Deposition-Wet,1794.2,"Bucket in 21VI13 @ 1515 hours.  First real rain in a month.  Rain all day on 02VIII13.  Hail storm on 05VIII13. Hot, sunny, warm for last month.  Light organic debris in sample, filtered through 500um mesh.  ***Bubbles formed on water surface when agiated;;"
08/06/2013,Yellow Bay Knob @ Flathead Lake BioStation,Phosphorus (Total),TP,7.5,µg/L-P,,Legacy_MurdochTransition,0,0,Deposition-Wet,1794.2,"Bucket in 21VI13 @ 1515 hours.  First real rain in a month.  Rain all day on 02VIII13.  Hail storm on 05VIII13. Hot, sunny, warm for last month.  Light organic debris in sample, filtered through 500um mesh.  ***Bubbles formed on water surface when agiated;;"
08/06/2013,Yellow Bay Knob @ Flathead Lake BioStation,Phosphorus (Total),TP,6.6,µg/L-P,,Legacy_MurdochTransition,0,0,Deposition-Dry,0,
08/13/2013,Yellow Bay Knob @ Flathead Lake BioStation,Nitrogen (Total),TN,949.5,µg/L-N,,Legacy_MurdochTransition,0,0,Deposition-Dry,0,
08/13/2013,Yellow Bay Knob @ Flathead Lake BioStation,Phosphorus (Total),TP,100.3,µg/L-P,,Legacy_MurdochTransition,0,0,Deposition-Dry,0,
08/23/2013,Yellow Bay Knob @ Flathead Lake BioStation,Nitrogen (Total),TN,154.6,µg/L-N,,Legacy_MurdochTransition,0,0,Deposition-Dry,0,
08/23/2013,Yellow Bay Knob @ Flathead Lake BioStation,Phosphorus (Total),TP,14.7,µg/L-P,,Legacy_MurdochTransition,0,0,Deposition-Dry,0,
08/29/2013,Yellow Bay Knob @ Flathead Lake BioStation,Nitrogen (Total),TN,609.8,µg/L-N,,Legacy_MurdochTransition,0,0,Deposition-Dry,0,
08/29/2013,Yellow Bay Knob @ Flathead Lake BioStation,Nitrogen (Total),TN,1762.6,µg/L-N,,Legacy_MurdochTransition,0,0,Deposition-Wet,350.9,Bucket in on 06VIII13 at 1245 hrs.; -Lite organics; filtered through 500 um mesh nitex; -Haze from fires; noticable soot on the filter; -Sunny and hot; rain andn thunderstorms with high winds.;;
08/29/2013,Yellow Bay Knob @ Flathead Lake BioStation,Phosphorus (Total),TP,22.8,µg/L-P,,Legacy_MurdochTransition,0,0,Deposition-Wet,350.9,Bucket in on 06VIII13 at 1245 hrs.; -Lite organics; filtered through 500 um mesh nitex; -Haze from fires; noticable soot on the filter; -Sunny and hot; rain andn thunderstorms with high winds.;;
08/29/2013,Yellow Bay Knob @ Flathead Lake BioStation,Phosphorus (Total),TP,58.7,µg/L-P,,Legacy_MurdochTransition,0,0,Deposition-Dry,0,
09/06/2013,Yellow Bay Knob @ Flathead Lake BioStation,Nitrogen (Total),TN,602.2,µg/L-N,,Legacy_MurdochTransition,0,0,Deposition-Dry,0,
09/06/2013,Yellow Bay Knob @ Flathead Lake BioStation,Phosphorus (Total),TP,45.3,µg/L-P,,Legacy_MurdochTransition,0,0,Deposition-Dry,0,
09/09/2013,Yellow Bay Knob @ Flathead Lake BioStation,Nitrogen (Total),TN,64.4,µg/L-N,,Legacy_MurdochTransition,0,0,Deposition-Dry,0,
09/09/2013,Yellow Bay Knob @ Flathead Lake BioStation,Nitrogen (Total),TN,750.9,µg/L-N,,Legacy_MurdochTransition,0,0,Deposition-Wet,1082.4,Bucket in on 29VIII13 at 1515 hrs.; -Occasional trace precip last 2 weeks. Rain and thunderstorms all day yesterday with some hail. cleared out the smokey skies.; Very light organics in the sample; filtered through 500 um mesh.;;
09/09/2013,Yellow Bay Knob @ Flathead Lake BioStation,Phosphorus (Total),TP,7.8,µg/L-P,,Legacy_MurdochTransition,0,0,Deposition-Wet,1082.4,Bucket in on 29VIII13 at 1515 hrs.; -Occasional trace precip last 2 weeks. Rain and thunderstorms all day yesterday with some hail. cleared out the smokey skies.; Very light organics in the sample; filtered through 500 um mesh.;;
09/09/2013,Yellow Bay Knob @ Flathead Lake BioStation,Phosphorus (Total),TP,3.5,µg/L-P,,Legacy_MurdochTransition,0,0,Deposition-Dry,0,
09/16/2013,Yellow Bay Knob @ Flathead Lake BioStation,Nitrogen (Total),TN,216.3,µg/L-N,,Legacy_MurdochTransition,0,0,Deposition-Dry,0,
09/16/2013,Yellow Bay Knob @ Flathead Lake BioStation,Phosphorus (Total),TP,23.2,µg/L-P,,Legacy_MurdochTransition,0,0,Deposition-Dry,0,
09/20/2013,Yellow Bay Knob @ Flathead Lake BioStation,Nitrogen (Total),TN,64.6,µg/L-N,,Legacy_MurdochTransition,0,0,Deposition-Dry,0,
09/20/2013,Yellow Bay Knob @ Flathead Lake BioStation,Nitrogen (Total),TN,161.6,µg/L-N,,Legacy_MurdochTransition,0,0,Deposition-Wet,3576.3,Bucket in on 09 IX 13 @ 0900 hrs.; -High winds and rain/thunderstorms Tuesday night and Wednesday. Overcastt to sunny yesterday.; -Lite organics in the sample; filtered through 500 um mesh.;;
09/20/2013,Yellow Bay Knob @ Flathead Lake BioStation,Phosphorus (Total),TP,4.9,µg/L-P,,Legacy_MurdochTransition,0,0,Deposition-Wet,3576.3,Bucket in on 09 IX 13 @ 0900 hrs.; -High winds and rain/thunderstorms Tuesday night and Wednesday. Overcastt to sunny yesterday.; -Lite organics in the sample; filtered through 500 um mesh.;;
09/20/2013,Yellow Bay Knob @ Flathead Lake BioStation,Phosphorus (Total),TP,3,µg/L-P,,Legacy_MurdochTransition,0,0,Deposition-Dry,0,
09/26/2013,Yellow Bay Knob @ Flathead Lake BioStation,Nitrogen (Total),TN,134.8,µg/L-N,,Legacy_MurdochTransition,0,0,Deposition-Dry,0,
09/26/2013,Yellow Bay Knob @ Flathead Lake BioStation,Nitrogen (Total),TN,130.5,µg/L-N,,Legacy_MurdochTransition,0,0,Deposition-Wet,1198.3,Bucket in on 20IX13 @1000 hrs.; -High winds at times with some rain until Tuesday and Wednesday where it rained both days. High winds and overcast today.; -Lite organics; filtered through 500 um mesh.;;
09/26/2013,Yellow Bay Knob @ Flathead Lake BioStation,Phosphorus (Total),TP,2.3,µg/L-P,,Legacy_MurdochTransition,0,0,Deposition-Wet,1198.3,Bucket in on 20IX13 @1000 hrs.; -High winds at times with some rain until Tuesday and Wednesday where it rained both days. High winds and overcast today.; -Lite organics; filtered through 500 um mesh.;;
09/26/2013,Yellow Bay Knob @ Flathead Lake BioStation,Phosphorus (Total),TP,6.3,µg/L-P,,Legacy_MurdochTransition,0,0,Deposition-Dry,0,
10/09/2013,Yellow Bay Knob @ Flathead Lake BioStation,Nitrogen (Total),TN,182.1,µg/L-N,,Legacy_MurdochTransition,0,0,Deposition-Dry,0,
10/09/2013,Yellow Bay Knob @ Flathead Lake BioStation,Nitrogen (Total),TN,144.6,µg/L-N,,Legacy_MurdochTransition,0,0,Deposition-Wet,362.2,"Bucket in 26IX13 @ 1630 hours.  SUnny to overcast with high to moderate winds last week.  Colder in the evenings with our first frost last week.  No visible organics in sample, still filtered through 500um mesh.;;"
10/09/2013,Yellow Bay Knob @ Flathead Lake BioStation,Phosphorus (Total),TP,2.2,µg/L-P,,Legacy_MurdochTransition,0,0,Deposition-Wet,362.2,"Bucket in 26IX13 @ 1630 hours.  SUnny to overcast with high to moderate winds last week.  Colder in the evenings with our first frost last week.  No visible organics in sample, still filtered through 500um mesh.;;"
10/09/2013,Yellow Bay Knob @ Flathead Lake BioStation,Phosphorus (Total),TP,15.6,µg/L-P,,Legacy_MurdochTransition,0,0,Deposition-Dry,0,
10/16/2013,Yellow Bay Knob @ Flathead Lake BioStation,Nitrogen (Total),TN,68,µg/L-N,,Legacy_MurdochTransition,0,0,Deposition-Dry,0,
10/16/2013,Yellow Bay Knob @ Flathead Lake BioStation,Phosphorus (Total),TP,3.2,µg/L-P,,Legacy_MurdochTransition,0,0,Deposition-Dry,0,
10/24/2013,Yellow Bay Knob @ Flathead Lake BioStation,Nitrogen (Total),TN,66,µg/L-N,,Legacy_MurdochTransition,0,0,Deposition-Dry,0,
10/24/2013,Yellow Bay Knob @ Flathead Lake BioStation,Phosphorus (Total),TP,26,µg/L-P,,Legacy_MurdochTransition,0,0,Deposition-Dry,0,
11/01/2013,Yellow Bay Knob @ Flathead Lake BioStation,Nitrogen (Total),TN,223.7,µg/L-N,,Legacy_MurdochTransition,0,0,Deposition-Dry,0,
11/01/2013,Yellow Bay Knob @ Flathead Lake BioStation,Phosphorus (Total),TP,286.6,µg/L-P,,Legacy_MurdochTransition,0,0,Deposition-Dry,0,
11/08/2013,Yellow Bay Knob @ Flathead Lake BioStation,Nitrogen (Total),TN,93,µg/L-N,,Legacy_MurdochTransition,0,0,Deposition-Dry,0,
11/08/2013,Yellow Bay Knob @ Flathead Lake BioStation,Nitrogen (Total),TN,182,µg/L-N,,Legacy_MurdochTransition,0,0,Deposition-Wet,1210.7,"Bucket in on 09 XI 13 at 1100 hrs.; -Cloudy, Windy, scattered rain and snow showers all week.; -No visible debris in the sample, filtered through 500 um mesh.;;"
11/08/2013,Yellow Bay Knob @ Flathead Lake BioStation,Phosphorus (Total),TP,1.8,µg/L-P,<,Legacy_MurdochTransition,0,0,Deposition-Wet,1210.7,"Bucket in on 09 XI 13 at 1100 hrs.; -Cloudy, Windy, scattered rain and snow showers all week.; -No visible debris in the sample, filtered through 500 um mesh.;;"
11/08/2013,Yellow Bay Knob @ Flathead Lake BioStation,Phosphorus (Total),TP,2.8,µg/L-P,,Legacy_MurdochTransition,0,0,Deposition-Dry,0,
11/15/2013,Yellow Bay Knob @ Flathead Lake BioStation,Nitrogen (Total),TN,71,µg/L-N,,Legacy_MurdochTransition,0,0,Deposition-Dry,0,
11/15/2013,Yellow Bay Knob @ Flathead Lake BioStation,Phosphorus (Total),TP,1.8,µg/L-P,<,Legacy_MurdochTransition,0,0,Deposition-Dry,0,
11/21/2013,Yellow Bay Knob @ Flathead Lake BioStation,Nitrogen (Total),TN,185.4,µg/L-N,,Legacy_MurdochTransition,0,0,Deposition-Dry,0,
11/21/2013,Yellow Bay Knob @ Flathead Lake BioStation,Nitrogen (Total),TN,162.7,µg/L-N,,Legacy_MurdochTransition,0,0,Deposition-Wet,510.6,Bucket in on 08 XI 13 1045 hrs.; -Overcast to sunny. Colder temperatures on and off with snow and rain showers and moderate to high winds. ; -Lite organics; filtered through 500 um mesh nitex.;;
11/21/2013,Yellow Bay Knob @ Flathead Lake BioStation,Phosphorus (Total),TP,1.8,µg/L-P,<,Legacy_MurdochTransition,0,0,Deposition-Wet,510.6,Bucket in on 08 XI 13 1045 hrs.; -Overcast to sunny. Colder temperatures on and off with snow and rain showers and moderate to high winds. ; -Lite organics; filtered through 500 um mesh nitex.;;
11/21/2013,Yellow Bay Knob @ Flathead Lake BioStation,Phosphorus (Total),TP,4.8,µg/L-P,,Legacy_MurdochTransition,0,0,Deposition-Dry,0,
11/27/2013,Yellow Bay Knob @ Flathead Lake BioStation,Nitrogen (Total),TN,25,µg/L-N,<,Legacy_MurdochTransition,0,0,Deposition-Dry,0,
11/27/2013,Yellow Bay Knob @ Flathead Lake BioStation,Phosphorus (Total),TP,1.8,µg/L-P,<,Legacy_MurdochTransition,0,0,Deposition-Dry,0,
12/04/2013,Yellow Bay Knob @ Flathead Lake BioStation,Nitrogen (Total),TN,112.9,µg/L-N,,Legacy_MurdochTransition,0,0,Deposition-Dry,0,
12/04/2013,Yellow Bay Knob @ Flathead Lake BioStation,Nitrogen (Total),TN,106.4,µg/L-N,,Legacy_MurdochTransition,0,0,Deposition-Wet,714,"Bucket in on 21 XI 13 @ 0915 hrs. ; -Overcast to sunny; Rain/snow Saturday on and off and rain all day Sunday; Heaviest snow Monday 2-2.5"". Cold temperatures down to ~-6 degrees F. Cold front to last all week.; -Sample Frozen allowed to thaw overnight in;;"
12/04/2013,Yellow Bay Knob @ Flathead Lake BioStation,Phosphorus (Total),TP,1.8,µg/L-P,<,Legacy_MurdochTransition,0,0,Deposition-Wet,714,"Bucket in on 21 XI 13 @ 0915 hrs. ; -Overcast to sunny; Rain/snow Saturday on and off and rain all day Sunday; Heaviest snow Monday 2-2.5"". Cold temperatures down to ~-6 degrees F. Cold front to last all week.; -Sample Frozen allowed to thaw overnight in;;"
12/04/2013,Yellow Bay Knob @ Flathead Lake BioStation,Phosphorus (Total),TP,2.2,µg/L-P,,Legacy_MurdochTransition,0,0,Deposition-Dry,0,
12/11/2013,Yellow Bay Knob @ Flathead Lake BioStation,Nitrogen (Total),TN,94.4,µg/L-N,,Legacy_MurdochTransition,0,0,Deposition-Dry,0,
12/11/2013,Yellow Bay Knob @ Flathead Lake BioStation,Nitrogen (Total),TN,125.7,µg/L-N,,Legacy_MurdochTransition,0,0,Deposition-Wet,840.2,Bucket in on 04 XI 13 @ 0900 hrs.; -Heavy snow Monday and Tuesday; High winds at times; Cold last week with temperatures in the (-) or single digits. Weather is now overcast and at or slightly above freezing.; -Lite debris in sample filtered through 500;;
12/11/2013,Yellow Bay Knob @ Flathead Lake BioStation,Phosphorus (Total),TP,1.8,µg/L-P,<,Legacy_MurdochTransition,0,0,Deposition-Wet,840.2,Bucket in on 04 XI 13 @ 0900 hrs.; -Heavy snow Monday and Tuesday; High winds at times; Cold last week with temperatures in the (-) or single digits. Weather is now overcast and at or slightly above freezing.; -Lite debris in sample filtered through 500;;
12/11/2013,Yellow Bay Knob @ Flathead Lake BioStation,Phosphorus (Total),TP,6.4,µg/L-P,,Legacy_MurdochTransition,0,0,Deposition-Dry,0,
12/19/2013,Yellow Bay Knob @ Flathead Lake BioStation,Nitrogen (Total),TN,75.1,µg/L-N,,Legacy_MurdochTransition,0,0,Deposition-Dry,0,
12/19/2013,Yellow Bay Knob @ Flathead Lake BioStation,Phosphorus (Total),TP,1.8,µg/L-P,,Legacy_MurdochTransition,0,0,Deposition-Dry,0,
12/26/2013,Yellow Bay Knob @ Flathead Lake BioStation,Nitrogen (Total),TN,81.2,µg/L-N,,Legacy_MurdochTransition,0,0,Deposition-Dry,0,
12/26/2013,Yellow Bay Knob @ Flathead Lake BioStation,Nitrogen (Total),TN,128.8,µg/L-N,,Legacy_MurdochTransition,0,0,Deposition-Wet,0,
12/26/2013,Yellow Bay Knob @ Flathead Lake BioStation,Phosphorus (Total),TP,2,µg/L-P,,Legacy_MurdochTransition,0,0,Deposition-Wet,0,
12/26/2013,Yellow Bay Knob @ Flathead Lake BioStation,Phosphorus (Total),TP,1.8,µg/L-P,<,Legacy_MurdochTransition,0,0,Deposition-Dry,0,
01/02/2014,Yellow Bay Knob @ Flathead Lake BioStation,Nitrogen (Total),TN,84.6,µg/L - N,,"USGS 03-4174, EPA 353.2",,,Deposition-Dry,1259.1,Bucket in on 26XII13 @1115 hrs. Moderate wind with some rain showers; Temp's in the 40's (F). Snow in the forecast. Lite debris in the sample but filtered through 500 um mesh.;;;
01/02/2014,Yellow Bay Knob @ Flathead Lake BioStation,Phosphorus (Total),TP,3,µg/L - P,,"USGS 03-4174, EPA 365.2",,,Deposition-Dry,1259.1,Bucket in on 26XII13 @1115 hrs. Moderate wind with some rain showers; Temp's in the 40's (F). Snow in the forecast. Lite debris in the sample but filtered through 500 um mesh.;;;
01/09/2014,Yellow Bay Knob @ Flathead Lake BioStation,Nitrogen (Total),TN,164,µg/L - N,,"USGS 03-4174, EPA 353.2",,,Deposition-Dry,1231.9,Bucket in on 02I14@1420 hrs. Moderate to lite winds; trace precip unitl two nigths ago and yesterday. Rain in the forecast and hig winds.;;;
01/09/2014,Yellow Bay Knob @ Flathead Lake BioStation,Nitrogen (Total),TN,257,µg/L - N,,"USGS 03-4174, EPA 353.2",,,Deposition-Wet,972.6,Bucket in on 26XII13@1115hrs. Moderate to lite winds; trace precip unitl two nigths ago and yesterday. Rain in the forecast and hig winds.;;;
01/09/2014,Yellow Bay Knob @ Flathead Lake BioStation,Phosphorus (Total),TP,3.8,µg/L - P,,"USGS 03-4174, EPA 365.2",,,Deposition-Wet,972.6,Bucket in on 26XII13@1115hrs. Moderate to lite winds; trace precip unitl two nigths ago and yesterday. Rain in the forecast and hig winds.;;;
01/09/2014,Yellow Bay Knob @ Flathead Lake BioStation,Phosphorus (Total),TP,1.9,µg/L - P,,"USGS 03-4174, EPA 365.2",,,Deposition-Dry,1231.9,Bucket in on 02I14@1420 hrs. Moderate to lite winds; trace precip unitl two nigths ago and yesterday. Rain in the forecast and hig winds.;;;
01/17/2014,Yellow Bay Knob @ Flathead Lake BioStation,Nitrogen (Total),TN,108,µg/L - N,,"USGS 03-4174, EPA 353.2",,,Deposition-Dry,954.1,"Bucket in on 09I14@0915 hrs. Changed collection procedure from hear on out. We rinse the sample collection bottle with sample. Warm and dry, sunny at times, moderate to high winds. Lite organics in the sample with 1 Ant; filtered through 500 um mesh;;;"
01/17/2014,Yellow Bay Knob @ Flathead Lake BioStation,Phosphorus (Total),TP,2.6,µg/L - P,,"USGS 03-4174, EPA 365.2",,,Deposition-Dry,954.1,"Bucket in on 09I14@0915 hrs. Changed collection procedure from hear on out. We rinse the sample collection bottle with sample. Warm and dry, sunny at times, moderate to high winds. Lite organics in the sample with 1 Ant; filtered through 500 um mesh;;;"
01/23/2014,Yellow Bay Knob @ Flathead Lake BioStation,Nitrogen (Total),TN,107,µg/L - N,,"USGS 03-4174, EPA 353.2",,,Deposition-Dry,1489.3,Bucket in on 17I14 @ 0830hrs. Cold weather this past week; trace snow (<1/2') from last two days and not enough for a sample; little to no wind this week. No visible organics in the sample but filtered through 500 um mesh anyway.;;;
01/23/2014,Yellow Bay Knob @ Flathead Lake BioStation,Phosphorus (Total),TP,< 1.5,µg/L - P,,"USGS 03-4174, EPA 365.2",,,Deposition-Dry,1489.3,Bucket in on 17I14 @ 0830hrs. Cold weather this past week; trace snow (<1/2') from last two days and not enough for a sample; little to no wind this week. No visible organics in the sample but filtered through 500 um mesh anyway.;;;
01/31/2014,Yellow Bay Knob @ Flathead Lake BioStation,Nitrogen (Total),TN,114,µg/L - N,,"USGS 03-4174, EPA 353.2",,,Deposition-Dry,1322.8,Bucket in on 23I14 @ 0915 hrs.Snow the last two days and today; Temperatures in the 10-20 (F) range; lite to moderate wind. Moderate organics in the sample; filtered through 500 um mesh.;;;
01/31/2014,Yellow Bay Knob @ Flathead Lake BioStation,Nitrogen (Total),TN,174,µg/L - N,,"USGS 03-4174, EPA 353.2",,,Deposition-Wet,1445.8,Bucket in 09I14 @ 0915hrs. Snow the last two days and today; Temperatures in the 10-20 (F) range; lite to moderate wind. Moderate organics in the sample; filtered through 500 um mesh;;;
01/31/2014,Yellow Bay Knob @ Flathead Lake BioStation,Phosphorus (Total),TP,3.5,µg/L - P,,"USGS 03-4174, EPA 365.2",,,Deposition-Wet,1445.8,Bucket in 09I14 @ 0915hrs. Snow the last two days and today; Temperatures in the 10-20 (F) range; lite to moderate wind. Moderate organics in the sample; filtered through 500 um mesh;;;
01/31/2014,Yellow Bay Knob @ Flathead Lake BioStation,Phosphorus (Total),TP,3.1,µg/L - P,,"USGS 03-4174, EPA 365.2",,,Deposition-Dry,1322.8,Bucket in on 23I14 @ 0915 hrs.Snow the last two days and today; Temperatures in the 10-20 (F) range; lite to moderate wind. Moderate organics in the sample; filtered through 500 um mesh.;;;
02/06/2014,Yellow Bay Knob @ Flathead Lake BioStation,Nitrogen (Total),TN,64.1,µg/L - N,,"USGS 03-4174, EPA 353.2",,,Deposition-Dry,1038.2,Bucket in on 31I14 @ 0750 hrs.Temperature down as low as as -20 (F); some snow this week; calm at times but mostly moderate-high winds earlier in the week.;;;
02/06/2014,Yellow Bay Knob @ Flathead Lake BioStation,Phosphorus (Total),TP,2.4,µg/L - P,,"USGS 03-4174, EPA 365.2",,,Deposition-Dry,1038.2,Bucket in on 31I14 @ 0750 hrs.Temperature down as low as as -20 (F); some snow this week; calm at times but mostly moderate-high winds earlier in the week.;;;
02/12/2014,Yellow Bay Knob @ Flathead Lake BioStation,Nitrogen (Total),TN,207,µg/L - N,,"USGS 03-4174, EPA 353.2",,,Deposition-Wet,365,"Bucket in on 31I14 @ 0750.Calm and cold temperatures. Ice forming at mid-lake deep, bays, narrrows and wildhorse. Lows to -20 (F) wind today but warmed up yesterday. LODA appears to have frozen; no measurable debris in sample filtered through 500 um mesh.;;;"
02/12/2014,Yellow Bay Knob @ Flathead Lake BioStation,Nitrogen (Total),TN,86.3,µg/L - N,,"USGS 03-4174, EPA 353.2",,,Deposition-Dry,1493.8,"Bucket in on 07II14 @ 1100 hrs.Calm and cold temperatures. Ice forming at mid-lake deep, bays, narrrows and wildhorse. Lows to -20 (F) wind today but warmed up yesterday. LODA appears to have frozen; lite debris and through 500um mesh. Lost rinse ~83.0 g.;;;"
02/12/2014,Yellow Bay Knob @ Flathead Lake BioStation,Phosphorus (Total),TP,< 1.5,µg/L - P,,"USGS 03-4174, EPA 365.2",,,Deposition-Dry,1493.8,"Bucket in on 07II14 @ 1100 hrs.Calm and cold temperatures. Ice forming at mid-lake deep, bays, narrrows and wildhorse. Lows to -20 (F) wind today but warmed up yesterday. LODA appears to have frozen; lite debris and through 500um mesh. Lost rinse ~83.0 g.;;;"
02/12/2014,Yellow Bay Knob @ Flathead Lake BioStation,Phosphorus (Total),TP,1.6,µg/L - P,,"USGS 03-4174, EPA 365.2",,,Deposition-Wet,365,"Bucket in on 31I14 @ 0750.Calm and cold temperatures. Ice forming at mid-lake deep, bays, narrrows and wildhorse. Lows to -20 (F) wind today but warmed up yesterday. LODA appears to have frozen; no measurable debris in sample filtered through 500 um mesh.;;;"
02/21/2014,Yellow Bay Knob @ Flathead Lake BioStation,Nitrogen (Total),TN,140,µg/L - N,,"USGS 03-4174, EPA 353.2",,,Deposition-Dry,1147.4,"Bucket in on 12II14 @ 1000 hrs. High winds all week; rain 5 days ago; snow last two days and today. Temperatures in the 30's (F) Total snow <1"". Moderate debris; pine needles and organics; filtered through 500 um mesh.;;;"
02/21/2014,Yellow Bay Knob @ Flathead Lake BioStation,Nitrogen (Total),TN,96,µg/L - N,,"USGS 03-4174, EPA 353.2",,,Deposition-Wet,609.7,"Bucket in on 12II14 @ 1000 hrs. High winds all week; rain 5 days ago; snow last two days and today. Temperatures in the 30's (F) Total snow <1"".Lite organics; filtered through 500 um mesh.;;;"
02/21/2014,Yellow Bay Knob @ Flathead Lake BioStation,Phosphorus (Total),TP,2.4,µg/L - P,,"USGS 03-4174, EPA 365.2",,,Deposition-Wet,609.7,"Bucket in on 12II14 @ 1000 hrs. High winds all week; rain 5 days ago; snow last two days and today. Temperatures in the 30's (F) Total snow <1"".Lite organics; filtered through 500 um mesh.;;;"
02/21/2014,Yellow Bay Knob @ Flathead Lake BioStation,Phosphorus (Total),TP,9.7,µg/L - P,,"USGS 03-4174, EPA 365.2",,,Deposition-Dry,1147.4,"Bucket in on 12II14 @ 1000 hrs. High winds all week; rain 5 days ago; snow last two days and today. Temperatures in the 30's (F) Total snow <1"". Moderate debris; pine needles and organics; filtered through 500 um mesh.;;;"
03/04/2014,Yellow Bay Knob @ Flathead Lake BioStation,Nitrogen (Total),TN,224,µg/L - N,,"USGS 03-4174, EPA 353.2",,,Deposition-Dry,1233.2,Bucket in on 21II14 @ 1000hrs. Calm to high winds and blizzard conditions at times. Temperatures in the single digits to negatives (F). Warmed up yesterday in the 40's (F). Lite organics; filtered through 500 um mesh.;;;
03/04/2014,Yellow Bay Knob @ Flathead Lake BioStation,Nitrogen (Total),TN,191,µg/L - N,,"USGS 03-4174, EPA 353.2",,,Deposition-Wet,1741.4,"Bucket in 21II14 @ 1000 hrs. Calm-high winds and blizzard conditions at times. Snow ~12"" over the collection time period. Temperatures in the single digits to negatives (F). Warmed up yesterday in the 40's (F). Lite organics; filtered through 500 um mesh.;;;"
03/04/2014,Yellow Bay Knob @ Flathead Lake BioStation,Phosphorus (Total),TP,< 1.5,µg/L - P,,"USGS 03-4174, EPA 365.2",,,Deposition-Wet,1741.4,"Bucket in 21II14 @ 1000 hrs. Calm-high winds and blizzard conditions at times. Snow ~12"" over the collection time period. Temperatures in the single digits to negatives (F). Warmed up yesterday in the 40's (F). Lite organics; filtered through 500 um mesh.;;;"
03/04/2014,Yellow Bay Knob @ Flathead Lake BioStation,Phosphorus (Total),TP,3.7,µg/L - P,,"USGS 03-4174, EPA 365.2",,,Deposition-Dry,1233.2,Bucket in on 21II14 @ 1000hrs. Calm to high winds and blizzard conditions at times. Temperatures in the single digits to negatives (F). Warmed up yesterday in the 40's (F). Lite organics; filtered through 500 um mesh.;;;
03/12/2014,Yellow Bay Knob @ Flathead Lake BioStation,Nitrogen (Total),TN,185,µg/L - N,,"USGS 03-4174, EPA 353.2",,,Deposition-Dry,996.7,Bucket in on 04III14 @ 1000hrs. Rain showers until yesterday warm days with temp's near or at freezing at night. Calm to moderate winds at times. Lite organics; filtered through 500 um mesh.;;;
03/12/2014,Yellow Bay Knob @ Flathead Lake BioStation,Nitrogen (Total),TN,108,µg/L - N,,"USGS 03-4174, EPA 353.2",,,Deposition-Wet,1277.7,Bucket in on 04III14 @ 1000hrs. Rain showers until yesterday warm days with temp's near or at freezing at night. Calm to moderate winds at times. Lite organics; filtered through 500 um mesh.;;;
03/12/2014,Yellow Bay Knob @ Flathead Lake BioStation,Phosphorus (Total),TP,< 1.5,µg/L - P,,"USGS 03-4174, EPA 365.2",,,Deposition-Wet,1277.7,Bucket in on 04III14 @ 1000hrs. Rain showers until yesterday warm days with temp's near or at freezing at night. Calm to moderate winds at times. Lite organics; filtered through 500 um mesh.;;;
03/12/2014,Yellow Bay Knob @ Flathead Lake BioStation,Phosphorus (Total),TP,102,µg/L - P,,"USGS 03-4174, EPA 365.2",,,Deposition-Dry,996.7,Bucket in on 04III14 @ 1000hrs. Rain showers until yesterday warm days with temp's near or at freezing at night. Calm to moderate winds at times. Lite organics; filtered through 500 um mesh.;;;
03/19/2014,Yellow Bay Knob @ Flathead Lake BioStation,Nitrogen (Total),TN,125,µg/L - N,,"USGS 03-4174, EPA 353.2",,,Deposition-Dry,919.1,Bucket in on 12III14 @ 0900 hrs. Rain/snow showers at times. Daytime temperatures ~40 (F) but nights at or near freezing. Moderate. Moderate to high winds. Lite organics; filtered through 500 um mesh.;;;
03/19/2014,Yellow Bay Knob @ Flathead Lake BioStation,Nitrogen (Total),TN,190,µg/L - N,,"USGS 03-4174, EPA 353.2",,,Deposition-Wet,670.5,Bucket in on 12III14 @ 0900 hrs. Rain/snow showers at times. Daytime temperatures ~40 (F) but nights at or near freezing. Moderate. Moderate to high winds. Lite organics; filtered through 500 um mesh.;;;
03/19/2014,Yellow Bay Knob @ Flathead Lake BioStation,Phosphorus (Total),TP,2.8,µg/L - P,,"USGS 03-4174, EPA 365.2",,,Deposition-Wet,670.5,Bucket in on 12III14 @ 0900 hrs. Rain/snow showers at times. Daytime temperatures ~40 (F) but nights at or near freezing. Moderate. Moderate to high winds. Lite organics; filtered through 500 um mesh.;;;
03/19/2014,Yellow Bay Knob @ Flathead Lake BioStation,Phosphorus (Total),TP,3.3,µg/L - P,,"USGS 03-4174, EPA 365.2",,,Deposition-Dry,919.1,Bucket in on 12III14 @ 0900 hrs. Rain/snow showers at times. Daytime temperatures ~40 (F) but nights at or near freezing. Moderate. Moderate to high winds. Lite organics; filtered through 500 um mesh.;;;
03/26/2014,Yellow Bay Knob @ Flathead Lake BioStation,Nitrogen (Total),TN,147,µg/L - N,,"USGS 03-4174, EPA 353.2",,,Deposition-Dry,1341.6,Bucket in on 19III14 at 0915 hrs. Sunny at times with rain and snow showers. Moderate to high winds at times. ~40 (F) during the day but still freezing at night. Lite organics; filtered through 500 um mesh. Prescribed burns and open burning in the valley.;;;
03/26/2014,Yellow Bay Knob @ Flathead Lake BioStation,Phosphorus (Total),TP,6,µg/L - P,,"USGS 03-4174, EPA 365.2",,,Deposition-Dry,1341.6,Bucket in on 19III14 at 0915 hrs. Sunny at times with rain and snow showers. Moderate to high winds at times. ~40 (F) during the day but still freezing at night. Lite organics; filtered through 500 um mesh. Prescribed burns and open burning in the valley.;;;
04/02/2014,Yellow Bay Knob @ Flathead Lake BioStation,Nitrogen (Total),TN,145,µg/L - N,,"USGS 03-4174, EPA 353.2",,,Deposition-Dry,1159,Bucket in on 26III14 @ 0830 hrs. Sunny at times w/rain/snow showers. Highs in the high 40's (F) to low 50's (F). Calm to mod. wind. Some burnig in valley. Lite debris; filtered through 500 um mesh.;;;
04/02/2014,Yellow Bay Knob @ Flathead Lake BioStation,Nitrogen (Total),TN,170,µg/L - N,,"USGS 03-4174, EPA 353.2",,,Deposition-Wet,958.3,Bucket in on 19III14 @ 0915 hrs. Sunny at times w/rain/snow showers. Highs in the high 40's (F) to low 50's (F). Calm to mod. Wind. Some burnig in valley. Lite debris; filtered through 500 um mesh.;;;
04/02/2014,Yellow Bay Knob @ Flathead Lake BioStation,Phosphorus (Total),TP,1.6,µg/L - P,,"USGS 03-4174, EPA 365.2",,,Deposition-Wet,958.3,Bucket in on 19III14 @ 0915 hrs. Sunny at times w/rain/snow showers. Highs in the high 40's (F) to low 50's (F). Calm to mod. Wind. Some burnig in valley. Lite debris; filtered through 500 um mesh.;;;
04/02/2014,Yellow Bay Knob @ Flathead Lake BioStation,Phosphorus (Total),TP,5,µg/L - P,,"USGS 03-4174, EPA 365.2",,,Deposition-Dry,1159,Bucket in on 26III14 @ 0830 hrs. Sunny at times w/rain/snow showers. Highs in the high 40's (F) to low 50's (F). Calm to mod. wind. Some burnig in valley. Lite debris; filtered through 500 um mesh.;;;
04/11/2014,Yellow Bay Knob @ Flathead Lake BioStation,Nitrogen (Total),TN,216,µg/L - N,,"USGS 03-4174, EPA 353.2",,,Deposition-Dry,781.4,Bucket in on 02IV2014 @ 1330 hrs. Warm and Dry weather most of the week. Trace rain 2 days ago. High winds. Precribed burn conducted by USFS near the station. Lots of smoke along the east shore. Moderate organics; filtered through 500 um mesh.;;;
04/11/2014,Yellow Bay Knob @ Flathead Lake BioStation,Phosphorus (Total),TP,14.9,µg/L - P,,"USGS 03-4174, EPA 365.2",,,Deposition-Dry,781.4,Bucket in on 02IV2014 @ 1330 hrs. Warm and Dry weather most of the week. Trace rain 2 days ago. High winds. Precribed burn conducted by USFS near the station. Lots of smoke along the east shore. Moderate organics; filtered through 500 um mesh.;;;
04/18/2014,Yellow Bay Knob @ Flathead Lake BioStation,Nitrogen (Total),TN,412,µg/L - N,,"USGS 03-4174, EPA 353.2",,,Deposition-Dry,949.4,"Bucket in on 11IV14 @ 0830 hrs. Partly sunny, light rain, windy at times, slash buringin along east shore for past week. Single Ppine needle and a few black specs in sample. Filtered through 500 um mesh. *Not enough sample for WET precip (~40 ml).;;;"
04/18/2014,Yellow Bay Knob @ Flathead Lake BioStation,Phosphorus (Total),TP,20.4,µg/L - P,,"USGS 03-4174, EPA 365.2",,,Deposition-Dry,949.4,"Bucket in on 11IV14 @ 0830 hrs. Partly sunny, light rain, windy at times, slash buringin along east shore for past week. Single Ppine needle and a few black specs in sample. Filtered through 500 um mesh. *Not enough sample for WET precip (~40 ml).;;;"
04/25/2014,Yellow Bay Knob @ Flathead Lake BioStation,Nitrogen (Total),TN,255,µg/L - N,,"USGS 03-4174, EPA 353.2",,,Deposition-Dry,1501.6,Bucket in on 18IV14 @ 0900hrs. High winds w/rain showers. Tempsduring the day in the mid-40's to 50's (F). Personal fires in the valley (open burning). Moderate organics; filtered through 500 um mesh.;;;
04/25/2014,Yellow Bay Knob @ Flathead Lake BioStation,Nitrogen (Total),TN,510,µg/L - N,,"USGS 03-4174, EPA 353.2",,,Deposition-Wet,539.7,Bucket in on 02IV14 @ 1330hrs. High winds w/rain showers. Tempsduring the day in the mid-40's to 50's (F). Personal fires in the valley (open burning). Lite organics; filtered through 500 um mesh.;;;
04/25/2014,Yellow Bay Knob @ Flathead Lake BioStation,Phosphorus (Total),TP,7.3,µg/L - P,,"USGS 03-4174, EPA 365.2",,,Deposition-Wet,539.7,Bucket in on 02IV14 @ 1330hrs. High winds w/rain showers. Tempsduring the day in the mid-40's to 50's (F). Personal fires in the valley (open burning). Lite organics; filtered through 500 um mesh.;;;
04/25/2014,Yellow Bay Knob @ Flathead Lake BioStation,Phosphorus (Total),TP,19,µg/L - P,,"USGS 03-4174, EPA 365.2",,,Deposition-Dry,1501.6,Bucket in on 18IV14 @ 0900hrs. High winds w/rain showers. Tempsduring the day in the mid-40's to 50's (F). Personal fires in the valley (open burning). Moderate organics; filtered through 500 um mesh.;;;
05/02/2014,Yellow Bay Knob @ Flathead Lake BioStation,Nitrogen (Total),TN,1530,µg/L - N,,"USGS 03-4174, EPA 353.2",,,Deposition-Dry,665.8,Bucket in on 25IV14 @ 0830 hrs. Rain and high winds; six days ago; warmer temperatures this week; near 70 (F) but cold nights. Moderate organics in the sample; one beetle and one dipteran adult; filtered through 500 um. Pollen in sample.;;;
05/02/2014,Yellow Bay Knob @ Flathead Lake BioStation,Nitrogen (Total),TN,357,µg/L - N,,"USGS 03-4174, EPA 353.2",,,Deposition-Dry,439.6,Bucket in on 25IV14 @ 0830 hrs. Rain and high winds; six days ago; warmer temperatures this week; near 70 (F) but cold nights. Lite organics in the sample; filtered through 500 um. Pollen in sample.;;;
05/02/2014,Yellow Bay Knob @ Flathead Lake BioStation,Nitrogen (Total),TN,492,µg/L - N,,"USGS 03-4174, EPA 353.2",,,Deposition-Wet,1245.1,Bucket in on 02V14 @ 0830 hrs. Rain and high winds this week; some sun breaks. Still some open burning Lots of organics; some pollen; 2 midges; filtered through 500 um mesh.;;;
05/02/2014,Yellow Bay Knob @ Flathead Lake BioStation,Nitrogen (Total),TN,642,µg/L - N,,"USGS 03-4174, EPA 353.2",,,Deposition-Dry,728.2,Bucket in on 02V14 @ 0830 hrs. Rain and high winds this week; some sun breaks. Still some open burning Lots of organics; some pollen; 2 midges; filtered through 500 um mesh.;;;
05/02/2014,Yellow Bay Knob @ Flathead Lake BioStation,Phosphorus (Total),TP,70.8,µg/L - P,,"USGS 03-4174, EPA 365.2",,,Deposition-Dry,728.2,Bucket in on 02V14 @ 0830 hrs. Rain and high winds this week; some sun breaks. Still some open burning Lots of organics; some pollen; 2 midges; filtered through 500 um mesh.;;;
05/02/2014,Yellow Bay Knob @ Flathead Lake BioStation,Phosphorus (Total),TP,10.2,µg/L - P,,"USGS 03-4174, EPA 365.2",,,Deposition-Wet,1245.1,Bucket in on 02V14 @ 0830 hrs. Rain and high winds this week; some sun breaks. Still some open burning Lots of organics; some pollen; 2 midges; filtered through 500 um mesh.;;;
05/02/2014,Yellow Bay Knob @ Flathead Lake BioStation,Phosphorus (Total),TP,17.1,µg/L - P,,"USGS 03-4174, EPA 365.2",,,Deposition-Dry,439.6,Bucket in on 25IV14 @ 0830 hrs. Rain and high winds; six days ago; warmer temperatures this week; near 70 (F) but cold nights. Lite organics in the sample; filtered through 500 um. Pollen in sample.;;;
05/02/2014,Yellow Bay Knob @ Flathead Lake BioStation,Phosphorus (Total),TP,285,µg/L - P,,"USGS 03-4174, EPA 365.2",,,Deposition-Dry,665.8,Bucket in on 25IV14 @ 0830 hrs. Rain and high winds; six days ago; warmer temperatures this week; near 70 (F) but cold nights. Moderate organics in the sample; one beetle and one dipteran adult; filtered through 500 um. Pollen in sample.;;;
05/13/2014,Yellow Bay Knob @ Flathead Lake BioStation,Nitrogen (Total),TN,160,µg/L - N,,"USGS 03-4174, EPA 353.2",,,Deposition-Dry,1358.8,Bucket in 07V14 @ 1330hrs. Scattered showers and cool. Fair amount of pollen in air.  Sample pretty clean.  Filtered 500um mesh.;;;
05/13/2014,Yellow Bay Knob @ Flathead Lake BioStation,Nitrogen (Total),TN,192,µg/L - N,,"USGS 03-4174, EPA 353.2",,,Deposition-Wet,579.6,Bucket in 07V14 @ 1330hrs. Scattered showers and cool. Fair amount of pollen in air. Sample pretty clean.  Filtered 500um mesh.;;;
05/13/2014,Yellow Bay Knob @ Flathead Lake BioStation,Phosphorus (Total),TP,2.9,µg/L - P,,"USGS 03-4174, EPA 365.2",,,Deposition-Wet,579.6,Bucket in 07V14 @ 1330hrs. Scattered showers and cool. Fair amount of pollen in air. Sample pretty clean.  Filtered 500um mesh.;;;
05/13/2014,Yellow Bay Knob @ Flathead Lake BioStation,Phosphorus (Total),TP,11.6,µg/L - P,,"USGS 03-4174, EPA 365.2",,,Deposition-Dry,1358.8,Bucket in 07V14 @ 1330hrs. Scattered showers and cool. Fair amount of pollen in air.  Sample pretty clean.  Filtered 500um mesh.;;;
05/21/2014,Yellow Bay Knob @ Flathead Lake BioStation,Nitrogen (Total),TN,663,µg/L - N,,"USGS 03-4174, EPA 353.2",,,Deposition-Dry,308.9,"Bucket in 13V14 @ 1130hrs. Warmer, 60's and 70's, windy and  rain at times.Heavy organics and 2 beetles in sample.  Lots of pollen. Filtered 500um mesh.;;;"
05/21/2014,Yellow Bay Knob @ Flathead Lake BioStation,Nitrogen (Total),TN,569,µg/L - N,,"USGS 03-4174, EPA 353.2",,,Deposition-Wet,888.1,"Bucket in 13V14 @ 1130hrs. Warmer, 60's and 70's, windy and  rain at times.Clean sample.  Lots of pollen in air. Filtered 500um mesh.;;;"
05/21/2014,Yellow Bay Knob @ Flathead Lake BioStation,Phosphorus (Total),TP,8.4,µg/L - P,,"USGS 03-4174, EPA 365.2",,,Deposition-Wet,888.1,"Bucket in 13V14 @ 1130hrs. Warmer, 60's and 70's, windy and  rain at times.Clean sample.  Lots of pollen in air. Filtered 500um mesh.;;;"
05/21/2014,Yellow Bay Knob @ Flathead Lake BioStation,Phosphorus (Total),TP,86.9,µg/L - P,,"USGS 03-4174, EPA 365.2",,,Deposition-Dry,308.9,"Bucket in 13V14 @ 1130hrs. Warmer, 60's and 70's, windy and  rain at times.Heavy organics and 2 beetles in sample.  Lots of pollen. Filtered 500um mesh.;;;"
05/29/2014,Yellow Bay Knob @ Flathead Lake BioStation,Nitrogen (Total),TN,844,µg/L - N,,"USGS 03-4174, EPA 353.2",,,Deposition-Dry,551.9,"Bucket in 21V19 @ 1100 hours. Temps in low 70's.  Light showers, but not enough for WET precip sample.Some high winds, pollen and open burning.Lots of debris in sample, catkins, 2 beetles, 2 flies.  Filtered 500um mesh.;;;"
05/29/2014,Yellow Bay Knob @ Flathead Lake BioStation,Phosphorus (Total),TP,80.1,µg/L - P,,"USGS 03-4174, EPA 365.2",,,Deposition-Dry,551.9,"Bucket in 21V19 @ 1100 hours. Temps in low 70's.  Light showers, but not enough for WET precip sample.Some high winds, pollen and open burning.Lots of debris in sample, catkins, 2 beetles, 2 flies.  Filtered 500um mesh.;;;"
06/04/2014,Yellow Bay Knob @ Flathead Lake BioStation,Nitrogen (Total),TN,697,µg/L - N,,"USGS 03-4174, EPA 353.2",,,Deposition-Dry,628.4,"Bucket in 29V14 @ 1330 hours.  Sunny, few light showers last week.  High wind, thunderstorms last night.Lots of organics in sample, pollen, 1 beetle.  Filtered 500um mesh.;;;"
06/04/2014,Yellow Bay Knob @ Flathead Lake BioStation,Nitrogen (Total),TN,308,µg/L - N,,"USGS 03-4174, EPA 353.2",,,Deposition-Wet,1286.3,"Bucket in 21V14 @ 1100 hours.  Sunny, few light showers last week.  High wind, thunderstorms last night.Light to no organics in sample.  Filtered 500um mesh.;;;"
06/04/2014,Yellow Bay Knob @ Flathead Lake BioStation,Phosphorus (Total),TP,5,µg/L - P,,"USGS 03-4174, EPA 365.2",,,Deposition-Wet,1286.3,"Bucket in 21V14 @ 1100 hours.  Sunny, few light showers last week.  High wind, thunderstorms last night.Light to no organics in sample.  Filtered 500um mesh.;;;"
06/04/2014,Yellow Bay Knob @ Flathead Lake BioStation,Phosphorus (Total),TP,95.5,µg/L - P,,"USGS 03-4174, EPA 365.2",,,Deposition-Dry,628.4,"Bucket in 29V14 @ 1330 hours.  Sunny, few light showers last week.  High wind, thunderstorms last night.Lots of organics in sample, pollen, 1 beetle.  Filtered 500um mesh.;;;"
06/13/2014,Yellow Bay Knob @ Flathead Lake BioStation,Nitrogen (Total),TN,682,µg/L - N,,"USGS 03-4174, EPA 353.2",,,Deposition-Dry,778.4,"Bucket in 04VI14 @ 1440 hours.  Fair number of pine capsules, 2 beetles, pollen in sample.  Hot, cool, windy, calm, rain and sun last week.  Filtered 500um mesh.;;;"
06/13/2014,Yellow Bay Knob @ Flathead Lake BioStation,Nitrogen (Total),TN,492,µg/L - N,,"USGS 03-4174, EPA 353.2",,,Deposition-Wet,974,"Bucket in 04VI14 @ 1440 hours.  Fairly clean sample, only 2 pine capsules.  Hot, cool, windy, calm, rain and sun last week.  Steady rain last 12 hours.  Filtered 500um mesh.;;;"
06/13/2014,Yellow Bay Knob @ Flathead Lake BioStation,Phosphorus (Total),TP,30.3,µg/L - P,,"USGS 03-4174, EPA 365.2",,,Deposition-Wet,974,"Bucket in 04VI14 @ 1440 hours.  Fairly clean sample, only 2 pine capsules.  Hot, cool, windy, calm, rain and sun last week.  Steady rain last 12 hours.  Filtered 500um mesh.;;;"
06/13/2014,Yellow Bay Knob @ Flathead Lake BioStation,Phosphorus (Total),TP,121,µg/L - P,,"USGS 03-4174, EPA 365.2",,,Deposition-Dry,778.4,"Bucket in 04VI14 @ 1440 hours.  Fair number of pine capsules, 2 beetles, pollen in sample.  Hot, cool, windy, calm, rain and sun last week.  Filtered 500um mesh.;;;"
06/19/2014,Yellow Bay Knob @ Flathead Lake BioStation,Nitrogen (Total),TN,130,µg/L - N,,"USGS 03-4174, EPA 353.2",,,Deposition-Dry,2472.5,Bucket in 13VI14 @ 1415.  High winds and heavy rain last 5 days.  Moderate organics in sample. Filtered 500um mesh.;;;
06/19/2014,Yellow Bay Knob @ Flathead Lake BioStation,Nitrogen (Total),TN,120,µg/L - N,,"USGS 03-4174, EPA 353.2",,,Deposition-Wet,5445.9,"Bucket in 13VI14 @ 1415.  High winds and heavy rain last 5 days.  Moderate to heavy organics in sample, 1 spider. Filtered 500um mesh.;;;"
06/19/2014,Yellow Bay Knob @ Flathead Lake BioStation,Phosphorus (Total),TP,< 1.5,µg/L - P,,"USGS 03-4174, EPA 365.2",,,Deposition-Wet,5445.9,"Bucket in 13VI14 @ 1415.  High winds and heavy rain last 5 days.  Moderate to heavy organics in sample, 1 spider. Filtered 500um mesh.;;;"
06/19/2014,Yellow Bay Knob @ Flathead Lake BioStation,Phosphorus (Total),TP,16.6,µg/L - P,,"USGS 03-4174, EPA 365.2",,,Deposition-Dry,2472.5,Bucket in 13VI14 @ 1415.  High winds and heavy rain last 5 days.  Moderate organics in sample. Filtered 500um mesh.;;;
06/27/2014,Yellow Bay Knob @ Flathead Lake BioStation,Nitrogen (Total),TN,398,µg/L - N,,"USGS 03-4174, EPA 353.2",,,Deposition-Dry,705.3,"Bucket in 19VI14 @ 1345 hours.  Light winds, temps ~70degF, rain last two days.  Heavy organics, pollen and 9 beetles in sample.  Filtered 500um mesh.;;;"
06/27/2014,Yellow Bay Knob @ Flathead Lake BioStation,Nitrogen (Total),TN,349,µg/L - N,,"USGS 03-4174, EPA 353.2",,,Deposition-Wet,435.2,"Bucket in 19VI14 @ 1345 hours.  Light winds, temps ~70degF, rain last two days.  Light organics in sample.  Filtered 500um mesh.;;;"
06/27/2014,Yellow Bay Knob @ Flathead Lake BioStation,Phosphorus (Total),TP,6.2,µg/L - P,,"USGS 03-4174, EPA 365.2",,,Deposition-Wet,435.2,"Bucket in 19VI14 @ 1345 hours.  Light winds, temps ~70degF, rain last two days.  Light organics in sample.  Filtered 500um mesh.;;;"
06/27/2014,Yellow Bay Knob @ Flathead Lake BioStation,Phosphorus (Total),TP,65.1,µg/L - P,,"USGS 03-4174, EPA 365.2",,,Deposition-Dry,705.3,"Bucket in 19VI14 @ 1345 hours.  Light winds, temps ~70degF, rain last two days.  Heavy organics, pollen and 9 beetles in sample.  Filtered 500um mesh.;;;"
07/03/2014,Yellow Bay Knob @ Flathead Lake BioStation,Nitrogen (Total),TN,258,µg/L - N,,"USGS 03-4174, EPA 353.2",,,Deposition-Dry,1169.6,Bucket in on 27VI14@1500hrs.Calm to 15 mph winds; Sunny and temperatures in the 80's; Dry and little to no precipitation. Moderate organics; Some pollen in the sample; 6 beetles in the sample; Filtered through 500 um mesh.;;;
07/03/2014,Yellow Bay Knob @ Flathead Lake BioStation,Phosphorus (Total),TP,45,µg/L - P,,"USGS 03-4174, EPA 365.2",,,Deposition-Dry,1169.6,Bucket in on 27VI14@1500hrs.Calm to 15 mph winds; Sunny and temperatures in the 80's; Dry and little to no precipitation. Moderate organics; Some pollen in the sample; 6 beetles in the sample; Filtered through 500 um mesh.;;;
07/10/2014,Yellow Bay Knob @ Flathead Lake BioStation,Nitrogen (Total),TN,219,µg/L - N,,"USGS 03-4174, EPA 353.2",,,Deposition-Dry,566.9,"Bucket in on 03VII14 @ 0945hrs. Sample fairly clean, 1 large beetle; filtered through 50 um mesh. Very hot and dry for last week. Had to add ~250 ml DI water to bucket for enough sample volume.;;;"
07/10/2014,Yellow Bay Knob @ Flathead Lake BioStation,Phosphorus (Total),TP,22.9,µg/L - P,,"USGS 03-4174, EPA 365.2",,,Deposition-Dry,566.9,"Bucket in on 03VII14 @ 0945hrs. Sample fairly clean, 1 large beetle; filtered through 50 um mesh. Very hot and dry for last week. Had to add ~250 ml DI water to bucket for enough sample volume.;;;"
07/16/2014,Yellow Bay Knob @ Flathead Lake BioStation,Nitrogen (Total),TN,314,µg/L - N,,"USGS 03-4174, EPA 353.2",,,Deposition-Dry,741.6,"Bucket in on 10VII14 at 0900hrs.Hot and dry for the last week, except for thunderstorm on the evening of 14VII14. Light ot moderate haze over the lake for last week from fires in Canada and Washington. Mod. Small organics in sample, filtered thru 500 um.;;;"
07/16/2014,Yellow Bay Knob @ Flathead Lake BioStation,Nitrogen (Total),TN,559,µg/L - N,,"USGS 03-4174, EPA 353.2",,,Deposition-Wet,891.9,"Bucket in on 27VI14 at 1500hrs.Hot and dry for the last week, except for thunderstorm on the evening of 14VII14. Light ot moderate haze over the lake for last week from fires in Canada and Washington. Light small organics in sample, filtered thru 500 um.;;;"
07/16/2014,Yellow Bay Knob @ Flathead Lake BioStation,Phosphorus (Total),TP,6,µg/L - P,,"USGS 03-4174, EPA 365.2",,,Deposition-Wet,891.9,"Bucket in on 27VI14 at 1500hrs.Hot and dry for the last week, except for thunderstorm on the evening of 14VII14. Light ot moderate haze over the lake for last week from fires in Canada and Washington. Light small organics in sample, filtered thru 500 um.;;;"
07/16/2014,Yellow Bay Knob @ Flathead Lake BioStation,Phosphorus (Total),TP,33.6,µg/L - P,,"USGS 03-4174, EPA 365.2",,,Deposition-Dry,741.6,"Bucket in on 10VII14 at 0900hrs.Hot and dry for the last week, except for thunderstorm on the evening of 14VII14. Light ot moderate haze over the lake for last week from fires in Canada and Washington. Mod. Small organics in sample, filtered thru 500 um.;;;"
07/23/2014,Yellow Bay Knob @ Flathead Lake BioStation,Nitrogen (Total),TN,647,µg/L - N,,"USGS 03-4174, EPA 353.2",,,Deposition-Dry,943.9,"Bucket in on 16VII14 @0845 hrs. Hot and sunny with some rain/thunder and lightning storms. Lots of haze from fires in ID, OR, & WA. Lots of organics; 2 beetles and noticable soot in the sample; filtered through 500 um mesh.;;;"
07/23/2014,Yellow Bay Knob @ Flathead Lake BioStation,Phosphorus (Total),TP,113,µg/L - P,,"USGS 03-4174, EPA 365.2",,,Deposition-Dry,943.9,"Bucket in on 16VII14 @0845 hrs. Hot and sunny with some rain/thunder and lightning storms. Lots of haze from fires in ID, OR, & WA. Lots of organics; 2 beetles and noticable soot in the sample; filtered through 500 um mesh.;;;"
08/01/2014,Yellow Bay Knob @ Flathead Lake BioStation,Nitrogen (Total),TN,234,µg/L - N,,"USGS 03-4174, EPA 353.2",,,Deposition-Dry,1040.2,Bucket in on 23VII14@1400 hrs. Sunny and hot this week temperatures in the mid-80's to low 90's (F). High winds at times Still some haze in the valley. Heavy organics in the sampleand 1 beetle and 2 Dipteran flies; filtered through 500 um mesh.;;;
08/01/2014,Yellow Bay Knob @ Flathead Lake BioStation,Phosphorus (Total),TP,25.2,µg/L - P,,"USGS 03-4174, EPA 365.2",,,Deposition-Dry,1040.2,Bucket in on 23VII14@1400 hrs. Sunny and hot this week temperatures in the mid-80's to low 90's (F). High winds at times Still some haze in the valley. Heavy organics in the sampleand 1 beetle and 2 Dipteran flies; filtered through 500 um mesh.;;;
08/08/2014,Yellow Bay Knob @ Flathead Lake BioStation,Nitrogen (Total),TN,379,µg/L - N,,"USGS 03-4174, EPA 353.2",,,Deposition-Dry,930.3,"Bucket in 01VIII14@0845hrs. SMOKEY, hot mostly calm but 1 or 2 nights with high winds; sample had moderate organics in it (lg &sm); filtered through 500 um mesh.;;;"
08/08/2014,Yellow Bay Knob @ Flathead Lake BioStation,Phosphorus (Total),TP,44.4,µg/L - P,,"USGS 03-4174, EPA 365.2",,,Deposition-Dry,930.3,"Bucket in 01VIII14@0845hrs. SMOKEY, hot mostly calm but 1 or 2 nights with high winds; sample had moderate organics in it (lg &sm); filtered through 500 um mesh.;;;"
08/15/2014,Yellow Bay Knob @ Flathead Lake BioStation,Nitrogen (Total),TN,370,µg/L - N,,"USGS 03-4174, EPA 353.2",,,Deposition-Dry,865.2,"Bucket in on 08VIII14 @0845 hrs. Sunny and hot w/high winds and thunder/lightning storms. Rain last night and sporadically yesterday. Fires in the st and out of st. causing smoke in the valley. 2 Dipterans and 1 beetle, w/lots of organics; fil. 500 um.;;;"
08/15/2014,Yellow Bay Knob @ Flathead Lake BioStation,Nitrogen (Total),TN,874,µg/L - N,,"USGS 03-4174, EPA 353.2",,,Deposition-Wet,700,Bucket in on 16VII14 @0845 hrs. Sunny and hot w/high winds and thunder/lightning storms. Rain last night and sporadically yesterday. Fires in the st and out of st. causing smoke in the valley. Mod. To hvy organics in the sample; filtered through 500 um.;;;
08/15/2014,Yellow Bay Knob @ Flathead Lake BioStation,Phosphorus (Total),TP,18.8,µg/L - P,,"USGS 03-4174, EPA 365.2",,,Deposition-Wet,700,Bucket in on 16VII14 @0845 hrs. Sunny and hot w/high winds and thunder/lightning storms. Rain last night and sporadically yesterday. Fires in the st and out of st. causing smoke in the valley. Mod. To hvy organics in the sample; filtered through 500 um.;;;
08/15/2014,Yellow Bay Knob @ Flathead Lake BioStation,Phosphorus (Total),TP,24.8,µg/L - P,,"USGS 03-4174, EPA 365.2",,,Deposition-Dry,865.2,"Bucket in on 08VIII14 @0845 hrs. Sunny and hot w/high winds and thunder/lightning storms. Rain last night and sporadically yesterday. Fires in the st and out of st. causing smoke in the valley. 2 Dipterans and 1 beetle, w/lots of organics; fil. 500 um.;;;"
08/22/2014,Yellow Bay Knob @ Flathead Lake BioStation,Nitrogen (Total),TN,344,µg/L - N,,"USGS 03-4174, EPA 353.2",,,Deposition-Dry,1134.1,"Bucket in on 15 VIII14 @ 0830 hrs. Sunny at times, cooler temperatures (~60 F); lots of rain and thunder/lightning. Hazy from fires in the valley. Lots of organics in sample; filtered through 500 um mesh.;;;"
08/22/2014,Yellow Bay Knob @ Flathead Lake BioStation,Nitrogen (Total),TN,399,µg/L - N,,"USGS 03-4174, EPA 353.2",,,Deposition-Wet,2556.4,"Bucket in on 15 VIII14 @ 0830 hrs. Sunny at times, cooler temperatures (~60 F); lots of rain and thunder/lightning. Hazy from fires in the valley. Mod. organics in sample; filtered through 500 um mesh.;;;"
08/22/2014,Yellow Bay Knob @ Flathead Lake BioStation,Phosphorus (Total),TP,6.1,µg/L - P,,"USGS 03-4174, EPA 365.2",,,Deposition-Wet,2556.4,"Bucket in on 15 VIII14 @ 0830 hrs. Sunny at times, cooler temperatures (~60 F); lots of rain and thunder/lightning. Hazy from fires in the valley. Mod. organics in sample; filtered through 500 um mesh.;;;"
08/22/2014,Yellow Bay Knob @ Flathead Lake BioStation,Phosphorus (Total),TP,21.7,µg/L - P,,"USGS 03-4174, EPA 365.2",,,Deposition-Dry,1134.1,"Bucket in on 15 VIII14 @ 0830 hrs. Sunny at times, cooler temperatures (~60 F); lots of rain and thunder/lightning. Hazy from fires in the valley. Lots of organics in sample; filtered through 500 um mesh.;;;"
08/29/2014,Yellow Bay Knob @ Flathead Lake BioStation,Nitrogen (Total),TN,92.8,µg/L - N,,"USGS 03-4174, EPA 353.2",,,Deposition-Dry,753,Bucket in on 22 VIII14 @1500hrs. Sunny this week; raining and colder last week and over the weekend. ~80 F for highs. Some haze in the valley from fires; winds calm to mod. Heavy organics in the sample; filtered through 500 um mesh.;;;
08/29/2014,Yellow Bay Knob @ Flathead Lake BioStation,Phosphorus (Total),TP,6.9,µg/L - P,,"USGS 03-4174, EPA 365.2",,,Deposition-Dry,753,Bucket in on 22 VIII14 @1500hrs. Sunny this week; raining and colder last week and over the weekend. ~80 F for highs. Some haze in the valley from fires; winds calm to mod. Heavy organics in the sample; filtered through 500 um mesh.;;;
09/04/2014,Yellow Bay Knob @ Flathead Lake BioStation,Nitrogen (Total),TN,138,µg/L - N,,"USGS 03-4174, EPA 353.2",,,Deposition-Dry,1437.7,Bucket in on 29VIII14@1500hrs. Rainy at times over the weekend; colder temperatures.Heavy rain yesterday; sunny at times; highs in the 70's (F). Winds calm to high. Mod. Organics in the sample; 2 dipterans; fil. Through 500 um mesh;;;
09/04/2014,Yellow Bay Knob @ Flathead Lake BioStation,Nitrogen (Total),TN,205,µg/L - N,,"USGS 03-4174, EPA 353.2",,,Deposition-Wet,1223.9,Bucket in on 29VIII14@1500hrs. Rainy at times over the weekend; colder temperatures.Heavy rain yesterday; sunny at times; highs in the 70's (F). Winds calm to high. Lite organics in the sample; 2 dipterans; fil. Through 500 um mesh;;;
09/04/2014,Yellow Bay Knob @ Flathead Lake BioStation,Phosphorus (Total),TP,4.8,µg/L - P,,"USGS 03-4174, EPA 365.2",,,Deposition-Wet,1223.9,Bucket in on 29VIII14@1500hrs. Rainy at times over the weekend; colder temperatures.Heavy rain yesterday; sunny at times; highs in the 70's (F). Winds calm to high. Lite organics in the sample; 2 dipterans; fil. Through 500 um mesh;;;
09/04/2014,Yellow Bay Knob @ Flathead Lake BioStation,Phosphorus (Total),TP,15.2,µg/L - P,,"USGS 03-4174, EPA 365.2",,,Deposition-Dry,1437.7,Bucket in on 29VIII14@1500hrs. Rainy at times over the weekend; colder temperatures.Heavy rain yesterday; sunny at times; highs in the 70's (F). Winds calm to high. Mod. Organics in the sample; 2 dipterans; fil. Through 500 um mesh;;;
09/11/2014,Yellow Bay Knob @ Flathead Lake BioStation,Nitrogen (Total),TN,110,µg/L - N,,"USGS 03-4174, EPA 353.2",,,Deposition-Dry,1005.8,Bucket in on 04IX14@0900 hrs. Sunny and calm winds for the most of the week but windy and rainy yesterday. Heavy organics; 1 spider; filtered through 500 um mesh.;;;
09/11/2014,Yellow Bay Knob @ Flathead Lake BioStation,Phosphorus (Total),TP,8.1,µg/L - P,,"USGS 03-4174, EPA 365.2",,,Deposition-Dry,1005.8,Bucket in on 04IX14@0900 hrs. Sunny and calm winds for the most of the week but windy and rainy yesterday. Heavy organics; 1 spider; filtered through 500 um mesh.;;;
09/18/2014,Yellow Bay Knob @ Flathead Lake BioStation,Nitrogen (Total),TN,422,µg/L - N,,"USGS 03-4174, EPA 353.2",,,Deposition-Dry,1255,Bucket in on 11IX14@1330hrs. Sunny and warm; windy at time; colder nights; hazy from fires. I grasshopper and 1 dipteran lfy; filtered through 500 um mesh.;;;
09/18/2014,Yellow Bay Knob @ Flathead Lake BioStation,Phosphorus (Total),TP,115,µg/L - P,,"USGS 03-4174, EPA 365.2",,,Deposition-Dry,1255,Bucket in on 11IX14@1330hrs. Sunny and warm; windy at time; colder nights; hazy from fires. I grasshopper and 1 dipteran lfy; filtered through 500 um mesh.;;;
09/26/2014,Yellow Bay Knob @ Flathead Lake BioStation,Nitrogen (Total),TN,227,µg/L - N,,"USGS 03-4174, EPA 353.2",,,Deposition-Dry,913,Bucket in on 18IX14 @0605 hrs. Record high temps. This week. Mostly dry with a few rain showers. Hazy from fires; moderate to calm winds. Moderate organics; 1 dipteran fly; filtered through 500 um mesh.;;;
09/26/2014,Yellow Bay Knob @ Flathead Lake BioStation,Phosphorus (Total),TP,26.3,µg/L - P,,"USGS 03-4174, EPA 365.2",,,Deposition-Dry,913,Bucket in on 18IX14 @0605 hrs. Record high temps. This week. Mostly dry with a few rain showers. Hazy from fires; moderate to calm winds. Moderate organics; 1 dipteran fly; filtered through 500 um mesh.;;;
10/03/2014,Yellow Bay Knob @ Flathead Lake BioStation,Nitrogen (Total),TN,129,µg/L - N,,"USGS 03-4174, EPA 353.2",,,Deposition-Dry,1433.6,Bucket in on 26IX14 @1545 hrs. Sunny and warm in general the last week; Recrd highs; rain showers; first frost last night. High winds most of the week. Heavy organics in the sample; pine needles; filtered through 500 um mesh.;;;
10/03/2014,Yellow Bay Knob @ Flathead Lake BioStation,Nitrogen (Total),TN,328,µg/L - N,,"USGS 03-4174, EPA 353.2",,,Deposition-Wet,1104.2,Bucket in on 04IX14 @ 0900 hrs. Sunny and warm in general the last week; Recrd highs; rain showers; first frost last night. High winds most of the week. Lite organics in the sample; filtered through 500 um mesh.;;;
10/03/2014,Yellow Bay Knob @ Flathead Lake BioStation,Phosphorus (Total),TP,7.3,µg/L - P,,"USGS 03-4174, EPA 365.2",,,Deposition-Wet,1104.2,Bucket in on 04IX14 @ 0900 hrs. Sunny and warm in general the last week; Recrd highs; rain showers; first frost last night. High winds most of the week. Lite organics in the sample; filtered through 500 um mesh.;;;
10/03/2014,Yellow Bay Knob @ Flathead Lake BioStation,Phosphorus (Total),TP,29,µg/L - P,,"USGS 03-4174, EPA 365.2",,,Deposition-Dry,1433.6,Bucket in on 26IX14 @1545 hrs. Sunny and warm in general the last week; Recrd highs; rain showers; first frost last night. High winds most of the week. Heavy organics in the sample; pine needles; filtered through 500 um mesh.;;;
10/09/2014,Yellow Bay Knob @ Flathead Lake BioStation,Nitrogen (Total),TN,78.9,µg/L - N,,"USGS 03-4174, EPA 353.2",,,Deposition-Dry,1065.4,Bucket in on 03X14 @ 1550hrs. Sunny and warm the past week; cooler nights with high winds at times. Moderate organics in the sample; 3 flies; filtered through 500 um mesh.;;;
10/09/2014,Yellow Bay Knob @ Flathead Lake BioStation,Phosphorus (Total),TP,7.7,µg/L - P,,"USGS 03-4174, EPA 365.2",,,Deposition-Dry,1065.4,Bucket in on 03X14 @ 1550hrs. Sunny and warm the past week; cooler nights with high winds at times. Moderate organics in the sample; 3 flies; filtered through 500 um mesh.;;;
10/17/2014,Yellow Bay Knob @ Flathead Lake BioStation,Nitrogen (Total),TN,147,µg/L - N,,"USGS 03-4174, EPA 353.2",,,Deposition-Dry,1376.3,Bucket in on 09X2014 @ 0830 hrs. Sunny to overcast. Showers 2 days ago. Winds calm to high this week. Lots of pine needles in the sample; filtered through 500 um mesh.;;;
10/17/2014,Yellow Bay Knob @ Flathead Lake BioStation,Nitrogen (Total),TN,246,µg/L - N,,"USGS 03-4174, EPA 353.2",,,Deposition-Wet,698.5,Bucket in on 03IX2014 @ 0900 hrs. Sunny to overcast. Showers 2 days ago. Winds calm to high this week. Moderate pine needles in the sample; filtered through 500 um mesh.;;;
10/17/2014,Yellow Bay Knob @ Flathead Lake BioStation,Phosphorus (Total),TP,13.6,µg/L - P,,"USGS 03-4174, EPA 365.2",,,Deposition-Wet,698.5,Bucket in on 03IX2014 @ 0900 hrs. Sunny to overcast. Showers 2 days ago. Winds calm to high this week. Moderate pine needles in the sample; filtered through 500 um mesh.;;;
10/17/2014,Yellow Bay Knob @ Flathead Lake BioStation,Phosphorus (Total),TP,12.3,µg/L - P,,"USGS 03-4174, EPA 365.2",,,Deposition-Dry,1376.3,Bucket in on 09X2014 @ 0830 hrs. Sunny to overcast. Showers 2 days ago. Winds calm to high this week. Lots of pine needles in the sample; filtered through 500 um mesh.;;;
10/24/2014,Yellow Bay Knob @ Flathead Lake BioStation,Nitrogen (Total),TN,74.5,µg/L - N,,"USGS 03-4174, EPA 353.2",,,Deposition-Dry,1795.3,"Bucket in on 17X14 @ 0830hrs. Sunny and warm with rain showers on and off, for the last three days. High winds at times with colder nights. Lite organics in the sample; filtered through 500 um mesh.;;;"
10/24/2014,Yellow Bay Knob @ Flathead Lake BioStation,Nitrogen (Total),TN,247,µg/L - N,,"USGS 03-4174, EPA 353.2",,,Deposition-Wet,1524.5,"Bucket in on 17X14 @ 0830hrs. Sunny and warm with rain showers on and off, for the last three days. High winds at times with colder nights. Lite organics in the sample; filtered through 500 um mesh.;;;"
10/24/2014,Yellow Bay Knob @ Flathead Lake BioStation,Phosphorus (Total),TP,3.4,µg/L - P,,"USGS 03-4174, EPA 365.2",,,Deposition-Wet,1524.5,"Bucket in on 17X14 @ 0830hrs. Sunny and warm with rain showers on and off, for the last three days. High winds at times with colder nights. Lite organics in the sample; filtered through 500 um mesh.;;;"
10/24/2014,Yellow Bay Knob @ Flathead Lake BioStation,Phosphorus (Total),TP,2.3,µg/L - P,,"USGS 03-4174, EPA 365.2",,,Deposition-Dry,1795.3,"Bucket in on 17X14 @ 0830hrs. Sunny and warm with rain showers on and off, for the last three days. High winds at times with colder nights. Lite organics in the sample; filtered through 500 um mesh.;;;"
10/31/2014,Yellow Bay Knob @ Flathead Lake BioStation,Nitrogen (Total),TN,46.6,µg/L - N,,"USGS 03-4174, EPA 353.2",,,Deposition-Dry,1716.2,Bucket in on 24X14@0930hrs. Overcast with rain showers this week. Some sun breaks. Colder temperatures in the high 30's (F) at night. Moderate organics in the sample; filtered through 500 um mesh. Calm to high winds.;;;
10/31/2014,Yellow Bay Knob @ Flathead Lake BioStation,Nitrogen (Total),TN,88.8,µg/L - N,,"USGS 03-4174, EPA 353.2",,,Deposition-Wet,1085,Bucket in on 24X14@0930hrs. Overcast with rain showers this week. Some sun breaks. Colder temperatures in the high 30's (F) at night. No organics in the sample; filtered through 500 um mesh anyway. Calm to high winds.;;;
10/31/2014,Yellow Bay Knob @ Flathead Lake BioStation,Phosphorus (Total),TP,< 1.5,µg/L - P,,"USGS 03-4174, EPA 365.2",,,Deposition-Wet,1085,Bucket in on 24X14@0930hrs. Overcast with rain showers this week. Some sun breaks. Colder temperatures in the high 30's (F) at night. No organics in the sample; filtered through 500 um mesh anyway. Calm to high winds.;;;
10/31/2014,Yellow Bay Knob @ Flathead Lake BioStation,Phosphorus (Total),TP,2.9,µg/L - P,,"USGS 03-4174, EPA 365.2",,,Deposition-Dry,1716.2,Bucket in on 24X14@0930hrs. Overcast with rain showers this week. Some sun breaks. Colder temperatures in the high 30's (F) at night. Moderate organics in the sample; filtered through 500 um mesh. Calm to high winds.;;;
11/07/2014,Yellow Bay Knob @ Flathead Lake BioStation,Nitrogen (Total),TN,140,µg/L - N,,"USGS 03-4174, EPA 353.2",,,Deposition-Dry,1337.8,Bucket in on 31X14 @0900 hrs. Calm to hihg winds Rain and snow showers; temperatures in the 30's-50's (F). Lite organics in the sample; filtered through 500 um mesh.;;;
11/07/2014,Yellow Bay Knob @ Flathead Lake BioStation,Nitrogen (Total),TN,136,µg/L - N,,"USGS 03-4174, EPA 353.2",,,Deposition-Wet,1880.2,Bucket in on 31X14 @0900 hrs. Calm to hihg winds Rain and snow showers; temperatures in the 30's-50's (F). No visible organics in the sample; filtered through 500 um mesh.;;;
11/07/2014,Yellow Bay Knob @ Flathead Lake BioStation,Phosphorus (Total),TP,2.1,µg/L - P,,"USGS 03-4174, EPA 365.2",,,Deposition-Wet,1880.2,Bucket in on 31X14 @0900 hrs. Calm to hihg winds Rain and snow showers; temperatures in the 30's-50's (F). No visible organics in the sample; filtered through 500 um mesh.;;;
11/07/2014,Yellow Bay Knob @ Flathead Lake BioStation,Phosphorus (Total),TP,3.3,µg/L - P,,"USGS 03-4174, EPA 365.2",,,Deposition-Dry,1337.8,Bucket in on 31X14 @0900 hrs. Calm to hihg winds Rain and snow showers; temperatures in the 30's-50's (F). Lite organics in the sample; filtered through 500 um mesh.;;;
11/14/2014,Yellow Bay Knob @ Flathead Lake BioStation,Nitrogen (Total),TN,72.4,µg/L - N,,"USGS 03-4174, EPA 353.2",,,Deposition-Dry,1485,Bucket in on 07XI14 0825hrs. Calm to moderate wind; Temperatures in the single digits; Some snow/rain; Lite organics in the sample; Few pine needles; Filtered through 500 um mesh; Frozen thawed in walk-in fridge; Cover stuck b/t buckets when collected.;;;
11/14/2014,Yellow Bay Knob @ Flathead Lake BioStation,Nitrogen (Total),TN,128,µg/L - N,,"USGS 03-4174, EPA 353.2",,,Deposition-Wet,891.1,Bucket in on 07XI14 0825hrs. Calm to moderate wind; Temperatures in the single digits; Some snow/rain; Mod. organics in the sample; Pine needles; Filtered through 500 um mesh; Frozen thawed in walk-in fridge; Cover stuck b/t buckets when collected.;;;
11/14/2014,Yellow Bay Knob @ Flathead Lake BioStation,Phosphorus (Total),TP,13.7,µg/L - P,,"USGS 03-4174, EPA 365.2",,,Deposition-Wet,891.1,Bucket in on 07XI14 0825hrs. Calm to moderate wind; Temperatures in the single digits; Some snow/rain; Mod. organics in the sample; Pine needles; Filtered through 500 um mesh; Frozen thawed in walk-in fridge; Cover stuck b/t buckets when collected.;;;
11/14/2014,Yellow Bay Knob @ Flathead Lake BioStation,Phosphorus (Total),TP,7,µg/L - P,,"USGS 03-4174, EPA 365.2",,,Deposition-Dry,1485,Bucket in on 07XI14 0825hrs. Calm to moderate wind; Temperatures in the single digits; Some snow/rain; Lite organics in the sample; Few pine needles; Filtered through 500 um mesh; Frozen thawed in walk-in fridge; Cover stuck b/t buckets when collected.;;;
11/23/2014,Yellow Bay Knob @ Flathead Lake BioStation,Nitrogen (Total),TN,92.3,µg/L - N,,"USGS 03-4174, EPA 353.2",,,Deposition-Dry,931.3,Bucket in on 14XI14 @ 0830hrs. Calm to high winds with cold temperatures into the single digits. Overcast to p.sunny at times. Lite organics in the sample; Filtered through 500 um mesh. Bioassay delayed collection.;;;
11/23/2014,Yellow Bay Knob @ Flathead Lake BioStation,Phosphorus (Total),TP,3.6,µg/L - P,,"USGS 03-4174, EPA 365.2",,,Deposition-Dry,931.3,Bucket in on 14XI14 @ 0830hrs. Calm to high winds with cold temperatures into the single digits. Overcast to p.sunny at times. Lite organics in the sample; Filtered through 500 um mesh. Bioassay delayed collection.;;;
12/02/2014,Yellow Bay Knob @ Flathead Lake BioStation,Nitrogen (Total),TN,78.4,µg/L - N,,"USGS 03-4174, EPA 353.2",,,Deposition-Dry,1668.9,Bucket in on 23XI14 @ 1315hrs. Very cold temperatures (single digits) and snow majority of last week; Calm to high winds; Mod. Org. quarter size tree bark in sample; samples froz. Placed in walk-in; JC obs. Cover stuck in mdl. 3 days ago; Snow in dry buc.;;;
12/02/2014,Yellow Bay Knob @ Flathead Lake BioStation,Nitrogen (Total),TN,157,µg/L - N,,"USGS 03-4174, EPA 353.2",,,Deposition-Wet,1140.3,Bucket in on 14XI14 @ 0830hrs. Very cold temperatures (single digits) and snow w/some rain majority of last week; Calm to high winds; Lite org.; samples froz. Placed in walk-in; JC obs. Cover stuck in mdl. 3 days ago; Snow in dry buc.;;;
12/02/2014,Yellow Bay Knob @ Flathead Lake BioStation,Phosphorus (Total),TP,3.5,µg/L - P,,"USGS 03-4174, EPA 365.2",,,Deposition-Wet,1140.3,Bucket in on 14XI14 @ 0830hrs. Very cold temperatures (single digits) and snow w/some rain majority of last week; Calm to high winds; Lite org.; samples froz. Placed in walk-in; JC obs. Cover stuck in mdl. 3 days ago; Snow in dry buc.;;;
12/02/2014,Yellow Bay Knob @ Flathead Lake BioStation,Phosphorus (Total),TP,2.5,µg/L - P,,"USGS 03-4174, EPA 365.2",,,Deposition-Dry,1668.9,Bucket in on 23XI14 @ 1315hrs. Very cold temperatures (single digits) and snow majority of last week; Calm to high winds; Mod. Org. quarter size tree bark in sample; samples froz. Placed in walk-in; JC obs. Cover stuck in mdl. 3 days ago; Snow in dry buc.;;;
12/09/2014,Yellow Bay Knob @ Flathead Lake BioStation,Nitrogen (Total),TN,54,µg/L - N,,"USGS 03-4174, EPA 353.2",,,Deposition-Dry,1560.4,Bucket in on 02XII14 @ 0830 hrs. Cold temperatures and snow early last week; warmer later in the week and over the weekend; calm winds. No visible organics in the sample; filtered through 500 um mesh. Not frozen.;;;
12/09/2014,Yellow Bay Knob @ Flathead Lake BioStation,Nitrogen (Total),TN,141,µg/L - N,,"USGS 03-4174, EPA 353.2",,,Deposition-Dry,1396.2,Bucket in on 02XII14 @ 0830 hrs. Cold temperatures and snow early last week; warmer later in the week and over the weekend; calm winds. No visible organics in the sample; filtered through 500 um mesh. Not frozen.;;;
12/09/2014,Yellow Bay Knob @ Flathead Lake BioStation,Phosphorus (Total),TP,< 1.5,µg/L - P,,"USGS 03-4174, EPA 365.2",,,Deposition-Dry,1396.2,Bucket in on 02XII14 @ 0830 hrs. Cold temperatures and snow early last week; warmer later in the week and over the weekend; calm winds. No visible organics in the sample; filtered through 500 um mesh. Not frozen.;;;
12/09/2014,Yellow Bay Knob @ Flathead Lake BioStation,Phosphorus (Total),TP,3.2,µg/L - P,,"USGS 03-4174, EPA 365.2",,,Deposition-Dry,1560.4,Bucket in on 02XII14 @ 0830 hrs. Cold temperatures and snow early last week; warmer later in the week and over the weekend; calm winds. No visible organics in the sample; filtered through 500 um mesh. Not frozen.;;;
12/17/2014,Yellow Bay Knob @ Flathead Lake BioStation,Nitrogen (Total),TN,121,µg/L - N,,"USGS 03-4174, EPA 353.2",,,Deposition-Dry,1287.3,Bucket in on 09XII14@1430hrs. Rain at times; warmer temperatures during the day turning to freezing conditions at night. Calm to high winds. No visible organics; filtered through 500 um mesh.;;;
12/17/2014,Yellow Bay Knob @ Flathead Lake BioStation,Nitrogen (Total),TN,151,µg/L - N,,"USGS 03-4174, EPA 353.2",,,Deposition-Wet,747.8,Bucket in on 09XII14@1430hrs. Rain at times; warmer temperatures during the day turning to freezing conditions at night. Calm to high winds. No visible organics; filtered through 500 um mesh. Sample partially frozen.;;;
12/17/2014,Yellow Bay Knob @ Flathead Lake BioStation,Phosphorus (Total),TP,1.7,µg/L - P,,"USGS 03-4174, EPA 365.2",,,Deposition-Wet,747.8,Bucket in on 09XII14@1430hrs. Rain at times; warmer temperatures during the day turning to freezing conditions at night. Calm to high winds. No visible organics; filtered through 500 um mesh. Sample partially frozen.;;;
12/17/2014,Yellow Bay Knob @ Flathead Lake BioStation,Phosphorus (Total),TP,4.3,µg/L - P,,"USGS 03-4174, EPA 365.2",,,Deposition-Dry,1287.3,Bucket in on 09XII14@1430hrs. Rain at times; warmer temperatures during the day turning to freezing conditions at night. Calm to high winds. No visible organics; filtered through 500 um mesh.;;;
12/23/2014,Yellow Bay Knob @ Flathead Lake BioStation,Nitrogen (Total),TN,51.3,µg/L - N,,"USGS 03-4174, EPA 353.2",,,Deposition-Dry,1743.4,Bucket in on 17XII14 @ 1500hrs. Rain to snow showers at times. Thawing during the day and freezing at night. Calm to high winds south winds. Lite organics in the sample; filtered through 500 um mesh.;;;
12/23/2014,Yellow Bay Knob @ Flathead Lake BioStation,Nitrogen (Total),TN,74.9,µg/L - N,,"USGS 03-4174, EPA 353.2",,,Deposition-Wet,812.3,Bucket in on 17XII14 @ 1500hrs. Rain to snow showers at times. Thawing during the day and freezing at night. Calm to high winds south winds. No visible organics in the sample; filtered through 500 um mesh.;;;
12/23/2014,Yellow Bay Knob @ Flathead Lake BioStation,Phosphorus (Total),TP,< 1.5,µg/L - P,,"USGS 03-4174, EPA 365.2",,,Deposition-Wet,812.3,Bucket in on 17XII14 @ 1500hrs. Rain to snow showers at times. Thawing during the day and freezing at night. Calm to high winds south winds. No visible organics in the sample; filtered through 500 um mesh.;;;
12/23/2014,Yellow Bay Knob @ Flathead Lake BioStation,Phosphorus (Total),TP,< 1.5,µg/L - P,,"USGS 03-4174, EPA 365.2",,,Deposition-Dry,1743.4,Bucket in on 17XII14 @ 1500hrs. Rain to snow showers at times. Thawing during the day and freezing at night. Calm to high winds south winds. Lite organics in the sample; filtered through 500 um mesh.;;;
01/02/2015,Yellow Bay Knob @ Flathead Lake BioStation,Nitrogen (Total),TN,127,µg/L - N,,"USGS 03-4174, EPA 353.2",,,Deposition-Dry,1259.8,"Bucket in on 23 XII 14 @ 0915 hrs. Rain then turning to snow; heavy at timeswith high winds. Cold tempertures single digits and below; ~24"" of snow. Lite organics; filtered through 500 um mesh. Sample frozen and thawed in the fridge; some snow in sample;;;"
01/02/2015,Yellow Bay Knob @ Flathead Lake BioStation,Nitrogen (Total),TN,131,µg/L - N,,"USGS 03-4174, EPA 353.2",,,Deposition-Wet,2880.2,"Bucket in on 23 XII 14 @ 0915 hrs. Rain then turning to snow; heavy at timeswith high winds. Cold tempertures single digits and below; ~24"" of snow. Mod. organics; filtered through 500 um mesh. Sample frozen and thawed in the fridge;;;"
01/02/2015,Yellow Bay Knob @ Flathead Lake BioStation,Phosphorus (Total),TP,1.5,µg/L - P,,"USGS 03-4174, EPA 365.2",,,Deposition-Wet,2880.2,"Bucket in on 23 XII 14 @ 0915 hrs. Rain then turning to snow; heavy at timeswith high winds. Cold tempertures single digits and below; ~24"" of snow. Mod. organics; filtered through 500 um mesh. Sample frozen and thawed in the fridge;;;"
01/02/2015,Yellow Bay Knob @ Flathead Lake BioStation,Phosphorus (Total),TP,2.8,µg/L - P,,"USGS 03-4174, EPA 365.2",,,Deposition-Dry,1259.8,"Bucket in on 23 XII 14 @ 0915 hrs. Rain then turning to snow; heavy at timeswith high winds. Cold tempertures single digits and below; ~24"" of snow. Lite organics; filtered through 500 um mesh. Sample frozen and thawed in the fridge; some snow in sample;;;"
01/09/2015,Yellow Bay Knob @ Flathead Lake BioStation,Nitrogen (Total),TN,92.1,µg/L - N,,"USGS 03-4174, EPA 353.2",,,Deposition-Dry,1680,Bucket in on 02 I 15 @1430hours. Calm to high winds; cold temperatures; heavy snow at times ~3'. Lite organics; filtered through 500 um mesh; frozen; thawed in walk-in.;;;
01/09/2015,Yellow Bay Knob @ Flathead Lake BioStation,Nitrogen (Total),TN,92.8,µg/L - N,,"USGS 03-4174, EPA 353.2",,,Deposition-Wet,1823.6,Bucket in on 02 I 15 @1430hours and covered on 05 I 15 @1000 hrs. Calm to high winds; cold temperatures; heavy snow at times ~3'. Lite organics; filtered through 500 um mesh; frozen; thawed in walk-in.;;;
01/09/2015,Yellow Bay Knob @ Flathead Lake BioStation,Nitrogen (Total),TN,142,µg/L - N,,"USGS 03-4174, EPA 353.2",,,Deposition-Bulk,1093.8,Snow collector in on 05 I 15 @1000 hours after LODA wet bucket filled up. Calm to high winds; cold temperatures; heavy snow at times ~3'. Lite organics; filtered through 500 um mesh; frozen; thawed in walk-in.;;;
01/09/2015,Yellow Bay Knob @ Flathead Lake BioStation,Phosphorus (Total),TP,3.1,µg/L - P,,"USGS 03-4174, EPA 365.2",,,Deposition-Bulk,1093.8,Snow collector in on 05 I 15 @1000 hours after LODA wet bucket filled up. Calm to high winds; cold temperatures; heavy snow at times ~3'. Lite organics; filtered through 500 um mesh; frozen; thawed in walk-in.;;;
01/09/2015,Yellow Bay Knob @ Flathead Lake BioStation,Phosphorus (Total),TP,2.7,µg/L - P,,"USGS 03-4174, EPA 365.2",,,Deposition-Wet,1823.6,Bucket in on 02 I 15 @1430hours and covered on 05 I 15 @1000 hrs. Calm to high winds; cold temperatures; heavy snow at times ~3'. Lite organics; filtered through 500 um mesh; frozen; thawed in walk-in.;;;
01/09/2015,Yellow Bay Knob @ Flathead Lake BioStation,Phosphorus (Total),TP,< 1.5,µg/L - P,,"USGS 03-4174, EPA 365.2",,,Deposition-Dry,1680,Bucket in on 02 I 15 @1430hours. Calm to high winds; cold temperatures; heavy snow at times ~3'. Lite organics; filtered through 500 um mesh; frozen; thawed in walk-in.;;;
01/16/2015,Yellow Bay Knob @ Flathead Lake BioStation,Nitrogen (Total),TN,60.2,µg/L - N,,"USGS 03-4174, EPA 353.2",,,Deposition-Dry,1129,Bucket in on 09 I 15 @ 1015 hrs. Snow and rain at times. High winds at times. Temperature warming into the low-30's (F). Lite organics; 500 um mesh. Dry bucket covered for part of 15I15.;;;
01/16/2015,Yellow Bay Knob @ Flathead Lake BioStation,Nitrogen (Total),TN,257,µg/L - N,,"USGS 03-4174, EPA 353.2",,,Deposition-Wet,663.4,Bucket in on 09 I 15 @ 1015 hrs. Snow and rain at times. High winds at times. Temperature warming into the low-30's (F). No visible organics; 500 um mesh. Dry bucket covered for part of 15I15.;;;
01/16/2015,Yellow Bay Knob @ Flathead Lake BioStation,Phosphorus (Total),TP,1.6,µg/L - P,,"USGS 03-4174, EPA 365.2",,,Deposition-Wet,663.4,Bucket in on 09 I 15 @ 1015 hrs. Snow and rain at times. High winds at times. Temperature warming into the low-30's (F). No visible organics; 500 um mesh. Dry bucket covered for part of 15I15.;;;
01/16/2015,Yellow Bay Knob @ Flathead Lake BioStation,Phosphorus (Total),TP,< 1.5,µg/L - P,,"USGS 03-4174, EPA 365.2",,,Deposition-Dry,1129,Bucket in on 09 I 15 @ 1015 hrs. Snow and rain at times. High winds at times. Temperature warming into the low-30's (F). Lite organics; 500 um mesh. Dry bucket covered for part of 15I15.;;;
01/23/2015,Yellow Bay Knob @ Flathead Lake BioStation,Nitrogen (Total),TN,62.8,µg/L - N,,"USGS 03-4174, EPA 353.2",,,Deposition-Dry,1190.8,Bucket in on 16I15 @ 0830 hrs. Lite snow and some rain during the week; temperatures warming to mid- to high 30's (F) ; lite to moderate winds. Lite organics in sample; filtered through 500 um mesh. Sample was not frozen but thawed in fridge w/wet sample.;;;
01/23/2015,Yellow Bay Knob @ Flathead Lake BioStation,Nitrogen (Total),TN,83.4,µg/L - N,,"USGS 03-4174, EPA 353.2",,,Deposition-Wet,759.3,Bucket in on 16I15 @ 0830 hrs. Lite snow and some rain during the week; temperatures warming to mid- to high 30's (F) ; lite to moderate winds. Lite organics in sample; filtered through 500 um mesh. Sample was frozen and allowed to thaw in the fridge.;;;
01/23/2015,Yellow Bay Knob @ Flathead Lake BioStation,Phosphorus (Total),TP,2.2,µg/L - P,,"USGS 03-4174, EPA 365.2",,,Deposition-Wet,759.3,Bucket in on 16I15 @ 0830 hrs. Lite snow and some rain during the week; temperatures warming to mid- to high 30's (F) ; lite to moderate winds. Lite organics in sample; filtered through 500 um mesh. Sample was frozen and allowed to thaw in the fridge.;;;
01/23/2015,Yellow Bay Knob @ Flathead Lake BioStation,Phosphorus (Total),TP,1.5,µg/L - P,,"USGS 03-4174, EPA 365.2",,,Deposition-Dry,1190.8,Bucket in on 16I15 @ 0830 hrs. Lite snow and some rain during the week; temperatures warming to mid- to high 30's (F) ; lite to moderate winds. Lite organics in sample; filtered through 500 um mesh. Sample was not frozen but thawed in fridge w/wet sample.;;;
01/29/2015,Yellow Bay Knob @ Flathead Lake BioStation,Nitrogen (Total),TN,34.9,µg/L - N,,"USGS 03-4174, EPA 353.2",,,Deposition-Dry,1389.1,Bucket in on 23 I 15@ 0830 hrs. NO precip; warmer days and coler nights;' freeze thaw cycles; inversion this week; calm winds; overcast to p. sunny. Lite organics in the sample; no visible soot; filtered through 00 um mesh.;;;
01/29/2015,Yellow Bay Knob @ Flathead Lake BioStation,Phosphorus (Total),TP,< 1.5,µg/L - P,,"USGS 03-4174, EPA 365.2",,,Deposition-Dry,1389.1,Bucket in on 23 I 15@ 0830 hrs. NO precip; warmer days and coler nights;' freeze thaw cycles; inversion this week; calm winds; overcast to p. sunny. Lite organics in the sample; no visible soot; filtered through 00 um mesh.;;;
02/04/2015,Yellow Bay Knob @ Flathead Lake BioStation,Nitrogen (Total),TN,56.9,µg/L - N,,"USGS 03-4174, EPA 353.2",,,Deposition-Dry,1435.4,Bucket in on 29 I 15 @ 1000hrs. Lite rain and snow at times; overcast to p. sunny; cold nights with warmer days. Calm to moderate winds and freeze thaw cycles. Lite organics in the sample filtered through 500 um mesh.;;;
02/04/2015,Yellow Bay Knob @ Flathead Lake BioStation,Nitrogen (Total),TN,199,µg/L - N,,"USGS 03-4174, EPA 353.2",,,Deposition-Wet,413.8,Bucket in on 23 I 15 @ 0830hrs. Lite rain and snow at times; overcast to p. sunny; cold nights with warmer days. Calm to moderate winds and freeze thaw cycles. No visible organics in the sample filtered through 500 um mesh.;;;
02/04/2015,Yellow Bay Knob @ Flathead Lake BioStation,Phosphorus (Total),TP,< 1.5,µg/L - P,,"USGS 03-4174, EPA 365.2",,,Deposition-Wet,413.8,Bucket in on 23 I 15 @ 0830hrs. Lite rain and snow at times; overcast to p. sunny; cold nights with warmer days. Calm to moderate winds and freeze thaw cycles. No visible organics in the sample filtered through 500 um mesh.;;;
02/04/2015,Yellow Bay Knob @ Flathead Lake BioStation,Phosphorus (Total),TP,< 1.5,µg/L - P,,"USGS 03-4174, EPA 365.2",,,Deposition-Dry,1435.4,Bucket in on 29 I 15 @ 1000hrs. Lite rain and snow at times; overcast to p. sunny; cold nights with warmer days. Calm to moderate winds and freeze thaw cycles. Lite organics in the sample filtered through 500 um mesh.;;;
02/12/2015,Yellow Bay Knob @ Flathead Lake BioStation,Nitrogen (Total),TN,87.9,µg/L - N,,"USGS 03-4174, EPA 353.2",,,Deposition-Dry,1577.4,Bucket in on 04II15@1600 hrs. Heavy rain this week; overcast to P. sunny yesterday; high winds at times. Lite organics in the sample; filtered through 500 um mesh.;;;
02/12/2015,Yellow Bay Knob @ Flathead Lake BioStation,Nitrogen (Total),TN,56.9,µg/L - N,,"USGS 03-4174, EPA 353.2",,,Deposition-Wet,1266.9,Bucket in on 04II15@1600 hrs. Heavy rain this week; overcast to P. sunny yesterday; high winds at times. Lite organics in the sample; filtered through 500 um mesh.;;;
02/12/2015,Yellow Bay Knob @ Flathead Lake BioStation,Phosphorus (Total),TP,< 1.5,µg/L - P,,"USGS 03-4174, EPA 365.2",,,Deposition-Wet,1266.9,Bucket in on 04II15@1600 hrs. Heavy rain this week; overcast to P. sunny yesterday; high winds at times. Lite organics in the sample; filtered through 500 um mesh.;;;
02/12/2015,Yellow Bay Knob @ Flathead Lake BioStation,Phosphorus (Total),TP,2,µg/L - P,,"USGS 03-4174, EPA 365.2",,,Deposition-Dry,1577.4,Bucket in on 04II15@1600 hrs. Heavy rain this week; overcast to P. sunny yesterday; high winds at times. Lite organics in the sample; filtered through 500 um mesh.;;;
02/18/2015,Yellow Bay Knob @ Flathead Lake BioStation,Nitrogen (Total),TN,33,µg/L - N,,"USGS 03-4174, EPA 353.2",,,Deposition-Dry,1486.1,Bucket in on 12II15 @ 0815 hrs. Dry and sunny conditions; Temperatures in the high 40's during the day and nightime temperatures above freezing until four days ago when temeratures driopped below freezing at night. Lite organics in the sample; fil. 500 um;;;
02/18/2015,Yellow Bay Knob @ Flathead Lake BioStation,Phosphorus (Total),TP,< 1.5,µg/L - P,,"USGS 03-4174, EPA 365.2",,,Deposition-Dry,1486.1,Bucket in on 12II15 @ 0815 hrs. Dry and sunny conditions; Temperatures in the high 40's during the day and nightime temperatures above freezing until four days ago when temeratures driopped below freezing at night. Lite organics in the sample; fil. 500 um;;;
02/25/2015,Yellow Bay Knob @ Flathead Lake BioStation,Nitrogen (Total),TN,81.3,µg/L - N,,"USGS 03-4174, EPA 353.2",,,Deposition-Dry,1205.6,Bucket in on 18II15 @ 0815 hrs. Sunny days with below freezing nights. Freeze thaw cycles. Moderate winds at times. Lite organics in the sample; filtered through 500 um mesh.;;;
02/25/2015,Yellow Bay Knob @ Flathead Lake BioStation,Phosphorus (Total),TP,1.8,µg/L - P,,"USGS 03-4174, EPA 365.2",,,Deposition-Dry,1205.6,Bucket in on 18II15 @ 0815 hrs. Sunny days with below freezing nights. Freeze thaw cycles. Moderate winds at times. Lite organics in the sample; filtered through 500 um mesh.;;;
03/05/2015,Yellow Bay Knob @ Flathead Lake BioStation,Nitrogen (Total),TN,54.5,µg/L - N,,"USGS 03-4174, EPA 353.2",,,Deposition-Dry,1071.2,"Bucket in on 25 II 15 @ 1505 hrs. Sunny day with nights in the 20's. Loite snow three days ago; otherwise very dry. Lite to moderate winds. Some ice in the bays. Mod. Org. in the sample, fil.  500. Sample frozen thawed in walk-in overnight.;;;"
03/05/2015,Yellow Bay Knob @ Flathead Lake BioStation,Nitrogen (Total),TN,233,µg/L - N,,"USGS 03-4174, EPA 353.2",,,Deposition-Wet,247.2,"Bucket in on 12 II 15 @ 0815 hrs. Sunny day with nights in the 20's. Loite snow three days ago; otherwise very dry. Lite to moderate winds. Some ice in the bays. Lite Org. in the sample, fil.  500. Sample frozen thawed in walk-in overnight.;;;"
03/05/2015,Yellow Bay Knob @ Flathead Lake BioStation,Phosphorus (Total),TP,< 1.5,µg/L - P,,"USGS 03-4174, EPA 365.2",,,Deposition-Wet,247.2,"Bucket in on 12 II 15 @ 0815 hrs. Sunny day with nights in the 20's. Loite snow three days ago; otherwise very dry. Lite to moderate winds. Some ice in the bays. Lite Org. in the sample, fil.  500. Sample frozen thawed in walk-in overnight.;;;"
03/05/2015,Yellow Bay Knob @ Flathead Lake BioStation,Phosphorus (Total),TP,19.7,µg/L - P,,"USGS 03-4174, EPA 365.2",,,Deposition-Dry,1071.2,"Bucket in on 25 II 15 @ 1505 hrs. Sunny day with nights in the 20's. Loite snow three days ago; otherwise very dry. Lite to moderate winds. Some ice in the bays. Mod. Org. in the sample, fil.  500. Sample frozen thawed in walk-in overnight.;;;"
03/11/2015,Yellow Bay Knob @ Flathead Lake BioStation,Nitrogen (Total),TN,76.6,µg/L - N,,"USGS 03-4174, EPA 353.2",,,Deposition-Dry,1099.6,Buvcket in on 04 III 15 @ 1245 hrs. Suuny and dry with highs in the 50's (F). Open burning in the valley and fires are noticeable around the lake. Calm to hihg winds at times. Very lite organics in the sample; filtered through 500 um mesh.;;;
03/11/2015,Yellow Bay Knob @ Flathead Lake BioStation,Phosphorus (Total),TP,2.5,µg/L - P,,"USGS 03-4174, EPA 365.2",,,Deposition-Dry,1099.6,Buvcket in on 04 III 15 @ 1245 hrs. Suuny and dry with highs in the 50's (F). Open burning in the valley and fires are noticeable around the lake. Calm to hihg winds at times. Very lite organics in the sample; filtered through 500 um mesh.;;;
03/20/2015,Yellow Bay Knob @ Flathead Lake BioStation,Nitrogen (Total),TN,172,µg/L - N,,"USGS 03-4174, EPA 353.2",,,Deposition-Dry,1537.5,"Bucket in 11III15 @ 1600 hours.  Warm weather system from CA, rain on snow 15-18 II15. Pretty clean sample, very light organcs, filtered through 500um mesh.  Fem locals around Flathead Lake open burning.;;;"
03/20/2015,Yellow Bay Knob @ Flathead Lake BioStation,Nitrogen (Total),TN,137,µg/L - N,,"USGS 03-4174, EPA 353.2",,,Deposition-Wet,1557,"Bucket in 04III15 @ 1245 hours.  Warm weather system from CA, rain on snow 15-18 II15. Pretty clean sample, very light organcs, filtered through 500um mesh.  Fem locals around Flathead Lake open burning.;;;"
03/20/2015,Yellow Bay Knob @ Flathead Lake BioStation,Phosphorus (Total),TP,< 1.5,µg/L - P,,"USGS 03-4174, EPA 365.2",,,Deposition-Wet,1557,"Bucket in 04III15 @ 1245 hours.  Warm weather system from CA, rain on snow 15-18 II15. Pretty clean sample, very light organcs, filtered through 500um mesh.  Fem locals around Flathead Lake open burning.;;;"
03/20/2015,Yellow Bay Knob @ Flathead Lake BioStation,Phosphorus (Total),TP,5.3,µg/L - P,,"USGS 03-4174, EPA 365.2",,,Deposition-Dry,1537.5,"Bucket in 11III15 @ 1600 hours.  Warm weather system from CA, rain on snow 15-18 II15. Pretty clean sample, very light organcs, filtered through 500um mesh.  Fem locals around Flathead Lake open burning.;;;"
03/25/2015,Yellow Bay Knob @ Flathead Lake BioStation,Nitrogen (Total),TN,72.7,µg/L - N,,"USGS 03-4174, EPA 353.2",,,Deposition-Dry,1695.9,Buket in on 20 III 15 @ 0900 hrs. Warm weather; sunny to overcast.; some rain showers; high winds at times; Goose or Turjey flew past or perche don the collector; pooped b/t buckets and but knocked a spike into the sample. Lite organics; filtered 500 um.;;;
03/25/2015,Yellow Bay Knob @ Flathead Lake BioStation,Phosphorus (Total),TP,2.1,µg/L - P,,"USGS 03-4174, EPA 365.2",,,Deposition-Dry,1695.9,Buket in on 20 III 15 @ 0900 hrs. Warm weather; sunny to overcast.; some rain showers; high winds at times; Goose or Turjey flew past or perche don the collector; pooped b/t buckets and but knocked a spike into the sample. Lite organics; filtered 500 um.;;;
04/06/2015,Yellow Bay Knob @ Flathead Lake BioStation,Nitrogen (Total),TN,348,µg/L - N,,"USGS 03-4174, EPA 353.2",,,Deposition-Dry,994.5,
04/06/2015,Yellow Bay Knob @ Flathead Lake BioStation,Nitrogen (Total),TN,376,µg/L - N,,"USGS 03-4174, EPA 353.2",,,Deposition-Wet,1152.9,
04/06/2015,Yellow Bay Knob @ Flathead Lake BioStation,Phosphorus (Total),TP,4.9,µg/L - P,,"USGS 03-4174, EPA 365.2",,,Deposition-Wet,1152.9,
04/06/2015,Yellow Bay Knob @ Flathead Lake BioStation,Phosphorus (Total),TP,22.4,µg/L - P,,"USGS 03-4174, EPA 365.2",,,Deposition-Dry,994.5,
04/15/2015,Yellow Bay Knob @ Flathead Lake BioStation,Nitrogen (Total),TN,186,µg/L - N,,"USGS 03-4174, EPA 353.2",,,Deposition-Dry,1343.6,Bucket in on 06IV15 @ 0600hrs. Warm mand sunny most of the week; high winds at times and heavy rain yesterday; Residents burning debris in Yellow Bay. Heavy organics and one fly and one bee in the sample; filtered through 500 um mesh.;;;
04/15/2015,Yellow Bay Knob @ Flathead Lake BioStation,Nitrogen (Total),TN,388,µg/L - N,,"USGS 03-4174, EPA 353.2",,,Deposition-Wet,719.5,Bucket in on 06IV15 @ 0600 hrs. Warm mand sunny most of the week; high winds at times and heavy rain yesterday; Residents burning debris in Yellow Bay. Lite organics in the sample; filtered through 500 um mesh.;;;
04/15/2015,Yellow Bay Knob @ Flathead Lake BioStation,Phosphorus (Total),TP,6.2,µg/L - P,,"USGS 03-4174, EPA 365.2",,,Deposition-Wet,719.5,Bucket in on 06IV15 @ 0600 hrs. Warm mand sunny most of the week; high winds at times and heavy rain yesterday; Residents burning debris in Yellow Bay. Lite organics in the sample; filtered through 500 um mesh.;;;
04/15/2015,Yellow Bay Knob @ Flathead Lake BioStation,Phosphorus (Total),TP,15.6,µg/L - P,,"USGS 03-4174, EPA 365.2",,,Deposition-Dry,1343.6,Bucket in on 06IV15 @ 0600hrs. Warm mand sunny most of the week; high winds at times and heavy rain yesterday; Residents burning debris in Yellow Bay. Heavy organics and one fly and one bee in the sample; filtered through 500 um mesh.;;;
04/22/2015,Yellow Bay Knob @ Flathead Lake BioStation,Nitrogen (Total),TN,664,µg/L - N,,"USGS 03-4174, EPA 353.2",,,Deposition-Dry,598.8,Bucket in on 15 IV 15 @ 08:40. Warm and sunny mid-60's to high-60's High winds at times. Prescribe burn began 21IV15 and was still active today on the Forest Service land east of the station. Mod. Org. in sample with 3 bees; filtered through 500 um mesh.;;;
04/22/2015,Yellow Bay Knob @ Flathead Lake BioStation,Phosphorus (Total),TP,93,µg/L - P,,"USGS 03-4174, EPA 365.2",,,Deposition-Dry,598.8,Bucket in on 15 IV 15 @ 08:40. Warm and sunny mid-60's to high-60's High winds at times. Prescribe burn began 21IV15 and was still active today on the Forest Service land east of the station. Mod. Org. in sample with 3 bees; filtered through 500 um mesh.;;;
04/30/2015,Yellow Bay Knob @ Flathead Lake BioStation,Nitrogen (Total),TN,322,µg/L - N,,"USGS 03-4174, EPA 353.2",,,Deposition-Dry,774.2,Bucket in on 22IV15 @ 1620 hrs. Warm and sunny this past week. Some rain showers but only trace accumulation. Calm to high winds. Prescribed burns continued the first of the week. Lite organics; 1 midge (Chironomid) and 1 beetle; filtered through 500 um.;;;
04/30/2015,Yellow Bay Knob @ Flathead Lake BioStation,Phosphorus (Total),TP,25.5,µg/L - P,,"USGS 03-4174, EPA 365.2",,,Deposition-Dry,774.2,Bucket in on 22IV15 @ 1620 hrs. Warm and sunny this past week. Some rain showers but only trace accumulation. Calm to high winds. Prescribed burns continued the first of the week. Lite organics; 1 midge (Chironomid) and 1 beetle; filtered through 500 um.;;;
05/06/2015,Yellow Bay Knob @ Flathead Lake BioStation,Nitrogen (Total),TN,260,µg/L - N,,"USGS 03-4174, EPA 353.2",,,Deposition-Dry,986.1,Bucket in on 30IV15 @ 1530 hrs. Sunny and warm; highs in the low70's (F); Ave. of ~60 (F). Still cold at night; high winds at times and some rain showers; heavy organics in the sample w/1 bee; filtered through 500 um mesh. Prescribed burning last two days;;;
05/06/2015,Yellow Bay Knob @ Flathead Lake BioStation,Phosphorus (Total),TP,30.9,µg/L - P,,"USGS 03-4174, EPA 365.2",,,Deposition-Dry,986.1,Bucket in on 30IV15 @ 1530 hrs. Sunny and warm; highs in the low70's (F); Ave. of ~60 (F). Still cold at night; high winds at times and some rain showers; heavy organics in the sample w/1 bee; filtered through 500 um mesh. Prescribed burning last two days;;;
05/14/2015,Yellow Bay Knob @ Flathead Lake BioStation,Nitrogen (Total),TN,828,µg/L - N,,"USGS 03-4174, EPA 353.2",,,Deposition-Dry,638.5,"Bucket in on 6  V 15 @ 0800. Sunny and warm, high winds at times, prescibed burns, lotes of pollen out. Lots of organics and I bee and ibeetle in the sample; filtered through 500 um mesh.;;;"
05/14/2015,Yellow Bay Knob @ Flathead Lake BioStation,Nitrogen (Total),TN,690,µg/L - N,,"USGS 03-4174, EPA 353.2",,,Deposition-Wet,503.6,"Bucket in on 15  IV 15 @ 0840. Sunny and warm, trace precip until yesterday, high winds at times, prescibed burns throughout the collection period, lots of pollen out. Moderate organics and I bee and ibeetle in the sample; filtered through 500 um mesh.;;;"
05/14/2015,Yellow Bay Knob @ Flathead Lake BioStation,Phosphorus (Total),TP,7.1,µg/L - P,,"USGS 03-4174, EPA 365.2",,,Deposition-Wet,503.6,"Bucket in on 15  IV 15 @ 0840. Sunny and warm, trace precip until yesterday, high winds at times, prescibed burns throughout the collection period, lots of pollen out. Moderate organics and I bee and ibeetle in the sample; filtered through 500 um mesh.;;;"
05/14/2015,Yellow Bay Knob @ Flathead Lake BioStation,Phosphorus (Total),TP,75.1,µg/L - P,,"USGS 03-4174, EPA 365.2",,,Deposition-Dry,638.5,"Bucket in on 6  V 15 @ 0800. Sunny and warm, high winds at times, prescibed burns, lotes of pollen out. Lots of organics and I bee and ibeetle in the sample; filtered through 500 um mesh.;;;"
05/22/2015,Yellow Bay Knob @ Flathead Lake BioStation,Nitrogen (Total),TN,930,µg/L - N,,"USGS 03-4174, EPA 353.2",,,Deposition-Dry,610.9,Bucket in on 14V15 @ 1545 hrs. Sunny and dry w/highs at or near 70 (F); high winds; lots of pollen in the air. Lots of organics in the sample; filtered through 500 um mesh.;;;
05/22/2015,Yellow Bay Knob @ Flathead Lake BioStation,Phosphorus (Total),TP,93.6,µg/L - P,,"USGS 03-4174, EPA 365.2",,,Deposition-Dry,610.9,Bucket in on 14V15 @ 1545 hrs. Sunny and dry w/highs at or near 70 (F); high winds; lots of pollen in the air. Lots of organics in the sample; filtered through 500 um mesh.;;;
05/29/2015,Yellow Bay Knob @ Flathead Lake BioStation,Nitrogen (Total),TN,590,µg/L - N,,"USGS 03-4174, EPA 353.2",,,Deposition-Dry,675.1,Bucket in on 22V15 @ 1615 hrs. Sunny days with thunderstorms and some rain showers. Highs in the 70's (F); High winds at times. Moderate organics; filtered through 500 um mesh.;;;
05/29/2015,Yellow Bay Knob @ Flathead Lake BioStation,Phosphorus (Total),TP,86.6,µg/L - P,,"USGS 03-4174, EPA 365.2",,,Deposition-Dry,675.1,Bucket in on 22V15 @ 1615 hrs. Sunny days with thunderstorms and some rain showers. Highs in the 70's (F); High winds at times. Moderate organics; filtered through 500 um mesh.;;;
06/03/2015,Yellow Bay Knob @ Flathead Lake BioStation,Nitrogen (Total),TN,323,µg/L - N,,"USGS 03-4174, EPA 353.2",,,Deposition-Dry,1712.1,"Bucket in 29V15 @ 1500 hours. Light organics in sample + 2 flies. Filtered through 500um mesh.  Mostly warm for last week, rain last 2 days.  Moderate pollen in the air, no smoke.;;;"
06/03/2015,Yellow Bay Knob @ Flathead Lake BioStation,Nitrogen (Total),TN,255,µg/L - N,,"USGS 03-4174, EPA 353.2",,,Deposition-Wet,1058.2,"Bucket in 14V15 @ 1545 hours. Pretty clean sample. Filtered through 500um mesh.  Mostly warm for last week, rain last 2 days.  Moderate pollen in the air, no smoke.;;;"
06/03/2015,Yellow Bay Knob @ Flathead Lake BioStation,Phosphorus (Total),TP,8.3,µg/L - P,,"USGS 03-4174, EPA 365.2",,,Deposition-Wet,1058.2,"Bucket in 14V15 @ 1545 hours. Pretty clean sample. Filtered through 500um mesh.  Mostly warm for last week, rain last 2 days.  Moderate pollen in the air, no smoke.;;;"
06/03/2015,Yellow Bay Knob @ Flathead Lake BioStation,Phosphorus (Total),TP,48.6,µg/L - P,,"USGS 03-4174, EPA 365.2",,,Deposition-Dry,1712.1,"Bucket in 29V15 @ 1500 hours. Light organics in sample + 2 flies. Filtered through 500um mesh.  Mostly warm for last week, rain last 2 days.  Moderate pollen in the air, no smoke.;;;"
06/10/2015,Yellow Bay Knob @ Flathead Lake BioStation,Nitrogen (Total),TN,617,µg/L - N,,"USGS 03-4174, EPA 353.2",,,Deposition-Dry,692.4,"Bucket in on 3 VI 15 @ 1400hrs. Weather has been dry and hot with highs above 90 degrees F; Hazt to the North and South of the lake. LOTS of pollen in the air and on the lake; Yellow and looks like Pine tree pollen, 5 beetles, 3 bees and 1 ant in sample.;;;"
06/10/2015,Yellow Bay Knob @ Flathead Lake BioStation,Phosphorus (Total),TP,131,µg/L - P,,"USGS 03-4174, EPA 365.2",,,Deposition-Dry,692.4,"Bucket in on 3 VI 15 @ 1400hrs. Weather has been dry and hot with highs above 90 degrees F; Hazt to the North and South of the lake. LOTS of pollen in the air and on the lake; Yellow and looks like Pine tree pollen, 5 beetles, 3 bees and 1 ant in sample.;;;"
06/17/2015,Yellow Bay Knob @ Flathead Lake BioStation,Nitrogen (Total),TN,241,µg/L - N,,"USGS 03-4174, EPA 353.2",,,Deposition-Dry,984.7,Bucket in on 10 VI 15 @ 1530 hrs. Sunny & hot w/highs in the 80's F. Somewhat hazy but no close fires; Lots of pollen around; High to mod. Winds. High organics and two flies; filtered through 500 um.;;;
06/17/2015,Yellow Bay Knob @ Flathead Lake BioStation,Phosphorus (Total),TP,48,µg/L - P,,"USGS 03-4174, EPA 365.2",,,Deposition-Dry,984.7,Bucket in on 10 VI 15 @ 1530 hrs. Sunny & hot w/highs in the 80's F. Somewhat hazy but no close fires; Lots of pollen around; High to mod. Winds. High organics and two flies; filtered through 500 um.;;;
06/24/2015,Yellow Bay Knob @ Flathead Lake BioStation,Nitrogen (Total),TN,145,µg/L - N,,"USGS 03-4174, EPA 353.2",,,Deposition-Dry,1990.5,"Bucket in on 17 VI 15 @ 0930 hrs. Sunny and hot; calm to mod. Winds; Some haze in the sky. Pollen (Yellow=Pine tree), not noticable as it was. Light organics in the sample; through 500 um mesh.;;;"
06/24/2015,Yellow Bay Knob @ Flathead Lake BioStation,Phosphorus (Total),TP,13.8,µg/L - P,,"USGS 03-4174, EPA 365.2",,,Deposition-Dry,1990.5,"Bucket in on 17 VI 15 @ 0930 hrs. Sunny and hot; calm to mod. Winds; Some haze in the sky. Pollen (Yellow=Pine tree), not noticable as it was. Light organics in the sample; through 500 um mesh.;;;"
07/02/2015,Yellow Bay Knob @ Flathead Lake BioStation,Nitrogen (Total),TN,313,µg/L - N,,"USGS 03-4174, EPA 353.2",,,Deposition-Dry,679,"Bucket in 24VI15 @ 0900 hours. Hot, dry, light wind for last week. Hazy, but does not smell of smoke.  Fires in Canada, Washington and a fire started 2 days ago near Blankenship on NFK Flathead River.  Few flies and light organics in sample, Filtered 500u;;;"
07/02/2015,Yellow Bay Knob @ Flathead Lake BioStation,Phosphorus (Total),TP,33.9,µg/L - P,,"USGS 03-4174, EPA 365.2",,,Deposition-Dry,679,"Bucket in 24VI15 @ 0900 hours. Hot, dry, light wind for last week. Hazy, but does not smell of smoke.  Fires in Canada, Washington and a fire started 2 days ago near Blankenship on NFK Flathead River.  Few flies and light organics in sample, Filtered 500u;;;"
07/09/2015,Yellow Bay Knob @ Flathead Lake BioStation,Nitrogen (Total),TN,167,µg/L - N,,"USGS 03-4174, EPA 353.2",,,Deposition-Dry,1592.9,"Bucket in 02VII15 @ 0800 hours.  Variety of weather this week.  Hot, dry and calm; cloudy, light rain and cool; high winds as front moved through.  Lots of small organics in sample, filtered throug 500um mesh.  Smokey all week from fires in Canada, WA, CA;;;"
07/09/2015,Yellow Bay Knob @ Flathead Lake BioStation,Phosphorus (Total),TP,22,µg/L - P,,"USGS 03-4174, EPA 365.2",,,Deposition-Dry,1592.9,"Bucket in 02VII15 @ 0800 hours.  Variety of weather this week.  Hot, dry and calm; cloudy, light rain and cool; high winds as front moved through.  Lots of small organics in sample, filtered throug 500um mesh.  Smokey all week from fires in Canada, WA, CA;;;"
07/14/2015,Yellow Bay Knob @ Flathead Lake BioStation,Nitrogen (Total),TN,272,µg/L - N,,"USGS 03-4174, EPA 353.2",,,Deposition-Dry,1013.5,"Bucket in 09VII15 @ 0800 hours. Cool, cloudy, mild smokey, rainy for last week.  Few flies in sample, filtered through 500um mesh.;;;"
07/14/2015,Yellow Bay Knob @ Flathead Lake BioStation,Nitrogen (Total),TN,890,µg/L - N,,"USGS 03-4174, EPA 353.2",,,Deposition-Wet,528.9,"Bucket in 03VI15 @ 1400 hours.  Rain yesterday and 3 days ago cleared mild smoke from the valley.  Fairly clean sample, filtered through 500um mesh.  Some bacteria growing on bottom of bucket from few rain drops that fell ladt week.;;;"
07/14/2015,Yellow Bay Knob @ Flathead Lake BioStation,Phosphorus (Total),TP,16.4,µg/L - P,,"USGS 03-4174, EPA 365.2",,,Deposition-Wet,528.9,"Bucket in 03VI15 @ 1400 hours.  Rain yesterday and 3 days ago cleared mild smoke from the valley.  Fairly clean sample, filtered through 500um mesh.  Some bacteria growing on bottom of bucket from few rain drops that fell ladt week.;;;"
07/14/2015,Yellow Bay Knob @ Flathead Lake BioStation,Phosphorus (Total),TP,14.5,µg/L - P,,"USGS 03-4174, EPA 365.2",,,Deposition-Dry,1013.5,"Bucket in 09VII15 @ 0800 hours. Cool, cloudy, mild smokey, rainy for last week.  Few flies in sample, filtered through 500um mesh.;;;"
07/22/2015,Yellow Bay Knob @ Flathead Lake BioStation,Nitrogen (Total),TN,398,µg/L - N,,"USGS 03-4174, EPA 353.2",,,Deposition-Dry,587.6,"Cool, cloudy, windy, thunderstorms for last week.  Not very smokey. Lots of small organics in sample, filtered through 500um mesh.;;;"
07/22/2015,Yellow Bay Knob @ Flathead Lake BioStation,Nitrogen (Total),TN,609,µg/L - N,,"USGS 03-4174, EPA 353.2",,,Deposition-Wet,644,"Cool, cloudy, windy, thunderstorms for last week.  Not very smokey. Very clean sample, filtered through 500um mesh.;;;"
07/22/2015,Yellow Bay Knob @ Flathead Lake BioStation,Phosphorus (Total),TP,9.8,µg/L - P,,"USGS 03-4174, EPA 365.2",,,Deposition-Wet,644,"Cool, cloudy, windy, thunderstorms for last week.  Not very smokey. Very clean sample, filtered through 500um mesh.;;;"
07/22/2015,Yellow Bay Knob @ Flathead Lake BioStation,Phosphorus (Total),TP,34.6,µg/L - P,,"USGS 03-4174, EPA 365.2",,,Deposition-Dry,587.6,"Cool, cloudy, windy, thunderstorms for last week.  Not very smokey. Lots of small organics in sample, filtered through 500um mesh.;;;"
07/30/2015,Yellow Bay Knob @ Flathead Lake BioStation,Nitrogen (Total),TN,479,µg/L - N,,"USGS 03-4174, EPA 353.2",,,Deposition-Dry,592.4,Bucket in on 22VII15 @ 1000hrs. Rain showers Monday but dry and sunny the rest of the week. High south winds but not very smokey. 1 Dipteran and light organics in the sample; filtered through 500 um mesh.;;;
07/30/2015,Yellow Bay Knob @ Flathead Lake BioStation,Phosphorus (Total),TP,48.3,µg/L - P,,"USGS 03-4174, EPA 365.2",,,Deposition-Dry,592.4,Bucket in on 22VII15 @ 1000hrs. Rain showers Monday but dry and sunny the rest of the week. High south winds but not very smokey. 1 Dipteran and light organics in the sample; filtered through 500 um mesh.;;;
08/06/2015,Yellow Bay Knob @ Flathead Lake BioStation,Nitrogen (Total),TN,163,µg/L - N,,"USGS 03-4174, EPA 353.2",,,Deposition-Dry,808.9,Bucket in on 30 VII 15 at 1520hrs. Hot and sunny; high winds and lots of smoke in the valley for 3 days; blew out yesterday; some rain showers at times. 1 midge and mod. Org. in sample; filtered thru 500 um mesh.;;;
08/06/2015,Yellow Bay Knob @ Flathead Lake BioStation,Nitrogen (Total),TN,425,µg/L - N,,"USGS 03-4174, EPA 353.2",,,Deposition-Wet,709.1,Bucket in on 22 VII 15 at 1000hrs. Some cool days but mostly hot and sunny; high-mod. winds and lots of smoke in the valley for 3 days; blew out yesterday; some rain showers at times. 1 midge and light org. in sample; filtered thru 500 um mesh.;;;
08/06/2015,Yellow Bay Knob @ Flathead Lake BioStation,Phosphorus (Total),TP,4.3,µg/L - P,,"USGS 03-4174, EPA 365.2",,,Deposition-Wet,709.1,Bucket in on 22 VII 15 at 1000hrs. Some cool days but mostly hot and sunny; high-mod. winds and lots of smoke in the valley for 3 days; blew out yesterday; some rain showers at times. 1 midge and light org. in sample; filtered thru 500 um mesh.;;;
08/06/2015,Yellow Bay Knob @ Flathead Lake BioStation,Phosphorus (Total),TP,19.1,µg/L - P,,"USGS 03-4174, EPA 365.2",,,Deposition-Dry,808.9,Bucket in on 30 VII 15 at 1520hrs. Hot and sunny; high winds and lots of smoke in the valley for 3 days; blew out yesterday; some rain showers at times. 1 midge and mod. Org. in sample; filtered thru 500 um mesh.;;;
08/12/2015,Yellow Bay Knob @ Flathead Lake BioStation,Nitrogen (Total),TN,240,µg/L - N,,"USGS 03-4174, EPA 353.2",,,Deposition-Dry,1758.4,Bucket in on 06VIII15 @ 10:30hrs; Hot and dry during the day with sporadic lightning and wind storms in the evenings. Moderate to light winds; Hazy from fires within the state and outside the state. Heavy organics with two Dipterans; filtered through 500;;;
08/12/2015,Yellow Bay Knob @ Flathead Lake BioStation,Phosphorus (Total),TP,42.5,µg/L - P,,"USGS 03-4174, EPA 365.2",,,Deposition-Dry,1758.4,Bucket in on 06VIII15 @ 10:30hrs; Hot and dry during the day with sporadic lightning and wind storms in the evenings. Moderate to light winds; Hazy from fires within the state and outside the state. Heavy organics with two Dipterans; filtered through 500;;;
08/20/2015,Yellow Bay Knob @ Flathead Lake BioStation,Nitrogen (Total),TN,381,µg/L - N,,"USGS 03-4174, EPA 353.2",,,Deposition-Dry,1147.7,"Bucket in on 12VIII15@1630 hrs. Dry, smokey, lots of haze from fires, calm to high winds this last week. Lots of organics in the sample; filtered through 500 um mesh.;;;"
08/20/2015,Yellow Bay Knob @ Flathead Lake BioStation,Phosphorus (Total),TP,94.6,µg/L - P,,"USGS 03-4174, EPA 365.2",,,Deposition-Dry,1147.7,"Bucket in on 12VIII15@1630 hrs. Dry, smokey, lots of haze from fires, calm to high winds this last week. Lots of organics in the sample; filtered through 500 um mesh.;;;"
08/27/2015,Yellow Bay Knob @ Flathead Lake BioStation,Nitrogen (Total),TN,341,µg/L - N,,"USGS 03-4174, EPA 353.2",,,Deposition-Dry,1542.9,"Bucket in on 20 VIII 15 @ 16:30 hrs. Dry, hot, very, very smokey; can barely see the lake from the east shore and air quality is approaching hazrdous level conditions to be outside. Calm to mild winds. Mod. Organics but visible soot in sample; fil.500 um.;;;"
08/27/2015,Yellow Bay Knob @ Flathead Lake BioStation,Phosphorus (Total),TP,29,µg/L - P,,"USGS 03-4174, EPA 365.2",,,Deposition-Dry,1542.9,"Bucket in on 20 VIII 15 @ 16:30 hrs. Dry, hot, very, very smokey; can barely see the lake from the east shore and air quality is approaching hazrdous level conditions to be outside. Calm to mild winds. Mod. Organics but visible soot in sample; fil.500 um.;;;"
09/04/2015,Yellow Bay Knob @ Flathead Lake BioStation,Nitrogen (Total),TN,484,µg/L - N,,"USGS 03-4174, EPA 353.2",,,Deposition-Dry,1316.1,"Bucket in on 27VIII15 @ 1345hrs. Sunny and dry w/high winds at times until yesterday and today it got colder w/rain showers. Still very, very smokey and hazy until yesterday. Mod. Org. one midge and lots of soot. Filt. 500um mesh.;;;"
09/04/2015,Yellow Bay Knob @ Flathead Lake BioStation,Nitrogen (Total),TN,2300,µg/L - N,,"USGS 03-4174, EPA 353.2",,,Deposition-Wet,436,"Bucket in on 6VIII15 @ 1030hrs. Hot & sunny primarily through the month, 1st good rain yesterday and today. Very smokey throughout the month, haze and wind calm-high. Lots of org. and soot caked the bucket and sample, Green algae growing in sample; 500 um;;;"
09/04/2015,Yellow Bay Knob @ Flathead Lake BioStation,Phosphorus (Total),TP,119,µg/L - P,,"USGS 03-4174, EPA 365.2",,,Deposition-Wet,436,"Bucket in on 6VIII15 @ 1030hrs. Hot & sunny primarily through the month, 1st good rain yesterday and today. Very smokey throughout the month, haze and wind calm-high. Lots of org. and soot caked the bucket and sample, Green algae growing in sample; 500 um;;;"
09/04/2015,Yellow Bay Knob @ Flathead Lake BioStation,Phosphorus (Total),TP,74.3,µg/L - P,,"USGS 03-4174, EPA 365.2",,,Deposition-Dry,1316.1,"Bucket in on 27VIII15 @ 1345hrs. Sunny and dry w/high winds at times until yesterday and today it got colder w/rain showers. Still very, very smokey and hazy until yesterday. Mod. Org. one midge and lots of soot. Filt. 500um mesh.;;;"
09/10/2015,Yellow Bay Knob @ Flathead Lake BioStation,Nitrogen (Total),TN,129,µg/L - N,,"USGS 03-4174, EPA 353.2",,,Deposition-Dry,1096.6,"Bucket in on 04 IX 15 @ 11:30 hrs. Heavy rain 5 days ago and showers earlier in the week. Cooler temperatures. Sunny today, light to high wind. Snow above ~8,000 ft. during rain storms. Haze, smoke and soot gone for the most part. Mod. Org. filt. 500 um.;;;"
09/10/2015,Yellow Bay Knob @ Flathead Lake BioStation,Nitrogen (Total),TN,254,µg/L - N,,"USGS 03-4174, EPA 353.2",,,Deposition-Wet,716.2,"Bucket in on 04 IX 15 @ 11:30 hrs. Heavy rain 5 days ago and showers earlier in the week. Cooler temperatures. Sunny today, light to high wind. Snow above ~8,000 ft. during rain storms. Haze, smoke and soot gone for the most part. No vis. org. Filt.500um.;;;"
09/10/2015,Yellow Bay Knob @ Flathead Lake BioStation,Phosphorus (Total),TP,6,µg/L - P,,"USGS 03-4174, EPA 365.2",,,Deposition-Wet,716.2,"Bucket in on 04 IX 15 @ 11:30 hrs. Heavy rain 5 days ago and showers earlier in the week. Cooler temperatures. Sunny today, light to high wind. Snow above ~8,000 ft. during rain storms. Haze, smoke and soot gone for the most part. No vis. org. Filt.500um.;;;"
09/10/2015,Yellow Bay Knob @ Flathead Lake BioStation,Phosphorus (Total),TP,12.9,µg/L - P,,"USGS 03-4174, EPA 365.2",,,Deposition-Dry,1096.6,"Bucket in on 04 IX 15 @ 11:30 hrs. Heavy rain 5 days ago and showers earlier in the week. Cooler temperatures. Sunny today, light to high wind. Snow above ~8,000 ft. during rain storms. Haze, smoke and soot gone for the most part. Mod. Org. filt. 500 um.;;;"
09/17/2015,Yellow Bay Knob @ Flathead Lake BioStation,Nitrogen (Total),TN,213,µg/L - N,,"USGS 03-4174, EPA 353.2",,,Deposition-Wet,1503.3,Bucket in on 10IX15 @ 11:00 hrs. Rain showers on and off; overcast to p. sunny; light haze from remaining firesat times; mod. To high winds; coler temperatures. No visible org. filtered through 500 um.;;;
09/17/2015,Yellow Bay Knob @ Flathead Lake BioStation,Nitrogen (Total),TN,290,µg/L - N,,"USGS 03-4174, EPA 353.2",,,Deposition-Dry,638.2,Bucket in on 10IX15 @ 11:00 hrs. Rain showers on and off; overcast to p. sunny; light haze from remaining firesat times; mod. To high winds; coler temperatures. Light org. no soot; 1 midge filtered through 500 um.;;;
09/17/2015,Yellow Bay Knob @ Flathead Lake BioStation,Phosphorus (Total),TP,17.7,µg/L - P,,"USGS 03-4174, EPA 365.2",,,Deposition-Dry,638.2,Bucket in on 10IX15 @ 11:00 hrs. Rain showers on and off; overcast to p. sunny; light haze from remaining firesat times; mod. To high winds; coler temperatures. Light org. no soot; 1 midge filtered through 500 um.;;;
09/17/2015,Yellow Bay Knob @ Flathead Lake BioStation,Phosphorus (Total),TP,2.5,µg/L - P,,"USGS 03-4174, EPA 365.2",,,Deposition-Wet,1503.3,Bucket in on 10IX15 @ 11:00 hrs. Rain showers on and off; overcast to p. sunny; light haze from remaining firesat times; mod. To high winds; coler temperatures. No visible org. filtered through 500 um.;;;
09/25/2015,Yellow Bay Knob @ Flathead Lake BioStation,Nitrogen (Total),TN,166,µg/L - N,,"USGS 03-4174, EPA 353.2",,,Deposition-Dry,745.4,Bucket in on 17IX15 @ 16:40hrs. Sunny and warm this week; no rain; High winds early in the week but mostly calm; still some haze in the valley.Pine needles in the sample with light organics and 2 Dipteran flies. Filtered through 500 um mesh.;;;
09/25/2015,Yellow Bay Knob @ Flathead Lake BioStation,Phosphorus (Total),TP,14.6,µg/L - P,,"USGS 03-4174, EPA 365.2",,,Deposition-Dry,745.4,Bucket in on 17IX15 @ 16:40hrs. Sunny and warm this week; no rain; High winds early in the week but mostly calm; still some haze in the valley.Pine needles in the sample with light organics and 2 Dipteran flies. Filtered through 500 um mesh.;;;
09/30/2015,Yellow Bay Knob @ Flathead Lake BioStation,Nitrogen (Total),TN,53.7,µg/L - N,,"USGS 03-4174, EPA 353.2",,,Deposition-Dry,1529.8,Bucket in on 25 IX 15 @ 1515hrs. Sunny and warm days with cold nights (low 40's to mid-30's. Light to moderate wind. Light organics with 1 Bumblebee and some pine needles. Filtered thorugh 500 um mesh.;;;
09/30/2015,Yellow Bay Knob @ Flathead Lake BioStation,Phosphorus (Total),TP,20.7,µg/L - P,,"USGS 03-4174, EPA 365.2",,,Deposition-Dry,1529.8,Bucket in on 25 IX 15 @ 1515hrs. Sunny and warm days with cold nights (low 40's to mid-30's. Light to moderate wind. Light organics with 1 Bumblebee and some pine needles. Filtered thorugh 500 um mesh.;;;
10/07/2015,Yellow Bay Knob @ Flathead Lake BioStation,Nitrogen (Total),TN,270,µg/L - N,,"USGS 03-4174, EPA 353.2",,,Deposition-Dry,1059.6,Bucket in on 30 IX 15 @ 0900 hrs. Dry and sunny with some scattered rain showers over the weekend (4-5 days ago); Calm to high winds. Still some haze from fires. Heavy organics w/pine needles and 1 wasp and 1 dipteran fly; filtered through 500 um mesh.;;;
10/07/2015,Yellow Bay Knob @ Flathead Lake BioStation,Phosphorus (Total),TP,33.5,µg/L - P,,"USGS 03-4174, EPA 365.2",,,Deposition-Dry,1059.6,Bucket in on 30 IX 15 @ 0900 hrs. Dry and sunny with some scattered rain showers over the weekend (4-5 days ago); Calm to high winds. Still some haze from fires. Heavy organics w/pine needles and 1 wasp and 1 dipteran fly; filtered through 500 um mesh.;;;
10/16/2015,Yellow Bay Knob @ Flathead Lake BioStation,Nitrogen (Total),TN,222,µg/L - N,,"USGS 03-4174, EPA 353.2",,,Deposition-Dry,777,Bucke in on 07X15 @ 1500 hrs. Warm and sunny this week; high winds at times; lite haze from remaining fires. Lots of organics with pine needles and 6 midges; filtered through 500 um mesh.;;;
10/16/2015,Yellow Bay Knob @ Flathead Lake BioStation,Phosphorus (Total),TP,54.4,µg/L - P,,"USGS 03-4174, EPA 365.2",,,Deposition-Dry,777,Bucke in on 07X15 @ 1500 hrs. Warm and sunny this week; high winds at times; lite haze from remaining fires. Lots of organics with pine needles and 6 midges; filtered through 500 um mesh.;;;
10/27/2015,Yellow Bay Knob @ Flathead Lake BioStation,Nitrogen (Total),TN,675,µg/L - N,,"USGS 03-4174, EPA 353.2",,,Deposition-Dry,1418.8,"Bucket in 16X15 @ unknown time.  About 12 midges and a dragonfly with eggs in sample.  Filtered through 500um mesh.  Mix of sunshine and clouds last 10 days, rain yesterday and this morning.;;;"
10/27/2015,Yellow Bay Knob @ Flathead Lake BioStation,Nitrogen (Total),TN,354,µg/L - N,,"USGS 03-4174, EPA 353.2",,,Deposition-Wet,474,Bucket in 17IX15 @ 1640 hrs.  One pine needle in sample.  Filtered through 500um mesh. Rain yesterday and this morning.;;;
10/27/2015,Yellow Bay Knob @ Flathead Lake BioStation,Phosphorus (Total),TP,1.6,µg/L - P,,"USGS 03-4174, EPA 365.2",,,Deposition-Wet,474,Bucket in 17IX15 @ 1640 hrs.  One pine needle in sample.  Filtered through 500um mesh. Rain yesterday and this morning.;;;
10/27/2015,Yellow Bay Knob @ Flathead Lake BioStation,Phosphorus (Total),TP,80.7,µg/L - P,,"USGS 03-4174, EPA 365.2",,,Deposition-Dry,1418.8,"Bucket in 16X15 @ unknown time.  About 12 midges and a dragonfly with eggs in sample.  Filtered through 500um mesh.  Mix of sunshine and clouds last 10 days, rain yesterday and this morning.;;;"
11/04/2015,Yellow Bay Knob @ Flathead Lake BioStation,Nitrogen (Total),TN,107,µg/L - N,,"USGS 03-4174, EPA 353.2",,,Deposition-Dry,1953.5,Bucket in on 27X15 @1330hrs. Rain last week and through the weekend (5 days) overcast to sunny past two days. High winds at times. Mod. Org. in sam0ple wit pine needles and 1 fly and 1 midge; filtered through 500 um mesh.;;;
11/04/2015,Yellow Bay Knob @ Flathead Lake BioStation,Nitrogen (Total),TN,177,µg/L - N,,"USGS 03-4174, EPA 353.2",,,Deposition-Wet,960.9,Bucket in on 27X15 @1330hrs. Rain last week and through the weekend (5 days) overcast to sunny past two days. High winds at times. Light Org. in sample with a few pine needles; filtered through 500 um mesh.;;;
11/04/2015,Yellow Bay Knob @ Flathead Lake BioStation,Phosphorus (Total),TP,13.3,µg/L - P,,"USGS 03-4174, EPA 365.2",,,Deposition-Wet,960.9,Bucket in on 27X15 @1330hrs. Rain last week and through the weekend (5 days) overcast to sunny past two days. High winds at times. Light Org. in sample with a few pine needles; filtered through 500 um mesh.;;;
11/04/2015,Yellow Bay Knob @ Flathead Lake BioStation,Phosphorus (Total),TP,9.3,µg/L - P,,"USGS 03-4174, EPA 365.2",,,Deposition-Dry,1953.5,Bucket in on 27X15 @1330hrs. Rain last week and through the weekend (5 days) overcast to sunny past two days. High winds at times. Mod. Org. in sam0ple wit pine needles and 1 fly and 1 midge; filtered through 500 um mesh.;;;
11/13/2015,Yellow Bay Knob @ Flathead Lake BioStation,Nitrogen (Total),TN,146,µg/L - N,,"USGS 03-4174, EPA 353.2",,,Deposition-Dry,1450.9,Bucket in on 04XI15 @ 1500hrs. Overcast to P.sunny; high winds at times; rain showers and some flurries of snow at times. Mod. Org. in the sample with some pine needles and bark pieces; filtered through 500 um mesh;;;
11/13/2015,Yellow Bay Knob @ Flathead Lake BioStation,Phosphorus (Total),TP,4.1,µg/L - P,,"USGS 03-4174, EPA 365.2",,,Deposition-Dry,1450.9,Bucket in on 04XI15 @ 1500hrs. Overcast to P.sunny; high winds at times; rain showers and some flurries of snow at times. Mod. Org. in the sample with some pine needles and bark pieces; filtered through 500 um mesh;;;
11/20/2015,Yellow Bay Knob @ Flathead Lake BioStation,Nitrogen (Total),TN,119,µg/L - N,,"USGS 03-4174, EPA 353.2",,,Deposition-Dry,1222.6,Bucket in on 13XI15 @ 1345 hrs. Very high winds at times this week; overcast to P.sunny w/some snow flurries. Some light burning in the valley; Heavy org.and 1 fly; filt. Through 500 um mesh.;;;
11/20/2015,Yellow Bay Knob @ Flathead Lake BioStation,Nitrogen (Total),TN,331,µg/L - N,,"USGS 03-4174, EPA 353.2",,,Deposition-Wet,391.7,Bucket in on 04XI15 @ 1500 hrs. Very high winds at times; light rain and snow at times; Overcast to P.sunny; Temps in the low 30's to 40's (F). Some light burning in the valley. Mod. org.; filt. Through 500 um mesh.;;;
11/20/2015,Yellow Bay Knob @ Flathead Lake BioStation,Phosphorus (Total),TP,7.1,µg/L - P,,"USGS 03-4174, EPA 365.2",,,Deposition-Wet,391.7,Bucket in on 04XI15 @ 1500 hrs. Very high winds at times; light rain and snow at times; Overcast to P.sunny; Temps in the low 30's to 40's (F). Some light burning in the valley. Mod. org.; filt. Through 500 um mesh.;;;
11/20/2015,Yellow Bay Knob @ Flathead Lake BioStation,Phosphorus (Total),TP,11.2,µg/L - P,,"USGS 03-4174, EPA 365.2",,,Deposition-Dry,1222.6,Bucket in on 13XI15 @ 1345 hrs. Very high winds at times this week; overcast to P.sunny w/some snow flurries. Some light burning in the valley; Heavy org.and 1 fly; filt. Through 500 um mesh.;;;
11/25/2015,Yellow Bay Knob @ Flathead Lake BioStation,Nitrogen (Total),TN,132,µg/L - N,,"USGS 03-4174, EPA 353.2",,,Deposition-Dry,922,Bucket in on 20XI15 at 0930hrs. Cold (10-20's F) and high winds the last two days; snow and freezing rain at times. Heavy organics w/bark and pine needles; filtered through 500 um mesh; sample was 3/4 frozen and had to thaw all day.;;;
11/25/2015,Yellow Bay Knob @ Flathead Lake BioStation,Phosphorus (Total),TP,10.6,µg/L - P,,"USGS 03-4174, EPA 365.2",,,Deposition-Dry,922,Bucket in on 20XI15 at 0930hrs. Cold (10-20's F) and high winds the last two days; snow and freezing rain at times. Heavy organics w/bark and pine needles; filtered through 500 um mesh; sample was 3/4 frozen and had to thaw all day.;;;
12/02/2015,Yellow Bay Knob @ Flathead Lake BioStation,Nitrogen (Total),TN,29,µg/L - N,,"USGS 03-4174, EPA 353.2",,,Deposition-Dry,1077.4,"Bucket in on 25 XI 2015 @ 0900 hours. Sample rinse (~132.9 g) was lost, as it was spilled by TT, 944.5 was used for analysis; cold overcast, lite snow; calm to low winds. Light org. filt. through. 500 um.;;;"
12/02/2015,Yellow Bay Knob @ Flathead Lake BioStation,Phosphorus (Total),TP,2.1,µg/L - P,,"USGS 03-4174, EPA 365.2",,,Deposition-Dry,1077.4,"Bucket in on 25 XI 2015 @ 0900 hours. Sample rinse (~132.9 g) was lost, as it was spilled by TT, 944.5 was used for analysis; cold overcast, lite snow; calm to low winds. Light org. filt. through. 500 um.;;;"
12/09/2015,Yellow Bay Knob @ Flathead Lake BioStation,Nitrogen (Total),TN,84.4,µg/L - N,,"USGS 03-4174, EPA 353.2",,,Deposition-Dry,1794.4,Bucket in on 02XII15 @ 0830hrs. Heavy rain twodays ago and sporadic rain yesterday and today. Warmer weather (40-mid-40's F); High winds today and at times past week. Lite-Mod. Organics; filt. 500 um mesh;;;
12/09/2015,Yellow Bay Knob @ Flathead Lake BioStation,Nitrogen (Total),TN,136,µg/L - N,,"USGS 03-4174, EPA 353.2",,,Deposition-Wet,1440.1,Bucket in on 20XI15 @ 0930hrs. Heavy rain two days ago and sporadic rain yesterday and today. Warmer weather (40-mid-40's F); High winds today and at times past week. Lite Organics; barely visible; filt. 500 um mesh;;;
12/09/2015,Yellow Bay Knob @ Flathead Lake BioStation,Phosphorus (Total),TP,10,µg/L - P,,"USGS 03-4174, EPA 365.2",,,Deposition-Wet,1440.1,Bucket in on 20XI15 @ 0930hrs. Heavy rain two days ago and sporadic rain yesterday and today. Warmer weather (40-mid-40's F); High winds today and at times past week. Lite Organics; barely visible; filt. 500 um mesh;;;
12/09/2015,Yellow Bay Knob @ Flathead Lake BioStation,Phosphorus (Total),TP,6.9,µg/L - P,,"USGS 03-4174, EPA 365.2",,,Deposition-Dry,1794.4,Bucket in on 02XII15 @ 0830hrs. Heavy rain twodays ago and sporadic rain yesterday and today. Warmer weather (40-mid-40's F); High winds today and at times past week. Lite-Mod. Organics; filt. 500 um mesh;;;
12/17/2015,Yellow Bay Knob @ Flathead Lake BioStation,Nitrogen (Total),TN,78.3,µg/L - N,,"USGS 03-4174, EPA 353.2",,,Deposition-Dry,1285.5,"Bucket in on 09XII15 @ 1445 hrs. Rain ans snow this week with colder temperatures; 4-6"" of snow accumulation. Low to moderate winds at tmies. Lite organics in the sample; filtered through 500 um mesh; partially frozen.;;;"
12/17/2015,Yellow Bay Knob @ Flathead Lake BioStation,Nitrogen (Total),TN,154,µg/L - N,,"USGS 03-4174, EPA 353.2",,,Deposition-Wet,775.4,"Bucket in on 09XII15 @ 1445 hrs. Rain ans snow this week with colder temperatures; 4-6"" of snow accumulation. Low to moderate winds at tmies. No visible organics in the sample; filtered through 500 um mesh; mostly snow and was allowed to thaw in the lab.;;;"
12/17/2015,Yellow Bay Knob @ Flathead Lake BioStation,Phosphorus (Total),TP,< 1.5,µg/L - P,,"USGS 03-4174, EPA 365.2",,,Deposition-Wet,775.4,"Bucket in on 09XII15 @ 1445 hrs. Rain ans snow this week with colder temperatures; 4-6"" of snow accumulation. Low to moderate winds at tmies. No visible organics in the sample; filtered through 500 um mesh; mostly snow and was allowed to thaw in the lab.;;;"
12/17/2015,Yellow Bay Knob @ Flathead Lake BioStation,Phosphorus (Total),TP,1.6,µg/L - P,,"USGS 03-4174, EPA 365.2",,,Deposition-Dry,1285.5,"Bucket in on 09XII15 @ 1445 hrs. Rain ans snow this week with colder temperatures; 4-6"" of snow accumulation. Low to moderate winds at tmies. Lite organics in the sample; filtered through 500 um mesh; partially frozen.;;;"
12/22/2015,Yellow Bay Knob @ Flathead Lake BioStation,Nitrogen (Total),TN,55.8,µg/L - N,,"USGS 03-4174, EPA 353.2",,,Deposition-Dry,1460.1,"Bucket in on 17XII15 @ 1000hrs. High winds at times w/snow and some sleet at times; ~4-6"" of new snow; overcast to partly sunny; Temps ijn the high 20's and low 30's (F). Light organics in the sample; filtered through 500 um mesh.;;;"
12/22/2015,Yellow Bay Knob @ Flathead Lake BioStation,Nitrogen (Total),TN,98.6,µg/L - N,,"USGS 03-4174, EPA 353.2",,,Deposition-Wet,799.7,"Bucket in on 17XII15 @ 1000hrs. High winds at times w/snow and some sleet at times; ~4-6"" of new snow; overcast to partly sunny; Temps ijn the high 20's and low 30's (F). Light organics in the sample; filtered through 500 um mesh; sample was snow.;;;"
12/22/2015,Yellow Bay Knob @ Flathead Lake BioStation,Phosphorus (Total),TP,< 1.5,µg/L - P,,"USGS 03-4174, EPA 365.2",,,Deposition-Wet,799.7,"Bucket in on 17XII15 @ 1000hrs. High winds at times w/snow and some sleet at times; ~4-6"" of new snow; overcast to partly sunny; Temps ijn the high 20's and low 30's (F). Light organics in the sample; filtered through 500 um mesh; sample was snow.;;;"
12/22/2015,Yellow Bay Knob @ Flathead Lake BioStation,Phosphorus (Total),TP,< 1.5,µg/L - P,,"USGS 03-4174, EPA 365.2",,,Deposition-Dry,1460.1,"Bucket in on 17XII15 @ 1000hrs. High winds at times w/snow and some sleet at times; ~4-6"" of new snow; overcast to partly sunny; Temps ijn the high 20's and low 30's (F). Light organics in the sample; filtered through 500 um mesh.;;;"
01/04/2016,Yellow Bay Knob @ Flathead Lake BioStation,Nitrogen (Total),TN,183,µg/L - N,,"USGS 03-4174, EPA 353.2",,,Deposition-Dry,1698.5,Bucket in on 22XII15@0830hrs. Cold and overcast to P. sunny. ~1' of new snow; Temps. In the low 20's to high 10's (F). Calm to high winds. Sample frozen w.some snow; light organics; filtered through 500 um mesh.;;;
01/04/2016,Yellow Bay Knob @ Flathead Lake BioStation,Nitrogen (Total),TN,321,µg/L - N,,"USGS 03-4174, EPA 353.2",,,Deposition-Wet,424.3,Bucket in on 22XII15@0830hrs. Cold and overcast to P. sunny. ~1' of new snow; Temps. In the low 20's to high 10's (F). Calm to high winds. Sample is snow; light organics; filtered through 500 um mesh.;;;
01/04/2016,Yellow Bay Knob @ Flathead Lake BioStation,Phosphorus (Total),TP,1.9,µg/L - P,,"USGS 03-4174, EPA 365.2",,,Deposition-Wet,424.3,Bucket in on 22XII15@0830hrs. Cold and overcast to P. sunny. ~1' of new snow; Temps. In the low 20's to high 10's (F). Calm to high winds. Sample is snow; light organics; filtered through 500 um mesh.;;;
01/04/2016,Yellow Bay Knob @ Flathead Lake BioStation,Phosphorus (Total),TP,1.7,µg/L - P,,"USGS 03-4174, EPA 365.2",,,Deposition-Dry,1698.5,Bucket in on 22XII15@0830hrs. Cold and overcast to P. sunny. ~1' of new snow; Temps. In the low 20's to high 10's (F). Calm to high winds. Sample frozen w.some snow; light organics; filtered through 500 um mesh.;;;
01/15/2016,Yellow Bay Knob @ Flathead Lake BioStation,Nitrogen (Total),TN,243,µg/L - N,,"USGS 03-4174, EPA 353.2",,,Deposition-Dry,1126.4,Bucket in on 04I16 @ 0830hrs. Cold temperatures warming to at or above freezing; rain and snow showers; calm to moderate winds; primarily overcast. Light organics in the sample; filtered through 500 um mesh.;;;
01/15/2016,Yellow Bay Knob @ Flathead Lake BioStation,Nitrogen (Total),TN,121,µg/L - N,,"USGS 03-4174, EPA 353.2",,,Deposition-Wet,866.2,Bucket in on 04I16 @ 0830hrs. Cold temperatures warming to at or above freezing; rain and snow showers; calm to moderate winds; primarily overcast. No visible organics in the sample; filtered through 500 um mesh.;;;
01/15/2016,Yellow Bay Knob @ Flathead Lake BioStation,Phosphorus (Total),TP,< 1.5,µg/L - P,,"USGS 03-4174, EPA 365.2",,,Deposition-Wet,866.2,Bucket in on 04I16 @ 0830hrs. Cold temperatures warming to at or above freezing; rain and snow showers; calm to moderate winds; primarily overcast. No visible organics in the sample; filtered through 500 um mesh.;;;
01/15/2016,Yellow Bay Knob @ Flathead Lake BioStation,Phosphorus (Total),TP,1.6,µg/L - P,,"USGS 03-4174, EPA 365.2",,,Deposition-Dry,1126.4,Bucket in on 04I16 @ 0830hrs. Cold temperatures warming to at or above freezing; rain and snow showers; calm to moderate winds; primarily overcast. Light organics in the sample; filtered through 500 um mesh.;;;
01/21/2016,Yellow Bay Knob @ Flathead Lake BioStation,Nitrogen (Total),TN,100,µg/L - N,,"USGS 03-4174, EPA 353.2",,,Deposition-Wet,730.8,"Bucket in on 15I16 @ 0815 hrs, Temperatures in the low to high 30's )(F) during the day and freezing at night; Calm to moderate winds (for brief periods); snow and rain showers. No visible organics; filtered through 500 um mesh.;;;"
01/21/2016,Yellow Bay Knob @ Flathead Lake BioStation,Nitrogen (Total),TN,64.5,µg/L - N,,"USGS 03-4174, EPA 353.2",,,Deposition-Dry,1851,"Bucket in on 15I16 @ 0815 hrs, Temperatures in the low to high 30's )(F) during the day and freezing at night; Calm to moderate winds (for brief periods); snow and rain showers. Light organics; filtered through 500 um mesh.;;;"
01/21/2016,Yellow Bay Knob @ Flathead Lake BioStation,Phosphorus (Total),TP,6.1,µg/L - P,,"USGS 03-4174, EPA 365.2",,,Deposition-Dry,1851,"Bucket in on 15I16 @ 0815 hrs, Temperatures in the low to high 30's )(F) during the day and freezing at night; Calm to moderate winds (for brief periods); snow and rain showers. Light organics; filtered through 500 um mesh.;;;"
01/21/2016,Yellow Bay Knob @ Flathead Lake BioStation,Phosphorus (Total),TP,< 1.5,µg/L - P,,"USGS 03-4174, EPA 365.2",,,Deposition-Wet,730.8,"Bucket in on 15I16 @ 0815 hrs, Temperatures in the low to high 30's )(F) during the day and freezing at night; Calm to moderate winds (for brief periods); snow and rain showers. No visible organics; filtered through 500 um mesh.;;;"
01/29/2016,Yellow Bay Knob @ Flathead Lake BioStation,Nitrogen (Total),TN,116,µg/L - N,,"USGS 03-4174, EPA 353.2",,,Deposition-Dry,896.6,Bucket in on 21I16 @ 1530 hrs. Warmer days above freezing and freezing at night; light to moderate wind; Rain and snow showers. Rain last night. Light organics in the sample; filtered through 500 um mesh.;;;
01/29/2016,Yellow Bay Knob @ Flathead Lake BioStation,Nitrogen (Total),TN,159,µg/L - N,,"USGS 03-4174, EPA 353.2",,,Deposition-Wet,342.9,Bucket in on 21I16 @ 1530 hrs. Warmer days above freezing and freezing at night; light to moderate wind; Rain and snow showers. Rain last night. Light organics in the sample; filtered through 500 um mesh.;;;
01/29/2016,Yellow Bay Knob @ Flathead Lake BioStation,Phosphorus (Total),TP,< 1.5,µg/L - P,,"USGS 03-4174, EPA 365.2",,,Deposition-Wet,342.9,Bucket in on 21I16 @ 1530 hrs. Warmer days above freezing and freezing at night; light to moderate wind; Rain and snow showers. Rain last night. Light organics in the sample; filtered through 500 um mesh.;;;
01/29/2016,Yellow Bay Knob @ Flathead Lake BioStation,Phosphorus (Total),TP,< 1.5,µg/L - P,,"USGS 03-4174, EPA 365.2",,,Deposition-Dry,896.6,Bucket in on 21I16 @ 1530 hrs. Warmer days above freezing and freezing at night; light to moderate wind; Rain and snow showers. Rain last night. Light organics in the sample; filtered through 500 um mesh.;;;
02/05/2016,Yellow Bay Knob @ Flathead Lake BioStation,Nitrogen (Total),TN,74.6,µg/L - N,,"USGS 03-4174, EPA 353.2",,,Deposition-Dry,1443,"Bucket in on 29I16@1430hrs. Freezing nights w/days in the mid-30's (F). Snow showers at times. Some high winds, mostly calm. Light organics in the sample; filtered through 500 um mesh.;;;"
02/05/2016,Yellow Bay Knob @ Flathead Lake BioStation,Nitrogen (Total),TN,124,µg/L - N,,"USGS 03-4174, EPA 353.2",,,Deposition-Wet,419.5,"Bucket in on 29I16@1430hrs. Freezing nights w/days in the mid-30's (F). Snow showers at times. Some high winds, mostly calm. Light organics in the sample; filtered through 500 um mesh.;;;"
02/05/2016,Yellow Bay Knob @ Flathead Lake BioStation,Phosphorus (Total),TP,< 1.5,µg/L - P,,"USGS 03-4174, EPA 365.2",,,Deposition-Wet,419.5,"Bucket in on 29I16@1430hrs. Freezing nights w/days in the mid-30's (F). Snow showers at times. Some high winds, mostly calm. Light organics in the sample; filtered through 500 um mesh.;;;"
02/05/2016,Yellow Bay Knob @ Flathead Lake BioStation,Phosphorus (Total),TP,< 1.5,µg/L - P,,"USGS 03-4174, EPA 365.2",,,Deposition-Dry,1443,"Bucket in on 29I16@1430hrs. Freezing nights w/days in the mid-30's (F). Snow showers at times. Some high winds, mostly calm. Light organics in the sample; filtered through 500 um mesh.;;;"
02/11/2016,Yellow Bay Knob @ Flathead Lake BioStation,Nitrogen (Total),TN,48.4,µg/L - N,,"USGS 03-4174, EPA 353.2",,,Deposition-Dry,1084.7,"Bucket in on 05 II 16 @ 0830 hrs. Warm days and freezing nights, mostly calm with overcast to sunny days; no precip accumulation. Mod. Organics in the the sample; filtered through 500 um mesh.;;;"
02/11/2016,Yellow Bay Knob @ Flathead Lake BioStation,Phosphorus (Total),TP,< 1.5,µg/L - P,,"USGS 03-4174, EPA 365.2",,,Deposition-Dry,1084.7,"Bucket in on 05 II 16 @ 0830 hrs. Warm days and freezing nights, mostly calm with overcast to sunny days; no precip accumulation. Mod. Organics in the the sample; filtered through 500 um mesh.;;;"
02/19/2016,Yellow Bay Knob @ Flathead Lake BioStation,Nitrogen (Total),TN,170,µg/L - N,,"USGS 03-4174, EPA 353.2",,,Deposition-Dry,1672.8,Bucket in on 11II16@0830hrs. Heavy rain this week with high winds; daytime temps in the mid-40's with freezing nights. Moderate organics in the sample; filtered through 500 um mesh.;;;
02/19/2016,Yellow Bay Knob @ Flathead Lake BioStation,Nitrogen (Total),TN,200,µg/L - N,,"USGS 03-4174, EPA 353.2",,,Deposition-Wet,881,Bucket in on 05II16@0830hrs. Heavy rain with some snow showers; Daytime temperatures in the mid-30's (F) to low 40's F and frezing or near freezing nights; Mod.-high winds. Mod. organics in the sample; filtered through 500 um mesh.;;;
02/19/2016,Yellow Bay Knob @ Flathead Lake BioStation,Phosphorus (Total),TP,1.6,µg/L - P,,"USGS 03-4174, EPA 365.2",,,Deposition-Wet,881,Bucket in on 05II16@0830hrs. Heavy rain with some snow showers; Daytime temperatures in the mid-30's (F) to low 40's F and frezing or near freezing nights; Mod.-high winds. Mod. organics in the sample; filtered through 500 um mesh.;;;
02/19/2016,Yellow Bay Knob @ Flathead Lake BioStation,Phosphorus (Total),TP,< 1.5,µg/L - P,,"USGS 03-4174, EPA 365.2",,,Deposition-Dry,1672.8,Bucket in on 11II16@0830hrs. Heavy rain this week with high winds; daytime temps in the mid-40's with freezing nights. Moderate organics in the sample; filtered through 500 um mesh.;;;
02/25/2016,Yellow Bay Knob @ Flathead Lake BioStation,Nitrogen (Total),TN,31.4,µg/L - N,,"USGS 03-4174, EPA 353.2",,,Deposition-Dry,1354.7,Bucket in on 19 II 16@0830hrs. Sunny to P.cloudy; clear nights with Temps. in the mid-20's (F); dry this week with calm to moderate wind conditions.;;;
02/25/2016,Yellow Bay Knob @ Flathead Lake BioStation,Phosphorus (Total),TP,< 1.5,µg/L - P,,"USGS 03-4174, EPA 365.2",,,Deposition-Dry,1354.7,Bucket in on 19 II 16@0830hrs. Sunny to P.cloudy; clear nights with Temps. in the mid-20's (F); dry this week with calm to moderate wind conditions.;;;
03/04/2016,Yellow Bay Knob @ Flathead Lake BioStation,Nitrogen (Total),TN,115,µg/L - N,,"USGS 03-4174, EPA 353.2",,,Deposition-Dry,1204.2,Bucket in on 25 II 16 @ 0830hrs. Some rain this week with sunny to overcast days. Warm days with below freezing nights; moderate winds this week. Light organics in the sample; filtered through 500 um mesh.;;;
03/04/2016,Yellow Bay Knob @ Flathead Lake BioStation,Phosphorus (Total),TP,< 1.5,µg/L - P,,"USGS 03-4174, EPA 365.2",,,Deposition-Dry,1204.2,Bucket in on 25 II 16 @ 0830hrs. Some rain this week with sunny to overcast days. Warm days with below freezing nights; moderate winds this week. Light organics in the sample; filtered through 500 um mesh.;;;
03/09/2016,Yellow Bay Knob @ Flathead Lake BioStation,Nitrogen (Total),TN,69.2,µg/L - N,,"USGS 03-4174, EPA 353.2",,,Deposition-Dry,1704.4,"Bucket in on 04 III 16 @ 1430hrs. Mostly overcast with some sunny to p. cloudy days; warm days with freezing nights; some rain showers three to four days ago, heavy @ times; mod-high winds. Mod. Org. in sample; fil. 500 um mesh.;;;"
03/09/2016,Yellow Bay Knob @ Flathead Lake BioStation,Nitrogen (Total),TN,209,µg/L - N,,"USGS 03-4174, EPA 353.2",,,Deposition-Wet,1064.4,Bucket in on 19 II 16 @ 0830hrs. Overcast to sunny during collection period; heavy rain @ times; mod-high winds. Mod. Org. in sample; fil. 500 um mesh.;;;
03/09/2016,Yellow Bay Knob @ Flathead Lake BioStation,Phosphorus (Total),TP,1.7,µg/L - P,,"USGS 03-4174, EPA 365.2",,,Deposition-Wet,1064.4,Bucket in on 19 II 16 @ 0830hrs. Overcast to sunny during collection period; heavy rain @ times; mod-high winds. Mod. Org. in sample; fil. 500 um mesh.;;;
03/09/2016,Yellow Bay Knob @ Flathead Lake BioStation,Phosphorus (Total),TP,1.5,µg/L - P,,"USGS 03-4174, EPA 365.2",,,Deposition-Dry,1704.4,"Bucket in on 04 III 16 @ 1430hrs. Mostly overcast with some sunny to p. cloudy days; warm days with freezing nights; some rain showers three to four days ago, heavy @ times; mod-high winds. Mod. Org. in sample; fil. 500 um mesh.;;;"
03/17/2016,Yellow Bay Knob @ Flathead Lake BioStation,Nitrogen (Total),TN,135,µg/L - N,,"USGS 03-4174, EPA 353.2",,,Deposition-Dry,1776.4,"Bucket in on 09III16 @ 1430hrs. Some rain and ~2"" of snow last night; Hifgh south winds this week; overcast to p.sunny. Heavy organics in the sample; filtered through 500 um mesh.;;;"
03/17/2016,Yellow Bay Knob @ Flathead Lake BioStation,Nitrogen (Total),TN,153,µg/L - N,,"USGS 03-4174, EPA 353.2",,,Deposition-Wet,926.9,"Bucket in on 09III16 @ 1430hrs. Some rain and ~2"" of snow last night; Hifgh south winds this week; overcast to p.sunny. Light organics in the sample; filtered through 500 um mesh.;;;"
03/17/2016,Yellow Bay Knob @ Flathead Lake BioStation,Phosphorus (Total),TP,2.4,µg/L - P,,"USGS 03-4174, EPA 365.2",,,Deposition-Wet,926.9,"Bucket in on 09III16 @ 1430hrs. Some rain and ~2"" of snow last night; Hifgh south winds this week; overcast to p.sunny. Light organics in the sample; filtered through 500 um mesh.;;;"
03/17/2016,Yellow Bay Knob @ Flathead Lake BioStation,Phosphorus (Total),TP,6.1,µg/L - P,,"USGS 03-4174, EPA 365.2",,,Deposition-Dry,1776.4,"Bucket in on 09III16 @ 1430hrs. Some rain and ~2"" of snow last night; Hifgh south winds this week; overcast to p.sunny. Heavy organics in the sample; filtered through 500 um mesh.;;;"
03/25/2016,Yellow Bay Knob @ Flathead Lake BioStation,Nitrogen (Total),TN,167,µg/L - N,,"USGS 03-4174, EPA 353.2",,,Deposition-Dry,1403.5,Bucket in on 17 III 16 @ 1400 hrs. Rain showers on/off for most of the week; days in the 40's to 50's with freezing nights; high winds at times. Light org. in the sample filtered through 500 um mesh.;;;
03/25/2016,Yellow Bay Knob @ Flathead Lake BioStation,Nitrogen (Total),TN,204,µg/L - N,,"USGS 03-4174, EPA 353.2",,,Deposition-Wet,640.5,Bucket in on 17 III 16 @ 1400 hrs. Rain showers on/off for most of the week; days in the 40's to 50's with freezing nights; high winds at times. No visible org. in the sample filtered through 500 um mesh.;;;
03/25/2016,Yellow Bay Knob @ Flathead Lake BioStation,Phosphorus (Total),TP,3.8,µg/L - P,,"USGS 03-4174, EPA 365.2",,,Deposition-Wet,640.5,Bucket in on 17 III 16 @ 1400 hrs. Rain showers on/off for most of the week; days in the 40's to 50's with freezing nights; high winds at times. No visible org. in the sample filtered through 500 um mesh.;;;
03/25/2016,Yellow Bay Knob @ Flathead Lake BioStation,Phosphorus (Total),TP,5.3,µg/L - P,,"USGS 03-4174, EPA 365.2",,,Deposition-Dry,1403.5,Bucket in on 17 III 16 @ 1400 hrs. Rain showers on/off for most of the week; days in the 40's to 50's with freezing nights; high winds at times. Light org. in the sample filtered through 500 um mesh.;;;
04/01/2016,Yellow Bay Knob @ Flathead Lake BioStation,Nitrogen (Total),TN,97,µg/L - N,R,"USGS 03-4174, EPA 353.2",,,Deposition-Dry,1193.6,Bucket in on 25III16 @ 0930hrs. Trace rain this week but mostly dry. Sunny to overcast with days up to mid-50's but nights still freezing. Moderate to calm wind conditions. Mod. Org. filtered through 500 um mesh.;;;
04/01/2016,Yellow Bay Knob @ Flathead Lake BioStation,Phosphorus (Total),TP,5.7,µg/L - P,,"USGS 03-4174, EPA 365.2",,,Deposition-Dry,1193.6,Bucket in on 25III16 @ 0930hrs. Trace rain this week but mostly dry. Sunny to overcast with days up to mid-50's but nights still freezing. Moderate to calm wind conditions. Mod. Org. filtered through 500 um mesh.;;;
04/06/2016,Yellow Bay Knob @ Flathead Lake BioStation,Nitrogen (Total),TN,140,µg/L - N,R,"USGS 03-4174, EPA 353.2",,,Deposition-Dry,1193,"Bucket in on 01IV16 @ 0800 hrs. Trace rain accumulation this week, Weekend with highs in the 60's (F); high winds. Forecast for highs in the 70's (F) this weekend.;;;"
04/06/2016,Yellow Bay Knob @ Flathead Lake BioStation,Phosphorus (Total),TP,14.3,µg/L - P,,"USGS 03-4174, EPA 365.2",,,Deposition-Dry,1193,"Bucket in on 01IV16 @ 0800 hrs. Trace rain accumulation this week, Weekend with highs in the 60's (F); high winds. Forecast for highs in the 70's (F) this weekend.;;;"
04/15/2016,Yellow Bay Knob @ Flathead Lake BioStation,Nitrogen (Total),TN,2070,µg/L - N,,"USGS 03-4174, EPA 353.2",,,Deposition-Dry,868.7,"Bucket in on 06 IV16 @ 1430hrs. High winds and rain on and off all week; heavy at times; lots of pollen (pine tree) in the air and in the sample.Overcast with some sun breaks. Heavy organics (pollen) in the sampl; 3 wasps, 1 beetle, 1 Dipteran; fil.500 um;;;"
04/15/2016,Yellow Bay Knob @ Flathead Lake BioStation,Nitrogen (Total),TN,251,µg/L - N,,"USGS 03-4174, EPA 353.2",,,Deposition-Wet,1647.8,Bucket in on 26 III 16 @ 0930 hrs. High winds to calm during the collection period; trace precip until this week with rain on and off and heavy at times during the week; Overcast to to sunny days in the 70's for highj. Light org. fil. Through 500 um mesh.;;;
04/15/2016,Yellow Bay Knob @ Flathead Lake BioStation,Phosphorus (Total),TP,11.9,µg/L - P,,"USGS 03-4174, EPA 365.2",,,Deposition-Wet,1647.8,Bucket in on 26 III 16 @ 0930 hrs. High winds to calm during the collection period; trace precip until this week with rain on and off and heavy at times during the week; Overcast to to sunny days in the 70's for highj. Light org. fil. Through 500 um mesh.;;;
04/15/2016,Yellow Bay Knob @ Flathead Lake BioStation,Phosphorus (Total),TP,349,µg/L - P,,"USGS 03-4174, EPA 365.2",,,Deposition-Dry,868.7,"Bucket in on 06 IV16 @ 1430hrs. High winds and rain on and off all week; heavy at times; lots of pollen (pine tree) in the air and in the sample.Overcast with some sun breaks. Heavy organics (pollen) in the sampl; 3 wasps, 1 beetle, 1 Dipteran; fil.500 um;;;"
04/21/2016,Yellow Bay Knob @ Flathead Lake BioStation,Nitrogen (Total),TN,1170,µg/L - N,,"USGS 03-4174, EPA 353.2",,,Deposition-Dry,1085.2,Bucket in on 15IV16 @1445hrs. Mod. To calm winds; Sporadic open-burning in the valley; lots of pine tree pollen; Sunny days with highs in the 70's. Heavy organics in the sample; 3 flies; filtered through 500 um mesh.;;;
04/21/2016,Yellow Bay Knob @ Flathead Lake BioStation,Phosphorus (Total),TP,207,µg/L - P,,"USGS 03-4174, EPA 365.2",,,Deposition-Dry,1085.2,Bucket in on 15IV16 @1445hrs. Mod. To calm winds; Sporadic open-burning in the valley; lots of pine tree pollen; Sunny days with highs in the 70's. Heavy organics in the sample; 3 flies; filtered through 500 um mesh.;;;
04/29/2016,Yellow Bay Knob @ Flathead Lake BioStation,Nitrogen (Total),TN,1410,µg/L - N,,"USGS 03-4174, EPA 353.2",,,Deposition-Dry,1179.4,Bucket in on 21IV16@0830hrs. Heavy rain at times (6-7 days ago); colder temperatures but an increase is in the forecast; lots and lots of pollen in the air; open burning in the valley; high to calm winds. Heavy organics mostly pine pollen; filtered 500 um;;;
04/29/2016,Yellow Bay Knob @ Flathead Lake BioStation,Nitrogen (Total),TN,367,µg/L - N,,"USGS 03-4174, EPA 353.2",,,Deposition-Wet,1755,Bucket in on 15IV16@1445hrs; Trace rain until 6-7 days ago; colder temperatures the this week but warmer (~mid-70's F) during the rest of collection period; calm to high winds; lots of pollen in the air. Moderate oprganics in sample; filtered 500 um.;;;
04/29/2016,Yellow Bay Knob @ Flathead Lake BioStation,Phosphorus (Total),TP,13.1,µg/L - P,,"USGS 03-4174, EPA 365.2",,,Deposition-Wet,1755,Bucket in on 15IV16@1445hrs; Trace rain until 6-7 days ago; colder temperatures the this week but warmer (~mid-70's F) during the rest of collection period; calm to high winds; lots of pollen in the air. Moderate oprganics in sample; filtered 500 um.;;;
04/29/2016,Yellow Bay Knob @ Flathead Lake BioStation,Phosphorus (Total),TP,262,µg/L - P,,"USGS 03-4174, EPA 365.2",,,Deposition-Dry,1179.4,Bucket in on 21IV16@0830hrs. Heavy rain at times (6-7 days ago); colder temperatures but an increase is in the forecast; lots and lots of pollen in the air; open burning in the valley; high to calm winds. Heavy organics mostly pine pollen; filtered 500 um;;;
05/05/2016,Yellow Bay Knob @ Flathead Lake BioStation,Nitrogen (Total),TN,519,µg/L - N,,"USGS 03-4174, EPA 353.2",,,Deposition-Dry,880.7,Bucket in on 29IV16 @ 0830hrs. Dry and sunny; calm wind; highs in the mid-70's (F). Lots of pollen and burning at the station and in the valley. Modderate organics in the sample; mostly pollen and 3 beetles; filt. Through 500 um mesh.;;;
05/05/2016,Yellow Bay Knob @ Flathead Lake BioStation,Phosphorus (Total),TP,103,µg/L - P,,"USGS 03-4174, EPA 365.2",,,Deposition-Dry,880.7,Bucket in on 29IV16 @ 0830hrs. Dry and sunny; calm wind; highs in the mid-70's (F). Lots of pollen and burning at the station and in the valley. Modderate organics in the sample; mostly pollen and 3 beetles; filt. Through 500 um mesh.;;;
05/12/2016,Yellow Bay Knob @ Flathead Lake BioStation,Nitrogen (Total),TN,606,µg/L - N,,"USGS 03-4174, EPA 353.2",,,Deposition-Dry,1036.5,"Lots of fine organics in sample plus pollen. Filtered through 500um mesh. Cool, breezy and cool for last week.;;;"
05/12/2016,Yellow Bay Knob @ Flathead Lake BioStation,Nitrogen (Total),TN,451,µg/L - N,,"USGS 03-4174, EPA 353.2",,,Deposition-Wet,574.3,"Lots of fine organics in sample plus pollen. Filtered through 500um mesh. Steady rain 2 days ago, sprinkles yesterday.;;;"
05/12/2016,Yellow Bay Knob @ Flathead Lake BioStation,Phosphorus (Total),TP,22.1,µg/L - P,,"USGS 03-4174, EPA 365.2",,,Deposition-Wet,574.3,"Lots of fine organics in sample plus pollen. Filtered through 500um mesh. Steady rain 2 days ago, sprinkles yesterday.;;;"
05/12/2016,Yellow Bay Knob @ Flathead Lake BioStation,Phosphorus (Total),TP,78.4,µg/L - P,,"USGS 03-4174, EPA 365.2",,,Deposition-Dry,1036.5,"Lots of fine organics in sample plus pollen. Filtered through 500um mesh. Cool, breezy and cool for last week.;;;"
05/20/2016,Yellow Bay Knob @ Flathead Lake BioStation,Nitrogen (Total),TN,1480,µg/L - N,,"USGS 03-4174, EPA 353.2",,,Deposition-Dry,827.4,"Bucket in on 12 V 16 @ 0900 hours. Heavy rain yesterday and overnight but mostly dry over the collection period with some high winds. Lots of organcis in the sample; 3 wasps and lots of pollen, filtered through 500um mesh.;;;"
05/20/2016,Yellow Bay Knob @ Flathead Lake BioStation,Nitrogen (Total),TN,246,µg/L - N,,"USGS 03-4174, EPA 353.2",,,Deposition-Wet,1115,Bucket in on 12 V 16@ 0900hrs.Heavy rain yesterday and overnight but mostly dry over the collection period with some high winds. Light of organics in the sample; filtered through 500um mesh.;;;
05/20/2016,Yellow Bay Knob @ Flathead Lake BioStation,Phosphorus (Total),TP,9.1,µg/L - P,,"USGS 03-4174, EPA 365.2",,,Deposition-Wet,1115,Bucket in on 12 V 16@ 0900hrs.Heavy rain yesterday and overnight but mostly dry over the collection period with some high winds. Light of organics in the sample; filtered through 500um mesh.;;;
05/20/2016,Yellow Bay Knob @ Flathead Lake BioStation,Phosphorus (Total),TP,284,µg/L - P,,"USGS 03-4174, EPA 365.2",,,Deposition-Dry,827.4,"Bucket in on 12 V 16 @ 0900 hours. Heavy rain yesterday and overnight but mostly dry over the collection period with some high winds. Lots of organcis in the sample; 3 wasps and lots of pollen, filtered through 500um mesh.;;;"
05/25/2016,Yellow Bay Knob @ Flathead Lake BioStation,Nitrogen (Total),TN,100,µg/L - N,R,"USGS 03-4174, EPA 353.2",,,Deposition-Dry,2144.1,Bucket in on 20V16@1530 hrs. Heavy rain 3 of the last 5 days; high winds cold temp's (40's)F some burning in the valley. Mod. Organics; no visible pollen; filtered through 500 um mesh.;;;
05/25/2016,Yellow Bay Knob @ Flathead Lake BioStation,Nitrogen (Total),TN,91.4,µg/L - N,R,"USGS 03-4174, EPA 353.2",,,Deposition-Wet,1543.8,Bucket in on 20V16@1530 hrs. Heavy rain 3 of the last 5 days; high winds cold temp's (40's)F some burning in the valley. Mod. Organics; no visible pollen; filtered through 500 um mesh.;;;
05/25/2016,Yellow Bay Knob @ Flathead Lake BioStation,Phosphorus (Total),TP,4.1,µg/L - P,,"USGS 03-4174, EPA 365.2",,,Deposition-Wet,1543.8,Bucket in on 20V16@1530 hrs. Heavy rain 3 of the last 5 days; high winds cold temp's (40's)F some burning in the valley. Mod. Organics; no visible pollen; filtered through 500 um mesh.;;;
05/25/2016,Yellow Bay Knob @ Flathead Lake BioStation,Phosphorus (Total),TP,9,µg/L - P,,"USGS 03-4174, EPA 365.2",,,Deposition-Dry,2144.1,Bucket in on 20V16@1530 hrs. Heavy rain 3 of the last 5 days; high winds cold temp's (40's)F some burning in the valley. Mod. Organics; no visible pollen; filtered through 500 um mesh.;;;
06/01/2016,Yellow Bay Knob @ Flathead Lake BioStation,Nitrogen (Total),TN,359,µg/L - N,,"USGS 03-4174, EPA 353.2",,,Deposition-Dry,1170.2,Bucket in on 25V16 @1520hrs. Rain showers 3 days ago with high winds; moderate winds with warmer weather for most of the collection period. Mod. Organics in the sample; filtered through 500 um mesh.;;;
06/01/2016,Yellow Bay Knob @ Flathead Lake BioStation,Phosphorus (Total),TP,39,µg/L - P,,"USGS 03-4174, EPA 365.2",,,Deposition-Dry,1170.2,Bucket in on 25V16 @1520hrs. Rain showers 3 days ago with high winds; moderate winds with warmer weather for most of the collection period. Mod. Organics in the sample; filtered through 500 um mesh.;;;
06/09/2016,Yellow Bay Knob @ Flathead Lake BioStation,Nitrogen (Total),TN,572,µg/L - N,,"USGS 03-4174, EPA 353.2",,,Deposition-Dry,938.1,Bucket in on 01VI16@1445hrs. Hot and sunny; low to moderate winds; some thunder and lightning storms bringing trace rain; lots of pollen in the air and on the lake. Very heavy organics with polle and 3 Dipterans; filt. Through 500 um mesh.;;;
06/09/2016,Yellow Bay Knob @ Flathead Lake BioStation,Phosphorus (Total),TP,101,µg/L - P,,"USGS 03-4174, EPA 365.2",,,Deposition-Dry,938.1,Bucket in on 01VI16@1445hrs. Hot and sunny; low to moderate winds; some thunder and lightning storms bringing trace rain; lots of pollen in the air and on the lake. Very heavy organics with polle and 3 Dipterans; filt. Through 500 um mesh.;;;
06/17/2016,Yellow Bay Knob @ Flathead Lake BioStation,Nitrogen (Total),TN,992,µg/L - N,,"USGS 03-4174, EPA 353.2",,,Deposition-Dry,1086.7,Bucket in on 09VI16 @ 1436hrs. Heavy rain at times; cooler temps with high winds; overcast to sunny today. Heavey organics in the sample with Dipteran flies and Chrironomids; Filt. Thru. 500 um.;;;
06/17/2016,Yellow Bay Knob @ Flathead Lake BioStation,Nitrogen (Total),TN,324,µg/L - N,,"USGS 03-4174, EPA 353.2",,,Deposition-Wet,2019.9,Bucket in on 25V16 @  1520hrs. Trace rain until this week; high winds; cooler temperatures to warm and sunny with high temps. at times. Moderate organics in the sample with a wasp; Filt. Thru. 500 um.;;;
06/17/2016,Yellow Bay Knob @ Flathead Lake BioStation,Phosphorus (Total),TP,14.5,µg/L - P,,"USGS 03-4174, EPA 365.2",,,Deposition-Wet,2019.9,Bucket in on 25V16 @  1520hrs. Trace rain until this week; high winds; cooler temperatures to warm and sunny with high temps. at times. Moderate organics in the sample with a wasp; Filt. Thru. 500 um.;;;
06/17/2016,Yellow Bay Knob @ Flathead Lake BioStation,Phosphorus (Total),TP,156,µg/L - P,,"USGS 03-4174, EPA 365.2",,,Deposition-Dry,1086.7,Bucket in on 09VI16 @ 1436hrs. Heavy rain at times; cooler temps with high winds; overcast to sunny today. Heavey organics in the sample with Dipteran flies and Chrironomids; Filt. Thru. 500 um.;;;
06/22/2016,Yellow Bay Knob @ Flathead Lake BioStation,Nitrogen (Total),TN,231,µg/L - N,,"USGS 03-4174, EPA 353.2",,,Deposition-Dry,1059.3,Bucket in on 17 VI 16 @ 1525hrs. Trace rain; sunny and warm for most of the collection period; mod. to high winds at times. Heavy organics in the sample; some midges; filt. through 500 um mesh.;;;
06/22/2016,Yellow Bay Knob @ Flathead Lake BioStation,Phosphorus (Total),TP,28.3,µg/L - P,,"USGS 03-4174, EPA 365.2",,,Deposition-Dry,1059.3,Bucket in on 17 VI 16 @ 1525hrs. Trace rain; sunny and warm for most of the collection period; mod. to high winds at times. Heavy organics in the sample; some midges; filt. through 500 um mesh.;;;
06/30/2016,Yellow Bay Knob @ Flathead Lake BioStation,Nitrogen (Total),TN,,µg/L - N,,"USGS 03-4174, EPA 353.2",,,Deposition-Dry,657,"Bucket in 17VI16 @ 1525 hours. Lots of fine organics in sample and 2 flies, filtered through 500um mesh. Hot, sunny with intense thunderstorm 2 nights ago.;;;"
06/30/2016,Yellow Bay Knob @ Flathead Lake BioStation,Nitrogen (Total),TN,471,µg/L - N,,"USGS 03-4174, EPA 353.2",,,Deposition-Wet,654.5,"Bucket in 17VI16 @ 1520 hours.Few fine organics in sample, filtered through 500um mesh. Hot, sunny with intense thunderstorm 2 nights ago.;;;"
06/30/2016,Yellow Bay Knob @ Flathead Lake BioStation,Phosphorus (Total),TP,7.3,µg/L - P,,"USGS 03-4174, EPA 365.2",,,Deposition-Wet,654.5,"Bucket in 17VI16 @ 1520 hours.Few fine organics in sample, filtered through 500um mesh. Hot, sunny with intense thunderstorm 2 nights ago.;;;"
06/30/2016,Yellow Bay Knob @ Flathead Lake BioStation,Phosphorus (Total),TP,,µg/L - P,,"USGS 03-4174, EPA 365.2",,,Deposition-Dry,657,"Bucket in 17VI16 @ 1525 hours. Lots of fine organics in sample and 2 flies, filtered through 500um mesh. Hot, sunny with intense thunderstorm 2 nights ago.;;;"
07/08/2016,Yellow Bay Knob @ Flathead Lake BioStation,Nitrogen (Total),TN,863,µg/L - N,,"USGS 03-4174, EPA 353.2",,,Deposition-Dry,453.2,Bucket in on 30VI16 @ 0930hrs. Sunny to overcast this past week; trace rain witjh high winds and thunderstorms; Heavy organics and 4 beetles and a wasp. Filt. Through 500 um mesh;;;
07/08/2016,Yellow Bay Knob @ Flathead Lake BioStation,Phosphorus (Total),TP,104,µg/L - P,,"USGS 03-4174, EPA 365.2",,,Deposition-Dry,453.2,Bucket in on 30VI16 @ 0930hrs. Sunny to overcast this past week; trace rain witjh high winds and thunderstorms; Heavy organics and 4 beetles and a wasp. Filt. Through 500 um mesh;;;
07/13/2016,Yellow Bay Knob @ Flathead Lake BioStation,Nitrogen (Total),TN,102,µg/L - N,,"USGS 03-4174, EPA 353.2",,,Deposition-Dry,1428.5,"Bucket in on 7/8/2016; mostly cloudy with light winds, heavy rain over the last few days.  Very light organics in the sample; 4 small flies and 2 reg sized flies.  Filtered through 500micron net.;;;"
07/13/2016,Yellow Bay Knob @ Flathead Lake BioStation,Nitrogen (Total),TN,158,µg/L - N,,"USGS 03-4174, EPA 353.2",,,Deposition-Wet,3825.4,"Bucket in on 7/8/2016; mostly cloudy with light winds, heavy rain over the last few days.  Very light organics in the sample; 2 gnats and 2 particles of debris.  Filtered through 500micron net.;;;"
07/13/2016,Yellow Bay Knob @ Flathead Lake BioStation,Phosphorus (Total),TP,3.8,µg/L - P,,"USGS 03-4174, EPA 365.2",,,Deposition-Wet,3825.4,"Bucket in on 7/8/2016; mostly cloudy with light winds, heavy rain over the last few days.  Very light organics in the sample; 2 gnats and 2 particles of debris.  Filtered through 500micron net.;;;"
07/13/2016,Yellow Bay Knob @ Flathead Lake BioStation,Phosphorus (Total),TP,10.6,µg/L - P,,"USGS 03-4174, EPA 365.2",,,Deposition-Dry,1428.5,"Bucket in on 7/8/2016; mostly cloudy with light winds, heavy rain over the last few days.  Very light organics in the sample; 4 small flies and 2 reg sized flies.  Filtered through 500micron net.;;;"
07/21/2016,Yellow Bay Knob @ Flathead Lake BioStation,Nitrogen (Total),TN,335,µg/L - N,,"USGS 03-4174, EPA 353.2",,,Deposition-Dry,475.75,"Heavy organics; 1 bee, 4 small flies, 1 pine needle and misc debris specks;;;"
07/21/2016,Yellow Bay Knob @ Flathead Lake BioStation,Phosphorus (Total),TP,33.6,µg/L - P,,"USGS 03-4174, EPA 365.2",,,Deposition-Dry,475.75,"Heavy organics; 1 bee, 4 small flies, 1 pine needle and misc debris specks;;;"
07/28/2016,Yellow Bay Knob @ Flathead Lake BioStation,Nitrogen (Total),TN,222,µg/L - N,,"USGS 03-4174, EPA 353.2",,,Deposition-Dry,1386.16,"Bucket in: 21VII16; Heavy organics, 1 large fly, 2 gnats, 1 pine needle, filtered through 500um mesh;;;"
07/28/2016,Yellow Bay Knob @ Flathead Lake BioStation,Phosphorus (Total),TP,19.4,µg/L - P,,"USGS 03-4174, EPA 365.2",,,Deposition-Dry,1386.16,"Bucket in: 21VII16; Heavy organics, 1 large fly, 2 gnats, 1 pine needle, filtered through 500um mesh;;;"
08/04/2016,Yellow Bay Knob @ Flathead Lake BioStation,Nitrogen (Total),TN,280,µg/L - N,,"USGS 03-4174, EPA 353.2",,,Deposition-Dry,1079.9,
08/04/2016,Yellow Bay Knob @ Flathead Lake BioStation,Phosphorus (Total),TP,35.8,µg/L - P,,"USGS 03-4174, EPA 365.2",,,Deposition-Dry,1079.9,
08/12/2016,Yellow Bay Knob @ Flathead Lake BioStation,Nitrogen (Total),TN,202,µg/L - N,,"USGS 03-4174, EPA 353.2",,,Deposition-Dry,1587.89,
08/12/2016,Yellow Bay Knob @ Flathead Lake BioStation,Nitrogen (Total),TN,355,µg/L - N,,"USGS 03-4174, EPA 353.2",,,Deposition-Wet,979.91,
08/12/2016,Yellow Bay Knob @ Flathead Lake BioStation,Phosphorus (Total),TP,3.3,µg/L - P,,"USGS 03-4174, EPA 365.2",,,Deposition-Wet,979.91,
08/12/2016,Yellow Bay Knob @ Flathead Lake BioStation,Phosphorus (Total),TP,40,µg/L - P,,"USGS 03-4174, EPA 365.2",,,Deposition-Dry,1587.89,
08/18/2016,Yellow Bay Knob @ Flathead Lake BioStation,Nitrogen (Total),TN,104,µg/L - N,,"USGS 03-4174, EPA 353.2",,,Deposition-Dry,1550.21,
08/18/2016,Yellow Bay Knob @ Flathead Lake BioStation,Phosphorus (Total),TP,24.2,µg/L - P,,"USGS 03-4174, EPA 365.2",,,Deposition-Dry,1550.21,
08/26/2016,Yellow Bay Knob @ Flathead Lake BioStation,Nitrogen (Total),TN,209,µg/L - N,,"USGS 03-4174, EPA 353.2",,,Deposition-Dry,1022.85,light smokey haze from lakeside and thompson falls fires - adding TOC to the test;;;
08/26/2016,Yellow Bay Knob @ Flathead Lake BioStation,Phosphorus (Total),TP,87.8,µg/L - P,,"USGS 03-4174, EPA 365.2",,,Deposition-Dry,1022.85,light smokey haze from lakeside and thompson falls fires - adding TOC to the test;;;
09/02/2016,Yellow Bay Knob @ Flathead Lake BioStation,Nitrogen (Total),TN,1150,µg/L - N,,"USGS 03-4174, EPA 353.2",,,Deposition-Dry,606.46,"smoke in the air from local fires, adding TOC to samples as a result;;;"
09/02/2016,Yellow Bay Knob @ Flathead Lake BioStation,Phosphorus (Total),TP,260,µg/L - P,,"USGS 03-4174, EPA 365.2",,,Deposition-Dry,606.46,"smoke in the air from local fires, adding TOC to samples as a result;;;"
09/09/2016,Yellow Bay Knob @ Flathead Lake BioStation,Nitrogen (Total),TN,251,µg/L - N,,"USGS 03-4174, EPA 353.2",,,Deposition-Dry,1562.52,
09/09/2016,Yellow Bay Knob @ Flathead Lake BioStation,Nitrogen (Total),TN,559,µg/L - N,,"USGS 03-4174, EPA 353.2",,,Deposition-Wet,570.18,
09/09/2016,Yellow Bay Knob @ Flathead Lake BioStation,Phosphorus (Total),TP,10.2,µg/L - P,,"USGS 03-4174, EPA 365.2",,,Deposition-Wet,570.18,
09/09/2016,Yellow Bay Knob @ Flathead Lake BioStation,Phosphorus (Total),TP,151,µg/L - P,,"USGS 03-4174, EPA 365.2",,,Deposition-Dry,1562.52,
09/16/2016,Yellow Bay Knob @ Flathead Lake BioStation,Nitrogen (Total),TN,193,µg/L - N,,"USGS 03-4174, EPA 353.2",,,Deposition-Wet,209.02,"Very small volume of sample collected, may not be able to run pH;;;"
09/16/2016,Yellow Bay Knob @ Flathead Lake BioStation,Nitrogen (Total),TN,135,µg/L - N,,"USGS 03-4174, EPA 353.2",,,Deposition-Dry,1040.51,
09/16/2016,Yellow Bay Knob @ Flathead Lake BioStation,Phosphorus (Total),TP,11.9,µg/L - P,,"USGS 03-4174, EPA 365.2",,,Deposition-Dry,1040.51,
09/16/2016,Yellow Bay Knob @ Flathead Lake BioStation,Phosphorus (Total),TP,3.6,µg/L - P,,"USGS 03-4174, EPA 365.2",,,Deposition-Wet,209.02,"Very small volume of sample collected, may not be able to run pH;;;"
09/23/2016,Yellow Bay Knob @ Flathead Lake BioStation,Nitrogen (Total),TN,110,µg/L - N,,"USGS 03-4174, EPA 353.2",,,Deposition-Dry,1208.37,
09/23/2016,Yellow Bay Knob @ Flathead Lake BioStation,Nitrogen (Total),TN,118,µg/L - N,,"USGS 03-4174, EPA 353.2",,,Deposition-Wet,452.11,
09/23/2016,Yellow Bay Knob @ Flathead Lake BioStation,Phosphorus (Total),TP,3.8,µg/L - P,,"USGS 03-4174, EPA 365.2",,,Deposition-Wet,452.11,
09/23/2016,Yellow Bay Knob @ Flathead Lake BioStation,Phosphorus (Total),TP,13,µg/L - P,,"USGS 03-4174, EPA 365.2",,,Deposition-Dry,1208.37,
09/28/2016,Yellow Bay Knob @ Flathead Lake BioStation,Nitrogen (Total),TN,79,µg/L - N,,"USGS 03-4174, EPA 353.2",,,Deposition-Dry,1436,"Bucket in 9/23/16 @ 0900 hours. Warm and breezy last week.  ~12 gnats and 1 bumble bee in sample, filtered through 500um mesh.;;;"
09/28/2016,Yellow Bay Knob @ Flathead Lake BioStation,Phosphorus (Total),TP,10.3,µg/L - P,,"USGS 03-4174, EPA 365.2",,,Deposition-Dry,1436,"Bucket in 9/23/16 @ 0900 hours. Warm and breezy last week.  ~12 gnats and 1 bumble bee in sample, filtered through 500um mesh.;;;"
10/07/2016,Yellow Bay Knob @ Flathead Lake BioStation,Nitrogen (Total),TN,242,µg/L - N,,"USGS 03-4174, EPA 353.2",,,Deposition-Dry,1521.8,
10/07/2016,Yellow Bay Knob @ Flathead Lake BioStation,Nitrogen (Total),TN,540,µg/L - N,,"USGS 03-4174, EPA 353.2",,,Deposition-Wet,748.07,
10/07/2016,Yellow Bay Knob @ Flathead Lake BioStation,Phosphorus (Total),TP,5.5,µg/L - P,,"USGS 03-4174, EPA 365.2",,,Deposition-Wet,748.07,
10/07/2016,Yellow Bay Knob @ Flathead Lake BioStation,Phosphorus (Total),TP,19.1,µg/L - P,,"USGS 03-4174, EPA 365.2",,,Deposition-Dry,1521.8,
10/11/2016,Yellow Bay Knob @ Flathead Lake BioStation,Nitrogen (Total),TN,66.3,µg/L - N,,"USGS 03-4174, EPA 353.2",,,Deposition-Dry,2113.86,
10/11/2016,Yellow Bay Knob @ Flathead Lake BioStation,Nitrogen (Total),TN,55.8,µg/L - N,,"USGS 03-4174, EPA 353.2",,,Deposition-Wet,3663.89,
10/11/2016,Yellow Bay Knob @ Flathead Lake BioStation,Phosphorus (Total),TP,< 1.5,µg/L - P,,"USGS 03-4174, EPA 365.2",,,Deposition-Wet,3663.89,
10/11/2016,Yellow Bay Knob @ Flathead Lake BioStation,Phosphorus (Total),TP,2.6,µg/L - P,,"USGS 03-4174, EPA 365.2",,,Deposition-Dry,2113.86,
10/21/2016,Yellow Bay Knob @ Flathead Lake BioStation,Nitrogen (Total),TN,113,µg/L - N,,"USGS 03-4174, EPA 353.2",,,Deposition-Dry,1916.65,
10/21/2016,Yellow Bay Knob @ Flathead Lake BioStation,Nitrogen (Total),TN,99.4,µg/L - N,,"USGS 03-4174, EPA 353.2",,,Deposition-Wet,1274.95,
10/21/2016,Yellow Bay Knob @ Flathead Lake BioStation,Phosphorus (Total),TP,6.4,µg/L - P,,"USGS 03-4174, EPA 365.2",,,Deposition-Wet,1274.95,
10/21/2016,Yellow Bay Knob @ Flathead Lake BioStation,Phosphorus (Total),TP,< 1.5,µg/L - P,,"USGS 03-4174, EPA 365.2",,,Deposition-Dry,1916.65,
10/28/2016,Yellow Bay Knob @ Flathead Lake BioStation,Nitrogen (Total),TN,223,µg/L - N,,"USGS 03-4174, EPA 353.2",,,Deposition-Wet,1596.58,
10/28/2016,Yellow Bay Knob @ Flathead Lake BioStation,Nitrogen (Total),TN,218,µg/L - N,,"USGS 03-4174, EPA 353.2",,,Deposition-Dry,1603.23,
10/28/2016,Yellow Bay Knob @ Flathead Lake BioStation,Phosphorus (Total),TP,5.1,µg/L - P,,"USGS 03-4174, EPA 365.2",,,Deposition-Dry,1603.23,
10/28/2016,Yellow Bay Knob @ Flathead Lake BioStation,Phosphorus (Total),TP,2.5,µg/L - P,,"USGS 03-4174, EPA 365.2",,,Deposition-Wet,1596.58,
11/03/2016,Yellow Bay Knob @ Flathead Lake BioStation,Nitrogen (Total),TN,58.6,µg/L - N,R,"USGS 03-4174, EPA 353.2",,,Deposition-Dry,1263.08,
11/03/2016,Yellow Bay Knob @ Flathead Lake BioStation,Nitrogen (Total),TN,76.6,µg/L - N,R,"USGS 03-4174, EPA 353.2",,,Deposition-Wet,1040.73,
11/03/2016,Yellow Bay Knob @ Flathead Lake BioStation,Phosphorus (Total),TP,< 1.5,µg/L - P,,"USGS 03-4174, EPA 365.2",,,Deposition-Wet,1040.73,
11/03/2016,Yellow Bay Knob @ Flathead Lake BioStation,Phosphorus (Total),TP,1.6,µg/L - P,,"USGS 03-4174, EPA 365.2",,,Deposition-Dry,1263.08,
11/10/2016,Yellow Bay Knob @ Flathead Lake BioStation,Nitrogen (Total),TN,39.8,µg/L - N,R,"USGS 03-4174, EPA 353.2",,,Deposition-Dry,1285.78,
11/10/2016,Yellow Bay Knob @ Flathead Lake BioStation,Phosphorus (Total),TP,< 1.5,µg/L - P,,"USGS 03-4174, EPA 365.2",,,Deposition-Dry,1285.78,
11/16/2016,Yellow Bay Knob @ Flathead Lake BioStation,Nitrogen (Total),TN,64.2,µg/L - N,,"USGS 03-4174, EPA 353.2",,,Deposition-Dry,1317.03,
11/16/2016,Yellow Bay Knob @ Flathead Lake BioStation,Nitrogen (Total),TN,69,µg/L - N,,"USGS 03-4174, EPA 353.2",,,Deposition-Wet,445.34,small volume collected;;;
11/16/2016,Yellow Bay Knob @ Flathead Lake BioStation,Phosphorus (Total),TP,2.4,µg/L - P,,"USGS 03-4174, EPA 365.2",,,Deposition-Wet,445.34,small volume collected;;;
11/16/2016,Yellow Bay Knob @ Flathead Lake BioStation,Phosphorus (Total),TP,2.7,µg/L - P,,"USGS 03-4174, EPA 365.2",,,Deposition-Dry,1317.03,
12/01/2016,Yellow Bay Knob @ Flathead Lake BioStation,Nitrogen (Total),TN,204,µg/L - N,,"USGS 03-4174, EPA 353.2",,,Deposition-Dry,1229.27,
12/01/2016,Yellow Bay Knob @ Flathead Lake BioStation,Nitrogen (Total),TN,257,µg/L - N,,"USGS 03-4174, EPA 353.2",,,Deposition-Wet,789.64,
12/01/2016,Yellow Bay Knob @ Flathead Lake BioStation,Phosphorus (Total),TP,2.7,µg/L - P,,"USGS 03-4174, EPA 365.2",,,Deposition-Wet,789.64,
12/01/2016,Yellow Bay Knob @ Flathead Lake BioStation,Phosphorus (Total),TP,3.7,µg/L - P,,"USGS 03-4174, EPA 365.2",,,Deposition-Dry,1229.27,
12/09/2016,Yellow Bay Knob @ Flathead Lake BioStation,Nitrogen (Total),TN,111,µg/L - N,,"USGS 03-4174, EPA 353.2",,,Deposition-Dry,919.61,
12/09/2016,Yellow Bay Knob @ Flathead Lake BioStation,Phosphorus (Total),TP,4.6,µg/L - P,,"USGS 03-4174, EPA 365.2",,,Deposition-Dry,919.61,
12/16/2016,Yellow Bay Knob @ Flathead Lake BioStation,Nitrogen (Total),TN,91,µg/L - N,,"USGS 03-4174, EPA 353.2",,,Deposition-Dry,1968.2,"Bucket in on 07XII16 @ 1100hrs. Snow on and off; heaviest on 15XII16. Bitter cold at times 20-10 with - temps @ times. Light to no organics; snow in sample, frozen and allowed to thaw overweekend in the fridge; filt through 500 um.;;;"
12/16/2016,Yellow Bay Knob @ Flathead Lake BioStation,Nitrogen (Total),TN,218,µg/L - N,,"USGS 03-4174, EPA 353.2",,,Deposition-Wet,662.3,"Bucket in on 07XII16 @ 1100hrs. Snow on and off; heaviest on 15XII16. Bitter cold at times 20-10 with - temps @ times. Light to no organics; snow in sample, frozen and allowed to thaw overweekend in the fridge; filt through 500 um.;;;"
12/16/2016,Yellow Bay Knob @ Flathead Lake BioStation,Phosphorus (Total),TP,4.6,µg/L - P,,"USGS 03-4174, EPA 365.2",,,Deposition-Wet,662.3,"Bucket in on 07XII16 @ 1100hrs. Snow on and off; heaviest on 15XII16. Bitter cold at times 20-10 with - temps @ times. Light to no organics; snow in sample, frozen and allowed to thaw overweekend in the fridge; filt through 500 um.;;;"
12/16/2016,Yellow Bay Knob @ Flathead Lake BioStation,Phosphorus (Total),TP,< 1.5,µg/L - P,,"USGS 03-4174, EPA 365.2",,,Deposition-Dry,1968.2,"Bucket in on 07XII16 @ 1100hrs. Snow on and off; heaviest on 15XII16. Bitter cold at times 20-10 with - temps @ times. Light to no organics; snow in sample, frozen and allowed to thaw overweekend in the fridge; filt through 500 um.;;;"
12/22/2016,Yellow Bay Knob @ Flathead Lake BioStation,Nitrogen (Total),TN,62.1,µg/L - N,,"USGS 03-4174, EPA 353.2",,,Deposition-Dry,1481.8,Bucket in on 16XII16 @ 0915hrs..Cold temps most of the week (mid-20's) but a few days above freezing w/some light rain. High to moderate winds. Light organics in the sample; thawed; filt. Through 500 um mesh.;;;
12/22/2016,Yellow Bay Knob @ Flathead Lake BioStation,Phosphorus (Total),TP,2.8,µg/L - P,,"USGS 03-4174, EPA 365.2",,,Deposition-Dry,1481.8,Bucket in on 16XII16 @ 0915hrs..Cold temps most of the week (mid-20's) but a few days above freezing w/some light rain. High to moderate winds. Light organics in the sample; thawed; filt. Through 500 um mesh.;;;
12/28/2016,Yellow Bay Knob @ Flathead Lake BioStation,Nitrogen (Total),TN,78.2,µg/L - N,,"USGS 03-4174, EPA 353.2",,,Deposition-Dry,1510,Bucket in on 22XII16@1630hrs. Temps. In the mid-20's snowing heavy at times with high to mod. Winds. Light organics in the sample; filtered through 500 um mesh.;;;
12/28/2016,Yellow Bay Knob @ Flathead Lake BioStation,Nitrogen (Total),TN,311,µg/L - N,,"USGS 03-4174, EPA 353.2",,,Deposition-Wet,809.3,Bucket in on 16XII16@hrs. Temps. In the mid-20's snowing heavy at times with high to mod. Winds. Light organics in the sample; filtered through 500 um mesh.;;;
12/28/2016,Yellow Bay Knob @ Flathead Lake BioStation,Phosphorus (Total),TP,3.1,µg/L - P,,"USGS 03-4174, EPA 365.2",,,Deposition-Wet,809.3,Bucket in on 16XII16@hrs. Temps. In the mid-20's snowing heavy at times with high to mod. Winds. Light organics in the sample; filtered through 500 um mesh.;;;
12/28/2016,Yellow Bay Knob @ Flathead Lake BioStation,Phosphorus (Total),TP,2.5,µg/L - P,,"USGS 03-4174, EPA 365.2",,,Deposition-Dry,1510,Bucket in on 22XII16@1630hrs. Temps. In the mid-20's snowing heavy at times with high to mod. Winds. Light organics in the sample; filtered through 500 um mesh.;;;
01/12/2017,Yellow Bay Knob @ Flathead Lake BioStation,Nitrogen (Total),TN,94.6,µg/L - N,,"USGS 03-4174, EPA 353.2",,,Deposition-Dry,1688.1,Bucket in on 06I17 @ 0800hrs. Bitter cold and snowy; Temps in the - digits; high winds at times; bays are freezing and good inversion.;;;
01/12/2017,Yellow Bay Knob @ Flathead Lake BioStation,Nitrogen (Total),TN,145,µg/L - N,,"USGS 03-4174, EPA 353.2",,,Deposition-Wet,1325.8,Bucket in on 28XII17 @ 1000hrs. Bitter cold and snowy; Temps in the - digits; high winds at times; bays are freezing and good inversion.;;;
01/12/2017,Yellow Bay Knob @ Flathead Lake BioStation,Phosphorus (Total),TP,< 1.5,µg/L - P,,"USGS 03-4174, EPA 365.2",,,Deposition-Wet,1325.8,Bucket in on 28XII17 @ 1000hrs. Bitter cold and snowy; Temps in the - digits; high winds at times; bays are freezing and good inversion.;;;
01/12/2017,Yellow Bay Knob @ Flathead Lake BioStation,Phosphorus (Total),TP,< 1.5,µg/L - P,,"USGS 03-4174, EPA 365.2",,,Deposition-Dry,1688.1,Bucket in on 06I17 @ 0800hrs. Bitter cold and snowy; Temps in the - digits; high winds at times; bays are freezing and good inversion.;;;
01/20/2017,Yellow Bay Knob @ Flathead Lake BioStation,Nitrogen (Total),TN,39.6,µg/L - N,,"USGS 03-4174, EPA 353.2",,,Deposition-Dry,1556.5,Bucket in on 12I17 @ 1630 hrs. Bitter cold last we4ek and into the weekend; warming into 20's anfd then 30's the past three days and freesing at night; light and cariable wind; heavy inversion. No visible organics in the sample; filtered through 500 um.;;;
01/20/2017,Yellow Bay Knob @ Flathead Lake BioStation,Phosphorus (Total),TP,< 1.5,µg/L - P,,"USGS 03-4174, EPA 365.2",,,Deposition-Dry,1556.5,Bucket in on 12I17 @ 1630 hrs. Bitter cold last we4ek and into the weekend; warming into 20's anfd then 30's the past three days and freesing at night; light and cariable wind; heavy inversion. No visible organics in the sample; filtered through 500 um.;;;
01/25/2017,Yellow Bay Knob @ Flathead Lake BioStation,Nitrogen (Total),TN,47.1,µg/L - N,,"USGS 03-4174, EPA 353.2",,,Deposition-Dry,1846.5,Bucket in on 20I17 @ 1600hrs. Temp. in the 10-20's; some light snow showers but mostly dry. Calm wind conditions with a heavy inversion over the lake/valley. No visible organics; filt. Through 500 um mesh; thin layer of ice in the sample.;;;
01/25/2017,Yellow Bay Knob @ Flathead Lake BioStation,Phosphorus (Total),TP,< 1.5,µg/L - P,,"USGS 03-4174, EPA 365.2",,,Deposition-Dry,1846.5,Bucket in on 20I17 @ 1600hrs. Temp. in the 10-20's; some light snow showers but mostly dry. Calm wind conditions with a heavy inversion over the lake/valley. No visible organics; filt. Through 500 um mesh; thin layer of ice in the sample.;;;
02/01/2017,Yellow Bay Knob @ Flathead Lake BioStation,Nitrogen (Total),TN,53.8,µg/L - N,,"USGS 03-4174, EPA 353.2",,,Deposition-Dry,1362.9,"Sample frozen, left out all day to thaw.  Last chunk of ice melted overnight in fridge.  Bucket in 25I17 @ 0530 hrs.  Cold all week, dusting of lake effect snow.;;;"
02/01/2017,Yellow Bay Knob @ Flathead Lake BioStation,Phosphorus (Total),TP,< 1.5,µg/L - P,,"USGS 03-4174, EPA 365.2",,,Deposition-Dry,1362.9,"Sample frozen, left out all day to thaw.  Last chunk of ice melted overnight in fridge.  Bucket in 25I17 @ 0530 hrs.  Cold all week, dusting of lake effect snow.;;;"
02/08/2017,Yellow Bay Knob @ Flathead Lake BioStation,Nitrogen (Total),TN,43.1,µg/L - N,,"USGS 03-4174, EPA 353.2",,,Deposition-Dry,1968.4,"Sample frozen, thawed over night, processed on 09II17. Sample very clean 1 pine needle, filtered through 500um mesh. Rain, snow and wind last week.;;;"
02/08/2017,Yellow Bay Knob @ Flathead Lake BioStation,Nitrogen (Total),TN,160,µg/L - N,,"USGS 03-4174, EPA 353.2",,,Deposition-Wet,1146.9,"Sample frozen, thawed over night, processed on 09II17. Sample very clean no debris, filtered through 500um mesh. Rain, snow and wind last week.;;;"
02/08/2017,Yellow Bay Knob @ Flathead Lake BioStation,Phosphorus (Total),TP,2.4,µg/L - P,,"USGS 03-4174, EPA 365.2",,,Deposition-Wet,1146.9,"Sample frozen, thawed over night, processed on 09II17. Sample very clean no debris, filtered through 500um mesh. Rain, snow and wind last week.;;;"
02/08/2017,Yellow Bay Knob @ Flathead Lake BioStation,Phosphorus (Total),TP,3.6,µg/L - P,,"USGS 03-4174, EPA 365.2",,,Deposition-Dry,1968.4,"Sample frozen, thawed over night, processed on 09II17. Sample very clean 1 pine needle, filtered through 500um mesh. Rain, snow and wind last week.;;;"
02/13/2017,Yellow Bay Knob @ Flathead Lake BioStation,Nitrogen (Total),TN,45.7,µg/L - N,,"USGS 03-4174, EPA 353.2",,,Deposition-Dry,1800.7,"Bucket in 18II17 @ 0930 hours.  Rain on 09,10II17.  Sample frozen, left in cooler overnight to thaw.Light debris in sample, filtered through 500um mesh.;;;"
02/13/2017,Yellow Bay Knob @ Flathead Lake BioStation,Nitrogen (Total),TN,107,µg/L - N,,"USGS 03-4174, EPA 353.2",,,Deposition-Wet,749.2,"Bucket in 18II17 @ 0930 hours.  Rain on 09,10II17.   Sample frozen, left in cooler overnight to thaw. No debris in sample, filtered through 500um mesh.;;;"
02/13/2017,Yellow Bay Knob @ Flathead Lake BioStation,Phosphorus (Total),TP,< 1.5,µg/L - P,,"USGS 03-4174, EPA 365.2",,,Deposition-Wet,749.2,"Bucket in 18II17 @ 0930 hours.  Rain on 09,10II17.   Sample frozen, left in cooler overnight to thaw. No debris in sample, filtered through 500um mesh.;;;"
02/13/2017,Yellow Bay Knob @ Flathead Lake BioStation,Phosphorus (Total),TP,< 1.5,µg/L - P,,"USGS 03-4174, EPA 365.2",,,Deposition-Dry,1800.7,"Bucket in 18II17 @ 0930 hours.  Rain on 09,10II17.  Sample frozen, left in cooler overnight to thaw.Light debris in sample, filtered through 500um mesh.;;;"
02/24/2017,Yellow Bay Knob @ Flathead Lake BioStation,Nitrogen (Total),TN,80.8,µg/L - N,,"USGS 03-4174, EPA 353.2",,,Deposition-Dry,1410.5,"Bucket in 13II17 @ 1030 hours. Mostly mild and sunny all week.  Snow and rain 2 days ago.  Cover stuck over dry bucket.  Sample not frozen and clean, filtered through 500um mesh.;;;"
02/24/2017,Yellow Bay Knob @ Flathead Lake BioStation,Nitrogen (Total),TN,90.8,µg/L - N,,"USGS 03-4174, EPA 353.2",,,Deposition-Wet,969.9,"Bucket in 13II17 @ 1030 hours. Mostly mild and sunny all week.  Snow and rain 2 days ago.  Cover stuck over dry bucket.  Samplefrozen and clean, left on counter to run today,  filtered through 500um mesh;;;"
02/24/2017,Yellow Bay Knob @ Flathead Lake BioStation,Phosphorus (Total),TP,< 1.5,µg/L - P,,"USGS 03-4174, EPA 365.2",,,Deposition-Wet,969.9,"Bucket in 13II17 @ 1030 hours. Mostly mild and sunny all week.  Snow and rain 2 days ago.  Cover stuck over dry bucket.  Samplefrozen and clean, left on counter to run today,  filtered through 500um mesh;;;"
02/24/2017,Yellow Bay Knob @ Flathead Lake BioStation,Phosphorus (Total),TP,< 1.5,µg/L - P,,"USGS 03-4174, EPA 365.2",,,Deposition-Dry,1410.5,"Bucket in 13II17 @ 1030 hours. Mostly mild and sunny all week.  Snow and rain 2 days ago.  Cover stuck over dry bucket.  Sample not frozen and clean, filtered through 500um mesh.;;;"
03/02/2017,Yellow Bay Knob @ Flathead Lake BioStation,Nitrogen (Total),TN,122,µg/L - N,,"USGS 03-4174, EPA 353.2",,,Deposition-Dry,1457.1,"Bucket in 24II17 @ 0800 hours.  Sample very clean, filtered through 500um mesh.  Light snow last few days and mild (~30F).  Not enough precip for WET sample.;;;"
03/02/2017,Yellow Bay Knob @ Flathead Lake BioStation,Phosphorus (Total),TP,1.6,µg/L - P,,"USGS 03-4174, EPA 365.2",,,Deposition-Dry,1457.1,"Bucket in 24II17 @ 0800 hours.  Sample very clean, filtered through 500um mesh.  Light snow last few days and mild (~30F).  Not enough precip for WET sample.;;;"
03/07/2017,Yellow Bay Knob @ Flathead Lake BioStation,Nitrogen (Total),TN,54.6,µg/L - N,,"USGS 03-4174, EPA 353.2",,,Deposition-Dry,1496.1,"Bucket in 02III17 @ 0800 hours.  Sample with very little debris, filtered through 500um mesh.  Cool (20-35F) with scattered rain and snow for last week.;;;"
03/07/2017,Yellow Bay Knob @ Flathead Lake BioStation,Nitrogen (Total),TN,83.2,µg/L - N,,"USGS 03-4174, EPA 353.2",,,Deposition-Wet,1564.1,"Bucket in 24II17 @ 0800 hours.  Sample very clean, filtered through 500um mesh.  Cool (20-35F) with scattered rain and snow for last 2 weeks.;;;"
03/07/2017,Yellow Bay Knob @ Flathead Lake BioStation,Phosphorus (Total),TP,< 1.5,µg/L - P,,"USGS 03-4174, EPA 365.2",,,Deposition-Wet,1564.1,"Bucket in 24II17 @ 0800 hours.  Sample very clean, filtered through 500um mesh.  Cool (20-35F) with scattered rain and snow for last 2 weeks.;;;"
03/07/2017,Yellow Bay Knob @ Flathead Lake BioStation,Phosphorus (Total),TP,< 1.5,µg/L - P,,"USGS 03-4174, EPA 365.2",,,Deposition-Dry,1496.1,"Bucket in 02III17 @ 0800 hours.  Sample with very little debris, filtered through 500um mesh.  Cool (20-35F) with scattered rain and snow for last week.;;;"
03/13/2017,Yellow Bay Knob @ Flathead Lake BioStation,Nitrogen (Total),TN,39.9,µg/L - N,,"USGS 03-4174, EPA 353.2",,,Deposition-Dry,1407.4,Bucket in on 07III17 @ 0800hrs.; Some snow and rain this past week; overall it;'s warming up in the valley and high winds at times. Little to no organics; filt. Through 500 um mesh.;;;
03/13/2017,Yellow Bay Knob @ Flathead Lake BioStation,Nitrogen (Total),TN,160,µg/L - N,,"USGS 03-4174, EPA 353.2",,,Deposition-Wet,892.7,Bucket in on 07III17 @ 0800hrs.; Some snow and rain this past week; overall it;'s warming up in the valley and high winds at times. Light organics; filt. Through 500 um mesh.;;;
03/13/2017,Yellow Bay Knob @ Flathead Lake BioStation,Phosphorus (Total),TP,6.6,µg/L - P,,"USGS 03-4174, EPA 365.2",,,Deposition-Wet,892.7,Bucket in on 07III17 @ 0800hrs.; Some snow and rain this past week; overall it;'s warming up in the valley and high winds at times. Light organics; filt. Through 500 um mesh.;;;
03/13/2017,Yellow Bay Knob @ Flathead Lake BioStation,Phosphorus (Total),TP,1.8,µg/L - P,,"USGS 03-4174, EPA 365.2",,,Deposition-Dry,1407.4,Bucket in on 07III17 @ 0800hrs.; Some snow and rain this past week; overall it;'s warming up in the valley and high winds at times. Little to no organics; filt. Through 500 um mesh.;;;
03/21/2017,Yellow Bay Knob @ Flathead Lake BioStation,Nitrogen (Total),TN,73.1,µg/L - N,,"USGS 03-4174, EPA 353.2",,,Deposition-Dry,1809.4,Bucket in on 13III17 at 1500hrs. Heavy rains at times this past week; with high wind; lows near freezing with highs well above freezing. Light organics in the sample; filt. Through 500 um mesh.;;;
03/21/2017,Yellow Bay Knob @ Flathead Lake BioStation,Nitrogen (Total),TN,72.6,µg/L - N,,"USGS 03-4174, EPA 353.2",,,Deposition-Wet,2165.9,Bucket in on 13III17 at 1500hrs. Heavy rains at times this past week; with high wind; lows near freezing with highs well above freezing. No visible organics in the sample; filt. Through 500 um mesh.;;;
03/21/2017,Yellow Bay Knob @ Flathead Lake BioStation,Phosphorus (Total),TP,< 1.5,µg/L - P,,"USGS 03-4174, EPA 365.2",,,Deposition-Wet,2165.9,Bucket in on 13III17 at 1500hrs. Heavy rains at times this past week; with high wind; lows near freezing with highs well above freezing. No visible organics in the sample; filt. Through 500 um mesh.;;;
03/21/2017,Yellow Bay Knob @ Flathead Lake BioStation,Phosphorus (Total),TP,2.3,µg/L - P,,"USGS 03-4174, EPA 365.2",,,Deposition-Dry,1809.4,Bucket in on 13III17 at 1500hrs. Heavy rains at times this past week; with high wind; lows near freezing with highs well above freezing. Light organics in the sample; filt. Through 500 um mesh.;;;
03/28/2017,Yellow Bay Knob @ Flathead Lake BioStation,Nitrogen (Total),TN,190,µg/L - N,,"USGS 03-4174, EPA 353.2",,,Deposition-Dry,1538.6,Bucket in on 21III17@15:45hrs. Rain at times; with a few days of warm sunny weather this past week. High winds at times. Moderate organics in the sample; Filt. Through 500 um mesh.;;;
03/28/2017,Yellow Bay Knob @ Flathead Lake BioStation,Nitrogen (Total),TN,184,µg/L - N,,"USGS 03-4174, EPA 353.2",,,Deposition-Wet,1475,Bucket in on 21III17@15:45hrs. Rain at times; with a few days of warm sunny weather this past week. High winds at times. Moderate organics in the sample; Filt. through 500 um mesh.;;;
03/28/2017,Yellow Bay Knob @ Flathead Lake BioStation,Phosphorus (Total),TP,3,µg/L - P,,"USGS 03-4174, EPA 365.2",,,Deposition-Wet,1475,Bucket in on 21III17@15:45hrs. Rain at times; with a few days of warm sunny weather this past week. High winds at times. Moderate organics in the sample; Filt. through 500 um mesh.;;;
03/28/2017,Yellow Bay Knob @ Flathead Lake BioStation,Phosphorus (Total),TP,4.2,µg/L - P,,"USGS 03-4174, EPA 365.2",,,Deposition-Dry,1538.6,Bucket in on 21III17@15:45hrs. Rain at times; with a few days of warm sunny weather this past week. High winds at times. Moderate organics in the sample; Filt. Through 500 um mesh.;;;
04/04/2017,Yellow Bay Knob @ Flathead Lake BioStation,Nitrogen (Total),TN,98.7,µg/L - N,,"USGS 03-4174, EPA 353.2",,,Deposition-Dry,1410,Bucket in on 28III17@1200hrs. Day in the 40-50's with some nights below freezing. Some rain and snow with high winds at times. Overcast to sunny. Mod organics in the sample; filtered through 500 um mesh;;;
04/04/2017,Yellow Bay Knob @ Flathead Lake BioStation,Phosphorus (Total),TP,2.1,µg/L - P,,"USGS 03-4174, EPA 365.2",,,Deposition-Dry,1410,Bucket in on 28III17@1200hrs. Day in the 40-50's with some nights below freezing. Some rain and snow with high winds at times. Overcast to sunny. Mod organics in the sample; filtered through 500 um mesh;;;
04/12/2017,Yellow Bay Knob @ Flathead Lake BioStation,Nitrogen (Total),TN,233,µg/L - N,,"USGS 03-4174, EPA 353.2",,,Deposition-Dry,1371.4,Bucket in on 4IV17 @ 0900hrs. Rain and some snow; high winds at times; lots of buringin in the valley; some freezing at night. Moderate organics and one bumblebee; filt. Through 500 um mesh.;;;
04/12/2017,Yellow Bay Knob @ Flathead Lake BioStation,Nitrogen (Total),TN,239,µg/L - N,,"USGS 03-4174, EPA 353.2",,,Deposition-Wet,1118.4,Bucket in on 28III17 @ 1200hrs. Rain and some snow; high winds at times; lots of burning in the valley; some freezing at night. No visible organics; filt. Through 500 um mesh.;;;
04/12/2017,Yellow Bay Knob @ Flathead Lake BioStation,Phosphorus (Total),TP,2.3,µg/L - P,,"USGS 03-4174, EPA 365.2",,,Deposition-Wet,1118.4,Bucket in on 28III17 @ 1200hrs. Rain and some snow; high winds at times; lots of burning in the valley; some freezing at night. No visible organics; filt. Through 500 um mesh.;;;
04/12/2017,Yellow Bay Knob @ Flathead Lake BioStation,Phosphorus (Total),TP,8.5,µg/L - P,,"USGS 03-4174, EPA 365.2",,,Deposition-Dry,1371.4,Bucket in on 4IV17 @ 0900hrs. Rain and some snow; high winds at times; lots of buringin in the valley; some freezing at night. Moderate organics and one bumblebee; filt. Through 500 um mesh.;;;
04/19/2017,Yellow Bay Knob @ Flathead Lake BioStation,Nitrogen (Total),TN,160,µg/L - N,,"USGS 03-4174, EPA 353.2",,,Deposition-Dry,1519.8,Bucket in on 12IV17 @ 1515 hrs. Some heavy rain at times with high winds; a few sunny days in between; open burning. Heavy organics in the sample; filt through 500 um mesh.;;;
04/19/2017,Yellow Bay Knob @ Flathead Lake BioStation,Nitrogen (Total),TN,378,µg/L - N,,"USGS 03-4174, EPA 353.2",,,Deposition-Wet,622.1,Bucket in on 12IV17 @ 1515 hrs. Some heavy rain at times with high winds; a few sunny days in between; open burning. Light organics in the sample; filt through 500 um mesh.;;;
04/19/2017,Yellow Bay Knob @ Flathead Lake BioStation,Phosphorus (Total),TP,4.1,µg/L - P,,"USGS 03-4174, EPA 365.2",,,Deposition-Wet,622.1,Bucket in on 12IV17 @ 1515 hrs. Some heavy rain at times with high winds; a few sunny days in between; open burning. Light organics in the sample; filt through 500 um mesh.;;;
04/19/2017,Yellow Bay Knob @ Flathead Lake BioStation,Phosphorus (Total),TP,4.5,µg/L - P,,"USGS 03-4174, EPA 365.2",,,Deposition-Dry,1519.8,Bucket in on 12IV17 @ 1515 hrs. Some heavy rain at times with high winds; a few sunny days in between; open burning. Heavy organics in the sample; filt through 500 um mesh.;;;
04/28/2017,Yellow Bay Knob @ Flathead Lake BioStation,Nitrogen (Total),TN,242,µg/L - N,,"USGS 03-4174, EPA 353.2",,,Deposition-Wet,1875.7,"Bucket in 19IV17 @ 1000 hrs. Heavy rains this week; as a result, the buckets were left out longer; high winds at times; open burning. No visible organics in the sample; filt through 500 um mesh.;;;"
04/28/2017,Yellow Bay Knob @ Flathead Lake BioStation,Nitrogen (Total),TN,291,µg/L - N,,"USGS 03-4174, EPA 353.2",,,Deposition-Dry,1576.5,"Bucket in 19IV17 @ 1000 hrs. Heavy rains this week; as a result, the buckets were left out longer; high winds at times; open burning. Moderate organics in the sample; filt through 500 um mesh.;;;"
04/28/2017,Yellow Bay Knob @ Flathead Lake BioStation,Phosphorus (Total),TP,8,µg/L - P,,"USGS 03-4174, EPA 365.2",,,Deposition-Dry,1576.5,"Bucket in 19IV17 @ 1000 hrs. Heavy rains this week; as a result, the buckets were left out longer; high winds at times; open burning. Moderate organics in the sample; filt through 500 um mesh.;;;"
04/28/2017,Yellow Bay Knob @ Flathead Lake BioStation,Phosphorus (Total),TP,2.6,µg/L - P,,"USGS 03-4174, EPA 365.2",,,Deposition-Wet,1875.7,"Bucket in 19IV17 @ 1000 hrs. Heavy rains this week; as a result, the buckets were left out longer; high winds at times; open burning. No visible organics in the sample; filt through 500 um mesh.;;;"
05/05/2017,Yellow Bay Knob @ Flathead Lake BioStation,Nitrogen (Total),TN,269,µg/L - N,,"USGS 03-4174, EPA 353.2",,,Deposition-Dry,1284.1,"Bucket in 28IV17 @ 1015 hours.  Nice week, warm, calm, occasional light rain (not enough volume for WET precip sample).  One bee and ~10 midges in sample, filtered through 500um mesh.;;;"
05/05/2017,Yellow Bay Knob @ Flathead Lake BioStation,Phosphorus (Total),TP,28.3,µg/L - P,,"USGS 03-4174, EPA 365.2",,,Deposition-Dry,1284.1,"Bucket in 28IV17 @ 1015 hours.  Nice week, warm, calm, occasional light rain (not enough volume for WET precip sample).  One bee and ~10 midges in sample, filtered through 500um mesh.;;;"
05/09/2017,Yellow Bay Knob @ Flathead Lake BioStation,Nitrogen (Total),TN,183,µg/L - N,,"USGS 03-4174, EPA 353.2",,,Deposition-Dry,1743,"Bucket in 05V17 @ 0800 hours. Warming for last week with steady light rain all day 07V17.  Few gnats in sample, filtered through 500um mesh.;;;"
05/09/2017,Yellow Bay Knob @ Flathead Lake BioStation,Nitrogen (Total),TN,245,µg/L - N,,"USGS 03-4174, EPA 353.2",,,Deposition-Wet,882,"Bucket in 28IV17 @ 1015 hours. Scattered light rain first week. Warming for last week with steady light rain all day 07V17. Pretty clean sample, filtered through 500um mesh.;;;"
05/09/2017,Yellow Bay Knob @ Flathead Lake BioStation,Phosphorus (Total),TP,2,µg/L - P,,"USGS 03-4174, EPA 365.2",,,Deposition-Wet,882,"Bucket in 28IV17 @ 1015 hours. Scattered light rain first week. Warming for last week with steady light rain all day 07V17. Pretty clean sample, filtered through 500um mesh.;;;"
05/09/2017,Yellow Bay Knob @ Flathead Lake BioStation,Phosphorus (Total),TP,13.1,µg/L - P,,"USGS 03-4174, EPA 365.2",,,Deposition-Dry,1743,"Bucket in 05V17 @ 0800 hours. Warming for last week with steady light rain all day 07V17.  Few gnats in sample, filtered through 500um mesh.;;;"
05/16/2017,Yellow Bay Knob @ Flathead Lake BioStation,Nitrogen (Total),TN,313,µg/L - N,,"USGS 03-4174, EPA 353.2",,,Deposition-Dry,1020.1,
05/16/2017,Yellow Bay Knob @ Flathead Lake BioStation,Nitrogen (Total),TN,261,µg/L - N,,"USGS 03-4174, EPA 353.2",,,Deposition-Wet,815.4,
05/16/2017,Yellow Bay Knob @ Flathead Lake BioStation,Phosphorus (Total),TP,5.5,µg/L - P,,"USGS 03-4174, EPA 365.2",,,Deposition-Wet,815.4,
05/16/2017,Yellow Bay Knob @ Flathead Lake BioStation,Phosphorus (Total),TP,27.5,µg/L - P,,"USGS 03-4174, EPA 365.2",,,Deposition-Dry,1020.1,
05/23/2017,Yellow Bay Knob @ Flathead Lake BioStation,Nitrogen (Total),TN,222,µg/L - N,,"USGS 03-4174, EPA 353.2",,,Deposition-Dry,780,"Bucket in on 16V17 @ 1100hrs. Rain showers at times to P. Sunny. Sunny and dry this week. High winds at time. Cooler weather last week. Moderate organics, 2 Dipteran flies and 1 Beetle; filt. through 500 um mesh.;;;"
05/23/2017,Yellow Bay Knob @ Flathead Lake BioStation,Phosphorus (Total),TP,12.4,µg/L - P,,"USGS 03-4174, EPA 365.2",,,Deposition-Dry,780,"Bucket in on 16V17 @ 1100hrs. Rain showers at times to P. Sunny. Sunny and dry this week. High winds at time. Cooler weather last week. Moderate organics, 2 Dipteran flies and 1 Beetle; filt. through 500 um mesh.;;;"
05/30/2017,Yellow Bay Knob @ Flathead Lake BioStation,Nitrogen (Total),TN,878,µg/L - N,,"USGS 03-4174, EPA 353.2",,,Deposition-Dry,799,Bucket in on 23V17@1415hrs. Sunny and warm; highs in 75-85F; few sporadic showers but mostly dry; lots of pollen in the air. High/heavy organics and 3 Dipteran flies as well as visible pollen; filtered through 500 um mesh.;;;
05/30/2017,Yellow Bay Knob @ Flathead Lake BioStation,Phosphorus (Total),TP,167,µg/L - P,,"USGS 03-4174, EPA 365.2",,,Deposition-Dry,799,Bucket in on 23V17@1415hrs. Sunny and warm; highs in 75-85F; few sporadic showers but mostly dry; lots of pollen in the air. High/heavy organics and 3 Dipteran flies as well as visible pollen; filtered through 500 um mesh.;;;
06/06/2017,Yellow Bay Knob @ Flathead Lake BioStation,Nitrogen (Total),TN,971,µg/L - N,,"USGS 03-4174, EPA 353.2",,,Deposition-Dry,732.2,Bucket in 30 VI 17 @1000hrs. Dry and sunny W/heavy rainstorms at times from thunderstorms; temps in the 70-80's' lots of pollen and soot from private brush pile fires in the air. Heavy organics; 2 beetles; Pollen ands soot in the sample' filt 500 um.;;;
06/06/2017,Yellow Bay Knob @ Flathead Lake BioStation,Nitrogen (Total),TN,1240,µg/L - N,,"USGS 03-4174, EPA 353.2",,,Deposition-Wet,852.5,Bucket in 16 V 17 @1100hrs. Dry and sunny w/heavy rainstorms at times from thunderstorms; temps in the 70-80's; lots of pollen and soot from private brush pile fires in the air. Heavy organics; 1 midge; very hard to filt. By lab Lots of pollen and soot.;;;
06/06/2017,Yellow Bay Knob @ Flathead Lake BioStation,Phosphorus (Total),TP,137,µg/L - P,,"USGS 03-4174, EPA 365.2",,,Deposition-Wet,852.5,Bucket in 16 V 17 @1100hrs. Dry and sunny w/heavy rainstorms at times from thunderstorms; temps in the 70-80's; lots of pollen and soot from private brush pile fires in the air. Heavy organics; 1 midge; very hard to filt. By lab Lots of pollen and soot.;;;
06/06/2017,Yellow Bay Knob @ Flathead Lake BioStation,Phosphorus (Total),TP,156,µg/L - P,,"USGS 03-4174, EPA 365.2",,,Deposition-Dry,732.2,Bucket in 30 VI 17 @1000hrs. Dry and sunny W/heavy rainstorms at times from thunderstorms; temps in the 70-80's' lots of pollen and soot from private brush pile fires in the air. Heavy organics; 2 beetles; Pollen ands soot in the sample' filt 500 um.;;;
06/15/2017,Yellow Bay Knob @ Flathead Lake BioStation,Nitrogen (Total),TN,1220,µg/L - N,,"USGS 03-4174, EPA 353.2",,,Deposition-Dry,809.3," Bucket in on 06VI17 @ 1615hrs. Dry and sunny with heavy rainstorm on Tuesday (2 days ago); high winds and temps in the 60's to mid-70's (F). Lots of pollen in the air. Heavy org. 1 leaf hopper, 3 beetles, 1 fly and pollen in sample; filt through 500 um.;;;"
06/15/2017,Yellow Bay Knob @ Flathead Lake BioStation,Nitrogen (Total),TN,400,µg/L - N,,"USGS 03-4174, EPA 353.2",,,Deposition-Wet,2203,Bucket in on 06VI17 @ 1615hrs. Dry and sunny with heavy rainstorm on Tuesday (2 days ago); high winds and temps in the 60's to mid-70's (F). Lots of pollen in the air. Light org. pollen in sample; filt through 500 um.;;;
06/15/2017,Yellow Bay Knob @ Flathead Lake BioStation,Phosphorus (Total),TP,23.7,µg/L - P,,"USGS 03-4174, EPA 365.2",,,Deposition-Wet,2203,Bucket in on 06VI17 @ 1615hrs. Dry and sunny with heavy rainstorm on Tuesday (2 days ago); high winds and temps in the 60's to mid-70's (F). Lots of pollen in the air. Light org. pollen in sample; filt through 500 um.;;;
06/15/2017,Yellow Bay Knob @ Flathead Lake BioStation,Phosphorus (Total),TP,166,µg/L - P,,"USGS 03-4174, EPA 365.2",,,Deposition-Dry,809.3," Bucket in on 06VI17 @ 1615hrs. Dry and sunny with heavy rainstorm on Tuesday (2 days ago); high winds and temps in the 60's to mid-70's (F). Lots of pollen in the air. Heavy org. 1 leaf hopper, 3 beetles, 1 fly and pollen in sample; filt through 500 um.;;;"
06/22/2017,Yellow Bay Knob @ Flathead Lake BioStation,Nitrogen (Total),TN,308,µg/L - N,,"USGS 03-4174, EPA 353.2",,,Deposition-Dry,1045.2,Bucket in on 15VI17@1500 hrs. Few rain showers but sunny and dry most of the week. High winds at times and lots of pollen in the air. Moderate organics in the sample with one Bee. Filt. Through 500 um.;;;
06/22/2017,Yellow Bay Knob @ Flathead Lake BioStation,Phosphorus (Total),TP,35.2,µg/L - P,,"USGS 03-4174, EPA 365.2",,,Deposition-Dry,1045.2,Bucket in on 15VI17@1500 hrs. Few rain showers but sunny and dry most of the week. High winds at times and lots of pollen in the air. Moderate organics in the sample with one Bee. Filt. Through 500 um.;;;
06/28/2017,Yellow Bay Knob @ Flathead Lake BioStation,Nitrogen (Total),TN,351,µg/L - N,,"USGS 03-4174, EPA 353.2",,,Deposition-Dry,573.5,"Sample compromised due to incorrect preservation. Analysis unable to be completed.;Bucket in on 22VI17@0930hrs. Sunny and dry for the most part, heavy rain from thunderstorms 2 days ago; lots of pollen in the air with some burning in the valley; high winds at times. Moderate organics in the sample filtered through 500 um mesh.;;;"
06/28/2017,Yellow Bay Knob @ Flathead Lake BioStation,Phosphorus (Total),TP,41.5,µg/L - P,,"USGS 03-4174, EPA 365.2",,,Deposition-Dry,573.5,"Sample compromised due to incorrect preservation. Analysis unable to be completed.;Bucket in on 22VI17@0930hrs. Sunny and dry for the most part, heavy rain from thunderstorms 2 days ago; lots of pollen in the air with some burning in the valley; high winds at times. Moderate organics in the sample filtered through 500 um mesh.;;;"
07/05/2017,Yellow Bay Knob @ Flathead Lake BioStation,Nitrogen (Total),TN,85.4,µg/L - N,,"USGS 03-4174, EPA 353.2",,,Deposition-Dry,629.8,"Bucket in on 28VI17@0930hrs.Sunny, and dry with temps in the 80's. High winds at times. Mod. Organics and 1 fly in the sample; filtered through 500 um mesh.;;;"
07/05/2017,Yellow Bay Knob @ Flathead Lake BioStation,Phosphorus (Total),TP,2.6,µg/L - P,,"USGS 03-4174, EPA 365.2",,,Deposition-Dry,629.8,"Bucket in on 28VI17@0930hrs.Sunny, and dry with temps in the 80's. High winds at times. Mod. Organics and 1 fly in the sample; filtered through 500 um mesh.;;;"
07/13/2017,Yellow Bay Knob @ Flathead Lake BioStation,Nitrogen (Total),TN,204,µg/L - N,,"USGS 03-4174, EPA 353.2",,,Deposition-Dry,1500.6,"Bucket in 05VII17 @ 1400 hours.  Hot, sunny, light wind for last week.  Moderate amount of small flies and small organic particles in sample.  Filtered through 500 um mesh.;;;"
07/13/2017,Yellow Bay Knob @ Flathead Lake BioStation,Phosphorus (Total),TP,29.8,µg/L - P,,"USGS 03-4174, EPA 365.2",,,Deposition-Dry,1500.6,"Bucket in 05VII17 @ 1400 hours.  Hot, sunny, light wind for last week.  Moderate amount of small flies and small organic particles in sample.  Filtered through 500 um mesh.;;;"
07/19/2017,Yellow Bay Knob @ Flathead Lake BioStation,Nitrogen (Total),TN,195,µg/L - N,,"USGS 03-4174, EPA 353.2",,,Deposition-Dry,814.8,"Bucket in 13 VII 17 @ 0730. Hot, sunny, light to moderate wind, slightly hazy for past week. A few flies and plant partilces in sample. Filtered through 500 nm mesh.;;;"
07/19/2017,Yellow Bay Knob @ Flathead Lake BioStation,Phosphorus (Total),TP,18.4,µg/L - P,,"USGS 03-4174, EPA 365.2",,,Deposition-Dry,814.8,"Bucket in 13 VII 17 @ 0730. Hot, sunny, light to moderate wind, slightly hazy for past week. A few flies and plant partilces in sample. Filtered through 500 nm mesh.;;;"
07/26/2017,Yellow Bay Knob @ Flathead Lake BioStation,Nitrogen (Total),TN,42.1,µg/L - N,,"USGS 03-4174, EPA 353.2",,,Deposition-Dry,1087.5,"Bucket in 19VII17 @ 0830 hrs. Hot and dry for last week.  Bucket dry, added DI water in lab.  Three small flies in sample, filtered through 500um mesh.;;;"
07/26/2017,Yellow Bay Knob @ Flathead Lake BioStation,Phosphorus (Total),TP,4.8,µg/L - P,,"USGS 03-4174, EPA 365.2",,,Deposition-Dry,1087.5,"Bucket in 19VII17 @ 0830 hrs. Hot and dry for last week.  Bucket dry, added DI water in lab.  Three small flies in sample, filtered through 500um mesh.;;;"
07/31/2017,Yellow Bay Knob @ Flathead Lake BioStation,Nitrogen (Total),TN,87.4,µg/L - N,,"USGS 03-4174, EPA 353.2",,,Deposition-Dry,847.9,"Bucket in 26VII17 @ 0730 hours.  Added about 500ml of DI water to ~300ml of water in bucket.  Hot and dry all week, some haze.  Sample very clean, no bugs or organics, filtered through 500um mesh.;;;"
07/31/2017,Yellow Bay Knob @ Flathead Lake BioStation,Phosphorus (Total),TP,10.3,µg/L - P,,"USGS 03-4174, EPA 365.2",,,Deposition-Dry,847.9,"Bucket in 26VII17 @ 0730 hours.  Added about 500ml of DI water to ~300ml of water in bucket.  Hot and dry all week, some haze.  Sample very clean, no bugs or organics, filtered through 500um mesh.;;;"
08/08/2017,Yellow Bay Knob @ Flathead Lake BioStation,Nitrogen (Total),TN,350,µg/L - N,,"USGS 03-4174, EPA 353.2",,,Deposition-Dry,1138.4,"Bucket in 31VII17 @ 0740 hours. Hot, dry, windy and hazy from smoke for last week.  Lots of organics in sample (pine needles, catkins, bugs, bees and debris).  Filtered through 500um mesh.  Added TOC to tedts.;;;"
08/08/2017,Yellow Bay Knob @ Flathead Lake BioStation,Phosphorus (Total),TP,75,µg/L - P,,"USGS 03-4174, EPA 365.2",,,Deposition-Dry,1138.4,"Bucket in 31VII17 @ 0740 hours. Hot, dry, windy and hazy from smoke for last week.  Lots of organics in sample (pine needles, catkins, bugs, bees and debris).  Filtered through 500um mesh.  Added TOC to tedts.;;;"
08/17/2017,Yellow Bay Knob @ Flathead Lake BioStation,Nitrogen (Total),TN,239,µg/L - N,,"USGS 03-4174, EPA 353.2",,,Deposition-Dry,1610.4,"Bucket in 08VIII17 @ 0830 hours.Unstable weather for last week.  Hazy from distant fires, smokey from fire that started last week in Blue Bay. Light debris and soot in sample, filtered through 500um mesh.  Added TOC.;;;"
08/17/2017,Yellow Bay Knob @ Flathead Lake BioStation,Nitrogen (Total),TN,1410,µg/L - N,,"USGS 03-4174, EPA 353.2",,,Deposition-Wet,464,"Bucket in 15VI17 @ 1615 hours.Hot and dry for last month.Smokey from fire that started last week in Blue Bay. Light rain ~ a month ago and again 2-3 days ago. Light debris and soot in sample, filtered through 500um mesh.  Added TOC.;;;"
08/17/2017,Yellow Bay Knob @ Flathead Lake BioStation,Phosphorus (Total),TP,15.9,µg/L - P,,"USGS 03-4174, EPA 365.2",,,Deposition-Wet,464,"Bucket in 15VI17 @ 1615 hours.Hot and dry for last month.Smokey from fire that started last week in Blue Bay. Light rain ~ a month ago and again 2-3 days ago. Light debris and soot in sample, filtered through 500um mesh.  Added TOC.;;;"
08/17/2017,Yellow Bay Knob @ Flathead Lake BioStation,Phosphorus (Total),TP,24.4,µg/L - P,,"USGS 03-4174, EPA 365.2",,,Deposition-Dry,1610.4,"Bucket in 08VIII17 @ 0830 hours.Unstable weather for last week.  Hazy from distant fires, smokey from fire that started last week in Blue Bay. Light debris and soot in sample, filtered through 500um mesh.  Added TOC.;;;"
08/22/2017,Yellow Bay Knob @ Flathead Lake BioStation,Nitrogen (Total),TN,87.8,µg/L - N,,"USGS 03-4174, EPA 353.2",,,Deposition-Dry,1480.7,"Bucket in 17VIII17 @ 0745 hrs.  Dry and smokey for last week.  Fire burning in Blue Bay.  Few gnats and light soot in sample, filtered through 500 um mesh. Added TOC.;;;"
08/22/2017,Yellow Bay Knob @ Flathead Lake BioStation,Phosphorus (Total),TP,13.3,µg/L - P,,"USGS 03-4174, EPA 365.2",,,Deposition-Dry,1480.7,"Bucket in 17VIII17 @ 0745 hrs.  Dry and smokey for last week.  Fire burning in Blue Bay.  Few gnats and light soot in sample, filtered through 500 um mesh. Added TOC.;;;"
08/31/2017,Yellow Bay Knob @ Flathead Lake BioStation,Nitrogen (Total),TN,277,µg/L - N,,"USGS 03-4174, EPA 353.2",,,Deposition-Dry,965.9,"Bucket in 22VIII17 @ 0745 hours.  Smokey and warm for last week. Smoke coming from fires near Missoula.  Few gnats, light debris and some soot in sample. Filtered through 500um mesh. Added TOC.;;;"
08/31/2017,Yellow Bay Knob @ Flathead Lake BioStation,Phosphorus (Total),TP,30.4,µg/L - P,,"USGS 03-4174, EPA 365.2",,,Deposition-Dry,965.9,"Bucket in 22VIII17 @ 0745 hours.  Smokey and warm for last week. Smoke coming from fires near Missoula.  Few gnats, light debris and some soot in sample. Filtered through 500um mesh. Added TOC.;;;"
09/06/2017,Yellow Bay Knob @ Flathead Lake BioStation,Nitrogen (Total),TN,384,µg/L - N,,"USGS 03-4174, EPA 353.2",,,Deposition-Dry,1003.4,"Very smokey last week, can smell smole with ash falling last 3 days.  Lots of ash and a pine needle in sample, filtered through 500um mesh.  ADDED TOC.;;;"
09/06/2017,Yellow Bay Knob @ Flathead Lake BioStation,Phosphorus (Total),TP,267,µg/L - P,,"USGS 03-4174, EPA 365.2",,,Deposition-Dry,1003.4,"Very smokey last week, can smell smole with ash falling last 3 days.  Lots of ash and a pine needle in sample, filtered through 500um mesh.  ADDED TOC.;;;"
09/08/2017,Yellow Bay Knob @ Flathead Lake BioStation,Nitrogen (Total),TN,51.7,µg/L - N,,"USGS 03-4174, EPA 353.2",,,Deposition-Dry,2106,Bucket in on 06IX17 @ 0745 hrs. Little to no wind and major smoke in the valley. Cannot see the lake from Hwy.35. Montoring inputs from smoke deposition. Sunny and dry above the smoke. Little organics and 1 bee in the sample; filt. 500 um mesh.;;;
09/08/2017,Yellow Bay Knob @ Flathead Lake BioStation,Phosphorus (Total),TP,3.2,µg/L - P,,"USGS 03-4174, EPA 365.2",,,Deposition-Dry,2106,Bucket in on 06IX17 @ 0745 hrs. Little to no wind and major smoke in the valley. Cannot see the lake from Hwy.35. Montoring inputs from smoke deposition. Sunny and dry above the smoke. Little organics and 1 bee in the sample; filt. 500 um mesh.;;;
09/11/2017,Yellow Bay Knob @ Flathead Lake BioStation,Nitrogen (Total),TN,172,µg/L - N,,"USGS 03-4174, EPA 353.2",,,Deposition-Dry,948.1,"Smoke a little lighter last 3 days, some soot in sample, filteredthrough 500um mesh.  Added TOC to chems.;;;"
09/11/2017,Yellow Bay Knob @ Flathead Lake BioStation,Phosphorus (Total),TP,22.6,µg/L - P,,"USGS 03-4174, EPA 365.2",,,Deposition-Dry,948.1,"Smoke a little lighter last 3 days, some soot in sample, filteredthrough 500um mesh.  Added TOC to chems.;;;"
09/15/2017,Yellow Bay Knob @ Flathead Lake BioStation,Nitrogen (Total),TN,426,µg/L - N,,"USGS 03-4174, EPA 353.2",,,Deposition-Dry,837.9,"Bucket in 11IX17 @ 0745 hrs. Very smokey last 4 days, ash falling 2 days ago, very light rain yesterday (0.02 inches). Soot and a few gnats in sample filtered through 500um mesh.  Added TOC.;;;"
09/15/2017,Yellow Bay Knob @ Flathead Lake BioStation,Phosphorus (Total),TP,161,µg/L - P,,"USGS 03-4174, EPA 365.2",,,Deposition-Dry,837.9,"Bucket in 11IX17 @ 0745 hrs. Very smokey last 4 days, ash falling 2 days ago, very light rain yesterday (0.02 inches). Soot and a few gnats in sample filtered through 500um mesh.  Added TOC.;;;"
09/21/2017,Yellow Bay Knob @ Flathead Lake BioStation,Nitrogen (Total),TN,273,µg/L - N,,"USGS 03-4174, EPA 353.2",,,Deposition-Dry,1002.5,"Bucket in 15IX17 @ 0830 hours. Windy, cloudy for last week, scattered rain last 4 days.  Rain cleared smoke from air. Fair amount of fine organics in sample, filtered through 500um mesh. ADDED TOC.;;;"
09/21/2017,Yellow Bay Knob @ Flathead Lake BioStation,Nitrogen (Total),TN,418,µg/L - N,,"USGS 03-4174, EPA 353.2",,,Deposition-Wet,1507.1,"Bucket in 17VIII17 @ 0745 hours. Scattered rain last 4 days.  Rain cleared smoke from air. Slight amount of fine organics in sample, filtered through 500um mesh. ADDED TOC.;;;"
09/21/2017,Yellow Bay Knob @ Flathead Lake BioStation,Phosphorus (Total),TP,9.7,µg/L - P,,"USGS 03-4174, EPA 365.2",,,Deposition-Wet,1507.1,"Bucket in 17VIII17 @ 0745 hours. Scattered rain last 4 days.  Rain cleared smoke from air. Slight amount of fine organics in sample, filtered through 500um mesh. ADDED TOC.;;;"
09/21/2017,Yellow Bay Knob @ Flathead Lake BioStation,Phosphorus (Total),TP,12.7,µg/L - P,,"USGS 03-4174, EPA 365.2",,,Deposition-Dry,1002.5,"Bucket in 15IX17 @ 0830 hours. Windy, cloudy for last week, scattered rain last 4 days.  Rain cleared smoke from air. Fair amount of fine organics in sample, filtered through 500um mesh. ADDED TOC.;;;"
09/27/2017,Yellow Bay Knob @ Flathead Lake BioStation,Nitrogen (Total),TN,64.6,µg/L - N,,"USGS 03-4174, EPA 353.2",,,Deposition-Dry,1552.7,"Cloudy and cool for last week, trace precip (not enough for WET sample).  1 Bumble bee and light organics in sample, filtered through 500um mesh.  Added TOC.;;;"
09/27/2017,Yellow Bay Knob @ Flathead Lake BioStation,Phosphorus (Total),TP,6.7,µg/L - P,,"USGS 03-4174, EPA 365.2",,,Deposition-Dry,1552.7,"Cloudy and cool for last week, trace precip (not enough for WET sample).  1 Bumble bee and light organics in sample, filtered through 500um mesh.  Added TOC.;;;"
10/04/2017,Yellow Bay Knob @ Flathead Lake BioStation,Nitrogen (Total),TN,132,µg/L - N,,"USGS 03-4174, EPA 353.2",,,Deposition-Dry,1626.2,"Bucket in 27IX17 @ 0745 hours.  Cool, cloudy, intermittent rain for last week.  Few dipterans and light organics in sample.  Filtered through 500um mesh.;;;"
10/04/2017,Yellow Bay Knob @ Flathead Lake BioStation,Nitrogen (Total),TN,593,µg/L - N,,"USGS 03-4174, EPA 353.2",,,Deposition-Wet,538.9,"Bucket in 21IX17 @ 1315 hours.  Cool, cloudy, intermittent rain.  1 dipteran and very light organics in sample.  Filtered through 500um mesh.;;;"
10/04/2017,Yellow Bay Knob @ Flathead Lake BioStation,Phosphorus (Total),TP,7,µg/L - P,,"USGS 03-4174, EPA 365.2",,,Deposition-Wet,538.9,"Bucket in 21IX17 @ 1315 hours.  Cool, cloudy, intermittent rain.  1 dipteran and very light organics in sample.  Filtered through 500um mesh.;;;"
10/04/2017,Yellow Bay Knob @ Flathead Lake BioStation,Phosphorus (Total),TP,9,µg/L - P,,"USGS 03-4174, EPA 365.2",,,Deposition-Dry,1626.2,"Bucket in 27IX17 @ 0745 hours.  Cool, cloudy, intermittent rain for last week.  Few dipterans and light organics in sample.  Filtered through 500um mesh.;;;"
10/13/2017,Yellow Bay Knob @ Flathead Lake BioStation,Nitrogen (Total),TN,236,µg/L - N,,"USGS 03-4174, EPA 353.2",,,Deposition-Dry,1351.7,"Cool, cloudy, windy, rainy for last week. Moderate organics, 3 pine needles, 12 dipterans in sample.  Filtered through 500um mesh.;;;"
10/13/2017,Yellow Bay Knob @ Flathead Lake BioStation,Nitrogen (Total),TN,470,µg/L - N,,"USGS 03-4174, EPA 353.2",,,Deposition-Wet,1357,"Cool, cloudy, windy, rainy for last week.  6 dipterans and  very light organics in sample, Filtered through 500um mesh.;;;"
10/13/2017,Yellow Bay Knob @ Flathead Lake BioStation,Phosphorus (Total),TP,6.9,µg/L - P,,"USGS 03-4174, EPA 365.2",,,Deposition-Wet,1357,"Cool, cloudy, windy, rainy for last week.  6 dipterans and  very light organics in sample, Filtered through 500um mesh.;;;"
10/13/2017,Yellow Bay Knob @ Flathead Lake BioStation,Phosphorus (Total),TP,23.9,µg/L - P,,"USGS 03-4174, EPA 365.2",,,Deposition-Dry,1351.7,"Cool, cloudy, windy, rainy for last week. Moderate organics, 3 pine needles, 12 dipterans in sample.  Filtered through 500um mesh.;;;"
10/18/2017,Yellow Bay Knob @ Flathead Lake BioStation,Nitrogen (Total),TN,106,µg/L - N,,"USGS 03-4174, EPA 353.2",,,Deposition-Wet,908.2,"Cool, warm, sunny, cloudy and rainy, calm and high winds for last week. 3 midges in sample, filtered through 500um mesh.;;;"
10/18/2017,Yellow Bay Knob @ Flathead Lake BioStation,Nitrogen (Total),TN,66.8,µg/L - N,,"USGS 03-4174, EPA 353.2",,,Deposition-Dry,1557.5,"Cool, warm, sunny, cloudy and rainy, calm and high winds for last week. Lots of organics and ~12 midges in sample, filtered through 500um mesh.;;;"
10/18/2017,Yellow Bay Knob @ Flathead Lake BioStation,Phosphorus (Total),TP,10.2,µg/L - P,,"USGS 03-4174, EPA 365.2",,,Deposition-Dry,1557.5,"Cool, warm, sunny, cloudy and rainy, calm and high winds for last week. Lots of organics and ~12 midges in sample, filtered through 500um mesh.;;;"
10/18/2017,Yellow Bay Knob @ Flathead Lake BioStation,Phosphorus (Total),TP,1.9,µg/L - P,,"USGS 03-4174, EPA 365.2",,,Deposition-Wet,908.2,"Cool, warm, sunny, cloudy and rainy, calm and high winds for last week. 3 midges in sample, filtered through 500um mesh.;;;"
10/23/2017,Yellow Bay Knob @ Flathead Lake BioStation,Nitrogen (Total),TN,89,µg/L - N,,"USGS 03-4174, EPA 353.2",,,Deposition-Dry,1276.5,"Bucket in 18X17 @ 0915 hrs. Cool, windy, rainy last week. Light organics, 1 pine needle and 5 midges in sample. Filtered through 500um mesh;;;"
10/23/2017,Yellow Bay Knob @ Flathead Lake BioStation,Nitrogen (Total),TN,72,µg/L - N,,"USGS 03-4174, EPA 353.2",,,Deposition-Wet,1244.5,"Bucket in 18X17 @ 0915 hrs. Cool, windy, rainy last week. 2 midges in sample. Filtered through 500um mesh;;;"
10/23/2017,Yellow Bay Knob @ Flathead Lake BioStation,Phosphorus (Total),TP,< 1.5,µg/L - P,,"USGS 03-4174, EPA 365.2",,,Deposition-Wet,1244.5,"Bucket in 18X17 @ 0915 hrs. Cool, windy, rainy last week. 2 midges in sample. Filtered through 500um mesh;;;"
10/23/2017,Yellow Bay Knob @ Flathead Lake BioStation,Phosphorus (Total),TP,5,µg/L - P,,"USGS 03-4174, EPA 365.2",,,Deposition-Dry,1276.5,"Bucket in 18X17 @ 0915 hrs. Cool, windy, rainy last week. Light organics, 1 pine needle and 5 midges in sample. Filtered through 500um mesh;;;"
10/30/2017,Yellow Bay Knob @ Flathead Lake BioStation,Nitrogen (Total),TN,87.3,µg/L - N,,"USGS 03-4174, EPA 353.2",,,Deposition-Dry,1000.2,"Bucket in 23X17 @ 0830 hours.  Cool, sunny, windy for last week.  1 wasp, 1 fly, 10 midges and moderate fine organics in sample, filtered through 500um mesh.;;;"
10/30/2017,Yellow Bay Knob @ Flathead Lake BioStation,Phosphorus (Total),TP,13.3,µg/L - P,,"USGS 03-4174, EPA 365.2",,,Deposition-Dry,1000.2,"Bucket in 23X17 @ 0830 hours.  Cool, sunny, windy for last week.  1 wasp, 1 fly, 10 midges and moderate fine organics in sample, filtered through 500um mesh.;;;"
11/07/2017,Yellow Bay Knob @ Flathead Lake BioStation,Nitrogen (Total),TN,160,µg/L - N,,"USGS 03-4174, EPA 353.2",,,Deposition-Dry,2098.7,"Bucket in on 30X17 At 1230 hrs. Cold, snowing began on 2XI17  and snowed on anf off for the next four days; high winds at times. Light organics in the sample and sample was allowed to thaw in the walk-in fridge.Filtered through 500um mesh;;;"
11/07/2017,Yellow Bay Knob @ Flathead Lake BioStation,Nitrogen (Total),TN,279,µg/L - N,,"USGS 03-4174, EPA 353.2",,,Deposition-Wet,1489.9,"Bucket in on 23X17 At 0830 hrs. Cold, snowing began on 2XI17  and snowed on anf off for the next four days; high winds at times. Light organics in the sample and sample was allowed to thaw in the walk-in fridge.Filtered through 500um mesh;;;"
11/07/2017,Yellow Bay Knob @ Flathead Lake BioStation,Phosphorus (Total),TP,4,µg/L - P,,"USGS 03-4174, EPA 365.2",,,Deposition-Wet,1489.9,"Bucket in on 23X17 At 0830 hrs. Cold, snowing began on 2XI17  and snowed on anf off for the next four days; high winds at times. Light organics in the sample and sample was allowed to thaw in the walk-in fridge.Filtered through 500um mesh;;;"
11/07/2017,Yellow Bay Knob @ Flathead Lake BioStation,Phosphorus (Total),TP,6.7,µg/L - P,,"USGS 03-4174, EPA 365.2",,,Deposition-Dry,2098.7,"Bucket in on 30X17 At 1230 hrs. Cold, snowing began on 2XI17  and snowed on anf off for the next four days; high winds at times. Light organics in the sample and sample was allowed to thaw in the walk-in fridge.Filtered through 500um mesh;;;"
11/14/2017,Yellow Bay Knob @ Flathead Lake BioStation,Nitrogen (Total),TN,54.9,µg/L - N,,"USGS 03-4174, EPA 353.2",,,Deposition-Dry,1950.8,Bucket in on 07XI17@1600hrs. Warmer temperatures the later part of last week and this week (last 5 days); High winds at times with some rain showers. No visible organics in the sample; filtered through 500 um mesh.;;;
11/14/2017,Yellow Bay Knob @ Flathead Lake BioStation,Phosphorus (Total),TP,< 1.5,µg/L - P,,"USGS 03-4174, EPA 365.2",,,Deposition-Dry,1950.8,Bucket in on 07XI17@1600hrs. Warmer temperatures the later part of last week and this week (last 5 days); High winds at times with some rain showers. No visible organics in the sample; filtered through 500 um mesh.;;;
11/20/2017,Yellow Bay Knob @ Flathead Lake BioStation,Nitrogen (Total),TN,43.8,µg/L - N,,"USGS 03-4174, EPA 353.2",,,Deposition-Dry,1336,Bucket in on 14XI17@1000hrs. Dry lmost of ast week with warmer temperatures (33-40 F); High winds at times. Moderate organics in the sample; 1 Dipteran fly; Filtered through 500 um mesh.;;;
11/20/2017,Yellow Bay Knob @ Flathead Lake BioStation,Nitrogen (Total),TN,157,µg/L - N,,"USGS 03-4174, EPA 353.2",,,Deposition-Wet,674.7,Bucket in on 07XI17 @ 1600hrs. Some rain and light snow showers over the collection period; high winds at times; warmer temperatures (32-40 F). Light organics; 1 Chironomidae adult; Filtered through 500 um mesh.;;;
11/20/2017,Yellow Bay Knob @ Flathead Lake BioStation,Phosphorus (Total),TP,1.5,µg/L - P,,"USGS 03-4174, EPA 365.2",,,Deposition-Wet,674.7,Bucket in on 07XI17 @ 1600hrs. Some rain and light snow showers over the collection period; high winds at times; warmer temperatures (32-40 F). Light organics; 1 Chironomidae adult; Filtered through 500 um mesh.;;;
11/20/2017,Yellow Bay Knob @ Flathead Lake BioStation,Phosphorus (Total),TP,7.6,µg/L - P,,"USGS 03-4174, EPA 365.2",,,Deposition-Dry,1336,Bucket in on 14XI17@1000hrs. Dry lmost of ast week with warmer temperatures (33-40 F); High winds at times. Moderate organics in the sample; 1 Dipteran fly; Filtered through 500 um mesh.;;;
11/27/2017,Yellow Bay Knob @ Flathead Lake BioStation,Nitrogen (Total),TN,46.1,µg/L - N,,"USGS 03-4174, EPA 353.2",,,Deposition-Dry,934.1,Bucket in on 20XI17@0915hrs. Rain showers on and off throughout the collection period with high winds at times. Temperatures were above freezing. Burning at the station. Lite organics in the samples; filtered through 500 um mesh.;;;
11/27/2017,Yellow Bay Knob @ Flathead Lake BioStation,Nitrogen (Total),TN,62.8,µg/L - N,,"USGS 03-4174, EPA 353.2",,,Deposition-Wet,1751.2,Bucket in on 20XI17@0915hrs. Rain showers on and off throughout the collection period with high winds at times. Temperatures were above freezing. Lite organics in the samples; filtered through 500 um mesh.;;;
11/27/2017,Yellow Bay Knob @ Flathead Lake BioStation,Phosphorus (Total),TP,< 1.5,µg/L - P,,"USGS 03-4174, EPA 365.2",,,Deposition-Wet,1751.2,Bucket in on 20XI17@0915hrs. Rain showers on and off throughout the collection period with high winds at times. Temperatures were above freezing. Lite organics in the samples; filtered through 500 um mesh.;;;
11/27/2017,Yellow Bay Knob @ Flathead Lake BioStation,Phosphorus (Total),TP,1.5,µg/L - P,,"USGS 03-4174, EPA 365.2",,,Deposition-Dry,934.1,Bucket in on 20XI17@0915hrs. Rain showers on and off throughout the collection period with high winds at times. Temperatures were above freezing. Burning at the station. Lite organics in the samples; filtered through 500 um mesh.;;;
12/04/2017,Yellow Bay Knob @ Flathead Lake BioStation,Nitrogen (Total),TN,63.7,µg/L - N,,"USGS 03-4174, EPA 353.2",,,Deposition-Dry,1361.9,Bucket in on 27XI17@1200hrs.High winds at times. A few rain/snow showers. Near freezing at night and above freezing during the day. Burning at the station. No visible organics in the sample; 1 Dipteran fly; filtered through 500 um mesh.;;;
12/04/2017,Yellow Bay Knob @ Flathead Lake BioStation,Phosphorus (Total),TP,3.8,µg/L - P,,"USGS 03-4174, EPA 365.2",,,Deposition-Dry,1361.9,Bucket in on 27XI17@1200hrs.High winds at times. A few rain/snow showers. Near freezing at night and above freezing during the day. Burning at the station. No visible organics in the sample; 1 Dipteran fly; filtered through 500 um mesh.;;;
12/11/2017,Yellow Bay Knob @ Flathead Lake BioStation,Nitrogen (Total),TN,< 25.0,µg/L - N,,"USGS 03-4174, EPA 353.2",,,Deposition-Dry,1427.1,Buckret in on 04XII17@0900hrs. Dry and cold this past week; temps 32-mid-20's F; moderate winds at times. No visible organics in the sample; filtered through 500 um mesh.;;;
12/11/2017,Yellow Bay Knob @ Flathead Lake BioStation,Phosphorus (Total),TP,< 1.5,µg/L - P,,"USGS 03-4174, EPA 365.2",,,Deposition-Dry,1427.1,Buckret in on 04XII17@0900hrs. Dry and cold this past week; temps 32-mid-20's F; moderate winds at times. No visible organics in the sample; filtered through 500 um mesh.;;;
12/18/2017,Yellow Bay Knob @ Flathead Lake BioStation,Nitrogen (Total),TN,66.5,µg/L - N,,"USGS 03-4174, EPA 353.2",,,Deposition-Dry,1596.5,Bucket in on 11XII17 @ 1515hrs. Colder temperatures; high winds at times; snow and rain showers the past 3 days. Light organics in the sample; filtered through 500 um mesh.;;;
12/18/2017,Yellow Bay Knob @ Flathead Lake BioStation,Nitrogen (Total),TN,305,µg/L - N,,"USGS 03-4174, EPA 353.2",,,Deposition-Wet,650.5,Bucket in on 12XI17 @ 1200hrs. Colder temperatures the past 7 days; mostly dry during the collection period until the past 3 days when snow and rain showers hit the valley; high winds at times. Light organics in the sample; filtered through 500 um mesh.;;;
12/18/2017,Yellow Bay Knob @ Flathead Lake BioStation,Phosphorus (Total),TP,2.1,µg/L - P,,"USGS 03-4174, EPA 365.2",,,Deposition-Wet,650.5,Bucket in on 12XI17 @ 1200hrs. Colder temperatures the past 7 days; mostly dry during the collection period until the past 3 days when snow and rain showers hit the valley; high winds at times. Light organics in the sample; filtered through 500 um mesh.;;;
12/18/2017,Yellow Bay Knob @ Flathead Lake BioStation,Phosphorus (Total),TP,< 1.5,µg/L - P,,"USGS 03-4174, EPA 365.2",,,Deposition-Dry,1596.5,Bucket in on 11XII17 @ 1515hrs. Colder temperatures; high winds at times; snow and rain showers the past 3 days. Light organics in the sample; filtered through 500 um mesh.;;;
12/22/2017,Yellow Bay Knob @ Flathead Lake BioStation,Nitrogen (Total),TN,91.6,µg/L - N,R,"USGS 03-4174, EPA 353.2",,,Deposition-Dry,2009.5,"Bucket in 18XII17 @ 1455 hours. Cold front with wind and lots of snow this week. Light organics in sample, filtered through 500um mesh.;;;"
12/22/2017,Yellow Bay Knob @ Flathead Lake BioStation,Nitrogen (Total),TN,190,µg/L - N,,"USGS 03-4174, EPA 353.2",,,Deposition-Wet,1894.5,"Bucket in 18XII17 @ 1455 hours. Cold front with wind and lots of snow this week. Light organics in sample, filtered through 500um mesh. Collector full of snow, thawed in warm water.;;;"
12/22/2017,Yellow Bay Knob @ Flathead Lake BioStation,Phosphorus (Total),TP,< 1.5,µg/L - P,,"USGS 03-4174, EPA 365.2",,,Deposition-Wet,1894.5,"Bucket in 18XII17 @ 1455 hours. Cold front with wind and lots of snow this week. Light organics in sample, filtered through 500um mesh. Collector full of snow, thawed in warm water.;;;"
12/22/2017,Yellow Bay Knob @ Flathead Lake BioStation,Phosphorus (Total),TP,< 1.5,µg/L - P,,"USGS 03-4174, EPA 365.2",,,Deposition-Dry,2009.5,"Bucket in 18XII17 @ 1455 hours. Cold front with wind and lots of snow this week. Light organics in sample, filtered through 500um mesh.;;;"
01/02/2018,Yellow Bay Knob @ Flathead Lake BioStation,Nitrogen (Total),TN,96.5,µg/L - N,,"USGS 03-4174, EPA 353.2",,,Deposition-Dry,2323.1,"Bucket in 22XII17 @ 0815 hours. Thawed in cooler over night. Blizzard last week, cold, windy, snowy. Moderate organics in sample, filtered through 500um mesh.;;;"
01/02/2018,Yellow Bay Knob @ Flathead Lake BioStation,Nitrogen (Total),TN,152,µg/L - N,,"USGS 03-4174, EPA 353.2",,,Deposition-Wet,1898.2,"Bucket in 22XII17 @ 0815 hours. Thawed in cooler over night. Blizzard last week, cold, windy, snowy. Light organics in sample, filtered through 500um mesh.;;;"
01/02/2018,Yellow Bay Knob @ Flathead Lake BioStation,Phosphorus (Total),TP,2.3,µg/L - P,R,"USGS 03-4174, EPA 365.2",,,Deposition-Wet,1898.2,"Bucket in 22XII17 @ 0815 hours. Thawed in cooler over night. Blizzard last week, cold, windy, snowy. Light organics in sample, filtered through 500um mesh.;;;"
01/02/2018,Yellow Bay Knob @ Flathead Lake BioStation,Phosphorus (Total),TP,2.2,µg/L - P,,"USGS 03-4174, EPA 365.2",,,Deposition-Dry,2323.1,"Bucket in 22XII17 @ 0815 hours. Thawed in cooler over night. Blizzard last week, cold, windy, snowy. Moderate organics in sample, filtered through 500um mesh.;;;"
01/10/2018,Yellow Bay Knob @ Flathead Lake BioStation,Nitrogen (Total),TN,116,µg/L - N,,"USGS 03-4174, EPA 353.2",,,Deposition-Dry,1716,Bucket in on 02I18@1500hrs. Warmer temperatures last week w/rain showers. Moderate winds. Moderate organics in the sample; filtered through 500 um mesh.;;;
01/10/2018,Yellow Bay Knob @ Flathead Lake BioStation,Nitrogen (Total),TN,280,µg/L - N,,"USGS 03-4174, EPA 353.2",,,Deposition-Wet,565.2,Bucket in on 02I18@1500hrs. Warmer temperatures last week w/rain showers. Moderate winds. light organics in the sample; filtered through 500 um mesh.;;;
01/10/2018,Yellow Bay Knob @ Flathead Lake BioStation,Phosphorus (Total),TP,2.5,µg/L - P,,"USGS 03-4174, EPA 365.2",,,Deposition-Wet,565.2,Bucket in on 02I18@1500hrs. Warmer temperatures last week w/rain showers. Moderate winds. light organics in the sample; filtered through 500 um mesh.;;;
01/10/2018,Yellow Bay Knob @ Flathead Lake BioStation,Phosphorus (Total),TP,< 1.5,µg/L - P,,"USGS 03-4174, EPA 365.2",,,Deposition-Dry,1716,Bucket in on 02I18@1500hrs. Warmer temperatures last week w/rain showers. Moderate winds. Moderate organics in the sample; filtered through 500 um mesh.;;;
01/16/2018,Yellow Bay Knob @ Flathead Lake BioStation,Nitrogen (Total),TN,43,µg/L - N,,"USGS 03-4174, EPA 353.2",,,Deposition-Dry,1736.3,"Snow storm 3-4 days ago, mild temps (25-35degF), mild wind. Very light organics in sample, filtered through 500um mesh.;;;"
01/16/2018,Yellow Bay Knob @ Flathead Lake BioStation,Nitrogen (Total),TN,121,µg/L - N,,"USGS 03-4174, EPA 353.2",,,Deposition-Wet,1194.3,"Snow storm 3-4 days ago, mild temps (25-35degF), mild wind. Very light organics in sample, filtered through 500um mesh. Did not need to thaw sample.;;;"
01/16/2018,Yellow Bay Knob @ Flathead Lake BioStation,Phosphorus (Total),TP,< 1.5,µg/L - P,,"USGS 03-4174, EPA 365.2",,,Deposition-Wet,1194.3,"Snow storm 3-4 days ago, mild temps (25-35degF), mild wind. Very light organics in sample, filtered through 500um mesh. Did not need to thaw sample.;;;"
01/16/2018,Yellow Bay Knob @ Flathead Lake BioStation,Phosphorus (Total),TP,< 1.5,µg/L - P,,"USGS 03-4174, EPA 365.2",,,Deposition-Dry,1736.3,"Snow storm 3-4 days ago, mild temps (25-35degF), mild wind. Very light organics in sample, filtered through 500um mesh.;;;"
01/23/2018,Yellow Bay Knob @ Flathead Lake BioStation,Nitrogen (Total),TN,72.1,µg/L - N,,"USGS 03-4174, EPA 353.2",,,Deposition-Dry,764.1,Bucket in on 16I18@0815hours. Warmer temperatures; with some rain showers; moderate winds at times. Light organics in the sample; filtered through 500 um mesh.;;;
01/23/2018,Yellow Bay Knob @ Flathead Lake BioStation,Phosphorus (Total),TP,7.7,µg/L - P,,"USGS 03-4174, EPA 365.2",,,Deposition-Dry,764.1,Bucket in on 16I18@0815hours. Warmer temperatures; with some rain showers; moderate winds at times. Light organics in the sample; filtered through 500 um mesh.;;;
01/30/2018,Yellow Bay Knob @ Flathead Lake BioStation,Nitrogen (Total),TN,104,µg/L - N,,"USGS 03-4174, EPA 353.2",,,Deposition-Dry,1917.1,Bucket in on 23I18@1240hrs. Rain and snow showers this week at times; high winds at times; freezing nights and warm days. High organics in the sample; Filtered through 500 um mesh.;;;
01/30/2018,Yellow Bay Knob @ Flathead Lake BioStation,Nitrogen (Total),TN,210,µg/L - N,,"USGS 03-4174, EPA 353.2",,,Deposition-Wet,553.6,Bucket in on 16I18@0815hrs. Rain and snow showers on anf off during collection period; high winds at times; freezing nights and warm days. Moderate organics in the sample; Filtered through 500 um mesh.;;;
01/30/2018,Yellow Bay Knob @ Flathead Lake BioStation,Phosphorus (Total),TP,7.6,µg/L - P,,"USGS 03-4174, EPA 365.2",,,Deposition-Wet,553.6,Bucket in on 16I18@0815hrs. Rain and snow showers on anf off during collection period; high winds at times; freezing nights and warm days. Moderate organics in the sample; Filtered through 500 um mesh.;;;
01/30/2018,Yellow Bay Knob @ Flathead Lake BioStation,Phosphorus (Total),TP,5.6,µg/L - P,,"USGS 03-4174, EPA 365.2",,,Deposition-Dry,1917.1,Bucket in on 23I18@1240hrs. Rain and snow showers this week at times; high winds at times; freezing nights and warm days. High organics in the sample; Filtered through 500 um mesh.;;;
02/07/2018,Yellow Bay Knob @ Flathead Lake BioStation,Nitrogen (Total),TN,76.1,µg/L - N,,"USGS 03-4174, EPA 353.2",,,Deposition-Dry,1916.7,Bucket in on 30I18@1330hrs. Rain and snow storms; warmer temperatures (mid-30'sF); some high winds at times; colder temperatures later in the week. Mode. Organics in the sample: filtered through 500um mesh.;;;
02/07/2018,Yellow Bay Knob @ Flathead Lake BioStation,Nitrogen (Total),TN,98,µg/L - N,,"USGS 03-4174, EPA 353.2",,,Deposition-Wet,1069.3,Bucket in on 30I18@1330hrs. Rain and snow storms; warmer temperatures (mid-30'sF); some high winds at times; colder temperatures later in the week. Light organics in the sample: filtered through 500um mesh; sample frozen and was allowed to thaw overnight.;;;
02/07/2018,Yellow Bay Knob @ Flathead Lake BioStation,Phosphorus (Total),TP,< 1.5,µg/L - P,,"USGS 03-4174, EPA 365.2",,,Deposition-Wet,1069.3,Bucket in on 30I18@1330hrs. Rain and snow storms; warmer temperatures (mid-30'sF); some high winds at times; colder temperatures later in the week. Light organics in the sample: filtered through 500um mesh; sample frozen and was allowed to thaw overnight.;;;
02/07/2018,Yellow Bay Knob @ Flathead Lake BioStation,Phosphorus (Total),TP,< 1.5,µg/L - P,,"USGS 03-4174, EPA 365.2",,,Deposition-Dry,1916.7,Bucket in on 30I18@1330hrs. Rain and snow storms; warmer temperatures (mid-30'sF); some high winds at times; colder temperatures later in the week. Mode. Organics in the sample: filtered through 500um mesh.;;;
02/13/2018,Yellow Bay Knob @ Flathead Lake BioStation,Nitrogen (Total),TN,92,µg/L - N,,"USGS 03-4174, EPA 353.2",,,Deposition-Dry,1304.2,Bucket in on 06II18@0845hrs. Very cold temperatures in the single digits; some snow showers; very high winds 20-30mph gusts. Heavy organics in the sample; frozen; filtered through 500 um mesh; allowed to thaw overnight in the walk-in fridge.;;;
02/13/2018,Yellow Bay Knob @ Flathead Lake BioStation,Nitrogen (Total),TN,203,µg/L - N,,"USGS 03-4174, EPA 353.2",,,Deposition-Wet,325.2,Bucket in on 06II18@0845hrs. Very cold temperatures in the single digits; some snow showers; very high winds 20-30mph gusts. Light organics in the sample; snow; filtered through 500 um mesh; allowed to thaw overnight in the walk-in fridge.;;;
02/13/2018,Yellow Bay Knob @ Flathead Lake BioStation,Phosphorus (Total),TP,6.2,µg/L - P,,"USGS 03-4174, EPA 365.2",,,Deposition-Wet,325.2,Bucket in on 06II18@0845hrs. Very cold temperatures in the single digits; some snow showers; very high winds 20-30mph gusts. Light organics in the sample; snow; filtered through 500 um mesh; allowed to thaw overnight in the walk-in fridge.;;;
02/13/2018,Yellow Bay Knob @ Flathead Lake BioStation,Phosphorus (Total),TP,4.3,µg/L - P,,"USGS 03-4174, EPA 365.2",,,Deposition-Dry,1304.2,Bucket in on 06II18@0845hrs. Very cold temperatures in the single digits; some snow showers; very high winds 20-30mph gusts. Heavy organics in the sample; frozen; filtered through 500 um mesh; allowed to thaw overnight in the walk-in fridge.;;;
02/21/2018,Yellow Bay Knob @ Flathead Lake BioStation,Nitrogen (Total),TN,97.4,µg/L - N,,"USGS 03-4174, EPA 353.2",,,Deposition-Dry,1989.4,Bucket in on 13II18@0900hrs. Bitter cold this past week with a blizard 5 days ago; high winds at times and some more recent snow showers. Heavy organics in the sample; frozen and allowed to thaw in the walk-in fridge overnight; filtered through 500 um mes;;;
02/21/2018,Yellow Bay Knob @ Flathead Lake BioStation,Nitrogen (Total),TN,254,µg/L - N,,"USGS 03-4174, EPA 353.2",,,Deposition-Wet,1124.3,Bucket in on 13II18@0900hrs. Bitter cold this past week with a blizard 5 days ago; high winds at times and some more recent snow showers. Light organics in the sample; snow and allowed to thaw in the walk-in fridge overnight; filtered through 500 um mes;;;
02/21/2018,Yellow Bay Knob @ Flathead Lake BioStation,Phosphorus (Total),TP,5.2,µg/L - P,,"USGS 03-4174, EPA 365.2",,,Deposition-Wet,1124.3,Bucket in on 13II18@0900hrs. Bitter cold this past week with a blizard 5 days ago; high winds at times and some more recent snow showers. Light organics in the sample; snow and allowed to thaw in the walk-in fridge overnight; filtered through 500 um mes;;;
02/21/2018,Yellow Bay Knob @ Flathead Lake BioStation,Phosphorus (Total),TP,5.6,µg/L - P,,"USGS 03-4174, EPA 365.2",,,Deposition-Dry,1989.4,Bucket in on 13II18@0900hrs. Bitter cold this past week with a blizard 5 days ago; high winds at times and some more recent snow showers. Heavy organics in the sample; frozen and allowed to thaw in the walk-in fridge overnight; filtered through 500 um mes;;;
02/27/2018,Yellow Bay Knob @ Flathead Lake BioStation,Nitrogen (Total),TN,33,µg/L - N,,"USGS 03-4174, EPA 353.2",,,Deposition-Dry,1354.3,Bucket in on 21II18@1130hrs. Bitter cold changing to mid-20's (F) during the later half of the collection period; high winds; some sunny days. Moderate organics in the sample; partially frozen; thawed and then filtered through 500 um mesh.;;;
02/27/2018,Yellow Bay Knob @ Flathead Lake BioStation,Phosphorus (Total),TP,1.5,µg/L - P,,"USGS 03-4174, EPA 365.2",,,Deposition-Dry,1354.3,Bucket in on 21II18@1130hrs. Bitter cold changing to mid-20's (F) during the later half of the collection period; high winds; some sunny days. Moderate organics in the sample; partially frozen; thawed and then filtered through 500 um mesh.;;;
03/07/2018,Yellow Bay Knob @ Flathead Lake BioStation,Nitrogen (Total),TN,94.8,µg/L - N,,"USGS 03-4174, EPA 353.2",,,Deposition-Dry,1285.2,Bucket in on 27II18@1030hrs. Warmer temperatures but still freezing; high winds; facilities was burning slash piles here at the station; open burning started on 3/1/2018. Moderate organincs in the sample; filtered through 500 um mesh.;;;
03/07/2018,Yellow Bay Knob @ Flathead Lake BioStation,Phosphorus (Total),TP,18.8,µg/L - P,,"USGS 03-4174, EPA 365.2",,,Deposition-Dry,1285.2,Bucket in on 27II18@1030hrs. Warmer temperatures but still freezing; high winds; facilities was burning slash piles here at the station; open burning started on 3/1/2018. Moderate organincs in the sample; filtered through 500 um mesh.;;;
03/14/2018,Yellow Bay Knob @ Flathead Lake BioStation,Nitrogen (Total),TN,93.8,µg/L - N,,"USGS 03-4174, EPA 353.2",,,Deposition-Dry,1471.7,Bucket in on 07III18@1500hrs. Dry with most days above freezing but nights are still at freezing temps; high winds at times; some sunny days. Moderate organics in the sample; burning at the station again; filtered through 500um mesh.;;;
03/14/2018,Yellow Bay Knob @ Flathead Lake BioStation,Phosphorus (Total),TP,1.9,µg/L - P,,"USGS 03-4174, EPA 365.2",,,Deposition-Dry,1471.7,Bucket in on 07III18@1500hrs. Dry with most days above freezing but nights are still at freezing temps; high winds at times; some sunny days. Moderate organics in the sample; burning at the station again; filtered through 500um mesh.;;;
03/21/2018,Yellow Bay Knob @ Flathead Lake BioStation,Nitrogen (Total),TN,106,µg/L - N,,"USGS 03-4174, EPA 353.2",,,Deposition-Dry,1592.1,Bucket in on 14III18 @1540hrs. Overacast to sunny; high winds at times; daytime highs in the 40's (F) while nitghts are freezing; burning at the station. Light organics in the sample; filtered through 500 um mesh.;;;
03/21/2018,Yellow Bay Knob @ Flathead Lake BioStation,Nitrogen (Total),TN,584,µg/L - N,,"USGS 03-4174, EPA 353.2",,,Deposition-Wet,404.8,Bucket in on 21III18@1130hrs. Light rain/snow showers during collection period; took a long time to accumulate enough sample.; overcast to sunny; warmer temp. during day and freezing nights; open burning. Light organics; filtered 500 um; foamy sample.;;;
03/21/2018,Yellow Bay Knob @ Flathead Lake BioStation,Phosphorus (Total),TP,3.5,µg/L - P,,"USGS 03-4174, EPA 365.2",,,Deposition-Wet,404.8,Bucket in on 21III18@1130hrs. Light rain/snow showers during collection period; took a long time to accumulate enough sample.; overcast to sunny; warmer temp. during day and freezing nights; open burning. Light organics; filtered 500 um; foamy sample.;;;
03/21/2018,Yellow Bay Knob @ Flathead Lake BioStation,Phosphorus (Total),TP,1.8,µg/L - P,,"USGS 03-4174, EPA 365.2",,,Deposition-Dry,1592.1,Bucket in on 14III18 @1540hrs. Overacast to sunny; high winds at times; daytime highs in the 40's (F) while nitghts are freezing; burning at the station. Light organics in the sample; filtered through 500 um mesh.;;;
03/28/2018,Yellow Bay Knob @ Flathead Lake BioStation,Nitrogen (Total),TN,118,µg/L - N,,"USGS 03-4174, EPA 353.2",,,Deposition-Dry,725.5,Bucket in on 28III18@1400hrs. High winds and some rain showers; nights near freezing with days in the 40's (F); burning at the station. Moderate organics in the sample; filtered through 500 um mesh.;;;
03/28/2018,Yellow Bay Knob @ Flathead Lake BioStation,Nitrogen (Total),TN,280,µg/L - N,,"USGS 03-4174, EPA 353.2",,,Deposition-Wet,1213.6,Bucket in on 28III18@1400hrs. High winds and some rain showers; nights near freezing with days in the 40's (F); burning at the station. Light organics in the sample; 1 Chironomid adult; filtered through 500 um mesh.;;;
03/28/2018,Yellow Bay Knob @ Flathead Lake BioStation,Phosphorus (Total),TP,< 1.5,µg/L - P,,"USGS 03-4174, EPA 365.2",,,Deposition-Wet,1213.6,Bucket in on 28III18@1400hrs. High winds and some rain showers; nights near freezing with days in the 40's (F); burning at the station. Light organics in the sample; 1 Chironomid adult; filtered through 500 um mesh.;;;
03/28/2018,Yellow Bay Knob @ Flathead Lake BioStation,Phosphorus (Total),TP,4.5,µg/L - P,,"USGS 03-4174, EPA 365.2",,,Deposition-Dry,725.5,Bucket in on 28III18@1400hrs. High winds and some rain showers; nights near freezing with days in the 40's (F); burning at the station. Moderate organics in the sample; filtered through 500 um mesh.;;;
04/04/2018,Yellow Bay Knob @ Flathead Lake BioStation,Nitrogen (Total),TN,181,µg/L - N,,"USGS 03-4174, EPA 353.2",,,Deposition-Dry,1336.1,Bucket in on 28III18@0930hrs. Moderate to high winds; some snow and rain showers; daytime hihgs in mid-30's to 40's (F) then nights dropping to to or below freezing; burning at the station. Light organics in the sample; filtered through 500 um mesh.;;;
04/04/2018,Yellow Bay Knob @ Flathead Lake BioStation,Phosphorus (Total),TP,10.6,µg/L - P,,"USGS 03-4174, EPA 365.2",,,Deposition-Dry,1336.1,Bucket in on 28III18@0930hrs. Moderate to high winds; some snow and rain showers; daytime hihgs in mid-30's to 40's (F) then nights dropping to to or below freezing; burning at the station. Light organics in the sample; filtered through 500 um mesh.;;;
04/11/2018,Yellow Bay Knob @ Flathead Lake BioStation,Nitrogen (Total),TN,168,µg/L - N,,"USGS 03-4174, EPA 353.2",,,Deposition-Dry,2007,Bucket in on 04IV18@1130hrs. Rain showers at times; high winds at times; some sun breaks but mostly overcast; burning at the station. Heavy organics and one Dipteran fly; filtered through 500 um mesh.;;;
04/11/2018,Yellow Bay Knob @ Flathead Lake BioStation,Nitrogen (Total),TN,488,µg/L - N,,"USGS 03-4174, EPA 353.2",,,Deposition-Wet,632.2,Bucket in on 28III18@1400hrs. Rain showers on and off during the collection period; high winds at times; burning at the station. No visible organics in the sample; filtered through 500 um mesh.;;;
04/11/2018,Yellow Bay Knob @ Flathead Lake BioStation,Phosphorus (Total),TP,8.6,µg/L - P,,"USGS 03-4174, EPA 365.2",,,Deposition-Wet,632.2,Bucket in on 28III18@1400hrs. Rain showers on and off during the collection period; high winds at times; burning at the station. No visible organics in the sample; filtered through 500 um mesh.;;;
04/11/2018,Yellow Bay Knob @ Flathead Lake BioStation,Phosphorus (Total),TP,5.9,µg/L - P,,"USGS 03-4174, EPA 365.2",,,Deposition-Dry,2007,Bucket in on 04IV18@1130hrs. Rain showers at times; high winds at times; some sun breaks but mostly overcast; burning at the station. Heavy organics and one Dipteran fly; filtered through 500 um mesh.;;;
04/18/2018,Yellow Bay Knob @ Flathead Lake BioStation,Nitrogen (Total),TN,106,µg/L - N,,"USGS 03-4174, EPA 353.2",,,Deposition-Dry,1452.4,Bucket in on 11IV18@1200hrs. Heavy rainstorms at times; cold nights and warmer days; high winds at times. Light organics in the sample; filtered through 500 um mesh.;;;
04/18/2018,Yellow Bay Knob @ Flathead Lake BioStation,Nitrogen (Total),TN,158,µg/L - N,,"USGS 03-4174, EPA 353.2",,,Deposition-Wet,1644.8,"Bucket in on 11IV18@1200hrs. Heavy rainstorms at times; cold nights and warmer days; high winds at times. Moderate organics in the sample; 1 bumblebee, I Dipteran; filtered through 500 um mesh.;;;"
04/18/2018,Yellow Bay Knob @ Flathead Lake BioStation,Phosphorus (Total),TP,2.4,µg/L - P,,"USGS 03-4174, EPA 365.2",,,Deposition-Wet,1644.8,"Bucket in on 11IV18@1200hrs. Heavy rainstorms at times; cold nights and warmer days; high winds at times. Moderate organics in the sample; 1 bumblebee, I Dipteran; filtered through 500 um mesh.;;;"
04/18/2018,Yellow Bay Knob @ Flathead Lake BioStation,Phosphorus (Total),TP,5.1,µg/L - P,,"USGS 03-4174, EPA 365.2",,,Deposition-Dry,1452.4,Bucket in on 11IV18@1200hrs. Heavy rainstorms at times; cold nights and warmer days; high winds at times. Light organics in the sample; filtered through 500 um mesh.;;;
04/25/2018,Yellow Bay Knob @ Flathead Lake BioStation,Nitrogen (Total),TN,128,µg/L - N,,"USGS 03-4174, EPA 353.2",,,Deposition-Dry,982.1,Bucket in on 18IV18 @ 1300hrs. Mostly sunny and dry with hihg winds at times; lots of burning in the valley and at the station. Moderate organics in the sample; filtered through 500 um mesh.;;;
04/25/2018,Yellow Bay Knob @ Flathead Lake BioStation,Phosphorus (Total),TP,12.1,µg/L - P,,"USGS 03-4174, EPA 365.2",,,Deposition-Dry,982.1,Bucket in on 18IV18 @ 1300hrs. Mostly sunny and dry with hihg winds at times; lots of burning in the valley and at the station. Moderate organics in the sample; filtered through 500 um mesh.;;;
05/03/2018,Yellow Bay Knob @ Flathead Lake BioStation,Nitrogen (Total),TN,844,µg/L - N,,"USGS 03-4174, EPA 353.2",,,Deposition-Dry,1201.3,"Very smokey 1 day this week.  Inversion and valley wide burning.  Also burning at FLBS. ~12 flies and 1 bee in sample, filtered through 500um mesh.;;;"
05/03/2018,Yellow Bay Knob @ Flathead Lake BioStation,Nitrogen (Total),TN,807,µg/L - N,,"USGS 03-4174, EPA 353.2",,,Deposition-Wet,558,"Valley wide burning, Scattered rain on 30IV18 and 01V18..  Also burning at FLBS. Sample very clean, filtered through 500um mesh.;;;"
05/03/2018,Yellow Bay Knob @ Flathead Lake BioStation,Phosphorus (Total),TP,21.2,µg/L - P,,"USGS 03-4174, EPA 365.2",,,Deposition-Wet,558,"Valley wide burning, Scattered rain on 30IV18 and 01V18..  Also burning at FLBS. Sample very clean, filtered through 500um mesh.;;;"
05/03/2018,Yellow Bay Knob @ Flathead Lake BioStation,Phosphorus (Total),TP,123,µg/L - P,,"USGS 03-4174, EPA 365.2",,,Deposition-Dry,1201.3,"Very smokey 1 day this week.  Inversion and valley wide burning.  Also burning at FLBS. ~12 flies and 1 bee in sample, filtered through 500um mesh.;;;"
05/10/2018,Yellow Bay Knob @ Flathead Lake BioStation,Nitrogen (Total),TN,1170,µg/L - N,,"USGS 03-4174, EPA 353.2",,,Deposition-Dry,1204.2,Bucket in on 03V18@1000hrs. Rain showers at times but mostly dry; some burning in the valley; Lots of pollen in the air. Heavy organics in the sample and 2 bees and 3 flies in the sample; filtered through 500 um mesh.;;;
05/10/2018,Yellow Bay Knob @ Flathead Lake BioStation,Nitrogen (Total),TN,321,µg/L - N,,"USGS 03-4174, EPA 353.2",,,Deposition-Wet,520.5,Bucket in on 03V18@1000hrs. Rain showers at times but mostly dry; some burning in the valley; Lots of pollen in the air. Light organics; filtered through 500 um mesh.;;;
05/10/2018,Yellow Bay Knob @ Flathead Lake BioStation,Phosphorus (Total),TP,5.7,µg/L - P,,"USGS 03-4174, EPA 365.2",,,Deposition-Wet,520.5,Bucket in on 03V18@1000hrs. Rain showers at times but mostly dry; some burning in the valley; Lots of pollen in the air. Light organics; filtered through 500 um mesh.;;;
05/10/2018,Yellow Bay Knob @ Flathead Lake BioStation,Phosphorus (Total),TP,188,µg/L - P,,"USGS 03-4174, EPA 365.2",,,Deposition-Dry,1204.2,Bucket in on 03V18@1000hrs. Rain showers at times but mostly dry; some burning in the valley; Lots of pollen in the air. Heavy organics in the sample and 2 bees and 3 flies in the sample; filtered through 500 um mesh.;;;
05/16/2018,Yellow Bay Knob @ Flathead Lake BioStation,Nitrogen (Total),TN,964,µg/L - N,,"USGS 03-4174, EPA 353.2",,,Deposition-Dry,1152.5,Bucket in on 10V18@0915hrs. Few rainstorms last week but mostly dry; lots of pollen in the air and brush and USFS prescribed burns in the valley; hazy at times. Lots of pollen in the sample; heavy organics; 2 flies and 2 beetles; filtered through 500 um.;;;
05/16/2018,Yellow Bay Knob @ Flathead Lake BioStation,Nitrogen (Total),TN,282,µg/L - N,,"USGS 03-4174, EPA 353.2",,,Deposition-Dry,776.4,Bucket in on 10V18@0915hrs. Few rainstorms last week but mostly dry; lots of pollen in the air and brush and USFS prescribed burns in the valley; hazy at times. Light organics; no noticeable pollen; filtered through 500 um mesh.;;;
05/16/2018,Yellow Bay Knob @ Flathead Lake BioStation,Phosphorus (Total),TP,3,µg/L - P,,"USGS 03-4174, EPA 365.2",,,Deposition-Dry,776.4,Bucket in on 10V18@0915hrs. Few rainstorms last week but mostly dry; lots of pollen in the air and brush and USFS prescribed burns in the valley; hazy at times. Light organics; no noticeable pollen; filtered through 500 um mesh.;;;
05/16/2018,Yellow Bay Knob @ Flathead Lake BioStation,Phosphorus (Total),TP,182,µg/L - P,,"USGS 03-4174, EPA 365.2",,,Deposition-Dry,1152.5,Bucket in on 10V18@0915hrs. Few rainstorms last week but mostly dry; lots of pollen in the air and brush and USFS prescribed burns in the valley; hazy at times. Lots of pollen in the sample; heavy organics; 2 flies and 2 beetles; filtered through 500 um.;;;
05/23/2018,Yellow Bay Knob @ Flathead Lake BioStation,Nitrogen (Total),TN,536,µg/L - N,,"USGS 03-4174, EPA 353.2",,,Deposition-Dry,1067.1,"Bucket in on 16V18@0915hrs. Mostly dry with some rain showers; high winds at times; lots of pollen in the air; brush and prescribed burning in the valley. Heavy organics and 3 beetl;es, 2 bees and 1 fly in the sample; filtered through 500 um mesh.;;;"
05/23/2018,Yellow Bay Knob @ Flathead Lake BioStation,Phosphorus (Total),TP,94.2,µg/L - P,,"USGS 03-4174, EPA 365.2",,,Deposition-Dry,1067.1,"Bucket in on 16V18@0915hrs. Mostly dry with some rain showers; high winds at times; lots of pollen in the air; brush and prescribed burning in the valley. Heavy organics and 3 beetl;es, 2 bees and 1 fly in the sample; filtered through 500 um mesh.;;;"
05/30/2018,Yellow Bay Knob @ Flathead Lake BioStation,Nitrogen (Total),TN,1090,µg/L - N,,"USGS 03-4174, EPA 353.2",,,Deposition-Dry,829.2,Bucket in on 23V18@1030hrs. Mostly dry with some thunder/lightning rainstorms at times. Moderate to high winds. Lots of pollen in the air. Some smoke haze at times. Heavy organics in the sample; 3 beetles and 1 fly; filtered through 500 um mesh.;;;
05/30/2018,Yellow Bay Knob @ Flathead Lake BioStation,Nitrogen (Total),TN,689,µg/L - N,,"USGS 03-4174, EPA 353.2",,,Deposition-Wet,832.3,Bucket in on 16V18@1200hrs. Mostly dry with some thunder/lightning rainstorms at times. Moderate to high winds. Lots of pollen in the air. Some smoke haze at times. Light organics in the sample; filtered through 500 um mesh.;;;
05/30/2018,Yellow Bay Knob @ Flathead Lake BioStation,Phosphorus (Total),TP,9.5,µg/L - P,,"USGS 03-4174, EPA 365.2",,,Deposition-Wet,832.3,Bucket in on 16V18@1200hrs. Mostly dry with some thunder/lightning rainstorms at times. Moderate to high winds. Lots of pollen in the air. Some smoke haze at times. Light organics in the sample; filtered through 500 um mesh.;;;
05/30/2018,Yellow Bay Knob @ Flathead Lake BioStation,Phosphorus (Total),TP,168,µg/L - P,,"USGS 03-4174, EPA 365.2",,,Deposition-Dry,829.2,Bucket in on 23V18@1030hrs. Mostly dry with some thunder/lightning rainstorms at times. Moderate to high winds. Lots of pollen in the air. Some smoke haze at times. Heavy organics in the sample; 3 beetles and 1 fly; filtered through 500 um mesh.;;;
06/07/2018,Yellow Bay Knob @ Flathead Lake BioStation,Nitrogen (Total),TN,548,µg/L - N,,"USGS 03-4174, EPA 353.2",,,Deposition-Dry,908.4,Bucket in on 30V18@1500hrs. Heavy rainstorms at times; high to moderate winds; lots of pollen in the air; Temp's in the 60-70's. Moderate organics with 3 Dipteran flies; filtered through 500 um mesh.;;;
06/07/2018,Yellow Bay Knob @ Flathead Lake BioStation,Nitrogen (Total),TN,243,µg/L - N,,"USGS 03-4174, EPA 353.2",,,Deposition-Wet,1891.6,Bucket in on 30V18@1500hrs. Heavy rainstorms at times; high to moderate winds; lots of pollen in the air; Temp's in the 60-70's. Light organics in the sample; filtered through 500 um mesh.;;;
06/07/2018,Yellow Bay Knob @ Flathead Lake BioStation,Phosphorus (Total),TP,4,µg/L - P,,"USGS 03-4174, EPA 365.2",,,Deposition-Wet,1891.6,Bucket in on 30V18@1500hrs. Heavy rainstorms at times; high to moderate winds; lots of pollen in the air; Temp's in the 60-70's. Light organics in the sample; filtered through 500 um mesh.;;;
06/07/2018,Yellow Bay Knob @ Flathead Lake BioStation,Phosphorus (Total),TP,84.9,µg/L - P,,"USGS 03-4174, EPA 365.2",,,Deposition-Dry,908.4,Bucket in on 30V18@1500hrs. Heavy rainstorms at times; high to moderate winds; lots of pollen in the air; Temp's in the 60-70's. Moderate organics with 3 Dipteran flies; filtered through 500 um mesh.;;;
06/14/2018,Yellow Bay Knob @ Flathead Lake BioStation,Nitrogen (Total),TN,849,µg/L - N,,"USGS 03-4174, EPA 353.2",,,Deposition-Dry,1177.4,"Bucket in on 07VI18@1500hrs. High winds at times; rain showers at times but mostly dry; lots of pollen in the air. Heavy, HEAVY! Organics with 4 bees and 2 beetles; filtered through 500 um mesh; pollen in the sample.;;;"
06/14/2018,Yellow Bay Knob @ Flathead Lake BioStation,Nitrogen (Total),TN,425,µg/L - N,,"USGS 03-4174, EPA 353.2",,,Deposition-Wet,1141,Bucket in on 07VI18@1500hrs. High winds at times; rain showers at times but mostly dry; lots of pollen in the air. Light organics in the sample; filtered through 500 um mesh.;;;
06/14/2018,Yellow Bay Knob @ Flathead Lake BioStation,Phosphorus (Total),TP,17.9,µg/L - P,,"USGS 03-4174, EPA 365.2",,,Deposition-Wet,1141,Bucket in on 07VI18@1500hrs. High winds at times; rain showers at times but mostly dry; lots of pollen in the air. Light organics in the sample; filtered through 500 um mesh.;;;
06/14/2018,Yellow Bay Knob @ Flathead Lake BioStation,Phosphorus (Total),TP,155,µg/L - P,,"USGS 03-4174, EPA 365.2",,,Deposition-Dry,1177.4,"Bucket in on 07VI18@1500hrs. High winds at times; rain showers at times but mostly dry; lots of pollen in the air. Heavy, HEAVY! Organics with 4 bees and 2 beetles; filtered through 500 um mesh; pollen in the sample.;;;"
06/22/2018,Yellow Bay Knob @ Flathead Lake BioStation,Nitrogen (Total),TN,390,µg/L - N,,"USGS 03-4174, EPA 353.2",,,Deposition-Dry,484.9,Bucket in on 14VI18@1430hrs. Mostly dry with a few rain showers; calm to high winds; pollen in the air. Heavy organics; 5 beetles and 2 Dipteran flies; filtered through 500 um mesh. Pollen in the sample.;;;
06/22/2018,Yellow Bay Knob @ Flathead Lake BioStation,Nitrogen (Total),TN,334,µg/L - N,,"USGS 03-4174, EPA 353.2",,,Deposition-Wet,1008.6,Bucket in on 14VI18@1430hrs. Mostly dry with a few rain showers; calm to high winds; pollen in the air. Light organics; filtered through 500 um mesh.;;;
06/22/2018,Yellow Bay Knob @ Flathead Lake BioStation,Phosphorus (Total),TP,5.8,µg/L - P,,"USGS 03-4174, EPA 365.2",,,Deposition-Wet,1008.6,Bucket in on 14VI18@1430hrs. Mostly dry with a few rain showers; calm to high winds; pollen in the air. Light organics; filtered through 500 um mesh.;;;
06/22/2018,Yellow Bay Knob @ Flathead Lake BioStation,Phosphorus (Total),TP,67.5,µg/L - P,,"USGS 03-4174, EPA 365.2",,,Deposition-Dry,484.9,Bucket in on 14VI18@1430hrs. Mostly dry with a few rain showers; calm to high winds; pollen in the air. Heavy organics; 5 beetles and 2 Dipteran flies; filtered through 500 um mesh. Pollen in the sample.;;;
06/29/2018,Yellow Bay Knob @ Flathead Lake BioStation,Nitrogen (Total),TN,258,µg/L - N,,"USGS 03-4174, EPA 353.2",,,Deposition-Dry,1087.5,Bucket in 22VI18@1000hrs. Mostly dry with some heavy rainstorms; intermittently. Pollen in the air; high to moderate winds. Heavy organics in the sample with 5 beetles and 1 flying ant; filtered through 500 um mesh.;;;
06/29/2018,Yellow Bay Knob @ Flathead Lake BioStation,Nitrogen (Total),TN,446,µg/L - N,,"USGS 03-4174, EPA 353.2",,,Deposition-Wet,2212.7,Bucket in 22VI18@1000hrs. Mostly dry with some heavy rainstorms; intermittently. Pollen in the air; high to moderate winds.Light organics in sample; filtered through 500 um mesh.;;;
06/29/2018,Yellow Bay Knob @ Flathead Lake BioStation,Phosphorus (Total),TP,15,µg/L - P,,"USGS 03-4174, EPA 365.2",,,Deposition-Wet,2212.7,Bucket in 22VI18@1000hrs. Mostly dry with some heavy rainstorms; intermittently. Pollen in the air; high to moderate winds.Light organics in sample; filtered through 500 um mesh.;;;
06/29/2018,Yellow Bay Knob @ Flathead Lake BioStation,Phosphorus (Total),TP,26.5,µg/L - P,,"USGS 03-4174, EPA 365.2",,,Deposition-Dry,1087.5,Bucket in 22VI18@1000hrs. Mostly dry with some heavy rainstorms; intermittently. Pollen in the air; high to moderate winds. Heavy organics in the sample with 5 beetles and 1 flying ant; filtered through 500 um mesh.;;;
07/06/2018,Yellow Bay Knob @ Flathead Lake BioStation,Nitrogen (Total),TN,265,µg/L - N,,"USGS 03-4174, EPA 353.2",,,Deposition-Dry,1130.2,Bucket in on 29VI18@1500. Sunny to overcast with rain showers and thunder/lightning storms; high winds at times; 4th of July fireworks probably influenced this sample. Moderate organics; 8 midges ands 1 beetle; filtreed through 500 um mesh.;;;
07/06/2018,Yellow Bay Knob @ Flathead Lake BioStation,Phosphorus (Total),TP,47.8,µg/L - P,,"USGS 03-4174, EPA 365.2",,,Deposition-Dry,1130.2,Bucket in on 29VI18@1500. Sunny to overcast with rain showers and thunder/lightning storms; high winds at times; 4th of July fireworks probably influenced this sample. Moderate organics; 8 midges ands 1 beetle; filtreed through 500 um mesh.;;;
07/13/2018,Yellow Bay Knob @ Flathead Lake BioStation,Nitrogen (Total),TN,115,µg/L - N,,"USGS 03-4174, EPA 353.2",,,Deposition-Dry,1099,"Bucket in on 06VII18 at 1500hrs. Hot and dry, calm to high winds at times, somewhat hazy for from fires in other states. Low organics; 3 beetles in the sample; filtered through 500 um mesh.;;;"
07/13/2018,Yellow Bay Knob @ Flathead Lake BioStation,Phosphorus (Total),TP,13.4,µg/L - P,,"USGS 03-4174, EPA 365.2",,,Deposition-Dry,1099,"Bucket in on 06VII18 at 1500hrs. Hot and dry, calm to high winds at times, somewhat hazy for from fires in other states. Low organics; 3 beetles in the sample; filtered through 500 um mesh.;;;"
07/20/2018,Yellow Bay Knob @ Flathead Lake BioStation,Nitrogen (Total),TN,156,µg/L - N,,"USGS 03-4174, EPA 353.2",,,Deposition-Dry,725,Bucket in on 13VII18@1930hrs.Hot and dry. Moderate to calm winds; some haze in the sky from fires. Moderate organics and 1beetle in the sample; filtered through 500um mesh.;;;
07/20/2018,Yellow Bay Knob @ Flathead Lake BioStation,Phosphorus (Total),TP,24.3,µg/L - P,,"USGS 03-4174, EPA 365.2",,,Deposition-Dry,725,Bucket in on 13VII18@1930hrs.Hot and dry. Moderate to calm winds; some haze in the sky from fires. Moderate organics and 1beetle in the sample; filtered through 500um mesh.;;;
07/27/2018,Yellow Bay Knob @ Flathead Lake BioStation,Nitrogen (Total),TN,788,µg/L - N,,"USGS 03-4174, EPA 353.2",,,Deposition-Dry,1273.1,"Bucket in 20VII18 @ 1830 hours. Hot, dry, windy all week.  Just a touch of water left in bucket (~100ml), added ~1L of DI to bucket, mixed well for sample.  Moderate organics, few bugs and 1 bumble bee in sample, filterer through 500um mesh.;;;"
07/27/2018,Yellow Bay Knob @ Flathead Lake BioStation,Phosphorus (Total),TP,141,µg/L - P,,"USGS 03-4174, EPA 365.2",,,Deposition-Dry,1273.1,"Bucket in 20VII18 @ 1830 hours. Hot, dry, windy all week.  Just a touch of water left in bucket (~100ml), added ~1L of DI to bucket, mixed well for sample.  Moderate organics, few bugs and 1 bumble bee in sample, filterer through 500um mesh.;;;"
08/02/2018,Yellow Bay Knob @ Flathead Lake BioStation,Nitrogen (Total),TN,357,µg/L - N,,"USGS 03-4174, EPA 353.2",,,Deposition-Dry,535.5,Bucket in on 27VII18@0830hrs. Hot and dry all week; highs in the high 80's to low 90's (F); getting hazy from fires in the state and outside the state. Moderate organics; 1 bumnblebee; 2 Dipteran flies; filtered through 500 um mesh.;;;
08/02/2018,Yellow Bay Knob @ Flathead Lake BioStation,Phosphorus (Total),TP,80.5,µg/L - P,,"USGS 03-4174, EPA 365.2",,,Deposition-Dry,535.5,Bucket in on 27VII18@0830hrs. Hot and dry all week; highs in the high 80's to low 90's (F); getting hazy from fires in the state and outside the state. Moderate organics; 1 bumnblebee; 2 Dipteran flies; filtered through 500 um mesh.;;;
08/10/2018,Yellow Bay Knob @ Flathead Lake BioStation,Nitrogen (Total),TN,178,µg/L - N,,"USGS 03-4174, EPA 353.2",,,Deposition-Dry,1013.9,Bucket in on 02VIII18 @ 1115hrs. Hot and dry with highs in the high-80's to low-90's; haze has set in from the fires; some wind. Moderate organics; only ~100ml of water in the bucket; added 1L DI mixed and let stand; filt through 500 um mesh.;;;
08/10/2018,Yellow Bay Knob @ Flathead Lake BioStation,Phosphorus (Total),TP,24.7,µg/L - P,,"USGS 03-4174, EPA 365.2",,,Deposition-Dry,1013.9,Bucket in on 02VIII18 @ 1115hrs. Hot and dry with highs in the high-80's to low-90's; haze has set in from the fires; some wind. Moderate organics; only ~100ml of water in the bucket; added 1L DI mixed and let stand; filt through 500 um mesh.;;;
08/16/2018,Yellow Bay Knob @ Flathead Lake BioStation,Nitrogen (Total),TN,89.2,µg/L - N,,"USGS 03-4174, EPA 353.2",,,Deposition-Dry,1436.4,"Bucket in on 16VIII18@1250. Very, very smokey from fires; hot and dry; some wind from the north but lots of calm periods. Moderate organics; 1 beetle 6 small Dipteran flies; filtered through 500 um mesh.;;;"
08/16/2018,Yellow Bay Knob @ Flathead Lake BioStation,Phosphorus (Total),TP,9.2,µg/L - P,,"USGS 03-4174, EPA 365.2",,,Deposition-Dry,1436.4,"Bucket in on 16VIII18@1250. Very, very smokey from fires; hot and dry; some wind from the north but lots of calm periods. Moderate organics; 1 beetle 6 small Dipteran flies; filtered through 500 um mesh.;;;"
08/21/2018,Yellow Bay Knob @ Flathead Lake BioStation,Nitrogen (Total),TN,196,µg/L - N,,"USGS 03-4174, EPA 353.2",,,Deposition-Dry,1790.3,"Bucket in 16VIII18 @ 1250 hours. . Hot, dry for last week.  Rain and wind yesterday.  Few pine needles, 2 flies and light organics in sample.  Filtered through 500um mesh.;;;"
08/21/2018,Yellow Bay Knob @ Flathead Lake BioStation,Nitrogen (Total),TN,1310,µg/L - N,,"USGS 03-4174, EPA 353.2",,,Deposition-Wet,590.9,"Bucket in 29VI18 @ 1500 hours. Hot and dry summer, rain and wind yesterday. Light organics in sample (no flies or needles).  Filtered through 500um mesh.;;;"
08/21/2018,Yellow Bay Knob @ Flathead Lake BioStation,Phosphorus (Total),TP,13.8,µg/L - P,,"USGS 03-4174, EPA 365.2",,,Deposition-Wet,590.9,"Bucket in 29VI18 @ 1500 hours. Hot and dry summer, rain and wind yesterday. Light organics in sample (no flies or needles).  Filtered through 500um mesh.;;;"
08/21/2018,Yellow Bay Knob @ Flathead Lake BioStation,Phosphorus (Total),TP,16.8,µg/L - P,,"USGS 03-4174, EPA 365.2",,,Deposition-Dry,1790.3,"Bucket in 16VIII18 @ 1250 hours. . Hot, dry for last week.  Rain and wind yesterday.  Few pine needles, 2 flies and light organics in sample.  Filtered through 500um mesh.;;;"
08/28/2018,Yellow Bay Knob @ Flathead Lake BioStation,Nitrogen (Total),TN,279,µg/L - N,,"USGS 03-4174, EPA 353.2",,,Deposition-Dry,1021.6,Smokey and cool last week.  Rain last two days. Moderate fine organics and 1 bumble bee in sample.  Filtered through 500um mesh.;;;
08/28/2018,Yellow Bay Knob @ Flathead Lake BioStation,Nitrogen (Total),TN,357,µg/L - N,,"USGS 03-4174, EPA 353.2",,,Deposition-Wet,1235.3,Smokey and cool last week.  Rain last two days. Very light fine organics in sample.  Filtered through 500um mesh.;;;
08/28/2018,Yellow Bay Knob @ Flathead Lake BioStation,Phosphorus (Total),TP,4.8,µg/L - P,,"USGS 03-4174, EPA 365.2",,,Deposition-Wet,1235.3,Smokey and cool last week.  Rain last two days. Very light fine organics in sample.  Filtered through 500um mesh.;;;
08/28/2018,Yellow Bay Knob @ Flathead Lake BioStation,Phosphorus (Total),TP,11.7,µg/L - P,,"USGS 03-4174, EPA 365.2",,,Deposition-Dry,1021.6,Smokey and cool last week.  Rain last two days. Moderate fine organics and 1 bumble bee in sample.  Filtered through 500um mesh.;;;
09/05/2018,Yellow Bay Knob @ Flathead Lake BioStation,Nitrogen (Total),TN,268,µg/L - N,,"USGS 03-4174, EPA 353.2",,,Deposition-Dry,669.3,Bucket in on 28VIII18@0730 hrs. Dry and Hot! Windy at times; Still smokey and hazy from the fires. Heavy organics; 1 hornet in the bucket; filtered through 500 um mesh.;;;
09/05/2018,Yellow Bay Knob @ Flathead Lake BioStation,Phosphorus (Total),TP,70.5,µg/L - P,,"USGS 03-4174, EPA 365.2",,,Deposition-Dry,669.3,Bucket in on 28VIII18@0730 hrs. Dry and Hot! Windy at times; Still smokey and hazy from the fires. Heavy organics; 1 hornet in the bucket; filtered through 500 um mesh.;;;
09/14/2018,Yellow Bay Knob @ Flathead Lake BioStation,Nitrogen (Total),TN,511,µg/L - N,,"USGS 03-4174, EPA 353.2",,,Deposition-Wet,685.1,Bucket in on 28VIII18 at 0730hrs. High winds at times with cooler temperatures in the evenings (40's) and days in the 70's. Hazy form smoke/fires. Heavy rains yesterday.;;;
09/14/2018,Yellow Bay Knob @ Flathead Lake BioStation,Nitrogen (Total),TN,138,µg/L - N,,"USGS 03-4174, EPA 353.2",,,Deposition-Dry,1767.4,"Bucket in on 05IX18 at 1430hrs. Temperatures are starting to cool; evenings in the 40's with days in the 70's. High winds at times; some haze from fires. Moderate organics with 1 bee, 1 Chironomid adult and 2 Hymenoptera flies; filtered through 500um mesh;;;"
09/14/2018,Yellow Bay Knob @ Flathead Lake BioStation,Phosphorus (Total),TP,24.8,µg/L - P,,"USGS 03-4174, EPA 365.2",,,Deposition-Dry,1767.4,"Bucket in on 05IX18 at 1430hrs. Temperatures are starting to cool; evenings in the 40's with days in the 70's. High winds at times; some haze from fires. Moderate organics with 1 bee, 1 Chironomid adult and 2 Hymenoptera flies; filtered through 500um mesh;;;"
09/14/2018,Yellow Bay Knob @ Flathead Lake BioStation,Phosphorus (Total),TP,21.2,µg/L - P,,"USGS 03-4174, EPA 365.2",,,Deposition-Wet,685.1,Bucket in on 28VIII18 at 0730hrs. High winds at times with cooler temperatures in the evenings (40's) and days in the 70's. Hazy form smoke/fires. Heavy rains yesterday.;;;
09/21/2018,Yellow Bay Knob @ Flathead Lake BioStation,Nitrogen (Total),TN,157,µg/L - N,,"USGS 03-4174, EPA 353.2",,,Deposition-Dry,1267.2,Bucket in on 14IX18@0930hrs. Dry and cooler days and nights; smokey at times; high winds at times. Moderate organics and 12 Hymenoptera flies; filtered through 500 um mesh.;;;
09/21/2018,Yellow Bay Knob @ Flathead Lake BioStation,Phosphorus (Total),TP,36.9,µg/L - P,,"USGS 03-4174, EPA 365.2",,,Deposition-Dry,1267.2,Bucket in on 14IX18@0930hrs. Dry and cooler days and nights; smokey at times; high winds at times. Moderate organics and 12 Hymenoptera flies; filtered through 500 um mesh.;;;
09/28/2018,Yellow Bay Knob @ Flathead Lake BioStation,Nitrogen (Total),TN,209,µg/L - N,,"USGS 03-4174, EPA 353.2",,,Deposition-Dry,1223.6,Bucket in on 21IX18 @ 0930hrs. Overcast to p.sunny; high winds at times; some rain showers; smoke/haze has pretty much cleared out. Heavy organics; 1 Anisoptera adult; 3 Chironomid adults; 2 Hymenoptera adults in the sample; filtered through 500 um mesh.;;;
09/28/2018,Yellow Bay Knob @ Flathead Lake BioStation,Phosphorus (Total),TP,35.2,µg/L - P,,"USGS 03-4174, EPA 365.2",,,Deposition-Dry,1223.6,Bucket in on 21IX18 @ 0930hrs. Overcast to p.sunny; high winds at times; some rain showers; smoke/haze has pretty much cleared out. Heavy organics; 1 Anisoptera adult; 3 Chironomid adults; 2 Hymenoptera adults in the sample; filtered through 500 um mesh.;;;
10/05/2018,Yellow Bay Knob @ Flathead Lake BioStation,Nitrogen (Total),TN,390,µg/L - N,,"USGS 03-4174, EPA 353.2",,,Deposition-Dry,1614.4,"Cool and rainy for last week.  Lots of pine needles, few gnats and moderate fine organics in sample.  Filtered through 500um mesh.;;;"
10/05/2018,Yellow Bay Knob @ Flathead Lake BioStation,Nitrogen (Total),TN,522,µg/L - N,,"USGS 03-4174, EPA 353.2",,,Deposition-Wet,768.9,"Cool and rainy for last week.Few pine needles, 3 gnats and light fine organics in sample.  Filtered through 500um mesh.;;;"
10/05/2018,Yellow Bay Knob @ Flathead Lake BioStation,Phosphorus (Total),TP,14.8,µg/L - P,,"USGS 03-4174, EPA 365.2",,,Deposition-Wet,768.9,"Cool and rainy for last week.Few pine needles, 3 gnats and light fine organics in sample.  Filtered through 500um mesh.;;;"
10/05/2018,Yellow Bay Knob @ Flathead Lake BioStation,Phosphorus (Total),TP,27.2,µg/L - P,,"USGS 03-4174, EPA 365.2",,,Deposition-Dry,1614.4,"Cool and rainy for last week.  Lots of pine needles, few gnats and moderate fine organics in sample.  Filtered through 500um mesh.;;;"
10/12/2018,Yellow Bay Knob @ Flathead Lake BioStation,Nitrogen (Total),TN,94.2,µg/L - N,,"USGS 03-4174, EPA 353.2",,,Deposition-Dry,1421.2,Bucket in on 05X18@10:30hrs. Overcast to P. Sunny; high winds for most of the week; highs in the 50's (F). Heavy organics; 2 Chironomid adults; filtered through 500 um mesh.;;;
10/12/2018,Yellow Bay Knob @ Flathead Lake BioStation,Phosphorus (Total),TP,16.4,µg/L - P,,"USGS 03-4174, EPA 365.2",,,Deposition-Dry,1421.2,Bucket in on 05X18@10:30hrs. Overcast to P. Sunny; high winds for most of the week; highs in the 50's (F). Heavy organics; 2 Chironomid adults; filtered through 500 um mesh.;;;
10/22/2018,Yellow Bay Knob @ Flathead Lake BioStation,Nitrogen (Total),TN,186,µg/L - N,,"USGS 03-4174, EPA 353.2",,,Deposition-Dry,1602.7,"Bucket in 12X18 @ 1030 hours. Warm, sunny, dry for last week.  1 wasp, 1 dragonflly, 3 flies, few pine needles and moderate fine organics in sample.  Filtered through 500um mesh.;;;"
10/22/2018,Yellow Bay Knob @ Flathead Lake BioStation,Phosphorus (Total),TP,35,µg/L - P,,"USGS 03-4174, EPA 365.2",,,Deposition-Dry,1602.7,"Bucket in 12X18 @ 1030 hours. Warm, sunny, dry for last week.  1 wasp, 1 dragonflly, 3 flies, few pine needles and moderate fine organics in sample.  Filtered through 500um mesh.;;;"
10/29/2018,Yellow Bay Knob @ Flathead Lake BioStation,Nitrogen (Total),TN,133,µg/L - N,,"USGS 03-4174, EPA 353.2",,,Deposition-Dry,1671.5,"Bucket in on 22X18 @ 1400hrs. Warm, sunny turning to rain later in the week. Moderate organics, 1 wasp, 1 Chironomid, filtered through 500 um mesh.;;;"
10/29/2018,Yellow Bay Knob @ Flathead Lake BioStation,Nitrogen (Total),TN,206,µg/L - N,,"USGS 03-4174, EPA 353.2",,,Deposition-Wet,1520.5,"Bucket in on 05X18 @ 1030hrs. Mostly warm and dry, sunny turning to rain 3 days ago. Moderate organics, filtered through 500 um mesh.;;;"
10/29/2018,Yellow Bay Knob @ Flathead Lake BioStation,Phosphorus (Total),TP,11.3,µg/L - P,,"USGS 03-4174, EPA 365.2",,,Deposition-Wet,1520.5,"Bucket in on 05X18 @ 1030hrs. Mostly warm and dry, sunny turning to rain 3 days ago. Moderate organics, filtered through 500 um mesh.;;;"
10/29/2018,Yellow Bay Knob @ Flathead Lake BioStation,Phosphorus (Total),TP,5.3,µg/L - P,,"USGS 03-4174, EPA 365.2",,,Deposition-Dry,1671.5,"Bucket in on 22X18 @ 1400hrs. Warm, sunny turning to rain later in the week. Moderate organics, 1 wasp, 1 Chironomid, filtered through 500 um mesh.;;;"
11/05/2018,Yellow Bay Knob @ Flathead Lake BioStation,Nitrogen (Total),TN,81.7,µg/L - N,,"USGS 03-4174, EPA 353.2",,,Deposition-Dry,2280,Bucket in on 29X18 @1100hrs. Lots of rain last week; high winds at times. Moderate organics in the sample; filtered through 500 um mesh.;;;
11/05/2018,Yellow Bay Knob @ Flathead Lake BioStation,Nitrogen (Total),TN,142,µg/L - N,,"USGS 03-4174, EPA 353.2",,,Deposition-Wet,1131.8,Bucket in on 29X18 @1100hrs. Lots of rain last week; high winds at times. No visible organics in the sample; filtered through 500 um mesh anyway.;;;
11/05/2018,Yellow Bay Knob @ Flathead Lake BioStation,Phosphorus (Total),TP,2.9,µg/L - P,,"USGS 03-4174, EPA 365.2",,,Deposition-Wet,1131.8,Bucket in on 29X18 @1100hrs. Lots of rain last week; high winds at times. No visible organics in the sample; filtered through 500 um mesh anyway.;;;
11/05/2018,Yellow Bay Knob @ Flathead Lake BioStation,Phosphorus (Total),TP,3.8,µg/L - P,,"USGS 03-4174, EPA 365.2",,,Deposition-Dry,2280,Bucket in on 29X18 @1100hrs. Lots of rain last week; high winds at times. Moderate organics in the sample; filtered through 500 um mesh.;;;
11/14/2018,Yellow Bay Knob @ Flathead Lake BioStation,Nitrogen (Total),TN,425,µg/L - N,,"USGS 03-4174, EPA 353.2",,,Deposition-Wet,901.5,Bucket in on 05XI18 @ 0930hrs. Cold temperatures (mid-20's to mid-30's) last week; some rain and snow showers; High winds at times. Light organics in the sample; filtered through 500 um mesh.;;;
11/14/2018,Yellow Bay Knob @ Flathead Lake BioStation,Nitrogen (Total),TN,93.2,µg/L - N,,"USGS 03-4174, EPA 353.2",,,Deposition-Dry,1773.1,Bucket in on 05XI18 @ 0930hrs. Cold temperatures (mid-20's to mid-30's) last week; some rain and snow showers; High winds at times. Light organics in the sample with 3 flies; filtered through 500 um mesh.;;;
11/14/2018,Yellow Bay Knob @ Flathead Lake BioStation,Phosphorus (Total),TP,2.4,µg/L - P,,"USGS 03-4174, EPA 365.2",,,Deposition-Dry,1773.1,Bucket in on 05XI18 @ 0930hrs. Cold temperatures (mid-20's to mid-30's) last week; some rain and snow showers; High winds at times. Light organics in the sample with 3 flies; filtered through 500 um mesh.;;;
11/14/2018,Yellow Bay Knob @ Flathead Lake BioStation,Phosphorus (Total),TP,7.4,µg/L - P,,"USGS 03-4174, EPA 365.2",,,Deposition-Wet,901.5,Bucket in on 05XI18 @ 0930hrs. Cold temperatures (mid-20's to mid-30's) last week; some rain and snow showers; High winds at times. Light organics in the sample; filtered through 500 um mesh.;;;
11/21/2018,Yellow Bay Knob @ Flathead Lake BioStation,Nitrogen (Total),TN,57.4,µg/L - N,,"USGS 03-4174, EPA 353.2",,,Deposition-Dry,1648.5,Bucket in on 05XI18 @ 0930hrs. Cold and sunny at times; moderate winds; freezing fog today. Light organics; filtered through 500 um mesh.;;;
11/21/2018,Yellow Bay Knob @ Flathead Lake BioStation,Phosphorus (Total),TP,3.5,µg/L - P,,"USGS 03-4174, EPA 365.2",,,Deposition-Dry,1648.5,Bucket in on 05XI18 @ 0930hrs. Cold and sunny at times; moderate winds; freezing fog today. Light organics; filtered through 500 um mesh.;;;
11/27/2018,Yellow Bay Knob @ Flathead Lake BioStation,Nitrogen (Total),TN,26.4,µg/L - N,,"USGS 03-4174, EPA 353.2",,,Deposition-Dry,1743,"Bucket in on 21XI18@1440 hrs. Temperatures above freezing during the day, during the later half of the week, with cold nights. But, mostly cold and dry this past week. Light organics in the sample; filtered through 500 um mesh.;;;"
11/27/2018,Yellow Bay Knob @ Flathead Lake BioStation,Phosphorus (Total),TP,2.8,µg/L - P,,"USGS 03-4174, EPA 365.2",,,Deposition-Dry,1743,"Bucket in on 21XI18@1440 hrs. Temperatures above freezing during the day, during the later half of the week, with cold nights. But, mostly cold and dry this past week. Light organics in the sample; filtered through 500 um mesh.;;;"
12/04/2018,Yellow Bay Knob @ Flathead Lake BioStation,Nitrogen (Total),TN,45.4,µg/L - N,,"USGS 03-4174, EPA 353.2",,,Deposition-Dry,1875.7,Bucket in on 27XI18 @ 0900hrs. Some rain and snow showers with warmer temperatures. Calm to moderate winds. Light organics in the sample; filtered through 500um mesh.;;;
12/04/2018,Yellow Bay Knob @ Flathead Lake BioStation,Nitrogen (Total),TN,283,µg/L - N,,"USGS 03-4174, EPA 353.2",,,Deposition-Wet,694.1,Bucket in on 14XI18 @ 1330hrs. Some rain and snow showers with warmer temperatures. Calm to moderate winds. No visible organics in the sample; filtered through 500um mesh.;;;
12/04/2018,Yellow Bay Knob @ Flathead Lake BioStation,Phosphorus (Total),TP,5.5,µg/L - P,,"USGS 03-4174, EPA 365.2",,,Deposition-Wet,694.1,Bucket in on 14XI18 @ 1330hrs. Some rain and snow showers with warmer temperatures. Calm to moderate winds. No visible organics in the sample; filtered through 500um mesh.;;;
12/04/2018,Yellow Bay Knob @ Flathead Lake BioStation,Phosphorus (Total),TP,< 1.5,µg/L - P,,"USGS 03-4174, EPA 365.2",,,Deposition-Dry,1875.7,Bucket in on 27XI18 @ 0900hrs. Some rain and snow showers with warmer temperatures. Calm to moderate winds. Light organics in the sample; filtered through 500um mesh.;;;
12/11/2018,Yellow Bay Knob @ Flathead Lake BioStation,Nitrogen (Total),TN,42.9,µg/L - N,,"USGS 03-4174, EPA 353.2",,,Deposition-Dry,1809.9,"Bucket in on 04XII18@1515hrs. Overcast to P.sunny, Snow yesterday and more in the forecast; light to high winds; Temps. In the mid-20's to mid-30's (F). Light organics in the sample; filtered through 500um mesh.;;;"
12/11/2018,Yellow Bay Knob @ Flathead Lake BioStation,Phosphorus (Total),TP,< 1.5,µg/L - P,,"USGS 03-4174, EPA 365.2",,,Deposition-Dry,1809.9,"Bucket in on 04XII18@1515hrs. Overcast to P.sunny, Snow yesterday and more in the forecast; light to high winds; Temps. In the mid-20's to mid-30's (F). Light organics in the sample; filtered through 500um mesh.;;;"
12/19/2018,Yellow Bay Knob @ Flathead Lake BioStation,Nitrogen (Total),TN,64.4,µg/L - N,,"USGS 03-4174, EPA 353.2",,,Deposition-Dry,1559.5,"**See notebooks for more notes on this sample,possible electical issues w/LODA. Bucket in on 11XII18@1040hrs. Heavy Rain yesterday and high winds. Warmer tempertures this week (mid-30's to 40 F). Heavy organics in the sample: filtered through 500 um mesh.;;;"
12/19/2018,Yellow Bay Knob @ Flathead Lake BioStation,Phosphorus (Total),TP,3.8,µg/L - P,,"USGS 03-4174, EPA 365.2",,,Deposition-Dry,1559.5,"**See notebooks for more notes on this sample,possible electical issues w/LODA. Bucket in on 11XII18@1040hrs. Heavy Rain yesterday and high winds. Warmer tempertures this week (mid-30's to 40 F). Heavy organics in the sample: filtered through 500 um mesh.;;;"
12/27/2018,Yellow Bay Knob @ Flathead Lake BioStation,Nitrogen (Total),TN,57,µg/L - N,,"USGS 03-4174, EPA 353.2",,,Deposition-Dry,1836.3,"slight snow at time of collection, forecasted to be trace amounts;;;"
12/27/2018,Yellow Bay Knob @ Flathead Lake BioStation,Nitrogen (Total),TN,168,µg/L - N,,"USGS 03-4174, EPA 353.2",,,Deposition-Wet,1085.1,"slight snow at time of collection, forecasted to be trace amounts;;;"
12/27/2018,Yellow Bay Knob @ Flathead Lake BioStation,Phosphorus (Total),TP,1.7,µg/L - P,,"USGS 03-4174, EPA 365.2",,,Deposition-Wet,1085.1,"slight snow at time of collection, forecasted to be trace amounts;;;"
12/27/2018,Yellow Bay Knob @ Flathead Lake BioStation,Phosphorus (Total),TP,< 1.5,µg/L - P,,"USGS 03-4174, EPA 365.2",,,Deposition-Dry,1836.3,"slight snow at time of collection, forecasted to be trace amounts;;;"
01/03/2019,Yellow Bay Knob @ Flathead Lake BioStation,Nitrogen (Total),TN,31.9,µg/L - N,,"USGS 03-4174, EPA 353.2",,,Deposition-Dry,1676.1,Bucket in on 27XII18@1015hrs. Some rain and snowshowers; cold temperatures for most of the week(low-20's F); calm to moderate winds. Moderate organics in the sample; filtered through 500um mesh.;;;
01/03/2019,Yellow Bay Knob @ Flathead Lake BioStation,Phosphorus (Total),TP,< 1.5,µg/L - P,,"USGS 03-4174, EPA 365.2",,,Deposition-Dry,1676.1,Bucket in on 27XII18@1015hrs. Some rain and snowshowers; cold temperatures for most of the week(low-20's F); calm to moderate winds. Moderate organics in the sample; filtered through 500um mesh.;;;
01/10/2019,Yellow Bay Knob @ Flathead Lake BioStation,Nitrogen (Total),TN,50.2,µg/L - N,,"USGS 03-4174, EPA 353.2",,,Deposition-Dry,464.7,Bucket in on 03I19@0900hrs. Rain and snow showers; high to moderate winds; cold temperatures earlier in the week then turning to warmer temperatures later in the week. Light organics in the sample; filtered through 500um mesh.;;;
01/10/2019,Yellow Bay Knob @ Flathead Lake BioStation,Nitrogen (Total),TN,178,µg/L - N,,"USGS 03-4174, EPA 353.2",,,Deposition-Wet,1769.4,Bucket in on 27XII18@1015hrs. Some rain and snow showers throughout the collection period but not enough for a sample until this week. Calm to high winds. Light organics in the sample; filtered through 500um mesh.;;;
01/10/2019,Yellow Bay Knob @ Flathead Lake BioStation,Phosphorus (Total),TP,1.6,µg/L - P,,"USGS 03-4174, EPA 365.2",,,Deposition-Wet,1769.4,Bucket in on 27XII18@1015hrs. Some rain and snow showers throughout the collection period but not enough for a sample until this week. Calm to high winds. Light organics in the sample; filtered through 500um mesh.;;;
01/10/2019,Yellow Bay Knob @ Flathead Lake BioStation,Phosphorus (Total),TP,< 1.5,µg/L - P,,"USGS 03-4174, EPA 365.2",,,Deposition-Dry,464.7,Bucket in on 03I19@0900hrs. Rain and snow showers; high to moderate winds; cold temperatures earlier in the week then turning to warmer temperatures later in the week. Light organics in the sample; filtered through 500um mesh.;;;
01/17/2019,Yellow Bay Knob @ Flathead Lake BioStation,Nitrogen (Total),TN,< 25.0,µg/L - N,,"USGS 03-4174, EPA 353.2",,,Deposition-Dry,1700,Bucket in on 10I19@1300hrs. Trace snow at times; mostly dry and cold; temperature in the high 10's to low 20's (F); light to moderate winds. Inversion in the valley during this collection period. Light organics in the sampled; ice on top; Filt.500um mesh.;;;
01/17/2019,Yellow Bay Knob @ Flathead Lake BioStation,Phosphorus (Total),TP,< 1.5,µg/L - P,,"USGS 03-4174, EPA 365.2",,,Deposition-Dry,1700,Bucket in on 10I19@1300hrs. Trace snow at times; mostly dry and cold; temperature in the high 10's to low 20's (F); light to moderate winds. Inversion in the valley during this collection period. Light organics in the sampled; ice on top; Filt.500um mesh.;;;
01/24/2019,Yellow Bay Knob @ Flathead Lake BioStation,Nitrogen (Total),TN,67.1,µg/L - N,,"USGS 03-4174, EPA 353.2",,,Deposition-Dry,2060.8,"Bucket in on 17I19 @ 0845 hrs. Temperatures in the high 20's to low 30's (F); Moderate to high winds; snow showers with big snow storm yesterday (~12""); inversion during the collection period. Light organics; filtered through 500 um.;;;"
01/24/2019,Yellow Bay Knob @ Flathead Lake BioStation,Nitrogen (Total),TN,149,µg/L - N,,"USGS 03-4174, EPA 353.2",,,Deposition-Wet,2203.7,"Bucket in on 10I19 @ 1300 hrs. Temperatures in the low 20's to low 30's (F); Moderate to high winds; trace snow/rain showers until 18I19 and big snow storm yesterday (~12""); inversion during the collection period. Light organics; filtered through 500 um.;;;"
01/24/2019,Yellow Bay Knob @ Flathead Lake BioStation,Phosphorus (Total),TP,2.1,µg/L - P,,"USGS 03-4174, EPA 365.2",,,Deposition-Wet,2203.7,"Bucket in on 10I19 @ 1300 hrs. Temperatures in the low 20's to low 30's (F); Moderate to high winds; trace snow/rain showers until 18I19 and big snow storm yesterday (~12""); inversion during the collection period. Light organics; filtered through 500 um.;;;"
01/24/2019,Yellow Bay Knob @ Flathead Lake BioStation,Phosphorus (Total),TP,1.6,µg/L - P,,"USGS 03-4174, EPA 365.2",,,Deposition-Dry,2060.8,"Bucket in on 17I19 @ 0845 hrs. Temperatures in the high 20's to low 30's (F); Moderate to high winds; snow showers with big snow storm yesterday (~12""); inversion during the collection period. Light organics; filtered through 500 um.;;;"
01/31/2019,Yellow Bay Knob @ Flathead Lake BioStation,Nitrogen (Total),TN,41,µg/L - N,,"USGS 03-4174, EPA 353.2",,,Deposition-Dry,1674.4,"Bucket in on 24I19 @ 1500hrs. Very cold this week, in the single digits to high 10's (F). Dry and overcast to partially sunny. Low to moderate winds. Moderte organics in the sample; filtered through 500 um mesh. Partially frozen.;;;"
01/31/2019,Yellow Bay Knob @ Flathead Lake BioStation,Phosphorus (Total),TP,2.2,µg/L - P,,"USGS 03-4174, EPA 365.2",,,Deposition-Dry,1674.4,"Bucket in on 24I19 @ 1500hrs. Very cold this week, in the single digits to high 10's (F). Dry and overcast to partially sunny. Low to moderate winds. Moderte organics in the sample; filtered through 500 um mesh. Partially frozen.;;;"
02/07/2019,Yellow Bay Knob @ Flathead Lake BioStation,Nitrogen (Total),TN,119,µg/L - N,,"USGS 03-4174, EPA 353.2",,,Deposition-Dry,2209.7,Bucket in on 31I19 @ 0830hrs. Very cold temperatures (mid-20s to single digits (F)). High winds. Light to heavy snow showers. Moderate organics in the sample. Filtered through 500 um mesh. Sample frozen and allowed to thaw in fridge overnight.;;;
02/07/2019,Yellow Bay Knob @ Flathead Lake BioStation,Nitrogen (Total),TN,235,µg/L - N,,"USGS 03-4174, EPA 353.2",,,Deposition-Wet,609,Bucket in on 24I19 @ 1500hrs. Moderate to very cold temperatures (mid-20s to single digits (F)). Light to high winds. Dry then heavy snow showers. Light organics in the sample. Filtered through 500 um mesh. Snow allowed to thaw in fridge overnight.;;;
02/07/2019,Yellow Bay Knob @ Flathead Lake BioStation,Phosphorus (Total),TP,3.7,µg/L - P,,"USGS 03-4174, EPA 365.2",,,Deposition-Wet,609,Bucket in on 24I19 @ 1500hrs. Moderate to very cold temperatures (mid-20s to single digits (F)). Light to high winds. Dry then heavy snow showers. Light organics in the sample. Filtered through 500 um mesh. Snow allowed to thaw in fridge overnight.;;;
02/07/2019,Yellow Bay Knob @ Flathead Lake BioStation,Phosphorus (Total),TP,4.3,µg/L - P,,"USGS 03-4174, EPA 365.2",,,Deposition-Dry,2209.7,Bucket in on 31I19 @ 0830hrs. Very cold temperatures (mid-20s to single digits (F)). High winds. Light to heavy snow showers. Moderate organics in the sample. Filtered through 500 um mesh. Sample frozen and allowed to thaw in fridge overnight.;;;
02/14/2019,Yellow Bay Knob @ Flathead Lake BioStation,Nitrogen (Total),TN,85.1,µg/L - N,,"USGS 03-4174, EPA 353.2",,,Deposition-Dry,2069.1,Bucket in on 7II19@1600hrs. High winds and bitter cold temperatures with snow showers nearly everyday this past week. Moderate organics in the sample; filtered through 500um mesh; partially frozen; allowed to thaw in fridge overnight.;;;
02/14/2019,Yellow Bay Knob @ Flathead Lake BioStation,Nitrogen (Total),TN,120,µg/L - N,R,"USGS 03-4174, EPA 353.2",,,Deposition-Wet,825.5,Bucket in on 7II19@1600hrs. High winds and bitter cold temperatures with snow showers nearly everyday this past week. Light organics in the sample; filtered through 500um mesh; snow allowed to thaw in fridge overnight.;;;
02/14/2019,Yellow Bay Knob @ Flathead Lake BioStation,Phosphorus (Total),TP,< 1.5,µg/L - P,,"USGS 03-4174, EPA 365.2",,,Deposition-Wet,825.5,Bucket in on 7II19@1600hrs. High winds and bitter cold temperatures with snow showers nearly everyday this past week. Light organics in the sample; filtered through 500um mesh; snow allowed to thaw in fridge overnight.;;;
02/14/2019,Yellow Bay Knob @ Flathead Lake BioStation,Phosphorus (Total),TP,3.4,µg/L - P,,"USGS 03-4174, EPA 365.2",,,Deposition-Dry,2069.1,Bucket in on 7II19@1600hrs. High winds and bitter cold temperatures with snow showers nearly everyday this past week. Moderate organics in the sample; filtered through 500um mesh; partially frozen; allowed to thaw in fridge overnight.;;;
02/21/2019,Yellow Bay Knob @ Flathead Lake BioStation,Nitrogen (Total),TN,58.8,µg/L - N,,"USGS 03-4174, EPA 353.2",,,Deposition-Dry,1827.1,Bucket in on 14II19@1700hrs. Cold temperatures (lows in the single digits) and heavy snow 6 days ago. Calm to moderate winds. Light organics in the sample; filtered through 500 um mesh; frozen and allowed to thaw in fridge overnight.;;;
02/21/2019,Yellow Bay Knob @ Flathead Lake BioStation,Nitrogen (Total),TN,140,µg/L - N,,"USGS 03-4174, EPA 353.2",,,Deposition-Wet,1110.7,"Bucket in on 14II19@1700hrs. Cold temperatures (lows in the single digits) and heavy snow 6 days ago. Calm to moderate winds. No visble organics in the sample; filtered through 500 um mesh; snow, allowed to thaw in fridge overnight.;;;"
02/21/2019,Yellow Bay Knob @ Flathead Lake BioStation,Phosphorus (Total),TP,< 1.5,µg/L - P,,"USGS 03-4174, EPA 365.2",,,Deposition-Wet,1110.7,"Bucket in on 14II19@1700hrs. Cold temperatures (lows in the single digits) and heavy snow 6 days ago. Calm to moderate winds. No visble organics in the sample; filtered through 500 um mesh; snow, allowed to thaw in fridge overnight.;;;"
02/21/2019,Yellow Bay Knob @ Flathead Lake BioStation,Phosphorus (Total),TP,< 1.5,µg/L - P,,"USGS 03-4174, EPA 365.2",,,Deposition-Dry,1827.1,Bucket in on 14II19@1700hrs. Cold temperatures (lows in the single digits) and heavy snow 6 days ago. Calm to moderate winds. Light organics in the sample; filtered through 500 um mesh; frozen and allowed to thaw in fridge overnight.;;;
02/28/2019,Yellow Bay Knob @ Flathead Lake BioStation,Nitrogen (Total),TN,64.1,µg/L - N,,"USGS 03-4174, EPA 353.2",,,Deposition-Dry,1536,Bucket in on 21II19@1000hrs. Bitter cold; some snow showers; calm to moderate winds. Light organics; filtered through 500 um mesh; frozen thawed on the counter.;;;
02/28/2019,Yellow Bay Knob @ Flathead Lake BioStation,Phosphorus (Total),TP,2.1,µg/L - P,,"USGS 03-4174, EPA 365.2",,,Deposition-Dry,1536,Bucket in on 21II19@1000hrs. Bitter cold; some snow showers; calm to moderate winds. Light organics; filtered through 500 um mesh; frozen thawed on the counter.;;;
03/08/2019,Yellow Bay Knob @ Flathead Lake BioStation,Nitrogen (Total),TN,87.3,µg/L - N,,"USGS 03-4174, EPA 353.2",,,Deposition-Dry,1945.8,Bucket in on 28II19@0730hrs. Bittercold (lowest was -19F); light to calm wind; snow showers. Lake 95% frozen over! Moderate organics; filtered through 500um mesh; frozen allowed to thaw in fridge overnight.;;;
03/08/2019,Yellow Bay Knob @ Flathead Lake BioStation,Nitrogen (Total),TN,122,µg/L - N,,"USGS 03-4174, EPA 353.2",,,Deposition-Wet,931.3,Bucket in on 21II19@1000hrs. Bittercold (lowest was -19F); light to moderate wind; snow showers on and off. Lake 95% frozen over! Light organics; filtered through 500um mesh; snow allowed to thaw in fridge overnight.;;;
03/08/2019,Yellow Bay Knob @ Flathead Lake BioStation,Phosphorus (Total),TP,< 1.5,µg/L - P,,"USGS 03-4174, EPA 365.2",,,Deposition-Wet,931.3,Bucket in on 21II19@1000hrs. Bittercold (lowest was -19F); light to moderate wind; snow showers on and off. Lake 95% frozen over! Light organics; filtered through 500um mesh; snow allowed to thaw in fridge overnight.;;;
03/08/2019,Yellow Bay Knob @ Flathead Lake BioStation,Phosphorus (Total),TP,3.2,µg/L - P,,"USGS 03-4174, EPA 365.2",,,Deposition-Dry,1945.8,Bucket in on 28II19@0730hrs. Bittercold (lowest was -19F); light to calm wind; snow showers. Lake 95% frozen over! Moderate organics; filtered through 500um mesh; frozen allowed to thaw in fridge overnight.;;;
03/14/2019,Yellow Bay Knob @ Flathead Lake BioStation,Nitrogen (Total),TN,83.6,µg/L - N,R,"USGS 03-4174, EPA 353.2",,,Deposition-Dry,1723.1,"Warming, 20's at night to mid 30's day.  Very light wind. Only 1 small seed in sample, very clean. Filtered through 500um mesh.;;;"
03/14/2019,Yellow Bay Knob @ Flathead Lake BioStation,Phosphorus (Total),TP,< 1.5,µg/L - P,,"USGS 03-4174, EPA 365.2",,,Deposition-Dry,1723.1,"Warming, 20's at night to mid 30's day.  Very light wind. Only 1 small seed in sample, very clean. Filtered through 500um mesh.;;;"
03/22/2019,Yellow Bay Knob @ Flathead Lake BioStation,Nitrogen (Total),TN,62.3,µg/L - N,,"USGS 03-4174, EPA 353.2",,,Deposition-Dry,958.5,Bucket in on 14II19@0900hrs. Calm to light wind; temperatures still below freezing at night but as high as 50F during the day. Some haze in the air from open burning. Light organics in the sample; filtered through 500um mesh.;;;
03/22/2019,Yellow Bay Knob @ Flathead Lake BioStation,Phosphorus (Total),TP,2,µg/L - P,,"USGS 03-4174, EPA 365.2",,,Deposition-Dry,958.5,Bucket in on 14II19@0900hrs. Calm to light wind; temperatures still below freezing at night but as high as 50F during the day. Some haze in the air from open burning. Light organics in the sample; filtered through 500um mesh.;;;
03/28/2019,Yellow Bay Knob @ Flathead Lake BioStation,Nitrogen (Total),TN,93.6,µg/L - N,,"USGS 03-4174, EPA 353.2",,,Deposition-Dry,1675.5,Bucket in on 22III19@1400hrs. Mostly dry this past week and sunny. Some open burning. Calm winds. Moderate organics; filtered through 500 um mesh.;;;
03/28/2019,Yellow Bay Knob @ Flathead Lake BioStation,Phosphorus (Total),TP,2.7,µg/L - P,,"USGS 03-4174, EPA 365.2",,,Deposition-Dry,1675.5,Bucket in on 22III19@1400hrs. Mostly dry this past week and sunny. Some open burning. Calm winds. Moderate organics; filtered through 500 um mesh.;;;
04/04/2019,Yellow Bay Knob @ Flathead Lake BioStation,Nitrogen (Total),TN,54.4,µg/L - N,,"USGS 03-4174, EPA 353.2",,,Deposition-Dry,1613.9,Bucket in on 28III19 @ 1500hrs. Few rain showers but mostly dry. Nights still at or just above freezing. Calm to moderate winds. Some burning in the valley. Light organics in the sample; Filtered through 500 um mesh.;;;
04/04/2019,Yellow Bay Knob @ Flathead Lake BioStation,Nitrogen (Total),TN,344,µg/L - N,,"USGS 03-4174, EPA 353.2",,,Deposition-Wet,438.5,Bucket in on 07III19 @ 1630hrs. Few rain showers but mostly dry. Nights still at or just above freezing. Calm to moderate winds. Some burning in the valley. Light organics in the sample; Filtered through 500 um mesh.;;;
04/04/2019,Yellow Bay Knob @ Flathead Lake BioStation,Phosphorus (Total),TP,3,µg/L - P,,"USGS 03-4174, EPA 365.2",,,Deposition-Wet,438.5,Bucket in on 07III19 @ 1630hrs. Few rain showers but mostly dry. Nights still at or just above freezing. Calm to moderate winds. Some burning in the valley. Light organics in the sample; Filtered through 500 um mesh.;;;
04/04/2019,Yellow Bay Knob @ Flathead Lake BioStation,Phosphorus (Total),TP,< 1.5,µg/L - P,,"USGS 03-4174, EPA 365.2",,,Deposition-Dry,1613.9,Bucket in on 28III19 @ 1500hrs. Few rain showers but mostly dry. Nights still at or just above freezing. Calm to moderate winds. Some burning in the valley. Light organics in the sample; Filtered through 500 um mesh.;;;
04/11/2019,Yellow Bay Knob @ Flathead Lake BioStation,Nitrogen (Total),TN,90.6,µg/L - N,,"USGS 03-4174, EPA 353.2",,,Deposition-Dry,1963.4,Bucket in 04IV19@0900hrs. Heavy rainstorms this past week; some wind; Some open burning in the valley; Still cold nights. Heavy organics in the sample; filtered through 500um mesh.;;;
04/11/2019,Yellow Bay Knob @ Flathead Lake BioStation,Nitrogen (Total),TN,81.8,µg/L - N,,"USGS 03-4174, EPA 353.2",,,Deposition-Wet,2188.4,Bucket in 04IV19@0900hrs. Heavy rainstorms this past week; some wind; Some open burning in the valley; Still cold nights. Moderate organics in the sample; filtered through 500um mesh;;;
04/11/2019,Yellow Bay Knob @ Flathead Lake BioStation,Phosphorus (Total),TP,1.7,µg/L - P,,"USGS 03-4174, EPA 365.2",,,Deposition-Wet,2188.4,Bucket in 04IV19@0900hrs. Heavy rainstorms this past week; some wind; Some open burning in the valley; Still cold nights. Moderate organics in the sample; filtered through 500um mesh;;;
04/11/2019,Yellow Bay Knob @ Flathead Lake BioStation,Phosphorus (Total),TP,2,µg/L - P,,"USGS 03-4174, EPA 365.2",,,Deposition-Dry,1963.4,Bucket in 04IV19@0900hrs. Heavy rainstorms this past week; some wind; Some open burning in the valley; Still cold nights. Heavy organics in the sample; filtered through 500um mesh.;;;
04/19/2019,Yellow Bay Knob @ Flathead Lake BioStation,Nitrogen (Total),TN,147,µg/L - N,,"USGS 03-4174, EPA 353.2",,,Deposition-Dry,1836.5,Bucket in on 11IV19 @ 1600hrs. Light showers at times; mostly overcast to p. sunny; calm to moderate winds; some burning in the valley. Heavy organics in the sample; filtered through 500 um mesh.;;;
04/19/2019,Yellow Bay Knob @ Flathead Lake BioStation,Phosphorus (Total),TP,4.8,µg/L - P,,"USGS 03-4174, EPA 365.2",,,Deposition-Dry,1836.5,Bucket in on 11IV19 @ 1600hrs. Light showers at times; mostly overcast to p. sunny; calm to moderate winds; some burning in the valley. Heavy organics in the sample; filtered through 500 um mesh.;;;
04/24/2019,Yellow Bay Knob @ Flathead Lake BioStation,Nitrogen (Total),TN,185,µg/L - N,,"USGS 03-4174, EPA 353.2",,,Deposition-Dry,1365.1,Bucket in on 19IV19 @ 1545hrs. Moderate to high winds; rain showers at times; open burning in the valley. Moderate organics and 3 midges and 1 Dipteran fly; filtered through 500 um mesh.;;;
04/24/2019,Yellow Bay Knob @ Flathead Lake BioStation,Nitrogen (Total),TN,236,µg/L - N,,"USGS 03-4174, EPA 353.2",,,Deposition-Wet,525.1,Bucket in on 11IV19 @ 1600hrs. Moderate to high winds; rain showers at times; heavy rain yesterday; open burning in the valley. Light organics in the sample; filtered through 500 um mesh.;;;
04/24/2019,Yellow Bay Knob @ Flathead Lake BioStation,Phosphorus (Total),TP,12.4,µg/L - P,,"USGS 03-4174, EPA 365.2",,,Deposition-Wet,525.1,Bucket in on 11IV19 @ 1600hrs. Moderate to high winds; rain showers at times; heavy rain yesterday; open burning in the valley. Light organics in the sample; filtered through 500 um mesh.;;;
04/24/2019,Yellow Bay Knob @ Flathead Lake BioStation,Phosphorus (Total),TP,10.2,µg/L - P,,"USGS 03-4174, EPA 365.2",,,Deposition-Dry,1365.1,Bucket in on 19IV19 @ 1545hrs. Moderate to high winds; rain showers at times; open burning in the valley. Moderate organics and 3 midges and 1 Dipteran fly; filtered through 500 um mesh.;;;
05/03/2019,Yellow Bay Knob @ Flathead Lake BioStation,Nitrogen (Total),TN,386,µg/L - N,,"USGS 03-4174, EPA 353.2",,,Deposition-Dry,1290.7,Bucket in on 24IV19@1300hrs. Moderate to hihg winds. Open burning in the valley; some rain and a snow shower. Heavy organics; 4 Bees; 5 Dipteran flies; 1 midge in the sample; filtered through 500 um mesh.;;;
05/03/2019,Yellow Bay Knob @ Flathead Lake BioStation,Nitrogen (Total),TN,306,µg/L - N,,"USGS 03-4174, EPA 353.2",,,Deposition-Wet,508.7,Bucket in on 24IV19@1300hrs. Moderate to hihg winds. Open burning in the valley; some rain and a snow shower. Light organics; filtered through 500 um mesh.;;;
05/03/2019,Yellow Bay Knob @ Flathead Lake BioStation,Phosphorus (Total),TP,5.2,µg/L - P,,"USGS 03-4174, EPA 365.2",,,Deposition-Wet,508.7,Bucket in on 24IV19@1300hrs. Moderate to hihg winds. Open burning in the valley; some rain and a snow shower. Light organics; filtered through 500 um mesh.;;;
05/03/2019,Yellow Bay Knob @ Flathead Lake BioStation,Phosphorus (Total),TP,44.5,µg/L - P,,"USGS 03-4174, EPA 365.2",,,Deposition-Dry,1290.7,Bucket in on 24IV19@1300hrs. Moderate to hihg winds. Open burning in the valley; some rain and a snow shower. Heavy organics; 4 Bees; 5 Dipteran flies; 1 midge in the sample; filtered through 500 um mesh.;;;
05/10/2019,Yellow Bay Knob @ Flathead Lake BioStation,Nitrogen (Total),TN,419,µg/L - N,,"USGS 03-4174, EPA 353.2",,,Deposition-Dry,1046.7,"Warming up, 60-70 degF last week.  Trace precip 4-5 days ago, not enough for sample.  ~20 midges and 2 small bumble bees in sample.  Filtered through 500um mesh.;;;"
05/10/2019,Yellow Bay Knob @ Flathead Lake BioStation,Phosphorus (Total),TP,55.9,µg/L - P,,"USGS 03-4174, EPA 365.2",,,Deposition-Dry,1046.7,"Warming up, 60-70 degF last week.  Trace precip 4-5 days ago, not enough for sample.  ~20 midges and 2 small bumble bees in sample.  Filtered through 500um mesh.;;;"
05/17/2019,Yellow Bay Knob @ Flathead Lake BioStation,Nitrogen (Total),TN,718,µg/L - N,,"USGS 03-4174, EPA 353.2",,,Deposition-Dry,892.1,Bucket in on 10V19 @ 1400hrs. Mostly dry with temps. In the high 60's to low 70's; high winds at times. Heavy organics in the sample with 2 beetles and 3 dipteran flies; filtered through 500 um mesh.;;;
05/17/2019,Yellow Bay Knob @ Flathead Lake BioStation,Nitrogen (Total),TN,1060,µg/L - N,,"USGS 03-4174, EPA 353.2",,,Deposition-Wet,329,Bucket in on 3V19 @ 0730hrs. Mostly dry with temps. In the high 60's to low 70's; high winds at times with some rain showers that last 2 days. Moderate organics in the sample; filtered through 500 um mesh.;;;
05/17/2019,Yellow Bay Knob @ Flathead Lake BioStation,Phosphorus (Total),TP,19.7,µg/L - P,,"USGS 03-4174, EPA 365.2",,,Deposition-Wet,329,Bucket in on 3V19 @ 0730hrs. Mostly dry with temps. In the high 60's to low 70's; high winds at times with some rain showers that last 2 days. Moderate organics in the sample; filtered through 500 um mesh.;;;
05/17/2019,Yellow Bay Knob @ Flathead Lake BioStation,Phosphorus (Total),TP,80.1,µg/L - P,,"USGS 03-4174, EPA 365.2",,,Deposition-Dry,892.1,Bucket in on 10V19 @ 1400hrs. Mostly dry with temps. In the high 60's to low 70's; high winds at times. Heavy organics in the sample with 2 beetles and 3 dipteran flies; filtered through 500 um mesh.;;;
05/24/2019,Yellow Bay Knob @ Flathead Lake BioStation,Nitrogen (Total),TN,260,µg/L - N,,"USGS 03-4174, EPA 353.2",,,Deposition-Dry,1068.9,"Windy with very light rain last week (no precip in wet bucket).  1 honey bee and moderate organics in sample, filtered through 500um mesh.;;;"
05/24/2019,Yellow Bay Knob @ Flathead Lake BioStation,Phosphorus (Total),TP,18.1,µg/L - P,,"USGS 03-4174, EPA 365.2",,,Deposition-Dry,1068.9,"Windy with very light rain last week (no precip in wet bucket).  1 honey bee and moderate organics in sample, filtered through 500um mesh.;;;"
05/28/2019,Yellow Bay Knob @ Flathead Lake BioStation,Nitrogen (Total),TN,123,µg/L - N,,"USGS 03-4174, EPA 353.2",,,Deposition-Dry,1497.3,"Mild weather last week, light rain 2 days ago (`50ml of precip in wet bucket, not enough to sample). Light organics, no bugs in sample, filtered through 500um mesh.;;;"
05/28/2019,Yellow Bay Knob @ Flathead Lake BioStation,Phosphorus (Total),TP,4.6,µg/L - P,,"USGS 03-4174, EPA 365.2",,,Deposition-Dry,1497.3,"Mild weather last week, light rain 2 days ago (`50ml of precip in wet bucket, not enough to sample). Light organics, no bugs in sample, filtered through 500um mesh.;;;"
06/04/2019,Yellow Bay Knob @ Flathead Lake BioStation,Nitrogen (Total),TN,1250,µg/L - N,,"USGS 03-4174, EPA 353.2",,,Deposition-Dry,696.6,"Smoke from fires in Alberta, pollen, hot and sunny all week.  Few bugs, 1 bee, moderate organics, pollen in sample. Filtered through 500um mesh.  ADDED TOC.;;;"
06/04/2019,Yellow Bay Knob @ Flathead Lake BioStation,Phosphorus (Total),TP,272,µg/L - P,,"USGS 03-4174, EPA 365.2",,,Deposition-Dry,696.6,"Smoke from fires in Alberta, pollen, hot and sunny all week.  Few bugs, 1 bee, moderate organics, pollen in sample. Filtered through 500um mesh.  ADDED TOC.;;;"
06/12/2019,Yellow Bay Knob @ Flathead Lake BioStation,Nitrogen (Total),TN,526,µg/L - N,,"USGS 03-4174, EPA 353.2",,,Deposition-Dry,714.2,"Bucket in on 04VI19@0830hrs. Hot and dry with temps in the mid-70's most of the time. Heavy rainstorms 5 days ago. Calm to moderate winds. Lots of pollen; heavy organics, 1 beetle; filtered through 500 um mesh.;;;"
06/12/2019,Yellow Bay Knob @ Flathead Lake BioStation,Nitrogen (Total),TN,407,µg/L - N,,"USGS 03-4174, EPA 353.2",,,Deposition-Wet,1453.6,"Bucket in on 17V19@1400hrs. Mostly dry during collection period with a few rain showers until 5 days agi when we got heavy rain. Some pollen; moderate organics, filtered through 500 um mesh.;;;"
06/12/2019,Yellow Bay Knob @ Flathead Lake BioStation,Phosphorus (Total),TP,16.1,µg/L - P,,"USGS 03-4174, EPA 365.2",,,Deposition-Wet,1453.6,"Bucket in on 17V19@1400hrs. Mostly dry during collection period with a few rain showers until 5 days agi when we got heavy rain. Some pollen; moderate organics, filtered through 500 um mesh.;;;"
06/12/2019,Yellow Bay Knob @ Flathead Lake BioStation,Phosphorus (Total),TP,68.1,µg/L - P,,"USGS 03-4174, EPA 365.2",,,Deposition-Dry,714.2,"Bucket in on 04VI19@0830hrs. Hot and dry with temps in the mid-70's most of the time. Heavy rainstorms 5 days ago. Calm to moderate winds. Lots of pollen; heavy organics, 1 beetle; filtered through 500 um mesh.;;;"
06/20/2019,Yellow Bay Knob @ Flathead Lake BioStation,Nitrogen (Total),TN,793,µg/L - N,,"USGS 03-4174, EPA 353.2",,,Deposition-Dry,692.6,"Bucket in on 12VI19 @ 1645hrs. Mostly dry and hot; some small rain storms; high winds. Heavy organics, filtered through 500 um mesh. Pollen in the sample.;;;"
06/20/2019,Yellow Bay Knob @ Flathead Lake BioStation,Phosphorus (Total),TP,132,µg/L - P,,"USGS 03-4174, EPA 365.2",,,Deposition-Dry,692.6,"Bucket in on 12VI19 @ 1645hrs. Mostly dry and hot; some small rain storms; high winds. Heavy organics, filtered through 500 um mesh. Pollen in the sample.;;;"
06/26/2019,Yellow Bay Knob @ Flathead Lake BioStation,Nitrogen (Total),TN,259,µg/L - N,,"USGS 03-4174, EPA 353.2",,,Deposition-Dry,1679,Bucket in on 20VI19 @ 08:20hrs. Rain last week on and off; mostly warm and dry; high winds at times. Moderate organics; 3 midges; 1 fly; filtered through 500 um mesh.;;;
06/26/2019,Yellow Bay Knob @ Flathead Lake BioStation,Nitrogen (Total),TN,717,µg/L - N,,"USGS 03-4174, EPA 353.2",,,Deposition-Wet,768,Bucket in on 12VI19 @ 16:45hrs. Rain last week; mostly dry before that; high winds at times. Light organics; 3 midges; filtered through 500 um mesh.;;;
06/26/2019,Yellow Bay Knob @ Flathead Lake BioStation,Phosphorus (Total),TP,10.5,µg/L - P,,"USGS 03-4174, EPA 365.2",,,Deposition-Wet,768,Bucket in on 12VI19 @ 16:45hrs. Rain last week; mostly dry before that; high winds at times. Light organics; 3 midges; filtered through 500 um mesh.;;;
06/26/2019,Yellow Bay Knob @ Flathead Lake BioStation,Phosphorus (Total),TP,30.4,µg/L - P,,"USGS 03-4174, EPA 365.2",,,Deposition-Dry,1679,Bucket in on 20VI19 @ 08:20hrs. Rain last week on and off; mostly warm and dry; high winds at times. Moderate organics; 3 midges; 1 fly; filtered through 500 um mesh.;;;
07/03/2019,Yellow Bay Knob @ Flathead Lake BioStation,Nitrogen (Total),TN,471,µg/L - N,,"USGS 03-4174, EPA 353.2",,,Deposition-Dry,869.9,Bucket in on 26VI19@1130hrs. Mostly dry with high winds at times; rain/thunderstorms yesterday. Highs close to 80F. Moderate organics in the sample; 1 fly; filtered through 500 um mesh. Pollen.;;;
07/03/2019,Yellow Bay Knob @ Flathead Lake BioStation,Nitrogen (Total),TN,535,µg/L - N,,"USGS 03-4174, EPA 353.2",,,Deposition-Wet,859,Bucket in on 26VI19@1130hrs. Mostly dry with high winds at times; rain/thunderstorms yesterday. Highs close to 80F. Light organics in the sample; filtered through 500 um mesh. Pollen.;;;
07/03/2019,Yellow Bay Knob @ Flathead Lake BioStation,Phosphorus (Total),TP,9.9,µg/L - P,,"USGS 03-4174, EPA 365.2",,,Deposition-Wet,859,Bucket in on 26VI19@1130hrs. Mostly dry with high winds at times; rain/thunderstorms yesterday. Highs close to 80F. Light organics in the sample; filtered through 500 um mesh. Pollen.;;;
07/03/2019,Yellow Bay Knob @ Flathead Lake BioStation,Phosphorus (Total),TP,139,µg/L - P,,"USGS 03-4174, EPA 365.2",,,Deposition-Dry,869.9,Bucket in on 26VI19@1130hrs. Mostly dry with high winds at times; rain/thunderstorms yesterday. Highs close to 80F. Moderate organics in the sample; 1 fly; filtered through 500 um mesh. Pollen.;;;
07/11/2019,Yellow Bay Knob @ Flathead Lake BioStation,Nitrogen (Total),TN,450,µg/L - N,,"USGS 03-4174, EPA 353.2",,,Deposition-Dry,831.7,Mostly dry with some rain/thunderstorms at times; highs in the low 80's F. Heavy organics in the sample; filtered through 500um mesh.;;;
07/11/2019,Yellow Bay Knob @ Flathead Lake BioStation,Phosphorus (Total),TP,34.3,µg/L - P,,"USGS 03-4174, EPA 365.2",,,Deposition-Dry,831.7,Mostly dry with some rain/thunderstorms at times; highs in the low 80's F. Heavy organics in the sample; filtered through 500um mesh.;;;
07/18/2019,Yellow Bay Knob @ Flathead Lake BioStation,Nitrogen (Total),TN,838,µg/L - N,,"USGS 03-4174, EPA 353.2",,,Deposition-Dry,980.2,"Bucket in 11VII19 @ 1700. Thunder/rainstorms on and off; Mostly dry; highs in the low 80's. Heavy organics; 1 bee, 3 flies in the sample; Filtered through 500 um mesh.;;;"
07/18/2019,Yellow Bay Knob @ Flathead Lake BioStation,Nitrogen (Total),TN,886,µg/L - N,,"USGS 03-4174, EPA 353.2",,,Deposition-Wet,555.9,Bucket in 03VII19 @ 1600. Thunder/rainstorms on and off; Mostly dry; highs in the low 80's. Light organics; Filtered through 500 um mesh.;;;
07/18/2019,Yellow Bay Knob @ Flathead Lake BioStation,Phosphorus (Total),TP,7.4,µg/L - P,,"USGS 03-4174, EPA 365.2",,,Deposition-Wet,555.9,Bucket in 03VII19 @ 1600. Thunder/rainstorms on and off; Mostly dry; highs in the low 80's. Light organics; Filtered through 500 um mesh.;;;
07/18/2019,Yellow Bay Knob @ Flathead Lake BioStation,Phosphorus (Total),TP,123,µg/L - P,,"USGS 03-4174, EPA 365.2",,,Deposition-Dry,980.2,"Bucket in 11VII19 @ 1700. Thunder/rainstorms on and off; Mostly dry; highs in the low 80's. Heavy organics; 1 bee, 3 flies in the sample; Filtered through 500 um mesh.;;;"
07/26/2019,Yellow Bay Knob @ Flathead Lake BioStation,Nitrogen (Total),TN,378,µg/L - N,,"USGS 03-4174, EPA 353.2",,,Deposition-Dry,795.9,"Bucket in on 18VII19 @ 1000hrs. Hot and Dry; few light rainshowers; calm to high winds; hazy from fires. Heavy organics; 1 bee, 3 flies; filtered through 500 um mesh.;;;"
07/26/2019,Yellow Bay Knob @ Flathead Lake BioStation,Phosphorus (Total),TP,79.9,µg/L - P,,"USGS 03-4174, EPA 365.2",,,Deposition-Dry,795.9,"Bucket in on 18VII19 @ 1000hrs. Hot and Dry; few light rainshowers; calm to high winds; hazy from fires. Heavy organics; 1 bee, 3 flies; filtered through 500 um mesh.;;;"
08/02/2019,Yellow Bay Knob @ Flathead Lake BioStation,Nitrogen (Total),TN,210,µg/L - N,,"USGS 03-4174, EPA 353.2",,,Deposition-Dry,719.9,"Bucket in on 26VII19 @ 0930hrs. Dry and hot; some high wind but mostly calm; some haze from fires. Light organics; 1 Bee, 1fly in the sample; filtered through 500 um mesh.;;;"
08/02/2019,Yellow Bay Knob @ Flathead Lake BioStation,Phosphorus (Total),TP,48.7,µg/L - P,,"USGS 03-4174, EPA 365.2",,,Deposition-Dry,719.9,"Bucket in on 26VII19 @ 0930hrs. Dry and hot; some high wind but mostly calm; some haze from fires. Light organics; 1 Bee, 1fly in the sample; filtered through 500 um mesh.;;;"
08/08/2019,Yellow Bay Knob @ Flathead Lake BioStation,Nitrogen (Total),TN,141,µg/L - N,,"USGS 03-4174, EPA 353.2",,,Deposition-Dry,2038.7,"Bucket in on 02VIII19@1100hrs. Dry and hot; highs at or above 90 F; Calm to light winds; hazy from fires. Light organics; I Bee, 2 Beetles; and 3 Flies in the sample; Filtered through 500 um mesh.;;;"
08/08/2019,Yellow Bay Knob @ Flathead Lake BioStation,Phosphorus (Total),TP,10.9,µg/L - P,,"USGS 03-4174, EPA 365.2",,,Deposition-Dry,2038.7,"Bucket in on 02VIII19@1100hrs. Dry and hot; highs at or above 90 F; Calm to light winds; hazy from fires. Light organics; I Bee, 2 Beetles; and 3 Flies in the sample; Filtered through 500 um mesh.;;;"
08/16/2019,Yellow Bay Knob @ Flathead Lake BioStation,Nitrogen (Total),TN,725,µg/L - N,,"USGS 03-4174, EPA 353.2",,,Deposition-Wet,1166.2,"Bucket in on 18VII19 @ 1000hrs.Mostly hot and dry during the collection preiod;  heavy rain and windstorm 6 days ago. Some haze from fires. Heavy organics, filtered through 500 um mesh.;;;"
08/16/2019,Yellow Bay Knob @ Flathead Lake BioStation,Nitrogen (Total),TN,220,µg/L - N,,"USGS 03-4174, EPA 353.2",,,Deposition-Dry,1975.7,"Bucket in on 08VIII19 @ 1340hrs. Hot and dry for the most part; heavy rain and windstorm 6 days ago. Some haze from fires. Heavy organics, filtered through 500 um mesh.;;;"
08/16/2019,Yellow Bay Knob @ Flathead Lake BioStation,Phosphorus (Total),TP,7.6,µg/L - P,,"USGS 03-4174, EPA 365.2",,,Deposition-Dry,1975.7,"Bucket in on 08VIII19 @ 1340hrs. Hot and dry for the most part; heavy rain and windstorm 6 days ago. Some haze from fires. Heavy organics, filtered through 500 um mesh.;;;"
08/16/2019,Yellow Bay Knob @ Flathead Lake BioStation,Phosphorus (Total),TP,35.6,µg/L - P,,"USGS 03-4174, EPA 365.2",,,Deposition-Wet,1166.2,"Bucket in on 18VII19 @ 1000hrs.Mostly hot and dry during the collection preiod;  heavy rain and windstorm 6 days ago. Some haze from fires. Heavy organics, filtered through 500 um mesh.;;;"
08/23/2019,Yellow Bay Knob @ Flathead Lake BioStation,Nitrogen (Total),TN,310,µg/L - N,,"USGS 03-4174, EPA 353.2",,,Deposition-Dry,900.8,Bucket in on 16VIII19 @ 13:45 hrs.  Mostly hot and dry with a few days above 90F.  Calm to light winds.  Some haze from fires.  Light organics.  1 bee and 1 beetle in the sample filtered through 500um mesh.;;;
08/23/2019,Yellow Bay Knob @ Flathead Lake BioStation,Phosphorus (Total),TP,21.7,µg/L - P,,"USGS 03-4174, EPA 365.2",,,Deposition-Dry,900.8,Bucket in on 16VIII19 @ 13:45 hrs.  Mostly hot and dry with a few days above 90F.  Calm to light winds.  Some haze from fires.  Light organics.  1 bee and 1 beetle in the sample filtered through 500um mesh.;;;
08/30/2019,Yellow Bay Knob @ Flathead Lake BioStation,Nitrogen (Total),TN,151,µg/L - N,,"USGS 03-4174, EPA 353.2",,,Deposition-Dry,817.5,Bucket in on 23VIII19 @ 1600hrs. A little cooler but highs in the 80's(F). Clear and calm for the most part. Slight haze from fires. Light organics; 2 flies; filtered through 500um mesh.;;;
08/30/2019,Yellow Bay Knob @ Flathead Lake BioStation,Phosphorus (Total),TP,12.6,µg/L - P,,"USGS 03-4174, EPA 365.2",,,Deposition-Dry,817.5,Bucket in on 23VIII19 @ 1600hrs. A little cooler but highs in the 80's(F). Clear and calm for the most part. Slight haze from fires. Light organics; 2 flies; filtered through 500um mesh.;;;
09/06/2019,Yellow Bay Knob @ Flathead Lake BioStation,Nitrogen (Total),TN,185,µg/L - N,,"USGS 03-4174, EPA 353.2",,,Deposition-Dry,827.7,Bucket in on 30 VIII 19 @ 1100hrs. Hot and sunny; overcast with showers today. Calm to moderate winds. Hazy from fires. Light organics in the sample; filtered through 500 um mesh.;;;
09/06/2019,Yellow Bay Knob @ Flathead Lake BioStation,Phosphorus (Total),TP,6.9,µg/L - P,,"USGS 03-4174, EPA 365.2",,,Deposition-Dry,827.7,Bucket in on 30 VIII 19 @ 1100hrs. Hot and sunny; overcast with showers today. Calm to moderate winds. Hazy from fires. Light organics in the sample; filtered through 500 um mesh.;;;
09/11/2019,Yellow Bay Knob @ Flathead Lake BioStation,Nitrogen (Total),TN,114,µg/L - N,,"USGS 03-4174, EPA 353.2",,,Deposition-Dry,1887.4,"Cooler for last week, heavy rain 3 days ago, light rain last 2 days.  2 midges and very light organics in sample, filtered through 500um mesh.;;;"
09/11/2019,Yellow Bay Knob @ Flathead Lake BioStation,Nitrogen (Total),TN,267,µg/L - N,,"USGS 03-4174, EPA 353.2",,,Deposition-Wet,5458.4,"Heavy rain 3 days ago, light rain last 2 days.  Moderate organics in sample, filtered through 500um mesh.;;;"
09/11/2019,Yellow Bay Knob @ Flathead Lake BioStation,Phosphorus (Total),TP,2.6,µg/L - P,,"USGS 03-4174, EPA 365.2",,,Deposition-Wet,5458.4,"Heavy rain 3 days ago, light rain last 2 days.  Moderate organics in sample, filtered through 500um mesh.;;;"
09/11/2019,Yellow Bay Knob @ Flathead Lake BioStation,Phosphorus (Total),TP,2,µg/L - P,,"USGS 03-4174, EPA 365.2",,,Deposition-Dry,1887.4,"Cooler for last week, heavy rain 3 days ago, light rain last 2 days.  2 midges and very light organics in sample, filtered through 500um mesh.;;;"
09/17/2019,Yellow Bay Knob @ Flathead Lake BioStation,Nitrogen (Total),TN,157,µg/L - N,,"USGS 03-4174, EPA 353.2",,,Deposition-Dry,1299.1,"Mostly cloudy last week, sprinkles of rain this morning (not enough sample for WET precip). 1 fly and 3 gnats in sample, filtered through 500um mesh.;;;"
09/17/2019,Yellow Bay Knob @ Flathead Lake BioStation,Phosphorus (Total),TP,20.6,µg/L - P,,"USGS 03-4174, EPA 365.2",,,Deposition-Dry,1299.1,"Mostly cloudy last week, sprinkles of rain this morning (not enough sample for WET precip). 1 fly and 3 gnats in sample, filtered through 500um mesh.;;;"
09/24/2019,Yellow Bay Knob @ Flathead Lake BioStation,Nitrogen (Total),TN,118,µg/L - N,,"USGS 03-4174, EPA 353.2",,,Deposition-Bulk,1727.7,LODA controller fuse blew; had to wait for a replacement=why bulk sample. Bucket in on 17IX19@1515hrs. Rainshowers at times but mostly dry; calm to moderte winds; colder temperatures </= 70F. Moderate organics; 3 wasps in the sample; filtered thrgh 500um.;;;
09/24/2019,Yellow Bay Knob @ Flathead Lake BioStation,Phosphorus (Total),TP,4.3,µg/L - P,,"USGS 03-4174, EPA 365.2",,,Deposition-Bulk,1727.7,LODA controller fuse blew; had to wait for a replacement=why bulk sample. Bucket in on 17IX19@1515hrs. Rainshowers at times but mostly dry; calm to moderte winds; colder temperatures </= 70F. Moderate organics; 3 wasps in the sample; filtered thrgh 500um.;;;
10/02/2019,Yellow Bay Knob @ Flathead Lake BioStation,Nitrogen (Total),TN,199,µg/L - N,,"USGS 03-4174, EPA 353.2",,,Deposition-Bulk,1989.5,Bucket in on 24IX19 @1415hrs. High winds with a winter storm bringing freezing temperatures and rain/snow in the valley. Heavy organics in the sample; filtered through 500 um mesh.;;;
10/02/2019,Yellow Bay Knob @ Flathead Lake BioStation,Phosphorus (Total),TP,36.6,µg/L - P,,"USGS 03-4174, EPA 365.2",,,Deposition-Bulk,1989.5,Bucket in on 24IX19 @1415hrs. High winds with a winter storm bringing freezing temperatures and rain/snow in the valley. Heavy organics in the sample; filtered through 500 um mesh.;;;
10/08/2019,Yellow Bay Knob @ Flathead Lake BioStation,Nitrogen (Total),TN,93.6,µg/L - N,,"USGS 03-4174, EPA 353.2",,,Deposition-Bulk,2128.9,"Bucket in 02X19 @ 1440 hours. Rainy, cool, windy last week. Light organics plus 4 midges in sample, filtered through 500um mesh.;;;"
10/08/2019,Yellow Bay Knob @ Flathead Lake BioStation,Phosphorus (Total),TP,4.1,µg/L - P,,"USGS 03-4174, EPA 365.2",,,Deposition-Bulk,2128.9,"Bucket in 02X19 @ 1440 hours. Rainy, cool, windy last week. Light organics plus 4 midges in sample, filtered through 500um mesh.;;;"
10/18/2019,Yellow Bay Knob @ Flathead Lake BioStation,Nitrogen (Total),TN,322,µg/L - N,,"USGS 03-4174, EPA 353.2",,,Deposition-Bulk,511.5,Bucket in on 08X19 @ 1200hrs. Windy; some rain showers; a few days of freezing temperatures. Modewrate organics; 1 wasp; filtered through 500 um mesh.;;;
10/18/2019,Yellow Bay Knob @ Flathead Lake BioStation,Phosphorus (Total),TP,27.5,µg/L - P,,"USGS 03-4174, EPA 365.2",,,Deposition-Bulk,511.5,Bucket in on 08X19 @ 1200hrs. Windy; some rain showers; a few days of freezing temperatures. Modewrate organics; 1 wasp; filtered through 500 um mesh.;;;
10/25/2019,Yellow Bay Knob @ Flathead Lake BioStation,Nitrogen (Total),TN,100,µg/L - N,,"USGS 03-4174, EPA 353.2",,,Deposition-Bulk,1710.1,"Bucket in on 18X19 @ 0600hrs. Rainshowers at times; overcast to p. sunny; Buringin in the valley. Moderate organics in the sample, 1 Ant; filtered through 500um mesh.;;;"
10/25/2019,Yellow Bay Knob @ Flathead Lake BioStation,Phosphorus (Total),TP,3.5,µg/L - P,,"USGS 03-4174, EPA 365.2",,,Deposition-Bulk,1710.1,"Bucket in on 18X19 @ 0600hrs. Rainshowers at times; overcast to p. sunny; Buringin in the valley. Moderate organics in the sample, 1 Ant; filtered through 500um mesh.;;;"
11/01/2019,Yellow Bay Knob @ Flathead Lake BioStation,Nitrogen (Total),TN,172,µg/L - N,,"USGS 03-4174, EPA 353.2",,,Deposition-Bulk,1544.4,"Bucket in on 25X19 @ 1500hrs.Very cold temps. (single digits); ~3"" of snow; High winds at times. Moderate organics; filtered through 500 um mesh. Frozen  , allowed to thaw in the fridge over the weekend.;;;"
11/01/2019,Yellow Bay Knob @ Flathead Lake BioStation,Phosphorus (Total),TP,31,µg/L - P,,"USGS 03-4174, EPA 365.2",,,Deposition-Bulk,1544.4,"Bucket in on 25X19 @ 1500hrs.Very cold temps. (single digits); ~3"" of snow; High winds at times. Moderate organics; filtered through 500 um mesh. Frozen  , allowed to thaw in the fridge over the weekend.;;;"
11/08/2019,Yellow Bay Knob @ Flathead Lake BioStation,Nitrogen (Total),TN,88.7,µg/L - N,,"USGS 03-4174, EPA 353.2",,,Deposition-Dry,581.8,Buvke tin on 01XI19 @ 0830hrs. Dry and cold this week; some high winds at times but mostly calm; Inversion. Light organics; filtered through 500 um mesh.;;;
11/08/2019,Yellow Bay Knob @ Flathead Lake BioStation,Phosphorus (Total),TP,5,µg/L - P,,"USGS 03-4174, EPA 365.2",,,Deposition-Dry,581.8,Buvke tin on 01XI19 @ 0830hrs. Dry and cold this week; some high winds at times but mostly calm; Inversion. Light organics; filtered through 500 um mesh.;;;
11/15/2019,Yellow Bay Knob @ Flathead Lake BioStation,Nitrogen (Total),TN,271,µg/L - N,,"USGS 03-4174, EPA 353.2",,,Deposition-Bulk,1008.2,bucket in on 08XI19@0855hrs. Snow showers on 11/12/2019. Cold to just above freezing temperatures. Calm to moderate winds. Heavy organics and one ant in the sample; filtered through 500 um mesh.;;;
11/15/2019,Yellow Bay Knob @ Flathead Lake BioStation,Phosphorus (Total),TP,13.2,µg/L - P,,"USGS 03-4174, EPA 365.2",,,Deposition-Bulk,1008.2,bucket in on 08XI19@0855hrs. Snow showers on 11/12/2019. Cold to just above freezing temperatures. Calm to moderate winds. Heavy organics and one ant in the sample; filtered through 500 um mesh.;;;
11/22/2019,Yellow Bay Knob @ Flathead Lake BioStation,Nitrogen (Total),TN,184,µg/L - N,,"USGS 03-4174, EPA 353.2",,,Deposition-Bulk,1373.5,Bucket in on 22XI19 @ 11:30 hrs. Temps in the mid-20s at night and mid-30s during the day. Calm to moderate winds. Some rain and snow showers. Light organics; 1 Ant in the sample; filtered through 500um mesh. Sample was frozen; thawed in fridge.;;;
11/22/2019,Yellow Bay Knob @ Flathead Lake BioStation,Phosphorus (Total),TP,4.4,µg/L - P,,"USGS 03-4174, EPA 365.2",,,Deposition-Bulk,1373.5,Bucket in on 22XI19 @ 11:30 hrs. Temps in the mid-20s at night and mid-30s during the day. Calm to moderate winds. Some rain and snow showers. Light organics; 1 Ant in the sample; filtered through 500um mesh. Sample was frozen; thawed in fridge.;;;
12/03/2019,Yellow Bay Knob @ Flathead Lake BioStation,Nitrogen (Total),TN,388,µg/L - N,,"USGS 03-4174, EPA 353.2",,,Deposition-Bulk,525.9,Rain and snow showers; temperatures as low as 8F; huge windstorm; longer sampling interval due to holiday. Heavy organcs in the sample; filtered through 500 um mesh. Frozen and allowed to thaw overnight. Bucket got blown off collector but landed upright.;;;
12/03/2019,Yellow Bay Knob @ Flathead Lake BioStation,Phosphorus (Total),TP,40.3,µg/L - P,,"USGS 03-4174, EPA 365.2",,,Deposition-Bulk,525.9,Rain and snow showers; temperatures as low as 8F; huge windstorm; longer sampling interval due to holiday. Heavy organcs in the sample; filtered through 500 um mesh. Frozen and allowed to thaw overnight. Bucket got blown off collector but landed upright.;;;
12/09/2019,Yellow Bay Knob @ Flathead Lake BioStation,Nitrogen (Total),TN,146,µg/L - N,,"USGS 03-4174, EPA 353.2",,,Deposition-Bulk,685.3,Some rain showers and warmer temperatures; moderate to high winds. Light organics; filtered through 500 um mesh.;;;
12/09/2019,Yellow Bay Knob @ Flathead Lake BioStation,Phosphorus (Total),TP,< 1.5,µg/L - P,,"USGS 03-4174, EPA 365.2",,,Deposition-Bulk,685.3,Some rain showers and warmer temperatures; moderate to high winds. Light organics; filtered through 500 um mesh.;;;
12/19/2019,Yellow Bay Knob @ Flathead Lake BioStation,Nitrogen (Total),TN,420,µg/L - N,,"USGS 03-4174, EPA 353.2",,,Deposition-Bulk,1182.1,Bucket in on 09XII19@0915hrs. Moderate to high winds; some light snow showers; temps in the mid-20's to mid-30's. Heavy organics; filtered through 500 um mesh; frozen sample; thawed in the fridge overnight.;;;
12/19/2019,Yellow Bay Knob @ Flathead Lake BioStation,Phosphorus (Total),TP,142,µg/L - P,,"USGS 03-4174, EPA 365.2",,,Deposition-Bulk,1182.1,Bucket in on 09XII19@0915hrs. Moderate to high winds; some light snow showers; temps in the mid-20's to mid-30's. Heavy organics; filtered through 500 um mesh; frozen sample; thawed in the fridge overnight.;;;
12/26/2019,Yellow Bay Knob @ Flathead Lake BioStation,Nitrogen (Total),TN,49.9,µg/L - N,,"USGS 03-4174, EPA 353.2",,,Deposition-Bulk,1737.8,"Bucket in 18XII19 @ 1030 hours.  Moderate, dry and calm for last week. Left sample in cooler over night to thaw. Sample very clean, filtered through 500um mesh.;;;"
12/26/2019,Yellow Bay Knob @ Flathead Lake BioStation,Phosphorus (Total),TP,< 1.5,µg/L - P,,"USGS 03-4174, EPA 365.2",,,Deposition-Bulk,1737.8,"Bucket in 18XII19 @ 1030 hours.  Moderate, dry and calm for last week. Left sample in cooler over night to thaw. Sample very clean, filtered through 500um mesh.;;;"
