"date","solar_mj_m2_d","tmax","tmin","tavg"
2007-10-01,5.81,5.21,0.86,2.53
2007-10-02,3.44,5.79,0.93,2.5
2007-10-03,7.94,4.39,-2.84,0.78
2007-10-04,9.05,5.1,-4.03,-0.43
2007-10-05,5.46,1.36,-4,-1.26
2007-10-06,6.46,5.05,-4.33,-0.69
2007-10-07,3.63,4.84,-3.55,1.52
2007-10-08,6.02,10.06,0.77,5.06
2007-10-09,13.7,17.96,-0.26,6.88
2007-10-10,6.4,17.77,1.45,7.23
2007-10-11,8.31,8.51,1.27,4.07
2007-10-12,10.23,8.19,1.37,4.51
2007-10-13,10.8,11.17,0.21,4.5
2007-10-14,13.37,12.71,-0.26,5.06
2007-10-15,12.75,14.21,0.23,6.88
2007-10-16,5.7,9.03,-0.57,4.51
2007-10-17,5.92,4.07,-4.21,0.25
2007-10-18,5.32,2.43,-3.89,-0.46
2007-10-19,3.48,4.78,-0.47,1.41
2007-10-20,4.39,2.02,-3.35,-1
2007-10-21,4.39,1.99,-3.61,-1.32
2007-10-22,3.28,2.8,-1.9,0.53
2007-10-23,11.19,8.64,1.31,3.52
2007-10-24,10.95,13.34,0.88,6.79
2007-10-25,9.8,5.16,-4.15,0.47
2007-10-26,11.77,4.68,-5.37,-1.1
2007-10-27,10.56,5.88,-5.16,-1
2007-10-28,9.33,7.5,-2.78,0.88
2007-10-29,7.42,7.01,-1.96,1.05
2007-10-30,11.08,3.95,-4.84,-1.38
2007-10-31,8.15,1.17,-4.82,-1.72
2007-11-01,8.29,1.05,-7.37,-2.53
2007-11-02,8.66,0.25,-9.97,-4.05
2007-11-03,3.88,2.35,-3.82,-0.41
2007-11-04,4.85,2.32,-4.58,0.12
2007-11-05,7.98,2.59,-7.99,-2.97
2007-11-06,7.6,5.63,-4.43,0.15
2007-11-07,2.4,2.38,0.4,1.14
2007-11-08,3.21,2.55,-0.34,0.82
2007-11-09,5.35,4.93,-0.89,1.57
2007-11-10,1.59,2.32,-3.54,0.53
2007-11-11,5.67,0.81,-5.75,-2.8
2007-11-12,1.87,2.4,-4.65,-1.11
2007-11-13,5.05,-1.11,-8.39,-3.82
2007-11-14,7.26,-1.13,-8.88,-5.33
2007-11-15,2.46,0.79,-5.4,-1.61
2007-11-16,2.6,0.9,-0.55,0.32
2007-11-17,1.36,1.46,-0.91,0.28
2007-11-18,2.7,0.7,-5.54,-3.15
2007-11-19,6.05,-1.69,-8.76,-5.42
2007-11-20,6.21,-2.8,-11.69,-8.49
2007-11-21,4.75,-5.89,-13.5,-10.18
2007-11-22,4.56,-4.33,-13.46,-10.82
2007-11-23,3.52,-6.89,-13.86,-10.72
2007-11-24,4.65,-4.74,-11.19,-8.57
2007-11-25,5.06,-5.37,-11.8,-9.65
2007-11-26,3.43,-7.4,-12.36,-9.81
2007-11-27,1.88,-5.96,-9.99,-7.89
2007-11-28,3.79,-7.86,-13.02,-10.39
2007-11-29,4.41,-10.41,-21.67,-14.4
2007-11-30,4.97,-9.84,-22.55,-17.42
2007-12-01,3.02,-17.49,-20.65,-19.34
2007-12-02,1.24,-2.46,-16.58,-7.02
2007-12-03,0.78,0.04,-2.29,-0.63
2007-12-04,2.28,0.11,-0.24,0.07
2007-12-05,2.63,-0.49,-7.45,-3.13
2007-12-06,2.69,-4.16,-17.31,-10.03
2007-12-07,5.86,-10.58,-22.61,-18.41
2007-12-08,6.07,-12.08,-24.01,-19.62
2007-12-09,1.91,-11.75,-20.54,-15.08
2007-12-10,4.43,-7.77,-17.65,-13.61
2007-12-11,4.28,-10.47,-17.59,-13.51
2007-12-12,4.41,-9.74,-13.77,-10.98
2007-12-13,4.54,-9.43,-14.17,-12.09
2007-12-14,3.6,-8.8,-14.75,-12.22
2007-12-15,2.55,-4.86,-13.34,-8.08
2007-12-16,3.89,-5.8,-13.63,-8.42
2007-12-17,2.16,-2.86,-12.79,-5.47
2007-12-18,2.23,-2.06,-9.19,-5.14
2007-12-19,1.89,-2.02,-4.41,-3.06
2007-12-20,2.81,-2.31,-7.16,-3.87
2007-12-21,5.37,-8.03,-19.13,-15.19
2007-12-22,3.49,-10.04,-17.26,-13.29
2007-12-23,2.19,-4.63,-11.38,-8.37
2007-12-24,2.96,-2.71,-9.2,-5.53
2007-12-25,1.5,-9.82,-14.81,-11.96
2007-12-26,2.88,-9.15,-15.09,-10.95
2007-12-27,3.52,-11.11,-17.36,-13.82
2007-12-28,2.83,-8.77,-13.5,-10.98
2007-12-29,3.14,-7.18,-12.6,-10.16
2007-12-30,2.5,-7.92,-11.1,-9.56
2007-12-31,4.17,-8.96,-16.66,-11.62
2008-01-01,4.26,-9.38,-18.21,-14.17
2008-01-02,3.26,-5.14,-16.27,-9.17
2008-01-03,3.87,-1.41,-9.47,-5.44
2008-01-04,1.76,0.14,-3,-0.98
2008-01-05,2.68,-0.01,-7.93,-3.74
2008-01-06,1.7,-7.63,-14.96,-9.78
2008-01-07,3.84,-7.13,-15.02,-10.77
2008-01-08,2.13,-8.4,-13.46,-10.68
2008-01-09,3.21,-6.7,-12.85,-9.48
2008-01-10,2.41,-4,-10.97,-7.81
2008-01-11,2.99,-2.71,-7.26,-4.36
2008-01-12,3.57,-4.39,-8.3,-6.03
2008-01-13,3.19,-5,-7.45,-6.21
2008-01-14,4.54,-4.79,-9.29,-7.18
2008-01-15,3.84,-4.87,-17.62,-11
2008-01-16,5.39,-15.95,-22.91,-18.35
2008-01-17,3.78,-9.4,-17.15,-13.63
2008-01-18,3.88,-9.96,-17.32,-13.73
2008-01-19,2.28,-7.13,-18.18,-11.65
2008-01-20,5.76,-19,-27.67,-23.09
2008-01-21,7.45,-17.15,-30.42,-24.17
2008-01-22,6.67,-14.18,-23.86,-18.49
2008-01-23,7.66,-14.37,-23.21,-18.68
2008-01-24,7.83,-5.89,-23,-14.66
2008-01-25,5.77,-9.3,-20.17,-13.49
2008-01-26,3.87,-2.82,-10.93,-7.27
2008-01-27,2.57,-1.31,-21.47,-4.62
2008-01-28,4.52,-24.73,-32.81,-27.8
2008-01-29,4.16,-9.46,-24.59,-14.87
2008-01-30,4.86,-8.53,-10.38,-9.51
2008-01-31,3.58,-4.52,-8.43,-6.99
2008-02-01,4.44,-6.61,-9.94,-8.25
2008-02-02,4.37,-7.2,-14.16,-10.49
2008-02-03,6.38,-9.27,-19.01,-13.62
2008-02-04,4.95,-9.66,-19.24,-13.79
2008-02-05,3.05,-5.65,-13.02,-8.99
2008-02-06,4.94,-6.27,-8.97,-7.9
2008-02-07,2.76,-3.56,-8.76,-5.89
2008-02-08,4.18,-4.11,-7.02,-5.25
2008-02-09,3.27,-4.57,-8.57,-6.71
2008-02-10,3.35,-0.65,-5.13,-2.54
2008-02-11,3.87,-3.49,-6.11,-4.61
2008-02-12,2.97,-1.62,-4.54,-2.77
2008-02-13,5.53,-2.01,-11.16,-5.72
2008-02-14,6.11,-6.2,-14.56,-9.69
2008-02-15,6.31,-4.31,-9.95,-6.83
2008-02-16,8.07,-4.81,-11.62,-7.05
2008-02-17,8.64,-7.14,-14.86,-10.88
2008-02-18,11.11,-7.46,-13.54,-10.7
2008-02-19,12.06,-3.23,-15.3,-10.05
2008-02-20,12.05,-1.96,-15.5,-9.25
2008-02-21,12.49,-2.13,-12.24,-7.94
2008-02-22,12.07,-1.16,-12.39,-7.7
2008-02-23,7.53,-1.67,-9.94,-5.98
2008-02-24,6.04,-3.02,-12.21,-6.99
2008-02-25,8.72,-2.82,-11.15,-7.72
2008-02-26,7.84,-3.92,-8.37,-5.9
2008-02-27,8.14,-1.39,-5.49,-3.43
2008-02-28,9.1,-1.2,-5.01,-3.22
2008-02-29,9.29,-0.46,-5.38,-2.67
2008-03-01,11.72,-1.61,-6.06,-3.27
2008-03-02,10.6,-5.59,-12.12,-8.06
2008-03-03,7.65,-4.53,-9,-6.37
2008-03-04,11.33,-5.11,-15.39,-8.88
2008-03-05,12.65,-5.15,-16.38,-10.13
2008-03-06,15.03,-4.36,-13.3,-7.95
2008-03-07,13.32,-1.55,-11.86,-4.97
2008-03-08,13.13,-1.23,-8.62,-5.19
2008-03-09,13.26,-1.88,-9.5,-5.21
2008-03-10,13.59,-0.07,-7.3,-4.3
2008-03-11,10.65,-0.62,-5.94,-2.93
2008-03-12,14.48,-3.91,-7.79,-5.46
2008-03-13,15.31,-1.94,-12.13,-6.02
2008-03-14,13.33,-1.86,-8.45,-5.23
2008-03-15,11.35,-2.26,-9.53,-6.07
2008-03-16,12.77,-4.07,-10.99,-6.81
2008-03-17,13.4,-2.57,-5.91,-4.38
2008-03-18,12.3,-2.29,-7.92,-5.16
2008-03-19,12.17,-3.86,-10.19,-6.49
2008-03-20,11.01,-3.05,-11.62,-7.25
2008-03-21,10.56,-3.72,-9.28,-6.44
2008-03-22,16.94,-3.63,-14.19,-9.11
2008-03-23,15.3,-1.26,-14.05,-5.65
2008-03-24,18.53,-1.97,-13.43,-7.18
2008-03-25,17.76,-5.28,-15.33,-10.26
2008-03-26,13.21,-3.2,-13.19,-8.22
2008-03-27,11.56,-4.25,-9.76,-7.48
2008-03-28,16.21,-4.85,-14.21,-8.91
2008-03-29,12.33,-6.26,-12,-9.36
2008-03-30,13.97,-4.98,-14.41,-9.95
2008-03-31,15.56,-5.83,-15.85,-10.64
2008-04-01,14.27,-6.04,-13.47,-10.07
2008-04-02,17.92,-5.35,-14.38,-9.11
2008-04-03,18.91,-2.09,-10.7,-6
2008-04-04,13.79,0.13,-9.51,-3.88
2008-04-05,11.97,-1.55,-7.68,-4.53
2008-04-06,12.32,-1.15,-10.12,-5.41
2008-04-07,15.22,-1.19,-8.96,-4.65
2008-04-08,15.42,-1.59,-10.18,-5.61
2008-04-09,18.23,-0.53,-9.38,-4.99
2008-04-10,16.69,-1.48,-9.49,-5.53
2008-04-11,21.02,-0.83,-11.54,-5.42
2008-04-12,23.67,0.47,-8.34,-3.09
2008-04-13,21.78,1.44,-5.2,-0.71
2008-04-14,4.75,0.88,-2.98,-0.16
2008-04-15,12.14,-1.23,-7.15,-3.6
2008-04-16,13.09,-1.67,-10.48,-4.88
2008-04-17,19.4,0.05,-6.24,-2.2
2008-04-18,15.43,-0.14,-8.75,-2.9
2008-04-19,10.59,-7.08,-15.32,-10.23
2008-04-20,17.2,-7.84,-15.82,-12.1
2008-04-21,12.08,-5.06,-15,-8.79
2008-04-22,16.01,-2.78,-11.42,-6.7
2008-04-23,10.71,-2.03,-10.12,-6.25
2008-04-24,17.44,-0.73,-8.83,-3.86
2008-04-25,16.59,-1.7,-8.83,-3.85
2008-04-26,27.04,-0.54,-11.2,-5.82
2008-04-27,23.67,0.94,-11.21,-2.8
2008-04-28,22.49,3.2,-1.59,0.95
2008-04-29,8.46,0.88,-3.89,-0.25
2008-04-30,19.16,0.31,-5.56,-2.54
2008-05-01,21.3,0.68,-7.54,-2.12
2008-05-02,27.38,1.04,-5.23,-1.84
2008-05-03,22.17,3.24,-3.67,0.98
2008-05-04,24.99,3.66,0.61,2.08
2008-05-05,18.69,2.85,-0.26,1.72
2008-05-06,20.41,3.71,1.19,2.01
2008-05-07,15.56,1.01,0.17,0.59
2008-05-08,19.53,0.79,-3.54,-0.38
2008-05-09,19.52,0.77,-5.16,-1.88
2008-05-10,17.5,2.21,-8.09,-1.94
2008-05-11,15.4,3.82,-2.46,0.82
2008-05-12,13.94,5.95,-1.89,1.62
2008-05-13,11.42,5.89,-0.29,2.37
2008-05-14,12.61,11,1.35,5.53
2008-05-15,29.32,16.09,2.26,8.7
2008-05-16,29.8,18.32,4.29,12.11
2008-05-17,28.55,19.99,6.87,13.32
2008-05-18,25.04,17.88,6.36,12.16
2008-05-19,17.42,14.86,5.89,10.35
2008-05-20,10.24,17.54,3.15,9.98
2008-05-21,13.2,9.25,1.79,4.48
2008-05-22,11.08,7.64,0.97,3.84
2008-05-23,9.39,8.11,1.49,4.3
2008-05-24,9.78,8.16,3.37,5.66
2008-05-25,17.29,9.87,2.81,5.73
2008-05-26,21.65,9.66,2.1,5.34
2008-05-27,17.51,12.49,0.55,6
2008-05-28,28.55,16.69,-0.3,9.54
2008-05-29,19.56,15.12,3.34,9.85
2008-05-30,21.27,14.15,4.71,9.54
2008-05-31,27.46,17.7,2.92,11.52
2008-06-01,11.7,13.43,5.49,9.48
2008-06-02,15.79,10.98,1.84,6.5
2008-06-03,21.17,12.34,0.86,6.26
2008-06-04,15.39,10.81,2.19,6.09
2008-06-05,13.13,12.65,1.97,6.98
2008-06-06,19.17,6.69,1.09,3.47
2008-06-07,11.35,4.05,0.35,1.79
2008-06-08,16.8,10.02,0.75,4.01
2008-06-09,13.48,10.47,0.8,5.71
2008-06-10,4.99,2.28,-2.58,-0.22
2008-06-11,9.44,2.39,-1.13,0.81
2008-06-12,21.91,9.14,0.09,4.45
2008-06-13,22.98,13.63,3.29,8.57
2008-06-14,30.94,13.33,0.89,7.9
2008-06-15,30.4,16.07,3.42,10.4
2008-06-16,30.97,17.6,6.76,12.36
2008-06-17,29.97,17.82,2.96,11.09
2008-06-18,30.09,14.8,1.22,8.36
2008-06-19,26.63,15.4,1.63,9.13
2008-06-20,29.74,18.79,5.69,13.26
2008-06-21,25.21,22.71,9.36,16.24
2008-06-22,24.52,15.36,5,10.27
2008-06-23,26.09,17.46,3.17,11.12
2008-06-24,25.05,15.67,5.38,10.45
2008-06-25,29.29,17.35,3.75,11.26
2008-06-26,27.02,16.14,5.61,11.11
2008-06-27,31.98,18.09,5.04,12.35
2008-06-28,31.89,22.63,8.01,16.15
2008-06-29,31.8,26.89,12.03,20.1
2008-06-30,26.07,26.75,14.45,20.89
2008-07-01,18.06,20.53,11.71,15.7
2008-07-02,19.41,20.62,10.06,15.4
2008-07-03,27.45,24.39,11.06,18.38
2008-07-04,16.86,21.14,10.98,16.53
2008-07-05,25.72,18.13,7.9,13.22
2008-07-06,22.08,18.21,6.92,12.65
2008-07-07,26.08,18.86,5.88,12.45
2008-07-08,30.49,19.03,7.69,13.31
2008-07-09,30.5,20.95,7.06,14.36
2008-07-10,28.52,17.51,4.13,12.63
2008-07-11,29.39,13.88,1.9,8.1
2008-07-12,30.99,18.39,5.1,11.83
2008-07-13,30.91,20.67,6.36,13.77
2008-07-14,30.24,19.69,6.58,13.92
2008-07-15,23.86,19.02,8.88,14.25
2008-07-16,25.29,19.6,6.67,13.97
2008-07-17,26.21,20.09,5.94,14.55
2008-07-18,27.55,19.08,7.63,13.25
2008-07-19,28.62,19.21,6.29,13.79
2008-07-20,30.68,25.18,10.95,17.8
2008-07-21,28.78,23.86,12.16,17.6
2008-07-22,12.84,23.81,9.85,15.56
2008-07-23,16.38,18.15,7.94,12.96
2008-07-24,23.92,18.98,5.41,12.73
2008-07-25,29.51,22.59,6.76,14.98
2008-07-26,24.73,23.44,9.98,16.86
2008-07-27,24.71,20.06,7.53,13.84
2008-07-28,27.49,19.18,5.47,13.02
2008-07-29,24.29,21.65,8.52,14.73
2008-07-30,21.26,15.43,3.6,10.04
2008-07-31,28.66,19.22,2.66,11.37
2008-08-01,17.52,20.04,6.7,13.64
2008-08-02,25.02,17.65,6.19,11.83
2008-08-03,20.42,17.14,5.32,11.72
2008-08-04,28.1,20.89,6.88,14.44
2008-08-05,28.54,23.64,8.19,15.65
2008-08-06,27.15,26.29,6.84,16.8
2008-08-07,19.53,28.03,11.45,18.5
2008-08-08,19.8,27.29,11.03,20.14
2008-08-09,18.6,26.14,9.14,17.62
2008-08-10,16.9,16.6,6.27,11.28
2008-08-11,22.75,17,5.04,10.64
2008-08-12,26.97,20.76,4.5,12.85
2008-08-13,16.91,20.34,9.33,15.52
2008-08-14,25.22,22.14,8.72,15.28
2008-08-15,26.14,24.99,8.49,15.94
2008-08-16,25.4,30.54,9.82,19.71
2008-08-17,23.11,30.69,11.91,21.28
2008-08-18,23.16,31.09,12.83,21.85
2008-08-19,12.19,20.26,10.55,14.61
2008-08-20,5.24,15.82,8.74,11.37
2008-08-21,12.14,13.55,5.15,9.24
2008-08-22,21.49,17.3,3.1,9.45
2008-08-23,23.65,21.95,5.93,13.9
2008-08-24,22.14,25.45,7.44,16.59
2008-08-25,15.02,23,6.34,14.77
2008-08-26,14.05,11.15,4.68,7.62
2008-08-27,8.19,9.67,3.9,6.43
2008-08-28,10.15,13.85,3.02,9.02
2008-08-29,18.33,20.57,8.41,13.84
2008-08-30,19.67,18.61,6.48,12.14
2008-08-31,13.23,11.4,1.52,6.14
2008-09-01,10.29,9.08,1.13,4.24
2008-09-02,16.03,13.42,1.35,7.27
2008-09-03,16.28,14.99,2.87,8.93
2008-09-04,18.36,12.4,1.94,6.63
2008-09-05,11.33,13.29,1.61,7.04
2008-09-06,13.63,13.24,2.72,7.03
2008-09-07,16.28,12.1,0.95,5.25
2008-09-08,19.69,16.8,0.87,8.66
2008-09-09,20.05,18.44,3.53,10.16
2008-09-10,17.16,12.34,1.93,6.22
2008-09-11,20.67,18.65,-0.58,8.61
2008-09-12,19.26,18.79,1.9,9.69
2008-09-13,20.71,15.45,1.08,7.35
2008-09-14,20.4,20.27,4.32,11.51
2008-09-15,20.38,22.55,4.23,13.19
2008-09-16,19.87,22.98,7.45,14.76
2008-09-17,18.29,24.35,9.38,15.88
2008-09-18,17.74,25.42,11.18,17.63
2008-09-19,15.88,24.73,10.65,17.21
2008-09-20,14.75,23.69,7.01,14.52
2008-09-21,2.97,9.53,3.61,6.28
2008-09-22,8.38,7.52,0.6,4.26
2008-09-23,13.41,7.35,0.04,2.44
2008-09-24,11.31,12.13,-0.19,5.46
2008-09-25,9.88,14.53,1.49,7.2
2008-09-26,14.75,13.42,-0.39,6.21
2008-09-27,15.18,14.42,0.96,6.91
2008-09-28,16.5,14.97,2.34,8.3
2008-09-29,16.82,20.82,4.93,12.28
2008-09-30,16.71,23.1,10.05,15.47
2008-10-01,15.64,22.7,9.94,15.79
2008-10-02,12.86,23.25,8.41,14.99
2008-10-03,8.09,15.7,5.84,10.15
2008-10-04,4.37,8.35,4.8,6.84
2008-10-05,8.16,6.11,-0.87,3.48
2008-10-06,9.69,7.38,-1.95,1.83
2008-10-07,8.97,8.03,-0.36,4.35
2008-10-08,10.75,3.9,-4.38,-0.94
2008-10-09,10.02,1.72,-5.51,-2.16
2008-10-10,10.15,-0.6,-5.36,-3.29
2008-10-11,12.55,-0.22,-9.45,-4.72
2008-10-12,14.22,6.17,-10.06,-2.58
2008-10-13,6.51,5.86,-5.8,0.4
2008-10-14,9.22,5.14,-2.44,1.7
2008-10-15,11.65,5.6,-2.41,0.4
2008-10-16,4.4,6.05,-2.15,1.19
2008-10-17,5.8,7.73,1.16,3.15
2008-10-18,5.57,9.9,1.7,4.71
2008-10-19,11.36,8.67,-2.33,1.54
2008-10-20,2.37,6.32,-2.33,1.59
2008-10-21,7.71,3.05,-5.92,-1.83
2008-10-22,11.32,4.11,-5.91,-1.73
2008-10-23,7.2,6.85,-3.06,0.31
2008-10-24,8.49,2.82,-3.73,-0.38
2008-10-25,10.26,4.03,-5.71,-0.5
2008-10-26,11.33,3.55,-6.52,-1.49
2008-10-27,10.69,8.8,-3.13,1.57
2008-10-28,10.06,10.9,0.41,3.95
2008-10-29,9.44,11.38,-0.6,3.96
2008-10-30,7.7,12.84,0.21,5.07
2008-10-31,4.43,12.86,3.93,6.65
2008-11-01,8.05,10.35,3.32,5.35
2008-11-02,2.95,8.44,2.67,4.56
2008-11-03,5.93,4.27,-3.09,0.15
2008-11-04,1.64,1.1,-3.61,-1.1
2008-11-05,2.83,-0.93,-7.07,-4.3
2008-11-06,5.66,-1.59,-7.47,-4.68
2008-11-07,3.06,1.3,-2.42,-0.79
2008-11-08,2.3,1.06,-1.31,0.4
2008-11-09,3.97,1.62,-1.13,0.48
2008-11-10,3.51,1.02,-1.98,-0.7
2008-11-11,1.73,-0.45,-1.41,-1.13
2008-11-12,1.29,4.02,-1.15,1.51
2008-11-13,5.07,0.47,-7.14,-1.92
2008-11-14,7.43,-1.58,-8.22,-5.65
2008-11-15,3.72,0.39,-5.71,-2.45
2008-11-16,5.18,2.24,-3.47,-1.51
2008-11-17,5.46,3.1,-3.45,-0.67
2008-11-18,6.11,3.73,-0.96,0.73
2008-11-19,6.51,-0.69,-9.15,-3.96
2008-11-20,4.98,-0.08,-9.97,-4.96
2008-11-21,3.38,-1.66,-6.87,-3.9
2008-11-22,2.93,-1.21,-7.85,-4.5
2008-11-23,6.23,-2.09,-9.41,-6.26
2008-11-24,6.15,-1.15,-9.92,-5.7
2008-11-25,5.23,0.58,-6.4,-3.96
2008-11-26,5.7,-0.11,-7.46,-4.38
2008-11-27,5.31,-0.91,-9.36,-6.4
2008-11-28,2.68,-5.11,-9.03,-6.92
2008-11-29,3.37,-1.42,-6.03,-3.74
2008-11-30,3.6,-0.06,-4.61,-2.33
2008-12-01,2.07,0.43,-2,-0.77
2008-12-02,2.75,-2.2,-13.11,-8.39
2008-12-03,4.75,-10.19,-18.7,-14.84
2008-12-04,5.43,-11.6,-21.38,-15.53
2008-12-05,1.47,-6.25,-12.27,-8.72
2008-12-06,3.36,-2.34,-7.48,-4.79
2008-12-07,1.64,-2.07,-7.72,-4.24
2008-12-08,2.97,-7.03,-13.08,-9.92
2008-12-09,1.22,-4.52,-12.13,-7.64
2008-12-10,2.02,-2.76,-5.51,-4.23
2008-12-11,4.89,-4.92,-10.96,-8.25
2008-12-12,2.25,-6.61,-11.77,-9.23
2008-12-13,2,-11.28,-29.97,-25.06
2008-12-14,4.42,-30.13,-35.53,-32.79
2008-12-15,5.59,-26.02,-34.94,-30.7
2008-12-16,5.46,-21.58,-29.67,-24.66
2008-12-17,3.01,-17.91,-22.9,-20.09
2008-12-18,1.28,-19.54,-24.7,-21.95
2008-12-19,3.34,-23.47,-28.86,-26.15
2008-12-20,4.45,-22.36,-30.83,-28.03
2008-12-21,2.01,-13.72,-28.42,-18.25
2008-12-22,2.34,-15.24,-28.47,-22.3
2008-12-23,2.95,-17.62,-28.93,-22.01
2008-12-24,3.31,-9.79,-19.51,-15.02
2008-12-25,1.22,-6.51,-15.37,-10.88
2008-12-26,2.59,-11.9,-19.25,-14.77
2008-12-27,0.94,-2.91,-13.21,-7.87
2008-12-28,1.7,-1.75,-7.23,-3.55
2008-12-29,0.81,-3.61,-9.22,-6.51
2008-12-30,3.45,-7.57,-13.66,-9.73
2008-12-31,1.81,-3.24,-13.47,-8.37
2009-01-01,1.1,-4.9,-18.8,-9.96
2009-01-02,2.41,-5.1,-23.41,-16.9
2009-01-03,5.3,-18.91,-24.86,-21.82
2009-01-04,3.45,-11.44,-20.27,-14.72
2009-01-05,2.27,-8.69,-12.85,-10.82
2009-01-06,1.48,-1.77,-10.4,-6.03
2009-01-07,1.22,-0.15,-1.58,-0.73
2009-01-08,1.51,-0.24,-6.68,-1.75
2009-01-09,3.6,-6.72,-9.16,-7.95
2009-01-10,1.54,-4.82,-8.16,-6.4
2009-01-11,3.02,-2.88,-7.69,-4.94
2009-01-12,2.3,-2.85,-11.61,-6.78
2009-01-13,4.94,-1.72,-8.63,-3.69
2009-01-14,5,-4.96,-10.97,-8.15
2009-01-15,4.83,-4.79,-10.76,-7.46
2009-01-16,5.39,-5.69,-12.35,-8.59
2009-01-17,4.57,-5.09,-15,-11.09
2009-01-18,4.88,-3.53,-14.76,-9.09
2009-01-19,5.52,-0.95,-10.47,-6.7
2009-01-20,5.65,-4.25,-15.59,-10.16
2009-01-21,6.23,-6.17,-13.86,-9.69
2009-01-22,6.74,-9.41,-22.19,-13.57
2009-01-23,6.06,-17.24,-25.24,-22.2
2009-01-24,5.68,-19.74,-25.09,-23.37
2009-01-25,8.26,-18.22,-28.8,-24.11
2009-01-26,8.85,-16.61,-28.22,-24
2009-01-27,4.91,-12.86,-24.46,-18.08
2009-01-28,6.26,-8.84,-13.08,-11.22
2009-01-29,5.15,-5.95,-12.73,-8.53
2009-01-30,7.14,-4.15,-7.38,-5.53
2009-01-31,6.05,-4.02,-9.14,-7.39
2009-02-01,6.82,-8.76,-14.43,-10.44
2009-02-02,6.37,-3.95,-8.72,-6.51
2009-02-03,8.04,-1.99,-14.88,-8.4
2009-02-04,8.28,-1.72,-10.55,-6.82
2009-02-05,8.21,0.3,-9.8,-3.43
2009-02-06,4.44,-1.48,-7.57,-3.46
2009-02-07,8.16,-4.65,-12.41,-8.1
2009-02-08,9.8,-2.99,-14.51,-10.31
2009-02-09,7.45,-6.11,-14.79,-9.48
2009-02-10,6.15,-8.44,-13.66,-11.21
2009-02-11,6.62,-8.04,-12.91,-10.69
2009-02-12,8.25,-7.57,-16.84,-12.02
2009-02-13,7.78,-8.08,-18.73,-13.79
2009-02-14,8.34,-10.46,-16.08,-14.16
2009-02-15,9.57,-5.69,-15.52,-10.81
2009-02-16,9.03,-3.14,-12.54,-8.69
2009-02-17,9.27,-4.91,-12.54,-8.64
2009-02-18,6.41,-3.55,-10.16,-6.91
2009-02-19,5.77,-3.4,-8.49,-5.79
2009-02-20,10.74,-5.09,-13.03,-9.47
2009-02-21,12.64,-4.59,-13.24,-10.13
2009-02-22,10.85,0.01,-12.14,-5.42
2009-02-23,9.46,0,-6.7,-2.7
2009-02-24,6.43,-1.56,-3.7,-2.66
2009-02-25,3.44,-3.19,-18.23,-9.01
2009-02-26,5.07,-16.89,-22.01,-19.37
2009-02-27,7.35,-9.84,-20.11,-14.92
2009-02-28,11.16,-3.49,-17.05,-10.79
2009-03-01,11.26,-0.46,-10.58,-4.69
2009-03-02,10.12,0.38,-5.5,-1.93
2009-03-03,7.28,0.26,-4.97,-1.05
2009-03-04,8.2,-1.35,-6.35,-3.94
2009-03-05,5.21,-5.1,-19.63,-10.54
2009-03-06,14.89,-10.48,-23.61,-15.6
2009-03-07,6.57,-5.11,-13.86,-9.48
2009-03-08,12.34,-11.9,-22.1,-16.97
2009-03-09,13.02,-14.04,-24.72,-19.92
2009-03-10,14.61,-20.76,-28.99,-24.29
2009-03-11,16.75,-13.73,-29.82,-20.76
2009-03-12,17.06,-8.88,-21.47,-14.51
2009-03-13,16.55,-4.65,-13.08,-8.62
2009-03-14,12.12,-1.26,-9.8,-5.06
2009-03-15,6.3,-0.85,-5.32,-2.52
2009-03-16,10.04,-3.99,-6.94,-5.43
2009-03-17,9.83,-3.27,-6,-4.77
2009-03-18,11.42,-2.58,-10.71,-5.95
2009-03-19,12.36,0.04,-5.06,-2.31
2009-03-20,12.34,0.04,-5.8,-1.97
2009-03-21,13.82,1.87,-2.53,0.07
2009-03-22,11.43,0.33,-7.28,-1.4
2009-03-23,10.8,-2,-10.02,-6.08
2009-03-24,9.64,-3.15,-10.24,-6.3
2009-03-25,14.99,-5.17,-13.23,-8.73
2009-03-26,20.5,-8.02,-15.53,-12.07
2009-03-27,16.66,-2.47,-13.74,-6.28
2009-03-28,16.5,-1.94,-7.52,-3.54
2009-03-29,12.25,-5.1,-11.33,-7.32
2009-03-30,9.33,-3.71,-15.05,-7.89
2009-03-31,11.5,-2.51,-8.37,-5.61
2009-04-01,14.2,-4.19,-9.35,-6.53
2009-04-02,13.44,-1.79,-9.06,-5.7
2009-04-03,15.57,-1.55,-9.95,-5.64
2009-04-04,18.31,-2.11,-14.81,-7.64
2009-04-05,22.52,-0.71,-12.26,-6.9
2009-04-06,21.93,0.18,-12.36,-5.04
2009-04-07,22.45,1.16,-6.09,-1.53
2009-04-08,19.94,4.1,-1.35,1.07
2009-04-09,20.37,0.2,-4.63,-1.49
2009-04-10,21.49,0.38,-5.43,-1.73
2009-04-11,13.15,0.86,-1,0.13
2009-04-12,13.87,0.34,-3.92,-0.93
2009-04-13,16.36,0.21,-5.47,-0.86
2009-04-14,18.85,-0.58,-9.69,-4.48
2009-04-15,18.54,-2.3,-11.34,-5.5
2009-04-16,23.78,0.23,-11.77,-4.5
2009-04-17,22.41,0.76,-7.65,-2.05
2009-04-18,23.56,0.78,-3.54,-0.89
2009-04-19,18.3,1.23,-3.7,-0.59
2009-04-20,20.78,2.27,-1.96,0.7
2009-04-21,25.73,2.52,-0.34,1.29
2009-04-22,17.57,1.57,0.22,0.84
2009-04-23,10.08,0.18,-9.47,-4.69
2009-04-24,18.86,-1.52,-13.45,-6.6
2009-04-25,12.76,0.36,-9.82,-3.24
2009-04-26,15.93,0.01,-5.06,-2.57
2009-04-27,12.55,-3.49,-7.02,-5.12
2009-04-28,13.14,-4.53,-7.58,-6.13
2009-04-29,17.49,-3.72,-8.62,-6.58
2009-04-30,20.02,-1.05,-8.99,-5.08
2009-05-01,23.26,0.79,-9.69,-3.08
2009-05-02,25.07,0.9,-9.71,-2.84
2009-05-03,13.02,1.34,-4.28,-0.29
2009-05-04,22.04,2.03,-2.92,-0.14
2009-05-05,15.51,3.12,-0.34,1.24
2009-05-06,13.91,4.46,-1.48,1.22
2009-05-07,15.29,2.07,-1.02,0.46
2009-05-08,16.55,4.89,-2.36,0.67
2009-05-09,20.99,8.04,-1.71,3.33
2009-05-10,21.62,7.66,0.45,4.02
2009-05-11,11.41,9.11,0.77,4.27
2009-05-12,16.32,2.95,-1.62,0.64
2009-05-13,15.52,5.68,-2.75,1.24
2009-05-14,12.81,4.29,-0.7,1.37
2009-05-15,23.26,7.79,-1.58,2.85
2009-05-16,26.11,12.88,-0.74,6.28
2009-05-17,24.91,16,2.3,9.12
2009-05-18,28.59,18.13,1.73,10.64
2009-05-19,14.62,10.97,-0.02,6.44
2009-05-20,17.87,4.1,-2.49,1.19
2009-05-21,26.98,11,-2.45,4.77
2009-05-22,30.3,14.31,-2.24,5.72
2009-05-23,28.61,17.43,2.13,11.38
2009-05-24,25.42,15,5.93,11.06
2009-05-25,21.19,14.28,3.85,9.25
2009-05-26,25.64,16.2,3.89,9.94
2009-05-27,27.37,14.33,3.6,8.85
2009-05-28,28.32,16.68,2.44,10.14
2009-05-29,29.5,20.88,7.48,14.25
2009-05-30,27.39,20.28,6.88,13.92
2009-05-31,26.99,17.95,6.75,12.97
2009-06-01,24.99,11.77,-0.96,5.7
2009-06-02,30.25,14.31,-2.63,5.91
2009-06-03,32.19,17.98,-0.74,9.17
2009-06-04,30.92,18.76,4.22,11.07
2009-06-05,22.86,18.59,-0.25,9.16
2009-06-06,16.32,3.83,-3.56,0.41
2009-06-07,26.1,9.01,-4.51,1.97
2009-06-08,14.53,5.52,-2.43,1.26
2009-06-09,19.81,9.99,-2.91,3.84
2009-06-10,29.68,15.45,-1.69,7.69
2009-06-11,26.63,15.9,3.54,10.64
2009-06-12,26.63,18.48,7,13.8
2009-06-13,24.54,18.52,9.27,14.37
2009-06-14,20.62,19.27,9.42,14.15
2009-06-15,16.67,18.19,8.63,12.79
2009-06-16,23.5,17.46,7.72,12.66
2009-06-17,17.9,16.74,7.12,11.07
2009-06-18,22.08,15.64,5.91,10.39
2009-06-19,10.59,12.39,4.65,8.47
2009-06-20,21.48,16.13,5.89,9.98
2009-06-21,17.16,15.03,4.59,9.81
2009-06-22,9.45,8.84,3.09,5.44
2009-06-23,23.25,14.54,2.72,8.56
2009-06-24,28.26,19.39,5.42,12.8
2009-06-25,28.24,15.8,4.32,11.49
2009-06-26,23.13,14.53,3.08,9.14
2009-06-27,31.71,16.45,1.64,9.68
2009-06-28,32.1,18.42,3.75,12.02
2009-06-29,32.08,18.09,6.88,12.44
2009-06-30,32.46,17.98,4.32,11.77
2009-07-01,32.24,18.04,2.48,10.94
2009-07-02,32.28,21.47,5.01,14.78
2009-07-03,30.1,18.94,7.3,13.46
2009-07-04,28.47,22.22,5.7,15.86
2009-07-05,20.4,22.73,10.14,15.76
2009-07-06,14.8,16.34,5.49,11.67
2009-07-07,25.34,14.9,3.54,9.36
2009-07-08,20.87,12.68,3.4,8.59
2009-07-09,20.75,14.13,3.01,10.07
2009-07-10,24.5,17.91,6.2,12.79
2009-07-11,27.85,21.92,8.22,14.87
2009-07-12,18.88,22.96,9.3,15.88
2009-07-13,5.59,13.05,6.07,10.36
2009-07-14,16.46,14.39,6.38,10.34
2009-07-15,26.05,17.99,7.01,13.21
2009-07-16,29.33,21.37,10.25,16.55
2009-07-17,29.71,23.65,12.92,18.87
2009-07-18,27.16,23.97,12.78,18
2009-07-19,30.46,19.91,8.67,14.34
2009-07-20,30.35,20.07,4.76,13.9
2009-07-21,30.04,22.66,8.72,16.62
2009-07-22,29.85,24.19,12.68,18.64
2009-07-23,23.3,25.47,13.87,19.48
2009-07-24,23.89,22.19,11.6,16.84
2009-07-25,26.19,26.24,11.99,19.29
2009-07-26,17.15,27.08,12.36,17.51
2009-07-27,23.47,20.01,10.57,15.65
2009-07-28,20.48,18.33,8.24,13.82
2009-07-29,22.57,16.13,6.29,11.39
2009-07-30,27.21,21.16,6.21,14.16
2009-07-31,26.73,19.79,7.54,13.72
2009-08-01,26.12,24.45,10.48,17.49
2009-08-02,25.06,23.21,8.85,17.4
2009-08-03,21.59,23.99,11.2,18.04
2009-08-04,22.35,22.39,8.31,15.08
2009-08-05,20.71,22.97,8,14.49
2009-08-06,16.99,21.11,10.17,14.1
2009-08-07,16.1,11.17,6.12,9.15
2009-08-08,17.04,15.29,3.86,9.98
2009-08-09,17.86,18.99,7.71,12.53
2009-08-10,23.85,21.09,6.22,13.8
2009-08-11,24.8,22.28,9.18,15.17
2009-08-12,8,15.94,8.59,12.49
2009-08-13,8.68,12.9,6.72,9.87
2009-08-14,11.57,11.37,4.76,7.96
2009-08-15,15.84,9.7,3.71,6.34
2009-08-16,16.2,13.28,3.34,8.57
2009-08-17,20.68,17.16,3.86,10.86
2009-08-18,21.73,20.92,6.14,13.32
2009-08-19,25.47,22.02,8.14,15.28
2009-08-20,24,24.97,6.33,16.42
2009-08-21,23.86,26.41,10.72,18.23
2009-08-22,25.28,21.16,8.24,15.17
2009-08-23,22.2,20.3,8.39,13.5
2009-08-24,24.96,19.32,4.46,12.15
2009-08-25,24.11,23.27,5.29,14.51
2009-08-26,21.51,22.07,8.5,14.85
2009-08-27,19.46,25.21,8.46,16.16
2009-08-28,24.06,28.14,8.08,16.74
2009-08-29,11.07,22.01,8.55,13.55
2009-08-30,21.68,23.13,7.2,14.81
2009-08-31,20.68,24.24,10.24,16.79
2009-09-01,20.05,26.46,11.21,18.77
2009-09-02,21.37,26.66,14.06,19.64
2009-09-03,15.78,24.8,8.08,17.27
2009-09-04,21.05,19.44,6.51,12.76
2009-09-05,15.16,26.52,5,15.3
2009-09-06,9.92,12.75,5.05,9.86
2009-09-07,9.92,11.56,3.53,6.79
2009-09-08,17.45,13.86,2.39,6.82
2009-09-09,16.17,17.11,1.75,9.45
2009-09-10,19.29,18.68,3.77,10.69
2009-09-11,21.16,20,2.25,10.19
2009-09-12,20.95,25.18,3.86,13.14
2009-09-13,20.74,18.87,4.06,11.04
2009-09-14,16.82,22.43,5.71,13.24
2009-09-15,18.98,24.95,7.08,15.74
2009-09-16,18.78,26.92,10.7,19.04
2009-09-17,11.92,19.28,8.05,14.28
2009-09-18,19.26,23.75,6.02,14.97
2009-09-19,13.18,23.1,7.07,14.23
2009-09-20,12.47,9.49,0.61,6.2
2009-09-21,18.04,16.96,-0.18,7.48
2009-09-22,18.06,24.11,4.58,13.05
2009-09-23,18.26,26.53,7.78,16.36
2009-09-24,17.94,25.39,7,15.85
2009-09-25,17.63,22.62,4.37,13.01
2009-09-26,17.67,18.73,3.69,11.66
2009-09-27,18.12,14.08,-1,5.76
2009-09-28,15.76,21.74,-2.05,9.56
2009-09-29,11.24,12.65,0.84,6.53
2009-09-30,9.2,3.83,-3.34,0.73
2009-10-01,6.91,5.26,-4.37,-0.42
2009-10-02,6.28,6.91,-4.39,1.41
2009-10-03,8.35,5.87,-2.67,0.44
2009-10-04,9.53,1.65,-4.27,-1.89
2009-10-05,13.52,3.89,-5.13,-1.77
2009-10-06,12.81,7.66,-4.08,0.87
2009-10-07,6.57,0.03,-6.48,-3.25
2009-10-08,9.91,2.67,-10.51,-4.12
2009-10-09,12.25,-6.91,-15.45,-10.91
2009-10-10,14.47,-6.44,-15.74,-11.93
2009-10-11,13.58,-5.73,-16.35,-11.37
2009-10-12,13.92,-0.27,-14,-7.2
2009-10-13,9.32,3.28,-7.91,-3.17
2009-10-14,4.21,1.89,-2.91,0.02
2009-10-15,6.78,1.94,-0.32,0.97
2009-10-16,5.65,3.01,-0.52,1.19
2009-10-17,8.16,12.2,0.8,5.04
2009-10-18,8.15,7.14,1.06,3.55
2009-10-19,10.05,5.27,-2.11,1.09
2009-10-20,6.54,6.46,-2.18,1.24
2009-10-21,4.34,5.23,-1.88,1.03
2009-10-22,7.07,5.37,-2.63,0.98
2009-10-23,2.7,2.39,-0.53,0.46
2009-10-24,7.66,2.65,-6.43,-0.86
2009-10-25,9.09,1.86,-5.52,-2.05
2009-10-26,2.16,1.36,-2.78,-0.85
2009-10-27,4.31,-1.87,-5.89,-3.45
2009-10-28,4.6,-2.14,-10.03,-5.66
2009-10-29,3.69,-4.23,-10.63,-6.79
2009-10-30,2.23,1.72,-5.82,-1.41
2009-10-31,4.68,5.46,-1.06,2.13
2009-11-01,8.16,1.67,-4.91,-2.05
2009-11-02,5.53,-0.27,-8.8,-4.49
2009-11-03,9.48,1.49,-7.31,-3.96
2009-11-04,8.85,5.04,-5.68,-1.11
2009-11-05,7.09,6.44,-3.86,0.62
2009-11-06,3.35,1.37,-2.01,-0.13
2009-11-07,4.14,0.6,-2.64,-1.67
2009-11-08,3.89,-1.51,-5.02,-3.29
2009-11-09,7.8,1.77,-8.1,-3.55
2009-11-10,5.46,0.55,-4.37,-2.15
2009-11-11,3.21,0.02,-9.43,-3.86
2009-11-12,6.38,-3.06,-11.88,-7.97
2009-11-13,3.43,-3.74,-8.43,-6.44
2009-11-14,3.7,-5.15,-11.43,-7.62
2009-11-15,3.94,-4.66,-10.71,-7.29
2009-11-16,5.57,-0.33,-7.56,-3.87
2009-11-17,2.47,2.27,-2.21,-0.53
2009-11-18,4.43,-2,-7.34,-3.77
2009-11-19,2.14,-1.32,-8.61,-5.18
2009-11-20,3.75,2.49,-7.14,-2.7
2009-11-21,3.6,-1.93,-6.8,-4.72
2009-11-22,1.88,-3.5,-9.99,-6.49
2009-11-23,2.26,-4,-6.04,-5.25
2009-11-24,2.61,-3.01,-9,-5.89
2009-11-25,3.38,0.21,-6.68,-2.49
2009-11-26,2.96,0.06,-5.43,-2.94
2009-11-27,2.69,-0.86,-14.47,-4.22
2009-11-28,2.12,-5.83,-19.57,-10.93
2009-11-29,2.16,-2.66,-6.14,-4.32
2009-11-30,2.36,-1.8,-8.69,-3.83
2009-12-01,6.13,-8.94,-17.55,-13.5
2009-12-02,5.53,-11.89,-22.09,-18.2
2009-12-03,4.17,-13.14,-24.11,-18.55
2009-12-04,3.25,-10.93,-16.53,-13.08
2009-12-05,2.8,-11.48,-18.75,-14.49
2009-12-06,3.48,-19.25,-26.21,-22.52
2009-12-07,5.98,-23.86,-33.28,-28.34
2009-12-08,6.25,-21.77,-35.36,-30.37
2009-12-09,4.18,-18.18,-30.1,-21.48
2009-12-10,3.57,-15.32,-19.61,-16.96
2009-12-11,3.29,-11.42,-17.73,-13.91
2009-12-12,1.74,-12.88,-26.07,-18.14
2009-12-13,2.02,-20.37,-26.3,-23.6
2009-12-14,3.27,-14.81,-26.31,-21.1
2009-12-15,1.25,-1.99,-12.91,-5.19
2009-12-16,1.81,-1.02,-1.86,-1.57
2009-12-17,2.88,-1.17,-7.94,-3.12
2009-12-18,2.18,-3.64,-8.9,-5.72
2009-12-19,1.87,-2.36,-6.76,-3.93
2009-12-20,1.08,0.01,-5.96,-2.52
2009-12-21,1.26,-0.17,-5.42,-2.4
2009-12-22,2.92,-3.22,-10.74,-7.97
2009-12-23,4.26,-10.99,-23.67,-17.38
2009-12-24,3.29,-15.22,-23.82,-19.98
2009-12-25,4.43,-8.81,-20.16,-14.77
2009-12-26,4.66,-6.74,-15.93,-11.9
2009-12-27,5.11,-4.12,-14.57,-9.75
2009-12-28,4,-11.68,-21.69,-15.38
2009-12-29,3.2,-9.25,-14.16,-12.39
2009-12-30,2.69,-9.24,-14.33,-12.51
2009-12-31,2.54,-8.05,-15.32,-11.79
2010-01-01,2.31,-1.74,-13.01,-5.75
2010-01-02,2.7,-2.05,-8.26,-3.9
2010-01-03,2.64,-2.64,-8.69,-6.41
2010-01-04,1.8,-6.11,-10.21,-8.52
2010-01-05,2.37,-9.06,-21.15,-13.96
2010-01-06,6.03,-16.38,-25.33,-21.66
2010-01-07,6.11,-12.7,-23.48,-19.84
2010-01-08,5.45,-10.84,-22.14,-16.65
2010-01-09,3.71,-6.78,-15.96,-9.5
2010-01-10,3.78,-2.72,-7.22,-5.56
2010-01-11,2.36,-2.32,-7.7,-5.18
2010-01-12,2.14,0.24,-2.97,-0.54
2010-01-13,3.89,0.16,-0.98,-0.08
2010-01-14,2.42,-0.95,-4.25,-2.5
2010-01-15,2.7,-1.34,-6.44,-3.73
2010-01-16,3.19,-0.42,-6.89,-2.64
2010-01-17,4.26,-0.45,-7.29,-4.16
2010-01-18,4.08,0.07,-10.02,-3.6
2010-01-19,2.48,-1.42,-10.27,-5.06
2010-01-20,4.41,-1.94,-10.3,-6.72
2010-01-21,3.48,-2.95,-12.06,-8.44
2010-01-22,6.19,-8.32,-13.58,-11.46
2010-01-23,4.99,-10.33,-14.67,-12.87
2010-01-24,4.58,-7.29,-17.37,-13.8
2010-01-25,3.66,-6.02,-16.82,-11.31
2010-01-26,5.63,-8.81,-18.79,-13.42
2010-01-27,6.48,-7.56,-19.54,-14.17
2010-01-28,5.69,-6.31,-16.16,-10.29
2010-01-29,7.05,-2.82,-10.16,-6.88
2010-01-30,3.17,-5.73,-11.47,-8.92
2010-01-31,3.92,-7.34,-12.94,-10.8
2010-02-01,4.81,-4.41,-13.38,-8.89
2010-02-02,3.79,-3.35,-9.18,-6.66
2010-02-03,6.09,-2.19,-9.62,-6.87
2010-02-04,5.75,-2.56,-10.58,-7.45
2010-02-05,3.84,-0.53,-11.33,-5.85
2010-02-06,5.33,-1.84,-11.07,-6.25
2010-02-07,5.91,-2.43,-12.12,-8.57
2010-02-08,3.06,-5.62,-14.63,-10.16
2010-02-09,4.81,-7.22,-16.43,-12.4
2010-02-10,4.54,-5.07,-13.93,-9.28
2010-02-11,4.84,-3.21,-9.3,-5.84
2010-02-12,4.69,-0.63,-3.21,-2.2
2010-02-13,5.52,-1.44,-9.31,-3.51
2010-02-14,6.07,-2.09,-11.52,-6.5
2010-02-15,6.22,-0.46,-8.27,-3.81
2010-02-16,3.7,-1.28,-9.63,-4.46
2010-02-17,6.98,-2.38,-11.94,-6.69
2010-02-18,7.32,-4.18,-13.16,-8.97
2010-02-19,8.56,-6.58,-15.38,-11.31
2010-02-20,10.15,-8.56,-19.77,-13.45
2010-02-21,13.04,-9.81,-20.54,-15.79
2010-02-22,12.31,-7.84,-16.12,-11.4
2010-02-23,12.74,-5.11,-14.26,-10.71
2010-02-24,4.65,-2.25,-13.78,-5.99
2010-02-25,8.3,-1.14,-7.03,-3.88
2010-02-26,10.6,0,-8.21,-4.18
2010-02-27,7.43,0.14,-4.08,-1.11
2010-02-28,13.33,0.03,-8.07,-2.91
2010-03-01,13.73,-0.01,-8.29,-4.24
2010-03-02,8.92,0.2,-6.94,-3.09
2010-03-03,10.6,1.04,-3.95,-0.75
2010-03-04,9.42,-0.35,-8.66,-3.43
2010-03-05,14.46,-1.74,-10.1,-6.56
2010-03-06,15.66,-0.03,-9.96,-5.64
2010-03-07,14.39,0.2,-10.38,-5.32
2010-03-08,8.56,-0.02,-9.82,-3.99
2010-03-09,7.72,-3.82,-11.22,-6.93
2010-03-10,11.12,-5.86,-15.16,-10.21
2010-03-11,9.43,-2.63,-14.61,-7.17
2010-03-12,12.96,0.38,-6.39,-3.06
2010-03-13,12.49,-2.02,-10.27,-4.73
2010-03-14,17.32,-1.34,-12.55,-7.18
2010-03-15,14.36,0.28,-11.21,-3.68
2010-03-16,12.11,0.93,-2.92,-0.44
2010-03-17,12.37,0.26,-7.96,-2
2010-03-18,13.11,-0.65,-9.17,-5.12
2010-03-19,16.9,-3.07,-13.18,-8.28
2010-03-20,16.66,0.81,-14.69,-5.97
2010-03-21,6.55,0.89,-6.3,-1.32
2010-03-22,10.83,0.47,-5.18,-1.21
2010-03-23,14.68,0.55,-8.03,-3.47
2010-03-24,17.97,0.81,-8.61,-3.95
2010-03-25,11.95,0.71,-7.66,-2.29
2010-03-26,10.86,0.48,-2.62,-0.97
2010-03-27,16.87,0.8,-4.97,-2.01
2010-03-28,10.1,0.99,-6.35,-1.2
2010-03-29,5.56,0.98,-2.3,-0.08
2010-03-30,13.62,-1.34,-4.68,-3.07
2010-03-31,12.18,-1.26,-9.11,-4.4
2010-04-01,13.08,-1.56,-10.72,-6.26
2010-04-02,12.01,-2.4,-11.58,-5.57
2010-04-03,11.38,-2.79,-6.51,-4.75
2010-04-04,15.22,-1.85,-9.74,-5.21
2010-04-05,14.8,0.88,-12.04,-4.06
2010-04-06,11.96,-1.42,-4.93,-3.28
2010-04-07,9.99,0.49,-5.59,-2.27
2010-04-08,7.36,-0.27,-7.58,-3.68
2010-04-09,10.96,-3.84,-10.6,-6.61
2010-04-10,22.22,-1.59,-12.14,-6.89
2010-04-11,9.49,-3.18,-7.62,-5.71
2010-04-12,9.57,-0.44,-6.91,-3.78
2010-04-13,6.13,0.39,-6.91,-2.3
2010-04-14,8.84,0.82,-2.92,-0.51
2010-04-15,18.66,0.87,-6.88,-1.97
2010-04-16,23.04,2.94,-6.51,0.27
2010-04-17,15.69,3.9,0.98,2.39
2010-04-18,16.11,5.32,0.24,2.16
2010-04-19,24.65,10.21,-0.34,4.45
2010-04-20,24.3,12.22,-0.64,4.93
2010-04-21,22.59,16.16,-1.83,7.74
2010-04-22,9.35,7.24,0.79,3.76
2010-04-23,24.99,7.38,-3.22,1.88
2010-04-24,15.78,3.06,-2.59,0.03
2010-04-25,19.2,4.25,-4.23,0.17
2010-04-26,21.47,9.3,-2.65,2.91
2010-04-27,6.58,8.88,0.1,4.16
2010-04-28,4.12,1.73,-1.73,-0.44
2010-04-29,9.69,0.31,-6.49,-1.13
2010-04-30,17.86,1.56,-10.66,-3.31
2010-05-01,13.57,2.57,-6.42,-1.23
2010-05-02,16.31,4.45,-3.27,0.84
2010-05-03,11.88,5.18,-2.44,0.49
2010-05-04,12.98,0.8,-4.25,-1.82
2010-05-05,14.51,-3.01,-9.62,-5.83
2010-05-06,19.4,-0.75,-9.11,-4.58
2010-05-07,16.85,2.09,-5.91,-2.29
2010-05-08,9.74,1.66,-5.3,-1.26
2010-05-09,17.62,4.33,-4.01,0.75
2010-05-10,23.37,7.12,-3.3,1.62
2010-05-11,20.37,7.68,-3.84,1.72
2010-05-12,26.42,12.08,-1.76,5.31
2010-05-13,23.92,14.6,0.52,7.43
2010-05-14,23.84,14.09,3.04,8.74
2010-05-15,23.25,15.22,3.95,10.06
2010-05-16,21.29,18.23,5.86,11.96
2010-05-17,23.31,20.77,6.14,14.66
2010-05-18,16.56,17.25,5.44,11.36
2010-05-19,21.3,13.51,4.12,7.78
2010-05-20,17.99,6.08,-1.72,1.26
2010-05-21,22.07,5.62,-2.93,1.02
2010-05-22,24.14,6.52,-2.81,2.04
2010-05-23,22.05,6.9,-3.57,2.27
2010-05-24,16.7,5.57,-1.59,2.24
2010-05-25,17.85,11.06,-1.33,5.41
2010-05-26,17.99,13.06,0.23,7.1
2010-05-27,6.74,4.99,-2.43,2.44
2010-05-28,13.27,6.28,-2.41,2.16
2010-05-29,10.3,5.6,-1.02,2.17
2010-05-30,13.34,8.22,0.12,4.03
2010-05-31,11.24,10.35,0.31,5.7
2010-06-01,18.04,11.98,2.67,6.94
2010-06-02,9.49,10.5,1.47,6.29
2010-06-03,25.84,9.01,0.61,5.53
2010-06-04,8.61,9.82,0.81,5.68
2010-06-05,21.87,10.93,3.22,6.51
2010-06-06,18.56,13.49,3.22,8.36
2010-06-07,21.38,12.64,5.14,8.45
2010-06-08,25.23,14.24,4.04,8.93
2010-06-09,12.19,11.51,2.58,7.27
2010-06-10,17.72,10.84,2.59,6.26
2010-06-11,21.62,11.76,0.09,6.3
2010-06-12,31.84,17.22,1.24,9.41
2010-06-13,32.32,18.45,3.26,11.03
2010-06-14,23.77,16.94,3.88,10.77
2010-06-15,25.63,15.09,1.22,8.46
2010-06-16,5.83,8.05,0.96,4.21
2010-06-17,5.64,2.95,0.1,1.35
2010-06-18,15.74,12.35,1.21,6.68
2010-06-19,28.18,18.16,3.81,11.35
2010-06-20,20.32,14.72,5.45,10.43
2010-06-21,10.66,8.5,4.81,6.25
2010-06-22,17.21,15.65,4.65,9.65
2010-06-23,22.94,17.45,5.96,12.69
2010-06-24,25.75,18.24,7.58,13.16
2010-06-25,21.86,17.25,6.63,12.43
2010-06-26,29.42,16.89,4.81,11.22
2010-06-27,30.06,18.76,4.53,12.36
2010-06-28,30.2,21.18,6.43,15.26
2010-06-29,27.36,21.89,10.45,15.9
2010-06-30,31.72,15.03,6,10.49
2010-07-01,19.42,15.03,5.56,10.06
2010-07-02,14.49,11.96,3.56,7.52
2010-07-03,15.56,10.87,4.3,7.56
2010-07-04,13.18,12.79,3.79,8.04
2010-07-05,20.22,11.68,4.59,7.81
2010-07-06,24.48,14.84,4.09,10.38
2010-07-07,29.08,19.86,7.01,14.2
2010-07-08,31.24,21.95,8.08,15.94
2010-07-09,30.52,22.19,11.35,16.73
2010-07-10,22.7,20.69,10.45,15.79
2010-07-11,24.34,18.34,9.44,13.7
2010-07-12,24.26,16.9,4.97,12.44
2010-07-13,19.3,10.49,2.76,6.78
2010-07-14,27.18,16.13,4,9.58
2010-07-15,29.24,19.78,4.98,13.11
2010-07-16,29.71,20.45,8.03,14.42
2010-07-17,28.13,20.65,7.47,15.34
2010-07-18,27.52,19.84,10.17,15.26
2010-07-19,22.31,16.87,9.1,12.78
2010-07-20,23.98,22.43,6.95,13.79
2010-07-21,26.39,19.08,5.18,13.13
2010-07-22,14.99,17.54,6.98,12.57
2010-07-23,21.81,16.29,7.67,11.44
2010-07-24,29.83,20.79,7.38,14.34
2010-07-25,29.63,23.34,10.18,17.29
2010-07-26,29.24,23.25,10.77,17.64
2010-07-27,19.85,21.03,9.16,13.88
2010-07-28,26.26,22.25,9.06,16.43
2010-07-29,21.26,20.38,11.76,16.17
2010-07-30,16.61,22.58,11.6,17.68
2010-07-31,20.1,23.25,11.02,16.75
2010-08-01,20.28,18.93,7.92,14.04
2010-08-02,16.72,17.77,6.75,13.45
2010-08-03,19.4,18.98,6.67,12.97
2010-08-04,24.35,18.51,6.86,12.26
2010-08-05,26.55,23.35,6.34,15.29
2010-08-06,17.72,21.79,9.83,16.03
2010-08-07,22.96,20.09,8.09,13.99
2010-08-08,14.48,17.19,8.92,12.76
2010-08-09,23.36,20.75,9.06,14.64
2010-08-10,17.51,17.23,7.64,12.46
2010-08-11,17.15,16.21,8.23,12.28
2010-08-12,16.54,17.38,5.31,11.89
2010-08-13,19.7,13.46,5.19,8.48
2010-08-14,21.32,16.86,5.75,10.55
2010-08-15,26.16,20.2,5.16,12.35
2010-08-16,25.94,22.75,7.08,15.51
2010-08-17,23.51,23.16,10.63,16.38
2010-08-18,23.78,23.62,9.16,16
2010-08-19,25.8,19.67,6.92,12.98
2010-08-20,25.9,18.77,4.69,12.25
2010-08-21,19.54,22.19,9.04,15.92
2010-08-22,11.55,13.09,5.58,9.64
2010-08-23,19.87,14.25,2.97,8.31
2010-08-24,24.74,19.45,3.17,11.91
2010-08-25,24.78,23.53,8.59,16.05
2010-08-26,20.16,26.75,9.73,17.64
2010-08-27,18.51,12.71,4.19,8.13
2010-08-28,13.77,10.1,2.65,6.28
2010-08-29,11.43,7.43,1.13,3.58
2010-08-30,17.51,12.82,2.32,7.3
2010-08-31,8.09,11,2.01,5.47
2010-09-01,13.27,10.43,1.4,5.6
2010-09-02,22.47,15.37,0.86,8.56
2010-09-03,21.88,19.74,6.87,12.48
2010-09-04,18.67,18.81,3.98,11.9
2010-09-05,9.53,8.8,1.4,4.43
2010-09-06,11.94,9.47,-0.96,4.62
2010-09-07,10.22,12.33,2.8,7.01
2010-09-08,13.42,15.58,3.95,8.19
2010-09-09,8.32,8.75,3.82,5.69
2010-09-10,8.93,8.61,3.11,5.01
2010-09-11,12.98,11.99,2.23,6.21
2010-09-12,18.47,15.55,1.32,8.37
2010-09-13,17.22,16.92,4.34,10.08
2010-09-14,17.29,11.99,3.07,7.5
2010-09-15,17.11,16.82,2.42,9.36
2010-09-16,9.8,11.58,3.97,8.39
2010-09-17,7.1,3.62,-1.03,0.91
2010-09-18,4,8.03,-1.05,4.11
2010-09-19,4.94,12.97,5.57,8.61
2010-09-20,7.95,9.91,4.96,6.48
2010-09-21,9.1,9.06,1.06,5.15
2010-09-22,14.01,9.61,-0.6,3.98
2010-09-23,7.07,10.24,-3.43,3.83
2010-09-24,8.81,9.62,3.05,5.19
2010-09-25,17.56,18.3,3.08,9.5
2010-09-26,8.26,15.89,4.82,9.76
2010-09-27,12.29,18.25,7.21,12.04
2010-09-28,12.39,18.17,8.37,12.45
2010-09-29,16.62,18.65,6.5,11.83
2010-09-30,16.71,17.77,3.23,10.4
2010-10-01,15.62,19.65,1.51,10.42
2010-10-02,16.3,19.05,7.23,12.06
2010-10-03,8.78,20.88,8.46,13.87
2010-10-04,5.07,9.94,5.86,7.64
2010-10-05,11.15,12.91,2.64,7.17
2010-10-06,14.8,16.87,1.01,8.97
2010-10-07,4.69,13.21,5.97,8.7
2010-10-08,5.41,9.09,5.45,6.84
2010-10-09,6.99,12.63,4.11,7.36
2010-10-10,4.26,12.34,6.9,9.04
2010-10-11,8.35,6.65,-1.86,2.96
2010-10-12,12.81,8.7,-2.52,1.5
2010-10-13,11.39,10.6,-2.4,2.82
2010-10-14,12.71,13.96,-0.99,5.32
2010-10-15,10.73,5.76,-2.47,2.92
2010-10-16,12.73,6.3,-3.11,0.38
2010-10-17,13.47,6.32,-4.02,0.43
2010-10-18,11.42,6.91,-3.78,0.34
2010-10-19,12.33,8.37,-3.21,0.69
2010-10-20,11.94,10.88,-3.34,3.12
2010-10-21,12.13,12.83,-0.42,5.43
2010-10-22,7.47,6.98,1.76,4.39
2010-10-23,3.58,6.49,0.88,2.98
2010-10-24,3.18,4.15,-0.57,1.59
2010-10-25,3.36,1.9,-2.43,-0.8
2010-10-26,3.62,-0.18,-4.04,-2.34
2010-10-27,5.8,-0.62,-9.59,-4.33
2010-10-28,3.67,1.3,-7.44,-2.55
2010-10-29,3.4,0.29,-4.51,-1.86
2010-10-30,5.82,1.85,-5.73,-2.18
2010-10-31,3.85,1.33,-1.8,0.13
2010-11-01,4.67,3.68,-1.03,1.7
2010-11-02,6.91,5,-3.47,1.84
2010-11-03,9.69,7.83,-2.92,0.61
2010-11-04,9.32,7.56,-1.31,1.69
2010-11-05,5.03,7.35,-0.16,3.02
2010-11-06,4.43,9.61,0.08,4.3
2010-11-07,2.71,7.06,-0.23,3.48
2010-11-08,3.78,0.59,-3.59,-1.01
2010-11-09,5.06,-1.1,-5.69,-4.07
2010-11-10,6.89,0.47,-9.08,-4.2
2010-11-11,2.4,-0.62,-10.57,-5.35
2010-11-12,3.79,-1.18,-5.79,-3.68
2010-11-13,1.85,-1.88,-5.99,-4.36
2010-11-14,2.6,-0.58,-5.17,-3
2010-11-15,3.56,-0.09,-5.55,-2.2
2010-11-16,1.71,0.23,-14.65,-8.01
2010-11-17,2.35,-2.61,-13.33,-6.96
2010-11-18,2.41,-2.88,-9.35,-5.68
2010-11-19,2.97,-6.44,-17.82,-10.76
2010-11-20,2.56,-16.99,-24.32,-20.44
2010-11-21,3.69,-11.8,-27.07,-20.58
2010-11-22,2.31,-22.13,-26.65,-23.89
2010-11-23,2.59,-26.55,-28.56,-27.39
2010-11-24,4.66,-24.22,-33.03,-27.64
2010-11-25,2.47,-13.91,-23.85,-18.69
2010-11-26,1.95,-6.6,-13.89,-9.48
2010-11-27,1.85,-3.98,-10.42,-7.28
2010-11-28,2.13,-5.97,-15.97,-9.36
2010-11-29,3.11,-12.13,-18.6,-14.89
2010-11-30,2.2,-7.34,-12.67,-10.41
2010-12-01,2.72,-3.68,-7.53,-5.66
2010-12-02,1.55,-3.36,-8.06,-6.1
2010-12-03,2.43,-8.31,-16.66,-11.75
2010-12-04,3.33,-7.03,-17.04,-12.79
2010-12-05,3.38,-5.43,-16.1,-11.33
2010-12-06,4.35,1.43,-14.5,-5.15
2010-12-07,1.79,-4.02,-13.97,-8.26
2010-12-08,1.28,-1.15,-7.01,-3.45
2010-12-09,1.71,-0.84,-3.88,-2.07
2010-12-10,2.81,-4.07,-11.17,-6.28
2010-12-11,1.94,-5.4,-12.19,-8.94
2010-12-12,1.25,0.04,-8.73,-2.43
2010-12-13,2.41,0.03,-1.8,-0.45
2010-12-14,1.58,0.08,-5.42,-2.18
2010-12-15,2.15,-5.32,-11.53,-7.18
2010-12-16,3.9,-6.69,-18.87,-12.11
2010-12-17,5.38,-12.68,-21.29,-16.91
2010-12-18,4.21,-14.23,-21.79,-18.11
2010-12-19,4.03,-10,-19.7,-15.77
2010-12-20,3.89,-8.29,-19.82,-14.59
2010-12-21,4.35,-4.38,-12.59,-9.2
2010-12-22,4.7,-2.18,-12.02,-6.96
2010-12-23,4.61,-4.86,-12.49,-8.6
2010-12-24,3.98,-0.27,-10.23,-7.36
2010-12-25,5.05,0.05,-11.42,-5.82
2010-12-26,2.83,-2.16,-11.34,-5.52
2010-12-27,3.17,-5.97,-6.7,-6.33
2010-12-28,2.39,-1.56,-6.51,-3.95
2010-12-29,1.19,-5.23,-20.66,-15.42
2010-12-30,4.25,-19.19,-27.86,-22.96
2010-12-31,5.9,-20.7,-28.13,-24.71
2011-01-01,5.41,-17.53,-27.7,-21.73
2011-01-02,4.8,-14.84,-19.58,-17.69
2011-01-03,4.75,-13.16,-19.48,-15.71
2011-01-04,2.72,-11.4,-15.16,-13.12
2011-01-05,1.78,-5.79,-12.4,-9.66
2011-01-06,1.59,-2.43,-6.38,-4.22
2011-01-07,1.39,-2.24,-7.79,-4
2011-01-08,3.19,-3.26,-15.91,-8.83
2011-01-09,3.59,-16.52,-22.96,-19.53
2011-01-10,6.36,-19.87,-29.01,-24
2011-01-11,5.92,-15.53,-29.17,-21.3
2011-01-12,3.6,-1.9,-14.83,-7.47
2011-01-13,3.44,-0.23,-4.45,-1.7
2011-01-14,1.74,-0.45,-1.79,-0.99
2011-01-15,2.45,-0.83,-2.31,-1.63
2011-01-16,1.2,0.05,-1.68,-0.43
2011-01-17,1.94,0.01,-2.26,-1.22
2011-01-18,3.19,-1.98,-13.82,-8.77
2011-01-19,7.12,-11.19,-20.91,-16.46
2011-01-20,4.63,-6.54,-18.18,-11.11
2011-01-21,3.11,-3.11,-8.19,-5.68
2011-01-22,6.01,-4.51,-8.99,-6.07
2011-01-23,5.79,-4.09,-12.14,-7.18
2011-01-24,4.13,-5.31,-12.47,-7.97
2011-01-25,4.73,-3.43,-7.83,-5.66
2011-01-26,2.58,-1.51,-6.74,-4.35
2011-01-27,6.38,-2.46,-6.58,-4.6
2011-01-28,4.05,-1.36,-6.7,-3.87
2011-01-29,4.02,-3.96,-19.99,-10.43
2011-01-30,5.63,-20.6,-31.97,-24.76
2011-01-31,9.33,-18.44,-33.62,-27.55
2011-02-01,9.33,-17.87,-31.3,-24.71
2011-02-02,8.81,-14.17,-24.7,-18.15
2011-02-03,5.89,-8.51,-16.5,-11.81
2011-02-04,2.7,-0.92,-9.68,-4.9
2011-02-05,7.39,-3.01,-13.52,-8.06
2011-02-06,6.93,-11.71,-16.18,-13.91
2011-02-07,4.93,-9.66,-20.96,-14.28
2011-02-08,9.14,-15.41,-25.95,-20.16
2011-02-09,5.56,-12.45,-25.6,-16.94
2011-02-10,5.37,-5.96,-13.13,-8.94
2011-02-11,5.95,-3.05,-10.62,-6.47
2011-02-12,3.7,-0.26,-2.94,-1.35
2011-02-13,8.76,-1.18,-9.51,-4.76
2011-02-14,5.59,0.21,-8.16,-2.72
2011-02-15,2.72,-0.55,-5.86,-1.68
2011-02-16,3.45,-3.57,-11.76,-7.09
2011-02-17,5.29,-7.63,-12.24,-9.97
2011-02-18,7.14,-13.19,-21.29,-17.98
2011-02-19,10.89,-14.03,-23.12,-19.08
2011-02-20,10.55,-10.2,-23.94,-17.36
2011-02-21,6.98,-7.09,-16.38,-11.22
2011-02-22,4.89,-6.84,-16.15,-9.93
2011-02-23,6.23,-16.53,-23.89,-20.06
2011-02-24,7.49,-24.01,-31.71,-26.56
2011-02-25,13.38,-16.29,-33.04,-24.86
2011-02-26,6.62,-16.35,-26.41,-20.48
2011-02-27,5.83,-5.46,-18.23,-12.02
2011-02-28,2.06,-3.18,-8.15,-5.3
2011-03-01,4.59,-4.92,-11.1,-8.36
2011-03-02,4.08,-1.31,-10.24,-5.01
2011-03-03,11.68,-4.27,-9.68,-6.73
2011-03-04,11.09,-5.98,-11.82,-8.28
2011-03-05,8.12,-3.14,-14.84,-7.61
2011-03-06,10.94,-7.85,-19.6,-14.12
2011-03-07,10.53,-5.33,-15.46,-10.81
2011-03-08,9.01,-5.1,-15.08,-9.51
2011-03-09,5.82,-0.79,-8.64,-3.74
2011-03-10,4.45,0.11,-3.59,-0.8
2011-03-11,7.87,-3.4,-10.78,-5.14
2011-03-12,16.47,-3.58,-13.96,-9.24
2011-03-13,15.41,-0.5,-5.23,-2.5
2011-03-14,9.52,-0.72,-3.7,-2.35
2011-03-15,4.28,0.04,-6.91,-1.91
2011-03-16,11.25,-0.35,-4.75,-2.88
2011-03-17,10.91,-3.19,-9.01,-5.91
2011-03-18,13.57,-1.1,-10.21,-6.38
2011-03-19,6.81,-2.1,-12.07,-6.07
2011-03-20,14.61,-0.89,-11.75,-5.13
2011-03-21,7.42,-1.39,-9.02,-4.92
2011-03-22,7.57,-1.44,-9.06,-5.6
2011-03-23,15.15,-2.6,-14.57,-8.1
2011-03-24,12.98,-1.14,-14.67,-7.26
2011-03-25,9.89,-0.87,-9.65,-5.37
2011-03-26,15.49,-0.62,-9.45,-4.95
2011-03-27,8.41,-1.74,-9.77,-5.36
2011-03-28,12.2,-1.37,-9.49,-5.03
2011-03-29,9.43,-1.23,-4.83,-3
2011-03-30,7.67,0.09,-2.97,-0.85
2011-03-31,7.33,0.16,-0.2,0.07
2011-04-01,8.3,0.39,-1.06,-0.24
2011-04-02,7.09,0.69,-9.07,-2.13
2011-04-03,14.52,-3.2,-11.86,-7.23
2011-04-04,9.98,-1.46,-6.32,-3.24
2011-04-05,11.36,-1.16,-4.58,-2.38
2011-04-06,10.92,-1.97,-10.89,-4.95
2011-04-07,14.44,-3.01,-11.91,-7.85
2011-04-08,20.77,-1.03,-12.01,-6.25
2011-04-09,20.26,-0.39,-10.65,-4.29
2011-04-10,10.64,0.04,-4.82,-1.47
2011-04-11,12.28,0.2,-5.54,-1.05
2011-04-12,20.2,-1.39,-10.53,-5.74
2011-04-13,16.99,0.43,-10.15,-2.94
2011-04-14,17.26,-1.57,-4.33,-3.13
2011-04-15,14.22,-1.23,-4.13,-2.66
2011-04-16,13.42,0.3,-5.28,-1.22
2011-04-17,12.06,-0.94,-9.29,-4.46
2011-04-18,10.7,-3.9,-11.81,-7.84
2011-04-19,13.13,-3.44,-13.1,-7.98
2011-04-20,18.42,-1.07,-12.5,-5.25
2011-04-21,13.3,-0.11,-5.8,-3.08
2011-04-22,12.68,0.19,-9.1,-4.37
2011-04-23,22.42,-0.49,-10.78,-5.08
2011-04-24,26.21,1.14,-11.37,-3.41
2011-04-25,19.01,0.3,-6.44,-1.26
2011-04-26,14.61,0.05,-3.95,-1.78
2011-04-27,14.02,0.28,-3.65,-1.19
2011-04-28,16.52,-1.87,-5.01,-2.8
2011-04-29,11.32,-0.15,-5.76,-3.35
2011-04-30,15.53,0.19,-9.53,-2.95
2011-05-01,20.56,-0.26,-8.38,-3.69
2011-05-02,22.13,0.83,-7.36,-1.71
2011-05-03,13.93,0.1,-1.52,-0.51
2011-05-04,22.43,0.44,-4.06,-1.51
2011-05-05,13,0.7,-4.42,-0.73
2011-05-06,14.9,0.76,-0.98,0.18
2011-05-07,13.23,1.34,-0.74,0.41
2011-05-08,17.95,0.79,-1.52,0.15
2011-05-09,15.11,0.79,-2.47,0.11
2011-05-10,26.96,1.49,-4.23,-0.37
2011-05-11,28.53,4.48,-2.71,1.31
2011-05-12,15.11,2.88,-3.44,0.93
2011-05-13,21.71,2.03,-1.48,0.95
2011-05-14,27.49,1.14,-1.6,0.42
2011-05-15,23.93,1.53,-2.04,0.3
2011-05-16,14.51,0.98,-0.78,0.52
2011-05-17,15.94,1.71,-1.97,0.35
2011-05-18,28.68,3.96,-4.03,1.49
2011-05-19,23.47,3.07,0.33,1.64
2011-05-20,15.97,6.49,-0.56,2.74
2011-05-21,20.72,13.89,2.49,8.28
2011-05-22,13.44,11.72,2.37,6.61
2011-05-23,18.16,14.16,1.26,6.8
2011-05-24,9.7,6.38,0.63,3.28
2011-05-25,14.23,13.28,0.07,6.18
2011-05-26,6.41,5.28,-0.42,1.37
2011-05-27,12.95,2.89,-0.68,0.94
2011-05-28,12.36,3.45,-0.76,0.91
2011-05-29,24.34,7.36,-1.16,2.68
2011-05-30,21.36,7.77,-0.72,3.52
2011-05-31,21.86,12.28,0.02,6.3
2011-06-01,16.03,10.67,0.6,5.68
2011-06-02,10.63,6.97,1.22,3.69
2011-06-03,14.96,7.32,0.08,3.13
2011-06-04,30.01,14.81,0,8.27
2011-06-05,29.78,18.83,5.45,12.92
2011-06-06,18.24,16.32,5.47,11
2011-06-07,12.93,13.38,5.46,8.44
2011-06-08,8.03,9.3,2.52,5.15
2011-06-09,16.61,13.52,3.21,7.41
2011-06-10,17.37,14.79,3.65,8.61
2011-06-11,17.32,13.71,3,8.54
2011-06-12,20.57,13.63,4.06,8.65
2011-06-13,10.66,11.89,3.92,7.93
2011-06-14,18.46,12.01,4.28,7.44
2011-06-15,17.2,9.1,1.42,5.33
2011-06-16,8.35,5.82,0.96,2.49
2011-06-17,8.82,10.35,1.33,5.33
2011-06-18,14.44,12.32,4.97,7.63
2011-06-19,8.36,12.86,4.12,7.56
2011-06-20,18.92,14.16,5.17,9.33
2011-06-21,25.74,17.34,3.71,11.75
2011-06-22,29.98,19.66,8.2,14.72
2011-06-23,20.7,15.45,3.41,10.97
2011-06-24,21.89,10.71,0.73,5.91
2011-06-25,22.18,11.24,-1.06,5.63
2011-06-26,21.97,13.84,0.21,8.31
2011-06-27,26.5,18.46,4.08,12.51
2011-06-28,23.77,21.51,9.69,15.46
2011-06-29,17.62,17.36,7.92,12.07
2011-06-30,19.16,12.61,4.47,9.06
2011-07-01,28.84,14.03,3.38,8.29
2011-07-02,31.4,18.99,3.63,12.82
2011-07-03,23.64,19.57,7.22,14.21
2011-07-04,31.4,18.92,6.55,13.41
2011-07-05,31.45,20.08,7.75,14.8
2011-07-06,31.37,22.06,11.25,16.66
2011-07-07,28.13,22.64,10.56,16.64
2011-07-08,25.18,12.06,4.28,9
2011-07-09,29.93,14.25,2.97,8.37
2011-07-10,26.09,17.31,2.5,11.34
2011-07-11,26.14,21.22,6.26,14.67
2011-07-12,21.74,23.08,10.15,16.91
2011-07-13,16.28,19.81,9.66,14.58
2011-07-14,19.48,14.9,7.13,10.89
2011-07-15,18.63,15.29,6.16,10.55
2011-07-16,24.18,22.77,7.46,14.51
2011-07-17,29.04,24.83,10.06,18.29
2011-07-18,29.06,24.35,12.13,18.44
2011-07-19,20.72,24.94,8,15.77
2011-07-20,18.1,13.75,4.7,9.31
2011-07-21,15.23,15.38,3.48,9.96
2011-07-22,16.83,12.36,4.56,8.86
2011-07-23,28.35,16.02,2.65,10.12
2011-07-24,29.9,21.26,7.07,15.28
2011-07-25,20.61,23.93,10.06,17.15
2011-07-26,10.47,15.31,7.99,10.93
2011-07-27,19.36,16.03,6.12,11.16
2011-07-28,25.8,18.55,5.03,11.78
2011-07-29,27.31,18.64,5.53,12.88
2011-07-30,28.7,21.61,8.21,15.54
2011-07-31,27.81,22.86,9.52,16.25
2011-08-01,26.66,21.11,8.32,15.01
2011-08-02,25.39,22.3,9.99,15.97
2011-08-03,27.48,21.5,9.3,15.99
2011-08-04,27.75,22.29,10.23,16.76
2011-08-05,22.25,17.19,10.04,14.64
2011-08-06,26.68,20.43,8.09,14.15
2011-08-07,24.3,20.42,7.85,14.33
2011-08-08,24.84,20.35,5.63,14.02
2011-08-09,24.66,21.31,10.31,16.41
2011-08-10,24.5,21.08,9.16,16.04
2011-08-11,22.99,16.53,5.85,11.97
2011-08-12,23.84,20.14,8.27,14.51
2011-08-13,23.54,25.55,10.69,18.22
2011-08-14,24.9,21.46,8.65,14.55
2011-08-15,16.62,16.7,4.43,10.7
2011-08-16,25.6,17.3,2.57,10.29
2011-08-17,26.66,19.51,4.89,11.87
2011-08-18,21.28,17.22,5.62,11.59
2011-08-19,26.13,18.37,4.16,12.19
2011-08-20,25.9,22.08,7.98,15.5
2011-08-21,25.15,23.81,8.42,16
2011-08-22,22.91,24.22,9.25,17.13
2011-08-23,18.72,20.04,10.26,14.69
2011-08-24,24.17,25.46,9.4,17.07
2011-08-25,19.68,23.56,11.78,17.74
2011-08-26,21.25,26.22,10.6,19.21
2011-08-27,23.47,25.74,13.52,19.39
2011-08-28,22.99,28,13.49,20
2011-08-29,17.96,23.92,10.49,17.05
2011-08-30,20.3,20.59,7.77,14.13
2011-08-31,13.07,13.31,6.25,9.07
2011-09-01,15.98,12.97,5.67,8.57
2011-09-02,18.83,13.59,3.29,8.44
2011-09-03,23.28,17.89,0.46,8.97
2011-09-04,23.16,21.19,3.74,11.96
2011-09-05,22.75,23.71,6.58,14.88
2011-09-06,22.5,24.86,9.43,16.98
2011-09-07,22.13,26.6,12,18.98
2011-09-08,21.07,26.29,13.37,18.64
2011-09-09,20.3,26.3,9.53,17.29
2011-09-10,20.2,26.13,11.28,17.26
2011-09-11,20.02,25.36,9.01,16.43
2011-09-12,19.6,24.14,6.7,14.12
2011-09-13,14.18,20.77,4.65,11.02
2011-09-14,18.86,20.51,5.16,11.8
2011-09-15,8.73,19.64,6.77,11.97
2011-09-16,14.34,14.21,4.23,8.71
2011-09-17,13.03,12.14,4.37,7.5
2011-09-18,5.95,10.84,4.58,7.57
2011-09-19,12.03,11.4,2.71,7.83
2011-09-20,19,15.26,-0.33,7.67
2011-09-21,17.64,18.84,0.86,9.18
2011-09-22,16.1,21.17,4.1,12.28
2011-09-23,17.51,23.4,7.03,14.23
2011-09-24,17.81,26.79,7.14,16.35
2011-09-25,10.77,20.95,6.52,13.24
2011-09-26,13.06,14.49,5.39,9.26
2011-09-27,5.34,13.12,6.35,9.22
2011-09-28,16.36,11.29,-0.64,5.75
2011-09-29,17.12,18.08,-1.51,8.05
2011-09-30,15.84,21.6,4.59,12.97
2011-10-01,10.16,22.89,6.14,14.28
2011-10-02,11.71,16.2,5.31,10.84
2011-10-03,12.85,21.28,5.33,12.92
2011-10-04,4.44,10.95,3.65,7.79
2011-10-05,4.61,10.76,2.87,6.47
2011-10-06,5.89,6.91,2.15,3.66
2011-10-07,3.24,4.19,2.21,2.91
2011-10-08,10.44,7.33,-2.18,2.09
2011-10-09,8.73,10.18,-2.83,3.45
2011-10-10,6.6,9.53,0.7,4.41
2011-10-11,4.8,6.35,2.56,4.24
2011-10-12,6.16,5.87,-0.38,2.5
2011-10-13,10.27,5.22,-1.74,0.62
2011-10-14,5.12,5.12,-1.43,0.59
2011-10-15,8.8,5.57,-2.02,0.77
2011-10-16,12.14,5.75,-4.03,0.45
2011-10-17,6.21,5.97,-4.64,-0.63
2011-10-18,11.72,8.58,-3.41,1.84
2011-10-19,9.78,9.45,-2.3,2.12
2011-10-20,3.43,4.36,-2.4,1.73
2011-10-21,6.42,5.97,1.39,3.47
2011-10-22,3.11,7.15,3.85,4.99
2011-10-23,7.84,5.99,-1.19,2.99
2011-10-24,6.74,3.5,-5.05,-0.97
2011-10-25,9.38,1.89,-5.3,-2.59
2011-10-26,7.92,2.01,-5.46,-2.51
2011-10-27,10.05,1.22,-7.31,-3.86
2011-10-28,6.63,1.85,-8.24,-2.48
2011-10-29,8.21,2.78,-3.33,-0.66
2011-10-30,5.11,3.74,-3.27,0.62
2011-10-31,5.94,2.86,-3.98,0.13
2011-11-01,9.88,0.02,-9.15,-4.51
2011-11-02,8.85,1.27,-10.26,-5.31
2011-11-03,6.65,3.31,-6.32,-1.78
2011-11-04,4.71,-2.94,-7.7,-5.06
2011-11-05,5.09,-2.26,-11.94,-7.22
2011-11-06,3.97,-3.57,-12.47,-8.58
2011-11-07,2.94,-2.96,-11.13,-6.62
2011-11-08,4.46,-0.65,-6.08,-3.86
2011-11-09,5.22,0.33,-7.59,-4.52
2011-11-10,7.33,1.03,-7.17,-3.85
2011-11-11,3.18,-0.22,-6.22,-2.85
2011-11-12,1.27,-1.74,-6.04,-4.34
2011-11-13,4.11,-2.77,-4.91,-3.91
2011-11-14,4.47,-3.51,-21.46,-8.89
2011-11-15,4.36,-8.21,-22.11,-15.68
2011-11-16,5.42,-6.9,-18.85,-13.54
2011-11-17,4,-1.65,-9.74,-5.37
2011-11-18,1.88,-9.73,-19.79,-16.68
2011-11-19,3.93,-10.62,-22.84,-16.77
2011-11-20,4.37,-8.8,-18.01,-12.17
2011-11-21,1.47,-2.96,-9.66,-6.07
2011-11-22,1.46,0.06,-4.7,-1.52
2011-11-23,1.83,0.34,0.05,0.15
2011-11-24,4.33,0.05,-5.56,-2.79
2011-11-25,3.52,-1.72,-15.35,-6.68
2011-11-26,3.03,-6.09,-15.5,-9.78
2011-11-27,2.85,0.09,-8.04,-3.49
2011-11-28,3.18,-0.26,-5.07,-3.22
2011-11-29,2.32,-2.53,-5.26,-3.95
2011-11-30,3.82,-2.55,-14.52,-6.66
2011-12-01,4.64,-6.73,-19.04,-11.73
2011-12-02,6.27,-6.12,-13.89,-9.31
2011-12-03,4.64,-8.25,-15.61,-11.68
2011-12-04,5.36,-11.19,-22.3,-14.15
2011-12-05,4.83,-9.58,-21.94,-13.62
2011-12-06,4.81,-5.41,-14.27,-10.28
2011-12-07,4.07,-7.85,-16.28,-12.74
2011-12-08,4.16,-10.66,-18.57,-15.01
2011-12-09,4.76,-9.86,-16.68,-13.27
2011-12-10,5.64,-4.73,-13.87,-9.42
2011-12-11,2.61,-5.57,-10.65,-8.89
2011-12-12,4.81,-8.04,-15.46,-12.39
2011-12-13,3.44,-9.23,-15.93,-12.7
2011-12-14,2.35,-9.86,-14.88,-12.96
2011-12-15,1.98,-6.55,-12.35,-8.98
2011-12-16,2.28,-5.86,-11.21,-8.5
2011-12-17,4.17,-2.93,-7.33,-5.69
2011-12-18,2.65,-3.8,-12.45,-7.19
2011-12-19,3.29,-6.07,-14.7,-9.97
2011-12-20,1.67,-6.27,-9.5,-8.08
2011-12-21,4.86,-8.24,-17.78,-12.67
2011-12-22,4.12,-10.33,-14.68,-12.76
2011-12-23,4.92,-8.76,-16.13,-12.28
2011-12-24,2.01,-4.49,-10.12,-6.44
2011-12-25,3.31,-3.07,-5.73,-4.44
2011-12-26,3.05,-4.21,-7.63,-6.62
2011-12-27,1.73,-2.24,-7.38,-4.23
2011-12-28,1.43,0.13,-2.07,-0.37
2011-12-29,3.36,0.15,-4.35,-1.56
2011-12-30,1.61,-0.92,-4.63,-2.58
2011-12-31,2.99,-4.71,-12.17,-7.77
2012-01-01,4.22,-7.96,-13.43,-11.05
2012-01-02,4.85,-1.43,-8.77,-5.45
2012-01-03,4.41,-1.87,-3.81,-2.67
2012-01-04,4.63,-0.21,-3.2,-1.77
2012-01-05,2.87,0.14,-5.74,-1.65
2012-01-06,3.58,-5.98,-12.87,-8.3
2012-01-07,2.93,-7.66,-11.13,-9.38
2012-01-08,1.96,-3.9,-10.07,-6.1
2012-01-09,4.31,-3.26,-8.25,-5.8
2012-01-10,2.83,-3.87,-15.75,-7.91
2012-01-11,5.62,-13.43,-22.22,-16.42
2012-01-12,4.28,-11.49,-19.09,-13.73
2012-01-13,6.4,-10.01,-15.97,-12.11
2012-01-14,3.15,-3.57,-10.36,-6.58
2012-01-15,4.33,-9.35,-19.71,-14.06
2012-01-16,3.28,-14.51,-22.64,-18.09
2012-01-17,1.73,-8.53,-14.89,-11.97
2012-01-18,2.58,-13.8,-24.65,-18.28
2012-01-19,2.65,-10.97,-22.25,-15.55
2012-01-20,2.29,-4.03,-15.9,-9.78
2012-01-21,2.62,0.04,-5.09,-2.38
2012-01-22,3.93,-5.23,-16.4,-8.49
2012-01-23,5.81,-5.22,-11.63,-7.13
2012-01-24,2.26,-2.71,-16.26,-10.22
2012-01-25,4.76,-0.71,-4.39,-3.13
2012-01-26,4.05,-1.33,-15.33,-5.51
2012-01-27,6.32,-10.33,-15.86,-12.4
2012-01-28,3.14,-6.46,-10.26,-8.52
2012-01-29,2.64,-0.83,-5.89,-2.21
2012-01-30,3.41,-0.42,-4.18,-2.11
2012-01-31,4.15,-3.12,-6.59,-4.72
2012-02-01,4.09,-2.1,-8.43,-5.09
2012-02-02,4.65,-4.49,-11.89,-7.87
2012-02-03,8.13,-4.65,-15.38,-11.08
2012-02-04,7.74,-4.87,-15.55,-11.78
2012-02-05,6.59,-5.29,-15.52,-11.55
2012-02-06,7.04,-6.65,-13.54,-9.35
2012-02-07,9.83,-8.57,-18.83,-14.76
2012-02-08,4.49,-5.56,-19.72,-11.43
2012-02-09,4.58,-4.45,-11.5,-8.08
2012-02-10,4.68,-10.27,-17.8,-13.24
2012-02-11,5.64,-3,-18.65,-10.73
2012-02-12,4.67,-3.15,-10.6,-7.22
2012-02-13,4.55,-3.32,-11.38,-7
2012-02-14,10.36,-7.21,-14.28,-10.62
2012-02-15,7.77,-7.81,-16.69,-12.67
2012-02-16,5.07,-7.63,-13.82,-10.66
2012-02-17,6.46,-5.32,-13.57,-9.6
2012-02-18,6.17,-3.96,-8.32,-5.39
2012-02-19,5.09,-4.53,-8.33,-6.6
2012-02-20,6.14,-6.48,-9.34,-7.94
2012-02-21,4.05,-1.08,-8.7,-4.02
2012-02-22,5.43,-0.84,-7.15,-3.01
2012-02-23,7.01,-6.07,-11.86,-8.11
2012-02-24,4.74,-5.73,-14.65,-9.2
2012-02-25,2.7,-2.97,-13.53,-6.11
2012-02-26,7.93,-8.53,-16.02,-12.38
2012-02-27,11.84,-8.16,-16.97,-13.17
2012-02-28,11.94,-10.06,-19.97,-15.05
2012-02-29,4.64,-5.81,-15.62,-9.39
2012-03-01,6.7,-6.4,-14.12,-9.15
2012-03-02,8.07,-5.35,-15.62,-9.65
2012-03-03,6.31,-0.76,-5.59,-2.6
2012-03-04,8.59,-0.13,-2.88,-1.33
2012-03-05,3.53,0.06,-4.07,-1.23
2012-03-06,9.25,-5.71,-15.46,-9.65
2012-03-07,14.13,-6.88,-14.86,-10.38
2012-03-08,13.2,-2.26,-13.81,-7.46
2012-03-09,14.9,0.44,-5.46,-1.81
2012-03-10,9.94,0.34,-3.47,-0.78
2012-03-11,5.33,0.3,-6.19,-1.95
2012-03-12,10.22,-1.5,-8.77,-4.6
2012-03-13,4.65,0.19,-7.82,-3.08
2012-03-14,9.07,-2.68,-9.41,-5.53
2012-03-15,4.86,0.46,-2.58,-0.23
2012-03-16,8.56,0.06,-6.99,-2.25
2012-03-17,4.4,0.11,-10.54,-3.92
2012-03-18,6.33,-1.81,-9.23,-5.27
2012-03-19,10,-3.79,-10.28,-7.37
2012-03-20,4.31,-1.73,-12.4,-5.72
2012-03-21,7.85,-2.6,-6.16,-4.34
2012-03-22,11.45,0.22,-12.75,-3.4
2012-03-23,6.7,-0.83,-11.5,-5.44
2012-03-24,8.97,-0.27,-10,-4.76
2012-03-25,17.14,0.61,-6.69,-1.94
2012-03-26,7.06,0.27,-2.64,-0.89
2012-03-27,16.16,0.31,-8.71,-2.18
2012-03-28,10.91,0.15,-2.85,-0.63
2012-03-29,6.86,0.34,-4.34,-1.21
2012-03-30,3.25,0.28,-1.63,0.01
2012-03-31,12.77,1.31,-2.56,-0.13
2012-04-01,10.07,0.2,-5.73,-2.3
2012-04-02,12.58,0.18,-8.58,-4.36
2012-04-03,15.59,0.93,-8.93,-2.97
2012-04-04,9.2,1.12,-5.44,-1.19
2012-04-05,14.58,-1.7,-7.74,-4.59
2012-04-06,17.01,-1.86,-9.94,-5.8
2012-04-07,15.11,-1.52,-9.6,-5.39
2012-04-08,22.07,0.68,-9.02,-3.18
2012-04-09,19.71,0.97,-7,-2.52
2012-04-10,19.5,1.48,-4.87,-0.84
2012-04-11,16.93,4.25,-1.36,1.01
2012-04-12,9.6,0.56,-1.79,0.14
2012-04-13,19.55,0.87,-5.34,-1.24
2012-04-14,16.3,0.93,-6.74,-1.73
2012-04-15,14.34,-0.39,-8.11,-4.31
2012-04-16,10.2,0.82,-8.46,-1.68
2012-04-17,16.03,0.88,-0.86,0.26
2012-04-18,11.17,0.84,0.05,0.36
2012-04-19,13.42,0.9,-1.09,0.08
2012-04-20,9.64,1.18,-0.06,0.57
2012-04-21,14.18,2.69,0.28,1.53
2012-04-22,25.63,9.14,1.2,5.19
2012-04-23,24.45,11.21,5.2,8.47
2012-04-24,16.5,12.14,2.64,6.24
2012-04-25,19.51,13.91,1.84,8.09
2012-04-26,7.97,13.14,1.79,6.62
2012-04-27,11.01,2.15,-1.23,0.19
2012-04-28,16.16,6.55,-3.24,1.07
2012-04-29,14.57,8.37,-2.82,3.29
2012-04-30,7.85,7.69,1.14,3.28
2012-05-01,15.54,2.97,-2.89,0.48
2012-05-02,17.71,3.01,-3.35,-0.5
2012-05-03,10.89,4.9,-2.95,1.12
2012-05-04,17.42,7.11,-0.51,2.78
2012-05-05,10.07,3.53,-1.63,0.44
2012-05-06,20.88,7.69,-3.57,1.91
2012-05-07,26.53,13.02,-1.4,6
2012-05-08,27.15,15.62,0.97,8.23
2012-05-09,26.4,11.39,-0.36,5.79
2012-05-10,22.71,3.19,-4.69,-0.25
2012-05-11,29.28,8.05,-4.57,1.93
2012-05-12,29.95,13.52,-1,6.17
2012-05-13,29.35,16.26,1.05,8.57
2012-05-14,29.36,20.7,4.6,13.3
2012-05-15,29.52,20.73,7.5,13.81
2012-05-16,24.79,16.64,3.91,11.09
2012-05-17,20.86,11.61,2.72,7.03
2012-05-18,20.37,8.39,-0.48,4.18
2012-05-19,17.83,9.85,0.2,5.36
2012-05-20,18.2,12.68,2.1,7.52
2012-05-21,8.92,13.64,5.61,9.12
2012-05-22,14.92,8.36,1.72,5.67
2012-05-23,16.03,7.24,0.85,3.5
2012-05-24,14.55,4.25,-0.69,1.7
2012-05-25,17.5,7.39,-1.58,2.57
2012-05-26,16.12,7.25,-1.87,2.17
2012-05-27,10.73,2.08,-0.74,0.47
2012-05-28,20.36,10.3,-0.9,4.01
2012-05-29,18,9.76,1.09,4.68
2012-05-30,20.94,10.34,-0.49,5.09
2012-05-31,8.13,10.69,1.6,7.09
2012-06-01,9.75,13.58,6.36,9.67
2012-06-02,10.7,13.51,2.52,8.74
2012-06-03,14.64,12.56,2.52,8
2012-06-04,23.16,20.43,5.16,12.49
2012-06-05,6.94,14.66,0.24,8.65
2012-06-06,6.77,0.21,-2.14,-0.43
2012-06-07,24.67,12.16,-4.94,4.28
2012-06-08,15.81,8.82,0.59,4.88
2012-06-09,11.17,7.29,-0.83,3.04
2012-06-10,11.22,6.65,0.89,4.25
2012-06-11,20.32,15.05,3.79,8.8
2012-06-12,20.26,15.87,4.94,10.2
2012-06-13,15.02,9.42,5.68,7.56
2012-06-14,22.4,14.18,3.35,8.15
2012-06-15,29.58,13.79,0.43,8.15
2012-06-16,20.14,15.32,2.13,9.6
2012-06-17,15.19,14.99,6.59,10.91
2012-06-18,12.17,11.65,3.94,7.39
2012-06-19,15.86,8.56,2.83,5.33
2012-06-20,20.37,14.95,3.4,9.71
2012-06-21,28.01,20.89,5.68,13.29
2012-06-22,15.86,17.46,7.09,11.56
2012-06-23,15.9,16.12,8.6,12.43
2012-06-24,22.19,21.55,8.13,13.94
2012-06-25,25.25,23.78,8.08,15.1
2012-06-26,7.02,14.05,2.36,8.44
2012-06-27,20.3,12.73,2.22,6.51
2012-06-28,31.67,19.98,3.09,13.27
2012-06-29,17.42,17.04,7.58,12.46
2012-06-30,23.41,20.25,7.59,14.33
2012-07-01,17.15,15.71,7.89,11.75
2012-07-02,26.02,19.43,6.49,13.87
2012-07-03,16.68,13.03,3.92,9.38
2012-07-04,31.92,15.15,2.35,9.29
2012-07-05,31.12,20.61,5.18,13.25
2012-07-06,31.12,20.65,7.04,15.19
2012-07-07,29.65,25.36,9.57,19.2
2012-07-08,29.51,27.24,15.53,22.08
2012-07-09,25.69,28.36,15.34,22.29
2012-07-10,27.51,24.56,13.41,19.66
2012-07-11,29.13,25.12,12.35,19.51
2012-07-12,29.52,25.12,13.16,20.35
2012-07-13,26.02,23.47,10.94,17.28
2012-07-14,13.33,19.35,12.6,15.53
2012-07-15,12.28,17.58,10.69,13.89
2012-07-16,25.97,22.58,9.71,15.8
2012-07-17,16.7,19.42,9.95,15.01
2012-07-18,28.87,22.02,11.47,16.64
2012-07-19,27.52,24.61,11.18,18.78
2012-07-20,16.5,24.56,11.61,17.81
2012-07-21,24.46,18.96,9.1,13.74
2012-07-22,29.24,24.89,8.57,17.07
2012-07-23,26.85,14.4,6.07,10.98
2012-07-24,20.89,16.58,5.26,11.02
2012-07-25,25.74,19.42,7.79,14.47
2012-07-26,26.93,22.31,7.04,15.78
2012-07-27,24.27,24.34,12.65,18.91
2012-07-28,28.93,21.67,9.57,15.63
2012-07-29,29.3,21.69,9.31,16.36
2012-07-30,26.88,23.82,9.48,16.64
2012-07-31,28.37,21.38,8.37,14.69
2012-08-01,27.45,20.65,9.33,14.56
2012-08-02,13.71,14.78,7.35,11.13
2012-08-03,24.52,15.82,5.46,10.87
2012-08-04,27.48,20.92,7.71,15.11
2012-08-05,27.75,24.71,11.97,19.1
2012-08-06,20.29,25.52,12.95,18.34
2012-08-07,27.2,23.98,11.26,18.01
2012-08-08,18.54,25.34,10.81,17.76
2012-08-09,25.31,24.06,11.54,18.4
2012-08-10,26.47,25.33,11.67,18.72
2012-08-11,25.6,22.4,8.94,15.74
2012-08-12,25.85,23.92,6.82,15.89
2012-08-13,25.28,23.75,10.12,16.76
2012-08-14,24.95,23.04,7.33,16.07
2012-08-15,20.13,15.9,3.32,9.13
2012-08-16,26.65,21.17,2.45,13.08
2012-08-17,26.4,25.54,10.59,17.25
2012-08-18,25.96,25.54,10.41,17.22
2012-08-19,22.92,27.11,9.44,19.24
2012-08-20,21.61,26.61,15,20.6
2012-08-21,9.55,25.4,8.66,16.58
2012-08-22,24.46,19.61,7.42,13.01
2012-08-23,23.6,19.53,4.36,11.84
2012-08-24,15.86,12.74,2.64,7.77
2012-08-25,24.72,18.36,1.66,10.21
2012-08-26,22,25.59,3.02,14.22
2012-08-27,21.92,24.81,9.09,16.68
2012-08-28,22.46,25.63,9.56,17.32
2012-08-29,21.06,16.89,5.27,11.37
2012-08-30,23.72,19.41,3.67,12.2
2012-08-31,22.53,25.88,8.24,16.65
2012-09-01,22.71,17.6,4.94,11.49
2012-09-02,21.83,17.35,3.55,9.91
2012-09-03,21.01,17.83,1.89,9.99
2012-09-04,21.89,17.42,4.01,10.03
2012-09-05,18.18,18.48,3.52,10.1
2012-09-06,12.33,15.67,4.37,8.41
2012-09-07,22.06,20.75,3.42,12.49
2012-09-08,21.76,21.48,6.95,13.72
2012-09-09,13.54,21.93,9.68,15.09
2012-09-10,8.94,13.4,0.64,8.47
2012-09-11,19.1,10.49,-2,3.73
2012-09-12,20.71,12.87,-2.43,4.82
2012-09-13,20.51,20.69,0.67,10.44
2012-09-14,19.13,22.64,3.71,13.11
2012-09-15,14.46,21.26,9.57,14.12
2012-09-16,19.65,17.47,3.14,9.13
2012-09-17,18.77,20.75,3.53,11.38
2012-09-18,19.1,21.63,3.13,11.96
2012-09-19,17.94,22.15,3.59,12.57
2012-09-20,18.43,23.95,8.97,15.42
2012-09-21,18.15,24.98,8.11,15.5
2012-09-22,13.28,23.93,7.3,14.76
2012-09-23,9.82,21.85,5.83,13.8
2012-09-24,13.66,20.92,6.48,12.72
2012-09-25,12.13,19.07,5.87,12.24
2012-09-26,13.67,17.07,4.12,9.2
2012-09-27,16.65,18.84,4.1,11.29
2012-09-28,16.36,21.46,5.67,12.22
2012-09-29,13.36,17.94,4.46,10.63
2012-09-30,15.97,17.85,4.71,10.33
2012-10-01,14.85,18.3,1.91,10.38
2012-10-02,12.42,13.87,-1.97,6.78
2012-10-03,9.68,2.26,-7.2,-2.09
2012-10-04,15.68,2.27,-7.85,-3.98
2012-10-05,14.66,1.94,-7.99,-3.63
2012-10-06,13.18,7.46,-6.54,0.33
2012-10-07,14.13,11.65,-3.63,2.34
2012-10-08,8.08,7.49,-2.36,2.11
2012-10-09,13.97,11.11,-3.42,2.73
2012-10-10,13.41,12.97,-2.42,3.45
2012-10-11,13.89,11.08,-4.63,2.19
2012-10-12,10.92,13.2,-1.14,5.88
2012-10-13,4.31,7.09,3.8,5.27
2012-10-14,2.53,10.41,5.04,7.14
2012-10-15,5.39,10.44,5.34,6.88
2012-10-16,4.81,7.67,-1.86,3.76
2012-10-17,10.6,3.3,-5.07,-2.06
2012-10-18,10.42,7.75,-4.83,0.42
2012-10-19,2.97,8.21,1.44,4.49
2012-10-20,7.38,4.51,-3.92,0.37
2012-10-21,5.71,1.58,-4.25,-2.2
2012-10-22,4.51,-0.29,-6.05,-3.86
2012-10-23,5.42,0.32,-6.24,-3.92
2012-10-24,6.21,-0.03,-9.31,-4.98
2012-10-25,5.58,-3.52,-11.5,-8.07
2012-10-26,4.42,-1.76,-10.27,-5.62
2012-10-27,2.29,-1.06,-6.77,-3.8
2012-10-28,2.23,0.76,-3.46,-0.17
2012-10-29,3.86,4.95,0.1,2.31
2012-10-30,1.91,5.88,1.89,3.16
2012-10-31,4.97,8.03,1.6,3.61
2012-11-01,3.47,6.07,1.17,2.73
2012-11-02,3.84,4.73,-1.37,1.03
2012-11-03,2.65,3.13,-1.8,1.04
2012-11-04,3.51,5.65,3.4,4.45
2012-11-05,7.09,8.05,-1.04,4.94
2012-11-06,5.71,7.22,1.36,4.68
2012-11-07,7.51,5.42,-4.72,1.03
2012-11-08,1.89,-4.26,-7.41,-5.57
2012-11-09,4.49,-7.74,-16.3,-11.76
2012-11-10,6.13,-9.94,-17.53,-14.38
2012-11-11,3.03,-7.62,-17.25,-11.15
2012-11-12,2.2,-3.29,-8.54,-5.64
2012-11-13,3.13,-1.77,-5.36,-3.57
2012-11-14,4.38,-0.98,-7.01,-3.12
2012-11-15,6.28,-2.45,-9.28,-6.15
2012-11-16,4.21,0.54,-5.5,-2.88
2012-11-17,3.74,1.52,-6.67,-1.96
2012-11-18,3.66,0.55,-9.05,-3.12
2012-11-19,1.14,0.51,-8.77,-2.28
2012-11-20,1.76,0.81,0.29,0.53
2012-11-21,2.26,0.18,-4.35,-2.04
2012-11-22,3.54,-4.48,-11.39,-6.95
2012-11-23,2.44,-2.18,-11.36,-5.78
2012-11-24,4.62,-0.99,-8.68,-3.63
2012-11-25,4.22,-6.06,-15.94,-10.6
2012-11-26,5,-7.72,-16.83,-13.32
2012-11-27,3,-5.56,-18.86,-10.98
2012-11-28,5.34,-0.1,-7.66,-4.31
2012-11-29,2.29,0.11,-5.44,-0.95
2012-11-30,1.33,0.16,-0.43,0.04
2012-12-01,1.98,0.15,-3.07,-0.66
2012-12-02,1.15,0.11,-3.2,-1.35
2012-12-03,1.79,-0.44,-2.68,-1.81
2012-12-04,1.89,0.16,-4.85,-1.56
2012-12-05,3.74,0.19,-8.73,-3.5
2012-12-06,2.08,-5.07,-7.03,-6.03
2012-12-07,1.38,-4.98,-8.02,-6.17
2012-12-08,3.18,-8.74,-17.4,-13.15
2012-12-09,1.77,-9.41,-20.84,-14.76
2012-12-10,3.38,-7.09,-9.62,-8.69
2012-12-11,1.27,-3.14,-9.36,-5.09
2012-12-12,2.15,-3.41,-7.57,-5.77
2012-12-13,1.75,-7.7,-9.97,-8.6
2012-12-14,2.49,-8.44,-16.27,-11.48
2012-12-15,2.65,-8.08,-15.43,-11.21
2012-12-16,2.2,-6.63,-9.95,-8.51
2012-12-17,1.35,-2.61,-10.21,-5.71
2012-12-18,2.81,-7.72,-14.26,-10.23
2012-12-19,2.87,-9.81,-15.37,-12.24
2012-12-20,0.88,-5.13,-15.5,-9.28
2012-12-21,2.11,-3.8,-9.65,-5.56
2012-12-22,1.57,-8.48,-16.3,-13.18
2012-12-23,3.09,-5.14,-17.25,-10.5
2012-12-24,2.73,-18.06,-24.88,-22.03
2012-12-25,2.96,-9.78,-23.94,-16.17
2012-12-26,3,-7.75,-16.7,-12.31
2012-12-27,2.2,-10.55,-16.73,-13.38
2012-12-28,3.46,-9.13,-12.9,-10.99
2012-12-29,2.38,-8.79,-12.96,-10.52
2012-12-30,2.26,-11.01,-16.76,-13.63
2012-12-31,2.54,-10.81,-15.21,-13.31
2013-01-01,2.14,-12.1,-18.85,-15.36
2013-01-02,2.73,-12.46,-20.9,-17.45
2013-01-03,3.43,-9.76,-19.87,-15.96
2013-01-04,2.47,-9.98,-16.28,-12.08
2013-01-05,3.01,-7.44,-14.7,-10.3
2013-01-06,1.85,-7.39,-9.99,-8.52
2013-01-07,1.11,-2.41,-8.42,-5.72
2013-01-08,2.7,-1.03,-6.51,-4.5
2013-01-09,1.48,0.05,-3.92,-0.68
2013-01-10,1.34,-4.71,-18.03,-11.96
2013-01-11,4.46,-15.91,-25.02,-19.34
2013-01-12,4.78,-13.94,-24.66,-20.11
2013-01-13,4.51,-17.94,-24.73,-21.5
2013-01-14,3.11,-14.47,-23.95,-17.68
2013-01-15,3.4,-9.37,-15.88,-12.52
2013-01-16,5.19,-7.23,-11.76,-9.75
2013-01-17,5.53,-7.53,-11.76,-10.19
2013-01-18,5.07,-8.65,-12.31,-10.48
2013-01-19,6.03,-5.81,-12.22,-9.85
2013-01-20,6.23,-7.47,-18.45,-13.2
2013-01-21,6.09,-8.47,-15.61,-12.3
2013-01-22,4.96,-8.32,-14.95,-11.83
2013-01-23,5.21,-2.68,-10.38,-6.57
2013-01-24,5.02,-4.56,-7.52,-6.46
2013-01-25,2.11,-0.37,-5.81,-2.71
2013-01-26,3.31,-1.87,-8.95,-4.39
2013-01-27,4.19,-7.32,-10.47,-9.11
2013-01-28,4.07,-7.54,-11.96,-9.69
2013-01-29,5.43,-11.65,-19.61,-16.81
2013-01-30,3.85,-3.88,-13.5,-6.52
2013-01-31,2.17,-2.15,-6.63,-4.25
2013-02-01,6.21,-3.04,-7.08,-4.26
2013-02-02,8.43,-5.13,-9.05,-7.44
2013-02-03,5.78,-5.12,-10.34,-6.88
2013-02-04,4.55,-2.96,-7.08,-4.96
2013-02-05,4.75,-1.71,-5.29,-3.28
2013-02-06,5.61,-2.77,-7.92,-4.38
2013-02-07,6.27,-1.69,-9.8,-6.85
2013-02-08,7.06,-4.16,-13.64,-8.75
2013-02-09,5.62,-6.26,-13.95,-10.7
2013-02-10,8.76,-6.76,-14.29,-11.61
2013-02-11,4.28,-5.83,-14.44,-9.72
2013-02-12,3.15,-3.05,-9,-6.38
2013-02-13,7.1,-2.15,-10.46,-3.88
2013-02-14,9.21,-6.32,-14.81,-10.05
2013-02-15,8.46,-4.37,-12.53,-7.8
2013-02-16,4.16,-2.2,-6.37,-3.96
2013-02-17,5.84,-3.51,-9.97,-5.98
2013-02-18,9.62,-5.92,-13.69,-10.28
2013-02-19,8.06,-2.95,-10.62,-7.15
2013-02-20,6.73,-5.81,-14.74,-10.29
2013-02-21,4.53,-6.86,-16.03,-10.46
2013-02-22,3.88,-3.91,-7.6,-5.56
2013-02-23,6.43,-4,-11.3,-6.56
2013-02-24,5.53,-6.57,-11.36,-8.89
2013-02-25,5.53,-4.88,-9.21,-6.89
2013-02-26,7.5,-6.26,-13.11,-9.08
2013-02-27,7.59,-4.54,-11.89,-7.45
2013-02-28,5.91,-2.19,-7.63,-4.71
2013-03-01,4.32,0.07,-4.37,-0.91
2013-03-02,7.12,0.09,-0.14,0.05
2013-03-03,5.72,-0.43,-10.56,-4.99
2013-03-04,9.68,-7.85,-17.42,-12.1
2013-03-05,12.86,-5.38,-18.87,-11.33
2013-03-06,8.05,-1.4,-10.87,-5.96
2013-03-07,9.97,-2.49,-8.93,-5.56
2013-03-08,12,-3,-10.87,-7.41
2013-03-09,13.45,-3.57,-11.45,-7.04
2013-03-10,9.83,-2.18,-8.96,-5.19
2013-03-11,12.64,-4.92,-13.1,-7.43
2013-03-12,5.25,0.08,-13.27,-4.82
2013-03-13,7.29,0.21,0.03,0.1
2013-03-14,6.55,0.42,0.07,0.22
2013-03-15,10.28,0.09,-3.74,-0.99
2013-03-16,5.71,-0.02,-4.24,-1.78
2013-03-17,8.5,-2.95,-13.76,-6.82
2013-03-18,8.2,-5.73,-13.17,-8.43
2013-03-19,16.71,-6.31,-17.82,-11.24
2013-03-20,9.73,0.07,-10.1,-2
2013-03-21,9.72,-3.62,-10.71,-6.81
2013-03-22,12.1,-6.58,-14.34,-10.17
2013-03-23,14.04,-6.99,-16.16,-11.25
2013-03-24,15.33,-6.32,-16.72,-11.75
2013-03-25,19.78,-4.12,-17.09,-9.98
2013-03-26,19.97,-0.67,-11.07,-6.21
2013-03-27,16.33,0.24,-9.08,-2.62
2013-03-28,12.18,0.48,0.1,0.25
2013-03-29,12.48,0.28,-4.73,-0.82
2013-03-30,18.19,0.41,-5.57,-2.43
2013-03-31,20.73,1.14,-6.45,-2.42
2013-04-01,20.93,2.03,-7.25,-1.83
2013-04-02,17.57,0.98,-5.5,-0.95
2013-04-03,12.34,1.03,0.19,0.6
2013-04-04,10.93,0.81,-2.3,0.13
2013-04-05,8.41,0.99,0.14,0.55
2013-04-06,9.98,0.68,-1.09,0.22
2013-04-07,7.8,0.25,-8.79,-2.62
2013-04-08,14.35,-6.5,-15.72,-10.49
2013-04-09,17.33,-2.11,-16.39,-9.22
2013-04-10,5.44,0.48,-10.58,-2.35
2013-04-11,11.51,0.46,-5.94,-1.31
2013-04-12,13.6,0.14,-9.13,-3.05
2013-04-13,11.1,-1.89,-9.06,-3.69
2013-04-14,16.28,-4.73,-14.26,-9
2013-04-15,16.68,-7.63,-11.92,-9.62
2013-04-16,15.01,-6.65,-13.32,-9.47
2013-04-17,22.85,-2.57,-12.89,-8.43
2013-04-18,19.08,0.65,-12.61,-3.19
2013-04-19,10.46,0.68,-1.36,-0.12
2013-04-20,14.12,0.78,-4.86,-0.03
2013-04-21,11.32,-6.68,-14.9,-9.21
2013-04-22,25.9,-2.91,-16.18,-9.57
2013-04-23,18.01,0.51,-14.41,-4.76
2013-04-24,23.74,0.97,-8.03,-1.66
2013-04-25,23.2,1.33,-4.36,-0.33
2013-04-26,25.08,1.96,-4.59,0.08
2013-04-27,10.7,5.08,0.33,2.24
2013-04-28,13.88,6.96,0.44,2.91
2013-04-29,15.22,1.73,-5.41,-1.04
2013-04-30,13.37,-0.76,-5.53,-3.31
2013-05-01,20.6,2.08,-6.32,-2.17
2013-05-02,25.62,8.56,-7.09,1.39
2013-05-03,14.01,7.47,-2.46,2.5
2013-05-04,22.51,10.41,-2.91,3.62
2013-05-05,28.57,14.79,-0.48,7.35
2013-05-06,28.63,18.81,3.71,11.33
2013-05-07,27.96,13.65,-0.45,7.51
2013-05-08,26.71,17.86,-1.49,10.21
2013-05-09,28.68,19.71,7.36,12.93
2013-05-10,28.16,16.67,2.45,8.36
2013-05-11,23.74,18.49,2.22,11.08
2013-05-12,20.01,18.97,7.12,13.25
2013-05-13,13.29,13.61,4.24,9.89
2013-05-14,20.17,6.73,-2.84,2.28
2013-05-15,22.68,11.72,-2.93,4.83
2013-05-16,14.33,11.92,1.19,6.96
2013-05-17,19.52,12.45,0.73,6.81
2013-05-18,12.34,9.97,2.94,5.97
2013-05-19,12.95,12.22,3.71,7.06
2013-05-20,22.02,15.99,3.31,9.21
2013-05-21,21.54,16.57,1.01,9.14
2013-05-22,3.91,8.98,1.13,5.45
2013-05-23,18.29,5.22,-1.09,1.87
2013-05-24,22.52,8.05,-2.15,2.78
2013-05-25,15.92,10.87,-0.38,5.02
2013-05-26,27.91,16.29,2.57,8.75
2013-05-27,17.71,13.75,1.72,7.67
2013-05-28,16.25,8.92,2.97,5.85
2013-05-29,21.18,13.26,3.23,8
2013-05-30,16.39,8.03,3.13,5.29
2013-05-31,17.89,9.91,2.13,5.88
2013-06-01,21.88,12.45,2.1,7.34
2013-06-02,18.1,12.54,3.96,7.98
2013-06-03,16.43,9.59,1.73,5.35
2013-06-04,28.54,15.88,-0.89,8.35
2013-06-05,27.33,16.58,3.96,10.69
2013-06-06,25.6,19.28,7.02,12.97
2013-06-07,20.2,18.04,6.69,12.72
2013-06-08,28.58,16.54,4.88,10.7
2013-06-09,29.64,15.39,4,9.72
2013-06-10,31.11,16.82,3.73,10.62
2013-06-11,26.51,14.52,3.66,9.19
2013-06-12,20.55,14.88,2.98,9.15
2013-06-13,19.53,12,2.29,7.07
2013-06-14,11.8,8.87,2.78,5.75
2013-06-15,27.94,15.54,1.52,9.59
2013-06-16,28.65,19.08,5.85,12.47
2013-06-17,26.53,20.35,4.81,12.82
2013-06-18,26.39,20.44,7.49,14.12
2013-06-19,3.46,14.93,1.94,10.38
2013-06-20,11.33,5.88,1.54,3.23
2013-06-21,17.99,12,1.1,6.61
2013-06-22,18.43,14.46,3.99,8.8
2013-06-23,23.09,16.46,3.86,10.88
2013-06-24,10.75,14.65,8.15,11.01
2013-06-25,17.62,14.53,7.13,9.93
2013-06-26,17.27,13.82,7.13,10.21
2013-06-27,23.22,18.69,7.17,12.98
2013-06-28,30.11,22.49,8.39,16.65
2013-06-29,15.14,25.93,12.26,19.03
2013-06-30,29.62,25.52,12.86,19.82
2013-07-01,30.08,27.93,11.07,19.95
2013-07-02,29.48,29.13,14.59,22.01
2013-07-03,30.96,23.46,13.47,18.31
2013-07-04,30.31,21.7,9.58,15.85
2013-07-05,26.69,20.49,8.56,14.61
2013-07-06,26.87,19.19,7.56,13.5
2013-07-07,29.93,20.3,6.38,13.92
2013-07-08,22.74,18.43,6.68,12.74
2013-07-09,30.35,20.67,7.73,14.53
2013-07-10,30.65,23.25,10.31,16.86
2013-07-11,30.3,19.24,8.35,14.34
2013-07-12,22.62,17.06,4.72,11.59
2013-07-13,28.36,16.67,6.57,11.92
2013-07-14,31.32,19.79,5,12.92
2013-07-15,31.14,20.11,5.72,13.4
2013-07-16,29.6,20.53,3.65,12.39
2013-07-17,24.81,24.44,6.91,16.34
2013-07-18,28.28,21.95,7.84,15.88
2013-07-19,28.64,22.61,10.84,17.44
2013-07-20,30.31,23.03,10.15,16.69
2013-07-21,30.16,22.95,9.59,17.26
2013-07-22,29.46,23.29,11.61,17.61
2013-07-23,30.14,25.31,11.56,18.32
2013-07-24,29.92,24.97,11.45,18.07
2013-07-25,29.2,24.85,10.42,17.68
2013-07-26,30.24,25.02,10.63,18.24
2013-07-27,28.66,21.31,8.38,15.41
2013-07-28,25.55,20.83,5.66,13.72
2013-07-29,22.45,18.16,6.92,11.93
2013-07-30,23.31,17.99,5.4,12.87
2013-07-31,25.74,23.05,8.86,15.47
2013-08-01,6.16,14.69,7.66,10.86
2013-08-02,6.86,11.62,7.14,9.28
2013-08-03,17.14,16.18,7.23,11.96
2013-08-04,24.86,19.58,6.86,14.24
2013-08-05,20.36,18.66,8.45,14.15
2013-08-06,24.33,20.99,8,14.72
2013-08-07,25.62,22.37,8.62,15.69
2013-08-08,23.45,22.26,7.32,14.56
2013-08-09,25.32,22.85,7.91,15.51
2013-08-10,23.01,23.3,10.01,16.44
2013-08-11,20.83,23.23,10.76,16.57
2013-08-12,22.6,25.61,10.72,17.89
2013-08-13,18.88,19.45,8.76,14.78
2013-08-14,23.75,25.38,9.88,18.35
2013-08-15,23.42,26.98,14.1,19.74
2013-08-16,20.48,25.72,12.81,18.66
2013-08-17,20.89,23.49,11.23,16.97
2013-08-18,25.23,22.42,8.81,15.48
2013-08-19,24.71,22.66,8.4,15.64
2013-08-20,25.67,21.44,6.91,14.09
2013-08-21,25.34,24.39,7.14,15.98
2013-08-22,19.97,27.82,9.51,19.24
2013-08-23,15.36,25.5,10.28,17.25
2013-08-24,21.37,24.51,8.3,16.48
2013-08-25,18.7,24.74,8.77,16.88
2013-08-26,19.59,21.66,8.24,14.42
2013-08-27,23.16,24.42,8.87,17.4
2013-08-28,15.61,26.78,10.88,17.78
2013-08-29,11.4,26.75,9.29,17.04
2013-08-30,15.99,20.04,8,13.42
2013-08-31,23.29,22.23,7.53,14.43
2013-09-01,22.24,27.73,7.93,18.85
2013-09-02,8.96,28.23,14.54,19.94
2013-09-03,6.88,19.43,13.02,16.24
2013-09-04,19.74,27.56,13.04,19.74
2013-09-05,11.63,25.05,14.18,19
2013-09-06,13.13,19.39,10.72,14.92
2013-09-07,13.04,20.7,9.26,14.28
2013-09-08,10.84,14.35,7.94,10.67
2013-09-09,17.84,19.67,8.13,12.82
2013-09-10,20.66,23.48,8.5,15.16
2013-09-11,20.57,23.48,6.81,14.26
2013-09-12,20.4,26.27,6.77,15.82
2013-09-13,19.6,26.43,10.7,17.23
2013-09-14,17.9,21.3,6.99,13.62
2013-09-15,18.61,24.85,5.3,15.11
2013-09-16,11.68,18.68,8.87,13.79
2013-09-17,14.34,15.49,5.05,9.51
2013-09-18,4.77,6.26,0.79,4.28
2013-09-19,13.78,12.76,0.63,6.16
2013-09-20,18.56,18.04,2.63,10.4
2013-09-21,10.05,15.24,5.11,9.75
2013-09-22,8.5,12.32,3.05,7.37
2013-09-23,8.09,8.59,3.33,5.09
2013-09-24,5.82,6.58,3.63,4.69
2013-09-25,4.25,4.76,0.13,2.52
2013-09-26,10.36,6.82,-3.5,1.62
2013-09-27,6.77,7.08,-4.26,1.63
2013-09-28,5.41,6.63,0.58,3.54
2013-09-29,7.88,5.87,1.46,3.88
2013-09-30,5.86,4.94,0.89,2.55
2013-10-01,8.27,5.29,0.02,1.99
2013-10-02,9.7,6.57,-1.79,1.3
2013-10-03,9.19,3.89,-4.44,-0.77
2013-10-04,15.86,6.32,-5.02,-0.47
2013-10-05,11.99,10.14,-2.64,2.48
2013-10-06,13.87,13.11,-1.7,4.44
2013-10-07,7.24,10.9,0.51,4.65
2013-10-08,6.55,4.16,-2.4,0.94
2013-10-09,12.61,8.38,-4.05,0.79
2013-10-10,3.58,3.37,-4.04,-0.25
2013-10-11,10.22,5.27,-3.53,0.14
2013-10-12,7.11,3.92,-2.51,0.02
2013-10-13,10.19,6.25,-3.91,-0.07
2013-10-14,11.83,5.97,-3.86,0.08
2013-10-15,13.24,6.67,-4.69,-0.3
2013-10-16,5.81,3.7,-4.43,-0.78
2013-10-17,9.91,4.47,-4.19,-0.21
2013-10-18,12.15,6.35,-3.79,-0.04
2013-10-19,8.61,5.42,-1.99,0.23
2013-10-20,11.53,7.43,-1.82,1.42
2013-10-21,11.23,9.15,-1.23,2.34
2013-10-22,10.83,7.57,-0.54,2.69
2013-10-23,10.26,11.96,-1.15,4.07
2013-10-24,10.42,11.63,-1.24,3.57
2013-10-25,9.64,12.56,-1.47,4.56
2013-10-26,9.11,9.78,-3.53,1.58
2013-10-27,3.34,2.36,-9.52,-3.17
2013-10-28,8.32,-7.5,-11.27,-9.51
2013-10-29,10.84,2.45,-11.14,-5.52
2013-10-30,9.95,1.38,-7.55,-3.58
2013-10-31,4.09,2.36,-4.66,-1.26
2013-11-01,5.93,2.01,-2.63,-1.04
2013-11-02,1.64,1.73,-3.02,-0.84
2013-11-03,2.72,-3.05,-8.03,-4.61
2013-11-04,4.19,-5.02,-14.26,-9.32
2013-11-05,3.57,-5.4,-11.14,-7.43
2013-11-06,4.26,-4.15,-10.71,-7.75
2013-11-07,1.84,0.05,-10.83,-3.44
2013-11-08,3.23,-0.58,-6.24,-2.69
2013-11-09,6.1,-2.78,-9.47,-5.9
2013-11-10,1.24,-2.67,-8.12,-5.03
2013-11-11,3.69,0.03,-8.09,-3.93
2013-11-12,3.76,0.15,-6.63,-1.89
2013-11-13,3.42,0.06,-2.73,-1.09
2013-11-14,4.32,-1.58,-5.24,-2.96
2013-11-15,1.41,-3.23,-5.63,-4.45
2013-11-16,2.68,-2.96,-10.12,-6
2013-11-17,4.49,-2.58,-8.12,-5.35
2013-11-18,1.85,-1.14,-2.82,-1.87
2013-11-19,2.61,0.07,-6.55,-1.29
2013-11-20,7.16,-7.15,-22.28,-16.35
2013-11-21,7.2,-11.18,-23.96,-19.05
2013-11-22,7.09,-8.4,-21.64,-15.88
2013-11-23,6.91,-5.88,-17.62,-12.3
2013-11-24,5.93,-3.5,-12.67,-8.42
2013-11-25,5.53,-3.81,-12.7,-8.97
2013-11-26,5.14,-0.36,-7.95,-5.3
2013-11-27,5.55,-1.18,-9.62,-6.2
2013-11-28,5.46,-3.23,-11.02,-7.6
2013-11-29,2.09,-4.27,-8.73,-5.92
2013-11-30,1.9,-2.63,-6.54,-4.49
2013-12-01,1.46,-0.54,-4.7,-1.95
2013-12-02,1.92,-0.53,-20.06,-9.31
2013-12-03,4.42,-19.74,-23.7,-21.16
2013-12-04,5.54,-20.85,-27.99,-23.85
2013-12-05,4.72,-19.68,-34.24,-27.08
2013-12-06,6.36,-28.58,-40.04,-34.12
2013-12-07,6.51,-22.96,-40.04,-32.86
2013-12-08,5.27,-21.73,-29.61,-24.87
2013-12-09,3.58,-15.67,-22.66,-19.11
2013-12-10,2.37,-13.14,-18.3,-15.34
2013-12-11,1.49,-7.25,-16,-11.23
2013-12-12,2.58,-6.91,-9.46,-8.21
2013-12-13,1.66,-7.28,-9.52,-8.36
2013-12-14,1.13,-2.29,-8.88,-4.77
2013-12-15,1.83,-0.98,-3.73,-2.1
2013-12-16,4.21,-1.62,-5.8,-3.32
2013-12-17,2.7,-3.74,-8.01,-5.67
2013-12-18,1.22,-4.23,-20.77,-8.92
2013-12-19,4.86,-15.94,-27.05,-21.02
2013-12-20,2.21,-11.3,-18.75,-13.96
2013-12-21,3.48,-11.28,-17.42,-14.64
2013-12-22,3.67,-9.01,-15.49,-13.31
2013-12-23,1.67,-0.82,-10.93,-4.48
2013-12-24,2.68,-3.64,-8.57,-6.57
2013-12-25,4.17,-8.7,-10.33,-9.41
2013-12-26,2.9,-4.68,-9.63,-7.11
2013-12-27,3.9,-2.87,-9.15,-5.85
2013-12-28,4.32,-6.88,-18.38,-12.8
2013-12-29,1.58,-6.55,-15.75,-9.79
2013-12-30,2.58,-4.78,-11.54,-7.59
2013-12-31,1.84,-4.72,-11.12,-6.23
2014-01-01,3.82,-8.71,-14.22,-10.91
2014-01-02,2.33,-1.29,-9.42,-5.03
2014-01-03,1.7,-1.16,-12.25,-6.06
2014-01-04,3.97,-12.35,-21.18,-15.58
2014-01-05,5.69,-19.48,-30.1,-24.98
2014-01-06,4.78,-11.44,-25.12,-16.57
2014-01-07,4.13,-7.8,-12.43,-9.82
2014-01-08,2.02,-3.86,-8.17,-6.09
2014-01-09,2.3,-2.89,-7.08,-4.94
2014-01-10,1.59,-2.39,-6.12,-3.85
2014-01-11,1.71,0.02,-3.67,-1.58
2014-01-12,2.36,-1.86,-5.55,-4.37
2014-01-13,2.66,-1.34,-4.22,-2.06
2014-01-14,2.69,-2.6,-4.73,-3.53
2014-01-15,4.6,-2.46,-6.15,-3.91
2014-01-16,5.95,-5.73,-12.22,-8.74
2014-01-17,3.91,-5.92,-11.56,-8.72
2014-01-18,6.54,-6.63,-16.73,-11.71
2014-01-19,4.66,-6.24,-12.18,-9.31
2014-01-20,6.92,-6.15,-14.34,-10.78
2014-01-21,6.36,-4.63,-16.71,-10.95
2014-01-22,4,-3.75,-12.31,-7.85
2014-01-23,4.51,-6.52,-13.63,-10.16
2014-01-24,4.17,-6.54,-10.4,-8.81
2014-01-25,4.62,-6.39,-10.46,-8.87
2014-01-26,3,-7.97,-23.86,-15.33
2014-01-27,7.59,-10.09,-22.21,-16.5
2014-01-28,4.83,-9.85,-25.71,-15.44
2014-01-29,2.61,-6.55,-14.07,-9.17
2014-01-30,4.25,-15.18,-19.6,-17.44
2014-01-31,3.84,-10.71,-21.69,-17.1
2014-02-01,6.29,-12.55,-23.93,-18.19
2014-02-02,3.7,-9.57,-20.3,-15.91
2014-02-03,5.54,-16.48,-23.2,-18.95
2014-02-04,7.69,-23.69,-29.16,-25.8
2014-02-05,10.08,-25.27,-35.17,-29.36
2014-02-06,10.66,-17.62,-36.54,-27.02
2014-02-07,7.13,-13.3,-26.06,-18.4
2014-02-08,9.72,-17.39,-25.66,-22.55
2014-02-09,7.77,-13.22,-24.17,-19.24
2014-02-10,4.47,-6.57,-20.35,-12.57
2014-02-11,7.1,-5.13,-7.67,-6.08
2014-02-12,5.03,-0.53,-5.77,-2.38
2014-02-13,4.14,-0.87,-5.42,-2.54
2014-02-14,3.77,-1.59,-8.55,-4.37
2014-02-15,9.08,0.06,-6.17,-3.19
2014-02-16,6.02,0.06,-6.42,-4.38
2014-02-17,3.29,-1.55,-6.04,-3.42
2014-02-18,5.43,-1.78,-7,-4.47
2014-02-19,7.88,-4.29,-9.28,-6.74
2014-02-20,4.86,-3.65,-12.79,-7.61
2014-02-21,7.89,-7.19,-15.33,-10.52
2014-02-22,10.06,-11.47,-20.37,-16.14
2014-02-23,7.48,-16.07,-22.46,-19.6
2014-02-24,8.46,-11.2,-25.05,-17.93
2014-02-25,14.66,-11.93,-28.91,-19.55
2014-02-26,14.22,-4.73,-16.16,-11.45
2014-02-27,7.98,-1.67,-15.6,-8.38
2014-02-28,7.64,-15.14,-27.84,-21.48
2014-03-01,8.52,-27.96,-32.62,-30.34
2014-03-02,6.4,-9.61,-29.31,-19.97
2014-03-03,5.33,-0.89,-8.66,-3.55
2014-03-04,6.02,-1.22,-3.3,-2.37
2014-03-05,3.46,0.06,-2.2,-0.42
2014-03-06,6.34,0.07,-3.31,-0.85
2014-03-07,5.74,-0.72,-4.06,-2.58
2014-03-08,9.4,-0.21,-2.97,-1.43
2014-03-09,6.91,0.15,0,0.09
2014-03-10,3.77,0.62,-4.1,-0.91
2014-03-11,13.34,-1.99,-7.92,-4.84
2014-03-12,16.74,-1.47,-9.76,-5.61
2014-03-13,16.13,-2.24,-8.01,-5.57
2014-03-14,7.63,0.05,-6.19,-2.14
2014-03-15,9.83,-2.03,-8.99,-4.08
2014-03-16,6.94,0.19,-4.25,-0.9
2014-03-17,7.19,0.12,-10.14,-2.96
2014-03-18,12.38,-6.47,-14.88,-9.5
2014-03-19,8.52,-2.13,-8.95,-4.94
2014-03-20,11.27,-3.53,-12.17,-6.58
2014-03-21,12.64,-7.36,-19.51,-13.39
2014-03-22,15.63,-7.22,-22,-13.26
2014-03-23,15.2,-4.11,-12.48,-8.5
2014-03-24,16.54,-5.03,-15.23,-10.4
2014-03-25,17.08,0.3,-13.39,-3.72
2014-03-26,14.85,-0.49,-7.2,-2.97
2014-03-27,7.9,-3.01,-11.76,-7.47
2014-03-28,9.65,-0.29,-11.69,-4.23
2014-03-29,12.5,0.17,-4.87,-0.8
2014-03-30,11.94,-0.51,-10.21,-4.63
2014-03-31,12.91,-0.91,-10.95,-6.26
2014-04-01,18.08,-0.32,-11.81,-6.38
2014-04-02,16.98,-0.45,-10.62,-5.63
2014-04-03,17.12,0.25,-10.89,-4.68
2014-04-04,11.95,-0.12,-5.2,-1.81
2014-04-05,11.75,-0.42,-6.87,-2.36
2014-04-06,15.22,0.27,-9.32,-1.93
2014-04-07,17.86,0.47,-10.05,-3.43
2014-04-08,20.61,0.91,-2.08,0.32
2014-04-09,17.93,0.53,-7.94,-1.45
2014-04-10,22.91,0.42,-8.02,-2.99
2014-04-11,9.74,0.49,-4.51,-0.69
2014-04-12,14.62,-0.9,-14.77,-6.66
2014-04-13,24.91,-1.12,-14.97,-7.49
2014-04-14,22.87,0.45,-11.94,-3.86
2014-04-15,9.04,0.36,-6.28,-1.31
2014-04-16,13.62,0.27,-6.31,-2.04
2014-04-17,11.37,0.45,-2.2,-0.17
2014-04-18,10.41,0.32,-5.34,-0.56
2014-04-19,20.64,1.14,-9.26,-2.18
2014-04-20,16.45,0.87,-3.71,-0.24
2014-04-21,16.9,5.95,-4.25,0.65
2014-04-22,8.28,6.02,-0.36,1.79
2014-04-23,15.3,0.56,-4.2,-1.43
2014-04-24,10.03,0.8,-4.55,-0.63
2014-04-25,15.78,1.02,-0.98,0.23
2014-04-26,9.45,0.53,-3.38,-0.51
2014-04-27,15.55,0.59,-5.5,-1.8
2014-04-28,18.27,0.58,-6.69,-2.16
2014-04-29,27.19,1.07,-6.8,-1.84
2014-04-30,27.37,2.75,-2.81,0.71
2014-05-01,26.59,5.86,0.69,3.54
2014-05-02,22.78,4.33,0.48,2.85
2014-05-03,7.71,1.1,-1.66,0.11
2014-05-04,15.03,1.38,-2.22,0.27
2014-05-05,15.72,0.94,-3.11,-0.17
2014-05-06,17.74,0.76,-5.54,-0.5
2014-05-07,20.29,0.93,-7.76,-1.81
2014-05-08,20.98,2.69,-5.05,0.16
2014-05-09,10.47,0.82,-0.91,0.42
2014-05-10,16.58,0.8,-3.08,-0.38
2014-05-11,20.51,0.69,-5.04,-1.94
2014-05-12,27.29,4.12,-6.36,-0.27
2014-05-13,24.39,10.55,0.42,5.4
2014-05-14,24.15,12.87,2.81,7.61
2014-05-15,22.37,15.25,1.95,8.55
2014-05-16,15.24,11.84,1.92,5.96
2014-05-17,18.45,12.64,1.18,6.88
2014-05-18,20.6,11.12,0.47,5.71
2014-05-19,15.7,8.58,2.14,4.69
2014-05-20,24.5,13.82,1.82,8.78
2014-05-21,26.23,15.94,5.25,10.37
2014-05-22,27.07,17.87,5.52,11.78
2014-05-23,23.3,19.29,6.49,12.84
2014-05-24,20.68,15.08,4.68,9.78
2014-05-25,18.34,12.51,3.38,8.06
2014-05-26,18.41,13.27,1.78,8.09
2014-05-27,24.18,15.44,1.52,9.21
2014-05-28,15.81,12.97,2.64,7.98
2014-05-29,15.71,8.73,-0.4,4.23
2014-05-30,29.38,15.31,-1.63,8.42
2014-05-31,24.19,14.98,4.76,9.52
2014-06-01,23.92,15.42,4.57,10.52
2014-06-02,24.36,16.09,6,11.56
2014-06-03,17.08,15.3,5.58,10.15
2014-06-04,25,15.3,6.1,10.27
2014-06-05,25.06,13.15,1.4,7.94
2014-06-06,26.68,13.26,-0.34,7.71
2014-06-07,21.62,14.06,2.91,9.12
2014-06-08,25.48,16.02,3.73,10.33
2014-06-09,24.37,15.12,6.18,10.72
2014-06-10,18.45,12.4,4.64,8.24
2014-06-11,24.68,13.91,2.7,8.08
2014-06-12,17.91,14.93,2.53,9.62
2014-06-13,13.21,11.88,4.44,7.78
2014-06-14,11,9.87,2.06,5.45
2014-06-15,13.3,11.05,3.78,6.99
2014-06-16,16.02,10.57,3.91,6.67
2014-06-17,5.74,5.61,1.32,3.13
2014-06-18,5.98,5.79,0.88,2.88
2014-06-19,20.14,14.06,3.26,8.39
2014-06-20,23.18,17.03,2.14,10.8
2014-06-21,31.1,16.99,4.62,10.93
2014-06-22,27.32,18.47,3.91,11.64
2014-06-23,24.41,17.03,7.33,12.44
2014-06-24,14.49,18.64,5.82,11.83
2014-06-25,26.17,17.24,7.62,12.47
2014-06-26,9.32,14.08,7.09,9.87
2014-06-27,12.22,13.9,7.16,9.66
2014-06-28,13.09,12.06,6.46,8.97
2014-06-29,17.97,12.19,5.75,8.88
2014-06-30,26.15,15.63,5.41,10.92
2014-07-01,30.31,20.65,6.06,13.8
2014-07-02,30.44,23.77,6.67,16.56
2014-07-03,25.61,21.25,10.84,16.55
2014-07-04,27.35,20.96,8.14,14.43
2014-07-05,25.09,18.81,7.55,13.7
2014-07-06,24.86,20.98,9.12,15.49
2014-07-07,29.89,21.85,8.99,15.64
2014-07-08,28.56,22.43,8.11,16.95
2014-07-09,26.75,23.59,12.31,17.95
2014-07-10,30.79,21.76,11.09,16.75
2014-07-11,28.3,21.8,7.83,14.92
2014-07-12,30.81,24.78,10.66,18.5
2014-07-13,29.7,28.12,12.17,19.43
2014-07-14,12.23,20.64,9.25,15.87
2014-07-15,24.94,21.07,8.52,15.66
2014-07-16,27.22,25.19,12.04,18.99
2014-07-17,27.87,23.47,13.06,18
2014-07-18,22.63,20.78,11.7,15.65
2014-07-19,18.04,19.49,10.53,15.38
2014-07-20,13.23,17.31,11.05,13.6
2014-07-21,27.78,17.5,10.73,13.49
2014-07-22,13.81,20.6,9.26,14.31
2014-07-23,26.52,22.75,11.56,16.64
2014-07-24,11.8,11.49,6.43,8.94
2014-07-25,23.87,15.5,5.16,10.08
2014-07-26,26.11,18.19,4.3,12.5
2014-07-27,29.41,27.05,10.77,17.73
2014-07-28,25.06,25.3,12.58,18.68
2014-07-29,28.36,26.28,13.97,20.36
2014-07-30,23.64,26.27,13.79,20.83
2014-07-31,28.04,28.67,15.03,21.14
2014-08-01,22.75,25.58,13.28,19.08
2014-08-02,23.52,24.36,12.45,17.91
2014-08-03,22.71,23.05,12.75,18.08
2014-08-04,24.73,23.4,11.13,16.94
2014-08-05,24.7,23.26,9.06,17.42
2014-08-06,26.36,23.84,12.7,17.92
2014-08-07,26.39,21.96,10.24,16.95
2014-08-08,20.82,21.98,9.89,15.46
2014-08-09,23.66,20.99,8.75,15.06
2014-08-10,25,24.5,10.34,16.93
2014-08-11,25.64,26.46,10.47,17.82
2014-08-12,12.34,25.01,12.44,18.35
2014-08-13,20.56,24.08,10.74,18.01
2014-08-14,10.32,22.36,11.13,17.06
2014-08-15,14.95,19.17,10.76,13.89
2014-08-16,9.46,16.96,9.77,12.81
2014-08-17,17.04,19.31,9.14,14.64
2014-08-18,21.92,22.06,9.87,15.8
2014-08-19,17.58,21.42,9.33,15.5
2014-08-20,14.29,15.5,8.32,11.77
2014-08-21,14.86,12.87,6.65,9.41
2014-08-22,7.51,12.43,5.91,8.12
2014-08-23,16.1,7.73,4.32,6.03
2014-08-24,15.41,13.7,3.24,7.56
2014-08-25,22.95,17.74,2.69,10.37
2014-08-26,22.5,19.89,5.35,12.14
2014-08-27,22.77,22.64,6.95,14.54
2014-08-28,19.78,18.97,7.35,13.36
2014-08-29,21.16,20.23,7.93,13.45
2014-08-30,16.17,15.88,8.05,11.47
2014-08-31,11.85,12.82,5.93,9.09
2014-09-01,14.11,14.77,4.23,8.79
2014-09-02,13.95,15.72,3.46,9.4
2014-09-03,8.33,7.57,3.1,5.73
2014-09-04,17.85,14.05,1.37,7.31
2014-09-05,22.5,17.21,3.34,9.94
2014-09-06,22.16,20.52,6.71,12.95
2014-09-07,22.26,20.54,4.46,12.09
2014-09-08,11.94,16.2,-0.39,9.03
2014-09-09,11.49,7.28,-2.44,1.34
2014-09-10,8.88,2.91,-3.79,-0.98
2014-09-11,21.44,7.21,-5.78,0.49
2014-09-12,17.24,8.72,-3.33,1.78
2014-09-13,20.37,12.51,-2.16,4.62
2014-09-14,20.31,16.92,1.87,8.14
2014-09-15,20.25,18.76,2.53,11.29
2014-09-16,16.99,22.14,7.62,14.53
2014-09-17,15.87,21.52,11.71,16.14
2014-09-18,10.32,20.22,10.23,14.24
2014-09-19,9.2,16.78,5.45,11.34
2014-09-20,18.59,20.15,4.38,11
2014-09-21,18.56,25.03,4.46,14.66
2014-09-22,16.28,23.9,10.01,15.22
2014-09-23,12.52,16.69,9.36,12.48
2014-09-24,16.6,22.04,8.66,14.26
2014-09-25,17.01,24.18,7.73,15.14
2014-09-26,10.8,13.08,5.55,8.59
2014-09-27,9.95,8.3,3.74,6.06
2014-09-28,13.39,8.27,4.31,5.6
2014-09-29,5.65,13.37,3.01,8.04
2014-09-30,6.69,10.19,2.56,6.51
2014-10-01,9.39,9.29,1.11,4.23
2014-10-02,13.08,5.42,-1.45,1.5
2014-10-03,15.01,9.95,-4.26,3.06
2014-10-04,14.38,15.01,1.71,7.2
2014-10-05,13.81,15.6,2.3,7.62
2014-10-06,11.93,17.58,5,10.1
2014-10-07,13.63,17.07,5.95,10.71
2014-10-08,10.88,14.12,5.43,9.04
2014-10-09,13.62,15.32,3.18,7.75
2014-10-10,14.19,15.34,3.26,8.41
2014-10-11,6.19,10.99,3.13,7.02
2014-10-12,9.5,7.76,2.08,4.04
2014-10-13,11.22,10.91,1.87,5.1
2014-10-14,8.13,13.44,2.04,7.14
2014-10-15,4.9,12.83,2.37,5.82
2014-10-16,6.62,8.13,0.01,3.19
2014-10-17,10.89,11.82,-1.26,4.15
2014-10-18,5.07,11.33,0.58,5.18
2014-10-19,11.45,14.91,3.16,7.53
2014-10-20,11.81,17.59,2.33,8.8
2014-10-21,3.92,4.79,2.46,3.86
2014-10-22,7.12,8.32,1.77,4.11
2014-10-23,2.66,5.88,2.09,4.01
2014-10-24,4.57,5.59,0.66,2.13
2014-10-25,6.85,11.08,-0.23,4.59
2014-10-26,3.71,5.05,-0.26,1.7
2014-10-27,6.67,1.37,-6.14,-2.21
2014-10-28,4.05,4.1,-6.17,-0.39
2014-10-29,4.23,3.63,-0.51,1.63
2014-10-30,4.53,9.23,0.3,3.44
2014-10-31,6.99,10.14,-0.09,4.14
2014-11-01,3.2,5.78,-2.61,0.82
2014-11-02,3.26,0.61,-4.03,-2.2
2014-11-03,3.65,0.61,-4.26,-1.1
2014-11-04,2.03,1.67,0.44,0.92
2014-11-05,4.53,2.41,0.98,1.56
2014-11-06,2.58,7.09,2.29,4.5
2014-11-07,4.43,4.03,-0.95,1.5
2014-11-08,7.74,3.17,-1.19,0.26
2014-11-09,1.77,0.66,-13.54,-3.86
2014-11-10,4.38,-8.26,-19.6,-14.4
2014-11-11,7.22,-16.41,-21.18,-18.76
2014-11-12,8.6,-12.92,-22.98,-18.89
2014-11-13,8.57,-8.99,-22.03,-17.28
2014-11-14,8.39,-12.55,-25.56,-18.97
2014-11-15,8.06,-10.86,-21.23,-16.71
2014-11-16,7.62,-6.94,-18.29,-14.2
2014-11-17,7.41,-8.37,-17.19,-13.16
2014-11-18,2.93,-5.31,-13.21,-10.33
2014-11-19,6.46,-5.54,-15.05,-11.39
2014-11-20,1.88,-3.59,-14.03,-6.81
2014-11-21,2.15,-0.44,-4.6,-2.1
2014-11-22,3.05,-0.27,-4.61,-2.79
2014-11-23,1.88,-2.28,-7.09,-4.47
2014-11-24,2.55,-3.31,-8.32,-5.48
2014-11-25,1.72,-2.42,-7.33,-3.8
2014-11-26,1.13,0.02,-8.07,-4.99
2014-11-27,2.05,0.1,0.03,0.06
2014-11-28,1.52,0.23,-4.63,-0.46
2014-11-29,2.44,-8.26,-28.26,-23.56
2014-11-30,3.66,-14.84,-25.9,-22.02
2014-12-01,3.17,-12.27,-23.32,-16.85
2014-12-02,5.68,-11.26,-17.37,-14.16
2014-12-03,4.48,-7.59,-18.23,-14.47
2014-12-04,1.92,-4.28,-14.36,-7.88
2014-12-05,2.47,-1.42,-8.2,-4.6
2014-12-06,1.04,0.03,-6.97,-2.52
2014-12-07,3.46,-1.48,-8.61,-4.06
2014-12-08,2.91,-0.02,-9,-3.91
2014-12-09,1.87,0.09,-2.04,-0.63
2014-12-10,2.75,0.36,-0.55,0.17
2014-12-11,1.68,0.71,-0.22,0.24
2014-12-12,1.48,-0.11,-2.59,-0.99
2014-12-13,1.08,-2.76,-7.08,-4.44
2014-12-14,4.14,-4.95,-14.67,-8.76
2014-12-15,3.56,-6.78,-15.25,-12.33
2014-12-16,3.1,-6.43,-14.49,-11.01
2014-12-17,3.45,-4.63,-12.47,-9.24
2014-12-18,2.29,-3.05,-8.57,-5.1
2014-12-19,1.75,-1.05,-5.38,-3
2014-12-20,2.38,-1.98,-5.01,-3.62
2014-12-21,2.84,0.04,-4.86,-1.91
2014-12-22,3.95,-3.35,-9.31,-5.27
2014-12-23,2.75,-3.64,-9.07,-6.41
2014-12-24,1.8,-1.44,-8.92,-3.9
2014-12-25,2.99,-7.25,-14.69,-10.51
2014-12-26,3.56,-9.49,-16.29,-13.48
2014-12-27,2.32,-7.96,-14.55,-10.51
2014-12-28,2.58,-9.75,-19.65,-14.54
2014-12-29,4.97,-20.08,-28.71,-23.78
2014-12-30,6.04,-21.47,-31.76,-26.59
2014-12-31,5.86,-16.87,-23.83,-20.75
2015-01-01,3.94,-15.79,-21.17,-19.01
2015-01-02,1.62,-11.13,-19.76,-15.17
2015-01-03,2.01,-15.78,-28.77,-21.41
2015-01-04,1.56,-9.81,-24.36,-19.19
2015-01-05,1.9,-3.35,-9.45,-6.79
2015-01-06,2.45,-1.61,-18.42,-9.26
2015-01-07,2.97,-4.26,-17.83,-8.94
2015-01-08,3.44,-8.01,-27.84,-17.46
2015-01-09,4.84,-10.26,-22.29,-14.7
2015-01-10,3.01,-6.45,-12.06,-9.04
2015-01-11,3.11,-6.25,-14.46,-11.58
2015-01-12,4.08,-7.46,-14.9,-12.19
2015-01-13,3.2,-8.44,-15.59,-12.01
2015-01-14,2.97,-7.32,-11.38,-9.53
2015-01-15,5.03,-6.93,-10.71,-8.7
2015-01-16,2.91,-2.74,-7.73,-4.73
2015-01-17,4.03,-4.71,-7.31,-5.98
2015-01-18,3.21,-0.04,-4.91,-1.72
2015-01-19,4.14,-1.94,-6.27,-3.52
2015-01-20,6.61,-5.91,-13.37,-9.34
2015-01-21,6.55,-9.62,-15.21,-11.77
2015-01-22,4.31,-5.57,-12.12,-8.51
2015-01-23,2.6,-0.59,-6.9,-4.12
2015-01-24,5.5,0.04,-0.93,-0.39
2015-01-25,4.61,0.25,-2.8,-0.19
2015-01-26,7.65,0.28,-7.51,-3.24
2015-01-27,6.84,0.24,-4.44,-2.2
2015-01-28,6.67,-2.55,-10.43,-5.51
2015-01-29,7.45,-4.12,-10.87,-7.8
2015-01-30,7.14,-5.03,-10.29,-8.02
2015-01-31,4.92,-8.85,-20.37,-14.4
2015-02-01,4.26,-8.69,-19.27,-12.78
2015-02-02,3.56,-4.73,-11.57,-7.28
2015-02-03,6.64,-3.8,-12.83,-7.58
2015-02-04,6.2,-3.97,-13.96,-7.92
2015-02-05,1.72,0.1,-4.95,-0.93
2015-02-06,2.99,0.28,0.06,0.15
2015-02-07,1.98,0.41,0.06,0.16
2015-02-08,5.05,0.3,-2.63,-0.39
2015-02-09,3.78,1.51,-2.39,-0.05
2015-02-10,4.38,0.08,-3.96,-1.25
2015-02-11,5.83,-0.47,-5.05,-2.92
2015-02-12,5.49,0.23,-2.41,-0.58
2015-02-13,9.19,0.25,-1.53,-0.38
2015-02-14,5.65,0.13,-5.24,-1.18
2015-02-15,11.25,-2.64,-8.99,-6.2
2015-02-16,10.92,-3.96,-12.74,-8.54
2015-02-17,12.11,-4.4,-14.03,-10.15
2015-02-18,9.48,-1.87,-12.67,-7.06
2015-02-19,8.34,-0.93,-9.98,-4.49
2015-02-20,5.11,-1.59,-8.1,-4.91
2015-02-21,9.52,-8.61,-21.55,-13.58
2015-02-22,13.43,-10.65,-23.48,-17.85
2015-02-23,11.61,-4.04,-19.71,-11.45
2015-02-24,9.09,-3.63,-11.4,-6.91
2015-02-25,11.35,-7.65,-16.71,-10.79
2015-02-26,11.76,-8.69,-19.96,-14.53
2015-02-27,10.22,-10.05,-17.07,-14.02
2015-02-28,14.66,-9.73,-19.26,-14.65
2015-03-01,10.49,-7,-19.22,-13.02
2015-03-02,6.22,-8.15,-16.78,-12.23
2015-03-03,14.71,-12.94,-22.34,-17.88
2015-03-04,15.26,-6.97,-22.07,-14.15
2015-03-05,10.87,-1.99,-15.61,-7.79
2015-03-06,13.59,0.28,-11.81,-4.52
2015-03-07,12.64,0.25,-7.12,-3.49
2015-03-08,12.59,0.31,-8.46,-3.57
2015-03-09,15.49,0.5,-5.37,-2.38
2015-03-10,16.22,1.04,-6.71,-2.13
2015-03-11,4.5,1.06,-0.94,0.37
2015-03-12,10.14,0.91,-0.6,0.37
2015-03-13,15.35,0.94,-3.03,-0.67
2015-03-14,4.11,1.13,-2.27,0.64
2015-03-15,3.69,0.77,0.37,0.56
2015-03-16,8.79,0.49,-6.21,-2.74
2015-03-17,6.37,-0.41,-6.17,-3.1
2015-03-18,7.39,0.48,-2.81,-0.96
2015-03-19,10.57,0.81,-3.57,-0.61
2015-03-20,11.33,1.29,-1.69,0.08
2015-03-21,8.1,0.91,-2.83,-0.67
2015-03-22,15.79,0.83,-3.36,-0.63
2015-03-23,6.46,0.48,-3.84,-0.91
2015-03-24,11.4,0.52,-4.67,-1.87
2015-03-25,8.29,-0.09,-4.95,-2.19
2015-03-26,7.25,0.79,-1.4,0.25
2015-03-27,18.56,2.29,0.43,1
2015-03-28,9.79,0.94,-0.52,0.52
2015-03-29,11.98,2.5,-2.54,0.22
2015-03-30,19.2,6.85,0.05,2.16
2015-03-31,11.04,7.12,-2.36,2.16
2015-04-01,13.6,0.54,-5.15,-2.27
2015-04-02,14.3,0.07,-6.97,-3.49
2015-04-03,14.43,1.03,-7.64,-3.25
2015-04-04,12.79,1.43,-6.13,-2.59
2015-04-05,18.47,2.27,-9.08,-3.17
2015-04-06,8.84,0.67,-5.08,-2.87
2015-04-07,16.99,3.95,-6.95,-0.88
2015-04-08,18.7,6.06,-3.62,0.96
2015-04-09,20.32,8.72,-1.14,3.72
2015-04-10,16.72,7.79,-2.06,2.63
2015-04-11,13.31,3.67,-3.26,0.41
2015-04-12,14.4,0.28,-4.33,-2.26
2015-04-13,18.25,7.84,-4.14,1.79
2015-04-14,9.38,4.07,-3.27,0.5
2015-04-15,23.29,5.46,-4.22,-0.26
2015-04-16,24.91,9.93,-3.89,2.5
2015-04-17,24.97,12.08,0.41,5.62
2015-04-18,24.59,8.88,-4.31,2.23
2015-04-19,23.51,9.26,-4.3,2.74
2015-04-20,25.32,13.6,-0.41,6.55
2015-04-21,22.02,14.74,2.96,8.68
2015-04-22,17.76,8.28,-3.53,3.74
2015-04-23,14.68,7.09,-4.36,1.31
2015-04-24,15.01,5.08,-2.75,1.05
2015-04-25,16.45,5.81,-3.82,0.49
2015-04-26,15.71,7.24,-3.14,1.06
2015-04-27,26.42,11.38,-3.54,4.17
2015-04-28,26.56,16.44,2.1,9.35
2015-04-29,21.27,9.79,-1.74,4.91
2015-04-30,23.85,8.38,-4.02,2.75
2015-05-01,19.04,12.12,-0.84,6.14
2015-05-02,27.84,9.8,0.93,5.19
2015-05-03,28.82,12.02,-1.17,5.62
2015-05-04,28.49,14.02,-0.3,7.98
2015-05-05,22.66,10.59,-2.15,4.83
2015-05-06,20.58,10.86,-4.19,3.04
2015-05-07,25.97,12.35,-3.23,3.72
2015-05-08,17.18,7.73,-4.58,1.4
2015-05-09,28.87,11.73,-4.75,3.77
2015-05-10,22.88,13.16,0.61,6.4
2015-05-11,15.96,8.74,-1.72,3.18
2015-05-12,16.9,7.78,-2.66,2.53
2015-05-13,9.29,10.04,-0.63,4.02
2015-05-14,18.04,12.75,1.15,6.14
2015-05-15,17.08,11.9,3.82,6.92
2015-05-16,15.2,9.69,2.94,5.74
2015-05-17,20.65,9.4,-2.11,3.59
2015-05-18,27.39,12.4,-2.53,4.13
2015-05-19,27.34,12.11,-2.94,4.7
2015-05-20,29.67,14.85,-2.75,6.42
2015-05-21,27.21,17.67,1.56,9.53
2015-05-22,27.4,17.2,3.7,10.34
2015-05-23,25.98,15.25,1.81,8.96
2015-05-24,24.95,14.82,1.96,8.91
2015-05-25,14.73,13.39,2.14,8.54
2015-05-26,18.36,15.93,2.94,9.48
2015-05-27,16.72,15.14,5.22,9.53
2015-05-28,19.64,14.44,3.65,8.58
2015-05-29,24.27,17.12,3.02,10.26
2015-05-30,17.98,15.68,6.2,10.89
2015-05-31,23.42,18.72,6.62,12.79
2015-06-01,19.23,16.55,8.18,11.93
2015-06-02,8.57,13.2,5.44,9.04
2015-06-03,18.6,12.75,4.84,8.39
2015-06-04,21.27,15.17,4.16,10.52
2015-06-05,28.4,20.54,6.82,14.42
2015-06-06,28.34,21.19,9.76,15.7
2015-06-07,28.92,21.18,9.99,16.13
2015-06-08,31.31,23.5,10.02,17.34
2015-06-09,31.41,23.33,8.62,16.97
2015-06-10,28.46,21.91,7.92,16.37
2015-06-11,31.53,20.98,9.6,15.27
2015-06-12,27.71,15.67,2.87,10.71
2015-06-13,29.72,13.99,0.24,7.92
2015-06-14,25.24,14.39,2.19,8.1
2015-06-15,27.21,15.97,0.2,8.78
2015-06-16,27.52,19.63,2.71,12.59
2015-06-17,24.18,18.93,7.74,13.34
2015-06-18,21.15,19.3,6.61,12.73
2015-06-19,24.96,16.61,5.74,11.84
2015-06-20,29.66,15.32,3.32,10.19
2015-06-21,29.35,16.6,6.08,11.57
2015-06-22,26.02,18.11,5.83,12.56
2015-06-23,25.73,18.8,8.53,14.11
2015-06-24,24.46,20.55,8.56,15.22
2015-06-25,29.4,22.43,12.28,17.27
2015-06-26,31.32,24.95,12.73,19.64
2015-06-27,30.96,28.28,16.76,22.85
2015-06-28,29.42,28.55,14.52,22.19
2015-06-29,14.52,23.86,13.78,18.86
2015-06-30,29.89,24.38,12.11,18.71
2015-07-01,27.71,23.86,12.21,18.29
2015-07-02,28.18,24.18,10.35,17.97
2015-07-03,30.18,25.97,13.86,20.12
2015-07-04,28.38,26.52,10.06,19.82
2015-07-05,18.18,14.59,4.34,9.07
2015-07-06,27.37,21.4,3.79,14.31
2015-07-07,19.4,17.26,8.09,13.5
2015-07-08,29.89,24.08,6.85,17.18
2015-07-09,27.16,26.47,13.54,20
2015-07-10,22.52,28.06,13.63,20.54
2015-07-11,10.63,18.26,12.05,14.89
2015-07-12,20.38,21.28,9.26,15.11
2015-07-13,19.93,19.46,7.8,14.15
2015-07-14,20.15,19.04,6.84,13.98
2015-07-15,25.63,21.69,9.41,15.5
2015-07-16,18.54,16.36,3.63,10.85
2015-07-17,13.43,11.34,1.5,8.08
2015-07-18,26.25,20.52,7.39,13.62
2015-07-19,23.3,22.17,7.69,17.21
2015-07-20,22.39,24.77,11.63,18.67
2015-07-21,30.41,23.58,9.38,16.35
2015-07-22,29.85,21.19,9.04,14.67
2015-07-23,28.12,21.87,8.51,14.75
2015-07-24,26.91,22.36,6.73,15
2015-07-25,14.84,21.14,7.6,14.32
2015-07-26,17.27,17.63,8.55,12.31
2015-07-27,14.17,12.35,6.46,9.37
2015-07-28,20.23,18.68,5.65,11.69
2015-07-29,27.71,22.39,5.36,14.74
2015-07-30,29.28,26.43,11.5,19.5
2015-07-31,29.46,28.65,14.08,21.26
2015-08-01,28.85,29.45,12.44,20.94
2015-08-02,26.28,28.79,7.66,19.17
2015-08-03,18.17,31.48,13.38,22.27
2015-08-04,18.83,23.73,12.2,17.82
2015-08-05,26.48,21.11,9.44,15.36
2015-08-06,14.79,16.69,6.01,11.77
2015-08-07,26.47,22.7,4.72,14.31
2015-08-08,25.97,25.91,7.04,17.2
2015-08-09,18.73,26.29,10.74,18.39
2015-08-10,18.67,29.06,12.86,20.56
2015-08-11,25.27,29.34,11.38,20.79
2015-08-12,20.43,30.71,18.5,23.81
2015-08-13,21.73,30.72,15.2,23.28
2015-08-14,16.71,28.23,10.62,19.64
2015-08-15,9.98,18.3,6.82,11.77
2015-08-16,17.97,17.98,6.26,11.45
2015-08-17,22.35,19.1,6.83,12.77
2015-08-18,20.78,19.23,5.74,12.32
2015-08-19,25.41,24.68,6.32,15.51
2015-08-20,19.36,22.8,9.39,15.58
2015-08-21,12.38,17.75,2.05,10.8
2015-08-22,25.72,16.8,0.41,8.66
2015-08-23,23.95,23.31,4.82,14.11
2015-08-24,17.58,23.68,11.57,17.09
2015-08-25,18.17,25.42,9.74,17.85
2015-08-26,18.07,28.98,12.91,19.78
2015-08-27,13.71,24.52,11.2,17.4
2015-08-28,12.37,24.2,9.41,15.44
2015-08-29,8.69,21.98,9.59,14.87
2015-08-30,7.93,15.31,5.48,9.95
2015-08-31,12.09,15.04,4.48,9.02
2015-09-01,18.25,19.43,6.9,12.32
2015-09-02,9.65,14.37,5.98,10.19
2015-09-03,11.38,11.5,3.28,6.71
2015-09-04,13.17,10.59,1.44,6.3
2015-09-05,3.71,9.42,2.3,4.73
2015-09-06,10.78,9.4,0.38,4.19
2015-09-07,10.68,8.71,1.75,4.5
2015-09-08,6.89,13.64,2.55,8.54
2015-09-09,15.27,18.04,5.14,11.25
2015-09-10,20.7,21.41,6.33,13.3
2015-09-11,20.76,25.93,7.32,15.83
2015-09-12,20.21,25.07,7.46,15.41
2015-09-13,15.93,20.56,6.5,12.81
2015-09-14,8.01,13.85,2.01,8.85
2015-09-15,12.61,10.21,1.7,4.84
2015-09-16,9.85,8.67,-1.32,3.9
2015-09-17,14.13,12.15,-1.74,4.91
2015-09-18,7.88,11.77,3.47,6.78
2015-09-19,11.11,14.41,2.27,8.84
2015-09-20,8.48,18.14,6.69,12.21
2015-09-21,12.89,15.37,3.25,10.12
2015-09-22,16.28,18.19,1.55,9.36
2015-09-23,18.55,18.29,4.5,10.7
2015-09-24,16.1,21.4,4.83,12.04
2015-09-25,17.24,23.06,6.51,14.06
2015-09-26,9.21,16.79,2.6,10.39
2015-09-27,17.27,13.35,-0.91,6.27
2015-09-28,17.59,15.83,0.84,8.04
2015-09-29,17.31,17.71,0.89,9.06
2015-09-30,16.92,20.26,5.84,12.09
2015-10-01,6.58,16.17,4.83,9.59
2015-10-02,14.76,16.93,3.54,9.1
2015-10-03,12.84,5.49,-2.81,0.85
2015-10-04,15.14,11.99,-3.94,2.04
2015-10-05,15.74,16.52,-1.69,6.07
2015-10-06,13.26,17.16,2.77,9.21
2015-10-07,5.34,10.77,4.87,7.35
2015-10-08,8.79,13.66,4.8,7.87
2015-10-09,10.84,19.15,3.94,11.52
2015-10-10,9.23,18.41,7.48,12.45
2015-10-11,9.33,9.32,0.06,5.34
2015-10-12,10.06,14.49,-0.52,5.87
2015-10-13,7.3,12.85,0.93,5.88
2015-10-14,13.3,13.09,-1.45,5.51
2015-10-15,13.13,14.37,-2.06,4.41
2015-10-16,12.3,12.71,2.05,7.36
2015-10-17,12.54,21.47,5.38,12.66
2015-10-18,3.22,12.56,2.55,6.71
2015-10-19,4.46,9.51,5.34,6.93
2015-10-20,9.47,11.01,-0.86,4.96
2015-10-21,10.85,11.92,-1.65,3.64
2015-10-22,9.24,8.72,-1.53,2.78
2015-10-23,9.91,6.95,-2.95,1.03
2015-10-24,8.77,8.62,-3.47,1.69
2015-10-25,9.01,7.56,-4.06,0.89
2015-10-26,3.68,3.76,-2.82,0.52
2015-10-27,5.26,5.49,-3.22,0.16
2015-10-28,7.55,5.3,-3.61,-0.5
2015-10-29,3.38,2.39,-0.65,0.54
2015-10-30,2.21,4.08,1.16,3.12
2015-10-31,2.36,5.23,2.19,3.56
2015-11-01,3.31,4.97,0.15,1.81
2015-11-02,5.66,3.34,-1.83,0.23
2015-11-03,5.81,1.87,-3.85,-1.57
2015-11-04,6.89,1.56,-5.72,-2.9
2015-11-05,2.65,-1.44,-5.45,-3.73
2015-11-06,5.19,-0.84,-6.8,-4.07
2015-11-07,6.4,3.33,-3.36,-0.82
2015-11-08,2.73,3.24,-2.51,-0.12
2015-11-09,1.63,-1.11,-6.66,-3.32
2015-11-10,3.85,-1.02,-8.89,-4.96
2015-11-11,3.17,-0.85,-5.8,-3.66
2015-11-12,2.87,-2.59,-9.79,-5.54
2015-11-13,1.53,0.78,-3.1,-0.19
2015-11-14,2.17,1.96,-3.61,0.13
2015-11-15,6.48,3.55,-3.65,-0.63
2015-11-16,5.08,-2.08,-10.44,-5.67
2015-11-17,1.4,1.23,-6.63,-1.63
2015-11-18,5.85,-2.91,-16.34,-9
2015-11-19,4.37,-5.2,-15.2,-10.07
2015-11-20,7.12,-9.11,-19.12,-15.26
2015-11-21,6.1,-5.68,-12.57,-9.33
2015-11-22,5.91,-3.93,-10.4,-7.33
2015-11-23,5.12,-1.47,-8.55,-5.97
2015-11-24,1.56,-3.75,-14.15,-9.49
2015-11-25,7.22,-10.59,-19.22,-15.98
2015-11-26,6.75,-6.55,-19.87,-14.48
2015-11-27,5.37,-5.84,-17.29,-12.32
2015-11-28,5.19,-1.73,-13.03,-7.1
2015-11-29,4.93,-2.97,-12.18,-7.93
2015-11-30,4.5,-8.52,-16.69,-13.66
2015-12-01,3.98,-8.1,-14.93,-11.4
2015-12-02,1.75,-5.21,-10.06,-7.13
2015-12-03,1.83,-0.27,-7.07,-2.77
2015-12-04,2.8,-0.57,-3.56,-1.87
2015-12-05,4.9,-3.31,-7.25,-4.94
2015-12-06,1.16,-0.1,-8.53,-3.4
2015-12-07,1.21,-0.21,-2,-1.17
2015-12-08,1.08,1.29,-1.83,-0.14
2015-12-09,1.82,1.49,-3.43,-0.41
2015-12-10,0.9,-1.72,-6.69,-3.42
2015-12-11,2.91,-2.24,-8.36,-4.89
2015-12-12,2.43,-2.58,-9.18,-5.71
2015-12-13,2.03,-2.12,-8.6,-4.05
2015-12-14,3.61,-6.27,-15.79,-10.6
2015-12-15,2.58,-8.75,-17.57,-12.69
2015-12-16,3.16,-9.49,-19.03,-13.67
2015-12-17,2.75,-11.96,-20.25,-16.12
2015-12-18,2.26,-1.72,-12.14,-5.23
2015-12-19,2.32,-3.6,-10.33,-6.38
2015-12-20,2.75,-6.35,-10.05,-7.85
2015-12-21,2.53,-5.47,-9.43,-7.42
2015-12-22,2.31,-8.21,-13.24,-10.26
2015-12-23,2,-8.94,-15.24,-12.47
2015-12-24,2.02,-7.42,-16.14,-11.13
2015-12-25,2.08,-12.07,-19.47,-16.73
2015-12-26,3.41,-11.53,-20.13,-14.96
2015-12-27,2.82,-11.86,-14.7,-13.33
2015-12-28,2.27,-8.17,-15.92,-12.43
2015-12-29,3.29,-9.73,-15.48,-13.4
2015-12-30,2.71,-11.33,-18.3,-16.31
2015-12-31,2.99,-16.02,-23.6,-19.3
2016-01-01,3.31,-8.64,-22.51,-15.68
2016-01-02,4.45,-2.41,-12.62,-8.4
2016-01-03,2.97,-3.55,-13.05,-9.07
2016-01-04,3,1.3,-10.7,-3.32
2016-01-05,2.38,0,-8.53,-4.78
2016-01-06,2.97,-0.49,-10.8,-5.63
2016-01-07,2.49,-11.17,-17.08,-13.79
2016-01-08,2.61,-8.46,-17.43,-13.41
2016-01-09,3.14,-9.61,-16.75,-14.13
2016-01-10,2.31,-9.89,-15.72,-12.84
2016-01-11,3.21,-9.31,-14.07,-11.47
2016-01-12,2.56,-3.98,-10.17,-6.54
2016-01-13,1.29,-0.39,-4.42,-2.22
2016-01-14,2.07,-1.95,-12.61,-6.24
2016-01-15,3.31,-7.88,-13.84,-11.82
2016-01-16,2.31,-7.63,-13.53,-11.09
2016-01-17,2.95,-2.74,-12.27,-7.37
2016-01-18,3.78,-2.8,-7.67,-4.51
2016-01-19,2.53,-2.05,-8.65,-5.25
2016-01-20,2.5,-4.02,-9.37,-5.57
2016-01-21,2.86,-1.57,-9.55,-4.78
2016-01-22,1.69,0.18,-5.73,-2.05
2016-01-23,2.33,-0.12,-6.2,-2.7
2016-01-24,4.19,-3.32,-11.63,-5.79
2016-01-25,4.49,-5.52,-11.41,-7.53
2016-01-26,3.41,-1.8,-6.79,-3.94
2016-01-27,3.17,-0.35,-2.21,-1.25
2016-01-28,2.23,-0.65,-4.42,-2.21
2016-01-29,2.9,-2.12,-7.41,-4.61
2016-01-30,4.91,-4.48,-10.28,-6.84
2016-01-31,4.64,-7.58,-14.43,-11.47
2016-02-01,5.28,-8.36,-14.02,-11.65
2016-02-02,6.08,-7.92,-15.51,-12.03
2016-02-03,6.34,-10.26,-16.26,-13.01
2016-02-04,5.68,-4.72,-9.73,-7.28
2016-02-05,5.08,-2.52,-7.61,-4.52
2016-02-06,5.49,-2.3,-6.11,-4.01
2016-02-07,9.32,-5.51,-11.17,-7.23
2016-02-08,7.85,-2.53,-8.79,-5.97
2016-02-09,9.27,-0.66,-9.46,-5.39
2016-02-10,8.33,-0.67,-8.17,-3.4
2016-02-11,7.71,-0.72,-6.06,-2.81
2016-02-12,3.93,0.09,-4.85,-1.34
2016-02-13,4.42,0,-3.87,-2.08
2016-02-14,5.65,-0.84,-3.9,-2.41
2016-02-15,7.06,0.01,-1.98,-0.8
2016-02-16,6.07,0.09,-0.66,-0.06
2016-02-17,4.36,0.35,0.02,0.13
2016-02-18,3.98,-0.01,-3.35,-2
2016-02-19,5.23,-1.34,-4.29,-2.84
2016-02-20,5.9,-2.42,-9.12,-4.86
2016-02-21,11.22,-4.58,-11.71,-7.74
2016-02-22,7.49,-4.6,-12.73,-7.42
2016-02-23,11.8,-6.12,-13.36,-10.28
2016-02-24,11.35,-2.84,-12.82,-8.42
2016-02-25,13.19,-1.12,-11.56,-6.7
2016-02-26,12.49,0,-11.46,-5.44
2016-02-27,6.35,-0.01,-4.99,-1.56
2016-02-28,4.56,0.17,-3.95,-1.05
2016-02-29,7.11,-2.02,-6.48,-4.02
2016-03-01,4.24,-0.46,-9.07,-4.09
2016-03-02,7.35,-1.02,-5.61,-3.13
2016-03-03,6.67,0.01,-5.06,-1.93
2016-03-04,13.55,0.23,-6.96,-3.05
2016-03-05,3.68,0.52,-6.08,-1.1
2016-03-06,4.43,0.38,-2.36,-0.33
2016-03-07,9.36,0.14,-5.66,-2.61
2016-03-08,9.08,-1.69,-9.84,-4.78
2016-03-09,7.93,-1.14,-9.63,-5.13
2016-03-10,4.65,0.43,-3.7,-0.79
2016-03-11,14.38,1.16,-4.7,-1.03
2016-03-12,7.06,1.38,-3.32,-0.07
2016-03-13,9.02,-0.04,-4.87,-2.01
2016-03-14,9.13,-2.18,-4.39,-3.4
2016-03-15,9.53,-3.23,-6,-4.72
2016-03-16,11.37,-3.23,-9.42,-6.31
2016-03-17,12.39,-4.45,-11.27,-7.9
2016-03-18,16.92,-3.83,-16.34,-9.72
2016-03-19,18.63,0.5,-14.25,-6.81
2016-03-20,14.3,1.52,-7.02,-0.96
2016-03-21,11.86,0.79,-1.04,0.34
2016-03-22,8.47,-0.25,-6.6,-3.28
2016-03-23,9.99,0.47,-5.23,-2.06
2016-03-24,9.35,-0.24,-3.38,-1.52
2016-03-25,12.48,-0.81,-10.55,-4.32
2016-03-26,10.5,0.24,-11.63,-5.11
2016-03-27,6.27,0.35,-10.33,-4.32
2016-03-28,5.87,0.22,-7.54,-3.38
2016-03-29,15.86,0.61,-5.76,-2.51
2016-03-30,14.07,1.13,-6.9,-1.34
2016-03-31,13.06,0.83,-5.97,-0.84
2016-04-01,21.34,3.37,-6.39,-0.96
2016-04-02,15.73,1.69,-3.64,0.16
2016-04-03,18.5,5.12,-0.04,2.02
2016-04-04,6.2,1.27,-1.26,0.05
2016-04-05,12.98,0.68,-2.18,-0.69
2016-04-06,15.29,1.21,-2.19,-0.15
2016-04-07,22.84,2.53,-1.31,0.87
2016-04-08,22.6,4.21,0.15,2.47
2016-04-09,23.19,6.12,-4.73,2.44
2016-04-10,22.45,4.72,-4.41,-0.88
2016-04-11,22.29,10.42,-4.22,2.79
2016-04-12,10.99,8.31,-0.35,3.78
2016-04-13,12.14,4.73,-1.08,1.36
2016-04-14,9.54,2.49,-1.8,0.39
2016-04-15,16.82,4.36,-3.2,-0.5
2016-04-16,19.69,9.6,-3.62,3.58
2016-04-17,24.83,15.05,-1.66,7
2016-04-18,26.16,15.04,-1.74,6.46
2016-04-19,25.44,16.41,0.69,9.17
2016-04-20,24.88,15.54,1.78,8.46
2016-04-21,21.53,19.09,1.63,11.72
2016-04-22,16.24,16.18,3.2,8.6
2016-04-23,12.93,12.21,0.6,5.35
2016-04-24,10.46,9.11,0.49,3.64
2016-04-25,13.28,9.33,-1.14,3.29
2016-04-26,15.17,10.12,-2.51,3
2016-04-27,19.58,8.45,-3.48,2.09
2016-04-28,13.52,2.56,-3.07,-0.32
2016-04-29,9.15,8.75,-3.55,2.72
2016-04-30,18.26,9.46,-1.08,3.73
2016-05-01,27.86,15.47,-1.39,6.75
2016-05-02,28.07,17.83,2.98,10.75
2016-05-03,27.55,18.31,6.72,12.91
2016-05-04,21.17,18.38,8.87,13.64
2016-05-05,19.5,14.86,5.44,10.22
2016-05-06,20.2,13.28,1.45,6.84
2016-05-07,28.09,19.77,0.78,10.59
2016-05-08,23.39,16.57,3.96,10.39
2016-05-09,12.4,4.08,-1.92,0.85
2016-05-10,17.88,6.31,-2.53,1.99
2016-05-11,16.37,9.37,-0.88,4.42
2016-05-12,16.94,9.7,-2.73,3.6
2016-05-13,21.69,8.4,-3.08,1.68
2016-05-14,26.87,8.48,-4.01,2.55
2016-05-15,20.59,10.15,-2.11,4.37
2016-05-16,17.17,13.71,-0.12,7.01
2016-05-17,25.85,17.28,3.42,10.67
2016-05-18,22.01,15.9,7.46,11.17
2016-05-19,13.2,11.64,0.37,6.39
2016-05-20,12.77,8.02,-1.47,4.1
2016-05-21,12.4,11.34,1.51,5.27
2016-05-22,6.49,2.05,1.12,1.66
2016-05-23,9.51,3.91,1.06,2.16
2016-05-24,20.98,11.93,1.14,5.89
2016-05-25,21.4,13.26,-0.12,7.01
2016-05-26,19.21,13.87,4.87,8.87
2016-05-27,16.6,8,-1.34,4.29
2016-05-28,20.49,9.24,-1.54,4.16
2016-05-29,21.81,12.92,-0.78,6.88
2016-05-30,25.92,11.27,1.89,6.62
2016-05-31,26.14,15.48,-0.78,8.45
2016-06-01,26.19,16.77,4.6,10.72
2016-06-02,11.33,13.65,7.01,9.89
2016-06-03,30.32,16.05,5.35,10.38
2016-06-04,31.01,21.48,6.65,15.28
2016-06-05,30.97,24.16,10.48,17.14
2016-06-06,30.6,24.45,8.34,17.61
2016-06-07,28.93,24.64,12.09,18.11
2016-06-08,17.47,19.9,9.45,15.13
2016-06-09,25.22,15.57,7.25,11.37
2016-06-10,15.99,16.08,5.76,11
2016-06-11,20.54,11.36,2.53,6.98
2016-06-12,26.97,14.06,1.08,7.73
2016-06-13,22.07,15.83,3.07,9.52
2016-06-14,14.99,7.33,0.96,4.78
2016-06-15,22.55,11.38,-0.98,5.7
2016-06-16,16.39,8.24,0.9,4.46
2016-06-17,24.88,12.91,-0.36,6.75
2016-06-18,11.85,17.42,2.87,9.46
2016-06-19,21.7,13.24,2.03,7.25
2016-06-20,30.96,21.5,5.78,14.47
2016-06-21,15.29,13.88,6.05,9.89
2016-06-22,27.42,18.03,5.45,12.68
2016-06-23,20.95,19.74,6.21,13.46
2016-06-24,8.81,11.23,1.75,7.09
2016-06-25,16.94,12.55,1.79,7.38
2016-06-26,27.6,18.07,4.79,12.46
2016-06-27,31.68,22.75,5.98,15.75
2016-06-28,30.84,23.12,10.63,16.89
2016-06-29,28.78,23.72,8.16,16.47
2016-06-30,29.44,23.3,9.48,17.44
2016-07-01,30.72,22.34,11.56,16.76
2016-07-02,20.07,19.01,9.2,14.11
2016-07-03,28.43,19.3,9.15,14.17
2016-07-04,23.73,14.12,4.52,10.12
2016-07-05,20.28,14.84,3.39,9.98
2016-07-06,17.49,11.84,6.08,8.3
2016-07-07,21.05,17.42,4.88,10.9
2016-07-08,10.8,14.38,6.86,10.39
2016-07-09,15.08,15.48,5.23,10.41
2016-07-10,23.11,15.51,4.91,10.18
2016-07-11,17.22,13.55,4.44,9.31
2016-07-12,18.86,15.13,4.11,10.04
2016-07-13,20.42,15.88,4.44,10.2
2016-07-14,27.83,18.93,6.46,12.97
2016-07-15,28.75,19.06,6.08,12.71
2016-07-16,14.53,13.39,6.06,9.41
2016-07-17,25.18,18.58,5.02,11.92
2016-07-18,27.23,23.59,6.58,15.18
2016-07-19,26.61,20.11,7.77,13.72
2016-07-20,29.6,18.66,6.28,12.94
2016-07-21,30.32,21.27,7.62,15.86
2016-07-22,18.94,22.3,8.47,14.89
2016-07-23,22.75,17.55,7.44,11.86
2016-07-24,28.46,20.96,6.18,13.91
2016-07-25,28.23,23.55,10.49,17.28
2016-07-26,24.38,26.25,11.48,18.63
2016-07-27,24.19,21.75,10.21,15.86
2016-07-28,26.86,22.45,9.7,17.14
2016-07-29,24.9,24.95,11.53,18.59
2016-07-30,27.11,24.32,10.33,17.59
2016-07-31,27.59,19.18,8.34,13.27
2016-08-01,28.79,19.49,6.52,13.89
2016-08-02,25.83,25.07,7.84,16.68
2016-08-03,8.84,13.99,5.63,9.75
2016-08-04,26.14,20.93,4.99,13.7
2016-08-05,26.3,24.94,6.21,16.21
2016-08-06,15.86,21.16,10.13,14.97
2016-08-07,15.65,21.58,8.86,14.61
2016-08-08,21.26,20.14,7.09,14.13
2016-08-09,14.95,16.32,7.23,11.17
2016-08-10,6.7,9.66,5.91,7.7
2016-08-11,18.42,17.93,7.7,12.43
2016-08-12,22.73,19.63,9.52,14.45
2016-08-13,22.62,22.22,9.2,16.08
2016-08-14,22.59,22.61,11.93,17.14
2016-08-15,24.47,25.49,10.12,17.63
2016-08-16,25.27,26.23,11.28,19.52
2016-08-17,22.91,25.36,10.99,17.77
2016-08-18,18.51,13.63,4.74,9.67
2016-08-19,25.96,19.11,4.45,11.53
2016-08-20,25.15,20.98,7.75,14.67
2016-08-21,25.58,24.2,8.15,16.23
2016-08-22,20.51,15.09,7.51,11.72
2016-08-23,16.65,15.22,3.51,9.69
2016-08-24,16.29,15.8,4.71,9.66
2016-08-25,18.3,17.04,5.17,10.18
2016-08-26,20.77,17.87,4.41,11.42
2016-08-27,14.81,19.44,9.27,14.31
2016-08-28,21.73,19.79,6.1,13.55
2016-08-29,20.92,25.97,8.66,16.68
2016-08-30,15.49,29.11,10.32,19.21
2016-08-31,13.56,21.11,11.74,15.85
2016-09-01,18.57,20.84,7.61,13.79
2016-09-02,9.77,12.72,5.06,8.56
2016-09-03,13.88,13.23,4.05,7.71
2016-09-04,13.97,8.62,0.27,4.37
2016-09-05,13.36,11.54,1.44,5.41
2016-09-06,6.79,11.61,1.28,6.14
2016-09-07,9.4,10.59,4.31,6.94
2016-09-08,12.59,11.43,0.79,6.63
2016-09-09,19.87,14.3,1.09,6.83
2016-09-10,16.95,17.51,3.2,10
2016-09-11,8.51,12.09,-0.28,5.86
2016-09-12,12.36,7.88,-3.52,1.62
2016-09-13,20.4,15.02,-3.81,5.83
2016-09-14,20.56,17.93,1.7,9.88
2016-09-15,19.83,18.48,3.91,11.09
2016-09-16,18.72,19.46,4.81,11.22
2016-09-17,4.11,12.06,7.35,9.5
2016-09-18,12.69,11.59,2.94,7.13
2016-09-19,9.79,11.71,-0.17,5.59
2016-09-20,14.44,11.73,2.07,6.1
2016-09-21,8.73,9.96,1.59,5.17
2016-09-22,5.96,8.57,3.09,5.13
2016-09-23,9.07,12.25,1.89,6.13
2016-09-24,13,11.15,-0.7,4.97
2016-09-25,9.25,13.47,-2,5.45
2016-09-26,16.78,17.8,2.45,9.01
2016-09-27,16.3,20.43,5.09,12.14
2016-09-28,16.1,20.41,3.12,9.82
2016-09-29,11.65,23.43,5.08,13.17
2016-09-30,13.68,19.01,6.56,12.6
2016-10-01,7.22,10.81,-0.79,6.36
2016-10-02,16.17,13.72,-1.74,5.1
2016-10-03,11.96,10.21,-0.13,4.39
2016-10-04,7.45,6.36,-0.1,3.07
2016-10-05,6.83,5.68,-2.33,0.91
2016-10-06,7.25,6.58,-2.68,0.88
2016-10-07,3.38,3.47,-2.34,1.17
2016-10-08,3.49,8.55,-0.19,4.39
2016-10-09,4.96,8.81,-1.36,5.43
2016-10-10,5.44,-2.11,-9.09,-5.2
2016-10-11,8.63,-2.22,-12.2,-7.46
2016-10-12,12.45,0.56,-12.46,-6.11
2016-10-13,2.98,2.38,-8.62,-1.49
2016-10-14,5.19,5.18,1.54,3.02
2016-10-15,5.09,7.65,0.77,3.01
2016-10-16,5.37,5.82,-0.55,2.09
2016-10-17,3.62,2.24,-0.75,0.72
2016-10-18,4.78,3.4,-0.62,0.95
2016-10-19,5.79,3.42,-3.43,-0.07
2016-10-20,1.42,3.99,-1.61,1.27
2016-10-21,5.25,4.39,0.73,2.42
2016-10-22,6.45,4.97,-1.56,1.76
2016-10-23,8.42,8.75,-2.85,2.41
2016-10-24,5.18,10.88,1.61,4.89
2016-10-25,6.28,5.93,-0.75,2.84
2016-10-26,2.13,5.38,-0.4,3.46
2016-10-27,2.41,9.26,3.35,5.56
2016-10-28,5.52,5.87,-1.68,2.31
2016-10-29,7.47,6.7,-2.6,1.07
2016-10-30,4.88,7.3,0.33,2.9
2016-10-31,2.39,0.23,-1.47,-0.3
2016-11-01,3.39,0.71,-1.2,-0.08
2016-11-02,4.48,2.31,-0.96,0.39
2016-11-03,9.05,6.64,-2.79,1.38
2016-11-04,9.03,8.24,-0.76,3.04
2016-11-05,8.61,9.67,-1.33,2.65
2016-11-06,4.13,3.92,-0.23,1.64
2016-11-07,5.58,4.94,-1.6,0.48
2016-11-08,8.16,10.09,-0.41,3.79
2016-11-09,8.05,12.17,1.03,4.88
2016-11-10,7.63,10.45,1.17,4.17
2016-11-11,6.91,10,0.38,3.87
2016-11-12,2.45,7.02,0.36,3.7
2016-11-13,4.98,3.44,0.4,1.64
2016-11-14,2.51,3.1,0.93,1.8
2016-11-15,2.19,4.3,-0.88,1.38
2016-11-16,3.18,-1.15,-7.25,-3.32
2016-11-17,3.42,-2.24,-7.62,-5.81
2016-11-18,4.75,-0.99,-7.21,-4.85
2016-11-19,1.72,-0.52,-5.51,-3.2
2016-11-20,3.82,1.61,-4.89,-1.58
2016-11-21,3.7,0.15,-3.33,-1.04
2016-11-22,4.09,-0.46,-8.6,-4.78
2016-11-23,1.88,-1.63,-8.5,-4.4
2016-11-24,3.8,-2.39,-9.99,-5.39
2016-11-25,1.5,0.01,-8.04,-3.55
2016-11-26,5.61,0.68,-9.43,-5.65
2016-11-27,3.83,-0.89,-7.59,-3.46
2016-11-28,3.77,-3.14,-10.53,-7.04
2016-11-29,4.18,-4.79,-13.65,-10.11
2016-11-30,1.85,-5.5,-13.65,-8.7
2016-12-01,2.01,-3.95,-12.1,-7.27
2016-12-02,1.44,-5.11,-12.12,-7.52
2016-12-03,2.68,-2.96,-5,-4.22
2016-12-04,2.73,-3.33,-11.78,-6.05
2016-12-05,3.69,-12.57,-23.7,-15.53
2016-12-06,5.02,-20.25,-29.61,-24.04
2016-12-07,4.42,-20.59,-31.81,-27.27
2016-12-08,4.72,-19.38,-33.08,-26.52
2016-12-09,2.65,-15.52,-26.55,-21.39
2016-12-10,2.86,-11.06,-16.11,-13.89
2016-12-11,1.54,-10.49,-16.06,-12.59
2016-12-12,3.48,-12.45,-22.6,-16.84
2016-12-13,4.2,-17.32,-25.11,-22.72
2016-12-14,3.71,-14.58,-24.79,-19.91
2016-12-15,3.02,-16.35,-25.22,-19.67
2016-12-16,4.17,-22.71,-32.88,-26.37
2016-12-17,2.66,-21.11,-35.06,-26.86
2016-12-18,2.43,-13.13,-21.03,-16.33
2016-12-19,1.33,-6.18,-13.19,-9.9
2016-12-20,1.83,-2.33,-5.92,-4.85
2016-12-21,3.4,-5.08,-12.17,-7.21
2016-12-22,3,-8.58,-19.58,-14.21
2016-12-23,0.93,-4.22,-17.07,-9.25
2016-12-24,1.45,-9.49,-17.51,-12.19
2016-12-25,3.82,-16.18,-22.84,-19.62
2016-12-26,2.21,-8.39,-20.46,-12.6
2016-12-27,1.35,-5.91,-10.51,-7.96
2016-12-28,3.8,-6.59,-9.32,-8.42
2016-12-29,1.28,-6.23,-10.97,-8.68
2016-12-30,4.53,-6.12,-11.88,-8.31
2016-12-31,3.42,-9.65,-14.12,-11.74
2017-01-01,1.86,-12.41,-18.93,-16.32
2017-01-02,5.04,-18.1,-22.08,-20.03
2017-01-03,4.61,-19.09,-30.5,-24.74
2017-01-04,6.05,-14.09,-30.35,-21.47
2017-01-05,5.07,-18.88,-26.09,-22.56
2017-01-06,4.46,-13.76,-23.88,-19.54
2017-01-07,5.21,-9.92,-20.72,-15.93
2017-01-08,3.13,-8.73,-18.09,-12.94
2017-01-09,2.01,-5.58,-10.75,-7.92
2017-01-10,3.85,-10.76,-27.05,-16.15
2017-01-11,6.82,-15.25,-31.86,-24.79
2017-01-12,5.83,-17.11,-26.67,-20.58
2017-01-13,4.91,-14.07,-18.6,-16.84
2017-01-14,4.74,-12.77,-20.12,-16.69
2017-01-15,5.71,-11.73,-19.52,-16.39
2017-01-16,5.39,-10.78,-20.03,-14.97
2017-01-17,3.62,-5.59,-12.77,-8.59
2017-01-18,1.93,-1.42,-6.54,-3.34
2017-01-19,3.27,-0.83,-3.95,-2.15
2017-01-20,5.89,-2.79,-11.77,-6.71
2017-01-21,3.5,-3.54,-11.66,-7.86
2017-01-22,5.46,-2.75,-11.13,-7.74
2017-01-23,4.99,-7.49,-16.18,-11.74
2017-01-24,4.78,-8.12,-16.75,-13.41
2017-01-25,5.53,-7.51,-15.94,-12.55
2017-01-26,5.52,-8.05,-16.3,-11.98
2017-01-27,4.25,-8.05,-12.01,-10.25
2017-01-28,4.79,-5.71,-10.33,-8.2
2017-01-29,7.25,-4.78,-13.93,-8.42
2017-01-30,6.31,-6.14,-10.36,-8.62
2017-01-31,8.03,-10.18,-22.17,-15.52
2017-02-01,8.79,-13.47,-24.24,-19.63
2017-02-02,9.92,-15.04,-24.32,-20.63
2017-02-03,5.14,-4.4,-23.01,-13.26
2017-02-04,4.06,-3.43,-18.37,-12.54
2017-02-05,3.47,-1.55,-17.31,-5.41
2017-02-06,5.21,-3.29,-19.78,-12.05
2017-02-07,6.27,-15.33,-25.09,-18.96
2017-02-08,3.78,-8.51,-21.54,-13.89
2017-02-09,3.87,0.11,-6.57,-1.22
2017-02-10,5.91,0.02,-5.11,-2.55
2017-02-11,7.93,-5.08,-8.6,-6.57
2017-02-12,9.91,-5.57,-9.52,-7.54
2017-02-13,10.42,-3.14,-15.44,-8.98
2017-02-14,11.41,0.05,-10.38,-6.85
2017-02-15,4.84,-0.87,-10.63,-4.31
2017-02-16,3.46,0.22,-1.02,-0.1
2017-02-17,7.94,-0.99,-9.23,-2.75
2017-02-18,4.83,0.1,-8.7,-2.7
2017-02-19,7.15,-0.18,-4.52,-2.63
2017-02-20,4.23,-0.53,-5.78,-2.68
2017-02-21,4.44,-1.26,-6.67,-3.67
2017-02-22,9.39,-4.7,-11.79,-7.9
2017-02-23,10.01,-6.8,-14.62,-11.07
2017-02-24,11.71,-9.61,-18.7,-14.04
2017-02-25,10.59,-9.23,-18.52,-11.92
2017-02-26,10.16,-9.22,-15.84,-12.27
2017-02-27,11.17,-9.02,-17.71,-13.41
2017-02-28,9.44,-8.23,-13.7,-11.15
2017-03-01,9.24,-3.12,-13.16,-6.41
2017-03-02,7.06,-2.79,-8.88,-4.91
2017-03-03,5.26,-1.01,-4.48,-2.8
2017-03-04,7.16,-0.96,-6.68,-3.45
2017-03-05,5.56,-4.55,-13.82,-8.32
2017-03-06,9.79,-6.79,-15.63,-10.29
2017-03-07,10,-7.4,-11.13,-9.33
2017-03-08,10.51,-5.26,-12.2,-7.2
2017-03-09,9.19,-10.36,-19.74,-14.56
2017-03-10,7.56,-0.15,-13.51,-5.15
2017-03-11,8.98,-0.34,-7.38,-2.71
2017-03-12,9.13,-0.87,-5.26,-2.36
2017-03-13,4.42,-0.01,-2.29,-0.92
2017-03-14,4.07,0.25,-0.24,0.1
2017-03-15,4.6,0.33,0.12,0.25
2017-03-16,11.76,0.1,-9.05,-2.4
2017-03-17,9.41,0.18,-10.81,-3.69
2017-03-18,9.02,0.65,-1.85,0.23
2017-03-19,18.19,-2.53,-8.56,-5.03
2017-03-20,17.91,-1.1,-13.38,-6.76
2017-03-21,14.41,0.32,-7.64,-2.36
2017-03-22,11.31,0.32,-0.23,0.11
2017-03-23,12.04,-0.37,-8.41,-2.55
2017-03-24,8.26,0.44,-8.51,-2.44
2017-03-25,14.66,0.21,-5.63,-1.99
2017-03-26,15.58,0.09,-8.36,-3.19
2017-03-27,13.73,0.19,-2.82,-0.96
2017-03-28,7.69,-0.21,-3.45,-1.81
2017-03-29,6.82,0.3,-1.84,-0.42
2017-03-30,13.63,0.21,-3.28,-0.63
2017-03-31,19.15,0.72,-7.11,-1.5
2017-04-01,9.18,0.72,-7.27,-1.49
2017-04-02,14.18,0.37,-4.9,-1.23
2017-04-03,14.44,-2.76,-9.47,-5.57
2017-04-04,20.19,0.58,-12.23,-5.27
2017-04-05,14.35,1.5,-9,-1.68
2017-04-06,7.76,1.56,-0.07,0.82
2017-04-07,9.77,1.16,-1.1,0.57
2017-04-08,12.71,0.88,-6.25,-1.38
2017-04-09,10.72,-1.09,-9.7,-3.73
2017-04-10,10.98,0.35,-10.48,-4.1
2017-04-11,19,0.73,-4.76,-2.3
2017-04-12,7.92,0.56,-3.79,-0.53
2017-04-13,8.87,0.83,-1.72,0.06
2017-04-14,14.13,0.57,-2.7,-1.13
2017-04-15,14.54,-0.69,-6.31,-2.98
2017-04-16,23.88,0.71,-8.35,-3.14
2017-04-17,7.48,0.92,-3.6,-0.87
2017-04-18,11.42,1.97,-1.11,0.41
2017-04-19,19.4,3.51,-1.5,1.17
2017-04-20,11.15,3.59,-2.46,0.66
2017-04-21,14.28,2.2,-3.69,-0.4
2017-04-22,21.47,5.2,-5.38,1.28
2017-04-23,13.61,3.35,0.03,1.47
2017-04-24,15.09,2.49,-0.3,1.05
2017-04-25,13.88,2.42,-0.82,0.55
2017-04-26,10.44,2.37,-1.43,0.43
2017-04-27,13.06,0.54,-3.02,-1.14
2017-04-28,14.01,2.6,-3.83,-0.25
2017-04-29,15.69,3.58,-3.19,0.48
2017-04-30,13.88,5.16,-2.02,1.35
2017-05-01,16.43,6.53,-2.92,1.34
2017-05-02,15.6,6.05,-2.36,1.31
2017-05-03,17.18,10.77,-2.36,4.86
2017-05-04,27.73,17.39,1.54,10.4
2017-05-05,13.96,18.66,7.05,11.82
2017-05-06,8.83,10.99,1.15,6.88
2017-05-07,13.9,5.45,-3.89,1.47
2017-05-08,24.88,10.57,-4.01,4.39
2017-05-09,21.78,14.52,2.64,8.61
2017-05-10,27.94,16.25,2.2,9.95
2017-05-11,20.78,19.69,6.04,13.06
2017-05-12,9.17,10.91,-0.14,6.12
2017-05-13,16.76,5.11,-1.82,1.43
2017-05-14,18.51,4.21,-2.58,0.27
2017-05-15,18.6,7.74,-3.24,2.88
2017-05-16,9.27,5.98,0.31,2.94
2017-05-17,11.97,2.67,-0.15,0.95
2017-05-18,15.62,11.21,-0.94,5.26
2017-05-19,20.73,12.14,2.5,7.14
2017-05-20,19.45,11.93,3.65,8.06
2017-05-21,28.58,15.93,3.09,10.17
2017-05-22,28.77,18.35,6.45,12.16
2017-05-23,29.15,19.02,6.34,13.3
2017-05-24,19.98,10.41,0.9,4.59
2017-05-25,21.07,11.14,0.76,6.22
2017-05-26,24.69,14.29,1.82,7.98
2017-05-27,30.15,17.47,2.45,10.85
2017-05-28,26.94,18.58,7.49,12.82
2017-05-29,26.37,20.64,6.06,13.63
2017-05-30,28.12,22.32,8.74,15.51
2017-05-31,23.03,20.22,8.54,14.17
2017-06-01,10.84,14.04,6.93,10.64
2017-06-02,19.26,14.6,4.99,9.5
2017-06-03,27.66,20.35,4.45,13.04
2017-06-04,15.22,16.91,6.51,12.45
2017-06-05,23.36,14.93,4.67,9.52
2017-06-06,24.93,19.36,1.87,11.84
2017-06-07,28.33,24.54,8.88,16.79
2017-06-08,14.8,21.22,7.38,13.75
2017-06-09,21.62,11.96,3.01,7.76
2017-06-10,19.76,8.51,0.93,5.12
2017-06-11,25.14,14.74,1.68,8.43
2017-06-12,29.98,20.19,2.63,12.42
2017-06-13,14.12,11.74,4.49,8.87
2017-06-14,25.03,12.42,3.36,7
2017-06-15,10.48,12.03,1.61,7.87
2017-06-16,11.36,13.28,5.74,8.9
2017-06-17,20.61,13.46,4.61,8.41
2017-06-18,11.67,14.78,3.78,9.69
2017-06-19,24.39,18.67,6.99,13.35
2017-06-20,18.14,19.31,9.37,14.49
2017-06-21,29.83,15.49,3.54,10.48
2017-06-22,29.27,14.52,2.6,9.44
2017-06-23,29.14,15.83,3.05,10.31
2017-06-24,30.33,18.77,4.13,11.99
2017-06-25,31.3,22.78,5.86,15.65
2017-06-26,22.4,23.07,11.63,16.8
2017-06-27,27.51,18.93,8.55,14.27
2017-06-28,24.6,17.2,5.59,11.36
2017-06-29,23.72,17.96,5.24,11.74
2017-06-30,28.74,20.38,7.1,14.7
2017-07-01,28.19,21.99,10.55,16.61
2017-07-02,29.09,22.85,12.2,17.53
2017-07-03,31.51,20.87,9.42,15.19
2017-07-04,28.78,20.07,9.8,14.86
2017-07-05,31.51,24.41,11.29,19.34
2017-07-06,30.47,26.72,15.7,21.2
2017-07-07,25.86,28.95,13.36,22.12
2017-07-08,30.9,25.53,15.95,20.57
2017-07-09,31.25,25.49,11.96,19.39
2017-07-10,19.93,20.47,10.02,15.29
2017-07-11,23.96,18.9,7.85,13.68
2017-07-12,30.28,21.99,7.23,15.94
2017-07-13,30.3,24.81,11.36,17.99
2017-07-14,30.56,26.66,11.37,20.1
2017-07-15,15.97,27.03,13.2,19.72
2017-07-16,31.11,17.79,6.61,13.62
2017-07-17,30.6,18.3,5.17,12.79
2017-07-18,30.33,21.19,6.65,14.65
2017-07-19,29.82,22.63,8.9,17.11
2017-07-20,28.06,22.44,8.17,16.54
2017-07-21,29.1,18.89,6.12,12.56
2017-07-22,29.2,22.69,7.83,15.73
2017-07-23,28.56,25.49,11.31,18.32
2017-07-24,30.01,22.27,9.41,16.02
2017-07-25,30.1,23.55,5.82,15.66
2017-07-26,29.34,26.42,9.11,18.79
2017-07-27,24,26.43,12.3,19.29
2017-07-28,29.12,26.08,10.07,18.64
2017-07-29,29.64,27.54,13.55,20.47
2017-07-30,29.56,27.75,11.02,19.4
2017-07-31,29.51,27.9,13.18,20.61
2017-08-01,26.94,26.12,9.3,17.34
2017-08-02,25.12,20.6,7.77,13.3
2017-08-03,26.89,26.91,6.4,17.64
2017-08-04,18.77,24.84,10.04,16.25
2017-08-05,19.38,21.03,8.06,13.9
2017-08-06,23.87,23.56,6.58,15.14
2017-08-07,19.3,26.08,9.41,17.72
2017-08-08,18.24,21.6,8.55,13.99
2017-08-09,18.94,25.88,7.35,16.47
2017-08-10,17.45,25.87,11.02,17.98
2017-08-11,18.37,24.78,10.44,17.21
2017-08-12,16.98,27.47,8.88,18.51
2017-08-13,6.29,19.61,9.46,13.51
2017-08-14,18.99,19.48,7.57,12.72
2017-08-15,25.02,20.8,6.66,14.06
2017-08-16,24.11,23.03,7.72,15.65
2017-08-17,22.99,23.42,7.51,15.41
2017-08-18,24.72,24.87,7.71,16.71
2017-08-19,21.18,20.09,6.83,13.33
2017-08-20,17.14,19.22,3.58,11.34
2017-08-21,23.75,23.15,7.54,16.22
2017-08-22,24.46,28.06,12.96,19.9
2017-08-23,21.8,27.39,11.84,19.15
2017-08-24,13.97,19.6,10.4,14.79
2017-08-25,23.88,21.82,7.05,13.63
2017-08-26,24.05,23.83,6.09,14.97
2017-08-27,23.94,27.64,9.87,18.62
2017-08-28,19.01,28.19,13.01,20.46
2017-08-29,17.3,29.63,14.32,21.59
2017-08-30,13.09,31.1,13.07,21.63
2017-08-31,21.75,22.72,9.27,15.66
2017-09-01,22.37,24.35,8.37,15.68
2017-09-02,22.36,26.9,10.28,17.69
2017-09-03,19.99,25.6,9.21,16.26
2017-09-04,20.55,19.82,4.76,11.24
2017-09-05,14.02,25.55,3.86,14.96
2017-09-06,9.51,27.47,12.56,18.35
2017-09-07,8.34,27.98,13.22,18.94
2017-09-08,8.49,25.31,11.99,17.9
2017-09-09,14.52,23.26,11.94,16.9
2017-09-10,17.11,20.39,7.96,13.75
2017-09-11,21.23,24.1,5.51,13.7
2017-09-12,19.74,23.51,7.75,14.62
2017-09-13,13.71,18.06,3.54,11.85
2017-09-14,6.75,4.22,0.62,2.33
2017-09-15,7.47,2.69,-0.49,0.97
2017-09-16,18.26,10.23,-2.01,2.95
2017-09-17,15.4,13.78,-0.26,6.87
2017-09-18,6.1,8.01,-0.74,3.98
2017-09-19,6.75,4.15,-1.73,1.29
2017-09-20,9.3,5.99,-0.77,1.75
2017-09-21,8.61,7.06,-2.4,1.68
2017-09-22,10.17,5.67,-3.2,0.04
2017-09-23,7.89,8.58,-2.33,2.16
2017-09-24,11.04,12.29,-3.01,4.09
2017-09-25,9.16,12.6,-0.84,5.64
2017-09-26,11.11,15.79,1.33,8.31
2017-09-27,14.75,17.94,4.81,10.72
2017-09-28,17.02,20.67,5.8,12.1
2017-09-29,16.7,19.33,3.7,11.09
2017-09-30,10.83,10.24,1.19,5.92
2017-10-01,7.59,7.52,-1.56,2.24
2017-10-02,3.64,-0.75,-5.6,-2.75
2017-10-03,16.17,5.31,-9.22,-1.92
2017-10-04,11.17,9.39,-2.57,1.64
2017-10-05,14.96,11.15,-1.75,2.91
2017-10-06,13.61,11.31,-2.04,4.84
2017-10-07,8.65,5.36,-3.73,1.97
2017-10-08,12.19,4.91,-4.28,-0.19
2017-10-09,13.81,7.81,-4.42,0.95
2017-10-10,9.11,10.03,-1.87,3.3
2017-10-11,7.41,3.8,-5.13,-0.67
2017-10-12,6.97,1.31,-4.27,-1.97
2017-10-13,6.25,0.26,-6.4,-2.61
2017-10-14,5.37,0.08,-6.56,-2.81
2017-10-15,10.75,4.77,-4.84,-0.44
2017-10-16,11.52,8.97,-2.34,2.76
2017-10-17,10.95,12.29,-0.4,5.32
2017-10-18,6.94,7.75,-1.09,3.44
2017-10-19,4.04,13.22,3.51,7.51
2017-10-20,3.29,3.65,-0.67,1.91
2017-10-21,3.48,2.24,-1.79,-0.31
2017-10-22,5.73,4.11,0.53,1.81
2017-10-23,10.31,5.11,-2.31,0.43
2017-10-24,9.86,7.64,-2.47,1.38
2017-10-25,7.35,7.16,-5.61,1.38
2017-10-26,10.71,3.31,-6.62,-2.78
2017-10-27,9.86,7.99,-3.14,0.84
2017-10-28,10.29,8.27,-2.64,1.16
2017-10-29,4.98,2.14,-5.25,-1.63
2017-10-30,9.69,2.81,-6.35,-3.26
2017-10-31,4.13,0.14,-6.44,-3.43
2017-11-01,2.85,-3.65,-10.12,-5.92
2017-11-02,1.25,-5.19,-10.5,-8.27
2017-11-03,3.82,-7.86,-12.97,-10.65
2017-11-04,2.65,-5.53,-13.38,-9.64
2017-11-05,3.61,-11.09,-16.87,-13.47
2017-11-06,6.37,-8.39,-17.79,-14
2017-11-07,3.91,-7.43,-16.23,-11.47
2017-11-08,2.4,-5.39,-11.47,-8.96
2017-11-09,1.76,0.01,-11.16,-4.56
2017-11-10,5.02,-1.13,-6.31,-3.12
2017-11-11,3.39,-1.92,-8.06,-5.51
2017-11-12,3.86,0.1,-6.73,-2.62
2017-11-13,1.86,0.17,-8.9,-3.68
2017-11-14,2.85,-1.96,-7.5,-3.64
2017-11-15,6.75,-0.86,-10.9,-6.52
2017-11-16,3.73,-1.56,-5.2,-3.22
2017-11-17,3.46,-3.36,-6.05,-4.71
2017-11-18,1.97,-3.97,-6.15,-5.01
2017-11-19,4.68,-2.5,-7.16,-4.72
2017-11-20,1.61,0.06,-8.92,-2.51
2017-11-21,3.64,0.18,-9.44,-3.81
2017-11-22,2.15,1.92,0.17,0.59
2017-11-23,1.45,5.26,-0.46,2.75
2017-11-24,3.07,0.4,-2.66,-1.32
2017-11-25,5.7,-0.03,-3.11,-1.93
2017-11-26,2.74,4.52,-1.55,1.77
2017-11-27,4.71,0.07,-4.33,-2.05
2017-11-28,3.28,-2,-4.51,-3.41
2017-11-29,3.27,-2.51,-5.39,-4.22
2017-11-30,2.5,-3.06,-5.5,-4.29
2017-12-01,2.05,-1.97,-4.8,-3.61
2017-12-02,2.52,-2.48,-5.97,-4.15
2017-12-03,2.84,-1.52,-10.94,-6.15
2017-12-04,3.45,-8.07,-12.78,-10.27
2017-12-05,3.56,-6.45,-12.15,-9.38
2017-12-06,2.9,-6.04,-13.23,-10.65
2017-12-07,3.13,-4.99,-12.55,-8.82
2017-12-08,3.49,-5.71,-11.61,-8.99
2017-12-09,3.63,-5.95,-13.79,-10.51
2017-12-10,4.11,-5.97,-13.12,-10.48
2017-12-11,3.96,-3.2,-12.63,-9.24
2017-12-12,3.58,-6.56,-13.86,-10.52
2017-12-13,4.3,-4.24,-11.34,-8.55
2017-12-14,2.07,-6.03,-12.9,-8.92
2017-12-15,1.08,-6,-9.45,-7.66
2017-12-16,3.12,-8.64,-13.22,-11
2017-12-17,1.53,-4.86,-11.91,-8.03
2017-12-18,0.98,-1.18,-6.36,-2.89
2017-12-19,1.01,-6.49,-8.71,-7.45
2017-12-20,3.09,-8.77,-21.08,-14.68
2017-12-21,1.75,-10.56,-21,-14.73
2017-12-22,2.12,-13.2,-23.13,-17.45
2017-12-23,4.83,-17.14,-26.17,-22.51
2017-12-24,4.55,-17.93,-27.28,-23.17
2017-12-25,4.58,-17.39,-28.87,-22.21
2017-12-26,4.36,-17.95,-27.26,-21.74
2017-12-27,3.13,-13.56,-17.36,-15.15
2017-12-28,1.61,-10.48,-18.62,-14.37
2017-12-29,1.83,-19.41,-26.82,-23.7
2017-12-30,2.33,-17.49,-28.09,-23.46
2017-12-31,4.08,-13.87,-24.53,-19.05
2018-01-01,3.46,-13.55,-20.55,-17.84
2018-01-02,3.81,-10.75,-19.84,-15.96
2018-01-03,2.97,-5.62,-11.95,-9.21
2018-01-04,3.41,-3.38,-11.73,-8.43
2018-01-05,2.84,-1.17,-9.07,-4.03
2018-01-06,2.35,-1.61,-5.71,-3.15
2018-01-07,1.54,-3.26,-6.45,-5.04
2018-01-08,3.66,-0.67,-6.31,-3.57
2018-01-09,1.53,0.03,-6.34,-1.53
2018-01-10,2.42,-7.56,-22.92,-16.47
2018-01-11,1.95,-10.95,-18.39,-15.05
2018-01-12,1.88,-6.55,-17.59,-11.36
2018-01-13,3.34,-1.19,-6.05,-3.04
2018-01-14,4.22,-1.6,-10.57,-4.84
2018-01-15,4.64,-6.09,-14.65,-11.37
2018-01-16,3.44,-2.4,-8.98,-5.26
2018-01-17,3.57,-1.02,-7.09,-4.02
2018-01-18,2.33,0.03,-3.9,-1.26
2018-01-19,4.16,-4.05,-7.04,-5.3
2018-01-20,3.26,-3.97,-7.2,-5.84
2018-01-21,4.23,-4.89,-8.74,-7.29
2018-01-22,3.22,-4.26,-7.81,-5.69
2018-01-23,4.84,-4.72,-7.97,-6.45
2018-01-24,3.63,-0.54,-7.76,-3.48
2018-01-25,5.42,-2.32,-8.47,-5.2
2018-01-26,3.72,-5.48,-9.1,-6.77
2018-01-27,2.48,-2.84,-11.28,-6.62
2018-01-28,3.16,-1.43,-6.83,-4.69
2018-01-29,5.88,0.13,-1.76,-0.41
2018-01-30,5.72,-0.91,-6.08,-3.68
2018-01-31,5.3,-6.12,-15.87,-9.2
2018-02-01,3.7,-6.29,-16.58,-10.07
2018-02-02,2.24,-1.51,-6.38,-3.81
2018-02-03,4.89,-0.89,-21.71,-7.03
2018-02-04,2.53,-0.89,-20.07,-7.93
2018-02-05,4.47,-5.46,-16.17,-12.09
2018-02-06,4.94,-8.22,-16.65,-12.29
2018-02-07,3.26,-0.91,-7.38,-2.71
2018-02-08,4.51,-0.91,-21.92,-9.43
2018-02-09,7.2,-13.38,-24.49,-20.43
2018-02-10,7.87,-12.24,-24.72,-17.48
2018-02-11,8.36,-15.02,-24.81,-19.03
2018-02-12,11.66,-14.13,-31.25,-21.83
2018-02-13,8.42,-8.1,-19.62,-12.95
2018-02-14,5.63,-4.97,-17.23,-9.13
2018-02-15,7.87,-10.96,-20.56,-15.17
2018-02-16,4.23,-6.07,-11.53,-8.7
2018-02-17,3.23,-8.49,-17.01,-12.41
2018-02-18,7.41,-17.4,-24.72,-21.33
2018-02-19,11.77,-18.18,-29.53,-23.49
2018-02-20,9.64,-17.16,-28.27,-22.67
2018-02-21,11.53,-15.72,-25.57,-19.35
2018-02-22,11.23,-12.13,-22.41,-17.09
2018-02-23,9.76,-12.34,-25.24,-17.36
2018-02-24,9.93,-8.86,-14.03,-11.62
2018-02-25,2.52,-4.58,-11.3,-7.09
2018-02-26,8.84,-7.59,-11.82,-9.87
2018-02-27,6.7,-7.65,-11,-9.39
2018-02-28,7.15,-5.06,-10.96,-7.8
2018-03-01,4.64,-1.67,-10.87,-6.9
2018-03-02,3.54,-7.58,-13.11,-10.15
2018-03-03,13.23,-4.68,-16.74,-10.71
2018-03-04,10.03,-6.86,-19.72,-13.72
2018-03-05,7.63,-5.24,-15.14,-9.87
2018-03-06,6.86,-4.33,-13.07,-9.04
2018-03-07,15.25,-2.88,-12.06,-7.39
2018-03-08,4.86,-1.03,-5.72,-2.77
2018-03-09,7.4,-1.04,-10.18,-3.4
2018-03-10,16.09,-3.2,-13.16,-8.55
2018-03-11,15.06,-0.02,-10.17,-5.25
2018-03-12,17.33,0.38,-9.29,-4.81
2018-03-13,16.07,1.28,-8.45,-2.23
2018-03-14,6.48,2.44,-4.63,-0.75
2018-03-15,6.68,-0.91,-8.22,-3.72
2018-03-16,14.72,-0.06,-8.99,-4.11
2018-03-17,15.14,-0.83,-11.65,-5.13
2018-03-18,12.06,-2.06,-6.86,-4.31
2018-03-19,8.86,-1.88,-4.33,-3.17
2018-03-20,8.58,-2.04,-9.12,-5.58
2018-03-21,12.64,0,-9.08,-3.59
2018-03-22,6.73,0.11,-6.96,-1.8
2018-03-23,13.73,-1.96,-9.93,-5.19
2018-03-24,9.13,-2.35,-10.5,-5.99
2018-03-25,13.09,-2.66,-13.72,-6.87
2018-03-26,12.7,-3.34,-8.42,-5.22
2018-03-27,8.11,-0.92,-3.65,-1.92
2018-03-28,13.38,-2.22,-10.64,-5.16
2018-03-29,18.54,-2.22,-13.03,-6.56
2018-03-30,13.09,-0.22,-15.54,-4.77
2018-03-31,16.37,-7.78,-17.88,-13.26
2018-04-01,7.22,-3.28,-14.77,-7.49
2018-04-02,11.26,-9.77,-18.61,-12.41
2018-04-03,11.43,-4.2,-18.91,-9.1
2018-04-04,9.19,-1.94,-9.4,-5.7
2018-04-05,9.93,-5.37,-14.07,-9.63
2018-04-06,11.81,-6.6,-16.38,-11.8
2018-04-07,5.81,0.09,-12.92,-4.24
2018-04-08,12.52,0.15,-2.35,-1.16
2018-04-09,12.56,0.23,-4.32,-1.15
2018-04-10,7.97,0.58,-4.52,-0.97
2018-04-11,12.46,0.29,-7.46,-1.22
2018-04-12,5.03,-1,-5.86,-3.02
2018-04-13,9.86,-0.84,-7.04,-3.23
2018-04-14,14.32,0.35,-1.46,-0.11
2018-04-15,11.7,0.32,-1.84,-0.23
2018-04-16,9.87,0.2,-5.66,-1.33
2018-04-17,11.02,-0.73,-4.43,-2.61
2018-04-18,17.8,-0.33,-9.1,-3.51
2018-04-19,23.35,1.05,-6.17,-1.9
2018-04-20,23.08,1.01,-4.37,-1.13
2018-04-21,15.77,0.38,-3.67,-1.02
2018-04-22,21.06,0.41,-6.43,-2.24
2018-04-23,25.63,1.74,-9.28,-2.01
2018-04-24,26.7,1.65,-5.71,-0.62
2018-04-25,24.46,3.24,-1.17,1.21
2018-04-26,26.35,6.71,-0.89,3.24
2018-04-27,26.13,8.17,2.48,4.65
2018-04-28,15.64,7.2,-0.7,1.81
2018-04-29,13.35,1.07,-0.57,0.41
2018-04-30,13,1.1,-1.06,0.25
2018-05-01,14.85,1.05,-3.72,-0.08
2018-05-02,18.23,1.39,-4.41,-0.17
2018-05-03,23.03,2.12,0.03,1.09
2018-05-04,21.52,5.83,1.07,2.98
2018-05-05,17.54,8.18,1.86,4.96
2018-05-06,24.79,16.5,3.95,9.69
2018-05-07,17.62,13.53,4.35,8.55
2018-05-08,21.23,15.09,4.99,10.03
2018-05-09,8.19,11.78,3.88,7.57
2018-05-10,14.27,10.04,2.5,4.97
2018-05-11,13.34,6.49,-1.66,2.56
2018-05-12,29.05,13.62,-2.23,6.16
2018-05-13,24.45,16.44,1.74,10.03
2018-05-14,27.18,19.33,7.24,13.22
2018-05-15,28.11,20.71,8.01,14.97
2018-05-16,21.42,20.69,7.28,14.33
2018-05-17,7.39,10.01,3.63,7.41
2018-05-18,13.54,5,0.97,2.97
2018-05-19,18.49,11.28,0.49,5.46
2018-05-20,25.69,17.51,1.31,10.85
2018-05-21,23.02,14.84,6.83,11.61
2018-05-22,26.28,18.51,7.86,13.45
2018-05-23,23.49,18.52,6.12,12.71
2018-05-24,20.73,17.32,7.72,12.22
2018-05-25,26.23,19.81,5.64,13.86
2018-05-26,18.66,15.72,7.81,11.55
2018-05-27,29.82,19.56,6.4,13.12
2018-05-28,29.66,19.58,7.26,13.92
2018-05-29,27.45,17.01,5.42,11.37
2018-05-30,27.08,13.6,3.72,8.28
2018-05-31,9.07,11.06,1.23,5.03
2018-06-01,11.33,10.3,2.95,5.72
2018-06-02,26.35,14.27,0.22,8.32
2018-06-03,28.15,19.36,6.18,13.29
2018-06-04,21.87,14.33,1.9,10.01
2018-06-05,26.84,13.88,1.82,7.81
2018-06-06,28.33,17.3,1.32,11.04
2018-06-07,23.89,19.54,8.73,13.02
2018-06-08,28.08,19.45,7.05,13.74
2018-06-09,12.49,19.32,2.04,11.42
2018-06-10,15.53,6.29,0.52,3.01
2018-06-11,19.55,7.05,0.15,3.57
2018-06-12,28.16,12.4,0.69,6.32
2018-06-13,18.44,13.42,1.37,8.65
2018-06-14,19.74,10.35,2.6,6.87
2018-06-15,25.34,15.46,2.32,9.33
2018-06-16,10.58,10.09,5.05,7.12
2018-06-17,17.99,13.4,5.42,8.84
2018-06-18,8.72,13.63,5.45,9.2
2018-06-19,16.38,14.31,7.91,10.42
2018-06-20,27.87,18.58,6.84,13.4
2018-06-21,19.7,17.92,8.87,13.83
2018-06-22,20.78,17.49,8.43,12.89
2018-06-23,9.26,13.2,7.89,10.8
2018-06-24,23.44,19.97,8.23,14.28
2018-06-25,25.87,18.69,7.38,13.27
2018-06-26,26.31,13.03,2.94,8.42
2018-06-27,28.16,15.48,1.86,9.67
2018-06-28,10.58,13.06,6.7,9.83
2018-06-29,15.92,13.35,5.12,9.4
2018-06-30,14.59,14.47,6.56,9.69
2018-07-01,17.73,13.96,6.09,9.91
2018-07-02,18.03,11.07,2.5,7.25
2018-07-03,14.2,10.44,2.01,6.4
2018-07-04,28.24,18.29,4.82,11.52
2018-07-05,29.02,25.07,6.51,16.55
2018-07-06,24.87,23.93,11.98,18.43
2018-07-07,31.13,18.21,8.05,13.49
2018-07-08,31.57,20.4,8.08,15.23
2018-07-09,30.89,24.47,12.54,19.26
2018-07-10,20.73,18.76,7.69,14.54
2018-07-11,22.88,18.61,7.03,13.4
2018-07-12,30.33,21.41,9.27,15.53
2018-07-13,30.86,23.37,9.06,16.74
2018-07-14,29.22,20.55,8.71,14.69
2018-07-15,31.28,22.92,6.97,16.7
2018-07-16,30.94,26.51,13.08,19.19
2018-07-17,27.06,24.8,14.35,19.44
2018-07-18,29.64,23.03,11.25,17.39
2018-07-19,28.73,22.76,10.19,17.18
2018-07-20,31.06,19.74,7.38,13.85
2018-07-21,30.37,19.58,5.97,12.57
2018-07-22,30.03,20.37,7.8,14.55
2018-07-23,28.62,21.73,7.52,15.34
2018-07-24,28.19,22.45,5.95,14.7
2018-07-25,26.21,22.28,9.1,15.14
2018-07-26,19.51,20.87,8.32,13.99
2018-07-27,22.26,19.39,6.7,13.35
2018-07-28,21.84,20.51,6.91,14.59
2018-07-29,27.33,22.86,10.92,17.33
2018-07-30,27.91,27.13,12.99,19.66
2018-07-31,20.88,23.55,9.39,16.46
2018-08-01,26.77,26.24,10.59,18.51
2018-08-02,28.37,23.15,8.44,15.44
2018-08-03,24.51,19.29,6.69,12.86
2018-08-04,19.56,19.15,6.26,13.5
2018-08-05,20.53,20.26,5.75,14.02
2018-08-06,23.53,23.96,10.41,16.91
2018-08-07,26.17,25.71,10.15,18.39
2018-08-08,25.7,27.63,13.58,20.7
2018-08-09,23.6,31.01,17.07,23.92
2018-08-10,23.22,33.63,17.6,24.98
2018-08-11,17.34,28,13.26,21.36
2018-08-12,21.5,19.02,9.31,13.38
2018-08-13,23.25,21.01,4.73,13.21
2018-08-14,24.95,23.46,8.58,15.5
2018-08-15,22.78,25.63,10.95,18.28
2018-08-16,15.22,27.25,12.64,19.44
2018-08-17,13.66,25.3,12.59,18.2
2018-08-18,19.25,22.25,7.97,15.33
2018-08-19,15.69,22.28,5.77,13.4
2018-08-20,10.94,12.77,4.72,9
2018-08-21,23.09,22.03,3.54,12.32
2018-08-22,22.67,23.49,5.39,14.11
2018-08-23,16.2,23.16,7.09,14.87
2018-08-24,18.89,18.15,5.69,12.43
2018-08-25,15.04,16.01,2.93,9.88
2018-08-26,4.5,13.3,6.36,8.67
2018-08-27,12.63,11.34,1.81,6.17
2018-08-28,13.11,17.27,2.06,9.17
2018-08-29,20.8,20.05,3.29,12.7
2018-08-30,19.36,17.76,7.2,12.91
2018-08-31,18.41,17.75,4.94,11.07
2018-09-01,16.78,17.23,5.21,10.36
2018-09-02,20.11,18.16,3.78,10.45
2018-09-03,15.35,17.93,2.98,10.25
2018-09-04,21.32,17.62,1.13,8.62
2018-09-05,21.65,22.17,1.54,12.08
2018-09-06,20.46,25.36,8.6,17.19
2018-09-07,19.41,24.08,10.96,17.03
2018-09-08,18.93,19.03,8.29,13.42
2018-09-09,16.99,18.15,6.27,11.82
2018-09-10,10.48,17.08,5.39,10.95
2018-09-11,12.25,12.55,4.65,8.47
2018-09-12,9.8,12.48,2.04,6.81
2018-09-13,11.19,10.91,2.06,5.84
2018-09-14,16.06,14.58,0.61,6.77
2018-09-15,16.63,17.25,1.56,8.89
2018-09-16,9.34,11.33,2.61,6.6
2018-09-17,15.68,12.96,0.73,7.04
2018-09-18,18.8,15.2,0.48,7.47
2018-09-19,16.64,14.8,1.62,6.57
2018-09-20,11.84,12.71,1.52,6.07
2018-09-21,12.69,12.93,1.16,6.91
2018-09-22,6.82,14.12,3.7,8.26
2018-09-23,8.28,10.06,0.8,5.31
2018-09-24,12.46,10.03,1.22,4.62
2018-09-25,15.61,12.9,-1.72,4.75
2018-09-26,14.64,15.35,0.55,7.34
2018-09-27,12.55,8,-0.3,4.07
2018-09-28,11.87,11.34,-1.61,2.95
2018-09-29,4.9,1.42,-4.17,-1.11
2018-09-30,7.76,5.81,-4.86,-0.88
2018-10-01,7.46,10.71,-1.6,4.34
2018-10-02,4.39,4.99,0.31,2.73
2018-10-03,9.93,3.65,-7.9,-1.85
2018-10-04,7.38,2.75,-4.56,-1.28
2018-10-05,12.13,5.92,-5.74,0.02
2018-10-06,8.58,5.71,-0.31,1.94
2018-10-07,9.4,7.89,-1.79,2.46
2018-10-08,9.74,6.27,-1.66,1.32
2018-10-09,10.91,1.28,-2.68,-1.37
2018-10-10,9.98,3.46,-4.93,-1.49
2018-10-11,11.68,5.27,-4.92,-0.77
2018-10-12,9.43,8.04,-3.74,1.49
2018-10-13,9.18,1.19,-5.01,-2.72
2018-10-14,10.65,3.72,-7.68,-2.24
2018-10-15,12.78,7.25,-5.31,-0.4
2018-10-16,13.26,9.43,-2.07,2.64
2018-10-17,13.06,12.44,-0.64,4.15
2018-10-18,11.38,11.22,-1.99,3.45
2018-10-19,11.64,12.81,0.95,5.77
2018-10-20,12.38,14.59,-1.46,5.45
2018-10-21,12.19,14.86,-2.4,5.83
2018-10-22,11.72,16.36,-2.55,6.45
2018-10-23,10.76,15.84,3.23,8.56
2018-10-24,7.01,10.64,1.62,5.09
2018-10-25,6.53,6.76,0.89,3.18
2018-10-26,1.98,6.1,1.34,4.12
2018-10-27,9.51,6.04,-2.22,1.93
2018-10-28,2.96,4.36,-0.77,1.81
2018-10-29,3.79,2.59,-1.18,0.37
2018-10-30,5.74,2.74,-2.58,-0.82
2018-10-31,2.13,1.31,-2.61,-0.67
2018-11-01,3.82,2.69,-0.4,1.07
2018-11-02,2.3,5.07,0.4,3
2018-11-03,1.64,2.91,0.13,0.97
2018-11-04,3.52,2.12,-0.86,0.68
2018-11-05,2.75,0.43,-4.35,-1.98
2018-11-06,4.06,-0.58,-9.37,-5.25
2018-11-07,5.33,-5.13,-11.75,-8.67
2018-11-08,5.3,-2.92,-14.68,-9.62
2018-11-09,3.05,-3.98,-14.18,-7.77
2018-11-10,4.78,-2.57,-11.6,-8.01
2018-11-11,4.98,-3.96,-12.36,-8.75
2018-11-12,5.69,-3.11,-12.51,-9.03
2018-11-13,6.32,-1.96,-12.1,-7.31
2018-11-14,2.67,-0.85,-7.15,-3.82
2018-11-15,3.07,0.44,-3.23,-1.51
2018-11-16,4.56,-1.04,-18.36,-9.83
2018-11-17,7.28,-6.3,-19.76,-14.82
2018-11-18,6.15,-3.07,-14.83,-9.28
2018-11-19,6.91,-2.17,-13.34,-8.67
2018-11-20,6.8,0.19,-11.48,-7.22
2018-11-21,3.97,0.09,-10.9,-6.18
2018-11-22,2.07,0.53,-6.24,-1.82
2018-11-23,2.62,-1.06,-7.69,-3.23
2018-11-24,4.5,-3.02,-10.62,-7.75
2018-11-25,4.27,-3.12,-8.34,-6.37
2018-11-26,2.55,-2.64,-8.52,-5.35
2018-11-27,0.93,0.17,-2.54,-0.94
2018-11-28,2.51,-0.03,-3.51,-1.43
2018-11-29,2.48,-0.76,-7.28,-3.97
2018-11-30,2.52,-2.45,-7.96,-6
2018-12-01,2.75,-3.34,-8.75,-6.06
2018-12-02,2.48,-5.09,-12.85,-9.56
2018-12-03,1.93,-6.06,-14.14,-11.67
2018-12-04,3.02,-8.08,-14.05,-10.77
2018-12-05,3.99,-10.43,-20.47,-14.44
2018-12-06,3.82,-10.58,-21.72,-16.75
2018-12-07,3.55,-9.5,-23.2,-17.54
2018-12-08,2.94,-7.83,-15.96,-11.16
2018-12-09,3.15,-3.77,-11.32,-7.83
2018-12-10,2.12,-3.57,-8.09,-6.14
2018-12-11,1.66,-2.64,-8.36,-5.64
2018-12-12,2.89,-2.11,-7.34,-4.62
2018-12-13,1.09,-2.84,-6.76,-4.72
2018-12-14,3.82,-0.69,-9.59,-5.01
2018-12-15,2.74,-1.02,-8.18,-4.73
2018-12-16,1.89,-0.19,-8.59,-5.15
2018-12-17,2.85,-0.14,-2.75,-1.15
2018-12-18,0.95,-0.67,-2.41,-1.5
2018-12-19,2.77,-1.76,-4.99,-3.08
2018-12-20,2.41,-1.18,-5.52,-3.13
2018-12-21,2.18,-2.91,-10.95,-6.89
2018-12-22,4.17,-9.89,-15.55,-12.77
2018-12-23,2,-4.95,-14.96,-8.28
2018-12-24,2.84,-5.29,-12.58,-8.24
2018-12-25,3.17,-7.8,-14.68,-12.6
2018-12-26,2.9,-9.34,-15.34,-12.93
2018-12-27,3.18,-9.62,-17.8,-13.69
2018-12-28,2.44,-8.87,-20.03,-14
2018-12-29,1.34,-1.2,-8.68,-3.83
2018-12-30,2.94,-1.66,-18.78,-9.36
2018-12-31,4.26,-15.36,-24.79,-21.25
2019-01-01,2.36,-10.62,-20.44,-15.01
2019-01-02,1.8,-6.35,-12.04,-8.87
2019-01-03,1.33,-1.63,-7.56,-4.16
2019-01-04,2.2,-0.96,-4.98,-2.69
2019-01-05,3.37,0.2,-5.56,-3
2019-01-06,2.97,-1.87,-7.82,-4.06
2019-01-07,2.31,-5.39,-9.16,-7.24
2019-01-08,3.75,-5.34,-15.94,-10.79
2019-01-09,1.61,0.07,-4.58,-1.06
2019-01-10,3.02,-0.38,-5.28,-2.15
2019-01-11,4.07,-3.23,-9.48,-6.52
2019-01-12,3.84,-1.76,-11.52,-7.09
2019-01-13,4.26,-6.61,-13.61,-10.43
2019-01-14,4.36,-4.67,-11.94,-8.34
2019-01-15,4.59,-2.3,-13,-9.15
2019-01-16,4.07,-4.21,-13.53,-9.84
2019-01-17,2.57,-10.94,-13.68,-12.48
2019-01-18,2.67,-4.16,-12.57,-7.55
2019-01-19,2.53,-1.47,-4.77,-3.16
2019-01-20,2.59,-2.54,-7.68,-5.34
2019-01-21,6.04,-5.56,-13.43,-9.32
2019-01-22,1.89,-6.13,-11.5,-8.78
2019-01-23,4.3,-5.72,-18.77,-11.29
2019-01-24,4.74,-8.67,-19.65,-12.87
2019-01-25,4.29,-4.11,-9.88,-6.94
2019-01-26,5.97,-4.15,-8.02,-5.9
2019-01-27,6.89,-2.17,-12.29,-5.68
2019-01-28,7.81,-9.01,-17.96,-14.04
2019-01-29,8.81,-8.91,-18.98,-15.17
2019-01-30,6.61,-9.57,-18.26,-12.72
2019-01-31,4.18,-4.12,-11.37,-7.18
2019-02-01,2.67,-1.14,-6.6,-3.22
2019-02-02,5.85,-0.43,-21.82,-4.17
2019-02-03,3.74,-23.2,-28.79,-27.49
2019-02-04,6.31,-23.19,-30.56,-27.4
2019-02-05,6.85,-20.13,-27.64,-24.87
2019-02-06,8.15,-18.55,-26.29,-23.47
2019-02-07,7.05,-15.54,-28.8,-21.57
2019-02-08,5.96,-13.99,-27.43,-19.39
2019-02-09,6.82,-27.54,-31.69,-29.78
2019-02-10,6.95,-15.55,-30.64,-22.68
2019-02-11,8.74,-11.95,-19.47,-15.75
2019-02-12,5.62,-4.83,-16.34,-8.88
2019-02-13,8.37,-5.69,-17.17,-9.34
2019-02-14,8.33,-6.98,-21.57,-15.86
2019-02-15,5.99,-3.2,-19.51,-10.11
2019-02-16,5.15,-9.01,-21.18,-13.49
2019-02-17,8.04,-19.71,-24.38,-21.77
2019-02-18,11.39,-15.85,-29.43,-22.57
2019-02-19,6.84,-12.49,-22.52,-16.47
2019-02-20,10.03,-7.09,-18.09,-13.21
2019-02-21,12.97,-11.62,-20.78,-16.98
2019-02-22,8.32,-10.86,-20.97,-14.77
2019-02-23,6.24,-10.46,-23.52,-16.28
2019-02-24,9.76,-19.62,-25.53,-23.35
2019-02-25,6.88,-22.58,-27.68,-25.36
2019-02-26,10.87,-18.95,-28.42,-24.54
2019-02-27,8.15,-7.96,-22.11,-14.62
2019-02-28,5.45,-6.3,-17.66,-11.83
2019-03-01,5.67,-13.3,-26.57,-18.88
2019-03-02,13.65,-22,-31.71,-26.72
2019-03-03,16.2,-16.99,-38.11,-27.8
2019-03-04,16.17,-11.35,-31.55,-21.6
2019-03-05,14.54,-6.23,-24.85,-16.02
2019-03-06,7.82,-10.38,-17.29,-14.66
2019-03-07,8.53,-6.1,-12.35,-8.33
2019-03-08,9.98,-6.89,-13.81,-10.03
2019-03-09,10.82,-8.98,-17.26,-13.2
2019-03-10,16.27,-6.96,-17.9,-11.41
2019-03-11,14.88,-4.39,-14.22,-8.23
2019-03-12,4.94,-3.21,-8.2,-5.37
2019-03-13,7.07,-3.55,-11.88,-7.57
2019-03-14,11.04,-5.06,-12.7,-8.24
2019-03-15,12.97,-3.81,-10.98,-6.6
2019-03-16,13.07,-0.92,-10.44,-5.72
2019-03-17,18.16,-0.04,-8.31,-4.27
2019-03-18,18.58,-0.01,-7.82,-3.59
2019-03-19,18.63,0.92,-4.07,-0.7
2019-03-20,18.49,3.97,0.18,2.21
2019-03-21,18.44,3.33,-3.28,-0.12
2019-03-22,17.55,1.62,-3.75,-0.98
2019-03-23,14.94,0.29,-2.9,-0.26
2019-03-24,14.49,0.41,-4.91,-1.44
2019-03-25,16,0.68,-4.91,-2.07
2019-03-26,11.61,0.49,-6.72,-2.02
2019-03-27,17.78,0.56,-8.04,-3.1
2019-03-28,13.69,0.45,-5.78,-2.58
2019-03-29,13.35,0.65,-8.46,-3.32
2019-03-30,20.3,1.07,-7.66,-2.53
2019-03-31,11.95,0.7,-5.38,-1.63
2019-04-01,14.58,0.71,-4.67,-1.88
2019-04-02,19.91,1.01,-9.07,-3.36
2019-04-03,8.04,0.78,-6.93,-1.48
2019-04-04,16.89,1.09,0.1,0.52
2019-04-05,9.21,1.09,-1.19,0.41
2019-04-06,10.58,0.65,-1.41,-0.21
2019-04-07,7.18,0.61,-1.63,-0.12
2019-04-08,11.69,1.55,-1.22,0.54
2019-04-09,3.82,1.96,-0.81,0.41
2019-04-10,9.83,0.69,-2.4,-0.55
2019-04-11,13.82,0.37,-3.98,-1.56
2019-04-12,14.13,0.63,-7.78,-2.78
2019-04-13,6.69,0.63,-2.8,-0.87
2019-04-14,13.39,-0.68,-3.66,-1.86
2019-04-15,14.46,0.19,-4.99,-2.62
2019-04-16,16.41,0.93,-5.9,-1.41
2019-04-17,13.23,1.73,-3.84,0.05
2019-04-18,8.95,4.07,-4.01,1.08
2019-04-19,7.86,11.64,2.21,6.14
2019-04-20,9.85,5.74,-2.21,2.45
2019-04-21,20.84,11.24,-3.77,3.72
2019-04-22,21.32,11.35,-0.97,5.2
2019-04-23,11.09,9.59,2.46,5.83
2019-04-24,20,8.41,-1.91,3.78
2019-04-25,25.02,9.63,-4.11,3.43
2019-04-26,10.42,3.69,-0.8,1.55
2019-04-27,10.62,1.48,-4.44,-0.69
2019-04-28,17.04,-2.05,-7.86,-5.33
2019-04-29,26.35,1.29,-9.53,-4.13
2019-04-30,23.04,2.6,-10.57,-2.7
2019-05-01,14.5,1.99,-5.29,-1.28
2019-05-02,14.08,4.12,-1.78,0.54
2019-05-03,21.5,9.65,-2.17,3.55
2019-05-04,17.16,11.4,-3.39,4.12
2019-05-05,16.99,8.23,-3.64,0.76
2019-05-06,21.76,12.49,-3.78,4.65
2019-05-07,19.75,9.5,-1.54,4.27
2019-05-08,18.05,9.63,-2.84,3.29
2019-05-09,24.08,12.5,-2.92,4.84
2019-05-10,23.43,12.42,0.82,6.34
2019-05-11,26.65,17.55,2.69,10.01
2019-05-12,23.76,17.54,2.95,10.64
2019-05-13,25.02,16.31,5.43,10.73
2019-05-14,21.17,17.43,5.45,11.13
2019-05-15,23.44,14.02,4.39,8.46
2019-05-16,14.8,9.52,2.76,5.6
2019-05-17,5.89,5,-0.58,2.13
2019-05-18,11.96,2.67,-1.59,0.13
2019-05-19,15.73,4.18,-2.06,0.82
2019-05-20,10.06,7.25,-2,2.32
2019-05-21,17.36,10.85,-0.68,4.2
2019-05-22,20.71,10.41,-0.24,4.54
2019-05-23,24.97,15.45,1.67,8.74
2019-05-24,17.25,13.23,4.98,8.92
2019-05-25,14.42,13.16,3.82,7.34
2019-05-26,10.16,7.55,2.19,4.6
2019-05-27,18.95,12.81,3.05,6.45
2019-05-28,30.22,18.12,2.87,9.9
2019-05-29,27.27,19.97,2.86,12.12
2019-05-30,17.51,18.7,7.5,13.35
2019-05-31,20.96,17.33,5.51,11.68
2019-06-01,24.27,19.39,8.27,13.78
2019-06-02,29.06,21.44,7.92,14.72
2019-06-03,28.8,18.29,5.44,12.32
2019-06-04,31.81,16.06,4,9.76
2019-06-05,23.86,16.76,2.03,10.26
2019-06-06,9.47,12.2,3.04,7.26
2019-06-07,20.76,7.94,0.12,3.87
2019-06-08,14.56,6.85,-0.87,3.24
2019-06-09,25.4,11.89,1.74,6.48
2019-06-10,20.66,13.81,2.4,8.09
2019-06-11,31.25,18.32,4.09,12.79
2019-06-12,29.64,22.69,10.26,17.17
2019-06-13,25.9,21.67,10.37,16.02
2019-06-14,27.44,18.62,8.92,14.02
2019-06-15,20.97,18.16,8.3,13.29
2019-06-16,20.91,18.78,7.71,13.09
2019-06-17,19.74,15.15,8.17,11.42
2019-06-18,25.98,18.78,8.23,13.51
2019-06-19,22.51,12.96,3.01,9.33
2019-06-20,16.67,7.45,2.41,4.77
2019-06-21,12.49,10.93,2.66,6.27
2019-06-22,13.66,13.52,4.38,8.38
2019-06-23,15.3,13.73,6.46,9.48
2019-06-24,19.04,12.68,3.86,7.94
2019-06-25,25.89,15.3,3.3,10.5
2019-06-26,26.38,18.6,6.87,12.43
2019-06-27,14.24,14.08,4.75,9.8
2019-06-28,26.38,13.95,3.6,9.31
2019-06-29,28.09,16.17,3.6,10.58
2019-06-30,28.96,19.64,8.22,14.56
2019-07-01,28.3,19.25,6.77,14.03
2019-07-02,17.65,16.8,6.23,11.47
2019-07-03,18.16,15.21,7.08,10.89
2019-07-04,14.66,16.94,6.76,12
2019-07-05,24.22,18.05,7.13,11.98
2019-07-06,22.08,21.73,6.6,15.24
2019-07-07,22.5,18.31,7.77,12.98
2019-07-08,24.3,18.33,7.6,13.21
2019-07-09,25.68,19.56,8.36,14.49
2019-07-10,18.06,20.87,10.69,15.05
2019-07-11,18.72,20.26,9.4,15
2019-07-12,24.15,21.4,8.78,15.78
2019-07-13,23.14,23.48,11.09,17.68
2019-07-14,23.96,21.07,9.11,15.01
2019-07-15,18.6,20.42,8.41,13.93
2019-07-16,17.83,16.68,7.16,11.81
2019-07-17,9.61,15,5.39,10.5
2019-07-18,21.02,15.71,3.95,10.88
2019-07-19,22.08,12.35,2.02,8.01
2019-07-20,23.71,16.32,3.01,9.92
2019-07-21,30.34,19.97,3.07,12.04
2019-07-22,15.19,24.45,7.33,15.97
2019-07-23,25.97,29.28,13.64,21.11
2019-07-24,22.7,16.25,7.88,13.01
2019-07-25,29.6,19.55,6.29,12.83
2019-07-26,29.87,23.16,10.08,16.45
2019-07-27,23.82,21.02,7.89,14.83
2019-07-28,28.11,20.36,6.07,14.27
2019-07-29,28.8,22.42,8.5,16.39
2019-07-30,28.33,23.01,9.33,16.81
2019-07-31,28.71,24.56,11.83,18.54
2019-08-01,28.66,25.47,11.75,19.13
2019-08-02,26.42,26.54,11.74,19.19
2019-08-03,27.25,22.22,10.36,16.6
2019-08-04,28.22,24.23,8.41,17.32
2019-08-05,27.83,24.78,9.5,17.06
2019-08-06,26.42,27.05,11.5,19.33
2019-08-07,26.95,27.18,9.4,19.35
2019-08-08,23.2,28.44,15.87,21.93
2019-08-09,4.9,17.17,9.58,14.43
2019-08-10,15.66,14.2,9.25,11.56
2019-08-11,10.04,12.24,8.44,10.28
2019-08-12,10.78,16.65,8.61,11.9
2019-08-13,23.35,20.85,7.8,14.78
2019-08-14,17.33,19.75,9.33,13.63
2019-08-15,22.86,20.61,8.05,13.82
2019-08-16,14.3,18.09,6.27,12.04
2019-08-17,16.6,16.11,4.21,8.82
2019-08-18,24.88,22.05,5.33,14
2019-08-19,24.46,23.73,7.55,15.97
2019-08-20,25.4,25.62,6.54,16.46
2019-08-21,22.78,29.01,11.92,19.97
2019-08-22,14.5,17.46,9.33,13.23
2019-08-23,17.34,20.78,9.06,14.14
2019-08-24,15.86,20.17,7.55,13.29
2019-08-25,13.73,15,5.58,10.03
2019-08-26,23.51,17.51,4.49,11.27
2019-08-27,23.52,20.41,6.56,12.96
2019-08-28,23.63,24.31,6.6,15.1
2019-08-29,15.35,23.57,5.28,15.15
2019-08-30,12.29,21.11,8.85,13.95
2019-08-31,17.68,21.48,8.32,14.76
2019-09-01,20.27,24,9.04,16.33
2019-09-02,20.99,22.65,8.79,16.31
2019-09-03,21.11,26.34,11.06,18.22
2019-09-04,22.36,22.67,10.69,15.77
2019-09-05,21.89,24.84,10.07,16.07
2019-09-06,3.85,21.28,10.16,14.09
2019-09-07,16.07,22.17,9.13,14.22
2019-09-08,10.82,19.54,8.7,12.84
2019-09-09,7.01,9.02,5.63,7.69
2019-09-10,11.85,11.97,4.48,7.08
2019-09-11,14.62,15.35,3.67,8.65
2019-09-12,16.24,16.93,3.44,9.72
2019-09-13,11.96,15.65,4.43,9.45
2019-09-14,9.76,13.91,4.71,9.33
2019-09-15,18.64,20.5,5.66,12.84
2019-09-16,16.01,17.65,6.23,11.16
2019-09-17,9.69,12.71,3.33,7.11
2019-09-18,5.45,9.32,3.74,6.64
2019-09-19,10.31,12.62,2.01,6.76
2019-09-20,7.53,12.28,2.39,7.3
2019-09-21,8.96,12.28,3.89,6.64
2019-09-22,15.06,16.91,1.62,9.52
2019-09-23,6.11,10.95,4,7.75
2019-09-24,11.56,11.79,1.33,6.01
2019-09-25,15.76,12.25,-1.38,6
2019-09-26,9.19,11.42,0.08,5.36
2019-09-27,9.48,6.78,-1.86,1.65
2019-09-28,5.44,-2.21,-8.28,-5.61
2019-09-29,2.95,-3.64,-7.77,-5.88
2019-09-30,9,-1.14,-10.79,-6.06
2019-10-01,12.41,0.85,-10.79,-4.9
2019-10-02,13.18,2.26,-9.61,-3.82
2019-10-03,8.05,6.4,-5.25,0.57
2019-10-04,8.49,5.68,-3.41,0.69
2019-10-05,7.55,4,-1.42,0.85
2019-10-06,13.95,7.78,-3.7,1.2
2019-10-07,6.77,10.69,-2.43,5.06
2019-10-08,7.49,6.02,-8.85,0.65
2019-10-09,7.74,-2.88,-9.23,-6.79
2019-10-10,11.99,0.81,-12.17,-6.34
2019-10-11,14.25,3.54,-9.97,-4
2019-10-12,13.8,5.94,-7.88,-1.4
2019-10-13,8.11,7.3,-2.7,1.1
2019-10-14,9.54,4.72,-3.55,0.21
2019-10-15,9.89,8.17,-3.6,1.35
2019-10-16,10.88,11.81,0.04,3.9
2019-10-17,5.21,5.84,0.64,2.71
2019-10-18,4.88,2.6,-1.03,0.51
2019-10-19,4.26,3.49,-2.42,-0.18
2019-10-20,4.27,1.74,-4.66,-1.69
2019-10-21,3.42,1.31,-3.28,-0.86
2019-10-22,8.13,5.72,-2.23,1.51
2019-10-23,10.03,3.26,-3.3,-0.77
2019-10-24,6.19,4.82,-3.08,0.54
2019-10-25,8.34,9.4,-1.63,3.14
2019-10-26,8.37,-1.25,-8.32,-4.64
2019-10-27,6.98,-1.37,-8.17,-5.58
2019-10-28,3.54,-6.81,-15.79,-11.51
2019-10-29,10.96,-6.42,-16.17,-12.74
2019-10-30,9.7,-3.56,-16.6,-9.95
2019-10-31,6,-0.48,-9.47,-6.11
2019-11-01,9.77,-1.1,-10.99,-5.4
2019-11-02,7.95,1.73,-7.4,-2.73
2019-11-03,7.49,2.16,-5.64,-1.99
2019-11-04,5.59,2.08,-4.69,-1.32
2019-11-05,6.78,4.15,-10.21,-1.94
2019-11-06,8.91,-1.25,-13.02,-8.74
2019-11-07,8.25,0.04,-12.83,-6.47
2019-11-08,6.9,4.02,-4.34,-0.66
2019-11-09,4.29,2.65,-1.88,-0.4
2019-11-10,4.96,-2.33,-16.27,-10.39
2019-11-11,7.36,-3.31,-16.84,-10.15
2019-11-12,1.42,-1.07,-8.33,-4.52
2019-11-13,3.71,0.61,-5.24,-3.19
2019-11-14,2.95,-0.56,-5.68,-3.87
2019-11-15,2.91,1.54,-5.45,-1.7
2019-11-16,4.61,-0.29,-4.17,-2.11
2019-11-17,2.11,0.71,-1.44,0.07
2019-11-18,3.3,0.96,-1.46,0.1
2019-11-19,0.81,0.56,-6.39,-2.02
2019-11-20,6.36,-2.9,-11.09,-7.61
2019-11-21,4.67,-3.13,-13.65,-9.61
2019-11-22,5.23,-2.79,-13.39,-8.93
2019-11-23,2.1,-2.25,-7.99,-4.71
2019-11-24,4.57,-1.4,-7.88,-3.28
2019-11-25,4.35,-5.49,-11.85,-9.27
2019-11-26,3.21,-7.05,-13.63,-11.25
2019-11-27,2.22,-10.93,-14.79,-12.73
2019-11-28,5.91,-13.54,-22.57,-16.89
2019-11-29,3.3,-12.94,-25.37,-18.83
2019-11-30,4.38,-9.53,-19.69,-16.05
2019-12-01,3.36,-6.63,-19.81,-12.3
2019-12-02,1.83,-3.35,-8.66,-5.48
2019-12-03,1.75,-0.67,-4.57,-2.3
2019-12-04,1.9,0.19,-2.47,-1.1
2019-12-05,2.57,-0.53,-5.94,-2.6
2019-12-06,1.77,-1.11,-3.92,-2.51
2019-12-07,0.87,-0.38,-3.63,-2.24
2019-12-08,4.14,-3.45,-14.47,-10.25
2019-12-09,1.94,-7.44,-13.97,-10.99
2019-12-10,2.64,-5.23,-12.33,-8.08
2019-12-11,2.63,-4.33,-6.09,-5.3
2019-12-12,2.64,-1.51,-6.97,-3.62
2019-12-13,2.04,-4.22,-11.43,-7.08
2019-12-14,2.54,-6.49,-14.5,-10.73
2019-12-15,3.3,-8.61,-14.12,-11.42
2019-12-16,3.04,-7.62,-13.43,-10.2
2019-12-17,2.83,-7.26,-11.64,-8.89
2019-12-18,3.85,-6.91,-16.65,-11.54
2019-12-19,1.75,-1.99,-15.93,-7.49
2019-12-20,1.21,0.15,-1.49,-0.35
2019-12-21,1.18,0.41,-1.72,-0.47
2019-12-22,3.01,0.26,-7.69,-3.04
2019-12-23,1.99,-0.22,-7.92,-4.22
2019-12-24,1.78,-5.05,-11.83,-9.09
2019-12-25,2.99,-6.09,-13.73,-10.47
2019-12-26,1.97,-8.17,-16.63,-12.51
2019-12-27,2.74,-7.58,-12.59,-9.75
2019-12-28,2.19,-9.45,-15.85,-12.82
2019-12-29,2.48,-5.07,-11.87,-8.78
2019-12-30,2.43,-5.99,-13.11,-9.04
2019-12-31,1.16,-1.98,-7.13,-4.58
2020-01-01,1.38,-0.84,-2.33,-1.47
2020-01-02,2.78,-2.42,-7.55,-5.12
2020-01-03,1.49,-0.75,-6.46,-3.54
2020-01-04,2.57,-1.49,-6.02,-4.19
2020-01-05,2.52,-4.69,-7.02,-6.04
2020-01-06,1.95,-1.23,-7.02,-4.59
2020-01-07,1.28,-0.66,-2.62,-1.4
2020-01-08,2.45,-1.96,-8.51,-3.91
2020-01-09,4.33,-9.03,-19.33,-13.17
2020-01-10,2.21,-9.04,-20.68,-14.18
2020-01-11,2.82,-4.63,-8.93,-6.36
2020-01-12,2.22,-5.25,-21.39,-12.96
2020-01-13,3.07,-9.96,-21.45,-16.37
2020-01-14,2.79,-16.3,-26.28,-20.21
2020-01-15,5.17,-11.47,-22.74,-18.39
2020-01-16,3.85,-1.76,-20.72,-10.69
2020-01-17,4.63,-9.74,-16,-11.72
2020-01-18,2.97,-6.56,-16.23,-10.46
2020-01-19,3.99,-2.34,-8.42,-6.04
2020-01-20,4.07,-0.73,-9.06,-6.22
2020-01-21,2.16,-0.63,-9.29,-4.96
2020-01-22,3.41,-2.7,-5.72,-4.02
2020-01-23,2.48,-0.8,-6.77,-3.17
2020-01-24,2.43,0.05,-1.75,-0.73
2020-01-25,3.27,-1.14,-6.96,-3.34
2020-01-26,2.78,-0.47,-6.64,-3.75
2020-01-27,3.49,-2.13,-5.44,-3.88
2020-01-28,3.68,-1.84,-7.71,-5.03
2020-01-29,2.18,-2.27,-8.28,-4.04
2020-01-30,5.06,-3.02,-10.66,-6.42
2020-01-31,2.49,0.06,-6.37,-1.49
2020-02-01,1.85,0.17,-5.2,-0.86
2020-02-02,9.14,-6.22,-17.67,-12.42
2020-02-03,8.22,-10.29,-20.81,-15.8
2020-02-04,5.51,-10.22,-20.92,-14.33
2020-02-05,3.69,-5.45,-11.45,-8.15
2020-02-06,5.51,-3.39,-6.92,-5.57
2020-02-07,6.9,-3.28,-10.76,-7.14
2020-02-08,2.69,-2.66,-13.25,-6.51
2020-02-09,4.39,-6.82,-17.98,-11.77
2020-02-10,7.38,-7.63,-14.3,-11.34
2020-02-11,3.48,-3.58,-8.96,-6.33
2020-02-12,6.47,-7.62,-15.97,-11.36
2020-02-13,9.41,-3.16,-10.95,-5.73
2020-02-14,5.54,-4.2,-6.18,-5.2
2020-02-15,4.49,-4,-7.51,-5.47
2020-02-16,4.99,-4.33,-12.62,-6.39
2020-02-17,7.28,-6,-14.68,-10.78
2020-02-18,8.14,-9.26,-19.13,-14.35
2020-02-19,12.01,-7.75,-20.51,-14.55
2020-02-20,12.95,-5.34,-16.44,-10.95
2020-02-21,12.76,-3.38,-12.35,-8.2
2020-02-22,9.35,-1.71,-8.81,-5.81
2020-02-23,4.3,-0.97,-8.22,-4.04
2020-02-24,6.03,-4.42,-10.29,-6.77
2020-02-25,8.49,-5.4,-13.48,-8.47
2020-02-26,4.4,-2.57,-9.6,-5.31
2020-02-27,6.97,-0.91,-5.55,-3.19
2020-02-28,12.87,0.38,-4.73,-2.32
2020-02-29,7.9,-1.25,-8.07,-3.77
2020-03-01,9.1,-3.86,-11.65,-7.14
2020-03-02,7.33,-1.72,-7.5,-4.34
2020-03-03,13.26,-0.31,-2.55,-1.39
2020-03-04,11.55,-1.58,-13.98,-5.89
2020-03-05,10.27,0.35,-14.19,-6.46
2020-03-06,7.28,0.58,-6.45,-2.06
2020-03-07,4.99,0.44,-6.23,-2.06
2020-03-08,8.92,-2.91,-11.22,-7.1
2020-03-09,13.65,-4.28,-13.61,-9.13
2020-03-10,9.4,-1.62,-16.84,-6.74
2020-03-11,8.68,-1,-12.2,-4.18
2020-03-12,13.41,-5.46,-14.02,-9.46
2020-03-13,7.01,-10.81,-17.89,-14.25
2020-03-14,10.5,-17.8,-25.18,-22.14
2020-03-15,17.07,-10.02,-25.03,-17.5
2020-03-16,17.79,-2.23,-21.29,-11.08
2020-03-17,17.08,-1.69,-13.22,-7.39
2020-03-18,18.4,-1.37,-12.42,-7.41
2020-03-19,16.44,-6.96,-14.88,-10.92
2020-03-20,19.04,0.59,-14.91,-7.43
2020-03-21,18.62,0.73,-11.11,-3.61
2020-03-22,17.88,0.64,-10.49,-4.75
2020-03-23,11.28,0.38,-6.33,-2.32
2020-03-24,12,-1.93,-8.31,-4.39
2020-03-25,12.18,-2.44,-11.11,-6.97
2020-03-26,13.03,-1.95,-8.55,-5.35
2020-03-27,7.91,0.28,-7.63,-3.21
2020-03-28,8.41,0.69,-3.28,-1.32
2020-03-29,10.19,0.65,-2.21,-0.38
2020-03-30,5.41,0.5,-4.83,-1.41
2020-03-31,8.79,-2.19,-12.49,-6.42
2020-04-01,9.84,-9.48,-19.52,-13.95
2020-04-02,12.99,-6.37,-19.22,-12.39
2020-04-03,12.08,-3.45,-13.68,-7.72
2020-04-04,13.79,-4.03,-13.02,-8.77
2020-04-05,8.64,0.41,-11.36,-4.2
2020-04-06,15.5,0.67,-3.17,-0.85
2020-04-07,17.89,0.61,-7.92,-2.45
2020-04-08,22.1,0.47,-10.56,-4.26
2020-04-09,22.13,2.04,-7.69,-1.92
2020-04-10,14.21,1.81,-4.43,-0.43
2020-04-11,10.48,-3.22,-15.4,-8.83
2020-04-12,18.47,-6.88,-17.29,-11.13
2020-04-13,24.04,-2.71,-15.47,-8.97
2020-04-14,18.94,0.6,-8.59,-2.02
2020-04-15,17.97,-1.03,-13.05,-6.04
2020-04-16,25.19,0.26,-14.35,-7.06
2020-04-17,22.08,1.04,-9.12,-1.95
2020-04-18,10.48,0.42,-3.29,-0.48
2020-04-19,15.16,1.13,-7.46,-2.09
2020-04-20,19.29,2.32,-4.68,-0.46
2020-04-21,25.04,1.47,-3.08,0.14
2020-04-22,15.28,1.09,-0.27,0.51
2020-04-23,16.88,1,-0.04,0.46
2020-04-24,18.78,1.08,-2.72,0.06
2020-04-25,10.27,1.15,-4.4,-0.47
2020-04-26,24.92,1.2,-1.41,0.19
2020-04-27,10.65,1.12,-1.6,0.27
2020-04-28,26.49,7.01,-4.89,1.31
2020-04-29,16.3,12.45,0.01,5.17
2020-04-30,16.57,10.66,0.3,5.99
2020-05-01,18.86,7.76,-1.26,3.05
2020-05-02,23.72,12.95,0.23,6.27
2020-05-03,17.61,4.58,-2.16,1.52
2020-05-04,23.5,5.83,-3.16,0.76
2020-05-05,25.24,12.99,-2.47,6.07
2020-05-06,6.99,5.8,-0.78,2.28
2020-05-07,10.35,9,-1.26,3.34
2020-05-08,16.71,10.66,-1.8,4.27
2020-05-09,25.77,11.12,-3.06,3.58
2020-05-10,21.49,6.25,-2.82,1.63
2020-05-11,22.63,5.96,-3.67,0.96
2020-05-12,13.97,6.08,-2.74,0.68
2020-05-13,16.43,6.36,-1.56,2.68
2020-05-14,21.25,11.97,0.11,6.25
2020-05-15,15.8,9.58,-0.03,4.68
2020-05-16,21,13.8,-0.16,6.77
2020-05-17,14.77,13.66,4.23,8.76
2020-05-18,11.75,13.1,4.98,8.46
2020-05-19,16.98,14.63,3.04,7.89
2020-05-20,7.66,13.18,1.04,6.39
2020-05-21,10.57,6.1,0.02,2.73
2020-05-22,13.59,5.81,-0.73,2.03
2020-05-23,14.71,9.88,0.32,4.28
2020-05-24,17.79,11.79,0.85,6.06
2020-05-25,15.54,12.7,0.88,7.57
2020-05-26,18.34,12.9,3.17,8.26
2020-05-27,28.67,14.04,3.22,8.89
2020-05-28,29.06,19.02,2.57,11.93
2020-05-29,28.84,21.79,9.08,15.18
2020-05-30,23.35,23.93,7.27,16.15
2020-05-31,10.09,12.7,3.74,9.76
2020-06-01,24.6,13.87,2.63,7.81
2020-06-02,27.05,14.55,1.51,8.79
2020-06-03,28.21,13.82,3.68,8.55
2020-06-04,17.7,12.23,4.22,8.22
2020-06-05,16.46,13.09,2.91,8.1
2020-06-06,10.09,12.86,4.23,8.46
2020-06-07,14.13,10.54,2.39,5.52
2020-06-08,18.12,8.7,1.3,4.1
2020-06-09,16.43,9.23,2.01,4.87
2020-06-10,17.46,15.03,3.67,9.19
2020-06-11,25.49,19.91,4.49,12.83
2020-06-12,19.73,22.9,10.5,15.66
2020-06-13,17.62,21.2,2.07,10.36
2020-06-14,20.92,8.7,1.61,4.37
2020-06-15,14.53,10.28,0.7,5.4
2020-06-16,18.54,10.8,2.71,5.82
2020-06-17,20.61,11.32,2.31,7.4
2020-06-18,20.31,15.23,4.73,9.78
2020-06-19,21.27,15.17,6.71,10.87
2020-06-20,10.83,15.86,6.81,11.24
2020-06-21,15.7,16.69,7.35,11.94
2020-06-22,27.64,19.32,6.41,13.3
2020-06-23,29.1,21.78,7.74,15.62
2020-06-24,20.19,20.98,10.58,15.24
2020-06-25,28.57,21.03,9.12,14.97
2020-06-26,27.43,22.03,8.49,15.65
2020-06-27,20.21,16.89,6.22,12.31
2020-06-28,20.12,13.56,4.49,8.56
2020-06-29,14.36,13.32,5.79,8.16
2020-06-30,11.71,9.36,5.3,7.34
2020-07-01,11.93,10.65,4.66,7.01
2020-07-02,10.34,12.21,3.93,7.34
2020-07-03,28.38,20.21,4.01,13.2
2020-07-04,28.55,17.9,6.72,12.28
2020-07-05,27.16,17.96,6.18,12.82
2020-07-06,30.02,19.16,9.24,14.82
2020-07-07,11.69,12.26,6.38,9.88
2020-07-08,16.1,14.6,5.67,9.37
2020-07-09,28.32,17.88,5.25,12.09
2020-07-10,21.32,15.96,6.93,11.47
2020-07-11,30.17,21.05,6.04,14.48
2020-07-12,23.43,16.09,6.44,11.98
2020-07-13,28.19,14.52,3.12,8.66
2020-07-14,30.63,16.45,3.02,10.42
2020-07-15,27.61,19.1,5.31,12.95
2020-07-16,25.24,21.25,7.66,15.07
2020-07-17,19.58,18.21,7.71,13.11
2020-07-18,29.88,19.19,7.17,12.96
2020-07-19,25.81,19.82,7.71,14.39
2020-07-20,28.09,20.38,7.7,14.78
2020-07-21,27.78,23.07,8.61,16.49
2020-07-22,28.91,24.63,10.77,17.82
2020-07-23,26.59,21.34,9.14,15.4
2020-07-24,24.09,18.47,6.82,12.85
2020-07-25,29.79,18.3,6.54,12.42
2020-07-26,29.54,22.17,7.97,15.64
2020-07-27,29.19,26.19,8.32,18.13
2020-07-28,27.04,24.28,11.35,18.05
2020-07-29,26.63,25.55,11.52,18.94
2020-07-30,27.87,27.09,13.36,20.62
2020-07-31,27.38,25.9,11.19,18.57
2020-08-01,21.01,28.86,12.85,20.16
2020-08-02,27.58,27.51,14.34,20.29
2020-08-03,26.52,21.42,11.06,15.95
2020-08-04,27.86,23.21,11.34,17.35
2020-08-05,27.97,25.06,11.1,18.36
2020-08-06,13.41,21.16,10.16,15.78
2020-08-07,19.39,15.42,5.32,10.19
2020-08-08,14.28,16.46,4.65,10.68
2020-08-09,27.7,17.34,5.16,10.61
2020-08-10,26.74,20.07,3.9,12.63
2020-08-11,24.99,21.51,6.93,14.51
2020-08-12,13.68,14.2,4.11,10.88
2020-08-13,22.49,13.11,1.53,7.76
2020-08-14,26.3,18.61,3.54,11.17
2020-08-15,26.28,22.86,6.14,15.37
2020-08-16,24.89,27.57,12.98,21.01
2020-08-17,22.11,27.28,13.57,20.69
2020-08-18,20.01,26.96,14.92,20.42
2020-08-19,22.47,25.24,15.72,19.12
2020-08-20,13.41,22.06,9.14,15.64
2020-08-21,20.63,24.62,9.1,16.83
2020-08-22,24.64,21.26,10.81,15.46
2020-08-23,25.19,23.68,8.88,16.6
2020-08-24,20.42,24.73,10.68,17.5
2020-08-25,19.5,23.32,9.15,15.76
2020-08-26,24.35,22.28,8.21,15.22
2020-08-27,24.16,22.74,6.95,15.51
2020-08-28,24.09,23.07,4.64,14.24
2020-08-29,18.76,21.88,5.27,13.53
2020-08-30,23.78,16.23,3.16,9.36
2020-08-31,10.66,12.18,4.14,7.92
2020-09-01,19.06,20.1,6.67,13.42
2020-09-02,18.44,20.01,9.43,14.08
2020-09-03,22.39,22.32,4.44,13.64
2020-09-04,22.23,25.94,9.96,17.72
2020-09-05,20.57,26.04,12.55,17.79
2020-09-06,20.81,23.94,5.95,15.13
2020-09-07,12.3,4.41,-1.16,2.03
2020-09-08,20.88,12.37,-2.96,4.87
2020-09-09,21.15,20.8,4.31,12.4
2020-09-10,21.01,22.42,7.86,14.51
2020-09-11,20.57,23.97,7.89,14.85
2020-09-12,17.41,22.46,6.56,13.86
2020-09-13,7.6,21.61,3.45,12.16
2020-09-14,7.63,18.85,9.06,13.19
2020-09-15,14.03,20.86,6.12,12.45
2020-09-16,11.34,22.53,4.86,13.71
2020-09-17,9.86,22.7,7.72,14.22
2020-09-18,7.59,25.3,7.49,14.78
2020-09-19,4.1,10.86,7.64,8.83
2020-09-20,9.86,13.71,3.64,8.41
2020-09-21,16.32,16.1,2.45,9.51
2020-09-22,8.45,11.64,5.15,9.3
2020-09-23,13.12,17.11,4.33,10.9
2020-09-24,9.04,11.09,4.93,8.36
2020-09-25,3.93,7.97,4.18,5.51
2020-09-26,9.89,8.03,1.6,4.34
2020-09-27,15.46,10.81,-1.05,3.41
2020-09-28,15.78,15.09,-1.82,6.1
2020-09-29,16.99,18.57,0.8,9.02
2020-09-30,16.15,18.12,3.14,8.61
2020-10-01,9.29,16.35,3.42,9.1
2020-10-02,13.81,19.04,4.93,11.36
2020-10-03,14.58,19.26,5.07,10.89
2020-10-04,14.6,18.04,3.37,10.16
2020-10-05,14.99,16.91,2.9,9.3
2020-10-06,14.44,18.31,5.23,10.24
2020-10-07,14.66,20.04,5.99,12.81
2020-10-08,11.45,16.47,4.13,10.61
2020-10-09,11.52,14.16,4.58,9.01
2020-10-10,3.28,10.34,0.91,5.59
2020-10-11,7.61,5.01,0.17,1.91
2020-10-12,9.63,5.64,-3.04,1.75
2020-10-13,2.21,2.61,-2.41,0.28
2020-10-14,7.64,2.17,-1.91,0.2
2020-10-15,11.21,2.15,-5.02,-1.53
2020-10-16,3.23,3.56,-4.97,-0.01
2020-10-17,6.76,-0.4,-10.96,-5.69
2020-10-18,3.68,0.44,-9.58,-4.05
2020-10-19,2.92,2.21,-3.44,0.31
2020-10-20,8.68,1.68,-5.03,-2.27
2020-10-21,5.36,-1.53,-10.72,-5.79
2020-10-22,7.27,-3.32,-12.41,-8.8
2020-10-23,2.03,-4.96,-13.07,-8.99
2020-10-24,7.53,-12.15,-17.2,-14.52
2020-10-25,11.29,-7.49,-19.18,-14.19
2020-10-26,6.94,-4.18,-14.54,-8.99
2020-10-27,7.49,-1.23,-8.62,-5.03
2020-10-28,2.45,0.14,-4.32,-1.61
2020-10-29,7.22,1.83,-0.66,0.18
2020-10-30,3.96,2.08,-1.99,0.11
2020-10-31,10.39,1.73,-4.49,-2.27
2020-11-01,9.61,4.82,-5.95,-1.29
2020-11-02,9.94,6.67,-3.31,0.68
2020-11-03,7.67,7.37,-1.01,2.42
2020-11-04,1.82,8.19,1.93,5.86
2020-11-05,2.1,7.22,0.57,5.15
2020-11-06,1.73,0.63,-3.26,-0.64
2020-11-07,1.35,0.62,-12.17,-3.4
2020-11-08,1.94,-12.85,-16.57,-14.32
2020-11-09,4.44,-6.89,-20.52,-12.52
2020-11-10,3,-5.03,-10.02,-7.83
2020-11-11,2.98,-9.66,-15.67,-12.62
2020-11-12,3.3,-6.64,-10.8,-8.41
2020-11-13,1.14,-2.19,-9.56,-4.97
2020-11-14,4.1,-4.48,-6.44,-5.54
2020-11-15,2.88,-1.08,-8.61,-3.89
2020-11-16,3.11,0.08,-2.81,-1.39
2020-11-17,4.63,0.42,-2.38,-0.14
2020-11-18,5.29,0.07,-1.92,-0.41
2020-11-19,3.01,-2.43,-5.06,-3.53
2020-11-20,2.49,-2.66,-5.31,-4.18
2020-11-21,4.39,-2.41,-8.26,-5.36
2020-11-22,5.74,-2.26,-11.96,-7.89
2020-11-23,2.77,-3.47,-11.33,-7.22
2020-11-24,1.23,-3.03,-7.47,-5.09
2020-11-25,3.02,-3.41,-6.69,-4.92
2020-11-26,2.99,-3.49,-6.09,-5.15
2020-11-27,3.94,-2.45,-5.9,-4.18
2020-11-28,4.12,-1.52,-10.13,-6.12
2020-11-29,4.62,-4.9,-14.37,-9.13
2020-11-30,2.16,-3.72,-15.3,-7.92
2020-12-01,5.8,-5.42,-13.16,-10.11
2020-12-02,6.14,-1.96,-12.82,-7.42
2020-12-03,6.29,-3.03,-11.9,-8.71
2020-12-04,5.58,-2.38,-12.58,-8.91
2020-12-05,5.42,-2.69,-12.97,-9.2
2020-12-06,5.34,-3.6,-14.5,-9.56
2020-12-07,3.25,-3.39,-9.54,-6.28
2020-12-08,2.55,-0.04,-5.11,-1.96
2020-12-09,2.5,-1.88,-9.08,-4.34
2020-12-10,3.3,-3.97,-12.24,-8.76
2020-12-11,1.55,-7.7,-14.06,-11.88
2020-12-12,2.46,-8.7,-16.35,-13.01
2020-12-13,2.86,-9.04,-15.61,-12.66
2020-12-14,3.05,-5.18,-11.59,-8.44
2020-12-15,1.97,-3.7,-8.91,-5.85
2020-12-16,1.82,-2.63,-5.03,-3.81
2020-12-17,2.04,-1.48,-5.42,-2.98
2020-12-18,2.3,-2.92,-6.15,-4.43
2020-12-19,2.25,-1.74,-3.3,-2.41
2020-12-20,2.48,-0.11,-2.23,-1
2020-12-21,2.26,0.18,-5.12,-1.68
2020-12-22,2.58,0.18,-14.98,-7.23
2020-12-23,2.43,-8.89,-16.59,-12.04
2020-12-24,5.66,-7.31,-18.42,-12.96
2020-12-25,3.82,-5.75,-13.33,-9.3
2020-12-26,2.67,-2.16,-5.88,-4.02
2020-12-27,3.61,-6.28,-13.02,-8.87
2020-12-28,4.65,-6.33,-13.32,-10.33
2020-12-29,3.31,-10.05,-16.18,-12.42
2020-12-30,2.29,-6.26,-10.8,-7.98
2020-12-31,2.74,-3.31,-6.57,-4.99
2021-01-01,2.67,-2.38,-5.81,-3.98
2021-01-02,1.58,-1.74,-2.73,-2.15
2021-01-03,4.33,-1.22,-4.79,-2.67
2021-01-04,2.75,-0.39,-10.86,-3.84
2021-01-05,2.97,-2.9,-6.13,-4.53
2021-01-06,2.07,-1.3,-7.43,-4.81
2021-01-07,3.47,-1.65,-11.85,-5.44
2021-01-08,4.96,-1.7,-12.19,-8.4
2021-01-09,2.71,-6.86,-13.17,-10.4
2021-01-10,4.03,-5.33,-10.3,-8
2021-01-11,2.72,-2.78,-7.34,-4.86
2021-01-12,1.24,-0.44,-6.14,-2.72
2021-01-13,2.23,-0.02,-6.15,-2.99
2021-01-14,6.49,-6.39,-14.58,-10.29
2021-01-15,4.38,-5.43,-14.09,-8.83
2021-01-16,4.38,-5.77,-11,-7.93
2021-01-17,3.61,-2.7,-6.41,-4.22
2021-01-18,4.81,-5.04,-14.09,-8.27
2021-01-19,3.9,-6.26,-15.14,-10.23
2021-01-20,5.43,-6.09,-11.72,-8.07
2021-01-21,5.62,-7.36,-18.2,-13.81
2021-01-22,7.33,-8.25,-18.83,-14.46
2021-01-23,5.38,-10.37,-17,-13.62
2021-01-24,4.88,-8.52,-15.95,-12.39
2021-01-25,5.65,-7.83,-15.34,-12.37
2021-01-26,4.63,-7.92,-16.71,-13.1
2021-01-27,2.88,-4.95,-16.68,-11.22
2021-01-28,4.42,-1.13,-11.04,-6.7
2021-01-29,4.73,-1.99,-10.47,-6.29
2021-01-30,3.3,-4.05,-10.53,-7.5
2021-01-31,3.55,-1.29,-10.02,-6.96
2021-02-01,5.67,-0.13,-9.62,-4.7
2021-02-02,3.42,0,-5.73,-1.25
2021-02-03,5.01,-5.61,-8.93,-7.3
2021-02-04,2.25,-4.69,-9.25,-6.84
2021-02-05,6.23,-3.72,-20.41,-8.47
2021-02-06,2.34,-7.77,-22.9,-16
2021-02-07,7.2,-16.35,-27.1,-21.79
2021-02-08,6.91,-21.88,-34.07,-25.51
2021-02-09,10.97,-20.79,-35.78,-28.63
2021-02-10,8.41,-23.93,-30.68,-27.02
2021-02-11,10.75,-26.62,-38.41,-31.82
2021-02-12,11.48,-20.78,-38.88,-30.06
2021-02-13,9.68,-22.28,-30.01,-26.03
2021-02-14,8.22,-14.69,-29.18,-21.44
2021-02-15,5.68,-8.15,-21.15,-13.77
2021-02-16,6.44,-8.58,-14.92,-11.99
2021-02-17,7.24,-7.84,-15.67,-12.11
2021-02-18,9.37,-9.9,-17.14,-13.18
2021-02-19,6.63,-4.41,-11.29,-8.17
2021-02-20,7.35,-5.46,-11.09,-8.19
2021-02-21,3.92,-2.17,-8.13,-4.42
2021-02-22,4.79,-0.09,-2.58,-1.33
2021-02-23,7.24,-2.53,-12.29,-7
2021-02-24,11.65,-6.84,-16.82,-10.78
2021-02-25,5.02,-5.26,-10.32,-7.5
2021-02-26,7.81,-4.44,-12.35,-6.86
2021-02-27,9.09,-8.4,-13.29,-10.91
2021-02-28,4.02,-4.21,-9.97,-6.78
2021-03-01,9.89,-1.2,-6.55,-4
2021-03-02,6.26,-0.77,-6.76,-3.03
2021-03-03,13.28,0.32,-6.26,-1.93
2021-03-04,14.4,0.64,-6.24,-2.21
2021-03-05,12.45,0.87,-6.45,-3.26
2021-03-06,6.43,0.29,-8.48,-2.91
2021-03-07,7.24,-1.1,-9.79,-5.1
2021-03-08,11.8,-2.82,-11.42,-7.18
2021-03-09,13.09,-2.08,-10.87,-6.37
2021-03-10,11.98,-1.93,-10.8,-6.33
2021-03-11,17.04,-1.58,-13.4,-7.75
2021-03-12,15.73,0.62,-13.69,-6.11
2021-03-13,17.39,0.88,-6.9,-3.01
2021-03-14,16.76,1.03,-5.54,-1.95
2021-03-15,12.62,0.68,-8.34,-2.3
2021-03-16,15.96,0.84,-8.64,-3.07
2021-03-17,17.58,1.45,-5.03,-1.63
2021-03-18,16.59,1.38,-2.81,-0.51
2021-03-19,9.31,0.77,-6.09,-0.59
2021-03-20,9.21,0.32,-8.05,-3.37
2021-03-21,8,-1.52,-4.93,-3.43
2021-03-22,10.45,-0.3,-7.19,-3.44
2021-03-23,14.19,-1.95,-9.42,-5.63
2021-03-24,7.05,-0.44,-5.71,-3.49
2021-03-25,8.81,-1.32,-8.45,-5.19
2021-03-26,11.2,-0.19,-7.97,-3.57
2021-03-27,11.92,0.91,-5.69,-1.19
2021-03-28,7.88,1.01,-2.95,-0.17
2021-03-29,10.82,-3.98,-13.99,-7.59
2021-03-30,14.94,-4.24,-16.74,-10.47
2021-03-31,20.31,0.69,-12.42,-5.34
2021-04-01,16.39,1.31,-7.55,-1.57
2021-04-02,19.81,1.36,-3.76,-0.27
2021-04-03,17.05,1.57,-2.87,-0.24
2021-04-04,8.27,1.2,-4.72,-0.8
2021-04-05,19.74,0.86,-7.71,-2.4
2021-04-06,22.55,1.29,-8.83,-3.17
2021-04-07,16.88,3.35,-7.07,-0.93
2021-04-08,10.64,-0.1,-8.69,-2.43
2021-04-09,19.99,2.17,-9.67,-2.72
2021-04-10,11.37,-0.97,-7.42,-3.22
2021-04-11,13.67,-0.21,-9.44,-4.71
2021-04-12,13.31,-2.54,-11.22,-6.5
2021-04-13,19.12,-2.02,-10.96,-6.48
2021-04-14,21.2,2.39,-10.66,-3.6
2021-04-15,23.02,5.45,-5.63,-0.3
2021-04-16,25.46,9.35,-2.74,3.19
2021-04-17,25.02,12.7,-0.33,5.27
2021-04-18,15.9,5.62,-6.31,-0.57
2021-04-19,17.67,0.91,-7.57,-3.72
2021-04-20,24.14,3.94,-6.27,-1.34
2021-04-21,26.36,8.59,-6.23,1.14
2021-04-22,9.99,0.63,-5.86,-1.99
2021-04-23,13.88,4,-7.33,-1.33
2021-04-24,11.47,4.35,-2.79,0.08
2021-04-25,13.18,3.73,-3.04,0.38
2021-04-26,15.53,5.79,-3.68,0.53
2021-04-27,21.69,9.15,-3.21,3.03
2021-04-28,19.39,10.47,-1.7,4.52
2021-04-29,19.31,15.27,0.32,7.47
2021-04-30,13.63,13.55,3.29,8.79
2021-05-01,19.16,11.69,0.24,6.14
2021-05-02,19.81,6.74,-1.7,2.13
2021-05-03,17.23,8.06,-2.08,2.92
2021-05-04,20.78,8.73,-0.97,3.56
2021-05-05,26.59,12.32,-1.24,5.67
2021-05-06,26.1,15.72,-0.56,7.89
2021-05-07,13.61,7.7,-1.71,4.27
2021-05-08,12.67,3.38,-2.13,0.43
2021-05-09,12.82,5.17,-3.62,0.5
2021-05-10,17.73,9.62,-3.79,3.18
2021-05-11,17.57,9.41,0.31,4.74
2021-05-12,20.64,12.3,0.26,6.22
2021-05-13,20.31,13.03,1.07,7.18
2021-05-14,23.38,15.47,0.36,8.38
2021-05-15,27.08,17.24,3,10.83
2021-05-16,27.86,18.65,6.77,12.69
2021-05-17,28.15,18.87,6.26,12.41
2021-05-18,20.65,8.69,-1.6,5.39
2021-05-19,19.45,6.01,-3.62,1.53
2021-05-20,14.47,0.84,-5.57,-1.79
2021-05-21,13.26,1.28,-5.58,-2.39
2021-05-22,27.45,6.55,-4.06,0.71
2021-05-23,4.41,6.17,-1.69,1.31
2021-05-24,6.95,5.98,-0.21,2.91
2021-05-25,14.37,11.97,3.15,6.43
2021-05-26,20.36,12.54,2.7,6.97
2021-05-27,20.72,15.72,1.85,8.98
2021-05-28,17.09,7.12,-0.86,3.73
2021-05-29,27.03,12.71,-1.96,6.95
2021-05-30,31.14,18.03,4.79,11.28
2021-05-31,29.14,19.3,5.65,13.08
2021-06-01,26.27,21.96,9.89,16.12
2021-06-02,31.27,24.35,11.69,17.89
2021-06-03,27.41,24.66,11.23,17.52
2021-06-04,29.87,20.53,8.9,14.92
2021-06-05,21.03,13.92,3.75,9.58
2021-06-06,17.13,7.03,1.14,4.28
2021-06-07,19.58,10.97,-0.05,6.08
2021-06-08,19.27,14.09,2.54,7.16
2021-06-09,10.18,13.79,3.38,8.17
2021-06-10,15.96,11.89,2.12,6.23
2021-06-11,19.78,12.8,-1.82,6.68
2021-06-12,18.74,13.82,4.17,8.74
2021-06-13,30.5,23.7,5.04,15.9
2021-06-14,30.9,25.34,9.81,18.37
2021-06-15,17.37,17.73,6.41,14.25
2021-06-16,26.41,15.25,3.12,9.05
2021-06-17,31.97,17.62,1.95,10.81
2021-06-18,31.31,20.43,5.23,14.24
2021-06-19,17.15,15.44,9.02,12.5
2021-06-20,21.15,16.97,5.55,11.15
2021-06-21,29.99,20.06,5.98,13.38
2021-06-22,29.81,22.77,8.5,16.24
2021-06-23,22.96,16.6,9.58,13.28
2021-06-24,20.29,16.99,9.28,13.12
2021-06-25,27.19,21.68,8.63,16.01
2021-06-26,29.93,24,10.97,18.32
2021-06-27,30.38,25.34,13.54,19.23
2021-06-28,31.14,28.41,13.57,21.8
2021-06-29,31.56,29.42,13.46,21.87
2021-06-30,32.14,28,13.32,20.73
2021-07-01,29.67,29.16,13.29,22.23
2021-07-02,30.81,26.34,14.06,19.8
2021-07-03,30.33,25.68,13.79,20.03
2021-07-04,30.58,27.43,12.04,19.18
2021-07-05,29.35,24.38,10.9,16.92
2021-07-06,29.57,26.55,10.34,18.82
2021-07-07,19.85,23.43,10.83,17.15
2021-07-08,27.46,22.38,8.57,16.01
2021-07-09,30.27,24.68,10.53,16.8
2021-07-10,30.86,25.37,13.37,19.17
2021-07-11,29.86,25.47,11.29,18.14
2021-07-12,29.41,25.64,9.8,18.12
2021-07-13,26.53,22.11,10.4,16.62
2021-07-14,25.26,25.73,10.86,18.72
2021-07-15,29.51,26.28,12.42,19.07
2021-07-16,28.97,25.02,11.05,17.91
2021-07-17,30.03,24.17,9.82,18.23
2021-07-18,26.87,28.4,14.88,21.76
2021-07-19,18.38,26.5,14.84,19.87
2021-07-20,15.94,25.78,13.32,18.71
2021-07-21,18.08,24.96,10.2,17.77
2021-07-22,30.69,21.88,7.63,14.36
2021-07-23,28.1,21.75,6.77,14.44
2021-07-24,26.75,25.26,10.05,18.06
2021-07-25,27.77,26.99,11.7,19.76
2021-07-26,25.03,28.12,12.73,20.32
2021-07-27,18.62,25.93,13.9,19.74
2021-07-28,21.49,24.64,14.96,18.99
2021-07-29,26.86,29.71,15.17,21.83
2021-07-30,27,31.05,12.79,22
2021-07-31,22.87,29.52,16.48,22.47
2021-08-01,13.99,30.33,15.05,22.76
2021-08-02,10.09,22.94,14.62,18.21
2021-08-03,21.01,27.41,13.15,19.87
2021-08-04,19.3,26.96,13.83,20.99
2021-08-05,15.34,29.5,11.65,19.83
2021-08-06,19.48,24.52,12.52,18.01
2021-08-07,13.51,22.11,13.05,16.86
2021-08-08,16.11,18.38,7.11,13.8
2021-08-09,17.97,17.07,6.1,11.01
2021-08-10,19.37,22.33,10.18,15.85
2021-08-11,26.47,27.14,11.02,18.8
2021-08-12,26.86,26.56,9.26,17.43
2021-08-13,25.39,28.65,9.94,19.84
2021-08-14,16.58,27.84,12.5,19.53
2021-08-15,20.05,28.83,11.79,19.85
2021-08-16,16.28,25.03,11.13,18.76
2021-08-17,3.56,15.72,2.74,8.71
2021-08-18,16.49,14.69,3.13,7.82
2021-08-19,18.38,19.3,2.21,11.16
2021-08-20,16.18,17.59,7.44,11.32
2021-08-21,6.37,12.67,6.53,9.04
2021-08-22,12.61,15.49,6.56,10.35
2021-08-23,16.73,14.35,2.91,8.6
2021-08-24,23.11,18.07,2.34,9.43
2021-08-25,21.96,20.07,2.92,12.22
2021-08-26,18.06,19.02,6.15,12.91
2021-08-27,12.01,14.33,6.87,10.2
2021-08-28,19.48,17.54,6.28,11.37
2021-08-29,23.56,22.66,6.56,14.69
2021-08-30,22.39,23.09,7.86,15.67
2021-08-31,19.6,15.99,2.61,9.21
2021-09-01,18.42,15.11,0.52,7.99
2021-09-02,19.37,18.06,1.5,9.86
2021-09-03,20.73,18.31,4.77,11.25
2021-09-04,19.93,20.63,6.75,12.98
2021-09-05,18.74,22.54,7.98,14.87
2021-09-06,19.72,21.12,9.42,14.43
2021-09-07,20.42,24.9,9.16,16.7
2021-09-08,13.91,26.39,9.73,16.72
2021-09-09,18.62,23.56,7.85,15.87
2021-09-10,7.95,21.56,9.42,14.64
2021-09-11,5.41,14.85,5.78,10.1
2021-09-12,11.23,15.11,6.14,9.93
2021-09-13,13.43,15.8,4.58,9.84
2021-09-14,17.78,17.39,2.53,10.14
2021-09-15,10.65,15.77,2.5,10.71
2021-09-16,19.58,11.55,-0.52,5.03
2021-09-17,11.83,16.15,-0.81,8.27
2021-09-18,5.49,16.36,3.6,9.87
2021-09-19,8.81,9.71,3.58,5.52
2021-09-20,10.51,10.01,-0.4,4.5
2021-09-21,18.41,15.88,-0.9,7.14
2021-09-22,14.05,18.16,2.26,9.91
2021-09-23,14.68,16.3,3.34,8.7
2021-09-24,17.53,19.81,2.32,10.6
2021-09-25,17.01,21.09,6.54,12.25
2021-09-26,15.38,18.35,5.87,11.75
2021-09-27,7.7,18.26,7.36,12.23
2021-09-28,6.26,8.09,3.29,5.43
2021-09-29,10.03,10.29,-0.41,4.42
2021-09-30,12.6,15.65,-1.22,6.74
2021-10-01,15.01,14.33,3.77,8.05
2021-10-02,13.51,13.21,-0.05,6.59
2021-10-03,11.44,16.29,1.76,8.13
2021-10-04,12.73,20.45,4.79,11.85
2021-10-05,13.04,21.09,5.37,12.53
2021-10-06,8.29,10.02,-1.92,5.16
2021-10-07,14.34,8.42,-2.77,1.95
2021-10-08,12.75,12.36,-0.7,5.29
2021-10-09,10.64,9.07,-3.72,3.07
2021-10-10,6.95,6.76,-4.76,1.73
2021-10-11,12.79,2.9,-4.43,-1.97
2021-10-12,14.5,5.71,-5.49,-1.21
2021-10-13,5.77,1.22,-5.14,-2.16
2021-10-14,6.43,3.65,-3.64,-0.98
2021-10-15,4.31,4.73,-1.16,1.17
2021-10-16,12.25,12.52,-1.51,3.51
2021-10-17,11.28,16.17,1.64,7.63
2021-10-18,12.35,13.41,-0.25,6.5
2021-10-19,12.29,12.17,-2.21,2.68
2021-10-20,5.51,9.1,-2.72,2.42
2021-10-21,10.66,10.34,0.41,4.32
2021-10-22,3.42,14.91,1.43,6.44
2021-10-23,5.98,4.43,0.38,1.58
2021-10-24,5.16,6.48,-0.91,2.48
2021-10-25,6.11,4.53,0.11,2.91
2021-10-26,4.11,4.14,-0.86,1
2021-10-27,5.32,4.13,-1.16,1.1
2021-10-28,2.51,8.29,-1.25,2.89
2021-10-29,2.43,8.26,-2.26,4.26
2021-10-30,8.17,0.29,-8.63,-4.48
2021-10-31,10.66,0.47,-9.11,-5.94
2021-11-01,10.16,3.4,-10.83,-4.09
2021-11-02,4.25,2.13,-5.41,-1.16
2021-11-03,3.52,3.45,0.04,1.2
2021-11-04,2.38,7.17,-0.07,2.93
2021-11-05,5.71,4,-0.5,1.18
2021-11-06,3.69,1.97,-2.64,-0.58
2021-11-07,3.76,-0.89,-4.82,-3.17
2021-11-08,5.47,0.26,-6.69,-3.73
2021-11-09,1.51,0.68,-6.63,-2.26
2021-11-10,4.7,-1.69,-5.33,-3.61
2021-11-11,3.86,-0.47,-6.7,-4.5
2021-11-12,1.41,1.11,-5.19,-0.28
2021-11-13,3.26,0.61,-1.4,-0.63
2021-11-14,2.32,7.08,-1.27,4.05
2021-11-15,2.9,8.17,-1.73,4.89
2021-11-16,4.44,-2.37,-8.83,-5.15
2021-11-17,6.76,-4.05,-10.86,-8.39
2021-11-18,2.73,-2.22,-9.44,-5.44
2021-11-19,2.72,0.61,-5.02,-2.72
2021-11-20,1.8,-3.11,-6.2,-4.79
2021-11-21,3.52,-0.89,-6.05,-4.02
2021-11-22,6.7,0.6,-5.96,-3.4
2021-11-23,1.33,-1.15,-9.72,-4.25
2021-11-24,3.75,-4.57,-9.95,-6.85
2021-11-25,2.04,-1.22,-6.17,-3.38
2021-11-26,2.04,0.11,-2.42,-1.24
2021-11-27,3.34,0.31,-1.72,-0.69
2021-11-28,2.15,4.99,0.49,3.07
2021-11-29,2.05,2.67,0.49,1.83
2021-11-30,0.87,3.44,0.72,1.67
2021-12-01,1.29,6.23,3.58,5
2021-12-02,2.89,4.12,-1.39,1.82
2021-12-03,2.76,-0.58,-3.91,-2.66
2021-12-04,1.24,-2.25,-7.09,-3.61
2021-12-05,4.78,-7.87,-16.51,-11.96
2021-12-06,2.5,-7.84,-16.19,-11.33
2021-12-07,1.54,-3.4,-13.05,-7.4
2021-12-08,2.03,-0.81,-8.44,-3.39
2021-12-09,2.36,-7.09,-15.76,-10.22
2021-12-10,2.58,-6.55,-11.46,-8.91
2021-12-11,1.67,-2.38,-6.12,-3.82
2021-12-12,2.07,-2.35,-10.65,-4.8
2021-12-13,2.2,-2.12,-11.03,-6.8
2021-12-14,1.44,-2.19,-10.3,-5.43
2021-12-15,2.01,-10.47,-15.36,-12.55
2021-12-16,1.5,-8.72,-19.04,-12.68
2021-12-17,3.59,-15.49,-26.67,-20.34
2021-12-18,1.11,-2.26,-18.83,-9.3
2021-12-19,3.25,-2.51,-19.65,-8.38
2021-12-20,1.41,-8.9,-20.59,-13.66
2021-12-21,3.1,-7.19,-15.85,-11.65
2021-12-22,2.06,-2.13,-7.07,-4.52
2021-12-23,1.39,-1.09,-7.11,-3.61
2021-12-24,1.8,-7.46,-17.81,-11.79
2021-12-25,2.3,-10.18,-21.11,-16.35
2021-12-26,1.32,-16.38,-26.9,-23.21
2021-12-27,2.9,-18.05,-28.91,-22.98
2021-12-28,2.52,-17.55,-21.06,-19.3
2021-12-29,4.86,-17.39,-27.68,-22.02
2021-12-30,3.73,-15.65,-23.1,-18.87
2021-12-31,4.01,-22.07,-29.72,-25.53
2022-01-01,2.69,-15.89,-29.07,-21.17
2022-01-02,2.72,-10.82,-15.73,-12.94
2022-01-03,1.16,-4.1,-15.46,-7.94
2022-01-04,3.32,-7.65,-25.92,-16.93
2022-01-05,2.7,-23.22,-28.91,-26.59
2022-01-06,1.21,-5.72,-24.58,-14.41
2022-01-07,0.84,-1.02,-5.42,-2.35
2022-01-08,4.08,-6.25,-12.81,-10.96
2022-01-09,4.73,-6.37,-12.81,-8.93
2022-01-10,5.36,-6.87,-13.47,-9.66
2022-01-11,1,-1.2,-7.79,-3.57
2022-01-12,1.73,0.1,-1.2,-0.38
2022-01-13,5.03,0.13,-8.78,-3.9
2022-01-14,2.66,-3.44,-10.42,-5.94
2022-01-15,3.33,-3.58,-6.79,-5.04
2022-01-16,4.49,-3.61,-10.37,-6.28
2022-01-17,4.06,-2.34,-7.43,-4.83
2022-01-18,4.12,-6.45,-21.78,-14.69
2022-01-19,5.36,-9.12,-22.04,-14.69
2022-01-20,2.35,-2.26,-10.21,-4.8
2022-01-21,4.3,-4.29,-9.37,-6.47
2022-01-22,5.06,-5.97,-9.15,-7.45
2022-01-23,6.89,-5.07,-10.93,-8.24
2022-01-24,3.77,-5.42,-12.75,-9.29
2022-01-25,4.88,-8.16,-14.23,-10.75
2022-01-26,5.59,-8.21,-14.27,-10.97
2022-01-27,5.93,-8.91,-18.38,-12.91
2022-01-28,6.44,-7.87,-16.47,-12.97
2022-01-29,6.3,-7.64,-15.3,-10.92
2022-01-30,3.36,-3.67,-10.23,-7.12
2022-01-31,4.07,-3.84,-13.58,-7.26
2022-02-01,3.89,-13.21,-26.34,-18.42
2022-02-02,6.03,-16.92,-29.59,-22.19
2022-02-03,5.97,-11.71,-17.62,-14.41
2022-02-04,1.83,-2.69,-11.79,-6.54
2022-02-05,6.13,-3.52,-9.36,-4.81
2022-02-06,7.06,-2.76,-9.58,-5.92
2022-02-07,6.19,-1.62,-9.91,-5.08
2022-02-08,6.07,-2.48,-5.72,-4.01
2022-02-09,6.68,-1.05,-3.52,-2.28
2022-02-10,8.74,-0.26,-5.71,-1.66
2022-02-11,11.08,-3.52,-13.05,-8.63
2022-02-12,10.86,-4.1,-12,-8.13
2022-02-13,9.45,-1.91,-13.09,-7.32
2022-02-14,4.32,0.17,-7.77,-3.87
2022-02-15,3.97,-2.76,-10.33,-6
2022-02-16,7.71,-5.61,-14.45,-10.25
2022-02-17,3.21,-3.05,-11.58,-6.02
2022-02-18,6.6,-1.72,-4.06,-2.92
2022-02-19,3.8,-0.17,-4.1,-2.27
2022-02-20,4.83,-2.33,-20.78,-11.5
2022-02-21,8.68,-21.39,-25.99,-23.49
2022-02-22,12.68,-24.86,-32.51,-26.68
2022-02-23,13.34,-17.12,-33.6,-24.43
2022-02-24,12.23,-10.54,-20.6,-16.32
2022-02-25,9.42,-11.83,-19.37,-15.05
2022-02-26,13.04,-7.6,-15.04,-11.81
2022-02-27,6.04,-1.85,-11.62,-5.78
2022-02-28,3.73,0.07,-2.19,-0.79
2022-03-01,5.48,0.2,0.03,0.12
2022-03-02,4.41,0.17,0.05,0.08
2022-03-03,5.22,0.18,-3.87,-0.72
2022-03-04,8.8,-2.85,-16.24,-7.26
2022-03-05,11.78,-5.29,-17.61,-11.18
2022-03-06,11.75,-6.15,-16.16,-10.41
2022-03-07,12.51,-3.49,-12.68,-7.9
2022-03-08,12.77,-11.39,-22.64,-15.4
2022-03-09,14.95,-13.99,-23.92,-19.69
2022-03-10,16.01,-8.98,-23.53,-14.05
2022-03-11,13.99,-4.49,-15.1,-8.82
2022-03-12,14.71,0.08,-6.56,-3.09
2022-03-13,8.46,-0.3,-3.67,-1.79
2022-03-14,8.31,-0.49,-2.13,-1.29
2022-03-15,6.18,0.13,-2.74,-0.41
2022-03-16,9.35,-1.47,-4.62,-3.39
2022-03-17,14.51,-0.47,-9.33,-3.92
2022-03-18,9.15,-0.25,-4.31,-1.91
2022-03-19,9.57,0.4,-5.44,-1.75
2022-03-20,12.89,-1.09,-7.46,-4.39
2022-03-21,6.94,-1.04,-9.03,-4.26
2022-03-22,10.34,0.32,-6.49,-2.26
2022-03-23,12.05,1.17,-2.04,0.05
2022-03-24,18.47,0.56,-7.48,-1.32
2022-03-25,14.07,0.87,-9.86,-3.23
2022-03-26,15.57,1.62,-4.77,-0.51
2022-03-27,16.84,5.29,0.36,2.7
2022-03-28,14.86,2.86,-2.02,1.12
2022-03-29,21.04,0.69,-5.94,-2.94
2022-03-30,8.17,0.85,-9.05,-2.49
2022-03-31,13.18,-1.32,-7.73,-3.35
2022-04-01,11.97,0.52,-8.97,-3.9
2022-04-02,9.12,-0.17,-7.6,-2.81
2022-04-03,13.4,0.61,-8.57,-3.23
2022-04-04,9.67,0.5,-5.18,-1.73
2022-04-05,12.16,-2.22,-5.67,-3.88
2022-04-06,19.95,0.22,-9.99,-4.46
2022-04-07,18.9,1.23,-8.81,-2.47
2022-04-08,10.07,1.44,-3.55,-0.03
2022-04-09,12.65,-1.92,-8.08,-3.94
2022-04-10,12.43,-4.71,-11.23,-7.01
2022-04-11,13.45,-7.63,-12.34,-9.47
2022-04-12,15.71,-11.22,-16.97,-13.02
2022-04-13,21.11,-9.69,-19.85,-14.66
2022-04-14,22.74,-7.94,-21.56,-13.72
2022-04-15,19.61,-6.42,-16.1,-11.34
2022-04-16,12.28,-5.76,-16.8,-9.98
2022-04-17,13.16,-1.48,-10.93,-6.22
2022-04-18,12.1,0.52,-11.81,-3.74
2022-04-19,18.23,-0.47,-4.85,-2.28
2022-04-20,18.47,-0.05,-7.6,-3.98
2022-04-21,11.07,0.76,-6.73,-1.77
2022-04-22,16.29,0.75,-5.39,-1.83
2022-04-23,18.3,1.35,-5.93,-1.17
2022-04-24,20.75,1.3,-4.88,-1.25
2022-04-25,16.81,2.36,-3.46,0.21
2022-04-26,8.92,2.21,-3.17,0.21
2022-04-27,15.82,2.78,-5.07,-1.06
2022-04-28,17.51,5.21,-4.43,0.56
2022-04-29,18.87,5.94,-1.76,1.51
2022-04-30,12.85,8.3,-1.57,2.05
2022-05-01,13.18,10.85,-1.83,4.61
2022-05-02,18.7,11.56,0.6,5.97
2022-05-03,20.23,13.1,2.25,6.89
2022-05-04,17.38,12.74,1.42,6.17
2022-05-05,10.47,13.95,3.07,7.95
2022-05-06,15.15,9.18,2.46,4.45
2022-05-07,13.94,5.59,-0.67,2.51
2022-05-08,16.72,1.98,-4.73,-1
2022-05-09,12.72,1.26,-5.24,-1.61
2022-05-10,18.96,4.38,-2.99,0.09
2022-05-11,23.91,8.84,-3.07,3.72
2022-05-12,20.21,7.64,0.5,4.21
2022-05-13,18.06,2.01,-4.26,-0.36
2022-05-14,15.85,6.23,-5.02,1.5
2022-05-15,16.67,11.79,0.89,5.93
2022-05-16,19.98,12.83,2.94,7.61
2022-05-17,19.57,7.29,-2.16,3.84
2022-05-18,8.96,7.68,-2.66,3.12
2022-05-19,13.55,2.87,-1.92,0.11
2022-05-20,15.08,3.59,-4.13,0.1
2022-05-21,17.66,6.6,-5.21,0.87
2022-05-22,21.67,9.28,-2.61,3.66
2022-05-23,17.6,10.3,-1.9,4.87
2022-05-24,15.74,11.26,0.7,5.84
2022-05-25,8.46,11.59,-0.17,6.4
2022-05-26,16.94,13.65,4.08,9.17
2022-05-27,11.73,12.99,4.1,8.46
2022-05-28,16,12.37,3.05,6.94
2022-05-29,15.52,10.21,2.76,6.03
2022-05-30,17.12,10.5,0.45,5.45
2022-05-31,24.76,13.07,-2.45,6.19
2022-06-01,22.31,13.84,2.9,8.36
2022-06-02,21.38,15.97,2.3,9.22
2022-06-03,14.76,12.95,2.28,8.66
2022-06-04,11.13,13.9,6.06,9.01
2022-06-05,10.2,11.93,3.87,7.98
2022-06-06,18.81,9.17,3.59,6.6
2022-06-07,19.68,13.59,3.75,8.03
2022-06-08,14.47,13.14,3.93,9
2022-06-09,16.01,14.83,4.15,10.28
2022-06-10,16.18,15.7,8.54,11.65
2022-06-11,17.4,14.65,6.77,10.63
2022-06-12,21.15,13.94,6.34,10.09
2022-06-13,13.74,9.52,0.78,5.06
2022-06-14,5.05,1.17,0.59,0.85
2022-06-15,18.6,11.79,1.54,6.47
2022-06-16,24.8,19.77,2.62,11.8
2022-06-17,22.71,24.53,7.82,15.24
2022-06-18,20.87,17.47,7.84,12.49
2022-06-19,20.47,13.87,6.34,9.61
2022-06-20,14.21,6.68,1.89,4.67
2022-06-21,21.18,14.41,5.94,9.31
2022-06-22,21.21,17.8,7.27,12.53
2022-06-23,31.51,15.08,3.12,10.55
2022-06-24,24.04,11.79,1.9,7.66
2022-06-25,28.08,16.64,1.7,9.61
2022-06-26,32.22,19.49,4.3,13.28
2022-06-27,30.17,22.78,9.69,17.62
2022-06-28,27.49,24.67,7.55,15.66
2022-06-29,17.84,14.11,5.23,9.94
2022-06-30,24.26,18,4.67,12.54
2022-07-01,28.86,20.54,8.32,14.92
2022-07-02,28.8,21.3,7.87,15.07
2022-07-03,9.98,14.86,9.34,11.19
2022-07-04,18.13,15.99,8.19,11.45
2022-07-05,27.25,17.5,6.84,12.63
2022-07-06,23.08,22.47,6.5,14.34
2022-07-07,21.73,20.54,9.91,15.61
2022-07-08,25.31,21.19,9.81,15.57
2022-07-09,26.12,20.48,8.41,14.61
2022-07-10,21.85,15.71,7.51,11.62
2022-07-11,30.61,21.37,6.53,15.09
2022-07-12,30.79,24.08,11.35,18
2022-07-13,19.35,22.23,11.87,16.52
2022-07-14,30.69,22.33,10.97,17.06
2022-07-15,21.52,23.5,12.53,18.51
2022-07-16,30.09,23.85,10.1,17.73
2022-07-17,28.77,24.4,12.8,19.08
2022-07-18,17.91,13.61,9.09,11.89
2022-07-19,29.42,20.4,7.99,13.88
2022-07-20,29.77,22.53,9.48,15.75
2022-07-21,27.97,23.12,8.84,16.2
2022-07-22,19.28,19.01,10.37,14.41
2022-07-23,26.35,22.44,10.45,16.91
2022-07-24,28.29,24.14,10.16,17.8
2022-07-25,24.22,20.89,12.19,16.6
2022-07-26,27.27,22.94,10.32,16.73
2022-07-27,27.18,24.47,11.37,18.07
2022-07-28,26.06,27.53,12.59,20.91
2022-07-29,25.95,27.52,16.54,21.49
2022-07-30,27.67,29.19,13.53,20.93
2022-07-31,28.64,26.87,11.48,19.5
2022-08-01,20.98,26.79,12.35,18.83
2022-08-02,27.71,21.86,9.97,16.3
2022-08-03,27.93,21.91,9,15.44
2022-08-04,24.2,20.25,9.28,15.18
2022-08-05,25.99,19.48,5.93,12.54
2022-08-06,26.21,19.12,4.62,12.55
2022-08-07,27.24,22.31,6.64,15
2022-08-08,27.46,24.4,10,18.1
2022-08-09,22.42,28.7,8.16,18.16
2022-08-10,9.67,26.23,14.29,19.03
2022-08-11,23.64,25.68,15.05,20.51
2022-08-12,18.56,28.35,13.13,20.68
2022-08-13,24.18,24.79,10.54,17.84
2022-08-14,26.75,22.7,7.48,15.93
2022-08-15,26.01,24.89,12.23,19.09
2022-08-16,24.96,25.89,13.84,19.76
2022-08-17,25.12,25.72,9.64,17.63
2022-08-18,24.15,27.06,10.21,18.29
2022-08-19,21.59,28.02,11.87,19.13
2022-08-20,16.75,26.86,12.73,19.95
2022-08-21,20.19,25.99,15.71,20.66
2022-08-22,19.19,27.77,11.94,20.45
2022-08-23,19.16,24.8,12.7,17.83
2022-08-24,13.91,19.02,11.2,14.55
2022-08-25,13.69,19.99,11.54,14.96
2022-08-26,18.28,20.11,11.56,14.75
2022-08-27,10.5,15.57,6.6,12.12
2022-08-28,22.56,17.77,3.57,10.33
2022-08-29,23.12,22.63,6.15,15.13
2022-08-30,23.08,27.05,12.48,19.56
2022-08-31,22.12,28.57,14.65,21.38
2022-09-01,20.81,25.98,12.91,18.96
2022-09-02,21.37,27.97,12.07,20.01
2022-09-03,13.54,31.17,11.74,20.66
2022-09-04,21.96,24.02,9.55,15.93
2022-09-05,22.06,22.02,9.41,14.77
2022-09-06,21.95,26.24,8.4,17.28
2022-09-07,17.29,25.66,10.02,17.61
2022-09-08,17.59,13.34,2.77,8.58
2022-09-09,18.63,13.59,1.44,6.2
2022-09-10,21.21,20.49,2.01,10.89
2022-09-11,13.82,21.75,4.75,12.22
2022-09-12,9.58,18.95,7.69,13.28
2022-09-13,11.25,19.11,8.59,13.48
2022-09-14,10.58,19.57,6.37,12.65
2022-09-15,13.99,19.15,6.81,12.5
2022-09-16,11.89,15.95,7.37,10.67
2022-09-17,18.51,16.02,4.08,10.06
2022-09-18,13.25,20.69,6.02,12.67
2022-09-19,13.17,15.46,2.69,9.29
2022-09-20,18.28,11.85,-0.74,4.63
2022-09-21,17.88,16.44,-1.67,6.87
2022-09-22,3.02,8.98,2.59,5.65
2022-09-23,8.44,12.91,4.26,7.48
2022-09-24,17.36,16.28,1.88,9.34
2022-09-25,17.44,19.93,5.53,12.26
2022-09-26,17.33,23.01,10,15.81
2022-09-27,16.71,23.55,11.74,16.67
2022-09-28,13.85,25.69,9.84,15.81
2022-09-29,5.59,14.55,6.84,10.17
2022-09-30,7.58,14.27,5.97,9.05
2022-10-01,14.19,15.56,6.48,9.92
2022-10-02,14.32,17.12,4.95,10.24
2022-10-03,15.17,20.71,6.56,12.29
2022-10-04,14.83,20.36,5.78,12.92
2022-10-05,14.6,19.71,5.72,12.89
2022-10-06,14.43,18.45,3.28,8.68
2022-10-07,13.81,18.93,3.15,9.76
2022-10-08,13.38,19.59,7.18,12.16
2022-10-09,13.95,18.34,4.75,10.58
2022-10-10,10.83,16.63,1.97,9.12
2022-10-11,14.35,13.18,1.07,7.18
2022-10-12,13.85,13.91,-0.1,6.55
2022-10-13,13.82,16.53,2.21,7.92
2022-10-14,12.75,15.11,1.01,7.05
2022-10-15,13.43,15.19,4.16,7.81
2022-10-16,13.14,20.16,4.4,10.99
2022-10-17,13.23,19.59,4.25,10.17
2022-10-18,12.77,19.77,5.23,10.54
2022-10-19,11.94,17.62,2.72,8.34
2022-10-20,5.64,11.55,1.79,6.08
2022-10-21,1.55,4.47,-1.07,2.09
2022-10-22,2.48,2.61,-3.55,-0.64
2022-10-23,7.2,-0.34,-8.4,-3.92
2022-10-24,2.5,-0.08,-7.32,-2.28
2022-10-25,4.08,0.92,-3.33,-1.27
2022-10-26,3.25,0.93,-5.35,-2.07
2022-10-27,2.96,1.12,-3.62,-1.52
2022-10-28,4.64,2.82,-3.22,-0.19
2022-10-29,7.26,5.66,0.71,2.02
2022-10-30,1.75,5.68,1.25,3.17
2022-10-31,1.69,4.98,2.53,3.88
2022-11-01,2.47,6.28,-1.72,2.4
2022-11-02,3.11,-2.85,-6.8,-5.28
2022-11-03,3.21,-2.49,-7.98,-5.26
2022-11-04,3.53,-0.28,-5.69,-3.17
2022-11-05,5.33,0.15,-8.47,-3.89
2022-11-06,5.95,-8.28,-15.06,-11.85
2022-11-07,1.31,-14.71,-19.07,-16.34
2022-11-08,7.38,-15.02,-21.97,-19.3
2022-11-09,6.61,-16.18,-21.72,-18.68
2022-11-10,2.91,-7.43,-20.3,-15.38
2022-11-11,5.23,-5.82,-15.41,-12.34
2022-11-12,5.31,-3.87,-18.77,-12.15
2022-11-13,4.08,-4.94,-14.09,-10.75
2022-11-14,3.81,-2.71,-14.37,-9.79
2022-11-15,3.89,-3.75,-13.23,-9.1
2022-11-16,2.16,-4.22,-14.1,-9.03
2022-11-17,8.02,-12.14,-21.6,-15.94
2022-11-18,7.76,-9.36,-24.55,-18.91
2022-11-19,6.78,-8.73,-23.07,-16.33
2022-11-20,4.83,-6.31,-19.6,-12.6
2022-11-21,3.75,-4.38,-15.2,-9.99
2022-11-22,2.81,-2.97,-12.34,-6.25
2022-11-23,4.5,-3.74,-8.39,-5.48
2022-11-24,5.64,-2.51,-8.87,-6.19
2022-11-25,3.33,-1.42,-8.8,-4.59
2022-11-26,4.19,-3.88,-9.81,-6.42
2022-11-27,3.38,-3.25,-16.03,-7.36
2022-11-28,2.97,-13.12,-21.5,-16.33
2022-11-29,2.96,-15.47,-21.78,-18.67
2022-11-30,1.42,-4.2,-21.07,-10.44
2022-12-01,0.99,-5.15,-11.23,-8.06
2022-12-02,1.95,-10.54,-17.32,-12.35
2022-12-03,3.62,-9.77,-17.5,-13.64
2022-12-04,4.79,-5.93,-18.94,-12.83
2022-12-05,1.96,-9.08,-14.97,-12.1
2022-12-06,2.26,-9.76,-15.27,-12.2
2022-12-07,2.52,-6.1,-10.86,-8.2
2022-12-08,3,-6.56,-10.42,-8.65
2022-12-09,2.69,-5.88,-12.25,-8.03
2022-12-10,1.89,-3.03,-12.69,-7.4
2022-12-11,2.45,-2.91,-14.61,-8.1
2022-12-12,4.23,-10.63,-17.92,-14.83
2022-12-13,2.21,-7.69,-16.08,-12.17
2022-12-14,2.26,-6.06,-16.05,-10.18
2022-12-15,2.23,-7.24,-18.12,-13.36
2022-12-16,2.23,-12.64,-17.29,-14.5
2022-12-17,1.92,-9.24,-20.02,-13.51
2022-12-18,1.74,-19.95,-25.59,-22.59
2022-12-19,3.18,-17.12,-25.37,-21.9
2022-12-20,1.71,-22.32,-32.46,-26.49
2022-12-21,5.06,-30.65,-42.08,-34.8
2022-12-22,6.02,-25.22,-41.59,-32.7
2022-12-23,2.34,-13.66,-26.8,-18.83
2022-12-24,2.62,-1.16,-16.58,-8.24
2022-12-25,1.94,-1.63,-4.66,-2.84
2022-12-26,1.38,0.17,-1.66,-0.15
2022-12-27,1.52,0.19,-1.99,-0.27
2022-12-28,1.6,-2.41,-5.78,-4.06
2022-12-29,2.36,-5.04,-8.45,-6.39
2022-12-30,1.58,-3.79,-9.96,-5.84
2022-12-31,2.7,-3.17,-6.22,-4.48
2023-01-01,2.87,-5.07,-11.83,-8.55
2023-01-02,4.01,-5.91,-14.45,-10.67
2023-01-03,2.48,-9.54,-18.63,-13.03
2023-01-04,3.98,-7.33,-13.73,-11.08
2023-01-05,2.03,-0.17,-12.88,-5.57
2023-01-06,3.12,-2.36,-5.66,-4.11
2023-01-07,4.52,-2.64,-9.05,-5.73
2023-01-08,2.8,-1.18,-10.5,-4.75
2023-01-09,3.76,-2.01,-5.43,-3.71
2023-01-10,3.7,-3.24,-12.82,-5.4
2023-01-11,3.22,-5.02,-13.52,-8.61
2023-01-12,3.26,0,-8.77,-4.18
2023-01-13,2.98,0.11,-5.51,-2.17
2023-01-14,2.52,0.03,-4.11,-1.64
2023-01-15,2.43,0.06,-6.34,-2.76
2023-01-16,3.11,-1.98,-7.45,-5.43
2023-01-17,2.77,-3.91,-7.33,-5.75
2023-01-18,3.3,-4.15,-8.36,-6.58
2023-01-19,2.77,-3.97,-10.86,-6.87
2023-01-20,3.36,-6.68,-10.43,-8.42
2023-01-21,4.51,-7.21,-10.81,-9.17
2023-01-22,3.55,-7.93,-14.92,-10.65
2023-01-23,4.05,-8.09,-15.26,-11.01
2023-01-24,4.61,-6.15,-11.76,-8.98
2023-01-25,5.34,-5.19,-13.77,-9.49
2023-01-26,4.85,-2.08,-8.53,-4.59
2023-01-27,2.66,-2.92,-13.7,-5.89
2023-01-28,7.03,-14.64,-26.9,-20.54
2023-01-29,8.78,-19.95,-28.8,-24.06
2023-01-30,7.19,-16.94,-26.46,-21.38
2023-01-31,6.01,-11.06,-17.17,-13.8
2023-02-01,4.65,-6.34,-11.91,-9.2
2023-02-02,7.22,-4.95,-12.79,-8.57
2023-02-03,6.78,-2.29,-10.88,-5.61
2023-02-04,5.27,-1.1,-6.08,-2.62
2023-02-05,2.81,-1.46,-7.81,-3.99
2023-02-06,4.27,-2.09,-4.99,-3.73
2023-02-07,3.98,-1.51,-4.18,-2.55
2023-02-08,7.73,-1.7,-10.82,-6.09
2023-02-09,9.54,-6.03,-10.15,-8.24
2023-02-10,5.93,-1.8,-11.25,-6.17
2023-02-11,10.79,-2.63,-6.21,-4.63
2023-02-12,6.07,-2.71,-8.83,-5.38
2023-02-13,7.33,-1.39,-9.16,-4.12
2023-02-14,8.28,-9.01,-16.99,-12.24
2023-02-15,9.87,-6.75,-18.47,-11.56
2023-02-16,8.79,-5.21,-9.77,-7.48
2023-02-17,5.29,-4.2,-8.47,-5.79
2023-02-18,4.99,-4.26,-9.87,-6.15
2023-02-19,1.94,-2.06,-7.74,-4.89
2023-02-20,5.08,-1.7,-4.68,-2.62
2023-02-21,5.03,-1.94,-23.61,-14.61
2023-02-22,10.43,-24,-28.92,-26.23
2023-02-23,10.26,-26.87,-30.09,-28.33
2023-02-24,11.85,-15.27,-31.17,-21.49
2023-02-25,10.36,-5.43,-16.89,-10.47
2023-02-26,5.3,-2.47,-8.65,-5.53
2023-02-27,8.93,-6.73,-14.26,-10.24
2023-02-28,6.07,-5.74,-13.99,-10.03
2023-03-01,10.13,-6.89,-18.53,-11.08
2023-03-02,6.16,-4.84,-8.64,-6.67
2023-03-03,6.9,-7.44,-11.98,-9.21
2023-03-04,11.44,-6.2,-16.63,-10.65
2023-03-05,6.91,-9.7,-13.81,-12.12
2023-03-06,12.57,-7.97,-16.41,-12.92
2023-03-07,9.85,-6.09,-16.45,-12.16
2023-03-08,12.72,-10.47,-18.05,-14.72
2023-03-09,12.91,-6.73,-19.75,-14.11
2023-03-10,5.04,-10.51,-15.82,-12.61
2023-03-11,8.15,-7.36,-19.26,-13.24
2023-03-12,12.87,-2.65,-14.47,-8.74
2023-03-13,6.2,0.29,-7.26,-1.45
2023-03-14,11.68,-0.79,-8.32,-5.42
2023-03-15,11.62,-3.89,-8.43,-5.9
2023-03-16,16.78,-3.03,-12.24,-7.63
2023-03-17,17.52,-2.34,-14.5,-8.83
2023-03-18,16.08,-0.42,-10.96,-5.83
2023-03-19,17.13,0.25,-11.28,-5.97
2023-03-20,12.16,-3.66,-11.21,-7.75
2023-03-21,18.33,-2.28,-14.2,-8.48
2023-03-22,19.72,0.25,-13.66,-6.74
2023-03-23,15.42,0.21,-13.68,-5.06
2023-03-24,11.82,-3.27,-7.95,-5.47
2023-03-25,9.36,-3.45,-10.7,-6.98
2023-03-26,12.35,-3.06,-12.65,-8.13
2023-03-27,11.04,-2.89,-14.59,-8.4
2023-03-28,18.45,-2.3,-15.91,-8.97
2023-03-29,20.21,-0.08,-16.62,-7.53
2023-03-30,15.57,-0.72,-12.24,-6.25
2023-03-31,7.26,-0.45,-10.45,-3.99
2023-04-01,8.38,-1.13,-6.01,-3.71
2023-04-02,14.39,-3.51,-10.52,-6.09
2023-04-03,14.69,-4.37,-14.66,-9.11
2023-04-04,15.09,-3.98,-17.27,-9.83
2023-04-05,13.62,-2.93,-15.81,-8.18
2023-04-06,18.18,0.75,-11.87,-4.14
2023-04-07,11.11,0.99,-6.65,-1.41
2023-04-08,14.66,0.91,-2.78,-0.21
2023-04-09,11.27,1.51,-5.82,-0.42
2023-04-10,7.22,1.8,0.56,1.18
2023-04-11,11.28,0.83,-5.04,-0.52
2023-04-12,16.26,-0.5,-9.14,-4.24
2023-04-13,15.26,-0.77,-7.96,-4.57
2023-04-14,14.43,-0.24,-9.35,-4.44
2023-04-15,21.26,0.93,-9.08,-2.99
2023-04-16,16.42,1.53,-4.04,-0.34
2023-04-17,18.7,0.75,-4.25,-1.41
2023-04-18,9.5,0.24,-5.74,-2.99
2023-04-19,15.34,-0.75,-6.29,-3.48
2023-04-20,13.14,0.46,-7.79,-3.63
2023-04-21,13.95,-1.56,-9.69,-4.71
2023-04-22,11.71,0.79,-9.86,-2.74
2023-04-23,17.27,1.15,-3.8,-0.62
2023-04-24,14.13,1.95,-2.19,0.37
2023-04-25,17.08,5.26,-1.79,1.42
2023-04-26,15.42,7.19,-2.27,3.2
2023-04-27,23.82,10.05,-0.38,3.86
2023-04-28,25.16,13.9,-1.71,7.05
2023-04-29,25.11,17.09,4.47,11.54
2023-04-30,24.84,21.78,4.19,13.14
2023-05-01,20.59,19.53,3.43,11.13
2023-05-02,26.6,19.17,2.3,11.25
2023-05-03,20.52,17.22,6.76,12.93
2023-05-04,23.78,20.25,5.3,13.2
2023-05-05,10.08,12.41,4.57,8.65
2023-05-06,6.76,7.56,1.49,4.18
2023-05-07,12.72,7.07,0.74,3.31
2023-05-08,15.21,9.49,1.85,4.87
2023-05-09,19.46,10.61,2.47,6.49
2023-05-10,18.37,12.38,3.31,7.34
2023-05-11,24.18,14.5,3.69,9.47
2023-05-12,25.32,16.52,4.12,9.92
2023-05-13,25.85,16.19,1.99,9.02
2023-05-14,27.93,15.36,3.46,9.34
2023-05-15,25.77,21.2,5.28,13.25
2023-05-16,19.22,18.06,7.34,12.16
2023-05-17,19.73,16.04,4.6,8.86
2023-05-18,22.69,17.17,3.64,10.81
2023-05-19,25.01,20.09,8.15,14.18
2023-05-20,23.59,22.64,9.64,16.6
2023-05-21,21.59,22.06,11.01,16.06
2023-05-22,18.18,11.35,2.25,7.95
2023-05-23,24.58,14.75,0.69,8.36
2023-05-24,21.65,16.41,4.52,11.07
2023-05-25,14.86,13.29,4.79,8.54
2023-05-26,14.99,15.64,4.61,9.51
2023-05-27,12.47,11.27,5.04,8.15
2023-05-28,16.19,16.52,4.25,10.47
2023-05-29,21.91,16.77,7.29,11.92
2023-05-30,29.24,18.99,5.56,12.73
2023-05-31,22.98,16.22,6.7,11.52
2023-06-01,21.93,17.97,6.71,11.65
2023-06-02,20.77,16.31,6.22,10.7
2023-06-03,22.95,17.27,8.08,12.42
2023-06-04,25.93,19.42,7.59,14.27
2023-06-05,27.98,21.38,11.03,15.72
2023-06-06,30.28,20.26,6.59,12.68
2023-06-07,25.43,21.5,8.66,15.45
2023-06-08,19.03,19.39,9.71,14.52
2023-06-09,9.59,15.83,10.08,13.31
2023-06-10,22.2,19.67,9.22,14.93
2023-06-11,24.96,22.62,10.06,15.82
2023-06-12,27.57,21.15,9.52,15.23
2023-06-13,25.9,22.32,11.09,16.7
2023-06-14,6.53,11.04,4.54,7.53
2023-06-15,17.48,13.54,4.15,8.41
2023-06-16,23.43,15.96,2.5,10.64
2023-06-17,18.59,15.87,8.54,11.53
2023-06-18,18.42,10.04,2.21,6.93
2023-06-19,18.46,10.17,0.76,5.36
2023-06-20,17.49,9.7,0.84,5.15
2023-06-21,16.84,9.66,0.65,5.65
2023-06-22,27.65,16.17,3.16,10.47
2023-06-23,25.95,19.39,4.16,12.75
2023-06-24,28.21,18.65,7.8,11.95
2023-06-25,25.99,17.56,8.67,13.21
2023-06-26,26.47,20.07,8.41,14.69
2023-06-27,22.36,21.24,10.67,16.22
2023-06-28,22.83,20.3,8.19,15.17
2023-06-29,27.81,21.63,9.88,16.3
2023-06-30,29.66,23.65,11.56,17.7
2023-07-01,31.72,22.39,8.27,15.77
2023-07-02,31.81,19.52,6.34,13.22
2023-07-03,29.5,18.25,2.49,11.07
2023-07-04,25.46,16.04,6.11,10.97
2023-07-05,26.78,19.99,7,14.14
2023-07-06,24.47,20.76,9.37,15.24
2023-07-07,24.68,20.45,7.02,14.01
2023-07-08,26.81,22.82,8.11,16.61
2023-07-09,24.87,25.21,13.18,19.87
2023-07-10,21.56,24.01,11.81,17.74
2023-07-11,10.56,14.87,9.46,12.36
2023-07-12,24.97,20.32,8.53,15.04
2023-07-13,21.62,19.4,10.74,15.34
2023-07-14,22.4,20.11,10.73,15.94
2023-07-15,26.78,22.96,11.11,17.3
2023-07-16,27.94,24.68,13.38,18.95
2023-07-17,27.32,21.69,8.69,16.61
2023-07-18,30.02,19.68,5.9,13.47
2023-07-19,29.56,22.06,6.54,15.12
2023-07-20,28.66,25.15,8.5,18.15
2023-07-21,28.65,29.42,13.27,20.84
2023-07-22,30.02,25.8,12.28,19.36
2023-07-23,29.97,28.13,11.67,20.59
2023-07-24,24.95,28.12,13.71,20.57
2023-07-25,20.82,20.38,7.58,15.05
2023-07-26,29.76,20.24,5.49,13.21
2023-07-27,27.43,21.78,8.68,15.48
2023-07-28,25.16,21.63,7.01,14.15
2023-07-29,24.86,26.52,8.6,18.47
2023-07-30,24.83,27.42,12.73,19.52
2023-07-31,27.94,25.84,11.36,18.55
2023-08-01,29.09,25.6,9.46,18.57
2023-08-02,27.67,28.93,13.89,21.19
2023-08-03,28.06,28.42,11.54,19.86
2023-08-04,22.66,25.47,10.84,18.02
2023-08-05,15.26,14.86,10.23,12.79
2023-08-06,17.25,18.01,9.75,14.2
2023-08-07,17.46,22.37,10.3,16.53
2023-08-08,18.16,21.14,11.94,16.25
2023-08-09,11.32,19.59,10.42,15.06
2023-08-10,17.47,19.64,8.86,14.25
2023-08-11,23.69,21.9,7.51,14.99
2023-08-12,19.74,20.12,9.7,14.27
2023-08-13,25.99,25.87,7.71,17.67
2023-08-14,26.16,29.29,12.95,21.63
2023-08-15,25.31,30.94,16.87,23.3
2023-08-16,24.74,30.3,14.88,22.35
2023-08-17,23.38,29.97,13.33,22
2023-08-18,19.85,25.06,7.49,18.39
2023-08-19,24.43,20.96,4.29,11.85
2023-08-20,16.37,19.23,7.75,13.89
2023-08-21,7.45,15.26,10.87,13.21
2023-08-22,9.41,20.44,11.5,15.1
2023-08-23,19.57,17.81,5.44,12.12
2023-08-24,22.22,19.41,3.21,11.52
2023-08-25,15.36,22.76,6.33,14.33
2023-08-26,23.32,23.41,8.36,16.47
2023-08-27,22.86,25.77,13.54,18.95
2023-08-28,22.93,27.57,12.12,18.89
2023-08-29,20.89,28.26,11.8,19.08
2023-08-30,3.38,11.05,7.3,8.49
2023-08-31,12.28,15.58,8.33,10.56
2023-09-01,21.28,21.71,5.17,13.38
2023-09-02,21.14,22.44,6.68,14.72
2023-09-03,9.24,18.95,9.4,13.76
2023-09-04,10.57,15.77,8.9,11.48
2023-09-05,16.13,16.9,6.78,11.46
2023-09-06,13.81,18.2,6.81,12.36
2023-09-07,18.41,17.02,3.79,11.41
2023-09-08,15.74,16.66,6.95,11.97
2023-09-09,19.58,18.66,3.74,10.93
2023-09-10,20.86,20.75,3.53,12.48
2023-09-11,16.34,21.84,8.37,14.94
2023-09-12,15.26,20.1,9.21,13.81
2023-09-13,13.94,17.47,6.54,11.36
2023-09-14,20.31,18.85,6.26,12
2023-09-15,20.21,20.65,6.04,13.05
2023-09-16,20,22.07,7.35,14.18
2023-09-17,11.4,20.29,6.31,12.98
2023-09-18,16.08,17.82,5.42,11.35
2023-09-19,9.7,10.03,1.78,5.72
2023-09-20,12.4,12.06,1.85,6.1
2023-09-21,12.85,10.46,1.17,4.97
2023-09-22,6.13,9.65,4.42,6.86
2023-09-23,12.32,12.6,4.21,7.31
2023-09-24,10.2,14.33,3.47,7.69
2023-09-25,11.49,18.44,3.56,10.52
2023-09-26,7.98,13.99,4.57,8.84
2023-09-27,5.54,10.81,3.09,5.57
2023-09-28,8.64,8.23,1.11,4.26
2023-09-29,12.23,8.84,0.94,4.18
2023-09-30,4.35,3.59,0.03,1.35
