siteId,labno,dateOn,dateOff,yrmonth,ph,Conduc,flagCa,Ca,flagMg,Mg,flagK,K,flagNa,na,flagNH4,NH4,flagNO3,NO3,flagCl,Cl,flagSO4,SO4,svol,ppt,subppt,valcode,invalcode,modifiedOn
MT05,TC9093SW,1/2/2007 16:09,1/9/2007 16:40,200701,5.57,3.9, ,0.105, ,0.008, ,0.007, ,0.041, ,0.053, ,0.221, ,0.049, ,0.2,1755.4,-9.99,25.856,w ,            ,
MT05,TC9355SW,1/9/2007 16:41,1/16/2007 16:00,200701,-9,-9, ,-9, ,-9, ,-9, ,-9, ,-9, ,-9, ,-9, ,-9,19.3,0.254,0.254,  ,v           ,
MT05,TC9636SW,1/16/2007 16:01,1/23/2007 16:45,200701,5.08,4.9, ,0.032, ,0.004, ,0.008, ,0.032, ,0.081, ,0.484, ,0.051, ,0.254,837.3,10.668,10.668,w ,            ,
MT05,TC9889SW,1/23/2007 16:46,1/30/2007 16:40,200701,5.94,2.4, ,0.22, ,0.007, ,0.025, ,0.054,<,0.004, ,0.088, ,0.056, ,0.139,210.6,3.81,3.81,w ,            ,
MT05,TD0092SW,1/30/2007 16:41,2/6/2007 16:20,200702,4.84,7.6, ,0.064, ,0.008, ,0.006, ,0.032, ,0.073, ,0.732, ,0.026, ,0.35,410.4,9.144,9.144,w ,            ,
MT05,TD0164SW,2/6/2007 16:21,2/13/2007 16:23,200702,5,6.1, ,0.046, ,0.008, ,0.007, ,0.016, ,0.126, ,0.899, ,0.025, ,0.18,466,8.128,8.128,w ,            ,
MT05,TD0637SW,2/13/2007 16:24,2/20/2007 15:56,200702,5.23,3.6, ,0.017, ,0.002, ,0.004, ,0.012, ,0.054, ,0.297, ,0.017, ,0.149,1181.1,-9.99,17.397,w ,            ,
MT05,TD0950SW,2/20/2007 15:57,2/27/2007 16:15,200702,5.31,3.1, ,0.02, ,0.002, ,0.003, ,0.019, ,0.065, ,0.269, ,0.029, ,0.114,1309.6,20.066,20.066,w ,            ,
MT05,TD1242SW,2/27/2007 16:16,3/6/2007 17:02,200703,5.18,3.7, ,0.031, ,0.004, ,0.005, ,0.025, ,0.032, ,0.397, ,0.04, ,0.071,234.1,3.556,3.556,w ,            ,
MT05,TD1437SW,3/6/2007 17:03,3/13/2007 15:31,200703,5.34,3.4, ,0.042, ,0.004, ,0.007, ,0.014, ,0.098, ,0.193, ,0.026, ,0.193,876.3,14.478,14.478,w ,            ,
MT05,TD1688SW,3/13/2007 15:32,3/20/2007 14:20,200703,5.31,3.8, ,0.035, ,0.004, ,0.01, ,0.02, ,0.169, ,0.384, ,0.028, ,0.256,768,8.636,8.636,w ,            ,
MT05,TD1967SW,3/20/2007 14:21,3/27/2007 15:05,200703,5.55,3.9, ,0.095, ,0.011, ,0.016, ,0.046, ,0.186, ,0.37, ,0.047, ,0.405,1205.4,23.114,23.114,w ,            ,
MT05,TD2235SW,3/27/2007 15:06,4/3/2007 15:00,200703,5.59,6.1, ,0.119, ,0.013, ,0.024, ,0.047, ,0.448, ,0.88, ,0.059, ,0.654,627.7,10.414,10.414,w ,            ,
MT05,TD2498SW,4/3/2007 15:01,4/10/2007 14:35,200704,5.62,5.3, ,0.199, ,0.025, ,0.028, ,0.044, ,0.305, ,0.715, ,0.065, ,0.581,530.7,10.668,10.668,w ,            ,
MT05,TD2772SW,4/10/2007 14:36,4/17/2007 14:45,200704,5.61,5.3, ,0.149, ,0.019, ,0.014, ,0.055, ,0.191, ,0.388, ,0.085, ,0.442,637.2,9.652,9.652,w ,            ,
MT05,TD3024SW,4/17/2007 14:46,4/24/2007 15:35,200704,4.77,10.2, ,0.136, ,0.016, ,0.014, ,0.056, ,0.179, ,1.111, ,0.079, ,0.765,329.4,9.144,9.144,w ,            ,
MT05,TD3376SW,4/24/2007 15:36,5/1/2007 15:00,200704,-9,-9, ,-9, ,-9, ,-9, ,-9, ,-9, ,-9, ,-9, ,-9,13.7,0.254,0.254,  ,v           ,
MT05,TD3642SW,5/1/2007 15:01,5/8/2007 15:00,200705,5.36,3.2, ,0.041, ,0.006, ,0.016, ,0.014, ,0.09, ,0.228, ,0.022, ,0.229,1704.3,27.94,27.94,w ,            ,
MT05,TD3898SW,5/8/2007 15:01,5/15/2007 15:40,200705,5.37,6.9, ,0.229, ,0.034, ,0.039, ,0.042, ,0.337, ,0.761, ,0.041, ,0.879,749.6,10.414,10.414,w ,            ,
MT05,TD4154SW,5/15/2007 15:41,5/22/2007 14:30,200705,4.99,8.8, ,0.133, ,0.017, ,0.034, ,0.041, ,0.279, ,0.473, ,0.045, ,1.173,170.4,2.54,2.54,w ,            ,
MT05,TD4434SW,5/22/2007 14:31,5/29/2007 15:30,200705,5.1,5.6, ,0.113, ,0.014, ,0.029, ,0.019, ,0.129, ,0.483, ,0.042, ,0.479,1302.5,22.352,22.352,w ,            ,
MT05,TD4600SW,5/29/2007 15:31,6/5/2007 15:50,200706,-9,-9, ,-9, ,-9, ,-9, ,-9, ,-9, ,-9, ,-9, ,-9,-9,5.588,5.588,  ,c           ,
MT05,TD4906SW,6/5/2007 15:51,6/12/2007 15:05,200706,5.21,4.3, ,0.052, ,0.008, ,0.02, ,0.013, ,0.122, ,0.351, ,0.028, ,0.316,1449.1,22.86,22.86,w ,            ,
MT05,TD5269SW,6/12/2007 15:06,6/19/2007 15:15,200706,5.16,4.9, ,0.069, ,0.009, ,0.023, ,0.014, ,0.138, ,0.381, ,0.023, ,0.365,2356.2,38.1,38.1,w ,            ,
MT05,TD5425SW,6/19/2007 15:16,6/26/2007 14:35,200706,5.16,5.2, ,0.103, ,0.015, ,0.028, ,0.031, ,0.133, ,0.358, ,0.044, ,0.521,366.9,5.334,5.334,w ,            ,
MT05,TD6056SW,6/26/2007 14:36,7/3/2007 14:30,200706,-9,-9, ,-9, ,-9, ,-9, ,-9, ,-9, ,-9, ,-9, ,-9,27.1,0.508,0.508,  ,c           ,8/15/2008
MT05,TD6372SW,7/3/2007 14:35,7/10/2007 14:40,200707,-9,-9, ,-9, ,-9, ,-9, ,-9, ,-9, ,-9, ,-9, ,-9,-9,0,0,d ,            ,
MT05,TD6262SW,7/10/2007 14:41,7/17/2007 14:15,200707,-9,-9, ,-9, ,-9, ,-9, ,-9, ,-9, ,-9, ,-9, ,-9,1.5,0,0,d ,            ,
MT05,TD6580SW,7/17/2007 14:18,7/24/2007 14:35,200707,-9,-9, ,-9, ,-9, ,-9, ,-9, ,-9, ,-9, ,-9, ,-9,1139.6,17.272,17.272,  ,c           ,
MT05,TD6783SW,7/24/2007 14:36,7/31/2007 15:00,200707,6.3,14.7, ,0.56, ,0.075, ,0.122, ,0.049, ,1.431, ,2.118, ,0.136, ,0.806,87.2,1.27,1.27,w ,            ,
MT05,TD7113SW,7/31/2007 15:01,8/7/2007 14:45,200708,-9,-9, ,-9, ,-9, ,-9, ,-9, ,-9, ,-9, ,-9, ,-9,3.1,-7,0.127,t ,            ,
MT05,TD7385SW,8/7/2007 14:46,8/14/2007 15:00,200708,-9,-9, ,-9, ,-9, ,-9, ,-9, ,-9, ,-9, ,-9, ,-9,18.1,0.254,0.254,  ,v           ,
MT05,TD7572SW,8/14/2007 15:01,8/21/2007 14:35,200708,6.32,6.9, ,0.261, ,0.028, ,0.04, ,0.018, ,0.683, ,0.593, ,0.063, ,0.418,63.1,1.016,1.016,w ,            ,
MT05,TD7933SW,8/21/2007 14:36,8/28/2007 15:00,200708,5.47,10.5, ,0.605, ,0.073, ,0.054, ,0.048, ,0.569, ,1.229, ,0.169, ,0.744,21.2,0.254,0.254,wd,            ,8/15/2008
MT05,TD8193SW,8/28/2007 15:01,9/4/2007 14:50,200709,5.28,5.5, ,0.169, ,0.021, ,0.039, ,0.013, ,0.174, ,0.8, ,0.04, ,0.336,404.8,6.096,6.096,w ,            ,
MT05,TD8416SW,9/4/2007 14:53,9/11/2007 15:02,200709,-9,-9, ,-9, ,-9, ,-9, ,-9, ,-9, ,-9, ,-9, ,-9,9.3,-7,0.127,t ,            ,
MT05,TD8728SW,9/11/2007 15:03,9/18/2007 14:15,200709,5.5,4.9, ,0.215, ,0.023, ,0.056, ,0.02, ,0.203, ,0.569, ,0.039, ,0.42,581.7,8.636,8.636,w ,            ,
MT05,TD8997SW,9/18/2007 14:16,9/25/2007 15:00,200709,5.4,3.4, ,0.043, ,0.005, ,0.011, ,0.006, ,0.138, ,0.378, ,0.019, ,0.163,787.6,14.732,14.732,w ,            ,
MT05,TD9194SW,9/25/2007 15:01,10/2/2007 14:45,200709,5.18,5, ,0.073, ,0.007, ,0.016, ,0.021, ,0.175, ,0.505, ,0.029, ,0.375,1207.1,19.558,19.558,w ,            ,
MT05,TD9544SW,10/2/2007 14:48,10/9/2007 14:45,200710,5.28,3.8, ,0.059, ,0.007, ,0.015, ,0.023, ,0.093, ,0.281, ,0.026, ,0.287,1944.4,29.972,29.972,w ,            ,
MT05,TD9790SW,10/9/2007 14:46,10/16/2007 14:50,200710,5.64,5.7, ,0.35, ,0.037, ,0.029, ,0.043, ,0.18, ,0.938, ,0.077, ,0.404,57,0.762,0.762,w ,            ,
MT05,TE0008SW,10/16/2007 14:52,10/23/2007 14:45,200710,5.38,2.8, ,0.017, ,0.004, ,0.01, ,0.025, ,0.045, ,0.155, ,0.044, ,0.127,1839.8,31.75,31.75,w ,            ,
MT05,TE0267SW,10/23/2007 14:46,10/30/2007 14:52,200710,5.65,8, ,0.128, ,0.018, ,0.058, ,0.033, ,0.705, ,1.492, ,0.114, ,0.602,120.1,2.032,2.032,w ,            ,
MT05,TE0538SW,10/30/2007 14:55,11/6/2007 16:35,200711,-9,-9, ,-9, ,-9, ,-9, ,-9, ,-9, ,-9, ,-9, ,-9,20.5,0.254,0.254,  ,v           ,
MT05,TE0814SW,11/6/2007 16:36,11/13/2007 16:05,200711,5.28,5.4, ,0.077, ,0.009, ,0.025, ,0.02, ,0.238, ,0.525, ,0.041, ,0.482,715,22.606,22.606,w ,            ,
MT05,TE1063SW,11/13/2007 16:06,11/20/2007 16:40,200711,5.18,3.8, ,0.028, ,0.004, ,0.012, ,0.012, ,0.053, ,0.216, ,0.014, ,0.193,1697.8,28.702,28.702,w ,            ,
MT05,TE1441SW,11/20/2007 16:41,11/27/2007 15:35,200711,5.11,4.7, ,0.072, ,0.007, ,0.007, ,0.022, ,0.032, ,0.583, ,0.031, ,0.11,222.2,3.302,3.302,w ,            ,
MT05,TE1630SW,11/27/2007 15:36,12/4/2007 15:39,200712,5.49,1.9, ,0.013,<,0.001, ,0.004, ,0.01, ,0.023, ,0.11, ,0.017, ,0.045,2648.6,44.958,44.958,w ,            ,
MT05,TE1972SW,12/4/2007 15:40,12/11/2007 15:25,200712,5.22,4.6, ,0.06, ,0.022, ,0.014, ,0.083, ,0.059, ,0.342, ,0.134, ,0.248,319.9,8.128,8.128,w ,            ,
MT05,TE2242SW,12/11/2007 15:26,12/18/2007 16:40,200712,4.8,8.6, ,0.039, ,0.004, ,0.008, ,0.024, ,0.084, ,0.932, ,0.048, ,0.346,673.6,12.7,12.7,w ,            ,
MT05,TE2578SW,12/18/2007 16:46,12/24/2007 16:22,200712,5.24,3.4, ,0.018, ,0.002, ,0.006, ,0.022, ,0.043, ,0.245, ,0.028, ,0.144,1560.4,22.606,22.606,w ,            ,
MT05,TE2607SW,12/24/2007 16:22,12/31/2007 16:45,200712,5.19,3.5, ,0.017, ,0.002, ,0.003, ,0.026, ,0.055, ,0.392, ,0.047, ,0.076,851.1,18.288,18.288,w ,            ,
MT05,TE2906SW,12/31/2007 16:46,1/8/2008 15:40,200801,-9,-9, ,-9, ,-9, ,-9, ,-9, ,-9, ,-9, ,-9, ,-9,1776.6,31.242,31.242,  ,u           ,
MT05,TE3220SW,1/8/2008 15:41,1/15/2008 16:00,200801,5.15,4.5, ,0.023, ,0.004, ,0.004, ,0.031, ,0.076, ,0.468, ,0.044, ,0.157,930,20.32,20.32,w ,            ,
MT05,TE3460SW,1/15/2008 16:01,1/22/2008 15:45,200801,5.07,5.2, ,0.038, ,0.004, ,0.009, ,0.018, ,0.075, ,0.547, ,0.026, ,0.226,433.6,7.874,7.874,w ,            ,
MT05,TE3813SW,1/22/2008 15:46,1/29/2008 16:40,200801,5.37,3, ,0.019, ,0.002, ,0.004, ,0.012, ,0.068, ,0.295, ,0.017, ,0.098,659.2,34.798,34.798,w ,            ,
MT05,TE4253SW,1/29/2008 16:41,2/5/2008 15:55,200802,5.28,3.7, ,0.027, ,0.004, ,0.003, ,0.031, ,0.051, ,0.34, ,0.044, ,0.094,1530.6,34.798,34.798,w ,            ,
MT05,TE4406SW,2/5/2008 16:00,2/12/2008 16:10,200802,5.22,4.3, ,0.032, ,0.004, ,0.006, ,0.032, ,0.093, ,0.387, ,0.047, ,0.184,1407,34.036,34.036,w ,            ,
MT05,TE4598SW,2/12/2008 16:11,2/19/2008 16:15,200802,5.08,4.4, ,0.026, ,0.003, ,0.004, ,0.013, ,0.053, ,0.382, ,0.023, ,0.172,1644.6,25.4,25.4,w ,            ,
MT05,TE4833SW,2/19/2008 16:16,2/26/2008 16:09,200802,-9,-9, ,-9, ,-9, ,-9, ,-9, ,-9, ,-9, ,-9, ,-9,1.9,0,0,d ,            ,
MT05,TE5181SW,2/26/2008 16:10,3/4/2008 16:40,200803,5.45,5.7, ,0.203, ,0.018, ,0.012, ,0.056, ,0.208, ,0.612, ,0.072, ,0.615,619.7,12.446,12.446,w ,            ,
MT05,TE5303SW,3/4/2008 16:42,3/11/2008 14:15,200803,5.47,4.4, ,0.18, ,0.009, ,0.005, ,0.014, ,0.135, ,0.567, ,0.022, ,0.331,349.9,5.08,5.08,w ,            ,
MT05,TE5607SW,3/11/2008 14:16,3/18/2008 15:00,200803,5.34,5.3, ,0.076, ,0.011, ,0.01, ,0.041, ,0.274, ,0.584, ,0.055, ,0.461,1087.3,17.272,17.272,w ,            ,
MT05,TE5979SW,3/18/2008 15:01,3/25/2008 16:10,200803,5.41,7.4, ,0.215, ,0.023, ,0.031, ,0.069, ,0.369, ,0.762, ,0.076, ,1.005,225.2,4.318,4.318,w ,            ,
MT05,TE6143SW,3/25/2008 16:11,4/1/2008 15:35,200803,5.34,4.2, ,0.049, ,0.006, ,0.006, ,0.018, ,0.143, ,0.444, ,0.022, ,0.31,1445.9,35.052,35.052,w ,            ,
MT05,TE6390SW,4/1/2008 15:36,4/8/2008 15:50,200804,5.91,8, ,0.244, ,0.03, ,0.023, ,0.095, ,0.577, ,0.987, ,0.095, ,0.915,185.3,4.318,4.318,w ,            ,
MT05,TE6660SW,4/8/2008 15:51,4/15/2008 14:53,200804,6.13,10.8, ,0.278, ,0.033, ,0.051, ,0.148, ,0.922, ,1.784, ,0.112, ,1.352,262,3.81,3.81,w ,            ,
MT05,TE7016SW,4/15/2008 14:54,4/22/2008 14:50,200804,-9,-9, ,-9, ,-9, ,-9, ,-9, ,-9, ,-9, ,-9, ,-9,193.7,2.794,2.794,  ,c           ,
MT05,TE7178SW,4/22/2008 14:51,4/29/2008 15:15,200804,6.06,5, ,0.092, ,0.012, ,0.022, ,0.041, ,0.475, ,0.614, ,0.046, ,0.409,612.5,9.144,9.144,w ,            ,
MT05,TE7452SW,4/29/2008 15:16,5/6/2008 15:15,200805,6.09,7.3, ,0.21, ,0.029, ,0.034, ,0.043, ,0.617, ,0.909, ,0.058, ,0.924,498.7,7.366,7.366,w ,            ,
MT05,TE7700SW,5/6/2008 15:16,5/13/2008 14:30,200805,5.42,4.6, ,0.089, ,0.011, ,0.019, ,0.014, ,0.229, ,0.397, ,0.02, ,0.539,2394,36.068,36.068,w ,            ,
MT05,TE7964SW,5/13/2008 14:31,5/20/2008 15:45,200805,4.58,14.2, ,0.217, ,0.031, ,0.053, ,0.064, ,0.015, ,0.75, ,0.079, ,1.003,78,1.778,1.778,w ,            ,
MT05,TE8215SW,5/20/2008 15:46,5/27/2008 15:20,200805,5.37,4.1, ,0.083, ,0.013, ,0.016, ,0.014, ,0.15, ,0.411, ,0.02, ,0.353,1399.7,20.574,20.574,w ,            ,
MT05,TE8619SW,5/27/2008 15:21,6/3/2008 15:25,200805,5.22,4.8, ,0.061, ,0.008, ,0.016, ,0.011, ,0.173, ,0.373, ,0.022, ,0.383,1265.6,18.796,18.796,w ,            ,
MT05,TE8867SW,6/3/2008 15:26,6/10/2008 14:45,200806,5.23,4.6, ,0.045, ,0.006, ,0.022, ,0.01, ,0.094, ,0.313, ,0.014, ,0.292,2693.3,-9.99,39.671,w ,            ,
MT05,TE8986SW,6/10/2008 14:46,6/17/2008 15:15,200806,5.16,4.3, ,0.025, ,0.003, ,0.006, ,0.009, ,0.06, ,0.242, ,0.013, ,0.205,1070.3,-9.99,15.765,w ,            ,
MT05,TE9335SW,6/17/2008 15:16,6/24/2008 15:20,200806,-9,-9, ,-9, ,-9, ,-9, ,-9, ,-9, ,-9, ,-9, ,-9,205.2,7.366,7.366,  ,bc          ,
MT05,TE9857SW,6/24/2008 15:21,7/1/2008 19:29,200806,5.99,9.6, ,0.582, ,0.061, ,0.061, ,0.042, ,0.637, ,1.226, ,0.096, ,1.064,256.9,4.064,4.064,w ,            ,
MT05,TE9903SW,7/1/2008 19:30,7/8/2008 16:10,200807,5.94,5.8, ,0.371, ,0.03, ,0.044, ,0.047, ,0.273, ,0.805, ,0.072, ,0.476,396.6,5.842,5.842,w ,            ,
MT05,TF0101SW,7/8/2008 16:10,7/15/2008 15:00,200807,-9,-9, ,-9, ,-9, ,-9, ,-9, ,-9, ,-9, ,-9, ,-9,0,0,0,d ,            ,
MT05,TF0331SW,7/15/2008 15:01,7/22/2008 15:00,200807,-9,-9, ,-9, ,-9, ,-9, ,-9, ,-9, ,-9, ,-9, ,-9,18.8,0.254,0.254,  ,c           ,
MT05,TF0564SW,7/22/2008 15:01,7/29/2008 16:20,200807,4.99,9.6, ,0.381, ,0.022, ,0.034, ,0.036, ,0.382, ,0.961, ,0.079, ,0.681,376.6,5.588,5.588,w ,            ,
MT05,TF1109SW,7/29/2008 16:21,8/5/2008 15:30,200808,-9,-9, ,-9, ,-9, ,-9, ,-9, ,-9, ,-9, ,-9, ,-9,-9,0,0,d ,            ,
MT05,TF1218SW,8/5/2008 15:31,8/12/2008 15:59,200808,6.51,10.9, ,0.832, ,0.069, ,0.039, ,0.095, ,0.626, ,1.827, ,0.147, ,0.661,91.2,1.27,1.27,w ,            ,
MT05,TF1499SW,8/12/2008 16:05,8/19/2008 15:40,200808,-9,-9, ,-9, ,-9, ,-9, ,-9, ,-9, ,-9, ,-9, ,-9,1,0,0,d ,            ,
MT05,TF1755SW,8/19/2008 15:41,8/26/2008 15:22,200808,4.95,6.2, ,0.085, ,0.012, ,0.027, ,0.016, ,0.064, ,0.455, ,0.034, ,0.355,2246.9,35.56,35.56,w ,            ,
MT05,TF1876SW,8/26/2008 15:23,9/2/2008 15:30,200808,5.08,6, ,0.091, ,0.013, ,0.029, ,0.031, ,0.118, ,0.444, ,0.04, ,0.551,974.6,13.97,13.97,w ,            ,
MT05,TF2496SW,9/2/2008 15:35,9/9/2008 15:29,200809,-9,-9, ,-9, ,-9, ,-9, ,-9, ,-9, ,-9, ,-9, ,-9,295.6,5.334,5.334,  ,c           ,
MT05,TF2444SW,9/9/2008 15:30,9/16/2008 15:45,200809,4.88,8.3, ,0.135, ,0.019, ,0.032, ,0.009, ,0.099, ,0.765, ,0.036, ,0.599,400.6,6.096,6.096,w ,            ,
MT05,TF2726SW,9/16/2008 15:46,9/23/2008 15:47,200809,5.32,4.1, ,0.075, ,0.009, ,0.013, ,0.011, ,0.105, ,0.344, ,0.025, ,0.295,1710.5,26.416,26.416,w ,            ,
MT05,TF2967SW,9/23/2008 15:48,9/30/2008 15:00,200809,-9,-9, ,-9, ,-9, ,-9, ,-9, ,-9, ,-9, ,-9, ,-9,12.4,0,0,d ,            ,
MT05,TF3298SW,9/30/2008 15:01,10/6/2008 17:00,200810,-9,-9, ,-9, ,-9, ,-9, ,-9, ,-9, ,-9, ,-9, ,-9,1354.3,20.574,20.574,  ,u           ,
MT05,TF3474SW,10/6/2008 17:01,10/14/2008 15:00,200810,-9,-9, ,-9, ,-9, ,-9, ,-9, ,-9, ,-9, ,-9, ,-9,207.3,7.112,7.112,  ,bc          ,
MT05,TF3727SW,10/14/2008 15:15,10/21/2008 15:15,200810,-9,-9, ,-9, ,-9, ,-9, ,-9, ,-9, ,-9, ,-9, ,-9,391.9,6.096,6.096,  ,bc          ,
MT05,TF4010SW,10/21/2008 15:16,10/28/2008 15:00,200810,-9,-9, ,-9, ,-9, ,-9, ,-9, ,-9, ,-9, ,-9, ,-9,63.2,1.016,1.016,  ,b           ,
MT05,TF4400SW,10/28/2008 15:02,11/4/2008 16:15,200811,5.32,3.8, ,0.041, ,0.005, ,0.012, ,0.013, ,0.104, ,0.311, ,0.021, ,0.219,657.9,11.684,11.684,w ,            ,
MT05,TF4700SW,11/4/2008 16:16,11/12/2008 16:00,200811,5.36,3.3, ,0.027, ,0.003, ,0.012, ,0.01, ,0.063, ,0.246, ,0.015, ,0.151,2136.7,38.1,38.1,w ,            ,
MT05,TF5376SW,11/12/2008 16:01,11/18/2008 17:00,200811,5.31,2.5, ,0.021, ,0.002, ,0.011, ,0.003,<,0.006, ,0.105, ,0.011, ,0.076,1679.4,21.59,21.59,w ,            ,
MT05,TF5016SW,11/18/2008 17:01,11/25/2008 17:15,200811,-9,-9, ,-9, ,-9, ,-9, ,-9, ,-9, ,-9, ,-9, ,-9,85.8,4.318,4.318,  ,u           ,
MT05,TF5356SW,11/25/2008 17:16,12/2/2008 18:15,200811,-9,-9, ,-9, ,-9, ,-9, ,-9, ,-9, ,-9, ,-9, ,-9,420.5,14.732,14.732,  ,u           ,
MT05,TF5678SW,12/2/2008 18:18,12/9/2008 18:00,200812,-9,-9, ,-9, ,-9, ,-9, ,-9, ,-9, ,-9, ,-9, ,-9,843.8,18.542,18.542,  ,b           ,
MT05,TF5905SW,12/9/2008 18:01,12/16/2008 18:30,200812,5.11,4.6, ,0.079, ,0.01, ,0.015, ,0.033, ,0.055, ,0.378, ,0.056, ,0.299,226.3,20.574,20.574,w ,            ,
MT05,TF6123SW,12/16/2008 18:31,12/23/2008 16:45,200812,4.95,5.7, ,0.06, ,0.008, ,0.006, ,0.017, ,0.008, ,0.718, ,0.051, ,0.154,178.2,23.876,23.876,w ,            ,
MT05,TF6317SW,12/23/2008 18:00,12/30/2008 18:15,200812,5.24,3.4, ,0.018, ,0.002, ,0.002, ,0.009, ,0.009, ,0.305, ,0.019, ,0.089,3235.4,59.69,59.69,w ,            ,
MT05,TF6645SW,12/30/2008 18:15,1/6/2009 16:45,200901,-9,-9, ,-9, ,-9, ,-9, ,-9, ,-9, ,-9, ,-9, ,-9,1460,48.768,48.768,  ,b           ,
MT05,TF6787SW,1/6/2009 16:46,1/13/2009 16:15,200901,-9,-9, ,-9,<,-9, ,-9, ,-9, ,-9, ,-9, ,-9, ,-9,5698.6,83.566,83.566,  ,b           ,
MT05,TF7142SW,1/13/2009 16:16,1/20/2009 16:00,200901,-9,-9, ,-9, ,-9, ,-9, ,-9, ,-9, ,-9, ,-9, ,-9,1.6,0.254,0.254,  ,v           ,
MT05,TF7334SW,1/20/2009 16:01,1/27/2009 17:00,200901,5.24,4.7, ,0.16, ,0.016, ,0.007, ,0.086,<,0.006, ,0.709, ,0.084, ,0.204,73,1.016,1.016,w ,            ,
MT05,TF7603SW,1/27/2009 17:01,2/3/2009 16:00,200901,5.22,3.8, ,0.052, ,0.007, ,0.004, ,0.038, ,0.051, ,0.409, ,0.045, ,0.17,508.8,11.938,11.938,w ,            ,
MT05,TF8169SW,2/3/2009 16:15,2/10/2009 15:45,200902,5.06,5.2, ,0.023, ,0.002, ,0.003, ,0.011, ,0.052, ,0.521, ,0.023, ,0.223,831.6,13.716,13.716,w ,            ,
MT05,TF8149SW,2/10/2009 15:50,2/17/2009 16:30,200902,5.28,4.7, ,0.073, ,0.008, ,0.004, ,0.048, ,0.129, ,0.741, ,0.066, ,0.121,186.6,8.128,8.128,w ,            ,
MT05,TF8371SW,2/17/2009 16:35,2/24/2009 16:15,200902,5.3,3.5, ,0.05, ,0.005, ,0.007, ,0.013, ,0.084, ,0.365, ,0.021, ,0.195,940.5,16.256,16.256,w ,            ,
MT05,TF8619SW,2/24/2009 16:20,3/3/2009 15:30,200902,-9,-9, ,-9, ,-9, ,-9, ,-9, ,-9, ,-9, ,-9, ,-9,132.9,38.608,38.608,  ,u           ,
MT05,TF9081SW,3/3/2009 15:40,3/10/2009 18:45,200903,5.3,3.1, ,0.049, ,0.005, ,0.006, ,0.012, ,0.057, ,0.267, ,0.02, ,0.163,1358,33.528,33.528,w ,            ,
MT05,TF9122SW,3/10/2009 18:50,3/17/2009 15:45,200903,5.99,3.4, ,0.133, ,0.015, ,0.012, ,0.046, ,0.184, ,0.402, ,0.064, ,0.309,584.5,9.398,9.398,w ,            ,
MT05,TF9417SW,3/17/2009 15:50,3/24/2009 14:45,200903,5.97,4.2, ,0.149, ,0.017, ,0.014, ,0.052, ,0.273, ,0.485, ,0.059, ,0.412,755.5,12.954,12.954,w ,            ,
MT05,TF9695SW,3/24/2009 14:50,3/31/2009 15:45,200903,5.55,2.9, ,0.062, ,0.007, ,0.007, ,0.018, ,0.129, ,0.399, ,0.027, ,0.185,1363,26.67,26.67,w ,            ,
MT05,TF9953SW,3/31/2009 15:50,4/7/2009 14:15,200904,5.23,3.7, ,0.036, ,0.004, ,0.019, ,0.023, ,0.075, ,0.454, ,0.035, ,0.166,580.3,11.43,11.43,w ,            ,
MT05,TG0286SW,4/7/2009 14:25,4/14/2009 14:45,200904,5.66,2.5, ,0.05, ,0.007, ,0.015, ,0.008, ,0.131, ,0.257, ,0.02, ,0.138,254.2,4.318,4.318,w ,            ,
MT05,TG0390SW,4/14/2009 14:55,4/21/2009 14:45,200904,5.8,5.7, ,0.084, ,0.015, ,0.036, ,0.036, ,0.511, ,0.669, ,0.06, ,0.672,178.6,2.794,2.794,w ,            ,
MT05,TG0750SW,4/21/2009 14:55,4/28/2009 15:00,200904,4.85,10.1, ,0.118, ,0.015, ,0.022, ,0.025, ,0.258, ,0.982, ,0.091, ,0.887,1188.7,19.812,19.812,w ,            ,
MT05,TG0943SW,4/28/2009 15:10,5/5/2009 16:00,200905,5.7,2.8, ,0.032, ,0.004, ,0.009, ,0.015, ,0.112, ,0.13, ,0.02, ,0.18,772.8,15.748,15.748,w ,            ,
MT05,TG1205SW,5/5/2009 16:05,5/12/2009 14:30,200905,5.78,3.6, ,0.084, ,0.013, ,0.039, ,0.022, ,0.229, ,0.31, ,0.039, ,0.345,1509.8,23.368,23.368,w ,            ,
MT05,TG1471SW,5/12/2009 14:45,5/19/2009 16:45,200905,5.81,4.1, ,0.121, ,0.015, ,0.028, ,0.033, ,0.202, ,0.374, ,0.032, ,0.354,2535.6,40.132,40.132,w ,            ,
MT05,TG1578SW,5/19/2009 16:46,5/26/2009 14:30,200905,6.09,7.4, ,0.267, ,0.04, ,0.062, ,0.023, ,0.648, ,0.844, ,0.041, ,0.734,986.8,14.986,14.986,w ,            ,
MT05,TG1932SW,5/26/2009 14:45,6/2/2009 14:30,200905,-9,-9, ,-9, ,-9, ,-9, ,-9, ,-9, ,-9, ,-9, ,-9,0.9,0,0,d ,            ,
MT05,TG2281SW,6/2/2009 14:45,6/9/2009 15:30,200906,5.23,4.7, ,0.11, ,0.016, ,0.032, ,0.021, ,0.022, ,0.278, ,0.022, ,0.415,479.1,7.366,7.366,w ,            ,
MT05,TG2437SW,6/9/2009 15:30,6/16/2009 15:00,200906,4.85,7.8, ,0.173, ,0.022, ,0.037, ,0.015, ,0.015, ,0.025, ,0.045, ,0.448,47.1,0.508,0.508,wd,            ,
MT05,TG2730SW,6/16/2009 15:00,6/23/2009 15:30,200906,5.17,4.6, ,0.053, ,0.008, ,0.023, ,0.017, ,0.14, ,0.39, ,0.033, ,0.321,1899.3,27.686,27.686,w ,            ,
MT05,TG2973SW,6/23/2009 15:30,6/30/2009 14:30,200906,-9,-9, ,-9, ,-9, ,-9, ,-9, ,-9, ,-9, ,-9, ,-9,62.8,1.016,1.016,  ,c           ,
MT05,TG3261SW,6/30/2009 14:30,7/7/2009 15:50,200907,5.27,4.3, ,0.089, ,0.013, ,0.042, ,0.02, ,0.124, ,0.364, ,0.03, ,0.251,575.8,8.382,8.382,w ,            ,
MT05,TG3521SW,7/7/2009 15:50,7/14/2009 14:30,200907,5.2,3.1, ,0.062, ,0.008, ,0.017, ,0.009, ,0.029, ,0.253, ,0.025, ,0.139,1729.5,25.4,25.4,w ,            ,
MT05,TG3775SW,7/14/2009 14:30,7/21/2009 15:45,200907,4.92,5.8, ,0.069, ,0.01, ,0.016, ,0.014,<,0.006, ,0.074, ,0.029, ,0.346,416,7.112,7.112,w ,            ,
MT05,TG4014SW,7/21/2009 15:45,7/28/2009 14:15,200907,5.22,5, ,0.123, ,0.019, ,0.017, ,0.009, ,0.162, ,0.563, ,0.03, ,0.327,831,11.938,11.938,w ,            ,
MT05,TG4271SW,7/28/2009 14:15,8/4/2009 15:30,200908,5.03,4.1, ,0.031, ,0.005, ,0.008, ,0.001,<,0.006, ,0.187, ,0.013, ,0.154,1275.4,18.542,18.542,w ,            ,
MT05,TG4452SW,8/4/2009 15:30,8/11/2009 14:45,200908,4.99,8.9, ,0.301, ,0.043, ,0.04, ,0.03, ,0.255, ,1.214, ,0.088, ,0.559,151.8,2.032,2.032,w ,            ,
MT05,TG4730SW,8/11/2009 14:45,8/18/2009 14:45,200908,5.27,3.8, ,0.034, ,0.004, ,0.018, ,0.016, ,0.124, ,0.385, ,0.04, ,0.186,2359.4,35.306,35.306,w ,            ,
MT05,TG5060SW,8/18/2009 14:45,8/25/2009 18:30,200908,4.68,13.4, ,0.227, ,0.033, ,0.045, ,0.025, ,0.211, ,1.131, ,0.08, ,0.556,56.3,-9.99,0.829,w ,            ,
MT05,TG5338SW,8/25/2009 18:30,9/1/2009 14:30,200908,-9,-9, ,-9, ,-9, ,-9, ,-9, ,-9, ,-9, ,-9, ,-9,1.6,0,0,d ,            ,
MT05,TG5495SW,9/1/2009 14:30,9/8/2009 14:45,200909,-9,-9, ,-9, ,-9, ,-9, ,-9, ,-9, ,-9, ,-9, ,-9,114.2,3.048,3.048,  ,c           ,
MT05,TG5789SW,9/8/2009 14:45,9/15/2009 17:55,200909,-9,-9, ,-9, ,-9, ,-9, ,-9, ,-9, ,-9, ,-9, ,-9,0,0,0,d ,            ,
MT05,TG6006SW,9/15/2009 17:55,9/22/2009 14:15,200909,5.36,5.3, ,0.16, ,0.022, ,0.044, ,0.025, ,0.173, ,0.676, ,0.059, ,0.412,179.5,3.81,3.81,w ,            ,
MT05,TG6263SW,9/22/2009 14:15,9/29/2009 15:00,200909,-9,-9, ,-9, ,-9, ,-9, ,-9, ,-9, ,-9, ,-9, ,-9,0.2,0,0,d ,            ,
MT05,TG6532SW,9/29/2009 15:00,10/6/2009 15:00,200910,5.32,5.7, ,0.158, ,0.024, ,0.023, ,0.065, ,0.173, ,0.813, ,0.075, ,0.305,69.5,2.286,2.286,w ,            ,
MT05,TG6806SW,10/6/2009 15:00,10/13/2009 14:30,200910,5.06,8, ,0.161, ,0.025, ,0.037, ,0.022, ,0.285, ,0.897, ,0.043, ,0.725,255.5,-9.99,3.763,w ,            ,
MT05,TG7279SW,10/13/2009 14:30,10/20/2009 15:15,200910,5.37,3.4, ,0.034, ,0.007, ,0.017, ,0.047, ,0.112, ,0.296, ,0.072, ,0.204,1366,23.114,23.114,w ,            ,
MT05,TG7280SW,10/20/2009 15:15,10/27/2009 14:45,200910,5.21,3.4, ,0.024, ,0.004, ,0.057, ,0.011, ,0.032, ,0.242, ,0.023, ,0.148,2354.8,42.418,42.418,w ,            ,
MT05,TG7560SW,10/27/2009 14:45,11/3/2009 17:00,200910,5.33,3.8, ,0.031, ,0.005, ,0.029, ,0.037, ,0.112, ,0.245, ,0.06, ,0.255,1266.3,24.384,24.384,w ,            ,
MT05,TG7760SW,11/3/2009 17:00,11/10/2009 15:15,200911,6.02,3.2, ,0.123, ,0.015, ,0.045, ,0.127, ,0.135, ,0.335, ,0.066, ,0.186,382.3,6.858,6.858,w ,            ,
MT05,TG8023SW,11/10/2009 15:15,11/17/2009 16:45,200911,4.88,11.3, ,0.192, ,0.025, ,0.06, ,0.051, ,0.373, ,0.621, ,0.077, ,1.613,239.4,5.334,5.334,w ,            ,
MT05,TG8297SW,11/17/2009 16:45,11/24/2009 16:00,200911,-9,-9, ,-9, ,-9, ,-9, ,-9, ,-9, ,-9, ,-9, ,-9,237.8,7.112,7.112,  ,c           ,
MT05,TG8572SW,11/24/2009 16:00,12/1/2009 16:45,200911,5.12,4.2, ,0.023, ,0.002, ,0.009, ,0.008, ,0.054, ,0.354, ,0.02, ,0.202,1047.5,19.812,19.812,w ,            ,
MT05,TG8776SW,12/1/2009 16:45,12/8/2009 15:45,200912,5.01,4.4, ,0.061, ,0.008, ,0.002, ,0.005, ,0.01, ,0.61, ,0.016, ,0.077,146,4.064,4.064,w ,            ,
MT05,TG9157SW,12/8/2009 15:45,12/15/2009 16:45,200912,5.08,5.3, ,0.025, ,0.002, ,0.006, ,0.01, ,0.029, ,0.692, ,0.027, ,0.059,1150.9,34.798,34.798,w ,            ,
MT05,TG9276SW,12/15/2009 16:45,12/23/2009 17:10,200912,5.35,2.7, ,0.012, ,0.003, ,0.004, ,0.018, ,0.029, ,0.235, ,0.03, ,0.065,3062.1,62.738,62.738,w ,            ,
MT05,TG9562SW,12/23/2009 17:10,12/29/2009 18:00,200912,-9,-9, ,-9, ,-9, ,-9, ,-9, ,-9, ,-9, ,-9, ,-9,0,0,0,d ,            ,
MT05,TG9902SW,12/29/2009 18:00,1/5/2010 16:45,201001,5.23,2.7, ,0.009,<,0.001, ,0.001, ,0.005, ,0.013, ,0.203, ,0.015, ,0.041,1532.5,41.656,41.656,w ,            ,6/2/2011
MT05,TH0020SW,1/5/2010 16:45,1/12/2010 16:15,201001,4.93,8.1, ,0.082, ,0.005, ,0.015, ,0.018, ,0.14, ,0.855, ,0.043, ,0.451,82.5,4.318,4.318,w ,            ,6/2/2011
MT05,TH0347SW,1/12/2010 16:15,1/19/2010 16:15,201001,5.61,3.4, ,0.071, ,0.008, ,0.008, ,0.078, ,0.133, ,0.5, ,0.037, ,0.176,375.1,9.144,9.144,w ,            ,6/2/2011
MT05,TH0563SW,1/19/2010 16:15,1/26/2010 16:00,201001,5.15,4.9, ,0.111, ,0.005,<,0.002, ,0.009,<,0.017, ,0.636, ,0.023, ,0.089,44.3,1.778,1.778,wd,            ,6/2/2011
MT05,TH0800SW,1/26/2010 16:00,2/2/2010 16:00,201001,4.88,8.2, ,0.048, ,0.005, ,0.005, ,0.015, ,0.227, ,1.39, ,0.038, ,0.226,139.9,5.842,5.842,w ,            ,6/2/2011
MT05,TH1050SW,2/2/2010 16:00,2/9/2010 15:30,201002,5.16,3.8, ,0.03, ,0.002,<,0.001, ,0.022,<,0.01, ,0.357, ,0.048, ,0.046,133.4,3.302,3.302,w ,            ,6/2/2011
MT05,TH1352SW,2/9/2010 15:30,2/16/2010 16:30,201002,5.13,4.1, ,0.036, ,0.004, ,0.007, ,0.021, ,0.061, ,0.502, ,0.029, ,0.116,304.1,8.128,8.128,w ,            ,6/2/2011
MT05,TH1522SW,2/16/2010 16:30,2/23/2010 15:30,201002,5.29,3.8, ,0.051, ,0.006, ,0.006, ,0.024, ,0.109, ,0.329, ,0.042, ,0.098,137.1,3.048,3.048,w ,            ,6/2/2011
MT05,TH1803SW,2/23/2010 15:30,3/2/2010 15:45,201002,5.5,5.2, ,0.136, ,0.015, ,0.064, ,0.081, ,0.19, ,0.751, ,0.118, ,0.325,111.9,3.556,3.556,w ,            ,6/2/2011
MT05,TH2033SW,3/2/2010 15:45,3/9/2010 17:00,201003,5.73,4.8, ,0.12, ,0.013, ,0.022, ,0.034, ,0.332, ,0.762, ,0.054, ,0.394,441.2,8.128,8.128,w ,            ,6/2/2011
MT05,TH2330SW,3/9/2010 17:00,3/16/2010 14:30,201003,-9,-9, ,-9, ,-9, ,-9, ,-9, ,-9, ,-9, ,-9, ,-9,14.3,0.508,0.508,  ,v           ,6/2/2011
MT05,TH2637SW,3/16/2010 14:30,3/23/2010 15:15,201003,5.77,4.8, ,0.227, ,0.025, ,0.02, ,0.044, ,0.238, ,0.573, ,0.072, ,0.489,524.3,9.398,9.398,w ,            ,6/2/2011
MT05,TH2798SW,3/23/2010 15:15,3/30/2010 15:15,201003,5.82,2.7, ,0.087, ,0.01, ,0.024, ,0.036, ,0.163, ,0.191, ,0.026, ,0.167,791.7,14.732,14.732,w ,            ,6/2/2011
MT05,TH3092SW,3/30/2010 15:15,4/6/2010 15:00,201004,5.7,3.4, ,0.096, ,0.012, ,0.009, ,0.026, ,0.197, ,0.426, ,0.043, ,0.212,334.3,6.35,6.35,w ,            ,6/2/2011
MT05,TH3388SW,4/6/2010 15:00,4/13/2010 15:45,201004,5.79,5.6, ,0.206, ,0.031, ,0.025, ,0.07, ,0.365, ,0.768, ,0.108, ,0.582,583,11.176,11.176,w ,            ,6/2/2011
MT05,TH3657SW,4/13/2010 15:45,4/20/2010 14:30,201004,5.81,5, ,0.232, ,0.025, ,0.015, ,0.05, ,0.253, ,0.828, ,0.069, ,0.398,825.2,15.748,15.748,w ,            ,6/2/2011
MT05,TH3845SW,4/20/2010 14:30,4/27/2010 15:15,201004,5.67,6, ,0.329, ,0.055, ,0.073, ,0.046, ,0.206, ,0.772, ,0.066, ,0.644,209.1,3.048,3.048,w ,            ,6/2/2011
MT05,TH4105SW,4/27/2010 15:15,5/4/2010 15:45,201005,5.51,2.8, ,0.051, ,0.009, ,0.039, ,0.016, ,0.079, ,0.226, ,0.017, ,0.183,3672.5,66.294,66.294,w ,            ,6/2/2011
MT05,TH4397SW,5/4/2010 15:45,5/11/2010 16:15,201005,5.34,3.2, ,0.025, ,0.003, ,0.008, ,0.012, ,0.082, ,0.291, ,0.019, ,0.165,816.5,14.732,14.732,w ,            ,6/2/2011
MT05,TH4688SW,5/11/2010 16:15,5/18/2010 15:30,201005,-9,-9, ,-9, ,-9, ,-9, ,-9, ,-9, ,-9, ,-9, ,-9,11.8,0.254,0.254,  ,vc          ,6/2/2011
MT05,TH5035SW,5/18/2010 15:30,5/25/2010 14:30,201005,5.28,5.2, ,0.141, ,0.025, ,0.061, ,0.038, ,0.143, ,0.467, ,0.067, ,0.453,253.8,4.064,4.064,w ,            ,6/2/2011
MT05,TH5213SW,5/25/2010 14:30,6/1/2010 15:00,201005,5.43,2.8, ,0.017, ,0.002, ,0.008, ,0.003, ,0.102, ,0.25, ,0.014, ,0.131,2993.5,54.864,54.864,w ,            ,6/2/2011
MT05,TH5437SW,6/1/2010 15:00,6/8/2010 14:45,201006,5.35,2.9, ,0.024, ,0.003, ,0.034, ,0.019, ,0.065, ,0.2, ,0.029, ,0.112,3202.3,50.038,50.038,w ,            ,6/2/2011
MT05,TH5973SW,6/8/2010 14:45,6/22/2010 23:30,201006,-9,-9, ,-9, ,-9, ,-9, ,-9, ,-9, ,-9, ,-9, ,-9,5513.2,92.71,92.71,  ,e           ,6/2/2011
MT05,TH6365SW,6/22/2010 23:30,6/29/2010 23:00,201006,-9,-9, ,-9, ,-9, ,-9, ,-9, ,-9, ,-9, ,-9, ,-9,342.9,4.826,4.826,  ,c           ,6/2/2011
MT05,TH6514SW,6/29/2010 23:00,7/6/2010 15:15,201007,5.14,4, ,0.029, ,0.005, ,0.023, ,0.013, ,0.072, ,0.225, ,0.019, ,0.2,1211.1,19.304,19.304,w ,            ,6/2/2011
MT05,TH6684SW,7/6/2010 15:15,7/13/2010 14:45,201007,5.69,5.8, ,0.434, ,0.074, ,0.399, ,0.041,<,0.017, ,0.017, ,0.093, ,0.524,41.7,0.762,0.762,wd,            ,6/2/2011
MT05,TH6952SW,7/13/2010 14:45,7/20/2010 15:30,201007,5.24,5.1, ,0.13, ,0.024, ,0.032, ,0.026, ,0.124, ,0.474, ,0.031, ,0.33,249.5,3.302,3.302,w ,            ,6/2/2011
MT05,TH7217SW,7/20/2010 15:30,7/27/2010 14:15,201007,5.44,3.3, ,0.098, ,0.014, ,0.037, ,0.01, ,0.086, ,0.359, ,0.024, ,0.194,517.2,7.874,7.874,w ,            ,6/2/2011
MT05,TH7471SW,7/27/2010 14:15,8/3/2010 15:00,201007,4.95,8.2, ,0.087, ,0.012, ,0.038, ,0.016, ,0.346, ,0.826, ,0.049, ,0.364,1279.1,19.05,19.05,w ,            ,6/2/2011
MT05,TH7725SW,8/3/2010 15:00,8/10/2010 14:30,201008,-9,-9, ,-9, ,-9, ,-9, ,-9, ,-9, ,-9, ,-9, ,-9,210.5,3.302,3.302,  ,c           ,6/2/2011
MT05,TH8043SW,8/10/2010 14:30,8/17/2010 23:00,201008,5.35,4.6, ,0.135, ,0.017, ,0.037, ,0.012, ,0.188, ,0.489, ,0.029, ,0.234,804.2,11.938,11.938,w ,            ,6/2/2011
MT05,TH8161SW,8/17/2010 23:00,8/24/2010 14:15,201008,5.87,6.6, ,0.208, ,0.028, ,0.056, ,0.182, ,0.371, ,1.127, ,0.117, ,0.497,348.6,5.334,5.334,w ,            ,6/2/2011
MT05,TH8454SW,8/24/2010 14:15,8/31/2010 14:15,201008,5.35,3.3, ,0.039, ,0.006, ,0.021, ,0.012, ,0.053, ,0.261, ,0.024, ,0.159,560.1,10.922,10.922,w ,            ,6/2/2011
MT05,TH8796SW,8/31/2010 14:15,9/7/2010 14:45,201009,5.16,3.8, ,0.037, ,0.006, ,0.014, ,0.013, ,0.054, ,0.271, ,0.022, ,0.211,1471.4,23.876,23.876,w ,            ,6/2/2011
MT05,TH8965SW,9/7/2010 14:45,9/14/2010 15:00,201009,5.34,4.6, ,0.067, ,0.009, ,0.013, ,0.021, ,0.206, ,0.37, ,0.027, ,0.426,633.5,9.398,9.398,w ,            ,6/2/2011
MT05,TH9299SW,9/14/2010 15:00,9/21/2010 23:30,201009,5.35,3.7, ,0.03, ,0.004, ,0.014, ,0.009, ,0.09, ,0.267, ,0.021, ,0.177,3761,60.452,60.452,w ,            ,6/2/2011
MT05,TH9455SW,9/21/2010 23:30,9/28/2010 15:00,201009,5.01,5.3, ,0.024, ,0.004, ,0.01, ,0.019, ,0.067, ,0.33, ,0.038, ,0.328,210.2,3.302,3.302,w ,            ,6/2/2011
MT05,TH9657SW,9/28/2010 15:00,10/5/2010 15:15,201010,5.49,6.2, ,0.199, ,0.021, ,0.037, ,0.019, ,0.415, ,0.861, ,0.071, ,0.441,279.4,4.572,4.572,w ,            ,6/2/2011
MT05,TI0036SW,10/5/2010 15:15,10/12/2010 15:30,201010,5.03,6.8, ,0.062, ,0.008, ,0.035, ,0.018, ,0.18, ,0.515, ,0.048, ,0.564,495.9,7.62,7.62,w ,            ,6/2/2011
MT05,TI0466SW,10/12/2010 15:30,10/26/2010 15:00,201010,-9,-9, ,-9, ,-9, ,-9, ,-9, ,-9, ,-9, ,-9, ,-9,1130.5,24.638,24.638,  ,e           ,6/2/2011
MT05,TI0907SW,10/26/2010 15:00,11/2/2010 14:45,201010,5.32,4.4, ,0.031, ,0.006, ,0.017, ,0.021, ,0.186, ,0.457, ,0.032, ,0.26,2048.3,40.894,40.894,w ,            ,6/2/2011
MT05,TI1051SW,11/2/2010 14:45,11/9/2010 15:45,201011,5.48,4.6, ,0.069, ,0.008, ,0.02, ,0.07, ,0.25, ,0.598, ,0.058, ,0.342,423.1,9.652,9.652,w ,            ,6/2/2011
MT05,TI1417SW,11/9/2010 15:45,11/16/2010 15:45,201011,5.28,3, ,0.012, ,0.004, ,0.01, ,0.009, ,0.029, ,0.203, ,0.022, ,0.093,930.3,15.748,15.748,w ,            ,6/2/2011
MT05,TI1786SW,11/16/2010 15:45,11/22/2010 18:00,201011,5.06,4.6, ,0.025, ,0.012, ,0.014, ,0.021, ,0.073, ,0.355, ,0.064, ,0.27,1442.1,40.132,40.132,w ,            ,6/2/2011
MT05,TI1716SW,11/22/2010 18:00,11/29/2010 16:30,201011,5.12,4.2, ,0.011, ,0.002, ,0.005, ,0.006, ,0.024, ,0.34, ,0.02, ,0.148,1058,35.814,35.814,w ,            ,6/2/2011
MT05,TI2053SW,11/29/2010 16:30,12/7/2010 17:00,201012,5.04,3.8, ,0.01,<,0.001, ,0.002, ,0.005, ,0.013, ,0.354, ,0.016, ,0.085,980.5,24.384,24.384,w ,            ,6/2/2011
MT05,TI2311SW,12/7/2010 17:00,12/14/2010 16:15,201012,5.4,2, ,0.006, ,0.002, ,0.002, ,0.006,<,0.01, ,0.082, ,0.017, ,0.033,4851.7,85.852,85.852,w ,            ,6/2/2011
MT05,TI2433SW,12/14/2010 16:15,12/21/2010 15:45,201012,5.49,1.8, ,0.019, ,0.002, ,0.002, ,0.006, ,0.034, ,0.117, ,0.017, ,0.042,293.3,11.176,11.176,w ,            ,6/2/2011
MT05,TI3137SW,12/21/2010 15:45,12/28/2010 20:30,201012,5.28,2.7, ,0.017, ,0.003, ,0.002, ,0.011, ,0.029, ,0.246, ,0.026, ,0.053,394.2,9.652,9.652,w ,            ,6/2/2011
MT05,TI3134SW,12/28/2010 20:30,1/4/2011 16:30,201101,-9,-9, ,-9, ,-9, ,-9, ,-9, ,-9, ,-9, ,-9, ,-9,47.1,3.048,3.048,  ,v           ,7/25/2012
MT05,TI3298SW,1/4/2011 16:30,1/10/2011 16:00,201101,5.5,2.1, ,0.045, ,0.003, ,0.011, ,0.014, ,0.034, ,0.165, ,0.023, ,0.041,1159.2,28.194,28.194,w ,            ,7/25/2012
MT05,TI3951SW,1/10/2011 16:00,1/18/2011 18:00,201101,5.33,2.2, ,0.012, ,0.002, ,0.005, ,0.015, ,0.022, ,0.183, ,0.028, ,0.058,5161.2,97.028,97.028,w ,            ,7/25/2012
MT05,TI3945SW,1/18/2011 18:00,1/25/2011 21:30,201101,5.39,2.1, ,0.012, ,0.002, ,0.002, ,0.006, ,0.016, ,0.162, ,0.024, ,0.04,1742.6,-9.99,25.667,w ,            ,7/25/2012
MT05,TI4317SW,1/25/2011 21:30,2/1/2011 21:15,201101,-9,-9, ,-9, ,-9, ,-9, ,-9, ,-9, ,-9, ,-9, ,-9,1768.5,34.036,34.036,  ,b           ,7/25/2012
MT05,TI4318SW,2/1/2011 21:15,2/8/2011 16:15,201102,-9,-9, ,-9, ,-9, ,-9, ,-9, ,-9, ,-9, ,-9, ,-9,1329.3,25.908,25.908,  ,b           ,7/25/2012
MT05,TI4432SW,2/8/2011 16:15,2/15/2011 15:30,201102,5.98,3.4, ,0.094, ,0.014, ,0.039, ,0.156, ,0.144, ,0.306, ,0.047, ,0.249,537.1,10.16,10.16,w ,            ,7/25/2012
MT05,TI4878SW,2/15/2011 15:30,2/22/2011 19:00,201102,5.34,2.5, ,0.019, ,0.004, ,0.004, ,0.017, ,0.066, ,0.245, ,0.021, ,0.075,1342.8,24.638,24.638,w ,            ,7/25/2012
MT05,TI4938SW,2/22/2011 19:00,3/1/2011 16:30,201102,5.15,5, ,0.045, ,0.012, ,0.019, ,0.047, ,0.109, ,0.644, ,0.086, ,0.191,1373.5,36.83,36.83,w ,            ,7/25/2012
MT05,TI5175SW,3/1/2011 16:30,3/8/2011 16:00,201103,5.19,4.7, ,0.029, ,0.006, ,0.008, ,0.031, ,0.127, ,0.386, ,0.041, ,0.384,847.1,27.94,27.94,w ,            ,7/25/2012
MT05,TI6315SW,3/8/2011 16:00,3/31/2011 17:15,201103,-9,-9, ,-9, ,-9, ,-9, ,-9, ,-9, ,-9, ,-9, ,-9,4267.4,84.074,84.074,  ,e           ,7/25/2012
MT05,TI6317SW,3/31/2011 17:15,4/5/2011 22:00,201104,5.55,2.6, ,0.049, ,0.005, ,0.01, ,0.009, ,0.067, ,0.202, ,0.02, ,0.106,2513.9,43.942,43.942,w ,            ,7/25/2012
MT05,TI6427SW,4/5/2011 22:00,4/12/2011 14:45,201104,5.67,4.9, ,0.123, ,0.02, ,0.023, ,0.055, ,0.323, ,0.52, ,0.092, ,0.6,446.2,8.382,8.382,w ,            ,7/25/2012
MT05,TI6583SW,4/12/2011 14:45,4/19/2011 15:45,201104,5.6,4.2, ,0.112, ,0.015, ,0.012, ,0.02, ,0.224, ,0.362, ,0.023, ,0.56,2515.3,48.514,48.514,w ,            ,7/25/2012
MT05,TI6915SW,4/19/2011 15:45,4/26/2011 15:30,201104,5.53,4.2, ,0.063, ,0.009, ,0.012, ,0.014, ,0.244, ,0.51, ,0.023, ,0.38,565.1,12.192,12.192,w ,            ,7/25/2012
MT05,TI7223SW,4/26/2011 15:30,5/3/2011 15:00,201104,5.46,3.1, ,0.038, ,0.005, ,0.007, ,0.007, ,0.126, ,0.322, ,0.013, ,0.182,2084.4,36.068,36.068,w ,            ,7/25/2012
MT05,TI7392SW,5/3/2011 15:00,5/10/2011 15:15,201105,5.95,3.7, ,0.074, ,0.01, ,0.013, ,0.014, ,0.342, ,0.42, ,0.026, ,0.255,630.5,10.414,10.414,w ,            ,7/25/2012
MT05,TI7657SW,5/10/2011 15:15,5/17/2011 15:15,201105,6.04,3.8, ,0.154, ,0.028, ,0.461, ,0.015, ,0.087, ,0.21, ,0.03, ,0.15,562.8,8.636,8.636,w ,            ,7/25/2012
MT05,TI7868SW,5/17/2011 15:15,5/24/2011 15:30,201105,-9,-9, ,-9, ,-9, ,-9, ,-9, ,-9, ,-9, ,-9, ,-9,91.6,1.778,1.778,  ,v           ,7/25/2012
MT05,TI8202SW,5/24/2011 15:30,5/31/2011 15:00,201105,5.44,3.5, ,0.021, ,0.005, ,0.024, ,0.01, ,0.136, ,0.297, ,0.025, ,0.153,2783.3,51.816,51.816,w ,            ,7/25/2012
MT05,TI8359SW,5/31/2011 15:00,6/7/2011 15:15,201106,5.31,3.7, ,0.042, ,0.006, ,0.011, ,0.011, ,0.122, ,0.323, ,0.025, ,0.261,2689.5,42.926,42.926,w ,            ,7/25/2012
MT05,TI8947SW,6/7/2011 15:15,6/14/2011 15:00,201106,5.41,3.8, ,0.031, ,0.007, ,0.035, ,0.013, ,0.215, ,0.34, ,0.025, ,0.215,984.1,16.764,16.764,w ,            ,7/25/2012
MT05,TI8948SW,6/14/2011 15:00,6/21/2011 15:45,201106,5.14,4.8, ,0.033, ,0.009, ,0.054, ,0.015, ,0.176, ,0.439, ,0.026, ,0.244,1680.8,32.004,32.004,w ,            ,7/25/2012
MT05,TI9116SW,6/21/2011 15:45,6/28/2011 15:30,201106,4.96,6, ,0.03, ,0.01, ,0.067, ,0.01, ,0.035, ,0.362, ,0.033, ,0.232,1048.6,15.748,15.748,w ,            ,7/25/2012
MT05,TI9366SW,6/28/2011 15:30,7/5/2011 15:00,201107,-9,-9, ,-9, ,-9, ,-9, ,-9, ,-9, ,-9, ,-9, ,-9,280.6,4.064,4.064,  ,c           ,7/25/2012
MT05,TI9814SW,7/5/2011 15:00,7/12/2011 15:45,201107,6.14,5.3, ,0.135, ,0.027, ,1.143, ,0.021, ,0.016, ,0.086, ,0.03, ,0.238,675.5,9.398,9.398,w ,            ,7/25/2012
MT05,TI9863SW,7/12/2011 15:45,7/19/2011 15:15,201107,-9,-9, ,-9, ,-9, ,-9, ,-9, ,-9, ,-9, ,-9, ,-9,219,3.302,3.302,  ,c           ,7/25/2012
MT05,TJ0101SW,7/19/2011 15:15,7/26/2011 15:45,201107,5.93,4.2, ,0.103, ,0.023, ,0.237, ,0.074, ,0.205, ,0.404, ,0.106, ,0.235,1393.8,23.114,23.114,w ,            ,7/25/2012
MT05,TJ0373SW,7/26/2011 15:45,8/2/2011 15:30,201107,5.26,5, ,0.065, ,0.01, ,0.021, ,0.017, ,0.291, ,0.599, ,0.039, ,0.321,538.3,7.62,7.62,w ,            ,7/25/2012
MT05,TJ0614SW,8/2/2011 15:30,8/9/2011 15:30,201108,-9,-9, ,-9, ,-9, ,-9, ,-9, ,-9, ,-9, ,-9, ,-9,37.3,0.762,0.762,  ,v           ,7/25/2012
MT05,TJ0850SW,8/9/2011 15:30,8/16/2011 15:45,201108,4.92,7.9, ,0.195, ,0.032, ,0.038, ,0.025, ,0.141, ,0.807, ,0.061, ,0.499,190.4,2.794,2.794,w ,            ,7/25/2012
MT05,TJ1142SW,8/16/2011 15:45,8/23/2011 15:45,201108,-9,-9, ,-9, ,-9, ,-9, ,-9, ,-9, ,-9, ,-9, ,-9,1.7,0,0,d ,            ,7/25/2012
MT05,TJ1392SW,8/23/2011 15:45,8/30/2011 15:30,201108,4.74,14.6, ,0.384, ,0.06, ,0.053, ,0.028, ,0.392, ,1.803, ,0.124, ,1.003,78,1.016,1.016,w ,            ,7/25/2012
MT05,TJ1618SW,8/30/2011 15:30,9/6/2011 16:15,201109,5.03,5.8, ,0.062, ,0.01, ,0.021, ,0.011, ,0.138, ,0.508, ,0.029, ,0.38,981.8,15.24,15.24,w ,            ,7/25/2012
MT05,TJ1909SW,9/6/2011 16:15,9/13/2011 16:00,201109,-9,-9, ,-9, ,-9, ,-9, ,-9, ,-9, ,-9, ,-9, ,-9,2.1,0,0,d ,            ,7/25/2012
MT05,TJ2210SW,9/13/2011 16:00,9/20/2011 15:45,201109,5.2,3.5, ,0.028, ,0.005, ,0.011, ,0.008, ,0.057, ,0.207, ,0.023, ,0.176,1443.1,22.352,22.352,w ,            ,7/25/2012
MT05,TJ2364SW,9/20/2011 15:45,9/27/2011 16:00,201109,5.91,6.4, ,0.157, ,0.019, ,0.05, ,0.11, ,0.509, ,0.829, ,0.076, ,0.525,252.7,4.064,4.064,w ,            ,7/25/2012
MT05,TJ2697SW,9/27/2011 16:00,10/4/2011 15:30,201110,-9,-9, ,-9, ,-9, ,-9, ,-9, ,-9, ,-9, ,-9, ,-9,303,4.826,4.826,  ,c           ,7/25/2012
MT05,TJ3061SW,10/4/2011 15:30,10/11/2011 15:15,201110,5.29,3.1, ,0.012, ,0.003, ,0.008, ,0.006, ,0.062, ,0.197, ,0.02, ,0.114,3103.2,51.308,51.308,w ,            ,7/25/2012
MT05,TJ3224SW,10/11/2011 15:15,10/18/2011 15:30,201110,6.59,6.4, ,0.022, ,0.006, ,1.98, ,0.039,<,0.008,<,0.007, ,0.078, ,0.188,768.9,13.462,13.462,w ,            ,7/25/2012
MT05,TJ3402SW,10/18/2011 15:30,10/25/2011 16:15,201110,5.57,4.7, ,0.138, ,0.037, ,0.763, ,0.011,<,0.008, ,0.179, ,0.041, ,0.284,928.8,14.732,14.732,w ,            ,7/25/2012
MT05,TJ5503SW,10/25/2011 16:15,11/1/2011 16:15,201110,-9,-9, ,-9, ,-9, ,-9, ,-9, ,-9, ,-9, ,-9, ,-9,1124.8,18.542,18.542,  ,f           ,7/25/2012
MT05,TJ3933SW,11/1/2011 16:15,11/8/2011 17:00,201111,4.95,8.2, ,0.065, ,0.01, ,0.015, ,0.025, ,0.243, ,0.908, ,0.063, ,0.546,210.1,6.35,6.35,w ,            ,7/25/2012
MT05,TJ4273SW,11/8/2011 17:00,11/15/2011 17:15,201111,5.19,5.2, ,0.08, ,0.012, ,0.02, ,0.043, ,0.147, ,0.588, ,0.076, ,0.308,698.8,16.764,16.764,w ,            ,7/25/2012
MT05,TJ4694SW,11/15/2011 17:15,11/22/2011 17:15,201111,5.37,3.2, ,0.042, ,0.006, ,0.008, ,0.027, ,0.063, ,0.236, ,0.038, ,0.199,458.8,20.32,20.32,w ,            ,7/25/2012
MT05,TJ4632SW,11/22/2011 17:15,11/29/2011 16:30,201111,5.51,3.1, ,0.043, ,0.006, ,0.022, ,0.046, ,0.125, ,0.247, ,0.032, ,0.23,216.2,5.842,5.842,w ,            ,7/25/2012
MT05,TJ4947SW,11/29/2011 16:30,12/6/2011 17:30,201112,5.08,5.5, ,0.036, ,0.006, ,0.011, ,0.017, ,0.126, ,0.589, ,0.029, ,0.309,370.9,7.112,7.112,w ,            ,7/25/2012
MT05,TJ5211SW,12/6/2011 17:30,12/13/2011 16:45,201112,-9,-9, ,-9, ,-9, ,-9, ,-9, ,-9, ,-9, ,-9, ,-9,53.5,2.794,2.794,  ,v           ,7/25/2012
MT05,TJ5462SW,12/13/2011 16:45,12/20/2011 17:15,201112,4.94,6.4, ,0.036, ,0.005, ,0.014, ,0.022, ,0.099, ,0.801, ,0.035, ,0.234,375.1,10.668,10.668,w ,            ,7/25/2012
MT05,TJ5625SW,12/20/2011 17:15,12/27/2011 17:00,201112,5.41,3.8, ,0.06,<,0.007,<,0.01, ,0.085, ,0.093, ,0.322, ,0.122, ,0.191,93.5,4.064,4.064,wd,            ,7/25/2012
MT05,TJ6173SW,12/27/2011 17:00,1/3/2012 16:30,201112,5.5,1.7, ,0.007, ,0.003,<,0.003, ,0.006, ,0.014, ,0.06, ,0.012, ,0.023,2772.4,46.482,46.482,w ,            ,7/25/2012
MT05,TJ6314SW,1/3/2012 16:30,1/10/2012 16:30,201201,5.21,4.8, ,0.032, ,0.007, ,0.019, ,0.044, ,0.105, ,0.326, ,0.071, ,0.37,528.7,11.938,11.938,w ,            ,
MT05,TJ6464SW,1/10/2012 16:30,1/17/2012 16:00,201201,5.42,3.4, ,0.024, ,0.007, ,0.013, ,0.039, ,0.093, ,0.401, ,0.071, ,0.113,415.6,11.176,11.176,w ,            ,
MT05,TJ6732SW,1/17/2012 16:00,1/24/2012 16:00,201201,5.26,3, ,0.011, ,0.004,<,0.003, ,0.011, ,0.013, ,0.268, ,0.026, ,0.045,1200.5,35.814,35.814,w ,            ,
MT05,TJ7001SW,1/24/2012 16:00,1/31/2012 16:45,201201,5.38,3, ,0.019, ,0.004, ,0.008, ,0.028, ,0.054, ,0.197, ,0.049, ,0.149,3144.8,55.372,55.372,w ,            ,7/10/2013
MT05,TJ7302SW,1/31/2012 16:45,2/7/2012 16:15,201202,5.6,4.2, ,0.028, ,0.005, ,0.01, ,0.027, ,0.3, ,0.733, ,0.015, ,0.156,94.7,2.794,2.794,w ,            ,
MT05,TJ7536SW,2/7/2012 16:15,2/14/2012 16:45,201202,5.28,3.8, ,0.022, ,0.004, ,0.004, ,0.013, ,0.106, ,0.437, ,0.018, ,0.155,313,7.112,7.112,w ,            ,7/10/2013
MT05,TJ8238SW,2/14/2012 16:45,2/21/2012 17:15,201202,-9,-9, ,-9, ,-9, ,-9, ,-9, ,-9, ,-9, ,-9, ,-9,1055.9,26.162,26.162,  ,f           ,9/17/2012
MT05,TJ7938SW,2/21/2012 17:15,2/28/2012 16:30,201202,5.51,2.7, ,0.017, ,0.005, ,0.005, ,0.028, ,0.103, ,0.29, ,0.047, ,0.08,2241.2,49.784,49.784,w ,            ,
MT05,TJ8214SW,2/28/2012 16:30,3/6/2012 16:30,201203,5.59,3.2, ,0.102, ,0.014, ,0.008, ,0.054, ,0.122, ,0.437, ,0.064, ,0.194,693.5,21.082,21.082,w ,            ,
MT05,TJ8547SW,3/6/2012 16:30,3/13/2012 15:15,201203,5.94,4, ,0.178, ,0.021, ,0.022, ,0.117, ,0.176, ,0.458, ,0.071, ,0.447,552.9,11.176,11.176,w ,            ,
MT05,TJ8699SW,3/13/2012 15:15,3/20/2012 16:00,201203,5.56,2, ,0.049, ,0.006, ,0.009, ,0.01, ,0.042, ,0.132, ,0.017, ,0.092,1483,30.988,30.988,w ,            ,
MT05,TJ9102SW,3/20/2012 16:00,3/27/2012 15:30,201203,5.76,3, ,0.093, ,0.011, ,0.008, ,0.048, ,0.144, ,0.33, ,0.063, ,0.201,1879.9,37.084,37.084,w ,            ,
MT05,TJ9381SW,3/27/2012 15:30,4/3/2012 15:30,201203,6.03,2.9, ,0.151, ,0.016, ,0.019, ,0.045, ,0.106, ,0.239, ,0.039, ,0.194,1639.1,30.226,30.226,w ,            ,
MT05,TJ9644SW,4/3/2012 15:30,4/10/2012 16:00,201204,5.47,3.5, ,0.061, ,0.009, ,0.011, ,0.015, ,0.153, ,0.42, ,0.025, ,0.178,168.3,2.794,2.794,w ,            ,7/10/2013
MT05,TJ9863SW,4/10/2012 16:00,4/17/2012 15:15,201204,5.66,3, ,0.059, ,0.007, ,0.01, ,0.012, ,0.164, ,0.264, ,0.017, ,0.224,1646.9,28.702,28.702,w ,            ,
MT05,TK0071SW,4/17/2012 15:15,4/24/2012 15:15,201204,5.53,3.2, ,0.035, ,0.006, ,0.014, ,0.012, ,0.186, ,0.317, ,0.02, ,0.227,1361.6,21.336,21.336,w ,            ,
MT05,TK0453SW,4/24/2012 15:15,5/1/2012 15:30,201204,5.59,2.5, ,0.03, ,0.008, ,0.04, ,0.009, ,0.078, ,0.177, ,0.02, ,0.118,2309.7,39.624,39.624,w ,            ,
MT05,TK0546SW,5/1/2012 15:30,5/8/2012 15:30,201205,5.55,3.3, ,0.062, ,0.009, ,0.028, ,0.011, ,0.17, ,0.389, ,0.025, ,0.242,500.1,11.176,11.176,w ,            ,
MT05,TK0795SW,5/8/2012 15:30,5/15/2012 15:00,201205,-9,-9, ,-9, ,-9, ,-9, ,-9, ,-9, ,-9, ,-9, ,-9,0.9,0,0,d ,            ,
MT05,TK1086SW,5/15/2012 15:00,5/22/2012 15:15,201205,5.26,3.2, ,0.03, ,0.006, ,0.006, ,0.01, ,0.069, ,0.285, ,0.023, ,0.141,1110.5,17.526,17.526,w ,            ,
MT05,TK1415SW,5/22/2012 15:15,5/29/2012 17:00,201205,5.42,3.4, ,0.034, ,0.007, ,0.025, ,0.008, ,0.138, ,0.285, ,0.017, ,0.259,1411.7,24.384,24.384,w ,            ,
MT05,TK1556SW,5/29/2012 17:00,6/5/2012 15:30,201206,5.36,4, ,0.064, ,0.008, ,0.02, ,0.016, ,0.139, ,0.357, ,0.031, ,0.275,1444.7,24.13,24.13,w ,            ,
MT05,TK1798SW,6/5/2012 15:30,6/12/2012 14:30,201206,5.54,2.8, ,0.062, ,0.01, ,0.031, ,0.013, ,0.044, ,0.192, ,0.018, ,0.118,4680.8,74.93,74.93,w ,            ,
MT05,TK2075SW,6/12/2012 14:30,6/19/2012 15:45,201206,5.54,2.9, ,0.026, ,0.004, ,0.026, ,0.004, ,0.084, ,0.254, ,0.015, ,0.131,4956.6,73.152,73.152,w ,            ,
MT05,TK2292SW,6/19/2012 15:45,6/26/2012 15:45,201206,-9,-9, ,-9, ,-9, ,-9, ,-9, ,-9, ,-9, ,-9, ,-9,862.5,12.446,12.446,  ,c           ,7/10/2013
MT05,TK2657SW,6/26/2012 15:45,7/3/2012 16:15,201206,5.34,3.5, ,0.064, ,0.01, ,0.027, ,0.017, ,0.1, ,0.303, ,0.031, ,0.203,2795.4,44.196,44.196,w ,            ,7/10/2013
MT05,TK2898SW,7/3/2012 16:15,7/10/2012 15:45,201207,5.23,4, ,0.043, ,0.01, ,0.064, ,0.01, ,0.122, ,0.329, ,0.034, ,0.228,126.7,2.286,2.286,w ,            ,
MT05,TK3074SW,7/10/2012 15:45,7/17/2012 15:30,201207,-9,-9, ,-9, ,-9, ,-9, ,-9, ,-9, ,-9, ,-9, ,-9,1062.5,17.526,17.526,  ,u           ,7/10/2013
MT05,TK3364SW,7/17/2012 15:30,7/24/2012 16:00,201207,-9,-9, ,-9, ,-9, ,-9, ,-9, ,-9, ,-9, ,-9, ,-9,1.8,1.778,1.778,  ,vu          ,
MT05,TK3591SW,7/24/2012 16:00,7/31/2012 16:30,201207,-9,-9, ,-9, ,-9, ,-9, ,-9, ,-9, ,-9, ,-9, ,-9,4.9,3.048,3.048,  ,vu          ,
MT05,TK3895SW,7/31/2012 16:30,8/7/2012 15:30,201208,-9,-9, ,-9, ,-9, ,-9, ,-9, ,-9, ,-9, ,-9, ,-9,547,8.636,8.636,  ,u           ,
MT05,TK4203SW,8/7/2012 15:30,8/14/2012 16:30,201208,-9,-9, ,-9, ,-9, ,-9, ,-9, ,-9, ,-9, ,-9, ,-9,7.6,0,0,d ,            ,
MT05,TK4373SW,8/14/2012 16:30,8/21/2012 15:45,201208,-9,-9, ,-9, ,-9, ,-9, ,-9, ,-9, ,-9, ,-9, ,-9,5.4,0,0,d ,            ,
MT05,TK4790SW,8/21/2012 15:45,8/28/2012 15:30,201208,-9,-9, ,-9, ,-9, ,-9, ,-9, ,-9, ,-9, ,-9, ,-9,168.5,2.54,2.54,  ,c           ,
MT05,TK4944SW,8/28/2012 15:30,9/4/2012 16:00,201209,-9,-9, ,-9, ,-9, ,-9, ,-9, ,-9, ,-9, ,-9, ,-9,1.5,0,0,d ,            ,
MT05,TK5112SW,9/4/2012 16:00,9/11/2012 15:45,201209,5.84,3.7, ,0.2, ,0.026, ,0.042, ,0.009, ,0.174, ,0.43, ,0.025, ,0.256,477.1,7.366,7.366,w ,            ,
MT05,TK5395SW,9/11/2012 15:45,9/18/2012 16:00,201209,-9,-9, ,-9, ,-9, ,-9, ,-9, ,-9, ,-9, ,-9, ,-9,2.9,0,0,d ,            ,
MT05,TK5637SW,9/18/2012 16:00,9/25/2012 15:30,201209,-9,-9, ,-9, ,-9, ,-9, ,-9, ,-9, ,-9, ,-9, ,-9,2,0,0,d ,            ,
MT05,TK5959SW,9/25/2012 15:30,10/2/2012 15:15,201209,-9,-9, ,-9, ,-9, ,-9, ,-9, ,-9, ,-9, ,-9, ,-9,2.6,0,0,d ,            ,
MT05,TK6172SW,10/2/2012 15:15,10/9/2012 16:45,201210,5.52,3.5, ,0.103, ,0.013, ,0.025, ,0.011, ,0.129, ,0.341, ,0.016, ,0.259,1315.7,19.558,19.558,w ,            ,
MT05,TK6430SW,10/9/2012 16:45,10/16/2012 15:30,201210,5.37,3.1, ,0.025, ,0.004, ,0.012, ,0.005, ,0.083, ,0.224, ,0.013, ,0.155,2468.4,37.084,37.084,w ,            ,
MT05,TK6673SW,10/16/2012 15:30,10/23/2012 16:30,201210,5.33,3.6, ,0.022, ,0.003, ,0.009, ,0.009, ,0.109, ,0.245, ,0.013, ,0.264,2295.6,45.466,45.466,w ,            ,7/24/2013
MT05,TK6961SW,10/23/2012 16:30,10/30/2012 15:15,201210,5.11,2.8, ,0.009,<,0.002, ,0.005, ,0.005, ,0.035, ,0.191, ,0.011, ,0.095,2690.1,47.244,47.244,w ,            ,
MT05,TK7176SW,10/30/2012 15:15,11/6/2012 16:30,201211,5.48,3.1, ,0.031, ,0.004, ,0.013, ,0.039, ,0.117, ,0.298, ,0.024, ,0.138,2101.9,34.544,34.544,w ,            ,7/24/2013
MT05,TK7494SW,11/6/2012 16:30,11/13/2012 16:30,201211,5.49,2.5, ,0.016, ,0.002, ,0.012, ,0.004, ,0.075, ,0.183, ,0.017, ,0.09,885.5,15.24,15.24,w ,            ,
MT05,TK7626SW,11/13/2012 16:30,11/20/2012 16:30,201211,5.53,2.3, ,0.031, ,0.004, ,0.007, ,0.02, ,0.069, ,0.198, ,0.021, ,0.081,1914.9,31.496,31.496,w ,            ,
MT05,TK8034SW,11/20/2012 16:30,11/27/2012 17:15,201211,5.43,2.2, ,0.006,<,0.002,<,0.003, ,0.006, ,0.025, ,0.117,<,0.009, ,0.062,3286.3,50.292,50.292,w ,            ,
MT05,TK8231SW,11/27/2012 17:15,12/4/2012 17:00,201212,5.37,2.5, ,0.008,<,0.002, ,0.003, ,0.006, ,0.021, ,0.119, ,0.01, ,0.082,2781.4,45.974,45.974,w ,            ,
MT05,TK8508SW,12/4/2012 17:00,12/11/2012 17:30,201212,5.36,2.5,<,0.027,<,0.009, ,0.004, ,0.012, ,0.03, ,0.192, ,0.02, ,0.076,1792.9,37.084,37.084,w ,            ,
MT05,TK8854SW,12/11/2012 17:30,12/18/2012 16:45,201212,5.37,3.2,<,0.027,<,0.009, ,0.003, ,0.018, ,0.069, ,0.385, ,0.03, ,0.106,1159.1,24.638,24.638,w ,            ,
MT05,TK8992SW,12/18/2012 16:45,12/24/2012 16:30,201212,5.77,3.7, ,0.282, ,0.021, ,0.028, ,0.158, ,0.074, ,0.539, ,0.047, ,0.232,1345.9,27.178,27.178,w ,            ,
MT05,TK9263SW,12/24/2012 16:30,12/31/2012 16:45,201212,-9,-9, ,-9, ,-9, ,-9, ,-9, ,-9, ,-9, ,-9, ,-9,19.7,1.778,1.778,  ,v           ,
MT05,TK9604SW,12/31/2012 16:45,1/8/2013 16:45,201301,5.39,2.8,<,0.027,<,0.009, ,0.002, ,0.009, ,0.069, ,0.324, ,0.018, ,0.081,1034.8,18.542,18.542,w ,            ,7/25/2014
MT05,TK9885SW,1/8/2013 16:45,1/15/2013 17:15,201301,5.43,2.4,<,0.027,<,0.009, ,0.005, ,0.02, ,0.047, ,0.239, ,0.039, ,0.067,710.9,17.526,17.526,w ,            ,7/25/2014
MT05,TL0111SW,1/15/2013 17:15,1/22/2013 17:00,201301,-9,-9, ,-9, ,-9, ,-9, ,-9, ,-9, ,-9, ,-9, ,-9,3.7,0,0,d ,            ,
MT05,TL0234SW,1/22/2013 17:00,1/29/2013 17:30,201301,5.33,2.9,<,0.027,<,0.009, ,0.004, ,0.018, ,0.08, ,0.327, ,0.025, ,0.077,1266.5,24.384,24.384,w ,            ,7/25/2014
MT05,TL0672SW,1/29/2013 17:30,2/5/2013 17:00,201302,5.16,6.1, ,0.066,<,0.02, ,0.01, ,0.034, ,0.248, ,0.846, ,0.07, ,0.293,64.1,2.286,2.286,wd,            ,7/25/2014
MT05,TL0844SW,2/5/2013 17:00,2/12/2013 17:00,201302,5.54,2.8, ,0.034,<,0.009, ,0.005, ,0.027, ,0.139, ,0.315, ,0.042, ,0.093,342.3,7.112,7.112,w ,            ,7/25/2014
MT05,TL1077SW,2/12/2013 17:00,2/19/2013 17:45,201302,5.45,3.4,<,0.027,<,0.009, ,0.006, ,0.019, ,0.157, ,0.394, ,0.029, ,0.207,1206.3,22.606,22.606,w ,            ,7/25/2014
MT05,TL1372SW,2/19/2013 17:45,2/26/2013 17:15,201302,5.44,3, ,0.041,<,0.009, ,0.005, ,0.034, ,0.168, ,0.427, ,0.055, ,0.17,903.8,22.098,22.098,w ,            ,7/25/2014
MT05,TL1671SW,2/26/2013 17:15,3/5/2013 17:15,201303,4.98,7.1, ,0.099, ,0.012, ,0.013, ,0.03, ,0.111, ,0.967, ,0.078, ,0.322,1276.8,23.368,23.368,w ,            ,7/25/2014
MT05,TL1942SW,3/5/2013 17:15,3/12/2013 15:45,201303,5.75,4.1, ,0.07,<,0.009, ,0.01, ,0.056, ,0.283, ,0.685, ,0.05, ,0.296,434.9,7.874,7.874,w ,            ,7/25/2014
MT05,TL2147SW,3/12/2013 15:45,3/19/2013 15:45,201303,5.57,2.6, ,0.038,<,0.009, ,0.007, ,0.014, ,0.119, ,0.197, ,0.023, ,0.188,2521.9,42.418,42.418,w ,            ,7/25/2014
MT05,TL2512SW,3/19/2013 15:45,3/26/2013 20:00,201303,5.68,2.4, ,0.052,<,0.009, ,0.009, ,0.019, ,0.121, ,0.25, ,0.022, ,0.153,516.1,8.636,8.636,w ,            ,7/25/2014
MT05,TL2748SW,3/26/2013 20:00,4/2/2013 16:15,201303,5.9,4.7, ,0.077, ,0.01, ,0.011, ,0.016, ,0.412, ,0.604, ,0.041, ,0.373,177.7,3.302,3.302,w ,            ,7/25/2014
MT05,TL2985SW,4/2/2013 16:15,4/9/2013 15:45,201304,5.88,2.7, ,0.051,<,0.009, ,0.008, ,0.012, ,0.196, ,0.263, ,0.027, ,0.159,984.1,17.526,17.526,w ,            ,7/25/2014
MT05,TL3337SW,4/9/2013 15:45,4/16/2013 15:15,201304,5.88,3.4, ,0.06,<,0.009, ,0.01, ,0.013, ,0.315, ,0.351, ,0.025, ,0.268,986.7,17.78,17.78,w ,            ,7/25/2014
MT05,TL3539SW,4/16/2013 15:15,4/23/2013 15:45,201304,5.86,2.8, ,0.051,<,0.009, ,0.01, ,0.012, ,0.226, ,0.268, ,0.018, ,0.239,1147.3,20.066,20.066,w ,            ,7/25/2014
MT05,TL3858SW,4/23/2013 15:45,4/30/2013 15:30,201304,5.86,2.4, ,0.122, ,0.017, ,0.032, ,0.011, ,0.098, ,0.188, ,0.02, ,0.173,354.6,5.842,5.842,w ,            ,7/25/2014
MT05,TL4071SW,4/30/2013 15:30,5/7/2013 15:45,201305,5.33,5, ,0.097, ,0.014, ,0.011, ,0.021, ,0.225, ,0.617, ,0.034, ,0.443,246.3,5.334,5.334,w ,            ,7/25/2014
MT05,TL4370SW,5/7/2013 15:45,5/14/2013 15:30,201305,-9,-9, ,-9, ,-9, ,-9, ,-9, ,-9, ,-9, ,-9, ,-9,97,1.524,1.524,  ,c           ,7/25/2014
MT05,TL4595SW,5/14/2013 15:30,5/21/2013 15:00,201305,5.62,2.9, ,0.028,<,0.009, ,0.009, ,0.007, ,0.142, ,0.292, ,0.017, ,0.17,377.7,6.35,6.35,w ,            ,7/25/2014
MT05,TL4843SW,5/21/2013 15:00,5/28/2013 15:15,201305,-9,-9, ,-9, ,-9, ,-9, ,-9, ,-9, ,-9, ,-9, ,-9,2768,41.656,41.656,  ,c           ,7/25/2014
MT05,TL5176SW,5/28/2013 15:15,6/4/2013 15:30,201306,5.26,3.7,<,0.027,<,0.009, ,0.018, ,0.006, ,0.116, ,0.362, ,0.017, ,0.199,570.9,8.89,8.89,w ,            ,7/25/2014
MT05,TL5443SW,6/4/2013 15:30,6/11/2013 15:30,201306,-9,-9, ,-9, ,-9, ,-9, ,-9, ,-9, ,-9, ,-9, ,-9,7,0,0,d ,            ,
MT05,TL5707SW,6/11/2013 15:30,6/18/2013 15:30,201306,-9,-9, ,-9, ,-9, ,-9, ,-9, ,-9, ,-9, ,-9, ,-9,546.5,8.382,8.382,  ,c           ,7/25/2014
MT05,TL5989SW,6/18/2013 15:30,6/25/2013 15:45,201306,5.79,4, ,0.165, ,0.029, ,0.093, ,0.026, ,0.142, ,0.487, ,0.059, ,0.235,3306.2,58.928,58.928,w ,            ,7/25/2014
MT05,TL6212SW,6/25/2013 15:45,7/2/2013 15:45,201306,5.27,3.2,<,0.027,<,0.009, ,0.024, ,0.004, ,0.027, ,0.266, ,0.018, ,0.058,462.9,6.858,6.858,w ,            ,7/25/2014
MT05,TL6531SW,7/2/2013 15:45,7/9/2013 16:00,201307,5.5,4.4, ,0.123, ,0.021, ,0.026, ,0.032, ,0.226, ,0.552, ,0.039, ,0.292,471.1,7.62,7.62,w ,            ,7/25/2014
MT05,TL6740SW,7/9/2013 16:00,7/16/2013 16:00,201307,-9,-9, ,-9, ,-9, ,-9, ,-9, ,-9, ,-9, ,-9, ,-9,0,0,0,d ,            ,
MT05,TL7102SW,7/16/2013 16:00,7/23/2013 17:15,201307,-9,-9, ,-9, ,-9, ,-9, ,-9, ,-9, ,-9, ,-9, ,-9,6.4,0.254,0.254,  ,v           ,
MT05,TL7276SW,7/23/2013 17:15,7/30/2013 15:45,201307,-9,-9, ,-9, ,-9, ,-9, ,-9, ,-9, ,-9, ,-9, ,-9,6.9,0,0,d ,            ,
MT05,TL7524SW,7/30/2013 15:45,8/6/2013 15:30,201308,5.14,3.8, ,0.04,<,0.009, ,0.039, ,0.004, ,0.057, ,0.281, ,0.013, ,0.083,2033.1,30.734,30.734,w ,            ,7/25/2014
MT05,TL7889SW,8/6/2013 15:30,8/13/2013 16:00,201308,-9,-9, ,-9, ,-9, ,-9, ,-9, ,-9, ,-9, ,-9, ,-9,410.6,5.842,5.842,  ,c           ,7/25/2014
MT05,TL8140SW,8/13/2013 16:00,8/20/2013 15:45,201308,-9,-9, ,-9, ,-9, ,-9, ,-9, ,-9, ,-9, ,-9, ,-9,1.8,0,0,d ,            ,
MT05,TL8327SW,8/20/2013 15:45,8/27/2013 15:45,201308,6.76,34.2, ,1.507, ,0.153, ,0.331, ,0.122, ,3.317, ,3.511, ,0.225, ,1.445,70.1,1.27,1.27,w ,            ,7/25/2014
MT05,TL8591SW,8/27/2013 15:45,9/3/2013 15:45,201308,-9,-9, ,-9, ,-9, ,-9, ,-9, ,-9, ,-9, ,-9, ,-9,43.6,4.064,4.064,  ,c           ,7/25/2014
MT05,TL8884SW,9/3/2013 15:45,9/10/2013 15:00,201309,5.08,6, ,0.054,<,0.009, ,0.013, ,0.016, ,0.158, ,0.634, ,0.039, ,0.268,1119.8,16.764,16.764,w ,            ,7/25/2014
MT05,TL9133SW,9/10/2013 15:00,9/17/2013 16:00,201309,6.68,26.2, ,1.228, ,0.125, ,0.452, ,1.055, ,1.29, ,1.937, ,0.31, ,0.939,22.5,0.508,0.508,wd,            ,7/25/2014
MT05,TL9368SW,9/17/2013 16:00,9/24/2013 15:30,201309,5.51,2.4, ,0.036,<,0.009, ,0.008, ,0.013, ,0.071, ,0.152, ,0.02, ,0.093,3594.8,55.118,55.118,w ,            ,7/25/2014
MT05,TL9662SW,9/24/2013 15:30,10/1/2013 14:45,201309,5.68,2.8, ,0.059,<,0.009, ,0.018, ,0.077, ,0.101, ,0.257, ,0.037, ,0.188,1880.3,39.116,39.116,w ,            ,7/25/2014
MT05,TM0323SW,10/1/2013 14:45,10/8/2013 15:00,201310,5.88,4.4, ,0.236, ,0.031, ,0.226, ,0.033, ,0.16, ,0.354, ,0.069, ,0.295,197.8,4.318,4.318,w ,            ,7/25/2014
MT05,TM0320SW,10/8/2013 15:00,10/15/2013 15:15,201310,5.03,9.2, ,0.061, ,0.01, ,0.031, ,0.012, ,0.498, ,1.021, ,0.044, ,0.855,416.8,7.62,7.62,w ,            ,7/25/2014
MT05,TM0325SW,10/15/2013 15:15,10/22/2013 15:30,201310,-9,-9, ,-9, ,-9, ,-9, ,-9, ,-9, ,-9, ,-9, ,-9,23.7,0.762,0.762,  ,v           ,
MT05,TM0688SW,10/22/2013 15:30,10/29/2013 15:30,201310,-9,-9, ,-9, ,-9, ,-9, ,-9, ,-9, ,-9, ,-9, ,-9,3.1,0,0,d ,            ,
MT05,TM0957SW,10/29/2013 15:30,11/5/2013 17:00,201311,5.26,3.2,<,0.027,<,0.009, ,0.01, ,0.006, ,0.067, ,0.249, ,0.015, ,0.151,1876.2,30.48,30.48,w ,            ,7/25/2014
MT05,TM1128SW,11/5/2013 17:00,11/12/2013 17:00,201311,5.08,4.3,<,0.027,<,0.009, ,0.006, ,0.003, ,0.047, ,0.25, ,0.015, ,0.093,3394.8,55.626,55.626,w ,            ,7/25/2014
MT05,TM1604SW,11/12/2013 17:00,11/19/2013 16:30,201311,5.28,3.5,<,0.027,<,0.009, ,0.01, ,0.021, ,0.073, ,0.35, ,0.028, ,0.147,2504,46.228,46.228,w ,            ,7/25/2014
MT05,TM1733SW,11/19/2013 16:30,11/26/2013 16:45,201311,5.7,3.3, ,0.066, ,0.021, ,0.018, ,0.007, ,0.184, ,0.319, ,0.021, ,0.25,152.1,3.302,3.302,w ,            ,7/25/2014
MT05,TM1973SW,11/26/2013 16:45,12/3/2013 16:30,201311,5.4,2.2,<,0.027,<,0.009, ,0.003, ,0.005, ,0.032, ,0.17, ,0.012, ,0.036,1865.6,35.814,35.814,w ,            ,7/25/2014
MT05,TM2275SW,12/3/2013 16:30,12/10/2013 17:00,201312,5.28,3.6,<,0.027,<,0.009, ,0.001, ,0.006, ,0.041, ,0.474, ,0.013, ,0.027,243.7,5.842,5.842,w ,            ,7/25/2014
MT05,TM2504SW,12/10/2013 17:00,12/17/2013 16:30,201312,4.96,7.4, ,0.028, ,0.009, ,0.011, ,0.018, ,0.168, ,0.745, ,0.058, ,0.473,287.4,8.128,8.128,w ,            ,7/25/2014
MT05,TM2870SW,12/17/2013 16:30,12/24/2013 16:00,201312,-9,-9,<,-9,<,-9, ,-9, ,-9, ,-9, ,-9, ,-9, ,-9,1810.1,38.608,38.608,  ,u           ,7/25/2014
MT05,TM3196SW,12/24/2013 16:00,12/31/2013 16:30,201312,5.1,5.6, ,0.09, ,0.011, ,0.007, ,0.037, ,0.081, ,0.754, ,0.063, ,0.255,316.7,7.874,7.874,w ,            ,7/25/2014
MT05,TM3403SW,12/31/2013 16:30,1/7/2014 17:00,201401,5.43,2.6, ,0.02,<,0.005, ,0.006, ,0.008, ,0.061, ,0.192, ,0.015, ,0.096,1574.4,26.162,26.162,w ,            ,6/8/2015
MT05,TM3544SW,1/7/2014 17:00,1/14/2014 17:15,201401,5.48,3.7, ,0.037, ,0.008, ,0.01, ,0.043, ,0.15, ,0.366, ,0.074, ,0.208,1978,43.18,43.18,w ,            ,6/8/2015
MT05,TM3865SW,1/14/2014 17:15,1/21/2014 17:00,201401,-9,-9, ,-9, ,-9, ,-9, ,-9, ,-9, ,-9, ,-9, ,-9,1.5,0,0,d ,            ,
MT05,TM3994SW,1/21/2014 17:00,1/28/2014 16:45,201401,4.94,7, ,0.028, ,0.019, ,0.008, ,0.017, ,0.096, ,0.889, ,0.043, ,0.074,181.6,4.318,4.318,w ,            ,6/8/2015
MT05,TM4388SW,1/28/2014 16:45,2/4/2014 17:00,201402,5.24,2.7,<,0.019, ,0.006, ,0.002, ,0.006, ,0.037, ,0.228, ,0.01, ,0.032,619.8,14.224,14.224,w ,            ,6/8/2015
MT05,TM4690SW,2/4/2014 17:00,2/11/2014 17:00,201402,5.46,2.7, ,0.054, ,0.015, ,0.005, ,0.019, ,0.062, ,0.329, ,0.017, ,0.121,600,11.43,11.43,w ,            ,6/8/2015
MT05,TM4875SW,2/11/2014 17:00,2/18/2014 16:45,201402,5.61,2.1, ,0.03, ,0.007, ,0.012, ,0.04, ,0.076, ,0.159, ,0.036, ,0.083,2094.9,38.1,38.1,w ,            ,6/8/2015
MT05,TM5167SW,2/18/2014 16:45,2/25/2014 17:00,201402,5.31,2.7, ,0.021,<,0.005, ,0.006, ,0.018, ,0.057, ,0.258, ,0.025, ,0.059,729.8,17.272,17.272,w ,            ,6/8/2015
MT05,TM5488SW,2/25/2014 17:00,3/4/2014 17:45,201403,5.29,2.9,<,0.019,<,0.005, ,0.002, ,0.008, ,0.029, ,0.222, ,0.014, ,0.057,1749.7,48.006,48.006,w ,            ,6/8/2015
MT05,TM5700SW,3/4/2014 17:45,3/11/2014 16:15,201403,5.58,2.2,<,0.019,<,0.005, ,0.01, ,0.024, ,0.067, ,0.098, ,0.034, ,0.115,4518.7,78.486,78.486,w ,            ,6/8/2015
MT05,TM5961SW,3/11/2014 16:15,3/18/2014 16:30,201403,5.43,3.2, ,0.029, ,0.006, ,0.008, ,0.023, ,0.123, ,0.269, ,0.03, ,0.182,1968.6,30.48,30.48,w ,            ,6/8/2015
MT05,TM6176SW,3/18/2014 16:30,3/25/2014 16:15,201403,5.42,5, ,0.056, ,0.009, ,0.008, ,0.03, ,0.163, ,0.448, ,0.038, ,0.188,785.4,14.986,14.986,w ,            ,6/8/2015
MT05,TM6471SW,3/25/2014 16:15,4/1/2014 15:45,201403,5.69,2.8, ,0.028, ,0.007, ,0.006, ,0.013, ,0.163, ,0.292, ,0.027, ,0.163,1497.9,30.734,30.734,w ,            ,6/8/2015
MT05,TM6683SW,4/1/2014 15:45,4/8/2014 15:45,201404,5.75,4.1, ,0.072, ,0.01, ,0.013, ,0.012, ,0.338, ,0.349, ,0.026, ,0.329,272.3,6.096,6.096,w ,            ,6/8/2015
MT05,TM7109SW,4/8/2014 15:45,4/15/2014 15:15,201404,5.49,2.6, ,0.037, ,0.005, ,0.006, ,0.008, ,0.084, ,0.236, ,0.012, ,0.118,588.9,8.89,8.89,w ,            ,6/8/2015
MT05,TM7195SW,4/15/2014 15:15,4/22/2014 15:30,201404,5.74,3.8, ,0.073, ,0.012, ,0.02, ,0.03, ,0.275, ,0.327, ,0.039, ,0.334,1273.8,27.94,27.94,w ,            ,6/8/2015
MT05,TM7441SW,4/22/2014 15:30,4/29/2014 15:30,201404,5.88,3.9, ,0.077, ,0.013, ,0.02, ,0.037, ,0.32, ,0.383, ,0.029, ,0.269,1107.8,19.558,19.558,w ,            ,6/8/2015
MT05,TM7845SW,4/29/2014 15:30,5/6/2014 15:30,201405,5.68,4.3, ,0.106, ,0.018, ,0.026, ,0.036, ,0.258, ,0.501, ,0.053, ,0.399,1100.2,17.78,17.78,w ,            ,6/8/2015
MT05,TM8208SW,5/6/2014 15:30,5/13/2014 15:30,201405,5.6,2.8, ,0.033, ,0.007, ,0.012, ,0.006, ,0.15, ,0.248, ,0.011, ,0.197,899.3,14.478,14.478,w ,            ,6/8/2015
MT05,TM8364SW,5/13/2014 15:30,5/20/2014 15:15,201405,-9,-9, ,-9, ,-9, ,-9, ,-9, ,-9, ,-9, ,-9, ,-9,9.6,0.508,0.508,  ,v           ,
MT05,TM8545SW,5/20/2014 15:15,5/27/2014 16:00,201405,-9,-9, ,-9, ,-9, ,-9, ,-9, ,-9, ,-9, ,-9, ,-9,52.5,1.016,1.016,  ,c           ,6/8/2015
MT05,TM9107SW,5/27/2014 16:00,6/3/2014 15:45,201405,5.85,5.1, ,0.208, ,0.034, ,0.065, ,0.033, ,0.268, ,0.545, ,0.045, ,0.394,1324.1,19.812,19.812,w ,            ,6/8/2015
MT05,TM9181SW,6/3/2014 15:45,6/10/2014 16:00,201406,5.01,4.5, ,0.067, ,0.015, ,0.04, ,0.015, ,0.029, ,0.345, ,0.029, ,0.279,605.6,9.906,9.906,w ,            ,6/8/2015
MT05,TM9384SW,6/10/2014 16:00,6/17/2014 17:15,201406,5.29,3.4, ,0.069, ,0.012, ,0.027, ,0.029, ,0.093, ,0.299, ,0.035, ,0.203,3195.9,53.594,53.594,w ,            ,6/8/2015
MT05,TM9812SW,6/17/2014 17:15,6/24/2014 18:30,201406,5.13,3.2, ,0.026,<,0.005, ,0.014,<,0.005, ,0.046, ,0.25, ,0.013, ,0.111,3656.7,58.42,58.42,w ,            ,6/8/2015
MT05,TN0027SW,6/24/2014 18:30,7/1/2014 17:30,201406,5.47,3.4, ,0.058, ,0.01, ,0.03,<,0.005, ,0.135, ,0.329, ,0.02, ,0.145,1840,27.686,27.686,w ,            ,6/8/2015
MT05,TN0214SW,7/1/2014 17:30,7/8/2014 16:15,201407,5.77,12.1, ,0.427, ,0.089, ,0.246, ,0.064, ,0.486, ,1.708, ,0.196, ,0.586,32.6,0.508,0.508,wd,            ,6/8/2015
MT05,TN0695SW,7/8/2014 16:15,7/15/2014 17:00,201407,5.19,6.3, ,0.154, ,0.022, ,0.031, ,0.012, ,0.261, ,0.505, ,0.035, ,0.425,1605.1,24.384,24.384,w ,            ,6/8/2015
MT05,TN0777SW,7/15/2014 17:00,7/22/2014 17:45,201407,5.25,7, ,0.16, ,0.03, ,0.067, ,0.034, ,0.311, ,0.875, ,0.123, ,0.274,75.3,1.27,1.27,w ,            ,6/8/2015
MT05,TN1279SW,7/22/2014 17:45,7/29/2014 17:45,201407,-9,-9, ,-9, ,-9, ,-9, ,-9, ,-9, ,-9, ,-9, ,-9,277.9,5.08,5.08,  ,c           ,6/8/2015
MT05,TN1355SW,7/29/2014 17:45,8/5/2014 16:15,201408,5.01,7.8, ,0.138, ,0.019, ,0.034, ,0.008, ,0.316, ,0.765, ,0.052, ,0.281,477.7,7.366,7.366,w ,            ,6/8/2015
MT05,TN1645SW,8/5/2014 16:15,8/12/2014 17:45,201408,-9,-9, ,-9, ,-9, ,-9, ,-9, ,-9, ,-9, ,-9, ,-9,0.1,0,0,d ,            ,
MT05,TN1789SW,8/12/2014 18:01,8/19/2014 16:00,201408,5.3,3.6, ,0.033, ,0.005, ,0.007, ,0.008, ,0.171, ,0.361, ,0.015, ,0.133,2032.8,29.718,29.718,w ,            ,6/8/2015
MT05,TN2110SW,8/19/2014 16:00,8/26/2014 19:00,201408,5.03,5.8, ,0.068, ,0.011, ,0.047, ,0.011, ,0.204, ,0.709, ,0.028, ,0.273,333.8,18.542,18.542,w ,            ,6/8/2015
MT05,TN2444SW,8/26/2014 19:00,9/2/2014 15:45,201408,5.15,4.9, ,0.075, ,0.011, ,0.027, ,0.009, ,0.102, ,0.496, ,0.031, ,0.243,558.3,8.89,8.89,w ,            ,6/8/2015
MT05,TN2614SW,9/2/2014 15:45,9/9/2014 15:45,201409,5.34,3.4, ,0.064, ,0.009, ,0.022, ,0.011, ,0.084, ,0.368, ,0.025, ,0.157,425.4,6.858,6.858,w ,            ,6/8/2015
MT05,TN2844SW,9/9/2014 15:45,9/16/2014 16:45,201409,5.16,3.7,<,0.019,<,0.005, ,0.007,<,0.005, ,0.033, ,0.19, ,0.021, ,0.183,964.3,15.24,15.24,w ,            ,6/8/2015
MT05,TN3173SW,9/16/2014 16:45,9/23/2014 15:30,201409,-9,-9, ,-9, ,-9, ,-9, ,-9, ,-9, ,-9, ,-9, ,-9,62.7,1.27,1.27,  ,c           ,6/8/2015
MT05,TN3371SW,9/23/2014 15:30,9/30/2014 20:15,201409,5.43,2.1,<,0.019,<,0.005, ,0.01,<,0.005, ,0.036, ,0.1, ,0.008, ,0.059,831,13.716,13.716,w ,            ,6/8/2015
MT05,TN3670SW,9/30/2014 20:15,10/7/2014 16:01,201410,5.23,4.2, ,0.043, ,0.008, ,0.017, ,0.022, ,0.152, ,0.469, ,0.037, ,0.24,619.2,9.398,9.398,w ,            ,6/8/2015
MT05,TN4043SW,10/7/2014 16:02,10/14/2014 20:04,201410,5.3,5.7, ,0.116, ,0.015, ,0.029, ,0.024, ,0.225, ,0.567, ,0.068, ,0.481,212.6,-9.99,3.131,w ,            ,6/8/2015
MT05,TN4309SW,10/14/2014 20:04,10/21/2014 17:08,201410,6.32,4.9, ,0.19, ,0.019, ,0.054, ,0.403, ,0.183, ,0.459, ,0.083, ,0.253,557.2,-9.99,8.207,w ,            ,6/8/2015
MT05,TN4564SW,10/21/2014 17:10,10/28/2014 17:35,201410,5.54,2.3, ,0.022,<,0.005, ,0.016, ,0.025, ,0.081, ,0.15, ,0.025, ,0.086,1716.1,27.432,27.432,w ,            ,6/8/2015
MT05,TN4767SW,10/28/2014 17:40,11/4/2014 17:35,201411,5.36,3, ,0.038,<,0.005, ,0.016, ,0.011, ,0.072, ,0.243, ,0.018, ,0.122,2611.9,43.688,43.688,w ,            ,6/8/2015
MT05,TN4944SW,11/4/2014 18:00,11/11/2014 18:30,201411,4.94,7.3, ,0.085, ,0.014, ,0.034, ,0.041, ,0.142, ,0.743, ,0.061, ,0.345,1628,-9.99,23.979,w ,            ,6/8/2015
MT05,TN5249SW,11/11/2014 18:35,11/18/2014 18:26,201411,-9,-9, ,-9, ,-9, ,-9, ,-9, ,-9, ,-9, ,-9, ,-9,7.7,0,0,d ,            ,
MT05,TN5435SW,11/18/2014 18:35,11/25/2014 19:45,201411,5.31,3.3, ,0.032, ,0.009, ,0.013, ,0.041, ,0.079, ,0.255, ,0.055, ,0.162,2052.7,-9.99,30.235,w ,            ,6/8/2015
MT05,TN5804SW,11/25/2014 19:50,12/2/2014 18:33,201411,-9,-9, ,-9,<,-9, ,-9, ,-9, ,-9, ,-9, ,-9, ,-9,4247.4,-9.99,62.562,  ,u           ,6/8/2015
MT05,TN6022SW,12/2/2014 18:38,12/9/2014 18:30,201412,5.24,3.1,<,0.019,<,0.005, ,0.002,<,0.005, ,0.033, ,0.272, ,0.011, ,0.034,1093.3,-9.99,16.103,w ,            ,6/8/2015
MT05,TN6483SW,12/9/2014 18:45,12/16/2014 19:00,201412,5.4,2.7, ,0.02,<,0.005, ,0.005, ,0.006, ,0.067, ,0.19, ,0.009, ,0.07,629.2,-9.99,9.267,w ,            ,6/8/2015
MT05,TN6640SW,12/16/2014 19:00,12/23/2014 19:45,201412,5.46,2.2,<,0.009,<,0.002, ,0.003, ,0.007, ,0.065, ,0.171, ,0.011, ,0.037,2063.5,33.02,33.02,w ,            ,6/8/2015
MT05,TN6778SW,12/23/2014 19:45,12/30/2014 18:30,201412,5.38,2.4, ,0.013, ,0.003, ,0.007, ,0.025, ,0.021, ,0.105, ,0.025, ,0.053,1956.3,50.292,50.292,w ,            ,6/8/2015
MT05,TN7094SW,12/30/2014 18:30,1/6/2015 18:30,201501,-9,-9, ,-9, ,-9, ,-9, ,-9,<,-9, ,-9, ,-9, ,-9,1738.6,65.532,65.532,  ,u           ,6/8/2015
MT05,TN7388SW,1/6/2015 18:35,1/13/2015 18:15,201501,-9,-9, ,-9, ,-9, ,-9, ,-9, ,-9, ,-9, ,-9, ,-9,214.9,3.556,3.556,  ,b           ,6/8/2015
MT05,TN7924SW,1/13/2015 18:30,1/20/2015 18:15,201501,-9,-9, ,-9,<,-9, ,-9, ,-9, ,-9, ,-9, ,-9, ,-9,1675.6,27.686,27.686,  ,b           ,6/8/2015
MT05,TN7854SW,1/20/2015 18:25,1/27/2015 18:10,201501,-9,-9, ,-9, ,-9, ,-9, ,-9, ,-9, ,-9, ,-9, ,-9,575.3,8.636,8.636,  ,u           ,6/8/2015
MT05,TN8238SW,1/27/2015 18:20,2/3/2015 18:00,201501,-9,-9, ,-9, ,-9, ,-9, ,-9, ,-9, ,-9, ,-9, ,-9,566.1,8.382,8.382,  ,u           ,6/8/2015
MT05,TN9301SW,2/3/2015 18:00,2/10/2015 18:30,201502,5.57,2.7, ,0.053, ,0.005, ,0.01, ,0.043, ,0.104, ,0.252, ,0.029, ,0.127,3530.4,55.626,55.626,w ,            ,
MT05,TN8699SW,2/10/2015 18:30,2/17/2015 18:30,201502,5.9,3, ,0.02, ,0.003, ,0.046, ,0.039, ,0.264, ,0.303, ,0.06, ,0.058,248.4,5.08,5.08,w ,            ,
MT05,TN8943SW,2/17/2015 18:30,2/24/2015 17:35,201502,5.1,10.1, ,0.065, ,0.01, ,0.023, ,0.05, ,0.565, ,1.409, ,0.048, ,0.414,289.3,4.826,4.826,w ,            ,
MT05,TN9298SW,2/24/2015 17:35,3/3/2015 17:35,201502,5.03,5.9, ,0.107, ,0.018, ,0.007,<,0.011, ,0.155, ,0.368, ,0.022, ,0.234,34.4,1.016,1.016,wd,            ,
MT05,TN9541SW,3/3/2015 17:35,3/10/2015 17:30,201503,-9,-9, ,-9, ,-9, ,-9, ,-9, ,-9, ,-9, ,-9, ,-9,-9,0,0,d ,            ,
MT05,TN9714SW,3/10/2015 17:45,3/17/2015 17:30,201503,5.68,2.1, ,0.012,<,0.002, ,0.004,<,0.006, ,0.114, ,0.121, ,0.009, ,0.075,4195.8,63.246,63.246,w ,            ,
MT05,TN9984SW,3/17/2015 17:30,3/24/2015 18:00,201503,5.47,3.3, ,0.04, ,0.006, ,0.009, ,0.012, ,0.128, ,0.298, ,0.025, ,0.154,645,12.192,12.192,w ,            ,
MT05,TO0278SW,3/24/2015 18:00,3/31/2015 17:30,201503,5.44,3.5, ,0.05, ,0.007, ,0.016, ,0.015, ,0.208, ,0.42, ,0.025, ,0.16,786.2,17.272,17.272,w ,            ,
MT05,TO0594SW,3/31/2015 17:40,4/7/2015 16:35,201504,5.6,4.6, ,0.115, ,0.015, ,0.026, ,0.024, ,0.305, ,0.515, ,0.042, ,0.472,748.6,11.684,11.684,w ,            ,
MT05,TO0826SW,4/7/2015 16:40,4/14/2015 17:45,201504,-9,-9, ,-9, ,-9, ,-9, ,-9, ,-9, ,-9, ,-9, ,-9,364.6,5.842,5.842,  ,c           ,
MT05,TO1097SW,4/14/2015 17:45,4/21/2015 17:45,201504,5.52,4.4, ,0.096, ,0.013, ,0.017, ,0.017, ,0.307, ,0.472, ,0.028, ,0.168,39.8,1.27,1.27,wi,            ,
MT05,TO1591SW,4/21/2015 18:00,4/28/2015 17:00,201504,5.8,9.1, ,0.319, ,0.045, ,0.113, ,0.061, ,0.66, ,1.68, ,0.19, ,0.438,28,0.762,0.762,wd,            ,
MT05,TO1695SW,4/28/2015 17:18,5/5/2015 16:00,201505,-9,-9, ,-9, ,-9, ,-9, ,-9, ,-9, ,-9, ,-9, ,-9,-9,0,0,d ,            ,
MT05,TO1856SW,5/5/2015 16:00,5/12/2015 16:00,201505,6.13,3.3, ,0.1, ,0.011, ,0.007, ,0.006, ,0.326, ,0.286, ,0.013, ,0.156,1014.4,14.732,14.732,w ,            ,
MT05,TO2063SW,5/12/2015 16:00,5/19/2015 16:00,201505,6.1,8.3, ,0.218, ,0.027, ,0.015, ,0.128, ,0.824, ,0.565, ,0.167, ,0.484,194.5,4.064,4.064,w ,            ,
MT05,TO2487SW,5/19/2015 16:00,5/26/2015 20:30,201505,-9,-9, ,-9, ,-9, ,-9, ,-9, ,-9, ,-9, ,-9, ,-9,1.2,0,0,d ,            ,
MT05,TO2681SW,5/26/2015 20:30,6/2/2015 14:30,201505,5.21,5.3, ,0.095, ,0.019, ,0.063, ,0.008, ,0.202, ,0.659, ,0.035, ,0.317,1731.8,26.416,26.416,w ,            ,
MT05,TO2975SW,6/2/2015 14:30,6/9/2015 14:40,201506,5.47,2.2, ,0.036, ,0.007, ,0.016,<,0.006, ,0.044, ,0.136, ,0.011, ,0.052,1156.7,18.542,18.542,w ,            ,
MT05,TO3225SW,6/9/2015 14:45,6/16/2015 16:05,201506,-9,-9, ,-9, ,-9, ,-9, ,-9, ,-9, ,-9, ,-9, ,-9,23.9,0.508,0.508,  ,c           ,
MT05,TO3554SW,6/16/2015 16:05,6/23/2015 15:35,201506,-9,-9, ,-9, ,-9, ,-9, ,-9, ,-9, ,-9, ,-9, ,-9,0,0.254,0.254,  ,v           ,
MT05,TO3853SW,6/23/2015 15:35,6/30/2015 15:10,201506,-9,-9, ,-9, ,-9, ,-9, ,-9, ,-9, ,-9, ,-9, ,-9,1.6,0,0,d ,            ,
MT05,TO3995SW,6/30/2015 15:10,7/7/2015 16:30,201507,-9,-9, ,-9, ,-9, ,-9, ,-9, ,-9, ,-9, ,-9, ,-9,200.4,2.54,2.54,  ,c           ,
MT05,TO4243SW,7/7/2015 16:30,7/14/2015 15:52,201507,5.89,5.1, ,0.215, ,0.024, ,0.022, ,0.008, ,0.413, ,0.511, ,0.035, ,0.174,-9,6.858,6.858,w ,            ,
MT05,TO4434SW,7/14/2015 15:52,7/21/2015 14:54,201507,5.56,4.9, ,0.303, ,0.044, ,0.025, ,0.018, ,0.18, ,0.479, ,0.047, ,0.353,98.8,1.524,1.524,w ,            ,
MT05,TO4779SW,7/21/2015 14:54,7/28/2015 16:30,201507,-9,-9, ,-9, ,-9, ,-9, ,-9, ,-9, ,-9, ,-9, ,-9,233.6,3.81,3.81,  ,c           ,
MT05,TO5137SW,7/28/2015 16:30,8/4/2015 16:15,201508,-9,-9, ,-9, ,-9, ,-9, ,-9, ,-9, ,-9, ,-9, ,-9,-9,0,0,d ,            ,
MT05,TO5392SW,8/4/2015 16:15,8/11/2015 15:01,201508,-9,-9, ,-9, ,-9, ,-9, ,-9, ,-9, ,-9, ,-9, ,-9,0,0,0,d ,            ,
MT05,TO5653SW,8/11/2015 15:01,8/18/2015 17:00,201508,7.34,63.2, ,5.707, ,0.688, ,1.548, ,0.442, ,3.192, ,5.167, ,0.515, ,2.689,87.8,1.016,1.016,w ,            ,
MT05,TO5904SW,8/18/2015 17:00,8/25/2015 16:00,201508,-9,-9, ,-9, ,-9, ,-9, ,-9, ,-9, ,-9, ,-9, ,-9,6,2.286,2.286,  ,c           ,
MT05,TO6139SW,8/25/2015 16:00,9/1/2015 17:30,201508,-9,-9, ,-9, ,-9, ,-9, ,-9, ,-9, ,-9, ,-9, ,-9,567.9,8.89,8.89,  ,c           ,
MT05,TO6278SW,9/1/2015 17:35,9/8/2015 15:24,201509,5.46,3.1, ,0.05, ,0.007, ,0.012, ,0.02, ,0.131, ,0.254, ,0.028, ,0.11,942.6,25.146,25.146,w ,            ,
MT05,TO6674SW,9/8/2015 15:24,9/15/2015 15:03,201509,5.32,4.7, ,0.052, ,0.01, ,0.027, ,0.041, ,0.232, ,0.514, ,0.07, ,0.201,329.2,4.826,4.826,w ,            ,
MT05,TO6971SW,9/15/2015 15:09,9/22/2015 15:09,201509,6.27,9.1, ,0.291, ,0.038, ,0.476, ,0.315, ,0.469, ,0.794, ,0.524, ,0.386,168.4,3.302,3.302,w ,            ,
MT05,TO7182SW,9/22/2015 15:09,9/29/2015 14:42,201509,-9,-9, ,-9, ,-9, ,-9, ,-9, ,-9, ,-9, ,-9, ,-9,-9,0,0,d ,            ,
MT05,TO7561SW,9/29/2015 14:42,10/6/2015 17:00,201510,-9,-9, ,-9, ,-9, ,-9, ,-9, ,-9, ,-9, ,-9, ,-9,-9,0,0,d ,            ,
MT05,TO7749SW,10/6/2015 17:00,10/13/2015 16:45,201510,-9,-9, ,-9, ,-9, ,-9, ,-9, ,-9, ,-9, ,-9, ,-9,217.6,4.064,4.064,  ,c           ,
MT05,TO7996SW,10/13/2015 16:45,10/20/2015 16:13,201510,-9,-9, ,-9, ,-9, ,-9, ,-9, ,-9, ,-9, ,-9, ,-9,2.6,0,0,d ,            ,
MT05,TO8191SW,10/20/2015 16:14,10/27/2015 16:15,201510,5.77,3.7, ,0.058, ,0.011, ,0.02, ,0.035, ,0.294, ,0.469, ,0.046, ,0.162,401.1,6.35,6.35,w ,            ,
MT05,TO8474SW,10/27/2015 16:15,11/3/2015 17:03,201510,5.59,2.4, ,0.021, ,0.004, ,0.044, ,0.029, ,0.103, ,0.168, ,0.057, ,0.059,2571,51.054,51.054,w ,            ,
MT05,TO8683SW,11/3/2015 17:03,11/10/2015 16:24,201511,5.55,4, ,0.045, ,0.006, ,0.011, ,0.007, ,0.261, ,0.53, ,0.021, ,0.19,627,10.16,10.16,w ,            ,
MT05,TO9301SW,11/10/2015 16:24,11/17/2015 16:25,201511,5.66,2.4, ,0.086, ,0.018, ,0.024, ,0.013, ,0.07, ,0.197, ,0.022, ,0.082,1810.1,24.13,24.13,w ,            ,
MT05,TO9302SW,11/17/2015 16:25,11/24/2015 17:00,201511,5.19,4.2, ,0.049, ,0.008, ,0.013, ,0.01, ,0.113, ,0.6, ,0.021, ,0.106,536.3,23.622,23.622,w ,            ,
MT05,TO9602SW,11/24/2015 17:12,12/1/2015 15:12,201511,5.55,2.7, ,0.069, ,0.012, ,0.018,<,0.006, ,0.067, ,0.314, ,0.018, ,0.053,76.1,2.032,2.032,w ,            ,
MT05,TO9927SW,12/1/2015 15:12,12/8/2015 15:21,201512,5.62,2, ,0.039, ,0.003, ,0.006, ,0.013, ,0.058, ,0.12, ,0.012, ,0.041,1793.9,28.194,28.194,w ,            ,
MT05,TP0166SW,12/8/2015 15:21,12/15/2015 16:30,201512,5.45,2.3, ,0.01, ,0.002, ,0.005, ,0.013, ,0.03, ,0.074, ,0.025, ,0.03,3246,53.594,53.594,w ,            ,
MT05,TP0236SW,12/15/2015 16:30,12/22/2015 17:43,201512,-9,-9, ,-9, ,-9,<,-9, ,-9, ,-9, ,-9, ,-9, ,-9,2300,51.816,51.816,  ,u           ,
MT05,TP0461SW,12/22/2015 17:43,12/29/2015 15:58,201512,5.18,3.6, ,0.01, ,0.002, ,0.004, ,0.011, ,0.029, ,0.41, ,0.024, ,0.031,1168.1,28.702,28.702,w ,            ,12/15/2022
MT05,TP0833SW,12/29/2015 15:58,1/5/2016 18:33,201601,-9,-9, ,-9, ,-9, ,-9, ,-9, ,0.252, ,1.184, ,0.076, ,0.317,15.2,0.762,0.762,wi,            ,
MT05,TP1206SW,1/5/2016 18:33,1/12/2016 23:28,201601,4.73,13.2, ,0.045, ,0.009, ,0.017, ,0.03, ,0.4, ,2.099, ,0.047, ,0.512,53.8,2.54,2.54,wi,            ,
MT05,TP1319SW,1/12/2016 23:28,1/19/2016 16:50,201601,5.33,3.1,<,0.009, ,0.004, ,0.011, ,0.029, ,0.082, ,0.323, ,0.05, ,0.054,1592.9,32.004,32.004,w ,            ,3/17/2017
MT05,TP1623SW,1/19/2016 16:50,1/26/2016 16:04,201601,5.33,2.8,<,0.009, ,0.002, ,0.009, ,0.009, ,0.035, ,0.219, ,0.017, ,0.049,1896.8,32.512,32.512,w ,            ,3/17/2017
MT05,TP1898SW,1/26/2016 16:04,2/2/2016 16:04,201601,5.52,2.4, ,0.009, ,0.002, ,0.005, ,0.012, ,0.051, ,0.207, ,0.021, ,0.044,1688.4,29.21,29.21,w ,            ,3/17/2017
MT05,TP2217SW,2/2/2016 16:04,2/9/2016 14:04,201602,5.51,2.6, ,0.025, ,0.003, ,0.006, ,0.008, ,0.107, ,0.292, ,0.012, ,0.073,546.6,10.668,10.668,w ,            ,3/17/2017
MT05,TP2415SW,2/9/2016 14:04,2/16/2016 16:17,201602,5.44,2.6, ,0.021, ,0.003,<,0.004, ,0.014, ,0.091, ,0.217, ,0.021, ,0.077,2464.3,39.116,39.116,w ,            ,3/17/2017
MT05,TP2676SW,2/16/2016 16:17,2/23/2016 21:40,201602,5.69,2.6, ,0.045, ,0.006, ,0.007, ,0.032, ,0.128, ,0.272, ,0.036, ,0.111,1642.8,27.94,27.94,w ,            ,3/17/2017
MT05,TP2950SW,2/23/2016 21:40,3/1/2016 18:44,201602,5.74,4, ,0.128, ,0.016, ,0.012, ,0.047, ,0.217, ,0.406, ,0.085, ,0.115,162.9,4.064,4.064,w ,            ,
MT05,TP3271SW,3/1/2016 18:44,3/8/2016 15:22,201603,5.68,2.9, ,0.041, ,0.006, ,0.007, ,0.024, ,0.174, ,0.266, ,0.038, ,0.135,1378.4,23.114,23.114,w ,            ,3/17/2017
MT05,TP3603SW,3/8/2016 15:22,3/15/2016 19:53,201603,5.71,2.4, ,0.022, ,0.003, ,0.024, ,0.016, ,0.105, ,0.147, ,0.031, ,0.07,2979.3,49.276,49.276,w ,            ,3/17/2017
MT05,TP3807SW,3/15/2016 19:53,3/23/2016 0:42,201603,5.75,2.8, ,0.053, ,0.007, ,0.017, ,0.013, ,0.194, ,0.311, ,0.019, ,0.126,308,5.08,5.08,w ,            ,
MT05,TP4020SW,3/23/2016 0:42,3/29/2016 19:30,201603,5.64,2.4, ,0.027, ,0.004, ,0.009, ,0.007, ,0.125, ,0.235, ,0.017, ,0.094,1772.4,28.956,28.956,w ,            ,3/17/2017
MT05,TP4618SW,3/29/2016 19:30,4/6/2016 0:48,201604,5.82,4.3, ,0.104, ,0.016, ,0.034, ,0.032, ,0.293, ,0.521, ,0.033, ,0.308,305.8,5.842,5.842,w ,            ,
MT05,TP4675SW,4/6/2016 0:48,4/12/2016 17:09,201604,-9,-9, ,-9, ,-9, ,-9, ,-9, ,-9, ,-9, ,-9, ,-9,1.1,0,0,d ,            ,
MT05,TP4796SW,4/12/2016 17:09,4/19/2016 18:00,201604,6.19,4.8, ,0.079, ,0.013, ,0.03, ,0.013, ,0.489, ,0.484, ,0.027, ,0.347,587.5,10.922,10.922,w ,            ,
MT05,TP4976SW,4/19/2016 18:00,4/26/2016 16:21,201604,6.07,6.5, ,0.341, ,0.047, ,0.05, ,0.058, ,0.437, ,0.832, ,0.096, ,0.584,1052.2,17.018,17.018,w ,            ,
MT05,TP5449SW,4/26/2016 16:21,5/3/2016 16:33,201604,-9,-9, ,-9, ,-9, ,-9, ,-9, ,-9, ,-9, ,-9, ,-9,0.1,0,0,d ,            ,
MT05,TP5536SW,5/3/2016 16:33,5/10/2016 15:27,201605,5.67,3.9, ,0.126, ,0.023, ,0.035, ,0.085, ,0.142, ,0.372, ,0.032, ,0.359,667.9,10.668,10.668,w ,            ,3/17/2017
MT05,TP5800SW,5/10/2016 15:27,5/17/2016 16:40,201605,5.4,3.5, ,0.04, ,0.008, ,0.045, ,0.007, ,0.12, ,0.315, ,0.026, ,0.149,832.6,12.7,12.7,w ,            ,3/17/2017
MT05,TP6199SW,5/17/2016 16:40,5/25/2016 0:40,201605,5.49,2.1, ,0.016, ,0.003, ,0.011, ,0.004, ,0.037, ,0.108, ,0.01, ,0.058,9033.3,135.128,135.128,w ,            ,3/17/2017
MT05,TP6414SW,5/25/2016 0:40,5/31/2016 15:31,201605,5.45,5.8, ,0.118, ,0.027, ,0.13, ,0.019, ,0.272, ,0.649, ,0.05, ,0.4,596.5,8.89,8.89,w ,            ,
MT05,TP6675SW,5/31/2016 15:31,6/7/2016 16:42,201606,5.88,5.6, ,0.368, ,0.054, ,0.113, ,0.024, ,0.207, ,0.847, ,0.095, ,0.424,201.6,3.556,3.556,w ,            ,
MT05,TP6878SW,6/7/2016 16:42,6/14/2016 16:31,201606,5.48,5.2, ,0.135, ,0.024, ,0.05, ,0.036, ,0.291, ,0.73, ,0.066, ,0.325,657.8,9.144,9.144,w ,            ,
MT05,TP7212SW,6/14/2016 16:31,6/21/2016 20:41,201606,5.86,3.5, ,0.055, ,0.01, ,0.054, ,0.016, ,0.281, ,0.379, ,0.03, ,0.158,1967.6,30.48,30.48,w ,            ,
MT05,TP7546SW,6/21/2016 20:41,6/29/2016 3:00,201606,5.61,2, ,0.023, ,0.004, ,0.009, ,0.005, ,0.1, ,0.136, ,0.012, ,0.044,1114.1,22.098,22.098,w ,            ,3/17/2017
MT05,TP7863SW,6/29/2016 3:00,7/5/2016 17:59,201607,-9,-9, ,-9, ,-9, ,-9, ,-9, ,-9, ,-9, ,-9, ,-9,0.3,0,0,d ,            ,
MT05,TP7980SW,7/5/2016 17:59,7/12/2016 13:58,201607,5.61,3, ,0.039, ,0.007, ,0.017, ,0.006, ,0.189, ,0.286, ,0.02, ,0.15,1800.9,27.686,27.686,w ,            ,3/17/2017
MT05,TP8233SW,7/12/2016 13:58,7/19/2016 15:40,201607,5.37,4.3, ,0.071, ,0.013, ,0.026, ,0.008, ,0.201, ,0.689, ,0.048, ,0.111,276.2,4.318,4.318,w ,            ,
MT05,TP8516SW,7/19/2016 15:40,7/26/2016 14:25,201607,-9,-9, ,-9, ,-9, ,-9, ,-9, ,-9, ,-9, ,-9, ,-9,50.3,0.508,0.508,  ,c           ,
MT05,TP8790SW,7/26/2016 14:25,8/2/2016 14:38,201607,-9,-9, ,-9, ,-9, ,-9, ,-9, ,-9, ,-9, ,-9, ,-9,73.2,1.016,1.016,  ,c           ,
MT05,TP9103SW,8/2/2016 14:38,8/9/2016 16:24,201608,5.64,5.7, ,0.194, ,0.026, ,0.043, ,0.026, ,0.408, ,0.609, ,0.051, ,0.269,831.9,12.192,12.192,w ,            ,
MT05,TP9394SW,8/9/2016 16:24,8/16/2016 18:37,201608,5.45,2, ,0.01, ,0.002, ,0.005,<,0.003, ,0.036, ,0.115, ,0.008, ,0.036,2208.4,33.274,33.274,w ,            ,3/17/2017
MT05,TP9700SW,8/16/2016 18:37,8/23/2016 16:35,201608,5.46,3.9, ,0.122, ,0.019, ,0.018, ,0.004, ,0.164, ,0.321, ,0.019, ,0.314,263.8,3.556,3.556,w ,            ,3/17/2017
MT05,TQ0022SW,8/23/2016 16:35,8/30/2016 18:29,201608,-9,-9, ,-9, ,-9, ,-9, ,-9, ,-9, ,-9, ,-9, ,-9,0.4,0,0,d ,            ,
MT05,TQ0095SW,8/30/2016 18:29,9/6/2016 14:32,201609,5.87,4.5, ,0.193, ,0.022, ,0.04, ,0.016, ,0.319, ,0.491, ,0.037, ,0.215,394.6,6.096,6.096,w ,            ,
MT05,TQ0719SW,9/6/2016 14:32,9/21/2016 1:03,201609,-9,-9, ,-9, ,-9, ,-9, ,-9, ,-9, ,-9, ,-9, ,-9,3377.7,52.832,52.832,  ,e           ,3/17/2017
MT05,TQ0918SW,9/21/2016 1:03,9/27/2016 15:25,201609,5.31,5.1, ,0.077, ,0.013, ,0.026, ,0.046, ,0.229, ,0.654, ,0.049, ,0.254,152,2.54,2.54,w ,            ,
MT05,TQ1179SW,9/27/2016 15:25,10/4/2016 16:47,201610,5.86,6.9, ,0.164, ,0.016, ,0.032, ,0.081, ,0.577, ,0.582, ,0.054, ,0.346,590.1,9.652,9.652,w ,            ,
MT05,TQ1544SW,10/4/2016 16:47,10/11/2016 18:02,201610,5.51,3, ,0.053, ,0.007, ,0.012, ,0.009, ,0.133, ,0.275, ,0.017, ,0.195,6204.8,97.028,97.028,w ,            ,3/17/2017
MT05,TQ1773SW,10/11/2016 18:02,10/18/2016 18:23,201610,5.65,2.5, ,0.021, ,0.005, ,0.051, ,0.02, ,0.083, ,0.147, ,0.033, ,0.074,3119.1,52.578,52.578,w ,            ,3/17/2017
MT05,TQ2022SW,10/18/2016 18:23,10/25/2016 16:12,201610,5.42,3.5, ,0.031, ,0.005, ,0.017, ,0.017, ,0.13, ,0.258, ,0.023, ,0.144,3102,57.15,57.15,w ,            ,3/17/2017
MT05,TQ2218SW,10/25/2016 16:12,10/31/2016 14:00,201610,5.4,2.8, ,0.017, ,0.002, ,0.009, ,0.01, ,0.081, ,0.156, ,0.011, ,0.096,3134.2,49.022,49.022,w ,            ,3/17/2017
MT05,TQ2467SW,10/31/2016 14:00,11/8/2016 17:35,201611,-9,-9, ,-9, ,-9, ,-9, ,-9, ,-9, ,-9, ,-9, ,-9,896.1,14.478,14.478,  ,e           ,3/17/2017
MT05,TQ2821SW,11/8/2016 17:35,11/15/2016 20:22,201611,5.36,3, ,0.028, ,0.005, ,0.01, ,0.026, ,0.12, ,0.231, ,0.027, ,0.157,1027.5,22.098,22.098,w ,            ,3/17/2017
MT05,TQ2984SW,11/15/2016 20:22,11/22/2016 20:56,201611,5.52,2.4, ,0.023, ,0.004, ,0.008, ,0.015, ,0.095, ,0.183, ,0.018, ,0.086,2050.6,33.782,33.782,w ,            ,3/17/2017
MT05,TQ3377SW,11/22/2016 20:56,11/30/2016 1:32,201611,5.35,4.2, ,0.055, ,0.007, ,0.011, ,0.021, ,0.208, ,0.453, ,0.04, ,0.294,433.5,8.636,8.636,w ,            ,
MT05,TQ3552SW,11/30/2016 1:32,12/6/2016 17:00,201612,5.27,3, ,0.01, ,0.003, ,0.004, ,0.017, ,0.076, ,0.195, ,0.024, ,0.096,1455.5,31.242,31.242,w ,            ,3/17/2017
MT05,TQ3943SW,12/6/2016 17:00,12/13/2016 16:55,201612,5.38,2.4,<,0.009, ,0.003,<,0.004, ,0.015, ,0.031, ,0.158, ,0.027, ,0.038,653.5,27.686,27.686,w ,            ,3/17/2017
MT05,TQ4066SW,12/13/2016 16:55,12/20/2016 16:40,201612,5.35,2.9, ,0.019, ,0.002, ,0.004, ,0.022, ,0.072, ,0.247, ,0.037, ,0.09,478.1,13.208,13.208,w ,            ,3/17/2017
MT05,TQ4351SW,12/20/2016 16:40,12/27/2016 16:35,201612,5.29,3.3, ,0.051, ,0.006, ,0.008, ,0.034, ,0.046, ,0.298, ,0.047, ,0.099,791.2,21.336,21.336,w ,            ,12/15/2022
MT05,TQ4633SW,12/27/2016 16:35,1/3/2017 16:18,201612,-9,-9, ,-9, ,-9, ,-9, ,-9, ,-9, ,-9, ,-9, ,-9,604.1,19.558,19.558,  ,u           ,2/16/2023
MT05,TQ4948SW,1/3/2017 16:46,1/10/2017 18:16,201701,5.17,3.2,<,0.009,<,0.002,<,0.004, ,0.006, ,0.032, ,0.361, ,0.01, ,0.025,1396.4,27.178,27.178,w ,            ,2/16/2023
MT05,TQ5263SW,1/10/2017 18:45,1/17/2017 17:45,201701,-9,-9, ,-9, ,-9, ,-9, ,-9, ,-9, ,-9, ,-9, ,-9,0,0.762,0.762,  ,v           ,
MT05,TQ5442SW,1/17/2017 17:45,1/24/2017 17:15,201701,5.03,5.2, ,0.017, ,0.003, ,0.006, ,0.01, ,0.106, ,0.508, ,0.019, ,0.131,474.2,8.636,8.636,w ,            ,
MT05,TQ5763SW,1/24/2017 17:15,1/31/2017 19:00,201701,4.74,9.5, ,0.044, ,0.004, ,0.007, ,0.021, ,0.055, ,1.173, ,0.043, ,0.058,58.4,1.524,1.524,w ,            ,
MT05,TQ5990SW,1/31/2017 19:00,2/7/2017 19:15,201702,-9,-9, ,-9, ,-9, ,-9, ,-9, ,-9, ,-9, ,-9, ,-9,-9,-9.99,40.64,  ,pu          ,8/16/2017
MT05,TQ6148SW,2/7/2017 19:15,2/14/2017 13:51,201702,5.34,2.2, ,0.009, ,0.002, ,0.003, ,0.007,<,0.018, ,0.092, ,0.011, ,0.023,1993.6,41.91,41.91,w ,            ,
MT05,TQ6499SW,2/14/2017 13:51,2/21/2017 14:05,201702,5.3,2.4, ,0.011, ,0.002, ,0.002, ,0.005, ,0.037, ,0.188, ,0.012, ,0.037,1846.6,32.512,32.512,w ,            ,
MT05,TQ6753SW,2/21/2017 14:05,3/1/2017 1:50,201702,5.26,3.3, ,0.013, ,0.002, ,0.003, ,0.004, ,0.065, ,0.373, ,0.006, ,0.037,1123.5,22.606,22.606,w ,            ,
MT05,TQ6977SW,3/1/2017 1:50,3/7/2017 15:17,201703,5.33,4.1, ,0.059, ,0.008, ,0.008, ,0.027, ,0.169, ,0.476, ,0.048, ,0.208,1688.7,31.242,31.242,w ,            ,
MT05,TQ7219SW,3/7/2017 15:17,3/14/2017 12:00,201703,5.24,2.9, ,0.016, ,0.003, ,0.004, ,0.007, ,0.066, ,0.233, ,0.015, ,0.053,2276.5,45.466,45.466,w ,            ,
MT05,TQ7523SW,3/14/2017 12:00,3/21/2017 14:33,201703,5.27,2.8, ,0.014, ,0.003, ,0.004, ,0.004, ,0.057, ,0.148, ,0.013, ,0.138,3085.2,50.038,50.038,w ,            ,
MT05,TQ7782SW,3/21/2017 14:33,3/28/2017 17:45,201703,5.67,2.7, ,0.04, ,0.005, ,0.007, ,0.011, ,0.168, ,0.212, ,0.016, ,0.141,1589,25.654,25.654,w ,            ,
MT05,TQ8177SW,3/28/2017 17:45,4/5/2017 0:20,201704,5.66,2.7, ,0.037, ,0.006, ,0.008, ,0.013, ,0.156, ,0.198, ,0.016, ,0.182,1243.6,25.146,25.146,w ,            ,
MT05,TQ8315SW,4/5/2017 0:20,4/11/2017 16:35,201704,5.9,3.8, ,0.106, ,0.012, ,0.015, ,0.062, ,0.293, ,0.409, ,0.054, ,0.253,1396.2,22.352,22.352,w ,            ,
MT05,TQ8635SW,4/11/2017 16:35,4/18/2017 23:30,201704,5.81,3.8, ,0.07, ,0.009, ,0.013, ,0.018, ,0.297, ,0.443, ,0.033, ,0.257,1447.5,24.13,24.13,w ,            ,
MT05,TQ8926SW,4/18/2017 23:30,4/25/2017 16:35,201704,5.88,3.4, ,0.038, ,0.007, ,0.012, ,0.021, ,0.324, ,0.282, ,0.032, ,0.175,2122,32.766,32.766,w ,            ,
MT05,TQ9202SW,4/25/2017 16:35,5/3/2017 1:47,201704,5.49,2.9, ,0.031, ,0.005, ,0.009, ,0.005, ,0.142, ,0.286, ,0.013, ,0.123,2104.2,39.624,39.624,w ,            ,
MT05,TQ9411SW,5/3/2017 1:47,5/9/2017 16:42,201705,5.46,3.7, ,0.054, ,0.013, ,0.054, ,0.018, ,0.231, ,0.455, ,0.046, ,0.208,577.2,9.652,9.652,w ,            ,
MT05,TQ9728SW,5/9/2017 16:42,5/16/2017 19:13,201705,-9,-9, ,-9, ,-9, ,-9, ,-9, ,-9, ,-9, ,-9, ,-9,367.1,5.842,5.842,  ,c           ,
MT05,TQ9912SW,5/16/2017 19:13,5/23/2017 16:07,201705,-9,-9, ,0.426, ,0.065, ,0.021, ,0.014, ,0.356, ,0.792, ,0.046, ,0.218,33.3,0.762,0.762,wi,            ,
MT05,TR0251SW,5/23/2017 16:07,5/30/2017 13:48,201705,5.35,2.2, ,0.028, ,0.004, ,0.004, ,0.002, ,0.047, ,0.099, ,0.009, ,0.077,828.2,12.954,12.954,w ,            ,
MT05,TR0652SW,5/30/2017 13:48,6/6/2017 21:26,201706,5.19,7.1, ,0.228, ,0.061, ,0.434, ,0.026, ,0.162, ,0.534, ,0.089, ,0.447,559.6,9.398,9.398,w ,            ,
MT05,TR0693SW,6/6/2017 21:26,6/13/2017 17:15,201706,-9,-9, ,-9, ,-9, ,-9, ,-9, ,-9, ,-9, ,-9, ,-9,850.1,12.954,12.954,  ,c           ,
MT05,TR1029SW,6/13/2017 17:15,6/20/2017 12:27,201706,5.65,3.1, ,0.084, ,0.012, ,0.025, ,0.016, ,0.199, ,0.328, ,0.026, ,0.15,3331.7,58.674,58.674,w ,            ,
MT05,TR1344SW,6/20/2017 12:27,6/28/2017 0:36,201706,5.3,6.7, ,0.108, ,0.022, ,0.166, ,0.053, ,0.305, ,0.668, ,0.079, ,0.292,525.8,7.874,7.874,w ,            ,
MT05,TR1527SW,6/28/2017 0:36,7/4/2017 12:50,201707,5.55,5.3, ,0.205, ,0.036, ,0.077, ,0.043, ,0.195, ,0.62, ,0.06, ,0.317,58.4,1.016,1.016,w ,            ,
MT05,TR1818SW,7/4/2017 12:50,7/11/2017 13:00,201707,-9,-9, ,-9, ,-9, ,-9, ,-9, ,-9, ,-9, ,-9, ,-9,1,0,0,d ,            ,
MT05,TR2128SW,7/11/2017 13:00,7/18/2017 18:50,201707,-9,-9, ,1.593, ,0.298, ,0.532, ,0.279, ,4.572, ,5.535, ,0.529, ,2.405,10.7,0.254,0.254,wi,            ,
MT05,TR2448SW,7/18/2017 18:50,7/25/2017 17:38,201707,-9,-9, ,-9, ,-9, ,-9, ,-9, ,-9, ,-9, ,-9, ,-9,0,0,0,d ,            ,
MT05,TR2680SW,7/25/2017 17:38,8/1/2017 13:08,201707,-9,-9, ,-9, ,-9, ,-9, ,-9, ,-9, ,-9, ,-9, ,-9,0.5,0,0,d ,            ,
MT05,TR2791SW,8/1/2017 13:08,8/8/2017 16:03,201708,-9,-9, ,-9, ,-9, ,-9, ,-9, ,-9, ,-9, ,-9, ,-9,96.9,1.016,1.016,  ,c           ,
MT05,TR3032SW,8/8/2017 16:03,8/15/2017 15:12,201708,-9,-9, ,-9, ,-9, ,-9, ,-9, ,-9, ,-9, ,-9, ,-9,338.2,-9.99,4.981,  ,c           ,
MT05,TR3367SW,8/15/2017 15:12,8/22/2017 12:37,201708,-9,-9, ,-9, ,-9, ,-9, ,-9, ,-9, ,-9, ,-9, ,-9,1.7,-9.99,0.025,t ,            ,9/27/2018
MT05,TR3638SW,8/22/2017 12:37,8/30/2017 0:09,201708,5.5,7.3, ,0.129, ,0.02, ,0.066, ,0.013, ,0.666, ,0.769, ,0.072, ,0.304,137.2,2.032,2.032,w ,            ,
MT05,TR3988SW,8/30/2017 0:09,9/5/2017 15:55,201709,-9,-9, ,-9, ,-9, ,-9, ,-9, ,-9, ,-9, ,-9, ,-9,0.3,0,0,d ,            ,
MT05,TR4159SW,9/5/2017 15:55,9/12/2017 17:12,201709,-9,-9, ,-9, ,-9, ,-9, ,-9, ,-9, ,-9, ,-9, ,-9,0,0,0,d ,            ,
MT05,TR4321SW,9/12/2017 17:12,9/19/2017 15:32,201709,5.19,-9, ,0.171, ,0.016, ,0.028, ,0.005, ,0.443, ,0.357, ,0.021, ,0.198,689.2,12.192,12.192,w ,            ,12/19/2019
MT05,TR4661SW,9/19/2017 15:32,9/26/2017 23:42,201709,5.8,2.9, ,0.052, ,0.007, ,0.008, ,0.015, ,0.271, ,0.289, ,0.022, ,0.135,1269.6,23.114,23.114,w ,            ,
MT05,TR4893SW,9/26/2017 23:42,10/3/2017 20:09,201709,5.6,3.4, ,0.023, ,0.004, ,0.009, ,0.004, ,0.275, ,0.248, ,0.011, ,0.156,594.5,9.906,9.906,w ,            ,
MT05,TR5096SW,10/3/2017 20:09,10/9/2017 14:55,201710,5.22,3.9, ,0.056, ,0.009, ,0.018, ,0.016, ,0.136, ,0.258, ,0.029, ,0.221,337.2,5.588,5.588,w ,            ,
MT05,TR5629SW,10/9/2017 14:55,10/17/2017 20:25,201710,-9,-9, ,-9, ,-9, ,-9, ,-9, ,-9, ,-9, ,-9, ,-9,1097.4,17.526,17.526,  ,e           ,
MT05,TR5703SW,10/17/2017 20:25,10/24/2017 16:28,201710,5.54,2, ,0.021, ,0.004, ,0.012, ,0.009, ,0.072, ,0.102, ,0.016, ,0.04,2269,51.562,51.562,w ,            ,
MT05,TR5883SW,10/24/2017 16:28,10/31/2017 15:41,201710,5.34,6.1, ,0.261, ,0.029, ,0.082, ,0.043, ,0.22, ,0.853, ,0.062, ,0.218,100.7,1.778,1.778,w ,            ,
MT05,TR6247SW,10/31/2017 15:41,11/7/2017 20:08,201711,-9,-9, ,-9, ,-9, ,-9, ,-9, ,-9, ,-9, ,-9, ,-9,1393.7,33.782,33.782,  ,u           ,
MT05,TR6456SW,11/7/2017 20:08,11/15/2017 1:13,201711,5.07,4.6, ,0.018, ,0.003, ,0.009, ,0.012, ,0.11, ,0.356, ,0.037, ,0.078,658.1,10.922,10.922,w ,            ,
MT05,TR6870SW,11/15/2017 1:40,11/22/2017 23:30,201711,5.46,2.5, ,0.02, ,0.004, ,0.03, ,0.022, ,0.065, ,0.155, ,0.033, ,0.079,2927.4,47.752,47.752,w ,            ,
MT05,TR6930SW,11/22/2017 23:30,11/28/2017 18:54,201711,5.49,2.1, ,0.015, ,0.003, ,0.009, ,0.005, ,0.063, ,0.082, ,0.009, ,0.094,1930.2,36.068,36.068,w ,            ,
MT05,TR7270SW,11/28/2017 18:54,12/5/2017 23:45,201712,5.25,3.3, ,0.021, ,0.003, ,0.005, ,0.009, ,0.089, ,0.31, ,0.019, ,0.138,850.7,-9.99,12.53,w ,            ,
MT05,TR7631SW,12/5/2017 23:45,12/12/2017 14:37,201712,-9,-9, ,-9, ,-9, ,-9, ,-9, ,-9, ,-9, ,-9, ,-9,1.2,-9.99,0.018,t ,            ,
MT05,TR7641SW,12/12/2017 14:37,12/19/2017 15:45,201712,5.45,-9, ,0.015, ,0.002, ,0.003, ,0.01, ,0.059, ,0.13, ,0.014, ,0.05,2035.2,33.782,33.782,w ,            ,12/19/2019
MT05,TR7853SW,12/19/2017 15:45,12/26/2017 17:42,201712,-9,-9, ,-9, ,-9, ,-9, ,-9, ,-9, ,-9, ,-9, ,-9,1831.1,60.96,60.96,  ,u           ,12/19/2019
MT05,TR8043SW,12/26/2017 17:42,1/2/2018 13:30,201712,5.2,-9, ,0.01,<,0.002, ,0.005, ,0.003, ,0.052, ,0.313, ,0.009, ,0.059,1695.6,82.042,82.042,w ,            ,12/19/2019
MT05,TR8404SW,1/2/2018 13:30,1/9/2018 18:30,201801,5.18,-9, ,0.007,<,0.001, ,0.004, ,0.005, ,0.058, ,0.237, ,0.012, ,0.055,1142,20.32,20.32,w ,            ,12/19/2019
MT05,TR8801SW,1/9/2018 18:30,1/16/2018 20:36,201801,5.16,3.5, ,0.017, ,0.002, ,0.006, ,0.011, ,0.059, ,0.445, ,0.017, ,0.043,1678.7,42.926,42.926,w ,            ,
MT05,TR9015SW,1/16/2018 20:36,1/23/2018 18:00,201801,5.29,3.4, ,0.029, ,0.006, ,0.006, ,0.041, ,0.084, ,0.302, ,0.053, ,0.075,420.3,-9.99,6.19,w ,            ,
MT05,TR9254SW,1/23/2018 18:00,1/30/2018 19:53,201801,5.4,2.8, ,0.054, ,0.005, ,0.004, ,0.027, ,0.059, ,0.217, ,0.02, ,0.09,3308.4,61.468,61.468,w ,            ,
MT05,TR9531SW,1/30/2018 19:53,2/7/2018 0:41,201802,-9,-9, ,-9, ,-9, ,-9, ,-9, ,-9, ,-9, ,-9, ,-9,1674.8,45.72,45.72,  ,u           ,
MT05,TR9760SW,2/7/2018 0:41,2/14/2018 2:16,201802,-9,-9, ,-9, ,-9, ,-9, ,-9, ,-9, ,-9, ,-9, ,-9,445.5,37.084,37.084,  ,u           ,
MT05,TS0154SW,2/14/2018 2:16,2/21/2018 2:16,201802,-9,-9, ,-9, ,-9, ,-9, ,-9, ,-9, ,-9, ,-9, ,-9,-9,77.724,77.724,  ,v           ,
MT05,TS0411SW,2/21/2018 2:16,3/2/2018 2:52,201802,-9,-9, ,-9, ,-9, ,-9, ,-9, ,-9, ,-9, ,-9, ,-9,0.9,24.638,24.638,  ,ve          ,
MT05,TS0812SW,3/2/2018 2:52,3/7/2018 0:30,201803,-9,-9, ,-9, ,-9, ,-9, ,-9, ,-9, ,-9, ,-9, ,-9,1.8,10.922,10.922,  ,v           ,
MT05,TS0804SW,3/7/2018 0:30,3/13/2018 18:05,201803,-9,-9, ,-9, ,-9, ,-9, ,-9, ,-9, ,-9, ,-9, ,-9,0,13.462,13.462,  ,v           ,
MT05,TS1147SW,3/13/2018 18:05,3/20/2018 23:36,201803,-9,-9, ,-9, ,-9, ,-9, ,-9, ,-9, ,-9, ,-9, ,-9,0.3,11.43,11.43,  ,v           ,
MT05,TS1439SW,3/20/2018 23:36,3/27/2018 16:10,201803,-9,-9, ,-9, ,-9, ,-9, ,-9, ,-9, ,-9, ,-9, ,-9,-9,14.986,14.986,  ,v           ,
MT05,TS1685SW,3/27/2018 16:10,4/3/2018 17:15,201803,-9,-9, ,-9, ,-9, ,-9, ,-9, ,-9, ,-9, ,-9, ,-9,-9,25.654,25.654,  ,v           ,
MT05,TS1950SW,4/3/2018 17:15,4/10/2018 17:38,201804,-9,-9, ,-9, ,-9, ,-9, ,-9, ,-9, ,-9, ,-9, ,-9,-9,19.05,19.05,  ,v           ,
MT05,TS2091SW,4/10/2018 17:38,4/17/2018 15:58,201804,-9,-9, ,-9, ,-9, ,-9, ,-9, ,-9, ,-9, ,-9, ,-9,2184.5,34.544,34.544,  ,u           ,
MT05,TS2333SW,4/17/2018 15:58,4/24/2018 17:38,201804,5.84,5.9, ,0.206, ,0.029, ,0.031, ,0.035, ,0.411, ,1.181, ,0.068, ,0.344,229.6,-9.99,3.381,w ,            ,
MT05,TS2620SW,4/24/2018 17:38,5/1/2018 17:35,201804,6.45,7.6, ,0.302, ,0.033, ,0.031, ,0.104, ,0.755, ,0.67, ,0.077, ,0.474,250.6,3.81,3.81,w ,            ,
MT05,TS2862SW,5/1/2018 17:35,5/8/2018 18:05,201805,-9,-9, ,-9, ,-9, ,-9, ,-9, ,-9, ,-9, ,-9, ,-9,170.9,-9.99,2.517,  ,c           ,
MT05,TS3242SW,5/8/2018 18:05,5/16/2018 0:23,201805,6.03,7.9, ,0.057, ,0.015, ,0.187, ,0.052, ,0.956, ,0.449, ,0.079, ,0.277,1017.4,15.24,15.24,w ,            ,
MT05,TS3386SW,5/16/2018 0:23,5/22/2018 16:58,201805,-9,-9, ,-9, ,-9, ,-9, ,-9, ,-9, ,-9, ,-9, ,-9,182.2,3.302,3.302,  ,uc          ,
MT05,TS3539SW,5/22/2018 16:58,5/29/2018 13:46,201805,5.39,3.6, ,0.056, ,0.011, ,0.039, ,0.015, ,0.168, ,0.391, ,0.031, ,0.175,1190,17.78,17.78,w ,            ,
MT05,TT0035SW,5/29/2018 13:46,6/5/2018 15:39,201806,5.12,5.3, ,0.083, ,0.024, ,0.132, ,0.017, ,0.163, ,0.678, ,0.055, ,0.201,980.5,16.256,16.256,w ,            ,
MT05,TT0432SW,6/5/2018 15:39,6/13/2018 3:05,201806,5.51,3.7, ,0.101, ,0.016, ,0.062, ,0.022, ,0.198, ,0.382, ,0.044, ,0.164,1284,20.066,20.066,w ,            ,
MT05,TT0822SW,6/13/2018 3:05,6/26/2018 16:22,201806,-9,-9, ,-9, ,-9, ,-9, ,-9, ,-9, ,-9, ,-9, ,-9,958.5,13.208,13.208,  ,e           ,
MT05,TT1096SW,6/26/2018 16:22,7/4/2018 2:00,201806,5.9,3.8, ,0.09, ,0.013, ,0.032, ,0.01, ,0.353, ,0.465, ,0.039, ,0.186,371.4,5.842,5.842,w ,            ,
MT05,TT1457SW,7/4/2018 2:00,7/10/2018 16:47,201807,-9,-9, ,-9, ,-9, ,-9, ,-9, ,-9, ,-9, ,-9, ,-9,0,0,0,d ,            ,
MT05,TT1710SW,7/10/2018 16:47,7/17/2018 20:44,201807,-9,-9, ,-9, ,-9, ,-9, ,-9, ,-9, ,-9, ,-9, ,-9,0.1,-9.99,0,d ,            ,
MT05,TT1894SW,7/17/2018 20:44,7/24/2018 18:08,201807,-9,-9, ,-9, ,-9, ,-9, ,-9, ,-9, ,-9, ,-9, ,-9,0,0,0,d ,            ,
MT05,TT2185SW,7/24/2018 18:08,8/1/2018 14:33,201807,4.97,7.4, ,0.12, ,0.016, ,0.036, ,0.006, ,0.306, ,0.633, ,0.04, ,0.338,665.3,9.906,9.906,w ,            ,4/12/2020
MT05,TT2421SW,8/1/2018 14:38,8/7/2018 17:07,201808,-9,-9, ,-9, ,-9, ,-9, ,-9, ,-9, ,-9, ,-9, ,-9,0,0,0,d ,            ,
MT05,TT2708SW,8/7/2018 17:07,8/14/2018 19:08,201808,-9,-9, ,-9, ,-9, ,-9, ,-9, ,-9, ,-9, ,-9, ,-9,0,0,0,d ,            ,
MT05,TT2831SW,8/14/2018 19:08,8/21/2018 14:57,201808,-9,-9, ,-9, ,-9, ,-9, ,-9, ,-9, ,-9, ,-9, ,-9,103.3,1.524,1.524,  ,c           ,
MT05,TT3184SW,8/21/2018 14:57,8/28/2018 16:11,201808,5.25,7.2, ,0.121, ,0.011, ,0.073, ,0.047, ,0.585, ,0.429, ,0.071, ,0.25,595.4,10.414,10.414,w ,            ,4/12/2020
MT05,TT3403SW,8/28/2018 16:11,9/4/2018 16:48,201809,-9,-9, ,-9, ,-9, ,-9, ,-9, ,-9, ,-9, ,-9, ,-9,0,0,0,d ,            ,
MT05,TT3701SW,9/4/2018 16:48,9/11/2018 23:19,201809,-9,-9, ,-9, ,-9, ,-9, ,-9, ,-9, ,-9, ,-9, ,-9,0.9,0,0,d ,            ,
MT05,TT3840SW,9/11/2018 23:19,9/18/2018 19:04,201809,6.34,6.7, ,0.311, ,0.047, ,0.056, ,0.24, ,0.417, ,0.831, ,0.118, ,0.386,278.9,-9.99,4.599,w ,            ,4/12/2020
MT05,TT4179SW,9/18/2018 19:04,9/25/2018 18:23,201809,5.89,5.3, ,0.229, ,0.032, ,0.051, ,0.039, ,0.441, ,0.8, ,0.059, ,0.302,257.7,4.826,4.826,w ,            ,4/12/2020
MT05,TT4312SW,9/25/2018 18:23,10/2/2018 17:14,201809,-9,-9, ,-9, ,-9, ,-9, ,-9, ,-9, ,-9, ,-9, ,-9,1469.1,22.352,22.352,  ,c           ,
MT05,TT4637SW,10/2/2018 17:14,10/9/2018 18:58,201810,6.04,3.6, ,0.231, ,0.039, ,0.122, ,0.042, ,0.106, ,0.325, ,0.043, ,0.222,814.4,12.7,12.7,w ,            ,
MT05,TT4911SW,10/9/2018 18:58,10/16/2018 14:51,201810,-9,-9, ,-9, ,-9, ,-9, ,-9, ,-9, ,-9, ,-9, ,-9,0,0,0,d ,            ,
MT05,TT5255SW,10/16/2018 14:51,10/24/2018 0:15,201810,-9,-9, ,-9, ,-9, ,-9, ,-9, ,-9, ,-9, ,-9, ,-9,0.2,-9.99,0,d ,            ,
MT05,TT5726SW,10/24/2018 0:15,10/30/2018 13:43,201810,-9,-9, ,-9, ,-9, ,-9, ,-9, ,-9, ,-9, ,-9, ,-9,-9,-9.99,-9.99,  ,p           ,4/12/2020
MT05,TT5728SW,10/30/2018 13:43,11/7/2018 2:44,201811,5.28,3.5, ,0.048, ,0.007, ,0.023, ,0.012, ,0.131, ,0.356, ,0.057, ,0.108,3382.9,-9.99,54.569,w ,            ,4/12/2020
MT05,TT6018SW,11/7/2018 2:44,11/13/2018 12:30,201811,5.3,4.2, ,0.041, ,0.004, ,0.01, ,0.006, ,0.203, ,0.634, ,0.018, ,0.166,733.3,-9.99,10.801,w ,            ,4/12/2020
MT05,TT6442SW,11/13/2018 12:30,11/20/2018 12:42,201811,-9,-9, ,-9, ,-9, ,-9, ,-9, ,-9, ,-9, ,-9, ,-9,271.8,5.08,5.08,  ,u           ,12/19/2019
MT05,TT6444SW,11/20/2018 12:42,11/27/2018 13:59,201811,5.55,4.3, ,0.146, ,0.014, ,0.025, ,0.074, ,0.231, ,0.697, ,0.109, ,0.168,169.5,2.794,2.794,w ,            ,12/19/2019
MT05,TT7153SW,11/27/2018 13:59,12/4/2018 12:45,201811,5.22,5.1, ,0.127, ,0.015, ,0.028, ,0.041, ,0.153, ,0.834, ,0.081, ,0.141,601.3,8.128,8.128,w ,            ,4/12/2020
MT05,TT7168SW,12/4/2018 12:45,12/11/2018 14:03,201812,5.39,4.3, ,0.053, ,0.007, ,0.006, ,0.032, ,0.231, ,0.761, ,0.063, ,0.119,203.3,2.286,2.286,w ,            ,12/19/2019
MT05,TT7149SW,12/11/2018 14:03,12/18/2018 13:21,201812,5.96,3.3, ,0.089, ,0.015, ,0.045, ,0.321, ,0.056, ,0.268, ,0.162, ,0.138,1021.5,-9.99,15.046,w ,            ,4/12/2020
MT05,TT8395SW,12/18/2018 13:21,1/29/2019 14:27,201901,-9,-9, ,-9,<,-9, ,-9, ,-9, ,-9, ,-9, ,-9, ,-9,6994.7,124.206,124.206,  ,e           ,9/9/2020
MT05,TT8578SW,1/29/2019 14:27,2/5/2019 14:24,201902,-9,-9, ,-9, ,-9, ,-9, ,-9, ,-9, ,-9, ,-9, ,-9,536.7,15.748,15.748,  ,u           ,9/4/2022
MT05,TT8880SW,2/5/2019 14:24,2/12/2019 13:37,201902,-9,-9,<,-9,<,-9,<,-9, ,-9, ,-9, ,-9, ,-9, ,-9,866.4,26.162,26.162,  ,u           ,9/4/2022
MT05,TT9186SW,2/12/2019 13:37,2/19/2019 17:04,201902,-9,-9, ,-9, ,-9, ,-9, ,-9, ,-9,<,-9,<,-9,<,-9,1240.1,29.718,29.718,  ,u           ,9/4/2022
MT05,TT9191SW,2/19/2019 17:04,2/26/2019 17:20,201902,-9,-9, ,-9, ,-9, ,-9, ,-9, ,-9, ,-9, ,-9, ,-9,519.9,13.462,13.462,  ,u           ,9/4/2022
MT05,TT9612SW,2/26/2019 17:20,3/5/2019 21:46,201903,-9,-9, ,-9, ,-9, ,-9, ,-9, ,-9, ,-9, ,-9, ,-9,272.7,-9.99,4.016,  ,u           ,4/12/2020
MT05,TT9800SW,3/5/2019 21:46,3/12/2019 18:57,201903,-9,-9, ,-9, ,-9, ,-9, ,-9, ,-9, ,-9, ,-9, ,-9,20.2,-9.99,0.297,  ,u           ,9/4/2022
MT05,TU0711SW,3/12/2019 18:57,3/19/2019 21:27,201903,5.3,3,<,0.023,<,0.006,<,0.005,<,0.01, ,0.061, ,0.274,<,0.018, ,0.102,954,-9.99,14.052,w ,            ,4/12/2020
MT05,TU0714SW,3/19/2019 21:27,3/26/2019 15:26,201903,-9,-9, ,-9, ,-9, ,-9, ,-9, ,-9, ,-9, ,-9, ,-9,166.6,-9.99,2.453,  ,u           ,4/12/2020
MT05,TU0719SW,3/26/2019 15:26,4/2/2019 11:46,201903,-9,-9, ,-9, ,-9, ,-9, ,-9, ,-9, ,-9, ,-9, ,-9,180.5,-9.99,2.658,  ,u           ,9/4/2022
MT05,TU0710SW,4/2/2019 11:46,4/9/2019 15:36,201904,5.48,3.6, ,0.05, ,0.01, ,0.011, ,0.037, ,0.176, ,0.298, ,0.072, ,0.118,2050.8,-9.99,30.207,w ,            ,4/12/2020
MT05,TU1049SW,4/9/2019 15:36,4/16/2019 11:45,201904,5.26,4.5, ,0.042, ,0.006, ,0.012, ,0.012, ,0.213, ,0.476, ,0.03, ,0.187,1459.5,-9.99,21.497,w ,            ,4/12/2020
MT05,TU1279SW,4/16/2019 11:45,4/23/2019 23:36,201904,5.15,7.5, ,0.099, ,0.014, ,0.026, ,0.012, ,0.371, ,1.134, ,0.084, ,0.365,894.2,-9.99,13.171,w ,            ,4/12/2020
MT05,TU1545SW,4/23/2019 23:36,4/30/2019 11:50,201904,-9,-9, ,-9, ,-9, ,-9, ,-9, ,-9, ,-9, ,-9, ,-9,565.7,-9.99,8.333,  ,c           ,
MT05,TU2217SW,4/30/2019 11:50,5/7/2019 15:36,201905,5.83,3, ,0.062, ,0.012, ,0.014, ,0.031, ,0.221, ,0.35, ,0.042, ,0.182,862.8,-9.99,12.709,w ,            ,
MT05,TU2501SW,5/7/2019 15:36,5/14/2019 11:17,201905,-9,-9, ,-9, ,-9, ,-9, ,-9, ,-9, ,-9, ,-9, ,-9,26.4,-9.99,0.389,  ,ci          ,
MT05,TU2493SW,5/14/2019 11:17,5/21/2019 11:29,201905,-9,-9, ,-9, ,-9, ,-9, ,-9, ,-9, ,-9, ,-9, ,-9,672.1,-9.99,9.9,  ,uc          ,9/4/2022
MT05,TU2488SW,5/21/2019 11:29,5/28/2019 11:12,201905,-9,-9, ,-9, ,-9, ,-9, ,-9, ,-9, ,-9, ,-9, ,-9,26.9,0.762,0.762,  ,v           ,7/5/2020
MT05,TU2856SW,5/28/2019 11:12,6/4/2019 11:17,201905,-9,-9, ,-9, ,-9, ,-9, ,-9, ,-9, ,-9, ,-9, ,-9,0,0,0,d ,            ,
MT05,TU3086SW,6/4/2019 11:17,6/11/2019 14:48,201906,-9,-9, ,-9, ,-9, ,-9, ,-9, ,-9, ,-9, ,-9, ,-9,3170.7,48.514,48.514,  ,u           ,9/4/2022
MT05,TU3358SW,6/11/2019 14:48,6/18/2019 11:41,201906,-9,-9, ,-9, ,-9, ,-9, ,-9, ,-9, ,-9, ,-9, ,-9,169.4,2.794,2.794,  ,c           ,7/5/2020
MT05,TU3549SW,6/18/2019 11:41,6/25/2019 15:58,201906,-9,-9, ,-9, ,-9, ,-9, ,-9, ,-9, ,-9, ,-9, ,-9,2705.3,42.418,42.418,  ,u           ,9/4/2022
MT05,TU3809SW,6/25/2019 15:58,7/2/2019 17:00,201906,5.38,4.3, ,0.097, ,0.014, ,0.036, ,0.035, ,0.186, ,0.5, ,0.06, ,0.218,811.2,11.938,11.938,w ,            ,7/5/2020
MT05,TU4112SW,7/2/2019 17:00,7/9/2019 17:10,201907,5.16,4.8, ,0.055, ,0.008, ,0.028,<,0.01, ,0.197, ,0.33, ,0.029, ,0.343,2038,28.448,28.448,w ,            ,7/5/2020
MT05,TU4298SW,7/9/2019 17:10,7/16/2019 16:05,201907,4.97,6.2, ,0.04, ,0.007, ,0.021,<,0.01, ,0.185, ,0.343, ,0.028, ,0.258,1021.6,14.986,14.986,w ,            ,7/5/2020
MT05,TU4632SW,7/16/2019 16:05,7/23/2019 13:10,201907,-9,-9, ,-9, ,-9, ,-9, ,-9, ,-9, ,-9, ,-9, ,-9,371.8,5.08,5.08,  ,u           ,9/4/2022
MT05,TU4889SW,7/23/2019 13:10,7/30/2019 12:50,201907,-9,-9, ,-9, ,-9, ,-9, ,-9, ,-9, ,-9, ,-9, ,-9,33.2,0.508,0.508,  ,c           ,7/5/2020
MT05,TU5203SW,7/30/2019 12:50,8/6/2019 16:19,201908,-9,-9, ,-9, ,-9, ,-9, ,-9, ,-9, ,-9, ,-9, ,-9,0,0,0,d ,            ,
MT05,TU5404SW,8/6/2019 16:19,8/13/2019 12:56,201908,5.21,6, ,0.09, ,0.012, ,0.023, ,0.012, ,0.378, ,0.594, ,0.03, ,0.298,817.1,13.716,13.716,w ,            ,7/5/2020
MT05,TU5532SW,8/13/2019 12:56,8/20/2019 13:01,201908,4.99,5.6, ,0.052, ,0.007, ,0.017,<,0.01, ,0.189, ,0.397, ,0.027, ,0.33,828.2,11.684,11.684,w ,            ,7/5/2020
MT05,TU5951SW,8/20/2019 13:01,8/27/2019 19:45,201908,5.58,5.6, ,0.26, ,0.03, ,0.052, ,0.053, ,0.321, ,0.717, ,0.063, ,0.521,371.3,6.096,6.096,w ,            ,7/5/2020
MT05,TU6126SW,8/27/2019 20:21,9/3/2019 12:50,201908,5.63,2.8, ,0.122, ,0.015, ,0.017,<,0.01, ,0.103, ,0.271, ,0.039, ,0.073,125.3,1.778,1.778,w ,            ,7/5/2020
MT05,TU6493SW,9/3/2019 12:50,9/10/2019 12:52,201909,5.42,3.1, ,0.056,<,0.006, ,0.017,<,0.01, ,0.122, ,0.268, ,0.019, ,0.119,2240.8,35.56,35.56,w ,            ,7/5/2020
MT05,TU6701SW,9/10/2019 12:52,9/17/2019 16:13,201909,6.18,7.7, ,0.297, ,0.028, ,0.053, ,0.082, ,0.681, ,0.946, ,0.137, ,0.442,60,1.27,1.27,w ,            ,7/5/2020
MT05,TU6893SW,9/17/2019 16:13,9/24/2019 16:22,201909,5.48,3.1, ,0.045,<,0.006, ,0.019, ,0.011, ,0.178, ,0.338, ,0.026, ,0.169,923.3,18.288,18.288,w ,            ,7/5/2020
MT05,TU7319SW,9/24/2019 16:22,10/1/2019 20:45,201909,5.3,4.2, ,0.038, ,0.018, ,0.02, ,0.129, ,0.137, ,0.392, ,0.173, ,0.275,887.8,14.986,14.986,w ,            ,7/5/2020
MT05,TU7658SW,10/1/2019 20:50,10/9/2019 0:17,201910,-9,-9, ,-9, ,-9, ,-9, ,-9, ,-9, ,-9, ,-9, ,-9,1629.6,27.432,27.432,  ,u           ,9/4/2022
MT05,TU7850SW,10/9/2019 0:17,10/15/2019 15:31,201910,-9,-9, ,-9, ,-9, ,-9, ,-9, ,-9, ,-9, ,-9, ,-9,92.2,2.54,2.54,  ,u           ,9/4/2022
MT05,TU7972SW,10/15/2019 15:31,10/22/2019 16:22,201910,-9,-9, ,-9, ,-9, ,-9, ,-9, ,-9, ,-9, ,-9, ,-9,1035.5,-9.99,15.253,  ,u           ,9/4/2022
MT05,TU8236SW,10/22/2019 16:22,10/29/2019 17:34,201910,-9,-9, ,-9, ,-9, ,-9, ,-9, ,-9, ,-9, ,-9, ,-9,596.3,9.906,9.906,  ,u           ,9/4/2022
MT05,TU8747SW,10/29/2019 17:34,11/12/2019 18:18,201911,-9,-9, ,-9, ,-9, ,-9, ,-9, ,-9, ,-9, ,-9, ,-9,141.1,5.08,5.08,  ,e           ,
MT05,TU9018SW,11/12/2019 18:18,11/19/2019 12:39,201911,-9,-9, ,-9, ,-9, ,-9, ,-9, ,-9, ,-9, ,-9, ,-9,1093.4,18.542,18.542,  ,u           ,9/4/2022
MT05,TU9365SW,11/19/2019 12:39,11/26/2019 12:54,201911,-9,-9, ,-9,<,-9, ,-9, ,-9, ,-9, ,-9, ,-9, ,-9,1291.6,22.606,22.606,  ,u           ,9/4/2022
MT05,TU9530SW,11/26/2019 12:54,12/3/2019 18:40,201911,-9,-9, ,-9, ,-9, ,-9, ,-9, ,-9, ,-9, ,-9, ,-9,393.8,7.366,7.366,  ,u           ,9/4/2022
MT05,TU9854SW,12/3/2019 18:40,12/10/2019 12:32,201912,-9,-9,<,-9,<,-9, ,-9,<,-9, ,-9, ,-9, ,-9, ,-9,1430.7,22.098,22.098,  ,u           ,9/4/2022
MT05,TV0031SW,12/10/2019 12:32,12/17/2019 12:12,201912,-9,-9,<,-9,<,-9, ,-9, ,-9, ,-9, ,-9, ,-9, ,-9,1199.1,19.304,19.304,  ,u           ,9/4/2022
MT05,TV0484SW,12/17/2019 12:12,12/24/2019 12:32,201912,-9,-9, ,-9, ,-9, ,-9, ,-9, ,-9, ,-9, ,-9, ,-9,1513.5,24.638,24.638,  ,u           ,9/4/2022
MT05,TV0485SW,12/24/2019 12:32,12/31/2019 12:13,201912,-9,-9, ,-9, ,-9, ,-9, ,-9, ,-9, ,-9, ,-9, ,-9,146.4,2.794,2.794,  ,u           ,9/4/2022
MT05,TV0782SW,12/31/2019 12:13,1/7/2020 11:35,202001,5.51,2,<,0.023,<,0.006, ,0.005, ,0.017, ,0.045, ,0.115, ,0.029, ,0.038,2997.9,51.308,51.308,w ,            ,
MT05,TV1276SW,1/7/2020 11:35,1/14/2020 12:12,202001,5.32,2.5,<,0.023,<,0.006,<,0.005,<,0.01, ,0.06, ,0.256, ,0.021, ,0.039,3055.9,36.322,36.322,w ,            ,
MT05,TV1424SW,1/14/2020 12:12,1/21/2020 11:59,202001,5,5.1, ,0.032,<,0.006,<,0.005, ,0.055, ,0.085, ,0.691, ,0.064, ,0.127,1079.6,13.716,13.716,w ,            ,
MT05,TV1793SW,1/21/2020 11:59,2/4/2020 12:01,202001,-9,-9, ,-9,<,-9, ,-9, ,-9, ,-9, ,-9, ,-9, ,-9,2438.3,47.244,47.244,  ,e           ,
MT05,TV2258SW,2/4/2020 12:01,2/11/2020 11:52,202002,5.22,3.9, ,0.028,<,0.006,<,0.005, ,0.015, ,0.126, ,0.554, ,0.032, ,0.094,631.5,10.414,10.414,w ,            ,
MT05,TV2388SW,2/11/2020 11:52,2/18/2020 17:15,202002,5.34,5.3, ,0.097, ,0.013, ,0.011, ,0.064, ,0.274, ,0.923, ,0.114, ,0.263,967.8,18.034,18.034,w ,            ,
MT05,TV2654SW,2/18/2020 17:15,2/25/2020 11:50,202002,5.61,3.3, ,0.091, ,0.011, ,0.01, ,0.041, ,0.173, ,0.456, ,0.061, ,0.178,551.3,-9.99,8.12,w ,            ,
MT05,TV3164SW,2/25/2020 11:50,3/3/2020 11:49,202002,-9,-9, ,-9, ,-9, ,-9, ,-9, ,-9, ,-9, ,-9, ,-9,190.9,-9.99,2.811,  ,c           ,
MT05,TV3165SW,3/3/2020 11:49,3/10/2020 11:00,202003,-9,-9, ,-9, ,-9, ,-9, ,-9, ,-9, ,-9, ,-9, ,-9,54.5,-9.99,0.802,  ,c           ,
MT05,TV3472SW,3/10/2020 11:00,3/17/2020 12:14,202003,5.93,4.3, ,0.145, ,0.017, ,0.021, ,0.05, ,0.315, ,0.558, ,0.054, ,0.31,439.7,-9.99,6.476,w ,            ,
MT05,TV3858SW,3/17/2020 12:14,3/24/2020 11:49,202003,5.42,3.9, ,0.083, ,0.014, ,0.02, ,0.021, ,0.161, ,0.431, ,0.03, ,0.324,259.6,-9.99,3.823,w ,            ,
MT05,TV3816SW,3/24/2020 11:49,3/31/2020 16:36,202003,6.01,4.4, ,0.166, ,0.022, ,0.032, ,0.031, ,0.352, ,0.478, ,0.064, ,0.273,1196.5,18.288,18.288,w ,            ,
MT05,TV4143SW,3/31/2020 16:36,4/7/2020 15:47,202004,5.67,3.7, ,0.048, ,0.008, ,0.014, ,0.019, ,0.248, ,0.454, ,0.028, ,0.212,1653.2,33.02,33.02,w ,            ,
MT05,TV4433SW,4/7/2020 15:47,4/14/2020 18:22,202004,-9,-9, ,-9, ,-9, ,-9, ,-9, ,-9, ,-9, ,-9, ,-9,1.8,0,0,d ,            ,
MT05,TV4550SW,4/14/2020 18:22,4/21/2020 17:59,202004,5.71,3.8, ,0.09, ,0.013, ,0.009,<,0.01, ,0.253, ,0.493, ,0.032, ,0.243,153.6,6.096,6.096,w ,            ,
MT05,TV4727SW,4/21/2020 17:59,4/28/2020 15:08,202004,5.74,4.4, ,0.137, ,0.021, ,0.054, ,0.017, ,0.318, ,0.482, ,0.043, ,0.276,928.5,19.558,19.558,w ,            ,
MT05,TV5197SW,4/28/2020 15:08,5/5/2020 15:16,202005,6.01,3.1, ,0.17, ,0.028, ,0.138, ,0.013, ,0.153, ,0.204, ,0.029, ,0.14,217.7,5.08,5.08,w ,            ,
MT05,TV5348SW,5/5/2020 15:16,5/12/2020 15:19,202005,5.9,2.8, ,0.073, ,0.011, ,0.052,<,0.01, ,0.186, ,0.361, ,0.032, ,0.073,303.6,13.716,13.716,w ,            ,
MT05,TV5351SW,5/12/2020 15:19,5/19/2020 15:28,202005,5.63,2.4, ,0.029,<,0.006, ,0.019,<,0.01, ,0.111, ,0.205, ,0.019, ,0.086,1468.3,22.352,22.352,w ,            ,
MT05,TV5611SW,5/19/2020 15:28,5/26/2020 17:43,202005,5.78,2, ,0.062, ,0.008, ,0.012,<,0.01, ,0.085, ,0.163,<,0.018, ,0.062,2304.1,39.116,39.116,w ,            ,
MT05,TV5890SW,5/26/2020 17:43,6/2/2020 16:21,202005,5.64,3.9, ,0.063, ,0.013, ,0.086,<,0.01, ,0.268, ,0.443, ,0.036, ,0.212,318.2,19.304,19.304,w ,            ,
MT05,TV6126SW,6/2/2020 16:21,6/9/2020 15:19,202006,5.25,4.3, ,0.101, ,0.018, ,0.094, ,0.021, ,0.078, ,0.237, ,0.03, ,0.174,2784.8,48.768,48.768,w ,            ,
MT05,TV6363SW,6/9/2020 15:19,6/16/2020 16:04,202006,-9,-9, ,-9, ,-9, ,-9, ,-9, ,-9, ,-9, ,-9, ,-9,572.1,10.16,10.16,  ,c           ,
MT05,TV6633SW,6/16/2020 16:04,6/23/2020 16:07,202006,5.29,3.3, ,0.054, ,0.011, ,0.038,<,0.01, ,0.039, ,0.193, ,0.022, ,0.115,1011.1,17.018,17.018,w ,            ,
MT05,TV6976SW,6/23/2020 16:07,6/30/2020 16:13,202006,5.53,3.8, ,0.065, ,0.013, ,0.073,<,0.01, ,0.193, ,0.35, ,0.036, ,0.144,1440.2,29.21,29.21,w ,            ,
MT05,TV7095SW,6/30/2020 16:13,7/7/2020 15:33,202007,5.14,4.4, ,0.041, ,0.008, ,0.037, ,0.02, ,0.11, ,0.317, ,0.038, ,0.164,1571.4,24.892,24.892,w ,            ,
MT05,TV7470SW,7/7/2020 15:33,7/14/2020 16:34,202007,5.41,4.8, ,0.08, ,0.013, ,0.038, ,0.015, ,0.323, ,0.521, ,0.045, ,0.271,1530.5,23.368,23.368,w ,            ,
MT05,TV7638SW,7/14/2020 16:34,7/21/2020 16:26,202007,5.75,4.5, ,0.344, ,0.044, ,0.04, ,0.011, ,0.132, ,0.449, ,0.065, ,0.161,46.3,0.762,0.762,w ,            ,
MT05,TV7999SW,7/21/2020 16:26,7/28/2020 15:47,202007,-9,-9, ,-9, ,-9, ,-9, ,-9, ,-9, ,-9, ,-9, ,-9,0.3,0,0,d ,            ,
MT05,TV8206SW,7/28/2020 15:47,8/4/2020 16:37,202008,6.09,10.6, ,0.47, ,0.061, ,0.045, ,0.062, ,0.905, ,1.149, ,0.116, ,0.734,121.6,1.778,1.778,w ,            ,
MT05,TV8368SW,8/4/2020 16:37,8/11/2020 16:49,202008,5.81,4.9, ,0.136, ,0.018, ,0.036, ,0.019, ,0.409, ,0.847, ,0.074, ,0.241,344.1,5.08,5.08,w ,            ,
MT05,TV8601SW,8/11/2020 16:49,8/18/2020 15:54,202008,-9,-9, ,-9, ,-9, ,-9, ,-9, ,-9, ,-9, ,-9, ,-9,5.5,0,0,d ,            ,
MT05,TV8916SW,8/18/2020 15:54,8/25/2020 17:11,202008,-9,-9, ,-9, ,-9, ,-9, ,-9, ,-9, ,-9, ,-9, ,-9,-9,0,0,d ,            ,
MT05,TV9198SW,8/25/2020 17:11,9/1/2020 15:48,202008,5.79,4.7, ,0.175, ,0.033, ,0.034, ,0.073, ,0.24, ,0.582, ,0.133, ,0.368,29.1,1.016,1.016,wd,            ,
MT05,TV9424SW,9/1/2020 15:48,9/8/2020 16:50,202009,-9,-9, ,-9, ,-9, ,-9, ,-9, ,-9, ,-9, ,-9, ,-9,6.6,0.254,0.254,  ,v           ,
MT05,TV9649SW,9/8/2020 16:50,9/15/2020 22:54,202009,-9,-9, ,-9, ,-9, ,-9, ,-9, ,-9, ,-9, ,-9, ,-9,0,0,0,d ,            ,
MT05,TW0136SW,9/15/2020 22:54,9/29/2020 16:02,202009,-9,-9, ,-9, ,-9, ,-9, ,-9, ,-9, ,-9, ,-9, ,-9,2060.3,33.782,33.782,  ,e           ,
MT05,TW0396SW,9/29/2020 16:02,10/6/2020 16:18,202010,-9,-9, ,-9, ,-9, ,-9, ,-9, ,-9, ,-9, ,-9, ,-9,0.7,0,0,d ,            ,
MT05,TW0898SW,10/6/2020 16:18,10/13/2020 17:42,202010,5.67,2.5, ,0.098, ,0.013, ,0.047, ,0.014, ,0.075, ,0.141, ,0.028, ,0.076,2124.7,37.084,37.084,w ,            ,
MT05,TW0895SW,10/13/2020 17:42,10/20/2020 17:43,202010,5.4,2.9, ,0.025,<,0.006, ,0.011, ,0.024, ,0.105, ,0.227, ,0.038, ,0.118,3963.3,69.342,69.342,w ,            ,
MT05,TW1232SW,10/20/2020 17:43,10/27/2020 11:50,202010,5.46,3.7, ,0.029,<,0.006, ,0.018, ,0.027, ,0.237, ,0.491, ,0.042, ,0.168,741.6,14.478,14.478,w ,            ,
MT05,TW1278SW,10/27/2020 11:50,11/3/2020 16:29,202010,-9,-9, ,-9, ,-9, ,-9, ,-9, ,-9, ,-9, ,-9, ,-9,59.8,1.016,1.016,  ,c           ,
MT05,TW1663SW,11/3/2020 16:29,11/10/2020 17:39,202011,5.7,2, ,0.058, ,0.006, ,0.015, ,0.011, ,0.09, ,0.133, ,0.022, ,0.052,3030,52.324,52.324,w ,            ,
MT05,TW2127SW,11/10/2020 17:39,11/17/2020 13:14,202011,5.43,2.7,<,0.023,<,0.006, ,0.009, ,0.012, ,0.058, ,0.242, ,0.027, ,0.086,2107.5,50.038,50.038,w ,            ,
MT05,TW2023SW,11/17/2020 13:14,11/24/2020 21:52,202011,5.25,3.4, ,0.023,<,0.006, ,0.009,<,0.01, ,0.084, ,0.194, ,0.021, ,0.071,581.9,9.906,9.906,w ,            ,
MT05,TW2336SW,11/24/2020 21:52,12/1/2020 12:17,202011,5.42,4.4, ,0.095, ,0.011, ,0.02, ,0.064, ,0.264, ,0.707, ,0.078, ,0.273,286,-9.99,4.212,w ,            ,
MT05,TW2641SW,12/1/2020 12:17,12/8/2020 18:30,202012,-9,-9, ,-9, ,-9, ,-9, ,-9, ,-9, ,-9, ,-9, ,-9,0.7,0,0,d ,            ,
MT05,TW2835SW,12/8/2020 18:30,12/15/2020 17:30,202012,5.06,5.6, ,0.046, ,0.008, ,0.014, ,0.051, ,0.184, ,0.775, ,0.092, ,0.136,148.9,3.048,3.048,w ,            ,
MT05,TW3290SW,12/15/2020 17:30,12/22/2020 17:07,202012,5.33,2.2, ,0.024,<,0.006, ,0.007, ,0.021, ,0.058, ,0.199, ,0.031, ,0.056,2872.3,46.482,46.482,w ,            ,
MT05,TW3295SW,12/22/2020 17:07,12/29/2020 12:16,202012,5.51,2.4,<,0.023,<,0.006,<,0.005,<,0.01, ,0.039, ,0.184,<,0.018, ,0.036,610.3,13.97,13.97,w ,            ,
MT05,TW3595SW,12/29/2020 12:16,1/5/2021 12:12,202101,5.51,1.9,<,0.023,<,0.006, ,0.005, ,0.012, ,0.047, ,0.129, ,0.022, ,0.026,1665.2,29.21,29.21,w ,            ,
MT05,TW4125SW,1/5/2021 12:12,1/12/2021 11:49,202101,5.31,4.1, ,0.082, ,0.01, ,0.009, ,0.048, ,0.094, ,0.591, ,0.057, ,0.191,371.2,7.62,7.62,w ,            ,
MT05,TW4124SW,1/12/2021 11:49,1/19/2021 11:56,202101,5.57,1.7,<,0.023,<,0.006, ,0.007, ,0.014, ,0.022, ,0.068,<,0.018, ,0.033,3107,46.736,46.736,w ,            ,
MT05,TW4382SW,1/19/2021 11:56,1/26/2021 17:05,202101,-9,-9, ,-9, ,-9, ,-9, ,-9, ,-9, ,-9, ,-9, ,-9,0,0,0,d ,            ,
MT05,TW4539SW,1/26/2021 17:05,2/2/2021 12:05,202101,5.32,2.9,<,0.023,<,0.006,<,0.005,<,0.01, ,0.095, ,0.386,<,0.018, ,0.048,732.7,13.97,13.97,w ,            ,
MT05,TW5027SW,2/2/2021 12:05,2/9/2021 12:06,202102,5.42,2.7,<,0.023,<,0.006, ,0.006,<,0.01, ,0.096, ,0.312,<,0.018, ,0.081,1555,34.29,34.29,w ,            ,
MT05,TW5058SW,2/9/2021 12:06,2/16/2021 11:53,202102,5.25,2.9,<,0.023,<,0.006,<,0.005,<,0.01, ,0.022, ,0.216,<,0.018, ,0.033,97,2.286,2.286,w ,            ,
MT05,TW5309SW,2/16/2021 11:53,2/23/2021 11:57,202102,5.47,2.9, ,0.023,<,0.006, ,0.009, ,0.011, ,0.14, ,0.284, ,0.025, ,0.183,1305.8,22.86,22.86,w ,            ,
MT05,TW5570SW,2/23/2021 11:57,3/2/2021 11:49,202102,5.52,2.7, ,0.035,<,0.006, ,0.008, ,0.038, ,0.116, ,0.292, ,0.062, ,0.103,503.6,13.716,13.716,w ,            ,
MT05,TW5663SW,3/2/2021 11:49,3/9/2021 11:54,202103,-9,-9, ,-9, ,-9, ,-9, ,-9, ,-9, ,-9, ,-9, ,-9,0,0,0,d ,            ,
MT05,TW6388SW,3/9/2021 11:54,3/16/2021 15:52,202103,-9,-9, ,-9, ,-9, ,-9, ,-9, ,-9, ,-9, ,-9, ,-9,0,0,0,d ,            ,
MT05,TW6391SW,3/16/2021 15:52,3/23/2021 15:56,202103,6.02,3.7, ,0.102, ,0.012, ,0.014, ,0.039, ,0.327, ,0.366, ,0.039, ,0.271,708,10.922,10.922,w ,            ,
MT05,TW6537SW,3/23/2021 15:56,3/30/2021 17:08,202103,5.64,2.4, ,0.05, ,0.006, ,0.014, ,0.01, ,0.121, ,0.262, ,0.021, ,0.112,605.2,12.192,12.192,w ,            ,
MT05,TW6648SW,3/30/2021 17:08,4/6/2021 16:20,202104,5.47,2.9, ,0.053,<,0.006,<,0.006,<,0.008, ,0.13, ,0.268,<,0.02, ,0.152,197.8,3.302,3.302,w ,            ,
MT05,TW6922SW,4/6/2021 16:20,4/13/2021 15:43,202104,5.95,5.9, ,0.19, ,0.035, ,0.03, ,0.042, ,0.492, ,0.667, ,0.062, ,0.465,196.8,3.556,3.556,w ,            ,
MT05,TW7335SW,4/13/2021 15:43,4/20/2021 15:45,202104,6.03,3.6, ,0.135, ,0.022, ,0.023, ,0.009, ,0.281, ,0.414, ,0.033, ,0.283,145.6,2.54,2.54,w ,            ,
MT05,TW7559SW,4/20/2021 15:45,4/27/2021 16:01,202104,5.86,2.8, ,0.034,<,0.006, ,0.009, ,0.01, ,0.25, ,0.288, ,0.021, ,0.16,1577,26.162,26.162,w ,            ,
MT05,TW7714SW,4/27/2021 16:01,5/4/2021 17:22,202105,5.82,3.5, ,0.097, ,0.016, ,0.033, ,0.012, ,0.257, ,0.345, ,0.03, ,0.312,206.6,3.302,3.302,w ,            ,
MT05,TW8021SW,5/4/2021 17:22,5/11/2021 17:11,202105,5.84,3.5, ,0.09, ,0.017, ,0.068, ,0.042, ,0.253, ,0.428, ,0.034, ,0.265,377,8.89,8.89,w ,            ,
MT05,TW8313SW,5/11/2021 17:11,5/18/2021 16:17,202105,-9,-9, ,-9, ,-9, ,-9, ,-9, ,-9, ,-9, ,-9, ,-9,380.4,6.858,6.858,  ,c           ,
MT05,TW8569SW,5/18/2021 16:17,5/25/2021 11:36,202105,6.09,2.9, ,0.236, ,0.024, ,0.028, ,0.013, ,0.106, ,0.199, ,0.022, ,0.112,1848.8,29.972,29.972,w ,            ,
MT05,TW8819SW,5/25/2021 11:36,6/1/2021 17:17,202105,5.83,3.2, ,0.117, ,0.018, ,0.064, ,0.029, ,0.164, ,0.255, ,0.05, ,0.15,274.2,6.35,6.35,w ,            ,
MT05,TW9075SW,6/1/2021 17:17,6/8/2021 21:06,202106,-9,-9, ,-9, ,-9, ,-9, ,-9, ,-9, ,-9, ,-9, ,-9,125,2.032,2.032,  ,c           ,
MT05,TW9338SW,6/8/2021 21:06,6/15/2021 18:40,202106,6.29,5.3, ,0.276, ,0.036, ,0.039, ,0.07, ,0.364, ,0.545, ,0.109, ,0.298,2296,39.37,39.37,w ,            ,
MT05,TW9367SW,6/15/2021 18:40,6/22/2021 11:33,202106,5.39,3, ,0.056, ,0.01, ,0.044, ,0.037, ,0.054, ,0.226, ,0.026, ,0.15,736.6,12.192,12.192,w ,            ,
MT05,TW9920SW,6/22/2021 11:33,6/29/2021 18:31,202106,5.34,3.1, ,0.058, ,0.011, ,0.039,<,0.008, ,0.078, ,0.311, ,0.023, ,0.105,802.8,12.446,12.446,w ,            ,
MT05,TX0033SW,6/29/2021 18:31,7/7/2021 12:02,202107,-9,-9, ,-9, ,-9, ,-9, ,-9, ,-9, ,-9, ,-9, ,-9,0,3.556,3.556,  ,v           ,
MT05,TX0307SW,7/7/2021 12:20,7/13/2021 20:37,202107,-9,-9, ,-9, ,-9, ,-9, ,-9, ,-9, ,-9, ,-9, ,-9,0,0,0,d ,            ,
MT05,TX0527SW,7/13/2021 20:37,7/20/2021 16:32,202107,-9,-9, ,-9, ,-9, ,-9, ,-9, ,-9, ,-9, ,-9, ,-9,0,0,0,d ,            ,
MT05,TX1048SW,7/20/2021 16:32,7/27/2021 16:28,202107,-9,-9, ,-9, ,-9, ,-9, ,-9, ,-9, ,-9, ,-9, ,-9,0,0,0,d ,            ,
MT05,TX0942SW,7/27/2021 16:28,8/3/2021 22:07,202107,5.04,14.1, ,0.274, ,0.036, ,0.044, ,0.018, ,1.054, ,1.054, ,0.066, ,0.312,70.6,2.032,2.032,w ,            ,
MT05,TX1394SW,8/3/2021 22:24,8/10/2021 16:50,202108,5.57,3, ,0.049, ,0.006, ,0.027,<,0.008, ,0.181, ,0.324, ,0.027, ,0.12,1481.2,22.86,22.86,w ,            ,
MT05,TX1571SW,8/10/2021 16:50,8/17/2021 11:29,202108,-9,-9, ,-9, ,-9, ,-9, ,-9, ,-9, ,-9, ,-9, ,-9,0.2,0,0,d ,            ,
MT05,TX1751SW,8/17/2021 11:29,8/24/2021 17:26,202108,6.99,21.2, ,1.666, ,0.141, ,0.201, ,0.127, ,1.546, ,1.41, ,0.09, ,0.593,353,7.874,7.874,w ,            ,
MT05,TX2098SW,8/24/2021 17:26,8/31/2021 22:06,202108,5.74,3.9, ,0.072, ,0.01, ,0.03, ,0.014, ,0.329, ,0.464, ,0.028, ,0.187,554,10.414,10.414,w ,            ,
MT05,TX2271SW,8/31/2021 22:06,9/7/2021 19:55,202109,-9,-9, ,-9, ,-9, ,-9, ,-9, ,-9, ,-9, ,-9, ,-9,0,0,0,d ,            ,
MT05,TX2475SW,9/7/2021 19:55,9/14/2021 15:51,202109,5.42,8.1, ,0.205, ,0.022, ,0.064, ,0.05, ,0.692, ,0.724, ,0.038, ,0.274,1330.8,19.558,19.558,w ,            ,
MT05,TX2867SW,9/14/2021 15:51,9/21/2021 19:07,202109,5.45,4.5, ,0.083, ,0.011, ,0.037, ,0.021, ,0.278, ,0.426, ,0.038, ,0.215,876,19.558,19.558,w ,            ,
MT05,TX3087SW,9/21/2021 19:07,9/28/2021 10:57,202109,-9,-9, ,-9, ,-9, ,-9, ,-9, ,-9, ,-9, ,-9, ,-9,0,0,0,d ,            ,
MT05,TX3314SW,9/28/2021 10:57,10/5/2021 16:54,202110,5.8,2.6, ,0.06, ,0.008, ,0.016, ,0.023, ,0.199, ,0.31, ,0.04, ,0.112,190.8,5.08,5.08,w ,            ,
MT05,TX3514SW,10/5/2021 16:54,10/12/2021 16:36,202110,-9,-9, ,-9, ,-9, ,-9, ,-9, ,-9, ,-9, ,-9, ,-9,13.8,2.032,2.032,  ,c           ,
MT05,TX4105SW,10/12/2021 16:36,10/19/2021 17:02,202110,-9,-9, ,-9, ,-9, ,-9, ,-9, ,-9, ,-9, ,-9, ,-9,0,2.032,2.032,  ,v           ,
MT05,TX4220SW,10/19/2021 17:02,10/26/2021 17:51,202110,5.51,2.1, ,0.016,<,0.006,<,0.006, ,0.012, ,0.071, ,0.163,<,0.02, ,0.055,1491.8,38.862,38.862,w ,            ,
MT05,TX4269SW,10/26/2021 17:51,11/2/2021 16:15,202110,5.42,2.5, ,0.015,<,0.006, ,0.007, ,0.008, ,0.06, ,0.102,<,0.02, ,0.037,1675.4,56.642,56.642,w ,            ,
MT05,TX4779SW,11/2/2021 16:15,11/9/2021 17:51,202111,5.07,5.6, ,0.04, ,0.006, ,0.013, ,0.031, ,0.115, ,0.28, ,0.093, ,0.37,352.2,19.558,19.558,w ,            ,
MT05,TX4772SW,11/9/2021 17:51,11/16/2021 18:03,202111,5.4,2.3, ,0.015,<,0.006,<,0.006,<,0.008, ,0.027, ,0.114,<,0.02, ,0.043,1798.4,48.514,48.514,w ,            ,
MT05,TX5074SW,11/16/2021 18:03,11/23/2021 17:39,202111,5.39,2.9, ,0.015,<,0.006, ,0.007,<,0.008, ,0.043, ,0.233,<,0.02, ,0.091,446.6,12.7,12.7,w ,            ,
MT05,TX5280SW,11/23/2021 17:39,11/30/2021 18:28,202111,5.51,2.2, ,0.017,<,0.006, ,0.008,<,0.008, ,0.083, ,0.159,<,0.02, ,0.089,2496.8,51.308,51.308,w ,            ,
MT05,TX5732SW,11/30/2021 18:28,12/7/2021 15:31,202112,5.46,2.4, ,0.018,<,0.006,<,0.006, ,0.01, ,0.046, ,0.186,<,0.02, ,0.088,1852.6,38.608,38.608,w ,            ,
MT05,TX5810SW,12/7/2021 15:31,12/14/2021 18:40,202112,5.57,2.5, ,0.035,<,0.006, ,0.012, ,0.044, ,0.116, ,0.272, ,0.068, ,0.076,1350.8,31.75,31.75,w ,            ,
MT05,TX6071SW,12/14/2021 18:40,12/21/2021 22:08,202112,-9,-9, ,-9,<,-9,<,-9, ,-9, ,-9, ,-9,<,-9, ,-9,1842,46.228,46.228,  ,u           ,
MT05,TX6349SW,12/21/2021 22:08,12/28/2021 18:20,202112,5.41,3.6, ,0.051,<,0.006, ,0.021, ,0.065, ,0.132, ,0.546, ,0.042, ,0.114,481.8,38.862,38.862,w ,            ,
MT05,TX6539SW,12/28/2021 18:21,1/4/2022 17:40,202201,5.41,2.9, ,0.023,<,0.006, ,0.008, ,0.023, ,0.12, ,0.394, ,0.029, ,0.05,364.8,8.636,8.636,w ,            ,
MT05,TX6774SW,1/4/2022 17:40,1/11/2022 17:07,202201,5.33,2.6, ,0.016,<,0.006,<,0.006, ,0.012, ,0.042, ,0.268, ,0.026, ,0.034,1743,50.038,50.038,w ,            ,
MT05,TX7130SW,1/11/2022 17:07,1/18/2022 15:07,202201,5.48,2.1, ,0.014,<,0.006,<,0.006,<,0.008, ,0.052, ,0.183,<,0.02, ,0.047,1174.8,19.558,19.558,w ,            ,
MT05,TX7292SW,1/18/2022 15:07,1/25/2022 16:55,202201,5.46,2,<,0.01,<,0.006,<,0.006,<,0.008, ,0.055, ,0.151,<,0.02, ,0.022,1178,20.066,20.066,w ,            ,
MT05,TX7480SW,1/25/2022 16:55,2/2/2022 0:13,202201,4.99,6.2, ,0.051, ,0.005, ,0.006, ,0.027, ,0.174, ,0.797, ,0.064, ,0.193,494,13.716,13.716,w ,            ,
MT05,TX7883SW,2/2/2022 0:14,2/8/2022 16:10,202202,5.18,5.6, ,0.039,<,0.004, ,0.007, ,0.027, ,0.235, ,0.976, ,0.063, ,0.154,740.8,11.938,11.938,w ,            ,
MT05,TX8083SW,2/8/2022 16:10,2/15/2022 16:49,202202,5.15,4.9, ,0.044,<,0.004,<,0.006, ,0.023, ,0.175, ,0.388, ,0.039, ,0.11,96,2.286,2.286,w ,            ,
MT05,TX8358SW,2/15/2022 16:49,2/22/2022 17:11,202202,5.62,2.3, ,0.018,<,0.004,<,0.006,<,0.008, ,0.122, ,0.242,<,0.02, ,0.067,2557.6,57.658,57.658,w ,            ,
MT05,TX8624SW,2/22/2022 17:11,3/1/2022 17:06,202202,5.48,1.6,<,0.01,<,0.004,<,0.006,<,0.008, ,0.016, ,0.066,<,0.02,<,0.02,4718.4,70.866,70.866,w ,            ,
MT05,TX8831SW,3/1/2022 17:06,3/8/2022 22:49,202203,5.77,2, ,0.018,<,0.004, ,0.007, ,0.068, ,0.114, ,0.174,<,0.02, ,0.083,3349,51.308,51.308,w ,            ,
MT05,TX9144SW,3/8/2022 22:49,3/15/2022 16:46,202203,5.56,2.8, ,0.028,<,0.004, ,0.007, ,0.01, ,0.144, ,0.327, ,0.027, ,0.129,993,16.256,16.256,w ,            ,
MT05,TX9662SW,3/15/2022 16:46,3/22/2022 21:44,202203,5.77,3, ,0.077, ,0.008, ,0.008, ,0.029, ,0.207, ,0.3, ,0.052, ,0.141,600.6,10.16,10.16,w ,            ,
MT05,TX9621SW,3/22/2022 21:44,3/29/2022 16:54,202203,6.23,5.7, ,0.158, ,0.017, ,0.033, ,0.023, ,0.552, ,0.69, ,0.072, ,0.306,52,1.27,1.27,w ,            ,
MT05,TX9890SW,3/29/2022 16:54,4/5/2022 16:09,202204,5.86,3, ,0.093, ,0.012, ,0.018, ,0.029, ,0.175, ,0.273, ,0.041, ,0.209,923.8,14.732,14.732,w ,            ,
MT05,TY0142SW,4/5/2022 16:09,4/12/2022 15:47,202204,5.77,2.4, ,0.101, ,0.014, ,0.023, ,0.025, ,0.098, ,0.23, ,0.045, ,0.102,255.6,5.842,5.842,w ,            ,
MT05,TY0399SW,4/12/2022 15:47,4/19/2022 15:35,202204,5.9,3, ,0.073, ,0.009, ,0.01, ,0.041, ,0.199, ,0.3, ,0.023, ,0.191,816.6,13.208,13.208,w ,            ,
MT05,TY0662SW,4/19/2022 15:35,4/26/2022 15:29,202204,5.72,2.4, ,0.035,<,0.004, ,0.009,<,0.008, ,0.165, ,0.244,<,0.02, ,0.081,410.2,6.858,6.858,w ,            ,
MT05,TY0991SW,4/26/2022 15:29,5/3/2022 21:38,202204,5.85,4.4, ,0.201, ,0.016, ,0.018, ,0.023, ,0.295, ,0.438, ,0.049, ,0.322,115.6,2.794,2.794,w ,            ,
MT05,TY1444SW,5/3/2022 21:38,5/10/2022 16:26,202205,5.99,2.7, ,0.088, ,0.013, ,0.042, ,0.011, ,0.207, ,0.225, ,0.025, ,0.133,1877,33.528,33.528,w ,            ,
MT05,TY1367SW,5/10/2022 16:26,5/17/2022 23:20,202205,-9,-9, ,-9, ,-9, ,-9, ,-9, ,-9, ,-9, ,-9, ,-9,122.6,3.556,3.556,  ,c           ,
MT05,TY1929SW,5/17/2022 23:20,5/24/2022 16:31,202205,5.82,2.2, ,0.067, ,0.009, ,0.034, ,0.011, ,0.124, ,0.173,<,0.02, ,0.11,1036.2,17.272,17.272,w ,            ,
MT05,TY1906SW,5/24/2022 16:31,5/31/2022 21:36,202205,5.75,2.2, ,0.025,<,0.004, ,0.013,<,0.008, ,0.143, ,0.19,<,0.02, ,0.09,1318.2,23.368,23.368,w ,            ,
MT05,TY2113SW,5/31/2022 21:36,6/7/2022 15:10,202206,5.85,2.5, ,0.026,<,0.004, ,0.017,<,0.008, ,0.205, ,0.247, ,0.022, ,0.1,1547.6,25.908,25.908,w ,            ,
MT05,TY2514SW,6/7/2022 15:12,6/14/2022 16:24,202206,5.54,2, ,0.018,<,0.004, ,0.015,<,0.008, ,0.064, ,0.15, ,0.021, ,0.043,5993.6,103.632,103.632,w ,            ,
MT05,TY2636SW,6/14/2022 16:24,6/21/2022 15:53,202206,6.24,4.1, ,0.41, ,0.046, ,0.041, ,0.088, ,0.071, ,0.19, ,0.111, ,0.125,4359.8,68.58,68.58,w ,            ,
MT05,TY3151SW,6/21/2022 15:53,6/28/2022 15:30,202206,-9,-9, ,-9, ,-9, ,-9, ,-9, ,-9, ,-9, ,-9, ,-9,0,0,0,d ,            ,
MT05,TY3046SW,6/28/2022 15:30,7/5/2022 16:54,202207,5.55,4.2, ,0.133, ,0.019, ,0.055, ,0.034, ,0.243, ,0.525, ,0.056, ,0.215,895,12.7,12.7,w ,            ,
MT05,TY3414SW,7/5/2022 16:54,7/12/2022 18:46,202207,-9,-9, ,0.88, ,0.149, ,0.386, ,0.158, ,0.946, ,3.865, ,0.334, ,1.32,8,0.762,0.762,wi,            ,
MT05,TY3670SW,7/12/2022 18:46,7/19/2022 16:58,202207,-9,-9, ,-9, ,-9, ,-9, ,-9, ,-9, ,-9, ,-9, ,-9,284.2,5.588,5.588,  ,c           ,
MT05,TY3752SW,7/19/2022 16:58,7/26/2022 16:47,202207,5.08,6.3, ,0.121, ,0.017, ,0.015, ,0.015, ,0.267, ,0.284, ,0.037, ,0.139,157.2,2.286,2.286,w ,            ,
MT05,TY4188SW,7/26/2022 16:47,8/2/2022 17:01,202207,-9,-9, ,-9, ,-9, ,-9, ,-9, ,-9, ,-9, ,-9, ,-9,0,0,0,d ,            ,
MT05,TY4396SW,8/2/2022 17:01,8/9/2022 16:06,202208,-9,-9, ,-9, ,-9, ,-9, ,-9, ,-9, ,-9, ,-9, ,-9,0,0,0,d ,            ,
MT05,TY4632SW,8/9/2022 16:06,8/16/2022 16:01,202208,-9,-9, ,-9, ,-9, ,-9, ,-9, ,-9, ,-9, ,-9, ,-9,0,0.254,0.254,  ,v           ,
MT05,TY4697SW,8/16/2022 16:01,8/23/2022 17:07,202208,-9,-9, ,-9, ,-9, ,-9, ,-9, ,-9, ,-9, ,-9, ,-9,15,0.508,0.508,  ,c           ,
MT05,TY5032SW,8/23/2022 17:09,8/30/2022 15:06,202208,5.74,3.5, ,0.14, ,0.022, ,0.058, ,0.012, ,0.199, ,0.357, ,0.031, ,0.154,390,7.366,7.366,w ,            ,
MT05,TY5350SW,8/30/2022 15:06,9/6/2022 18:24,202209,-9,-9, ,-9, ,-9, ,-9, ,-9, ,-9, ,-9, ,-9, ,-9,0,0,0,d ,            ,
MT05,TY5470SW,9/6/2022 18:25,9/13/2022 16:12,202209,-9,-9, ,-9, ,-9, ,-9, ,-9, ,-9, ,-9, ,-9, ,-9,0,0.508,0.508,  ,v           ,
MT05,TY5880SW,9/13/2022 16:13,9/20/2022 15:46,202209,-9,-9, ,-9, ,-9, ,-9, ,-9, ,-9, ,-9, ,-9, ,-9,0.2,0,0,d ,            ,
MT05,TY6033SW,9/20/2022 15:47,9/27/2022 16:07,202209,5.53,2.5, ,0.05, ,0.006, ,0.007,<,0.008, ,0.093, ,0.164,<,0.02, ,0.116,1519.4,24.13,24.13,w ,            ,
MT05,TY6178SW,9/27/2022 16:08,10/4/2022 16:08,202210,-9,-9, ,-9, ,-9, ,-9, ,-9, ,-9, ,-9, ,-9, ,-9,-9,4.318,4.318,  ,v           ,
MT05,TY6829SW,10/4/2022 16:08,10/18/2022 18:21,202210,-9,-9, ,-9, ,-9, ,-9, ,-9, ,-9, ,-9, ,-9, ,-9,320.8,2.286,2.286,  ,ec          ,
MT05,TY7030SW,10/18/2022 18:21,10/25/2022 16:22,202210,5.44,4.3, ,0.066, ,0.008, ,0.021, ,0.012, ,0.283, ,0.403, ,0.033, ,0.179,1716.6,31.75,31.75,w ,            ,
MT05,TY7420SW,10/25/2022 16:22,11/1/2022 16:21,202210,5.61,2.7, ,0.085, ,0.01, ,0.014, ,0.015, ,0.109, ,0.206, ,0.03, ,0.11,1124.6,22.098,22.098,w ,            ,
MT05,TY7646SW,11/1/2022 16:21,11/8/2022 16:26,202211,5.53,2.6, ,0.051, ,0.006, ,0.014, ,0.025, ,0.1, ,0.31,<,0.02, ,0.103,2953.4,49.53,49.53,w ,            ,
MT05,TY7925SW,11/8/2022 16:26,11/16/2022 16:21,202211,4.71,8.6, ,0.023,<,0.004,<,0.006,<,0.008,<,0.014, ,0.998, ,0.057,<,0.02,57.6,1.27,1.27,w ,            ,
MT05,TY8369SW,11/16/2022 16:23,11/22/2022 16:47,202211,-9,-9, ,0.179, ,0.043,<,0.019,<,0.025, ,0.554, ,1.001, ,0.162, ,0.161,6.8,0.254,0.254,wi,            ,
MT05,TY8365SW,11/22/2022 16:47,11/29/2022 16:22,202211,5.12,4.1, ,0.027,<,0.004, ,0.006, ,0.014, ,0.092, ,0.395, ,0.028, ,0.13,1055.4,18.796,18.796,w ,            ,
MT05,TY8671SW,11/29/2022 16:24,12/6/2022 20:50,202212,5.35,2.4, ,0.016,<,0.004,<,0.006, ,0.009, ,0.031, ,0.205,<,0.02, ,0.042,855.6,21.59,21.59,w ,            ,
MT05,TY9160SW,12/6/2022 20:50,12/13/2022 16:57,202212,5.48,3.7, ,0.058, ,0.006, ,0.011, ,0.027, ,0.18, ,0.566, ,0.045, ,0.148,147,3.81,3.81,w ,            ,
MT05,TY9583SW,12/13/2022 16:57,12/20/2022 17:21,202212,4.95,5, ,0.019,<,0.004, ,0.008, ,0.013, ,0.043, ,0.581, ,0.029, ,0.125,955.4,13.97,13.97,w ,            ,
MT05,TY9579SW,12/20/2022 17:24,12/27/2022 21:02,202212,5.24,2.5,<,0.008,<,0.004, ,0.007,<,0.008,<,0.014, ,0.173,<,0.02, ,0.052,4717.6,78.232,78.232,w ,            ,
MT05,TY9648SW,12/27/2022 21:05,1/3/2023 18:41,202212,5.38,2.9, ,0.024, ,0.01, ,0.014, ,0.076, ,0.045, ,0.206, ,0.119, ,0.054,631.8,13.716,13.716,w ,            ,
MT05,TY9704SW,1/3/2023 18:44,1/10/2023 18:44,202301,5.23,3.2, ,0.015,<,0.004,<,0.006, ,0.016, ,0.072, ,0.349, ,0.027, ,0.036,174.8,3.81,3.81,w ,            ,
MT05,TY9899SW,1/10/2023 18:44,1/17/2023 19:36,202301,5.29,2.9, ,0.021, ,0.004, ,0.009, ,0.02, ,0.063, ,0.238, ,0.033, ,0.055,238.2,5.08,5.08,w ,            ,
MT05,TZ0304SW,1/17/2023 19:36,1/24/2023 16:03,202301,5.1,5.6, ,0.026,<,0.004, ,0.007, ,0.05, ,0.146, ,0.785, ,0.063, ,0.089,32.8,1.016,1.016,w ,            ,
MT05,TZ0523SW,1/24/2023 16:05,1/31/2023 17:50,202301,5.4,2.6, ,0.014,<,0.004,<,0.006, ,0.012, ,0.06, ,0.218,<,0.02, ,0.049,336.6,5.842,5.842,w ,            ,
MT05,TZ0702SW,1/31/2023 17:50,2/7/2023 18:55,202302,5.19,5.7, ,0.119, ,0.015, ,0.009, ,0.052, ,0.15, ,1.029, ,0.085, ,0.128,159.6,5.334,5.334,w ,            ,
MT05,TZ0981SW,2/7/2023 19:00,2/14/2023 18:15,202302,5.37,3, ,0.042, ,0.006, ,0.009, ,0.024, ,0.073, ,0.221, ,0.033, ,0.089,651.6,10.668,10.668,w ,            ,
MT05,TZ1256SW,2/14/2023 18:15,2/21/2023 19:34,202302,5.75,2.4, ,0.033, ,0.004, ,0.01, ,0.022, ,0.144, ,0.267, ,0.026, ,0.092,-9,41.402,41.402,w ,            ,
MT05,TZ1530SW,2/21/2023 19:42,3/1/2023 17:45,202302,5.53,3.1, ,0.077, ,0.015, ,0.037, ,0.041, ,0.091, ,0.321, ,0.065, ,0.104,282,12.954,12.954,w ,            ,
MT05,TZ1830SW,3/1/2023 17:45,3/8/2023 1:06,202303,-9,-9, ,-9, ,-9, ,-9, ,-9, ,-9, ,-9, ,-9, ,-9,239.6,7.62,7.62,  ,c           ,
MT05,TZ2421SW,3/8/2023 1:06,3/28/2023 17:15,202303,-9,-9, ,-9, ,-9, ,-9, ,-9, ,-9, ,-9, ,-9, ,-9,288.6,-9.99,4.251,  ,e           ,
MT05,TZ2656SW,3/28/2023 17:15,4/4/2023 15:59,202304,6.13,4.1, ,0.225, ,0.025, ,0.012, ,0.047, ,0.153, ,0.279, ,0.081, ,0.183,97.6,1.778,1.778,w ,            ,
MT05,TZ3006SW,4/4/2023 16:00,4/11/2023 21:00,202304,5.81,3.6, ,0.107, ,0.014, ,0.017, ,0.043, ,0.208, ,0.336, ,0.031, ,0.304,434,6.858,6.858,w ,            ,
MT05,TZ3256SW,4/11/2023 21:02,4/18/2023 15:48,202304,5.69,4.5, ,0.109, ,0.016, ,0.02, ,0.026, ,0.257, ,0.478, ,0.039, ,0.37,130.4,3.556,3.556,w ,            ,
MT05,TZ3501SW,4/18/2023 15:50,4/25/2023 16:22,202304,5.94,4, ,0.08, ,0.011, ,0.014, ,0.023, ,0.293, ,0.496, ,0.046, ,0.278,1018.4,16.764,16.764,w ,            ,
MT05,TZ3983SW,4/25/2023 16:24,5/2/2023 15:36,202304,-9,-9, ,-9, ,-9, ,-9, ,-9, ,-9, ,-9, ,-9, ,-9,0,0,0,d ,            ,
MT05,TZ4023SW,5/2/2023 15:38,5/9/2023 20:01,202305,-9,-9, ,-9, ,-9, ,-9, ,-9, ,-9, ,-9, ,-9, ,-9,1138.8,25.908,25.908,  ,c           ,
MT05,TZ4993SW,5/9/2023 20:03,5/23/2023 22:05,202305,-9,-9, ,-9, ,-9, ,-9, ,-9, ,-9, ,-9, ,-9, ,-9,318.2,5.842,5.842,  ,e           ,
MT05,TZ5053SW,5/23/2023 22:07,5/30/2023 21:30,202305,5.96,3.4, ,0.085, ,0.018, ,0.032, ,0.01, ,0.247, ,0.427, ,0.032, ,0.168,322.6,7.366,7.366,w ,            ,
MT05,TZ5025SW,5/30/2023 21:31,6/6/2023 21:03,202306,-9,-9, ,-9, ,-9, ,-9, ,-9, ,-9, ,-9, ,-9, ,-9,3.8,0.508,0.508,  ,v           ,
MT05,TZ5422SW,6/6/2023 21:04,6/13/2023 21:36,202306,5.23,3.4, ,0.02, ,0.005, ,0.03,<,0.008, ,0.018, ,0.271,<,0.02, ,0.041,509,13.208,13.208,w ,            ,
MT05,TZ5425SW,6/13/2023 21:37,6/20/2023 18:10,202306,5.68,4.2, ,0.125, ,0.023, ,0.069, ,0.049, ,0.206, ,0.411, ,0.052, ,0.214,1831.8,34.036,34.036,w ,            ,
MT05,TZ5839SW,6/20/2023 18:12,7/4/2023 21:43,202306,-9,-9, ,-9, ,-9, ,-9, ,-9, ,-9, ,-9, ,-9, ,-9,142.4,2.794,2.794,  ,ec          ,
MT05,TZ6522SW,7/4/2023 21:45,7/11/2023 14:00,202307,-9,-9, ,-9, ,-9, ,-9, ,-9, ,-9, ,-9, ,-9, ,-9,64.2,1.016,1.016,  ,c           ,
MT05,TZ6520SW,7/11/2023 14:00,7/18/2023 16:45,202307,6.03,13.2, ,0.333, ,0.067, ,0.076, ,0.047, ,1.243, ,1.938, ,0.305, ,0.406,13.4,0.762,0.762,wd,            ,
MT05,TZ6997SW,7/18/2023 16:48,7/25/2023 18:55,202307,-9,-9, ,-9, ,-9, ,-9, ,-9, ,-9, ,-9, ,-9, ,-9,0,0.254,0.254,  ,v           ,
MT05,TZ6998SW,7/25/2023 18:58,8/1/2023 22:12,202307,-9,-9, ,-9, ,-9, ,-9, ,-9, ,-9, ,-9, ,-9, ,-9,0,0,0,d ,            ,
MT05,TZ7475SW,8/1/2023 22:15,8/8/2023 21:26,202308,-9,-9, ,-9, ,-9, ,-9, ,-9, ,-9, ,-9, ,-9, ,-9,0,0,0,d ,            ,
MT05,TZ7523SW,8/8/2023 21:29,8/15/2023 17:25,202308,5.53,3.8, ,0.051, ,0.008, ,0.029,<,0.008, ,0.239, ,0.415, ,0.026, ,0.117,457.6,7.366,7.366,w ,            ,
MT05,TZ7873SW,8/15/2023 17:26,8/22/2023 20:29,202308,5.51,1.8,<,0.008,<,0.004, ,0.011,<,0.008, ,0.031, ,0.076,<,0.02, ,0.027,1485.2,26.67,26.67,w ,            ,
MT05,TZ7868SW,8/22/2023 20:31,8/29/2023 22:19,202308,-9,-9, ,-9, ,-9, ,-9,<,-9, ,-9, ,-9,<,-9, ,-9,1641.6,26.416,26.416,  ,c           ,
MT05,TZ8580SW,8/29/2023 22:21,9/5/2023 20:28,202309,5.41,2.3,<,0.008,<,0.004, ,0.013,<,0.008, ,0.049, ,0.123,<,0.02, ,0.047,3557.6,62.484,62.484,w ,            ,
MT05,TZ8588SW,9/5/2023 20:28,9/12/2023 16:36,202309,5.34,5.3, ,0.15, ,0.021, ,0.051, ,0.044, ,0.248, ,0.77, ,0.139, ,0.202,18.4,0.508,0.508,wd,            ,
MT05,TZ8720SW,9/12/2023 16:38,9/19/2023 18:00,202309,-9,-9, ,-9, ,-9, ,-9, ,-9, ,-9, ,-9, ,-9, ,-9,0,0,0,d ,            ,
MT05,TZ8834SW,9/19/2023 18:00,9/26/2023 20:41,202309,6.1,4.6, ,0.314, ,0.038, ,0.039, ,0.038, ,0.249, ,0.556, ,0.051, ,0.162,229.8,5.588,5.588,w ,            ,
MT05,TZ9291SW,9/26/2023 20:42,10/3/2023 18:35,202309,5.71,3.2, ,0.039, ,0.006, ,0.015, ,0.065, ,0.16, ,0.347, ,0.038, ,0.189,1241,27.94,27.94,w ,            ,
MT05,TZ9808SW,10/3/2023 18:37,10/10/2023 16:52,202310,-9,-9, ,-9, ,-9, ,-9, ,-9, ,-9, ,-9, ,-9, ,-9,0,0,0,d ,            ,
MT05,TZ9663SW,10/10/2023 16:54,10/17/2023 16:14,202310,-9,-9, ,-9, ,-9, ,-9, ,-9,<,-9,<,-9, ,-9, ,-9,1070.2,17.526,17.526,  ,c           ,
MT05,UA0006SW,10/17/2023 16:15,10/24/2023 21:13,202310,5.43,4.5, ,0.068, ,0.013, ,0.02, ,0.043, ,0.194, ,0.629, ,0.082, ,0.191,754,17.272,17.272,w ,            ,
MT05,UA0124SW,10/24/2023 21:15,10/31/2023 17:06,202310,5.51,3.2, ,0.099, ,0.033, ,0.028, ,0.018, ,0.061, ,0.418, ,0.034, ,0.075,47.6,1.524,1.524,w ,            ,
MT05,UA0509SW,10/31/2023 17:08,11/7/2023 16:41,202311,5.19,3.4,<,0.008,<,0.004, ,0.012,<,0.008, ,0.025, ,0.163, ,0.034, ,0.135,4416.4,70.104,70.104,w ,            ,
MT05,UA0751SW,11/7/2023 16:43,11/14/2023 18:23,202311,5.73,4.5, ,0.118, ,0.014, ,0.032, ,0.038, ,0.166, ,0.363, ,0.047, ,0.273,420.6,10.668,10.668,w ,            ,
