"date_time","lmc_level_corr","discharge_m3_s","is_measurement_on_hour"
2022-04-29 01:00:00,0.66,7.87310025143451,TRUE
2022-04-29 02:00:00,0.654,7.7022746334495,TRUE
2022-04-29 03:00:00,0.653,7.67401616663428,TRUE
2022-04-29 04:00:00,0.658,7.81591530847001,TRUE
2022-04-29 05:00:00,0.666,8.04611706280815,TRUE
2022-04-29 07:00:00,0.657,7.78741404410033,TRUE
2022-04-29 08:00:00,0.658,7.81591530847001,TRUE
2022-04-29 09:00:00,0.661,7.9017840042432,TRUE
2022-04-29 10:00:00,0.664,7.98820083255282,TRUE
2022-04-29 11:00:00,0.659,7.84447736520681,TRUE
2022-04-29 12:00:00,0.657,7.78741404410033,TRUE
2022-04-29 13:00:00,0.656,7.75897353494024,TRUE
2022-04-29 14:00:00,0.664,7.98820083255282,TRUE
2022-04-29 15:00:00,0.672,8.22133305378964,TRUE
2022-04-29 16:00:00,0.672,8.22133305378964,TRUE
2022-04-29 17:00:00,0.669,8.13344966339264,TRUE
2022-04-29 18:00:00,0.67,8.16268287896886,TRUE
2022-04-29 19:00:00,0.678,8.39875616768739,TRUE
2022-04-29 20:00:00,0.673,8.25075008645152,TRUE
2022-04-29 21:00:00,0.674,8.28022846483814,TRUE
2022-04-29 22:00:00,0.671,8.19197733019286,TRUE
2022-04-29 23:00:00,0.669,8.13344966339264,TRUE
2022-04-30,0.672,8.22133305378964,TRUE
2022-04-30 01:00:00,0.673,8.25075008645152,TRUE
2022-04-30 02:00:00,0.67,8.16268287896886,TRUE
2022-04-30 03:00:00,0.673,8.25075008645152,TRUE
2022-04-30 04:00:00,0.677,8.3690320404552,TRUE
2022-04-30 05:00:00,0.683,8.5483004607193,TRUE
2022-04-30 07:00:00,0.683,8.5483004607193,TRUE
2022-04-30 08:00:00,0.677,8.3690320404552,TRUE
2022-04-30 09:00:00,0.677,8.3690320404552,TRUE
2022-04-30 10:00:00,0.684,8.57839430550958,TRUE
2022-04-30 11:00:00,0.687,8.66904646603805,TRUE
2022-04-30 12:00:00,0.685,8.60854989714876,TRUE
2022-04-30 13:00:00,0.683,8.5483004607193,TRUE
2022-04-30 14:00:00,0.684,8.57839430550958,TRUE
2022-04-30 15:00:00,0.697,8.97524642322071,TRUE
2022-04-30 16:00:00,0.697,8.97524642322071,TRUE
2022-04-30 17:00:00,0.697,8.97524642322071,TRUE
2022-04-30 18:00:00,0.697,8.97524642322071,TRUE
2022-04-30 19:00:00,0.698,9.00620801337848,TRUE
2022-04-30 20:00:00,0.699,9.03723185536686,TRUE
2022-04-30 21:00:00,0.698,9.00620801337848,TRUE
2022-04-30 22:00:00,0.694,8.88273480489559,TRUE
2022-04-30 23:00:00,0.688,8.69938751574122,TRUE
2022-05-01,0.693,8.85202186307055,TRUE
2022-05-01 01:00:00,0.695,8.91350985489363,TRUE
2022-05-01 02:00:00,0.697,8.97524642322071,TRUE
2022-05-01 03:00:00,0.697,8.97524642322071,TRUE
2022-05-01 04:00:00,0.698,9.00620801337848,TRUE
2022-05-01 05:00:00,0.7,9.0683179850233,TRUE
2022-05-01 07:00:00,0.705,9.22468420049513,TRUE
2022-05-01 08:00:00,0.701,9.09946643815458,TRUE
2022-05-01 09:00:00,0.701,9.09946643815458,TRUE
2022-05-01 10:00:00,0.705,9.22468420049513,TRUE
2022-05-01 11:00:00,0.706,9.25614480703469,TRUE
2022-05-01 12:00:00,0.706,9.25614480703469,TRUE
2022-05-01 13:00:00,0.708,9.31925366873572,TRUE
2022-05-01 14:00:00,0.709,9.35090199505551,TRUE
2022-05-01 15:00:00,0.707,9.28766795125015,TRUE
2022-05-01 16:00:00,0.711,9.41438661630415,TRUE
2022-05-01 17:00:00,0.716,9.57419630774947,TRUE
2022-05-01 18:00:00,0.712,9.44622298221137,TRUE
2022-05-01 19:00:00,0.713,9.4781220989097,TRUE
2022-05-01 20:00:00,0.718,9.63856018274311,TRUE
2022-05-01 21:00:00,0.719,9.67083654685903,TRUE
2022-05-01 22:00:00,0.719,9.67083654685903,TRUE
2022-05-01 23:00:00,0.717,9.60634678146221,TRUE
2022-05-02,0.716,9.57419630774947,TRUE
2022-05-02 01:00:00,0.719,9.67083654685903,TRUE
2022-05-02 02:00:00,0.717,9.60634678146221,TRUE
2022-05-02 03:00:00,0.718,9.63856018274311,TRUE
2022-05-02 04:00:00,0.717,9.60634678146221,TRUE
2022-05-02 05:00:00,0.72,9.70317590904749,TRUE
2022-05-02 07:00:00,0.722,9.76804376844565,TRUE
2022-05-02 08:00:00,0.724,9.83316404225293,TRUE
2022-05-02 09:00:00,0.722,9.76804376844565,TRUE
2022-05-02 10:00:00,0.724,9.83316404225293,TRUE
2022-05-02 11:00:00,0.727,9.93131834421288,TRUE
2022-05-02 12:00:00,0.73,10.0300421563109,TRUE
2022-05-02 13:00:00,0.731,10.0630768146406,TRUE
2022-05-02 14:00:00,0.73,10.0300421563109,TRUE
2022-05-02 15:00:00,0.732,10.0961748916264,TRUE
2022-05-02 16:00:00,0.739,10.3296400776975,TRUE
2022-05-02 17:00:00,0.739,10.3296400776975,TRUE
2022-05-02 18:00:00,0.743,10.4644493199325,TRUE
2022-05-02 19:00:00,0.746,10.5662263993067,TRUE
2022-05-02 20:00:00,0.746,10.5662263993067,TRUE
2022-05-02 21:00:00,0.748,10.634397421162,TRUE
2022-05-02 22:00:00,0.748,10.634397421162,TRUE
2022-05-02 23:00:00,0.753,10.8059457078788,TRUE
2022-05-03,0.745,10.5322368135295,TRUE
2022-05-03 01:00:00,0.745,10.5322368135295,TRUE
2022-05-03 02:00:00,0.746,10.5662263993067,TRUE
2022-05-03 03:00:00,0.748,10.634397421162,TRUE
2022-05-03 04:00:00,0.754,10.840447765426,TRUE
2022-05-03 05:00:00,0.75,10.7028244728877,TRUE
2022-05-03 07:00:00,0.755,10.8750140363532,TRUE
2022-05-03 08:00:00,0.762,11.1187787787448,TRUE
2022-05-03 09:00:00,0.763,11.1538599864435,TRUE
2022-05-03 10:00:00,0.762,11.1187787787448,TRUE
2022-05-03 11:00:00,0.763,11.1538599864435,TRUE
2022-05-03 12:00:00,0.767,11.2948303610035,TRUE
2022-05-03 13:00:00,0.772,11.4724983462342,TRUE
2022-05-03 14:00:00,0.771,11.4368352337826,TRUE
2022-05-03 15:00:00,0.775,11.5798767702189,TRUE
2022-05-03 16:00:00,0.783,11.8690784623306,TRUE
2022-05-03 17:00:00,0.79,12.1255520898977,TRUE
2022-05-03 18:00:00,0.79,12.1255520898977,TRUE
2022-05-03 19:00:00,0.788,12.0519472671615,TRUE
2022-05-03 20:00:00,0.788,12.0519472671615,TRUE
2022-05-03 21:00:00,0.789,12.0887169808292,TRUE
2022-05-03 22:00:00,0.796,12.3479379111423,TRUE
2022-05-03 23:00:00,0.798,12.4225911884041,TRUE
2022-05-04,0.795,12.3107097311077,TRUE
2022-05-04 01:00:00,0.795,12.3107097311077,TRUE
2022-05-04 02:00:00,0.799,12.4600163518691,TRUE
2022-05-04 03:00:00,0.8,12.4975072426742,TRUE
2022-05-04 04:00:00,0.804,12.6481287400637,TRUE
2022-05-04 05:00:00,0.81,12.8760384147694,TRUE
2022-05-04 07:00:00,0.813,12.9908850184299,TRUE
2022-05-04 08:00:00,0.817,13.1449406064074,TRUE
2022-05-04 09:00:00,0.823,13.3780141981727,TRUE
2022-05-04 10:00:00,0.824,13.4170924060298,TRUE
2022-05-04 11:00:00,0.823,13.3780141981727,TRUE
2022-05-04 12:00:00,0.824,13.4170924060298,TRUE
2022-05-04 13:00:00,0.831,13.6925049778264,TRUE
2022-05-04 14:00:00,0.838,13.9711894294141,TRUE
2022-05-04 15:00:00,0.842,14.1319109501686,TRUE
2022-05-04 16:00:00,0.839,14.0112692312659,TRUE
2022-05-04 17:00:00,0.844,14.2126743446661,TRUE
2022-05-04 18:00:00,0.845,14.2531568125958,TRUE
2022-05-04 19:00:00,0.854,14.6205278958501,TRUE
2022-05-04 20:00:00,0.857,14.7441989580763,TRUE
2022-05-04 21:00:00,0.861,14.9100403291543,TRUE
2022-05-04 22:00:00,0.864,15.0351324319266,TRUE
2022-05-04 23:00:00,0.867,15.1608349749947,TRUE
2022-05-05,0.872,15.3716980585119,TRUE
2022-05-05 01:00:00,0.873,15.4140747850224,TRUE
2022-05-05 02:00:00,0.87,15.2871488095495,TRUE
2022-05-05 03:00:00,0.868,15.2028716232533,TRUE
2022-05-05 04:00:00,0.879,15.6697665477092,TRUE
2022-05-05 05:00:00,0.881,15.75554318294,TRUE
2022-05-05 07:00:00,0.884,15.8847209142966,TRUE
2022-05-05 08:00:00,0.887,16.0145147276029,TRUE
2022-05-05 09:00:00,0.891,16.188532946032,TRUE
2022-05-05 10:00:00,0.888,16.0579163843104,TRUE
2022-05-05 11:00:00,0.887,16.0145147276029,TRUE
2022-05-05 12:00:00,0.895,16.3636498993354,TRUE
2022-05-05 13:00:00,0.897,16.4516210206001,TRUE
2022-05-05 14:00:00,0.908,16.9403920326131,TRUE
2022-05-05 15:00:00,0.903,16.7171879262818,TRUE
2022-05-05 16:00:00,0.913,17.1653260051762,TRUE
2022-05-05 17:00:00,0.912,17.1202006376777,TRUE
2022-05-05 18:00:00,0.924,17.6662886954898,TRUE
2022-05-05 19:00:00,0.932,18.035918735249,TRUE
2022-05-05 20:00:00,0.926,17.7582775062015,TRUE
2022-05-05 21:00:00,0.925,17.7122482445496,TRUE
2022-05-05 22:00:00,0.919,17.4375355776573,TRUE
2022-05-05 23:00:00,0.923,17.6203988287156,TRUE
2022-05-06,0.941,18.4571024908211,TRUE
2022-05-06 01:00:00,0.936,18.2224109687606,TRUE
2022-05-06 02:00:00,0.935,18.1756829186213,TRUE
2022-05-06 03:00:00,0.942,18.5042512597536,TRUE
2022-05-06 04:00:00,0.955,19.1235866018735,TRUE
2022-05-06 05:00:00,0.97,19.853037095341,TRUE
2022-05-06 07:00:00,0.96,19.3649665041488,TRUE
2022-05-06 08:00:00,0.965,19.6081154359169,TRUE
2022-05-06 09:00:00,0.984,20.5482799908335,TRUE
2022-05-06 10:00:00,0.998,21.2575303854758,TRUE
2022-05-06 11:00:00,1.002,21.4627573425869,TRUE
2022-05-06 12:00:00,1.004,21.5658026444318,TRUE
2022-05-06 13:00:00,0.999,21.3087292411906,TRUE
2022-05-06 14:00:00,1.03,22.9317005565881,TRUE
2022-05-06 15:00:00,1.043,23.6330708634348,TRUE
2022-05-06 16:00:00,1.042,23.5786811335436,TRUE
2022-05-06 17:00:00,1.034,23.1461936593474,TRUE
2022-05-06 18:00:00,1.051,24.0708248215046,TRUE
2022-05-06 19:00:00,1.06,24.5689126755822,TRUE
2022-05-06 20:00:00,1.066,24.9042836429574,TRUE
2022-05-06 21:00:00,1.073,25.2989082790269,TRUE
2022-05-06 22:00:00,1.073,25.2989082790269,TRUE
2022-05-06 23:00:00,1.077,25.5260354287354,TRUE
2022-05-07,1.098,26.7379476905459,TRUE
2022-05-07 01:00:00,1.111,27.5046686867737,TRUE
2022-05-07 02:00:00,1.101,26.9137608181057,TRUE
2022-05-07 03:00:00,1.098,26.7379476905459,TRUE
2022-05-07 04:00:00,1.116,27.802934962698,TRUE
2022-05-07 05:00:00,1.133,28.8311185483145,TRUE
2022-05-07 07:00:00,1.134,28.8922793594666,TRUE
2022-05-07 08:00:00,1.146,29.63211837317,TRUE
2022-05-07 09:00:00,1.151,29.9436112433067,TRUE
2022-05-07 10:00:00,1.171,31.2086447993392,TRUE
2022-05-07 11:00:00,1.166,30.8895204786455,TRUE
2022-05-07 12:00:00,1.159,30.4459592341097,TRUE
2022-05-07 13:00:00,1.164,30.7624065256903,TRUE
2022-05-07 14:00:00,1.178,31.6586386606706,TRUE
2022-05-07 15:00:00,1.184,32.0473436556629,TRUE
2022-05-07 16:00:00,1.195,32.7671716998527,TRUE
2022-05-07 17:00:00,1.189,32.3733813490139,TRUE
2022-05-07 18:00:00,1.187,32.2427351058454,TRUE
2022-05-07 19:00:00,1.202,33.2301100602336,TRUE
2022-05-07 20:00:00,1.208,33.6299347366474,TRUE
2022-05-07 21:00:00,1.205,33.4296735060337,TRUE
2022-05-07 22:00:00,1.209,33.6968436641223,TRUE
2022-05-07 23:00:00,1.198,32.9651097007778,TRUE
2022-05-08,1.219,34.3702071186837,TRUE
2022-05-08 01:00:00,1.22,34.437971448633,TRUE
2022-05-08 02:00:00,1.221,34.5058136967823,TRUE
2022-05-08 03:00:00,1.228,34.9828932979904,TRUE
2022-05-08 04:00:00,1.226,34.8461946084827,TRUE
2022-05-08 05:00:00,1.235,35.4638009333693,TRUE
2022-05-08 07:00:00,1.239,35.740327376998,TRUE
2022-05-08 08:00:00,1.238,35.6710782240686,TRUE
2022-05-08 09:00:00,1.248,36.3671009721521,TRUE
2022-05-08 10:00:00,1.246,36.2272681763107,TRUE
2022-05-08 11:00:00,1.244,36.0877497066004,TRUE
2022-05-08 12:00:00,1.258,37.0709869319627,TRUE
2022-05-08 13:00:00,1.251,36.5774399708208,TRUE
2022-05-08 14:00:00,1.255,36.8589940009905,TRUE
2022-05-08 15:00:00,1.245,36.1574696633672,TRUE
2022-05-08 16:00:00,1.254,36.7884873427561,TRUE
2022-05-08 17:00:00,1.256,36.9295794684463,TRUE
2022-05-08 18:00:00,1.261,37.2836898269596,TRUE
2022-05-08 19:00:00,1.259,37.1418089784632,TRUE
2022-05-08 20:00:00,1.252,36.6477103529394,TRUE
2022-05-08 21:00:00,1.252,36.6477103529394,TRUE
2022-05-08 22:00:00,1.262,37.3547486793236,TRUE
2022-05-08 23:00:00,1.27,37.9260650925983,TRUE
2022-05-09,1.262,37.3547486793236,TRUE
2022-05-09 01:00:00,1.257,37.0002437703617,TRUE
2022-05-09 02:00:00,1.262,37.3547486793236,TRUE
2022-05-09 03:00:00,1.262,37.3547486793236,TRUE
2022-05-09 04:00:00,1.259,37.1418089784632,TRUE
2022-05-09 05:00:00,1.257,37.0002437703617,TRUE
2022-05-09 07:00:00,1.258,37.0709869319627,TRUE
2022-05-09 08:00:00,1.268,37.7827613718501,TRUE
2022-05-09 09:00:00,1.262,37.3547486793236,TRUE
2022-05-09 10:00:00,1.253,36.7180594684932,TRUE
2022-05-09 11:00:00,1.255,36.8589940009905,TRUE
2022-05-09 12:00:00,1.259,37.1418089784632,TRUE
2022-05-09 13:00:00,1.249,36.4371353057315,TRUE
2022-05-09 14:00:00,1.26,37.2127099350655,TRUE
2022-05-09 15:00:00,1.251,36.5774399708208,TRUE
2022-05-09 16:00:00,1.257,37.0002437703617,TRUE
2022-05-09 17:00:00,1.261,37.2836898269596,TRUE
2022-05-09 18:00:00,1.258,37.0709869319627,TRUE
2022-05-09 19:00:00,1.262,37.3547486793236,TRUE
2022-05-09 20:00:00,1.261,37.2836898269596,TRUE
2022-05-09 21:00:00,1.253,36.7180594684932,TRUE
2022-05-09 22:00:00,1.259,37.1418089784632,TRUE
2022-05-09 23:00:00,1.249,36.4371353057315,TRUE
2022-05-10,1.255,36.8589940009905,TRUE
2022-05-10 01:00:00,1.25,36.507248296851,TRUE
2022-05-10 02:00:00,1.247,36.2971452707901,TRUE
2022-05-10 03:00:00,1.246,36.2272681763107,TRUE
2022-05-10 04:00:00,1.251,36.5774399708208,TRUE
2022-05-10 05:00:00,1.25,36.507248296851,TRUE
2022-05-10 07:00:00,1.251,36.5774399708208,TRUE
2022-05-10 08:00:00,1.239,35.740327376998,TRUE
2022-05-10 09:00:00,1.235,35.4638009333693,TRUE
2022-05-10 10:00:00,1.244,36.0877497066004,TRUE
2022-05-10 11:00:00,1.246,36.2272681763107,TRUE
2022-05-10 12:00:00,1.246,36.2272681763107,TRUE
2022-05-10 13:00:00,1.251,36.5774399708208,TRUE
2022-05-10 14:00:00,1.261,37.2836898269596,TRUE
2022-05-10 15:00:00,1.265,37.5683992508377,TRUE
2022-05-10 16:00:00,1.266,37.6397741966243,TRUE
2022-05-10 17:00:00,1.256,36.9295794684463,TRUE
2022-05-10 18:00:00,1.262,37.3547486793236,TRUE
2022-05-10 19:00:00,1.206,33.4963496834428,TRUE
2022-05-10 20:00:00,1.15,29.881160544183,TRUE
2022-05-10 21:00:00,1.153,30.0687410153853,TRUE
2022-05-10 22:00:00,1.158,30.3828988655792,TRUE
2022-05-10 23:00:00,1.151,29.9436112433067,TRUE
2022-05-11,1.147,29.6942648753388,TRUE
2022-05-11 01:00:00,1.163,30.6989642526932,TRUE
2022-05-11 02:00:00,1.163,30.6989642526932,TRUE
2022-05-11 03:00:00,1.167,30.9531922113893,TRUE
2022-05-11 04:00:00,1.177,31.5941235476048,TRUE
2022-05-11 05:00:00,1.179,31.7232306022915,TRUE
2022-05-11 07:00:00,1.182,31.9174676605341,TRUE
2022-05-11 08:00:00,1.181,31.8526450760316,TRUE
2022-05-11 09:00:00,1.178,31.6586386606706,TRUE
2022-05-11 10:00:00,1.182,31.9174676605341,TRUE
2022-05-11 11:00:00,1.182,31.9174676605341,TRUE
2022-05-11 12:00:00,1.188,32.3080196823922,TRUE
2022-05-11 13:00:00,1.181,31.8526450760316,TRUE
2022-05-11 14:00:00,1.179,31.7232306022915,TRUE
2022-05-11 15:00:00,1.175,31.4653237022257,TRUE
2022-05-11 16:00:00,1.182,31.9174676605341,TRUE
2022-05-11 17:00:00,1.169,31.0807653212715,TRUE
2022-05-11 18:00:00,1.152,30.0061380581816,TRUE
2022-05-11 19:00:00,1.15,29.881160544183,TRUE
2022-05-11 20:00:00,1.138,29.1376794902178,TRUE
2022-05-11 21:00:00,1.136,29.0148279940051,TRUE
2022-05-11 22:00:00,1.124,28.284071597771,TRUE
2022-05-11 23:00:00,1.118,27.9227675202646,TRUE
2022-05-12,1.11,27.4452406634875,TRUE
2022-05-12 01:00:00,1.114,27.6834031119214,TRUE
2022-05-12 02:00:00,1.112,27.5641717511804,TRUE
2022-05-12 03:00:00,1.115,27.7431314625027,TRUE
2022-05-12 04:00:00,1.109,27.3858876541618,TRUE
2022-05-12 05:00:00,1.12,28.0429010011436,TRUE
2022-05-12 07:00:00,1.113,27.6237498838527,TRUE
2022-05-12 08:00:00,1.111,27.5046686867737,TRUE
2022-05-12 09:00:00,1.112,27.5641717511804,TRUE
2022-05-12 10:00:00,1.111,27.5046686867737,TRUE
2022-05-12 11:00:00,1.117,27.8628136395945,TRUE
2022-05-12 12:00:00,1.106,27.2082784381289,TRUE
2022-05-12 13:00:00,1.11,27.4452406634875,TRUE
2022-05-12 14:00:00,1.121,28.1030806554251,TRUE
2022-05-12 15:00:00,1.116,27.802934962698,TRUE
2022-05-12 16:00:00,1.114,27.6834031119214,TRUE
2022-05-12 17:00:00,1.107,27.267406568679,TRUE
2022-05-12 18:00:00,1.101,26.9137608181057,TRUE
2022-05-12 19:00:00,1.097,26.6794927249248,TRUE
2022-05-12 20:00:00,1.09,26.2723968991721,TRUE
2022-05-12 21:00:00,1.078,25.5830024203296,TRUE
2022-05-12 22:00:00,1.071,25.1857888064212,TRUE
2022-05-12 23:00:00,1.068,25.0166641012806,TRUE
2022-05-13,1.059,24.5132754061022,TRUE
2022-05-13 01:00:00,1.053,24.1809965976912,TRUE
2022-05-13 02:00:00,1.041,23.5243645352532,TRUE
2022-05-13 03:00:00,1.053,24.1809965976912,TRUE
2022-05-13 04:00:00,1.053,24.1809965976912,TRUE
2022-05-13 05:00:00,1.034,23.1461936593474,TRUE
2022-05-13 07:00:00,1.023,22.5591390177036,TRUE
2022-05-13 08:00:00,1.028,22.8248908699224,TRUE
2022-05-13 09:00:00,1.027,22.7715951433185,TRUE
2022-05-13 10:00:00,1.022,22.5062065390359,TRUE
2022-05-13 11:00:00,1.015,22.1377093817384,TRUE
2022-05-13 12:00:00,1.017,22.2426320351806,TRUE
2022-05-13 13:00:00,1.01,21.8766686133353,TRUE
2022-05-13 14:00:00,1.009,21.8246772355303,TRUE
2022-05-13 15:00:00,1.003,21.5142439841632,TRUE
2022-05-13 16:00:00,1.01,21.8766686133353,TRUE
2022-05-13 17:00:00,1.008,21.7727580492985,TRUE
2022-05-13 18:00:00,1.009,21.8246772355303,TRUE
2022-05-13 19:00:00,1.009,21.8246772355303,TRUE
2022-05-13 20:00:00,1.011,21.928732211467,TRUE
2022-05-13 21:00:00,1.015,22.1377093817384,TRUE
2022-05-13 22:00:00,1.005,21.6174333522491,TRUE
2022-05-13 23:00:00,1.002,21.4627573425869,TRUE
2022-05-14,0.997,21.206403403913,TRUE
2022-05-14 01:00:00,0.997,21.206403403913,TRUE
2022-05-14 02:00:00,0.999,21.3087292411906,TRUE
2022-05-14 03:00:00,0.998,21.2575303854758,TRUE
2022-05-14 04:00:00,0.994,21.0534534144501,TRUE
2022-05-14 05:00:00,0.995,21.1043649473863,TRUE
2022-05-14 07:00:00,0.994,21.0534534144501,TRUE
2022-05-14 08:00:00,0.989,20.799971542029,TRUE
2022-05-14 09:00:00,0.991,20.9011492487517,TRUE
2022-05-14 10:00:00,0.987,20.6990802868257,TRUE
2022-05-14 11:00:00,0.988,20.7494901225439,TRUE
2022-05-14 12:00:00,0.982,20.448103844393,TRUE
2022-05-14 13:00:00,0.979,20.2983751167693,TRUE
2022-05-14 14:00:00,0.988,20.7494901225439,TRUE
2022-05-14 15:00:00,0.985,20.598475250132,TRUE
2022-05-14 16:00:00,0.977,20.1989126183538,TRUE
2022-05-14 17:00:00,0.979,20.2983751167693,TRUE
2022-05-14 18:00:00,0.984,20.5482799908335,TRUE
2022-05-14 19:00:00,0.982,20.448103844393,TRUE
2022-05-14 20:00:00,0.978,20.2486082217522,TRUE
2022-05-14 21:00:00,0.972,19.9515029490624,TRUE
2022-05-14 22:00:00,0.971,19.9022344791764,TRUE
2022-05-14 23:00:00,0.966,19.6569578314499,TRUE
2022-05-15,0.967,19.7058711656561,TRUE
2022-05-15 01:00:00,0.961,19.4134546496363,TRUE
2022-05-15 02:00:00,0.962,19.4620135859624,TRUE
2022-05-15 03:00:00,0.958,19.2682024671833,TRUE
2022-05-15 04:00:00,0.963,19.5106433427308,TRUE
2022-05-15 05:00:00,0.966,19.6569578314499,TRUE
2022-05-15 07:00:00,0.957,19.2199265164058,TRUE
2022-05-15 08:00:00,0.955,19.1235866018735,TRUE
2022-05-15 09:00:00,0.951,18.93175388876,TRUE
2022-05-15 10:00:00,0.951,18.93175388876,TRUE
2022-05-15 11:00:00,0.958,19.2682024671833,TRUE
2022-05-15 12:00:00,0.951,18.93175388876,TRUE
2022-05-15 13:00:00,0.944,18.5987595020782,TRUE
2022-05-15 14:00:00,0.951,18.93175388876,TRUE
2022-05-15 15:00:00,0.953,19.0275291386385,TRUE
2022-05-15 16:00:00,0.951,18.93175388876,TRUE
2022-05-15 17:00:00,0.952,18.9796062519126,TRUE
2022-05-15 18:00:00,0.946,18.6935488833143,TRUE
2022-05-15 19:00:00,0.945,18.6461190353694,TRUE
2022-05-15 20:00:00,0.952,18.9796062519126,TRUE
2022-05-15 21:00:00,0.95,18.8839720193913,TRUE
2022-05-15 22:00:00,0.946,18.6935488833143,TRUE
2022-05-15 23:00:00,0.938,18.3160772331485,TRUE
2022-05-16,0.942,18.5042512597536,TRUE
2022-05-16 01:00:00,0.942,18.5042512597536,TRUE
2022-05-16 02:00:00,0.942,18.5042512597536,TRUE
2022-05-16 03:00:00,0.937,18.2692090635785,TRUE
2022-05-16 04:00:00,0.93,17.9430922841759,TRUE
2022-05-16 05:00:00,0.925,17.7122482445496,TRUE
2022-05-16 07:00:00,0.934,18.1290248830676,TRUE
2022-05-16 08:00:00,0.937,18.2692090635785,TRUE
2022-05-16 09:00:00,0.927,17.8043765107324,TRUE
2022-05-16 10:00:00,0.917,17.346521256427,TRUE
2022-05-16 11:00:00,0.921,17.5288280206999,TRUE
2022-05-16 12:00:00,0.932,18.035918735249,TRUE
2022-05-16 13:00:00,0.928,17.8505452884098,TRUE
2022-05-16 14:00:00,0.919,17.4375355776573,TRUE
2022-05-16 15:00:00,0.919,17.4375355776573,TRUE
2022-05-16 16:00:00,0.923,17.6203988287156,TRUE
2022-05-16 17:00:00,0.924,17.6662886954898,TRUE
2022-05-16 18:00:00,0.927,17.8043765107324,TRUE
2022-05-16 19:00:00,0.918,17.3919936670255,TRUE
2022-05-16 20:00:00,0.924,17.6662886954898,TRUE
2022-05-16 21:00:00,0.921,17.5288280206999,TRUE
2022-05-16 22:00:00,0.923,17.6203988287156,TRUE
2022-05-16 23:00:00,0.916,17.3011183154172,TRUE
2022-05-17,0.914,17.2105207202861,TRUE
2022-05-17 01:00:00,0.912,17.1202006376777,TRUE
2022-05-17 02:00:00,0.916,17.3011183154172,TRUE
2022-05-17 03:00:00,0.915,17.2557848135317,TRUE
2022-05-17 04:00:00,0.918,17.3919936670255,TRUE
2022-05-17 05:00:00,0.912,17.1202006376777,TRUE
2022-05-17 07:00:00,0.92,17.4831470187471,TRUE
2022-05-17 08:00:00,0.92,17.4831470187471,TRUE
2022-05-17 09:00:00,0.919,17.4375355776573,TRUE
2022-05-17 10:00:00,0.912,17.1202006376777,TRUE
2022-05-17 11:00:00,0.919,17.4375355776573,TRUE
2022-05-17 12:00:00,0.925,17.7122482445496,TRUE
2022-05-17 13:00:00,0.925,17.7122482445496,TRUE
2022-05-17 14:00:00,0.929,17.8967838694815,TRUE
2022-05-17 15:00:00,0.92,17.4831470187471,TRUE
2022-05-17 16:00:00,0.935,18.1756829186213,TRUE
2022-05-17 17:00:00,0.937,18.2692090635785,TRUE
2022-05-17 18:00:00,0.936,18.2224109687606,TRUE
2022-05-17 19:00:00,0.932,18.035918735249,TRUE
2022-05-17 20:00:00,0.932,18.035918735249,TRUE
2022-05-17 21:00:00,0.941,18.4571024908211,TRUE
2022-05-17 22:00:00,0.94,18.4100239167441,TRUE
2022-05-17 23:00:00,0.945,18.6461190353694,TRUE
2022-05-18,0.94,18.4100239167441,TRUE
2022-05-18 01:00:00,0.934,18.1290248830676,TRUE
2022-05-18 02:00:00,0.939,18.3630155075253,TRUE
2022-05-18 03:00:00,0.948,18.788619642755,TRUE
2022-05-18 04:00:00,0.947,18.741049075815,TRUE
2022-05-18 05:00:00,0.938,18.3160772331485,TRUE
2022-05-18 07:00:00,0.946,18.6935488833143,TRUE
2022-05-18 08:00:00,0.953,19.0275291386385,TRUE
2022-05-18 09:00:00,0.953,19.0275291386385,TRUE
2022-05-18 10:00:00,0.951,18.93175388876,TRUE
2022-05-18 11:00:00,0.952,18.9796062519126,TRUE
2022-05-18 12:00:00,0.956,19.1717212378679,TRUE
2022-05-18 13:00:00,0.96,19.3649665041488,TRUE
2022-05-18 14:00:00,0.976,20.1492882772612,TRUE
2022-05-18 15:00:00,0.965,19.6081154359169,TRUE
2022-05-18 16:00:00,0.958,19.2682024671833,TRUE
2022-05-18 17:00:00,0.975,20.0997351691435,TRUE
2022-05-18 18:00:00,0.982,20.448103844393,TRUE
2022-05-18 19:00:00,0.972,19.9515029490624,TRUE
2022-05-18 20:00:00,0.974,20.0502532646521,TRUE
2022-05-18 21:00:00,0.967,19.7058711656561,TRUE
2022-05-18 22:00:00,0.98,20.3482133327,TRUE
2022-05-18 23:00:00,0.978,20.2486082217522,TRUE
2022-05-19,0.976,20.1492882772612,TRUE
2022-05-19 01:00:00,0.967,19.7058711656561,TRUE
2022-05-19 02:00:00,0.965,19.6081154359169,TRUE
2022-05-19 03:00:00,0.979,20.2983751167693,TRUE
2022-05-19 04:00:00,0.987,20.6990802868257,TRUE
2022-05-19 05:00:00,0.974,20.0502532646521,TRUE
2022-05-19 07:00:00,0.975,20.0997351691435,TRUE
2022-05-19 08:00:00,0.987,20.6990802868257,TRUE
2022-05-19 09:00:00,0.985,20.598475250132,TRUE
2022-05-19 10:00:00,0.988,20.7494901225439,TRUE
2022-05-19 11:00:00,0.992,20.9518455941712,TRUE
2022-05-19 12:00:00,0.983,20.4981561986558,TRUE
2022-05-19 13:00:00,0.981,20.3981228988215,TRUE
2022-05-19 14:00:00,0.984,20.5482799908335,TRUE
2022-05-19 15:00:00,0.99,20.8505245743984,TRUE
2022-05-19 16:00:00,0.992,20.9518455941712,TRUE
2022-05-19 17:00:00,0.991,20.9011492487517,TRUE
2022-05-19 18:00:00,0.979,20.2983751167693,TRUE
2022-05-19 19:00:00,0.989,20.799971542029,TRUE
2022-05-19 20:00:00,0.996,21.1553482675423,TRUE
2022-05-19 21:00:00,0.992,20.9518455941712,TRUE
2022-05-19 22:00:00,0.993,21.0026136397217,TRUE
2022-05-19 23:00:00,0.995,21.1043649473863,TRUE
2022-05-20,0.995,21.1043649473863,TRUE
2022-05-20 01:00:00,1,21.36,TRUE
2022-05-20 02:00:00,1.001,21.4113426908294,TRUE
2022-05-20 03:00:00,0.999,21.3087292411906,TRUE
2022-05-20 04:00:00,1.002,21.4627573425869,TRUE
2022-05-20 05:00:00,1.009,21.8246772355303,TRUE
2022-05-20 07:00:00,1.01,21.8766686133353,TRUE
2022-05-20 08:00:00,1.008,21.7727580492985,TRUE
2022-05-20 09:00:00,1.007,21.720911025869,TRUE
2022-05-20 10:00:00,1.005,21.6174333522491,TRUE
2022-05-20 11:00:00,1.018,22.2952019792749,TRUE
2022-05-20 12:00:00,1.013,22.0330761836399,TRUE
2022-05-20 13:00:00,1.014,22.0853566151035,TRUE
2022-05-20 14:00:00,1.012,21.980868058662,TRUE
2022-05-20 15:00:00,1.016,22.1901345122135,TRUE
2022-05-20 16:00:00,1.018,22.2952019792749,TRUE
2022-05-20 17:00:00,1.017,22.2426320351806,TRUE
2022-05-20 18:00:00,1.01,21.8766686133353,TRUE
2022-05-20 19:00:00,1.009,21.8246772355303,TRUE
2022-05-20 20:00:00,1.014,22.0853566151035,TRUE
2022-05-20 21:00:00,1.019,22.3478443731145,TRUE
2022-05-20 22:00:00,1.011,21.928732211467,TRUE
2022-05-20 23:00:00,1.009,21.8246772355303,TRUE
2022-05-21,1.02,22.4005592453009,TRUE
2022-05-21 01:00:00,1.019,22.3478443731145,TRUE
2022-05-21 02:00:00,1.016,22.1901345122135,TRUE
2022-05-21 03:00:00,1.009,21.8246772355303,TRUE
2022-05-21 04:00:00,1.008,21.7727580492985,TRUE
2022-05-21 05:00:00,1.01,21.8766686133353,TRUE
2022-05-21 07:00:00,1.015,22.1377093817384,TRUE
2022-05-21 08:00:00,1.014,22.0853566151035,TRUE
2022-05-21 09:00:00,1.004,21.5658026444318,TRUE
2022-05-21 10:00:00,1.006,21.6691361364541,TRUE
2022-05-21 11:00:00,1.007,21.720911025869,TRUE
2022-05-21 12:00:00,1.011,21.928732211467,TRUE
2022-05-21 13:00:00,1.001,21.4113426908294,TRUE
2022-05-21 14:00:00,0.991,20.9011492487517,TRUE
2022-05-21 15:00:00,1.007,21.720911025869,TRUE
2022-05-21 16:00:00,1.013,22.0330761836399,TRUE
2022-05-21 17:00:00,1.008,21.7727580492985,TRUE
2022-05-21 18:00:00,1.001,21.4113426908294,TRUE
2022-05-21 19:00:00,1.002,21.4627573425869,TRUE
2022-05-21 20:00:00,1.01,21.8766686133353,TRUE
2022-05-21 21:00:00,1.008,21.7727580492985,TRUE
2022-05-21 22:00:00,1.005,21.6174333522491,TRUE
2022-05-21 23:00:00,1.004,21.5658026444318,TRUE
2022-05-22,1.003,21.5142439841632,TRUE
2022-05-22 01:00:00,1.005,21.6174333522491,TRUE
2022-05-22 02:00:00,1.003,21.5142439841632,TRUE
2022-05-22 03:00:00,0.996,21.1553482675423,TRUE
2022-05-22 04:00:00,0.998,21.2575303854758,TRUE
2022-05-22 05:00:00,0.997,21.206403403913,TRUE
2022-05-22 07:00:00,0.997,21.206403403913,TRUE
2022-05-22 08:00:00,0.997,21.206403403913,TRUE
2022-05-22 09:00:00,0.992,20.9518455941712,TRUE
2022-05-22 10:00:00,0.99,20.8505245743984,TRUE
2022-05-22 11:00:00,0.992,20.9518455941712,TRUE
2022-05-22 12:00:00,0.986,20.6487420057392,TRUE
2022-05-22 13:00:00,0.984,20.5482799908335,TRUE
2022-05-22 14:00:00,0.988,20.7494901225439,TRUE
2022-05-22 15:00:00,0.991,20.9011492487517,TRUE
2022-05-22 16:00:00,0.988,20.7494901225439,TRUE
2022-05-22 17:00:00,0.989,20.799971542029,TRUE
2022-05-22 18:00:00,0.992,20.9518455941712,TRUE
2022-05-22 19:00:00,0.991,20.9011492487517,TRUE
2022-05-22 20:00:00,0.986,20.6487420057392,TRUE
2022-05-22 21:00:00,0.985,20.598475250132,TRUE
2022-05-22 22:00:00,0.983,20.4981561986558,TRUE
2022-05-22 23:00:00,1.0605,24.5967589223964,TRUE
2022-05-23,1.0605,24.5967589223964,TRUE
2022-05-23 01:00:00,1.0605,24.5967589223964,TRUE
2022-05-23 02:00:00,1.0605,24.5967589223964,TRUE
2022-05-23 03:00:00,1.0605,24.5967589223964,TRUE
2022-05-23 04:00:00,1.0605,24.5967589223964,TRUE
2022-05-23 05:00:00,1.0605,24.5967589223964,TRUE
2022-05-23 07:00:00,1.0605,24.5967589223964,TRUE
2022-05-23 08:00:00,1.0605,24.5967589223964,TRUE
2022-05-23 09:00:00,1.0605,24.5967589223964,TRUE
2022-05-23 10:00:00,1.0605,24.5967589223964,TRUE
2022-05-23 11:00:00,1.0605,24.5967589223964,TRUE
2022-05-23 12:00:00,1.0605,24.5967589223964,TRUE
2022-05-23 13:00:00,1.0605,24.5967589223964,TRUE
2022-05-23 14:00:00,1.0605,24.5967589223964,TRUE
2022-05-23 15:00:00,1.0605,24.5967589223964,TRUE
2022-05-23 16:00:00,1.0605,24.5967589223964,TRUE
2022-05-23 17:00:00,1.0605,24.5967589223964,TRUE
2022-05-23 18:00:00,1.0605,24.5967589223964,TRUE
2022-05-23 19:00:00,1.0605,24.5967589223964,TRUE
2022-05-23 20:00:00,1.0605,24.5967589223964,TRUE
2022-05-23 21:00:00,1.0605,24.5967589223964,TRUE
2022-05-23 22:00:00,1.0605,24.5967589223964,TRUE
2022-05-23 23:00:00,1.0605,24.5967589223964,TRUE
2022-05-24,1.0605,24.5967589223964,TRUE
2022-05-24 01:00:00,1.0605,24.5967589223964,TRUE
2022-05-24 02:00:00,1.0605,24.5967589223964,TRUE
2022-05-24 03:00:00,1.0605,24.5967589223964,TRUE
2022-05-24 04:00:00,1.0605,24.5967589223964,TRUE
2022-05-24 05:00:00,1.0605,24.5967589223964,TRUE
2022-05-24 07:00:00,1.0605,24.5967589223964,TRUE
2022-05-24 08:00:00,1.0605,24.5967589223964,TRUE
2022-05-24 09:00:00,1.0605,24.5967589223964,TRUE
2022-05-24 10:00:00,1.0605,24.5967589223964,TRUE
2022-05-24 11:00:00,1.0605,24.5967589223964,TRUE
2022-05-24 12:00:00,1.0605,24.5967589223964,TRUE
2022-05-24 13:00:00,1.0605,24.5967589223964,TRUE
2022-05-24 14:00:00,1.0605,24.5967589223964,TRUE
2022-05-24 15:00:00,1.0605,24.5967589223964,TRUE
2022-05-24 16:00:00,1.0605,24.5967589223964,TRUE
2022-05-24 17:00:00,1.0605,24.5967589223964,TRUE
2022-05-24 18:00:00,1.0605,24.5967589223964,TRUE
2022-05-24 19:00:00,1.138,29.1376794902178,TRUE
2022-05-24 20:00:00,1.14,29.2608340623411,TRUE
2022-05-24 21:00:00,1.141,29.3225250687567,TRUE
2022-05-24 22:00:00,1.14,29.2608340623411,TRUE
2022-05-24 23:00:00,1.145,29.5700478536579,TRUE
2022-05-25,1.139,29.1992188784096,TRUE
2022-05-25 01:00:00,1.136,29.0148279940051,TRUE
2022-05-25 02:00:00,1.131,28.7090238040996,TRUE
2022-05-25 03:00:00,1.131,28.7090238040996,TRUE
2022-05-25 04:00:00,1.135,28.9535158324252,TRUE
2022-05-25 05:00:00,1.137,29.0762158710071,TRUE
2022-05-25 07:00:00,1.135,28.9535158324252,TRUE
2022-05-25 08:00:00,1.135,28.9535158324252,TRUE
2022-05-25 09:00:00,1.137,29.0762158710071,TRUE
2022-05-25 10:00:00,1.136,29.0148279940051,TRUE
2022-05-25 11:00:00,1.13,28.6480898173363,TRUE
2022-05-25 12:00:00,1.129,28.5872313849785,TRUE
2022-05-25 13:00:00,1.129,28.5872313849785,TRUE
2022-05-25 14:00:00,1.135,28.9535158324252,TRUE
2022-05-25 15:00:00,1.14,29.2608340623411,TRUE
2022-05-25 16:00:00,1.123,28.2236659267457,TRUE
2022-05-25 17:00:00,1.125,28.3445526616731,TRUE
2022-05-25 18:00:00,1.131,28.7090238040996,TRUE
2022-05-25 19:00:00,1.133,28.8311185483145,TRUE
2022-05-25 20:00:00,1.135,28.9535158324252,TRUE
2022-05-25 21:00:00,1.13,28.6480898173363,TRUE
2022-05-25 22:00:00,1.125,28.3445526616731,TRUE
2022-05-25 23:00:00,1.128,28.5264484801405,TRUE
2022-05-26,1.131,28.7090238040996,TRUE
2022-05-26 01:00:00,1.129,28.5872313849785,TRUE
2022-05-26 02:00:00,1.139,29.1992188784096,TRUE
2022-05-26 03:00:00,1.134,28.8922793594666,TRUE
2022-05-26 04:00:00,1.129,28.5872313849785,TRUE
2022-05-26 05:00:00,1.135,28.9535158324252,TRUE
2022-05-26 07:00:00,1.128,28.5264484801405,TRUE
2022-05-26 08:00:00,1.133,28.8311185483145,TRUE
2022-05-26 09:00:00,1.127,28.4657410759221,TRUE
2022-05-26 10:00:00,1.137,29.0762158710071,TRUE
2022-05-26 11:00:00,1.128,28.5264484801405,TRUE
2022-05-26 12:00:00,1.131,28.7090238040996,TRUE
2022-05-26 13:00:00,1.128,28.5264484801405,TRUE
2022-05-26 14:00:00,1.13,28.6480898173363,TRUE
2022-05-26 15:00:00,1.139,29.1992188784096,TRUE
2022-05-26 16:00:00,1.13,28.6480898173363,TRUE
2022-05-26 17:00:00,1.139,29.1992188784096,TRUE
2022-05-26 18:00:00,1.14,29.2608340623411,TRUE
2022-05-26 19:00:00,1.147,29.6942648753388,TRUE
2022-05-26 20:00:00,1.138,29.1376794902178,TRUE
2022-05-26 21:00:00,1.139,29.1992188784096,TRUE
2022-05-26 22:00:00,1.132,28.7700333721398,TRUE
2022-05-26 23:00:00,1.134,28.8922793594666,TRUE
2022-05-27,1.142,29.3842919243868,TRUE
2022-05-27 01:00:00,1.14,29.2608340623411,TRUE
2022-05-27 02:00:00,1.135,28.9535158324252,TRUE
2022-05-27 03:00:00,1.133,28.8311185483145,TRUE
2022-05-27 04:00:00,1.138,29.1376794902178,TRUE
2022-05-27 05:00:00,1.149,29.8187859342195,TRUE
2022-05-27 07:00:00,1.145,29.5700478536579,TRUE
2022-05-27 08:00:00,1.149,29.8187859342195,TRUE
2022-05-27 09:00:00,1.146,29.63211837317,TRUE
2022-05-27 10:00:00,1.158,30.3828988655792,TRUE
2022-05-27 11:00:00,1.155,30.1941754630195,TRUE
2022-05-27 12:00:00,1.156,30.2570070065359,TRUE
2022-05-27 13:00:00,1.16,30.5090959306255,TRUE
2022-05-27 14:00:00,1.161,30.5723089815943,TRUE
2022-05-27 15:00:00,1.173,31.3368308561948,TRUE
2022-05-27 16:00:00,1.17,31.1446667511144,TRUE
2022-05-27 17:00:00,1.178,31.6586386606706,TRUE
2022-05-27 18:00:00,1.177,31.5941235476048,TRUE
2022-05-27 19:00:00,1.191,32.5043360567872,TRUE
2022-05-27 20:00:00,1.191,32.5043360567872,TRUE
2022-05-27 21:00:00,1.196,32.8330737264914,TRUE
2022-05-27 22:00:00,1.194,32.7013469455704,TRUE
2022-05-27 23:00:00,1.18,31.7878993986791,TRUE
2022-05-28,1.185,32.1123971185931,TRUE
2022-05-28 01:00:00,1.207,33.5631034183653,TRUE
2022-05-28 02:00:00,1.23,35.1199044802703,TRUE
2022-05-28 03:00:00,1.213,33.9652559821693,TRUE
2022-05-28 04:00:00,1.221,34.5058136967823,TRUE
2022-05-28 05:00:00,1.213,33.9652559821693,TRUE
2022-05-28 07:00:00,1.233,35.3260076249203,TRUE
2022-05-28 08:00:00,1.24,35.8096549336935,TRUE
2022-05-28 09:00:00,1.241,35.8790609195875,TRUE
2022-05-28 10:00:00,1.244,36.0877497066004,TRUE
2022-05-28 11:00:00,1.255,36.8589940009905,TRUE
2022-05-28 12:00:00,1.261,37.2836898269596,TRUE
2022-05-28 13:00:00,1.266,37.6397741966243,TRUE
2022-05-28 14:00:00,1.258,37.0709869319627,TRUE
2022-05-28 15:00:00,1.275,38.2857105972154,TRUE
2022-05-28 16:00:00,1.285,39.0109531056547,TRUE
2022-05-28 17:00:00,1.294,39.6704731289335,TRUE
2022-05-28 18:00:00,1.287,39.1569555442829,TRUE
2022-05-28 19:00:00,1.293,39.5968743182118,TRUE
2022-05-28 20:00:00,1.291,39.4499159518114,TRUE
2022-05-28 21:00:00,1.303,40.3364557100387,TRUE
2022-05-28 22:00:00,1.31,40.8589216488893,TRUE
2022-05-28 23:00:00,1.316,41.3098762898152,TRUE
2022-05-29,1.315,41.2345165079977,TRUE
2022-05-29 01:00:00,1.321,41.6878805987609,TRUE
2022-05-29 02:00:00,1.331,42.4499260099099,TRUE
2022-05-29 03:00:00,1.334,42.6801120580947,TRUE
2022-05-29 04:00:00,1.336,42.8339732188438,TRUE
2022-05-29 05:00:00,1.331,42.4499260099099,TRUE
2022-05-29 07:00:00,1.342,43.2974970586627,TRUE
2022-05-29 08:00:00,1.342,43.2974970586627,TRUE
2022-05-29 09:00:00,1.342,43.2974970586627,TRUE
2022-05-29 10:00:00,1.339,43.0653711394711,TRUE
2022-05-29 11:00:00,1.343,43.3750342557969,TRUE
2022-05-29 12:00:00,1.351,43.9982493557453,TRUE
2022-05-29 13:00:00,1.358,44.5478240601163,TRUE
2022-05-29 14:00:00,1.356,44.3903963364983,TRUE
2022-05-29 15:00:00,1.361,44.7845758172342,TRUE
2022-05-29 16:00:00,1.368,45.3398474189999,TRUE
2022-05-29 17:00:00,1.373,45.7389171657468,TRUE
2022-05-29 18:00:00,1.356,44.3903963364983,TRUE
2022-05-29 19:00:00,1.371,45.5790443099126,TRUE
2022-05-29 20:00:00,1.374,45.8189761440485,TRUE
2022-05-29 21:00:00,1.373,45.7389171657468,TRUE
2022-05-29 22:00:00,1.38,46.301047225429,TRUE
2022-05-29 23:00:00,1.369,45.4194980955283,TRUE
2022-05-30,1.38,46.301047225429,TRUE
2022-05-30 01:00:00,1.376,45.9793393210117,TRUE
2022-05-30 02:00:00,1.369,45.4194980955283,TRUE
2022-05-30 03:00:00,1.383,46.5431877622885,TRUE
2022-05-30 04:00:00,1.371,45.5790443099126,TRUE
2022-05-30 05:00:00,1.373,45.7389171657468,TRUE
2022-05-30 07:00:00,1.38,46.301047225429,TRUE
2022-05-30 08:00:00,1.387,46.8671891797036,TRUE
2022-05-30 09:00:00,1.37,45.4992303845126,TRUE
2022-05-30 10:00:00,1.395,47.5191315573228,TRUE
2022-05-30 11:00:00,1.401,48.0115414211075,TRUE
2022-05-30 12:00:00,1.392,47.2740370776537,TRUE
2022-05-30 13:00:00,1.383,46.5431877622885,TRUE
2022-05-30 14:00:00,1.376,45.9793393210117,TRUE
2022-05-30 15:00:00,1.385,46.70502448187,TRUE
2022-05-30 16:00:00,1.388,46.9483945799437,TRUE
2022-05-30 17:00:00,1.394,47.437351196994,TRUE
2022-05-30 18:00:00,1.387,46.8671891797036,TRUE
2022-05-30 19:00:00,1.397,47.682938997808,TRUE
2022-05-30 20:00:00,1.394,47.437351196994,TRUE
2022-05-30 21:00:00,1.415,49.1720389431366,TRUE
2022-05-30 22:00:00,1.411,48.8388169671527,TRUE
2022-05-30 23:00:00,1.403,48.1763367824249,TRUE
2022-05-31,1.395,47.5191315573228,TRUE
2022-05-31 01:00:00,1.392,47.2740370776537,TRUE
2022-05-31 02:00:00,1.401,48.0115414211075,TRUE
2022-05-31 03:00:00,1.395,47.5191315573228,TRUE
2022-05-31 04:00:00,1.383,46.5431877622885,TRUE
2022-05-31 05:00:00,1.394,47.437351196994,TRUE
2022-05-31 07:00:00,1.406,48.4241480431309,TRUE
2022-05-31 08:00:00,1.405,48.3414618289202,TRUE
2022-05-31 09:00:00,1.4,47.9292673133314,TRUE
2022-05-31 10:00:00,1.394,47.437351196994,TRUE
2022-05-31 11:00:00,1.41,48.7557180567329,TRUE
2022-05-31 12:00:00,1.396,47.6009941496968,TRUE
2022-05-31 13:00:00,1.397,47.682938997808,TRUE
2022-05-31 14:00:00,1.401,48.0115414211075,TRUE
2022-05-31 15:00:00,1.403,48.1763367824249,TRUE
2022-05-31 16:00:00,1.411,48.8388169671527,TRUE
2022-05-31 17:00:00,1.414,49.088609451953,TRUE
2022-05-31 18:00:00,1.398,47.7649661253381,TRUE
2022-05-31 19:00:00,1.409,48.6727017326767,TRUE
2022-05-31 20:00:00,1.411,48.8388169671527,TRUE
2022-05-31 21:00:00,1.414,49.088609451953,TRUE
2022-05-31 22:00:00,1.419,49.5065841824183,TRUE
2022-05-31 23:00:00,1.414,49.088609451953,TRUE
2022-06-01,1.41,48.7557180567329,TRUE
2022-06-01 01:00:00,1.412,48.921998487477,TRUE
2022-06-01 02:00:00,1.408,48.5897679714333,TRUE
2022-06-01 03:00:00,1.404,48.2588580832185,TRUE
2022-06-01 04:00:00,1.406,48.4241480431309,TRUE
2022-06-01 05:00:00,1.403,48.1763367824249,TRUE
2022-06-01 07:00:00,1.405,48.3414618289202,TRUE
2022-06-01 08:00:00,1.419,49.5065841824183,TRUE
2022-06-01 09:00:00,1.417,49.3391460609006,TRUE
2022-06-01 10:00:00,1.409,48.6727017326767,TRUE
2022-06-01 11:00:00,1.421,49.6743534954207,TRUE
2022-06-01 12:00:00,1.412,48.921998487477,TRUE
2022-06-01 13:00:00,1.42,49.5904274282569,TRUE
2022-06-01 14:00:00,1.412,48.921998487477,TRUE
2022-06-01 15:00:00,1.417,49.3391460609006,TRUE
2022-06-01 16:00:00,1.424,49.9266288592306,TRUE
2022-06-01 17:00:00,1.425,50.0108864460132,TRUE
2022-06-01 18:00:00,1.422,49.7583624073513,TRUE
2022-06-01 19:00:00,1.42,49.5904274282569,TRUE
2022-06-01 20:00:00,1.41,48.7557180567329,TRUE
2022-06-01 21:00:00,1.415,49.1720389431366,TRUE
2022-06-01 22:00:00,1.413,49.0052626412368,TRUE
2022-06-01 23:00:00,1.414,49.088609451953,TRUE
2022-06-02,1.42,49.5904274282569,TRUE
2022-06-02 01:00:00,1.424,49.9266288592306,TRUE
2022-06-02 02:00:00,1.414,49.088609451953,TRUE
2022-06-02 03:00:00,1.411,48.8388169671527,TRUE
2022-06-02 04:00:00,1.411,48.8388169671527,TRUE
2022-06-02 05:00:00,1.41,48.7557180567329,TRUE
2022-06-02 07:00:00,1.418,49.4228237344533,TRUE
2022-06-02 08:00:00,1.415,49.1720389431366,TRUE
2022-06-02 09:00:00,1.412,48.921998487477,TRUE
2022-06-02 10:00:00,1.413,49.0052626412368,TRUE
2022-06-02 11:00:00,1.419,49.5065841824183,TRUE
2022-06-02 12:00:00,1.424,49.9266288592306,TRUE
2022-06-02 13:00:00,1.421,49.6743534954207,TRUE
2022-06-02 14:00:00,1.42,49.5904274282569,TRUE
2022-06-02 15:00:00,1.423,49.8424541874806,TRUE
2022-06-02 16:00:00,1.427,50.179650458276,TRUE
2022-06-02 17:00:00,1.423,49.8424541874806,TRUE
2022-06-02 18:00:00,1.44,51.28471594193,TRUE
2022-06-02 19:00:00,1.431,50.5181744922372,TRUE
2022-06-02 20:00:00,1.443,51.541728109895,TRUE
2022-06-02 21:00:00,1.433,50.6879348876669,TRUE
2022-06-02 22:00:00,1.432,50.6030131389637,TRUE
2022-06-02 23:00:00,1.429,50.3487464113694,TRUE
2022-06-03,1.432,50.6030131389637,TRUE
2022-06-03 01:00:00,1.431,50.5181744922372,TRUE
2022-06-03 02:00:00,1.42,49.5904274282569,TRUE
2022-06-03 03:00:00,1.427,50.179650458276,TRUE
2022-06-03 04:00:00,1.43,50.4334189241536,TRUE
2022-06-03 05:00:00,1.422,49.7583624073513,TRUE
2022-06-03 07:00:00,1.434,50.7729397616707,TRUE
2022-06-03 08:00:00,1.43,50.4334189241536,TRUE
2022-06-03 09:00:00,1.429,50.3487464113694,TRUE
2022-06-03 10:00:00,1.437,51.028453368581,TRUE
2022-06-03 11:00:00,1.434,50.7729397616707,TRUE
2022-06-03 12:00:00,1.433,50.6879348876669,TRUE
2022-06-03 13:00:00,1.436,50.9431989788281,TRUE
2022-06-03 14:00:00,1.441,51.3703033452958,TRUE
2022-06-03 15:00:00,1.444,51.6275655175925,TRUE
2022-06-03 16:00:00,1.444,51.6275655175925,TRUE
2022-06-03 17:00:00,1.447,51.8855781208588,TRUE
2022-06-03 18:00:00,1.434,50.7729397616707,TRUE
2022-06-03 19:00:00,1.445,51.7134863065153,TRUE
2022-06-03 20:00:00,1.446,51.7994904998712,TRUE
2022-06-03 21:00:00,1.452,52.3172684515425,TRUE
2022-06-03 22:00:00,1.44,51.28471594193,TRUE
2022-06-03 23:00:00,1.441,51.3703033452958,TRUE
2022-06-04,1.443,51.541728109895,TRUE
2022-06-04 01:00:00,1.444,51.6275655175925,TRUE
2022-06-04 02:00:00,1.434,50.7729397616707,TRUE
2022-06-04 03:00:00,1.431,50.5181744922372,TRUE
2022-06-04 04:00:00,1.432,50.6030131389637,TRUE
2022-06-04 05:00:00,1.435,50.8580277842896,TRUE
2022-06-04 07:00:00,1.44,51.28471594193,TRUE
2022-06-04 08:00:00,1.444,51.6275655175925,TRUE
2022-06-04 09:00:00,1.435,50.8580277842896,TRUE
2022-06-04 10:00:00,1.438,51.1137909768336,TRUE
2022-06-04 11:00:00,1.447,51.8855781208588,TRUE
2022-06-04 12:00:00,1.439,51.1992118268613,TRUE
2022-06-04 13:00:00,1.438,51.1137909768336,TRUE
2022-06-04 14:00:00,1.426,50.0952269712308,TRUE
2022-06-04 15:00:00,1.439,51.1992118268613,TRUE
2022-06-04 16:00:00,1.445,51.7134863065153,TRUE
2022-06-04 17:00:00,1.437,51.028453368581,TRUE
2022-06-04 18:00:00,1.444,51.6275655175925,TRUE
2022-06-04 19:00:00,1.438,51.1137909768336,TRUE
2022-06-04 20:00:00,1.427,50.179650458276,TRUE
2022-06-04 21:00:00,1.438,51.1137909768336,TRUE
2022-06-04 22:00:00,1.443,51.541728109895,TRUE
2022-06-04 23:00:00,1.446,51.7994904998712,TRUE
2022-06-05,1.442,51.4559740602052,TRUE
2022-06-05 01:00:00,1.451,52.2307633447568,TRUE
2022-06-05 02:00:00,1.439,51.1992118268613,TRUE
2022-06-05 03:00:00,1.442,51.4559740602052,TRUE
2022-06-05 04:00:00,1.435,50.8580277842896,TRUE
2022-06-05 05:00:00,1.451,52.2307633447568,TRUE
2022-06-05 07:00:00,1.461,53.0995776843268,TRUE
2022-06-05 08:00:00,1.447,51.8855781208588,TRUE
2022-06-05 09:00:00,1.465,53.4494478125888,TRUE
2022-06-05 10:00:00,1.451,52.2307633447568,TRUE
2022-06-05 11:00:00,1.464,53.3618545381945,TRUE
2022-06-05 12:00:00,1.454,52.4905293881077,TRUE
2022-06-05 13:00:00,1.461,53.0995776843268,TRUE
2022-06-05 14:00:00,1.472,54.0649502856956,TRUE
2022-06-05 15:00:00,1.469,53.8006598061062,TRUE
2022-06-05 16:00:00,1.49,55.6665959968175,TRUE
2022-06-05 17:00:00,1.479,54.6845701021821,TRUE
2022-06-05 18:00:00,1.472,54.0649502856956,TRUE
2022-06-05 19:00:00,1.481,54.8623616826938,TRUE
2022-06-05 20:00:00,1.487,55.3977587619374,TRUE
2022-06-05 21:00:00,1.496,56.206550934458,TRUE
2022-06-05 22:00:00,1.502,56.7495505904613,TRUE
2022-06-05 23:00:00,1.513,57.7529740337912,TRUE
2022-06-06,1.511,57.5697696437951,TRUE
2022-06-06 01:00:00,1.507,57.2043796680437,TRUE
2022-06-06 02:00:00,1.504,56.9312279276688,TRUE
2022-06-06 03:00:00,1.498,56.3872122753807,TRUE
2022-06-06 04:00:00,1.496,56.206550934458,TRUE
2022-06-06 05:00:00,1.516,58.0284178795978,TRUE
2022-06-06 07:00:00,1.506,57.1132442931133,TRUE
2022-06-06 08:00:00,1.52,58.3968668415409,TRUE
2022-06-06 09:00:00,1.514,57.8447036583824,TRUE
2022-06-06 10:00:00,1.526,58.952094285691,TRUE
2022-06-06 11:00:00,1.525,58.8593433761755,TRUE
2022-06-06 12:00:00,1.539,60.165622323973,TRUE
2022-06-06 13:00:00,1.538,60.0717613726756,TRUE
2022-06-06 14:00:00,1.53,59.3239506812215,TRUE
2022-06-06 15:00:00,1.521,58.4891918216923,TRUE
2022-06-06 16:00:00,1.543,60.541921797711,TRUE
2022-06-06 17:00:00,1.546,60.8250454800429,TRUE
2022-06-06 18:00:00,1.563,62.4439997848721,TRUE
2022-06-06 19:00:00,1.54,60.2595688197889,TRUE
2022-06-06 20:00:00,1.545,60.7305852482656,TRUE
2022-06-06 21:00:00,1.554,61.5838144306651,TRUE
2022-06-06 22:00:00,1.565,62.6360983785504,TRUE
2022-06-06 23:00:00,1.562,62.3480796165771,TRUE
2022-06-07,1.556,61.7743650108549,TRUE
2022-06-07 01:00:00,1.565,62.6360983785504,TRUE
2022-06-07 02:00:00,1.565,62.6360983785504,TRUE
2022-06-07 03:00:00,1.579,63.9904441604562,TRUE
2022-06-07 04:00:00,1.577,63.7959304242231,TRUE
2022-06-07 05:00:00,1.581,64.1853036225437,TRUE
2022-06-07 07:00:00,1.589,64.9682022468671,TRUE
2022-06-07 08:00:00,1.593,65.3617304830972,TRUE
2022-06-07 09:00:00,1.591,65.1647929751368,TRUE
2022-06-07 10:00:00,1.586,64.6739659828591,TRUE
2022-06-07 11:00:00,1.581,64.1853036225437,TRUE
2022-06-07 12:00:00,1.589,64.9682022468671,TRUE
2022-06-07 13:00:00,1.592,65.2632183707041,TRUE
2022-06-07 14:00:00,1.589,64.9682022468671,TRUE
2022-06-07 15:00:00,1.602,66.2522453614357,TRUE
2022-06-07 16:00:00,1.597,65.7566465386654,TRUE
2022-06-07 17:00:00,1.603,66.3516258448488,TRUE
2022-06-07 18:00:00,1.606,66.6502891254807,TRUE
2022-06-07 19:00:00,1.625,68.5600351925505,TRUE
2022-06-07 20:00:00,1.593,65.3617304830972,TRUE
2022-06-07 21:00:00,1.599,65.9546254362326,TRUE
2022-06-07 22:00:00,1.594,65.4603293342093,TRUE
2022-06-07 23:00:00,1.606,66.6502891254807,TRUE
2022-06-08,1.615,67.5509805371275,TRUE
2022-06-08 01:00:00,1.625,68.5600351925505,TRUE
2022-06-08 02:00:00,1.608,66.8498330558248,TRUE
2022-06-08 03:00:00,1.611,67.1498020017177,TRUE
2022-06-08 04:00:00,1.605,66.5506477050723,TRUE
2022-06-08 05:00:00,1.612,67.2499658841416,TRUE
2022-06-08 07:00:00,1.612,67.2499658841416,TRUE
2022-06-08 08:00:00,1.617,67.7520930277479,TRUE
2022-06-08 09:00:00,1.616,67.6514931624347,TRUE
2022-06-08 10:00:00,1.618,67.8527801547651,TRUE
2022-06-08 11:00:00,1.614,67.4505551301204,TRUE
2022-06-08 12:00:00,1.612,67.2499658841416,TRUE
2022-06-08 13:00:00,1.623,68.3575254742819,TRUE
2022-06-08 14:00:00,1.612,67.2499658841416,TRUE
2022-06-08 15:00:00,1.624,68.4587366267332,TRUE
2022-06-08 16:00:00,1.634,69.4756594533719,TRUE
2022-06-08 17:00:00,1.612,67.2499658841416,TRUE
2022-06-08 18:00:00,1.625,68.5600351925505,TRUE
2022-06-08 19:00:00,1.624,68.4587366267332,TRUE
2022-06-08 20:00:00,1.648,70.914077953412,TRUE
2022-06-08 21:00:00,1.632,69.2715745437781,TRUE
2022-06-08 22:00:00,1.63,69.0678399790404,TRUE
2022-06-08 23:00:00,1.614,67.4505551301204,TRUE
2022-06-09,1.637,69.7824440917497,TRUE
2022-06-09 01:00:00,1.624,68.4587366267332,TRUE
2022-06-09 02:00:00,1.635,69.5778333414115,TRUE
2022-06-09 03:00:00,1.619,67.9535545651765,TRUE
2022-06-09 04:00:00,1.62,68.0544162806638,TRUE
2022-06-09 05:00:00,1.626,68.6614211933679,TRUE
2022-06-09 07:00:00,1.6,66.053745178951,TRUE
2022-06-09 08:00:00,1.616,67.6514931624347,TRUE
2022-06-09 09:00:00,1.619,67.9535545651765,TRUE
2022-06-09 10:00:00,1.634,69.4756594533719,TRUE
2022-06-09 11:00:00,1.615,67.5509805371275,TRUE
2022-06-09 12:00:00,1.602,66.2522453614357,TRUE
2022-06-09 13:00:00,1.616,67.6514931624347,TRUE
2022-06-09 14:00:00,1.624,68.4587366267332,TRUE
2022-06-09 15:00:00,1.62,68.0544162806638,TRUE
2022-06-09 16:00:00,1.622,68.2564017135546,TRUE
2022-06-09 17:00:00,1.607,66.750017568472,TRUE
2022-06-09 18:00:00,1.6,66.053745178951,TRUE
2022-06-09 19:00:00,1.618,67.8527801547651,TRUE
2022-06-09 20:00:00,1.625,68.5600351925505,TRUE
2022-06-09 21:00:00,1.611,67.1498020017177,TRUE
2022-06-09 22:00:00,1.625,68.5600351925505,TRUE
2022-06-09 23:00:00,1.607,66.750017568472,TRUE
2022-06-10,1.616,67.6514931624347,TRUE
2022-06-10 01:00:00,1.605,66.5506477050723,TRUE
2022-06-10 02:00:00,1.609,66.9497356093097,TRUE
2022-06-10 03:00:00,1.6,66.053745178951,TRUE
2022-06-10 04:00:00,1.591,65.1647929751368,TRUE
2022-06-10 05:00:00,1.612,67.2499658841416,TRUE
2022-06-10 07:00:00,1.614,67.4505551301204,TRUE
2022-06-10 08:00:00,1.607,66.750017568472,TRUE
2022-06-10 09:00:00,1.616,67.6514931624347,TRUE
2022-06-10 10:00:00,1.612,67.2499658841416,TRUE
2022-06-10 11:00:00,1.624,68.4587366267332,TRUE
2022-06-10 12:00:00,1.618,67.8527801547651,TRUE
2022-06-10 13:00:00,1.613,67.3502169196991,TRUE
2022-06-10 14:00:00,1.625,68.5600351925505,TRUE
2022-06-10 15:00:00,1.63,69.0678399790404,TRUE
2022-06-10 16:00:00,1.626,68.6614211933679,TRUE
2022-06-10 17:00:00,1.637,69.7824440917497,TRUE
2022-06-10 18:00:00,1.648,70.914077953412,TRUE
2022-06-10 19:00:00,1.638,69.8848809971344,TRUE
2022-06-10 20:00:00,1.647,70.8107629252056,TRUE
2022-06-10 21:00:00,1.65,71.1209718224762,TRUE
2022-06-10 22:00:00,1.659,72.0563513843119,TRUE
2022-06-10 23:00:00,1.67,73.209292876451,TRUE
2022-06-11,1.692,75.5472934498839,TRUE
2022-06-11 01:00:00,1.687,75.0121609395169,TRUE
2022-06-11 02:00:00,1.693,75.654586467659,TRUE
2022-06-11 03:00:00,1.691,75.4400892988402,TRUE
2022-06-11 04:00:00,1.71,77.4921848064964,TRUE
2022-06-11 05:00:00,1.715,78.0375587894429,TRUE
2022-06-11 07:00:00,1.715,78.0375587894429,TRUE
2022-06-11 08:00:00,1.73,79.6870937525284,TRUE
2022-06-11 09:00:00,1.726,79.245248067343,TRUE
2022-06-11 10:00:00,1.742,81.0212438534657,TRUE
2022-06-11 11:00:00,1.749,81.805475005101,TRUE
2022-06-11 12:00:00,1.757,82.7071430886682,TRUE
2022-06-11 13:00:00,1.767,83.8423495580459,TRUE
2022-06-11 14:00:00,1.762,83.2736172385036,TRUE
2022-06-11 15:00:00,1.792,86.7199736333375,TRUE
2022-06-11 16:00:00,1.772,84.41334262112,TRUE
2022-06-11 17:00:00,1.785,85.9085232909542,TRUE
2022-06-11 18:00:00,1.811,88.9449644785429,TRUE
2022-06-11 19:00:00,1.799,87.5358801286873,TRUE
2022-06-11 20:00:00,1.814,89.2992890833861,TRUE
2022-06-11 21:00:00,1.829,91.0832605598942,TRUE
2022-06-11 22:00:00,1.84,92.4046144305614,TRUE
2022-06-11 23:00:00,1.82,90.0104063454876,TRUE
2022-06-12,1.822,90.2481773011865,TRUE
2022-06-12 01:00:00,1.834,91.6824989627379,TRUE
2022-06-12 02:00:00,1.847,93.2512648414651,TRUE
2022-06-12 03:00:00,1.892,98.8020163102932,TRUE
2022-06-12 04:00:00,1.883,97.676866086027,TRUE
2022-06-12 05:00:00,1.867,95.6951439516166,TRUE
2022-06-12 07:00:00,1.911,101.202075348773,TRUE
2022-06-12 08:00:00,1.893,98.9274974831927,TRUE
2022-06-12 09:00:00,1.921,102.47878760303,TRUE
2022-06-12 10:00:00,1.907,100.694004591575,TRUE
2022-06-12 11:00:00,1.938,104.670671520569,TRUE
2022-06-12 12:00:00,1.965,108.207684738723,TRUE
2022-06-12 13:00:00,1.952,106.4961137897,TRUE
2022-06-12 14:00:00,1.972,109.135903362849,TRUE
2022-06-12 15:00:00,1.957,107.152525527692,TRUE
2022-06-12 16:00:00,1.967,108.472417898667,TRUE
2022-06-12 17:00:00,1.985,110.872029169068,TRUE
2022-06-12 18:00:00,1.985,110.872029169068,TRUE
2022-06-12 19:00:00,1.961,107.679350756608,TRUE
2022-06-12 20:00:00,1.974,109.401958979147,TRUE
2022-06-12 21:00:00,1.957,107.152525527692,TRUE
2022-06-12 22:00:00,1.918,102.094792867517,TRUE
2022-06-12 23:00:00,1.931,103.764851761071,TRUE
2022-06-13,1.921,102.47878760303,TRUE
2022-06-13 01:00:00,1.926,103.120649471404,TRUE
2022-06-13 02:00:00,1.911,101.202075348773,TRUE
2022-06-13 03:00:00,1.882,97.5523135131712,TRUE
2022-06-13 04:00:00,1.929,103.506889838365,TRUE
2022-06-13 05:00:00,1.928,103.378049399957,TRUE
2022-06-13 07:00:00,1.874,96.5592303068253,TRUE
2022-06-13 08:00:00,1.936,104.411396912636,TRUE
2022-06-13 09:00:00,1.925,102.992089942192,TRUE
2022-06-13 10:00:00,1.905,100.440528758588,TRUE
2022-06-13 11:00:00,1.925,102.992089942192,TRUE
2022-06-13 12:00:00,1.946,105.71152554501,TRUE
2022-06-13 13:00:00,1.974,109.401958979147,TRUE
2022-06-13 14:00:00,1.939,104.800449591163,TRUE
2022-06-13 15:00:00,1.963,107.943329076204,TRUE
2022-06-13 16:00:00,1.978,109.935204940328,TRUE
2022-06-13 17:00:00,2.001,113.030787985106,TRUE
2022-06-13 18:00:00,1.977,109.801751560841,TRUE
2022-06-13 19:00:00,1.987,111.140545780382,TRUE
2022-06-13 20:00:00,1.991,111.678716728793,TRUE
2022-06-13 21:00:00,2.016,115.076725630573,TRUE
2022-06-13 22:00:00,1.991,111.678716728793,TRUE
2022-06-13 23:00:00,2.008,113.982893131737,TRUE
2022-06-14,2.013,114.665823830593,TRUE
2022-06-14 01:00:00,2.041,118.534329026347,TRUE
2022-06-14 02:00:00,2.025,116.314582062521,TRUE
2022-06-14 03:00:00,2.019,115.488485593872,TRUE
2022-06-14 04:00:00,2.02,115.625929706635,TRUE
2022-06-14 05:00:00,2.026,116.452599024951,TRUE
2022-06-14 07:00:00,2.016,115.076725630573,TRUE
2022-06-14 08:00:00,2.012,114.529047178137,TRUE
2022-06-14 09:00:00,1.986,111.006240085465,TRUE
2022-06-14 10:00:00,2.005,113.574277255126,TRUE
2022-06-14 11:00:00,1.947,105.842055123088,TRUE
2022-06-14 12:00:00,1.965,108.207684738723,TRUE
2022-06-14 13:00:00,2.031,117.144117336178,TRUE
2022-06-14 14:00:00,2.005,113.574277255126,TRUE
2022-06-14 15:00:00,2.012,114.529047178137,TRUE
2022-06-14 16:00:00,2.044,118.953260262822,TRUE
2022-06-14 17:00:00,2.024,116.176660622468,TRUE
2022-06-14 18:00:00,2.052,120.074630402055,TRUE
2022-06-14 19:00:00,2.037,117.977095507223,TRUE
2022-06-14 20:00:00,2.039,118.255520692163,TRUE
2022-06-14 21:00:00,2.066,122.051822911928,TRUE
2022-06-14 22:00:00,2.054,120.355932883872,TRUE
2022-06-14 23:00:00,2.087,125.053016173935,TRUE
2022-06-15,2.071,122.76253444289,TRUE
2022-06-15 01:00:00,2.111,128.53517250943,TRUE
2022-06-15 02:00:00,2.107,127.95093472023,TRUE
2022-06-15 03:00:00,2.094,126.062880769644,TRUE
2022-06-15 04:00:00,2.102,127.222821170105,TRUE
2022-06-15 05:00:00,2.095,126.207534262604,TRUE
2022-06-15 07:00:00,2.109,128.242859422962,TRUE
2022-06-15 08:00:00,2.057,120.778607178331,TRUE
2022-06-15 09:00:00,2.083,124.478078224837,TRUE
2022-06-15 10:00:00,2.063,121.626551685579,TRUE
2022-06-15 11:00:00,2.062,121.484987113062,TRUE
2022-06-15 12:00:00,2.073,123.047493645987,TRUE
2022-06-15 13:00:00,2.085,124.765353898926,TRUE
2022-06-15 14:00:00,2.078,123.76157943983,TRUE
2022-06-15 15:00:00,2.054,120.355932883872,TRUE
2022-06-15 16:00:00,2.093,125.918324094413,TRUE
2022-06-15 17:00:00,2.091,125.629501122772,TRUE
2022-06-15 18:00:00,2.071,122.76253444289,TRUE
2022-06-15 19:00:00,2.041,118.534329026347,TRUE
2022-06-15 20:00:00,2.023,116.038834685828,TRUE
2022-06-15 21:00:00,2.047,119.373054434276,TRUE
2022-06-15 22:00:00,2.053,120.215233617383,TRUE
2022-06-15 23:00:00,2.029,116.867223236082,TRUE
2022-06-16,2.035,117.699053320402,TRUE
2022-06-16 01:00:00,2.037,117.977095507223,TRUE
2022-06-16 02:00:00,2.024,116.176660622468,TRUE
2022-06-16 03:00:00,2.026,116.452599024951,TRUE
2022-06-16 04:00:00,2,112.895153379442,TRUE
2022-06-16 05:00:00,2.015,114.939663037786,TRUE
2022-06-16 07:00:00,1.982,110.469964899084,TRUE
2022-06-16 08:00:00,2.01,114.255779680338,TRUE
2022-06-16 09:00:00,2.004,113.438262272336,TRUE
2022-06-16 10:00:00,2.011,114.392365801065,TRUE
2022-06-16 11:00:00,2.007,113.846592665757,TRUE
2022-06-16 12:00:00,2.006,113.710387379908,TRUE
2022-06-16 13:00:00,1.968,108.60492608843,TRUE
2022-06-16 14:00:00,1.985,110.872029169068,TRUE
2022-06-16 15:00:00,1.978,109.935204940328,TRUE
2022-06-16 16:00:00,1.965,108.207684738723,TRUE
2022-06-16 17:00:00,1.972,109.135903362849,TRUE
2022-06-16 18:00:00,1.984,110.737913012002,TRUE
2022-06-16 19:00:00,1.967,108.472417898667,TRUE
2022-06-16 20:00:00,1.987,111.140545780382,TRUE
2022-06-16 21:00:00,1.958,107.284090456981,TRUE
2022-06-16 22:00:00,1.969,108.737528710447,TRUE
2022-06-16 23:00:00,1.944,105.450748388801,TRUE
2022-06-17,1.92,102.350695864871,TRUE
2022-06-17 01:00:00,1.934,104.152497552541,TRUE
2022-06-17 02:00:00,1.926,103.120649471404,TRUE
2022-06-17 03:00:00,1.933,104.023188541722,TRUE
2022-06-17 04:00:00,1.921,102.47878760303,TRUE
2022-06-17 05:00:00,1.91,101.074917723949,TRUE
2022-06-17 07:00:00,1.929,103.506889838365,TRUE
2022-06-17 08:00:00,1.937,104.540987300884,TRUE
2022-06-17 09:00:00,1.935,104.281900336349,TRUE
2022-06-17 10:00:00,1.907,100.694004591575,TRUE
2022-06-17 11:00:00,1.904,100.313930659695,TRUE
2022-06-17 12:00:00,1.9,99.8084699223911,TRUE
2022-06-17 13:00:00,1.924,102.8636240103,TRUE
2022-06-17 14:00:00,1.927,103.24930261748,TRUE
2022-06-17 15:00:00,1.918,102.094792867517,TRUE
2022-06-17 16:00:00,1.938,104.670671520569,TRUE
2022-06-17 17:00:00,1.918,102.094792867517,TRUE
2022-06-17 18:00:00,1.916,101.839263711555,TRUE
2022-06-17 19:00:00,1.901,99.9346953973453,TRUE
2022-06-17 20:00:00,1.906,100.567220062659,TRUE
2022-06-17 21:00:00,1.892,98.8020163102932,TRUE
2022-06-17 22:00:00,1.911,101.202075348773,TRUE
2022-06-17 23:00:00,1.893,98.9274974831927,TRUE
2022-06-18,1.879,97.1792122222972,TRUE
2022-06-18 01:00:00,1.888,98.3010209107901,TRUE
2022-06-18 02:00:00,1.856,94.3464442060724,TRUE
2022-06-18 03:00:00,1.862,95.0807134078273,TRUE
2022-06-18 04:00:00,1.912,101.329326296676,TRUE
2022-06-18 05:00:00,1.862,95.0807134078273,TRUE
2022-06-18 07:00:00,1.914,101.584108240226,TRUE
2022-06-18 08:00:00,1.917,101.966981569157,TRUE
2022-06-18 09:00:00,1.918,102.094792867517,TRUE
2022-06-18 10:00:00,1.901,99.9346953973453,TRUE
2022-06-18 11:00:00,1.902,100.061013998755,TRUE
2022-06-18 12:00:00,1.922,102.606972860278,TRUE
2022-06-18 13:00:00,1.917,101.966981569157,TRUE
2022-06-18 14:00:00,1.909,100.94785340257,TRUE
2022-06-18 15:00:00,1.923,102.735251656181,TRUE
2022-06-18 16:00:00,1.9355,104.346636899215,TRUE
2022-06-18 17:00:00,1.948,105.972678727039,TRUE
2022-06-18 18:00:00,1.923,102.735251656181,TRUE
2022-06-18 19:00:00,1.948,105.972678727039,TRUE
2022-06-18 20:00:00,1.956,107.021054818115,TRUE
2022-06-18 21:00:00,1.942,105.190347103008,TRUE
2022-06-18 22:00:00,1.917,101.966981569157,TRUE
2022-06-18 23:00:00,1.923,102.735251656181,TRUE
2022-06-19,1.957,107.152525527692,TRUE
2022-06-19 01:00:00,1.97,108.870225784002,TRUE
2022-06-19 02:00:00,1.954,106.758395980665,TRUE
2022-06-19 03:00:00,1.943,105.320500771819,TRUE
2022-06-19 04:00:00,1.944,105.450748388801,TRUE
2022-06-19 05:00:00,1.956,107.021054818115,TRUE
2022-06-19 07:00:00,1.943,105.320500771819,TRUE
2022-06-19 08:00:00,1.92,102.350695864871,TRUE
2022-06-19 09:00:00,1.939,104.800449591163,TRUE
2022-06-19 10:00:00,1.944,105.450748388801,TRUE
2022-06-19 11:00:00,1.977,109.801751560841,TRUE
2022-06-19 12:00:00,1.941,105.060287362926,TRUE
2022-06-19 13:00:00,1.966,108.340004121864,TRUE
2022-06-19 14:00:00,1.952,106.4961137897,TRUE
2022-06-19 15:00:00,1.929,103.506889838365,TRUE
2022-06-19 16:00:00,1.943,105.320500771819,TRUE
2022-06-19 17:00:00,1.954,106.758395980665,TRUE
2022-06-19 18:00:00,1.956,107.021054818115,TRUE
2022-06-19 19:00:00,1.971,109.003017328378,TRUE
2022-06-19 20:00:00,1.923,102.735251656181,TRUE
2022-06-19 21:00:00,1.984,110.737913012002,TRUE
2022-06-19 22:00:00,1.938,104.670671520569,TRUE
2022-06-19 23:00:00,1.949,106.103396376274,TRUE
2022-06-20,1.98,110.202395593096,TRUE
2022-06-20 01:00:00,1.936,104.411396912636,TRUE
2022-06-20 02:00:00,1.956,107.021054818115,TRUE
2022-06-20 03:00:00,1.943,105.320500771819,TRUE
2022-06-20 04:00:00,1.923,102.735251656181,TRUE
2022-06-20 05:00:00,1.962,107.811292758201,TRUE
2022-06-20 07:00:00,1.942,105.190347103008,TRUE
2022-06-20 08:00:00,1.939,104.800449591163,TRUE
2022-06-20 09:00:00,1.921,102.47878760303,TRUE
2022-06-20 10:00:00,1.92,102.350695864871,TRUE
2022-06-20 11:00:00,1.904,100.313930659695,TRUE
2022-06-20 12:00:00,1.898,99.5562982730577,TRUE
2022-06-20 13:00:00,1.935,104.281900336349,TRUE
2022-06-20 14:00:00,1.946,105.71152554501,TRUE
2022-06-20 15:00:00,1.949,106.103396376274,TRUE
2022-06-20 16:00:00,1.931,103.764851761071,TRUE
2022-06-20 17:00:00,1.95,106.234208090198,TRUE
2022-06-20 18:00:00,1.943,105.320500771819,TRUE
2022-06-20 19:00:00,1.943,105.320500771819,TRUE
2022-06-20 20:00:00,1.951,106.365113888209,TRUE
2022-06-20 21:00:00,1.962,107.811292758201,TRUE
2022-06-20 22:00:00,1.975,109.535128599494,TRUE
2022-06-20 23:00:00,1.975,109.535128599494,TRUE
2022-06-21,1.971,109.003017328378,TRUE
2022-06-21 01:00:00,1.972,109.135903362849,TRUE
2022-06-21 02:00:00,1.971,109.003017328378,TRUE
2022-06-21 03:00:00,1.974,109.401958979147,TRUE
2022-06-21 04:00:00,1.978,109.935204940328,TRUE
2022-06-21 05:00:00,1.97,108.870225784002,TRUE
2022-06-21 07:00:00,2.011,114.392365801065,TRUE
2022-06-21 08:00:00,1.977,109.801751560841,TRUE
2022-06-21 09:00:00,2.002,113.166517656413,TRUE
2022-06-21 10:00:00,1.989,111.409441582496,TRUE
2022-06-21 11:00:00,1.993,111.948371372569,TRUE
2022-06-21 12:00:00,2.014,114.802695777467,TRUE
2022-06-21 13:00:00,2.008,113.982893131737,TRUE
2022-06-21 14:00:00,1.999,112.75961382032,TRUE
2022-06-21 15:00:00,2.001,113.030787985106,TRUE
2022-06-21 16:00:00,2.019,115.488485593872,TRUE
2022-06-21 17:00:00,2.025,116.314582062521,TRUE
2022-06-21 18:00:00,2.01,114.255779680338,TRUE
2022-06-21 19:00:00,1.999,112.75961382032,TRUE
2022-06-21 20:00:00,2.025,116.314582062521,TRUE
2022-06-21 21:00:00,2.011,114.392365801065,TRUE
2022-06-21 22:00:00,2.009,114.119288796913,TRUE
2022-06-21 23:00:00,2.005,113.574277255126,TRUE
2022-06-22,2.017,115.213883574843,TRUE
2022-06-22 01:00:00,1.991,111.678716728793,TRUE
2022-06-22 02:00:00,1.981,110.336132904829,TRUE
2022-06-22 03:00:00,2.003,113.30234241246,TRUE
2022-06-22 04:00:00,2.011,114.392365801065,TRUE
2022-06-22 05:00:00,1.983,110.603891595073,TRUE
2022-06-22 07:00:00,1.998,112.624169288634,TRUE
2022-06-22 08:00:00,2.026,116.452599024951,TRUE
2022-06-22 09:00:00,1.98,110.202395593096,TRUE
2022-06-22 10:00:00,1.976,109.668392786976,TRUE
2022-06-22 11:00:00,1.979,110.06875294467,TRUE
2022-06-22 12:00:00,1.984,110.737913012002,TRUE
2022-06-22 13:00:00,1.97,108.870225784002,TRUE
2022-06-22 14:00:00,1.985,110.872029169068,TRUE
2022-06-22 15:00:00,1.989,111.409441582496,TRUE
2022-06-22 16:00:00,1.937,104.540987300884,TRUE
2022-06-22 17:00:00,2.004,113.438262272336,TRUE
2022-06-22 18:00:00,1.982,110.469964899084,TRUE
2022-06-22 19:00:00,1.976,109.668392786976,TRUE
2022-06-22 20:00:00,1.967,108.472417898667,TRUE
2022-06-22 21:00:00,1.967,108.472417898667,TRUE
2022-06-22 22:00:00,1.986,111.006240085465,TRUE
2022-06-22 23:00:00,1.978,109.935204940328,TRUE
2022-06-23,1.991,111.678716728793,TRUE
2022-06-23 01:00:00,1.972,109.135903362849,TRUE
2022-06-23 02:00:00,1.995,112.218405667024,TRUE
2022-06-23 03:00:00,1.988,111.274946273,TRUE
2022-06-23 04:00:00,1.971,109.003017328378,TRUE
2022-06-23 05:00:00,1.978,109.935204940328,TRUE
2022-06-23 07:00:00,1.966,108.340004121864,TRUE
2022-06-23 08:00:00,1.97,108.870225784002,TRUE
2022-06-23 09:00:00,1.962,107.811292758201,TRUE
2022-06-23 10:00:00,1.952,106.4961137897,TRUE
2022-06-23 11:00:00,1.996,112.353565231107,TRUE
2022-06-23 12:00:00,1.989,111.409441582496,TRUE
2022-06-23 13:00:00,1.958,107.284090456981,TRUE
2022-06-23 14:00:00,1.954,106.758395980665,TRUE
2022-06-23 15:00:00,1.952,106.4961137897,TRUE
2022-06-23 16:00:00,1.934,104.152497552541,TRUE
2022-06-23 17:00:00,1.942,105.190347103008,TRUE
2022-06-23 18:00:00,1.94,104.930321532129,TRUE
2022-06-23 19:00:00,1.924,102.8636240103,TRUE
2022-06-23 20:00:00,1.931,103.764851761071,TRUE
2022-06-23 21:00:00,1.951,106.365113888209,TRUE
2022-06-23 22:00:00,1.938,104.670671520569,TRUE
2022-06-23 23:00:00,1.947,105.842055123088,TRUE
2022-06-24,1.936,104.411396912636,TRUE
2022-06-24 01:00:00,1.933,104.023188541722,TRUE
2022-06-24 02:00:00,1.926,103.120649471404,TRUE
2022-06-24 03:00:00,1.934,104.152497552541,TRUE
2022-06-24 04:00:00,1.93,103.63582395223,TRUE
2022-06-24 05:00:00,1.913,101.456670587286,TRUE
2022-06-24 07:00:00,1.943,105.320500771819,TRUE
2022-06-24 08:00:00,1.933,104.023188541722,TRUE
2022-06-24 09:00:00,1.916,101.839263711555,TRUE
2022-06-24 10:00:00,1.941,105.060287362926,TRUE
2022-06-24 11:00:00,1.918,102.094792867517,TRUE
2022-06-24 12:00:00,1.939,104.800449591163,TRUE
2022-06-24 13:00:00,1.942,105.190347103008,TRUE
2022-06-24 14:00:00,1.935,104.281900336349,TRUE
2022-06-24 15:00:00,1.929,103.506889838365,TRUE
2022-06-24 16:00:00,1.934,104.152497552541,TRUE
2022-06-24 17:00:00,1.94,104.930321532129,TRUE
2022-06-24 18:00:00,1.912,101.329326296676,TRUE
2022-06-24 19:00:00,1.926,103.120649471404,TRUE
2022-06-24 20:00:00,1.918,102.094792867517,TRUE
2022-06-24 21:00:00,1.907,100.694004591575,TRUE
2022-06-24 22:00:00,1.925,102.992089942192,TRUE
2022-06-24 23:00:00,1.928,103.378049399957,TRUE
2022-06-25,1.929,103.506889838365,TRUE
2022-06-25 01:00:00,1.913,101.456670587286,TRUE
2022-06-25 02:00:00,1.901,99.9346953973453,TRUE
2022-06-25 03:00:00,1.899,99.6823375541961,TRUE
2022-06-25 04:00:00,1.904,100.313930659695,TRUE
2022-06-25 05:00:00,1.891,98.6766280863587,TRUE
2022-06-25 07:00:00,1.889,98.4261304063688,TRUE
2022-06-25 08:00:00,1.885,97.9262495644468,TRUE
2022-06-25 09:00:00,1.878,97.0550305351657,TRUE
2022-06-25 10:00:00,1.892,98.8020163102932,TRUE
2022-06-25 11:00:00,1.889,98.4261304063688,TRUE
2022-06-25 12:00:00,1.856,94.3464442060724,TRUE
2022-06-25 13:00:00,1.859,94.7131634848215,TRUE
2022-06-25 14:00:00,1.886,98.0510805096095,TRUE
2022-06-25 15:00:00,1.85,93.6154954243061,TRUE
2022-06-25 16:00:00,1.864,95.3262084248637,TRUE
2022-06-25 17:00:00,1.884,97.8015114298513,TRUE
2022-06-25 18:00:00,1.839,92.284032186184,TRUE
2022-06-25 19:00:00,1.872,96.3118858268474,TRUE
2022-06-25 20:00:00,1.851,93.7370898197456,TRUE
2022-06-25 21:00:00,1.898,99.5562982730577,TRUE
2022-06-25 22:00:00,1.843,92.7669127246468,TRUE
2022-06-25 23:00:00,1.847,93.2512648414651,TRUE
2022-06-26,1.823,90.3672000953131,TRUE
2022-06-26 01:00:00,1.846,93.1300387815914,TRUE
2022-06-26 02:00:00,1.826,90.7248179851355,TRUE
2022-06-26 03:00:00,1.823,90.3672000953131,TRUE
2022-06-26 04:00:00,1.817,89.6544361901833,TRUE
2022-06-26 05:00:00,1.802,87.8869202020844,TRUE
2022-06-26 07:00:00,1.8,87.6528023747898,TRUE
2022-06-26 08:00:00,1.813,89.1810895196716,TRUE
2022-06-26 09:00:00,1.808,88.5914618285597,TRUE
2022-06-26 10:00:00,1.786,86.0241722080923,TRUE
2022-06-26 11:00:00,1.799,87.5358801286873,TRUE
2022-06-26 12:00:00,1.784,85.7929651727663,TRUE
2022-06-26 13:00:00,1.781,85.4468354073464,TRUE
2022-06-26 14:00:00,1.79,86.4876762749513,TRUE
2022-06-26 15:00:00,1.785,85.9085232909542,TRUE
2022-06-26 16:00:00,1.791,86.6037794933844,TRUE
2022-06-26 17:00:00,1.798,87.4190489671502,TRUE
2022-06-26 18:00:00,1.78,85.3316402803677,TRUE
2022-06-26 19:00:00,1.77,84.184673942123,TRUE
2022-06-26 20:00:00,1.765,83.6145854850416,TRUE
2022-06-26 21:00:00,1.775,84.7570246849411,TRUE
2022-06-26 22:00:00,1.768,83.9563672288925,TRUE
2022-06-26 23:00:00,1.783,85.6774978330763,TRUE
2022-06-27,1.784,85.7929651727663,TRUE
2022-06-27 01:00:00,1.762,83.2736172385036,TRUE
2022-06-27 02:00:00,1.753,82.2555879185885,TRUE
2022-06-27 03:00:00,1.749,81.805475005101,TRUE
2022-06-27 04:00:00,1.744,81.2448600195775,TRUE
2022-06-27 05:00:00,1.748,81.693171974221,TRUE
2022-06-27 07:00:00,1.74,80.7979873402829,TRUE
2022-06-27 08:00:00,1.734,80.1303740572303,TRUE
2022-06-27 09:00:00,1.731,79.7977792810408,TRUE
2022-06-27 10:00:00,1.728,79.4659916658512,TRUE
2022-06-27 11:00:00,1.73,79.6870937525284,TRUE
2022-06-27 12:00:00,1.731,79.7977792810408,TRUE
2022-06-27 13:00:00,1.727,79.3555750660017,TRUE
2022-06-27 14:00:00,1.735,80.2414184489014,TRUE
2022-06-27 15:00:00,1.73,79.6870937525284,TRUE
2022-06-27 16:00:00,1.743,81.1330069695318,TRUE
2022-06-27 17:00:00,1.738,80.5750903139784,TRUE
2022-06-27 18:00:00,1.727,79.3555750660017,TRUE
2022-06-27 19:00:00,1.738,80.5750903139784,TRUE
2022-06-27 20:00:00,1.74,80.7979873402829,TRUE
2022-06-27 21:00:00,1.727,79.3555750660017,TRUE
2022-06-27 22:00:00,1.757,82.7071430886682,TRUE
2022-06-27 23:00:00,1.726,79.245248067343,TRUE
2022-06-28,1.703,76.7324089561456,TRUE
2022-06-28 01:00:00,1.689,75.2259475124693,TRUE
2022-06-28 02:00:00,1.709,77.3833778305217,TRUE
2022-06-28 03:00:00,1.698,76.1923852960928,TRUE
2022-06-28 04:00:00,1.716,78.1469015533822,TRUE
2022-06-28 05:00:00,1.703,76.7324089561456,TRUE
2022-06-28 07:00:00,1.705,76.9490419625914,TRUE
2022-06-28 08:00:00,1.712,77.7100665161519,TRUE
2022-06-28 09:00:00,1.702,76.6242261112354,TRUE
2022-06-28 10:00:00,1.69,75.3329739934103,TRUE
2022-06-28 11:00:00,1.684,74.6921467352017,TRUE
2022-06-28 12:00:00,1.698,76.1923852960928,TRUE
2022-06-28 13:00:00,1.703,76.7324089561456,TRUE
2022-06-28 14:00:00,1.69,75.3329739934103,TRUE
2022-06-28 15:00:00,1.701,76.516132343822,TRUE
2022-06-28 16:00:00,1.694,75.7619683732753,TRUE
2022-06-28 17:00:00,1.691,75.4400892988402,TRUE
2022-06-28 18:00:00,1.712,77.7100665161519,TRUE
2022-06-28 19:00:00,1.697,76.0846476281603,TRUE
2022-06-28 20:00:00,1.678,74.0545125891586,TRUE
2022-06-28 21:00:00,1.68,74.2667027966815,TRUE
2022-06-28 22:00:00,1.692,75.5472934498839,TRUE
2022-06-28 23:00:00,1.69,75.3329739934103,TRUE
2022-06-29,1.662,72.369730787476,TRUE
2022-06-29 01:00:00,1.663,72.4743670199275,TRUE
2022-06-29 02:00:00,1.673,73.5255866809021,TRUE
2022-06-29 03:00:00,1.671,73.3146357158253,TRUE
2022-06-29 04:00:00,1.697,76.0846476281603,TRUE
2022-06-29 05:00:00,1.662,72.369730787476,TRUE
2022-06-29 07:00:00,1.702,76.6242261112354,TRUE
2022-06-29 08:00:00,1.681,74.3729308090801,TRUE
2022-06-29 09:00:00,1.688,75.1190098348848,TRUE
2022-06-29 10:00:00,1.691,75.4400892988402,TRUE
2022-06-29 11:00:00,1.67,73.209292876451,TRUE
2022-06-29 12:00:00,1.688,75.1190098348848,TRUE
2022-06-29 13:00:00,1.685,74.798729410834,TRUE
2022-06-29 14:00:00,1.701,76.516132343822,TRUE
2022-06-29 15:00:00,1.672,73.4200669768862,TRUE
2022-06-29 16:00:00,1.692,75.5472934498839,TRUE
2022-06-29 17:00:00,1.686,74.9054008052183,TRUE
2022-06-29 18:00:00,1.696,75.9769989324346,TRUE
2022-06-29 19:00:00,1.696,75.9769989324346,TRUE
2022-06-29 20:00:00,1.713,77.819141291779,TRUE
2022-06-29 21:00:00,1.692,75.5472934498839,TRUE
2022-06-29 22:00:00,1.712,77.7100665161519,TRUE
2022-06-29 23:00:00,1.706,77.0574921661764,TRUE
2022-06-30,1.713,77.819141291779,TRUE
2022-06-30 01:00:00,1.71,77.4921848064964,TRUE
2022-06-30 02:00:00,1.695,75.8694391878355,TRUE
2022-06-30 03:00:00,1.693,75.654586467659,TRUE
2022-06-30 04:00:00,1.682,74.4792474555059,TRUE
2022-06-30 05:00:00,1.7,76.4081276328619,TRUE
2022-06-30 07:00:00,1.689,75.2259475124693,TRUE
2022-06-30 08:00:00,1.692,75.5472934498839,TRUE
2022-06-30 09:00:00,1.693,75.654586467659,TRUE
2022-06-30 10:00:00,1.689,75.2259475124693,TRUE
2022-06-30 11:00:00,1.697,76.0846476281603,TRUE
2022-06-30 12:00:00,1.683,74.5856527571515,TRUE
2022-06-30 13:00:00,1.681,74.3729308090801,TRUE
2022-06-30 14:00:00,1.687,75.0121609395169,TRUE
2022-06-30 15:00:00,1.71,77.4921848064964,TRUE
2022-06-30 16:00:00,1.687,75.0121609395169,TRUE
2022-06-30 17:00:00,1.685,74.798729410834,TRUE
2022-06-30 18:00:00,1.686,74.9054008052183,TRUE
2022-06-30 19:00:00,1.686,74.9054008052183,TRUE
2022-06-30 20:00:00,1.686,74.9054008052183,TRUE
2022-06-30 21:00:00,1.698,76.1923852960928,TRUE
2022-06-30 22:00:00,1.684,74.6921467352017,TRUE
2022-06-30 23:00:00,1.675,73.7368915028329,TRUE
2022-07-01,1.685,74.798729410834,TRUE
2022-07-01 01:00:00,1.683,74.5856527571515,TRUE
2022-07-01 02:00:00,1.679,74.1605633971102,TRUE
2022-07-01 03:00:00,1.67,73.209292876451,TRUE
2022-07-01 04:00:00,1.665,72.6839042599587,TRUE
2022-07-01 05:00:00,1.675,73.7368915028329,TRUE
2022-07-01 07:00:00,1.656,71.7437654739529,TRUE
2022-07-01 08:00:00,1.647,70.8107629252056,TRUE
2022-07-01 09:00:00,1.657,71.8478726471516,TRUE
2022-07-01 10:00:00,1.65,71.1209718224762,TRUE
2022-07-01 11:00:00,1.663,72.4743670199275,TRUE
2022-07-01 12:00:00,1.65,71.1209718224762,TRUE
2022-07-01 13:00:00,1.641,70.1927180925015,TRUE
2022-07-01 14:00:00,1.646,70.7075358059484,TRUE
2022-07-01 15:00:00,1.652,71.3282175846712,TRUE
2022-07-01 16:00:00,1.644,70.5013452084308,TRUE
2022-07-01 17:00:00,1.648,70.914077953412,TRUE
2022-07-01 18:00:00,1.655,71.6397464025003,TRUE
2022-07-01 19:00:00,1.652,71.3282175846712,TRUE
2022-07-01 20:00:00,1.661,72.265182784954,TRUE
2022-07-01 21:00:00,1.643,70.3983816872256,TRUE
2022-07-01 22:00:00,1.643,70.3983816872256,TRUE
2022-07-01 23:00:00,1.645,70.6043965741797,TRUE
2022-07-02,1.646,70.7075358059484,TRUE
2022-07-02 01:00:00,1.644,70.5013452084308,TRUE
2022-07-02 02:00:00,1.641,70.1927180925015,TRUE
2022-07-02 03:00:00,1.63,69.0678399790404,TRUE
2022-07-02 04:00:00,1.627,68.7628946508114,TRUE
2022-07-02 05:00:00,1.634,69.4756594533719,TRUE
2022-07-02 07:00:00,1.626,68.6614211933679,TRUE
2022-07-02 08:00:00,1.612,67.2499658841416,TRUE
2022-07-02 09:00:00,1.632,69.2715745437781,TRUE
2022-07-02 10:00:00,1.619,67.9535545651765,TRUE
2022-07-02 11:00:00,1.63,69.0678399790404,TRUE
2022-07-02 12:00:00,1.618,67.8527801547651,TRUE
2022-07-02 13:00:00,1.601,66.1529518134095,TRUE
2022-07-02 14:00:00,1.612,67.2499658841416,TRUE
2022-07-02 15:00:00,1.616,67.6514931624347,TRUE
2022-07-02 16:00:00,1.61,67.0497252506892,TRUE
2022-07-02 17:00:00,1.619,67.9535545651765,TRUE
2022-07-02 18:00:00,1.615,67.5509805371275,TRUE
2022-07-02 19:00:00,1.623,68.3575254742819,TRUE
2022-07-02 20:00:00,1.616,67.6514931624347,TRUE
2022-07-02 21:00:00,1.621,68.1553653229012,TRUE
2022-07-02 22:00:00,1.628,68.8644555864991,TRUE
2022-07-02 23:00:00,1.607,66.750017568472,TRUE
2022-07-03,1.619,67.9535545651765,TRUE
2022-07-03 01:00:00,1.612,67.2499658841416,TRUE
2022-07-03 02:00:00,1.602,66.2522453614357,TRUE
2022-07-03 03:00:00,1.594,65.4603293342093,TRUE
2022-07-03 04:00:00,1.589,64.9682022468671,TRUE
2022-07-03 05:00:00,1.602,66.2522453614357,TRUE
2022-07-03 07:00:00,1.59,65.0664542744943,TRUE
2022-07-03 08:00:00,1.602,66.2522453614357,TRUE
2022-07-03 09:00:00,1.586,64.6739659828591,TRUE
2022-07-03 10:00:00,1.611,67.1498020017177,TRUE
2022-07-03 11:00:00,1.616,67.6514931624347,TRUE
2022-07-03 12:00:00,1.623,68.3575254742819,TRUE
2022-07-03 13:00:00,1.587,64.7719581229796,TRUE
2022-07-03 14:00:00,1.592,65.2632183707041,TRUE
2022-07-03 15:00:00,1.6,66.053745178951,TRUE
2022-07-03 16:00:00,1.62,68.0544162806638,TRUE
2022-07-03 17:00:00,1.613,67.3502169196991,TRUE
2022-07-03 18:00:00,1.593,65.3617304830972,TRUE
2022-07-03 19:00:00,1.597,65.7566465386654,TRUE
2022-07-03 20:00:00,1.607,66.750017568472,TRUE
2022-07-03 21:00:00,1.62,68.0544162806638,TRUE
2022-07-03 22:00:00,1.608,66.8498330558248,TRUE
2022-07-03 23:00:00,1.598,65.8555925634186,TRUE
2022-07-04,1.6,66.053745178951,TRUE
2022-07-04 01:00:00,1.611,67.1498020017177,TRUE
2022-07-04 02:00:00,1.62,68.0544162806638,TRUE
2022-07-04 03:00:00,1.608,66.8498330558248,TRUE
2022-07-04 04:00:00,1.605,66.5506477050723,TRUE
2022-07-04 05:00:00,1.609,66.9497356093097,TRUE
2022-07-04 07:00:00,1.616,67.6514931624347,TRUE
2022-07-04 08:00:00,1.615,67.5509805371275,TRUE
2022-07-04 09:00:00,1.607,66.750017568472,TRUE
2022-07-04 10:00:00,1.598,65.8555925634186,TRUE
2022-07-04 11:00:00,1.611,67.1498020017177,TRUE
2022-07-04 12:00:00,1.609,66.9497356093097,TRUE
2022-07-04 13:00:00,1.61,67.0497252506892,TRUE
2022-07-04 14:00:00,1.598,65.8555925634186,TRUE
2022-07-04 15:00:00,1.604,66.45109328546,TRUE
2022-07-04 16:00:00,1.592,65.2632183707041,TRUE
2022-07-04 17:00:00,1.61,67.0497252506892,TRUE
2022-07-04 18:00:00,1.598,65.8555925634186,TRUE
2022-07-04 19:00:00,1.599,65.9546254362326,TRUE
2022-07-04 20:00:00,1.612,67.2499658841416,TRUE
2022-07-04 21:00:00,1.607,66.750017568472,TRUE
2022-07-04 22:00:00,1.588,64.8700368703375,TRUE
2022-07-04 23:00:00,1.595,65.559014945925,TRUE
2022-07-05,1.576,63.6988031482746,TRUE
2022-07-05 01:00:00,1.59,65.0664542744943,TRUE
2022-07-05 02:00:00,1.586,64.6739659828591,TRUE
2022-07-05 03:00:00,1.587,64.7719581229796,TRUE
2022-07-05 04:00:00,1.589,64.9682022468671,TRUE
2022-07-05 05:00:00,1.582,64.2828630557791,TRUE
2022-07-05 07:00:00,1.586,64.6739659828591,TRUE
2022-07-05 08:00:00,1.582,64.2828630557791,TRUE
2022-07-05 09:00:00,1.59,65.0664542744943,TRUE
2022-07-05 10:00:00,1.58,64.0878306647668,TRUE
2022-07-05 11:00:00,1.565,62.6360983785504,TRUE
2022-07-05 12:00:00,1.572,63.3111574782394,TRUE
2022-07-05 13:00:00,1.581,64.1853036225437,TRUE
2022-07-05 14:00:00,1.58,64.0878306647668,TRUE
2022-07-05 15:00:00,1.574,63.5048076705857,TRUE
2022-07-05 16:00:00,1.576,63.6988031482746,TRUE
2022-07-05 17:00:00,1.575,63.6017622377401,TRUE
2022-07-05 18:00:00,1.584,64.4782414365527,TRUE
2022-07-05 19:00:00,1.581,64.1853036225437,TRUE
2022-07-05 20:00:00,1.565,62.6360983785504,TRUE
2022-07-05 21:00:00,1.566,62.7322768481948,TRUE
2022-07-05 22:00:00,1.573,63.407939424769,TRUE
2022-07-05 23:00:00,1.566,62.7322768481948,TRUE
2022-07-06,1.569,63.0213292137404,TRUE
2022-07-06 01:00:00,1.57,63.1178523947968,TRUE
2022-07-06 02:00:00,1.562,62.3480796165771,TRUE
2022-07-06 03:00:00,1.562,62.3480796165771,TRUE
2022-07-06 04:00:00,1.555,61.6790467702936,TRUE
2022-07-06 05:00:00,1.561,62.2522455044563,TRUE
2022-07-06 07:00:00,1.549,61.108940468813,TRUE
2022-07-06 08:00:00,1.56,62.156497426358,TRUE
2022-07-06 09:00:00,1.558,61.9652592835789,TRUE
2022-07-06 10:00:00,1.559,62.0608353601218,TRUE
2022-07-06 11:00:00,1.554,61.5838144306651,TRUE
2022-07-06 12:00:00,1.542,60.4477185343303,TRUE
2022-07-06 13:00:00,1.547,60.9195914125412,TRUE
2022-07-06 14:00:00,1.541,60.353600882464,TRUE
2022-07-06 15:00:00,1.563,62.4439997848721,TRUE
2022-07-06 16:00:00,1.559,62.0608353601218,TRUE
2022-07-06 17:00:00,1.541,60.353600882464,TRUE
2022-07-06 18:00:00,1.566,62.7322768481948,TRUE
2022-07-06 19:00:00,1.565,62.6360983785504,TRUE
2022-07-06 20:00:00,1.561,62.2522455044563,TRUE
2022-07-06 21:00:00,1.542,60.4477185343303,TRUE
2022-07-06 22:00:00,1.54,60.2595688197889,TRUE
2022-07-06 23:00:00,1.562,62.3480796165771,TRUE
2022-07-07,1.544,60.6362106949208,TRUE
2022-07-07 01:00:00,1.551,61.2986325952185,TRUE
2022-07-07 02:00:00,1.533,59.6037390014375,TRUE
2022-07-07 03:00:00,1.544,60.6362106949208,TRUE
2022-07-07 04:00:00,1.538,60.0717613726756,TRUE
2022-07-07 05:00:00,1.542,60.4477185343303,TRUE
2022-07-07 07:00:00,1.525,58.8593433761755,TRUE
2022-07-07 08:00:00,1.537,59.9779859435475,TRUE
2022-07-07 09:00:00,1.544,60.6362106949208,TRUE
2022-07-07 10:00:00,1.534,59.6971725655555,TRUE
2022-07-07 11:00:00,1.539,60.165622323973,TRUE
2022-07-07 12:00:00,1.522,58.5816019427376,TRUE
2022-07-07 13:00:00,1.523,58.6740972271751,TRUE
2022-07-07 14:00:00,1.54,60.2595688197889,TRUE
2022-07-07 15:00:00,1.524,58.7666776974942,TRUE
2022-07-07 16:00:00,1.531,59.4171280816764,TRUE
2022-07-07 17:00:00,1.525,58.8593433761755,TRUE
2022-07-07 18:00:00,1.526,58.952094285691,TRUE
2022-07-07 19:00:00,1.527,59.0449304485035,TRUE
2022-07-07 20:00:00,1.518,58.2124722138821,TRUE
2022-07-07 21:00:00,1.52,58.3968668415409,TRUE
2022-07-07 22:00:00,1.525,58.8593433761755,TRUE
2022-07-07 23:00:00,1.531,59.4171280816764,TRUE
2022-07-08,1.522,58.5816019427376,TRUE
2022-07-08 01:00:00,1.509,57.3869049154809,TRUE
2022-07-08 02:00:00,1.503,56.8403468918638,TRUE
2022-07-08 03:00:00,1.515,57.9365182661311,TRUE
2022-07-08 04:00:00,1.508,57.2955998679586,TRUE
2022-07-08 05:00:00,1.504,56.9312279276688,TRUE
2022-07-08 07:00:00,1.497,56.2968393057899,TRUE
2022-07-08 08:00:00,1.504,56.9312279276688,TRUE
2022-07-08 09:00:00,1.5,56.5682121001827,TRUE
2022-07-08 10:00:00,1.501,56.6588390007932,TRUE
2022-07-08 11:00:00,1.505,57.0221937205353,TRUE
2022-07-08 12:00:00,1.501,56.6588390007932,TRUE
2022-07-08 13:00:00,1.512,57.6613293697882,TRUE
2022-07-08 14:00:00,1.504,56.9312279276688,TRUE
2022-07-08 15:00:00,1.497,56.2968393057899,TRUE
2022-07-08 16:00:00,1.508,57.2955998679586,TRUE
2022-07-08 17:00:00,1.501,56.6588390007932,TRUE
2022-07-08 18:00:00,1.511,57.5697696437951,TRUE
2022-07-08 19:00:00,1.504,56.9312279276688,TRUE
2022-07-08 20:00:00,1.498,56.3872122753807,TRUE
2022-07-08 21:00:00,1.498,56.3872122753807,TRUE
2022-07-08 22:00:00,1.5,56.5682121001827,TRUE
2022-07-08 23:00:00,1.518,58.2124722138821,TRUE
2022-07-09,1.504,56.9312279276688,TRUE
2022-07-09 01:00:00,1.495,56.1163471386627,TRUE
2022-07-09 02:00:00,1.491,55.7563772560829,TRUE
2022-07-09 03:00:00,1.5,56.5682121001827,TRUE
2022-07-09 04:00:00,1.497,56.2968393057899,TRUE
2022-07-09 05:00:00,1.49,55.6665959968175,TRUE
2022-07-09 07:00:00,1.485,55.2189558298052,TRUE
2022-07-09 08:00:00,1.49,55.6665959968175,TRUE
2022-07-09 09:00:00,1.489,55.5768991765638,TRUE
2022-07-09 10:00:00,1.489,55.5768991765638,TRUE
2022-07-09 11:00:00,1.483,55.0404901976215,TRUE
2022-07-09 12:00:00,1.484,55.1296808626346,TRUE
2022-07-09 13:00:00,1.493,55.9361931827472,TRUE
2022-07-09 14:00:00,1.493,55.9361931827472,TRUE
2022-07-09 15:00:00,1.482,54.9513838119247,TRUE
2022-07-09 16:00:00,1.478,54.5958006051544,TRUE
2022-07-09 17:00:00,1.488,55.4872867725355,TRUE
2022-07-09 18:00:00,1.496,56.206550934458,TRUE
2022-07-09 19:00:00,1.497,56.2968393057899,TRUE
2022-07-09 20:00:00,1.489,55.5768991765638,TRUE
2022-07-09 21:00:00,1.478,54.5958006051544,TRUE
2022-07-09 22:00:00,1.485,55.2189558298052,TRUE
2022-07-09 23:00:00,1.493,55.9361931827472,TRUE
2022-07-10,1.491,55.7563772560829,TRUE
2022-07-10 01:00:00,1.485,55.2189558298052,TRUE
2022-07-10 02:00:00,1.472,54.0649502856956,TRUE
2022-07-10 03:00:00,1.479,54.6845701021821,TRUE
2022-07-10 04:00:00,1.475,54.3299970123078,TRUE
2022-07-10 05:00:00,1.478,54.5958006051544,TRUE
2022-07-10 07:00:00,1.467,53.6248859841564,TRUE
2022-07-10 08:00:00,1.471,53.9767694623189,TRUE
2022-07-10 09:00:00,1.475,54.3299970123078,TRUE
2022-07-10 10:00:00,1.467,53.6248859841564,TRUE
2022-07-10 11:00:00,1.469,53.8006598061062,TRUE
2022-07-10 12:00:00,1.473,54.1532151365255,TRUE
2022-07-10 13:00:00,1.473,54.1532151365255,TRUE
2022-07-10 14:00:00,1.461,53.0995776843268,TRUE
2022-07-10 15:00:00,1.469,53.8006598061062,TRUE
2022-07-10 16:00:00,1.476,54.4185140831185,TRUE
2022-07-10 17:00:00,1.476,54.4185140831185,TRUE
2022-07-10 18:00:00,1.48,54.7734237870692,TRUE
2022-07-10 19:00:00,1.479,54.6845701021821,TRUE
2022-07-10 20:00:00,1.471,53.9767694623189,TRUE
2022-07-10 21:00:00,1.468,53.7127309273375,TRUE
2022-07-10 22:00:00,1.476,54.4185140831185,TRUE
2022-07-10 23:00:00,1.477,54.5071152730987,TRUE
2022-07-11,1.467,53.6248859841564,TRUE
2022-07-11 01:00:00,1.461,53.0995776843268,TRUE
2022-07-11 02:00:00,1.469,53.8006598061062,TRUE
2022-07-11 03:00:00,1.473,54.1532151365255,TRUE
2022-07-11 04:00:00,1.465,53.4494478125888,TRUE
2022-07-11 05:00:00,1.466,53.5371249535732,TRUE
2022-07-11 07:00:00,1.464,53.3618545381945,TRUE
2022-07-11 08:00:00,1.466,53.5371249535732,TRUE
2022-07-11 09:00:00,1.465,53.4494478125888,TRUE
2022-07-11 10:00:00,1.455,52.5772852641406,TRUE
2022-07-11 11:00:00,1.448,51.9717491926667,TRUE
2022-07-11 12:00:00,1.46,53.0123196460201,TRUE
2022-07-11 13:00:00,1.452,52.3172684515425,TRUE
2022-07-11 14:00:00,1.457,52.7510479472691,TRUE
2022-07-11 15:00:00,1.458,52.838054800561,TRUE
2022-07-11 16:00:00,1.457,52.7510479472691,TRUE
2022-07-11 17:00:00,1.454,52.4905293881077,TRUE
2022-07-11 18:00:00,1.447,51.8855781208588,TRUE
2022-07-11 19:00:00,1.452,52.3172684515425,TRUE
2022-07-11 20:00:00,1.45,52.1443417814508,TRUE
2022-07-11 21:00:00,1.448,51.9717491926667,TRUE
2022-07-11 22:00:00,1.443,51.541728109895,TRUE
2022-07-11 23:00:00,1.447,51.8855781208588,TRUE
2022-07-12,1.441,51.3703033452958,TRUE
2022-07-12 01:00:00,1.428,50.2641569305312,TRUE
2022-07-12 02:00:00,1.436,50.9431989788281,TRUE
2022-07-12 03:00:00,1.431,50.5181744922372,TRUE
2022-07-12 04:00:00,1.423,49.8424541874806,TRUE
2022-07-12 05:00:00,1.426,50.0952269712308,TRUE
2022-07-12 07:00:00,1.421,49.6743534954207,TRUE
2022-07-12 08:00:00,1.423,49.8424541874806,TRUE
2022-07-12 09:00:00,1.424,49.9266288592306,TRUE
2022-07-12 10:00:00,1.419,49.5065841824183,TRUE
2022-07-12 11:00:00,1.418,49.4228237344533,TRUE
2022-07-12 12:00:00,1.414,49.088609451953,TRUE
2022-07-12 13:00:00,1.418,49.4228237344533,TRUE
2022-07-12 14:00:00,1.416,49.2555511382888,TRUE
2022-07-12 15:00:00,1.418,49.4228237344533,TRUE
2022-07-12 16:00:00,1.422,49.7583624073513,TRUE
2022-07-12 17:00:00,1.411,48.8388169671527,TRUE
2022-07-12 18:00:00,1.418,49.4228237344533,TRUE
2022-07-12 19:00:00,1.422,49.7583624073513,TRUE
2022-07-12 20:00:00,1.415,49.1720389431366,TRUE
2022-07-12 21:00:00,1.413,49.0052626412368,TRUE
2022-07-12 22:00:00,1.416,49.2555511382888,TRUE
2022-07-12 23:00:00,1.414,49.088609451953,TRUE
2022-07-13,1.411,48.8388169671527,TRUE
2022-07-13 01:00:00,1.407,48.5069167494416,TRUE
2022-07-13 02:00:00,1.417,49.3391460609006,TRUE
2022-07-13 03:00:00,1.399,47.8470755559588,TRUE
2022-07-13 04:00:00,1.396,47.6009941496968,TRUE
2022-07-13 05:00:00,1.398,47.7649661253381,TRUE
2022-07-13 07:00:00,1.396,47.6009941496968,TRUE
2022-07-13 08:00:00,1.395,47.5191315573228,TRUE
2022-07-13 09:00:00,1.394,47.437351196994,TRUE
2022-07-13 10:00:00,1.38,46.301047225429,TRUE
2022-07-13 11:00:00,1.396,47.6009941496968,TRUE
2022-07-13 12:00:00,1.393,47.3556530450084,TRUE
2022-07-13 13:00:00,1.36,44.7055771765387,TRUE
2022-07-13 14:00:00,1.405,48.3414618289202,TRUE
2022-07-13 15:00:00,1.423,49.8424541874806,TRUE
2022-07-13 16:00:00,1.397,47.682938997808,TRUE
2022-07-13 17:00:00,1.375,45.8991168545009,TRUE
2022-07-13 18:00:00,1.379,46.2204974958154,TRUE
2022-07-13 19:00:00,1.398,47.7649661253381,TRUE
2022-07-13 20:00:00,1.389,47.0296820461005,TRUE
2022-07-13 21:00:00,1.37,45.4992303845126,TRUE
2022-07-13 22:00:00,1.359,44.6266599321877,TRUE
2022-07-13 23:00:00,1.365,45.1013848243937,TRUE
2022-07-14,1.382,46.4623923348252,TRUE
2022-07-14 01:00:00,1.385,46.70502448187,TRUE
2022-07-14 02:00:00,1.373,45.7389171657468,TRUE
2022-07-14 03:00:00,1.355,44.3118044367686,TRUE
2022-07-14 04:00:00,1.356,44.3903963364983,TRUE
2022-07-14 05:00:00,1.361,44.7845758172342,TRUE
2022-07-14 07:00:00,1.361,44.7845758172342,TRUE
2022-07-14 08:00:00,1.344,43.45265243872,TRUE
2022-07-14 09:00:00,1.355,44.3118044367686,TRUE
2022-07-14 10:00:00,1.37,45.4992303845126,TRUE
2022-07-14 11:00:00,1.366,45.1807908074186,TRUE
2022-07-14 12:00:00,1.358,44.5478240601163,TRUE
2022-07-14 13:00:00,1.356,44.3903963364983,TRUE
2022-07-14 14:00:00,1.362,44.8636558783288,TRUE
2022-07-14 15:00:00,1.375,45.8991168545009,TRUE
2022-07-14 16:00:00,1.368,45.3398474189999,TRUE
2022-07-14 17:00:00,1.357,44.4690695362485,TRUE
2022-07-14 18:00:00,1.354,44.233293812952,TRUE
2022-07-14 19:00:00,1.359,44.6266599321877,TRUE
2022-07-14 20:00:00,1.364,45.0220603578804,TRUE
2022-07-14 21:00:00,1.359,44.6266599321877,TRUE
2022-07-14 22:00:00,1.354,44.233293812952,TRUE
2022-07-14 23:00:00,1.349,43.8419589880551,TRUE
2022-07-15,1.36,44.7055771765387,TRUE
2022-07-15 01:00:00,1.356,44.3903963364983,TRUE
2022-07-15 02:00:00,1.348,43.7639355128617,TRUE
2022-07-15 03:00:00,1.345,43.5303516316681,TRUE
2022-07-15 04:00:00,1.335,42.7570022427139,TRUE
2022-07-15 05:00:00,1.337,42.9110250108071,TRUE
2022-07-15 07:00:00,1.333,42.6033026406525,TRUE
2022-07-15 08:00:00,1.331,42.4499260099099,TRUE
2022-07-15 09:00:00,1.325,41.9917319958393,TRUE
2022-07-15 10:00:00,1.339,43.0653711394711,TRUE
2022-07-15 11:00:00,1.332,42.5265739660427,TRUE
2022-07-15 12:00:00,1.333,42.6033026406525,TRUE
2022-07-15 13:00:00,1.335,42.7570022427139,TRUE
2022-07-15 14:00:00,1.333,42.6033026406525,TRUE
2022-07-15 15:00:00,1.331,42.4499260099099,TRUE
2022-07-15 16:00:00,1.338,42.9881576429159,TRUE
2022-07-15 17:00:00,1.337,42.9110250108071,TRUE
2022-07-15 18:00:00,1.321,41.6878805987609,TRUE
2022-07-15 19:00:00,1.314,41.1592370289292,TRUE
2022-07-15 20:00:00,1.335,42.7570022427139,TRUE
2022-07-15 21:00:00,1.337,42.9110250108071,TRUE
2022-07-15 22:00:00,1.33,42.3733587478875,TRUE
2022-07-15 23:00:00,1.311,40.9338801626178,TRUE
2022-07-16,1.321,41.6878805987609,TRUE
2022-07-16 01:00:00,1.336,42.8339732188438,TRUE
2022-07-16 02:00:00,1.342,43.2974970586627,TRUE
2022-07-16 03:00:00,1.32,41.6121189352726,TRUE
2022-07-16 04:00:00,1.301,40.1879001636424,TRUE
2022-07-16 05:00:00,1.309,40.7840433150259,TRUE
2022-07-16 07:00:00,1.329,42.2968721555981,TRUE
2022-07-16 08:00:00,1.305,40.485331285845,TRUE
2022-07-16 09:00:00,1.29,39.3765563465143,TRUE
2022-07-16 10:00:00,1.301,40.1879001636424,TRUE
2022-07-16 11:00:00,1.313,41.0840378280553,TRUE
2022-07-16 12:00:00,1.319,41.5364376971382,TRUE
2022-07-16 13:00:00,1.301,40.1879001636424,TRUE
2022-07-16 14:00:00,1.293,39.5968743182118,TRUE
2022-07-16 15:00:00,1.295,39.7441517243961,TRUE
2022-07-16 16:00:00,1.311,40.9338801626178,TRUE
2022-07-16 17:00:00,1.309,40.7840433150259,TRUE
2022-07-16 18:00:00,1.298,39.9656664669778,TRUE
2022-07-16 19:00:00,1.288,39.2300761675938,TRUE
2022-07-16 20:00:00,1.297,39.8917483686549,TRUE
2022-07-16 21:00:00,1.314,41.1592370289292,TRUE
2022-07-16 22:00:00,1.315,41.2345165079977,TRUE
2022-07-16 23:00:00,1.298,39.9656664669778,TRUE
2022-07-17,1.293,39.5968743182118,TRUE
2022-07-17 01:00:00,1.297,39.8917483686549,TRUE
2022-07-17 02:00:00,1.294,39.6704731289335,TRUE
2022-07-17 03:00:00,1.299,40.0396644490954,TRUE
2022-07-17 04:00:00,1.279,38.5748544614307,TRUE
2022-07-17 05:00:00,1.286,39.0839145319274,TRUE
2022-07-17 07:00:00,1.294,39.6704731289335,TRUE
2022-07-17 08:00:00,1.283,38.8652689118092,TRUE
2022-07-17 09:00:00,1.276,38.3578775332061,TRUE
2022-07-17 10:00:00,1.272,38.0696855594861,TRUE
2022-07-17 11:00:00,1.277,38.4301238059149,TRUE
2022-07-17 12:00:00,1.285,39.0109531056547,TRUE
2022-07-17 13:00:00,1.277,38.4301238059149,TRUE
2022-07-17 14:00:00,1.271,37.9978357202435,TRUE
2022-07-17 15:00:00,1.27,37.9260650925983,TRUE
2022-07-17 16:00:00,1.273,38.1416146353736,TRUE
2022-07-17 17:00:00,1.274,38.213622972942,TRUE
2022-07-17 18:00:00,1.27,37.9260650925983,TRUE
2022-07-17 19:00:00,1.277,38.4301238059149,TRUE
2022-07-17 20:00:00,1.271,37.9978357202435,TRUE
2022-07-17 21:00:00,1.272,38.0696855594861,TRUE
2022-07-17 22:00:00,1.278,38.5024494403307,TRUE
2022-07-17 23:00:00,1.277,38.4301238059149,TRUE
2022-07-18,1.267,37.7112282285929,TRUE
2022-07-18 01:00:00,1.263,37.4258865173237,TRUE
2022-07-18 02:00:00,1.258,37.0709869319627,TRUE
2022-07-18 03:00:00,1.256,36.9295794684463,TRUE
2022-07-18 04:00:00,1.252,36.6477103529394,TRUE
2022-07-18 05:00:00,1.254,36.7884873427561,TRUE
2022-07-18 07:00:00,1.25,36.507248296851,TRUE
2022-07-18 08:00:00,1.254,36.7884873427561,TRUE
2022-07-18 09:00:00,1.28,38.6473388941805,TRUE
2022-07-18 10:00:00,1.291,39.4499159518114,TRUE
2022-07-18 11:00:00,1.263,37.4258865173237,TRUE
2022-07-18 12:00:00,1.238,35.6710782240686,TRUE
2022-07-18 13:00:00,1.262,37.3547486793236,TRUE
2022-07-18 14:00:00,1.266,37.6397741966243,TRUE
2022-07-18 15:00:00,1.267,37.7112282285929,TRUE
2022-07-18 16:00:00,1.248,36.3671009721521,TRUE
2022-07-18 17:00:00,1.217,34.2349121106485,TRUE
2022-07-18 18:00:00,1.256,36.9295794684463,TRUE
2022-07-18 19:00:00,1.281,38.719902763534,TRUE
2022-07-18 20:00:00,1.263,37.4258865173237,TRUE
2022-07-18 21:00:00,1.229,35.0513598147481,TRUE
2022-07-18 22:00:00,1.228,34.9828932979904,TRUE
2022-07-18 23:00:00,1.252,36.6477103529394,TRUE
2022-07-19,1.268,37.7827613718501,TRUE
2022-07-19 01:00:00,1.247,36.2971452707901,TRUE
2022-07-19 02:00:00,1.224,34.7098082070511,TRUE
2022-07-19 03:00:00,1.219,34.3702071186837,TRUE
2022-07-19 04:00:00,1.233,35.3260076249203,TRUE
2022-07-19 05:00:00,1.252,36.6477103529394,TRUE
2022-07-19 07:00:00,1.215,34.0999284670775,TRUE
2022-07-19 08:00:00,1.216,34.1673813811628,TRUE
2022-07-19 09:00:00,1.235,35.4638009333693,TRUE
2022-07-19 10:00:00,1.236,35.5328150277173,TRUE
2022-07-19 11:00:00,1.226,34.8461946084827,TRUE
2022-07-19 12:00:00,1.217,34.2349121106485,TRUE
2022-07-19 13:00:00,1.214,34.032553342661,TRUE
2022-07-19 14:00:00,1.232,35.2572283598191,TRUE
2022-07-19 15:00:00,1.239,35.740327376998,TRUE
2022-07-19 16:00:00,1.234,35.3948651409349,TRUE
2022-07-19 17:00:00,1.222,34.5737338888,TRUE
2022-07-19 18:00:00,1.227,34.9145049044288,TRUE
2022-07-19 19:00:00,1.235,35.4638009333693,TRUE
2022-07-19 20:00:00,1.244,36.0877497066004,TRUE
2022-07-19 21:00:00,1.228,34.9828932979904,TRUE
2022-07-19 22:00:00,1.219,34.3702071186837,TRUE
2022-07-19 23:00:00,1.219,34.3702071186837,TRUE
2022-07-20,1.224,34.7098082070511,TRUE
2022-07-20 01:00:00,1.231,35.1885273201128,TRUE
2022-07-20 02:00:00,1.209,33.6968436641223,TRUE
2022-07-20 03:00:00,1.205,33.4296735060337,TRUE
2022-07-20 04:00:00,1.208,33.6299347366474,TRUE
2022-07-20 05:00:00,1.209,33.6968436641223,TRUE
2022-07-20 07:00:00,1.203,33.2965537203073,TRUE
2022-07-20 08:00:00,1.199,33.0312437003625,TRUE
2022-07-20 09:00:00,1.195,32.7671716998527,TRUE
2022-07-20 10:00:00,1.205,33.4296735060337,TRUE
2022-07-20 11:00:00,1.201,33.1637438541607,TRUE
2022-07-20 12:00:00,1.195,32.7671716998527,TRUE
2022-07-20 13:00:00,1.196,32.8330737264914,TRUE
2022-07-20 14:00:00,1.19,32.4388201317902,TRUE
2022-07-20 15:00:00,1.201,33.1637438541607,TRUE
2022-07-20 16:00:00,1.202,33.2301100602336,TRUE
2022-07-20 17:00:00,1.206,33.4963496834428,TRUE
2022-07-20 18:00:00,1.203,33.2965537203073,TRUE
2022-07-20 19:00:00,1.201,33.1637438541607,TRUE
2022-07-20 20:00:00,1.206,33.4963496834428,TRUE
2022-07-20 21:00:00,1.207,33.5631034183653,TRUE
2022-07-20 22:00:00,1.2,33.0974550761781,TRUE
2022-07-20 23:00:00,1.193,32.6355994376437,TRUE
2022-07-21,1.19,32.4388201317902,TRUE
2022-07-21 01:00:00,1.191,32.5043360567872,TRUE
2022-07-21 02:00:00,1.19,32.4388201317902,TRUE
2022-07-21 03:00:00,1.177,31.5941235476048,TRUE
2022-07-21 04:00:00,1.187,32.2427351058454,TRUE
2022-07-21 05:00:00,1.184,32.0473436556629,TRUE
2022-07-21 07:00:00,1.174,31.4010389174225,TRUE
2022-07-21 08:00:00,1.176,31.5296852368693,TRUE
2022-07-21 09:00:00,1.174,31.4010389174225,TRUE
2022-07-21 10:00:00,1.175,31.4653237022257,TRUE
2022-07-21 11:00:00,1.167,30.9531922113893,TRUE
2022-07-21 12:00:00,1.166,30.8895204786455,TRUE
2022-07-21 13:00:00,1.167,30.9531922113893,TRUE
2022-07-21 14:00:00,1.173,31.3368308561948,TRUE
2022-07-21 15:00:00,1.179,31.7232306022915,TRUE
2022-07-21 16:00:00,1.177,31.5941235476048,TRUE
2022-07-21 17:00:00,1.186,32.1775275932809,TRUE
2022-07-21 18:00:00,1.181,31.8526450760316,TRUE
2022-07-21 19:00:00,1.175,31.4653237022257,TRUE
2022-07-21 20:00:00,1.176,31.5296852368693,TRUE
2022-07-21 21:00:00,1.177,31.5941235476048,TRUE
2022-07-21 22:00:00,1.178,31.6586386606706,TRUE
2022-07-21 23:00:00,1.166,30.8895204786455,TRUE
2022-07-22,1.173,31.3368308561948,TRUE
2022-07-22 01:00:00,1.172,31.2726994922642,TRUE
2022-07-22 02:00:00,1.168,31.0169404834782,TRUE
2022-07-22 03:00:00,1.158,30.3828988655792,TRUE
2022-07-22 04:00:00,1.157,30.319914798553,TRUE
2022-07-22 05:00:00,1.154,30.1314201414813,TRUE
2022-07-22 07:00:00,1.153,30.0687410153853,TRUE
2022-07-22 08:00:00,1.157,30.319914798553,TRUE
2022-07-22 09:00:00,1.147,29.6942648753388,TRUE
2022-07-22 10:00:00,1.151,29.9436112433067,TRUE
2022-07-22 11:00:00,1.151,29.9436112433067,TRUE
2022-07-22 12:00:00,1.148,29.7564873868111,TRUE
2022-07-22 13:00:00,1.146,29.63211837317,TRUE
2022-07-22 14:00:00,1.148,29.7564873868111,TRUE
2022-07-22 15:00:00,1.141,29.3225250687567,TRUE
2022-07-22 16:00:00,1.149,29.8187859342195,TRUE
2022-07-22 17:00:00,1.146,29.63211837317,TRUE
2022-07-22 18:00:00,1.148,29.7564873868111,TRUE
2022-07-22 19:00:00,1.147,29.6942648753388,TRUE
2022-07-22 20:00:00,1.142,29.3842919243868,TRUE
2022-07-22 21:00:00,1.144,29.5080532901419,TRUE
2022-07-22 22:00:00,1.149,29.8187859342195,TRUE
2022-07-22 23:00:00,1.154,30.1314201414813,TRUE
2022-07-23,1.151,29.9436112433067,TRUE
2022-07-23 01:00:00,1.143,29.4461346559477,TRUE
2022-07-23 02:00:00,1.135,28.9535158324252,TRUE
2022-07-23 03:00:00,1.132,28.7700333721398,TRUE
2022-07-23 04:00:00,1.136,29.0148279940051,TRUE
2022-07-23 05:00:00,1.147,29.6942648753388,TRUE
2022-07-23 07:00:00,1.125,28.3445526616731,TRUE
2022-07-23 08:00:00,1.124,28.284071597771,TRUE
2022-07-23 09:00:00,1.124,28.284071597771,TRUE
2022-07-23 10:00:00,1.131,28.7090238040996,TRUE
2022-07-23 11:00:00,1.115,27.7431314625027,TRUE
2022-07-23 12:00:00,1.115,27.7431314625027,TRUE
2022-07-23 13:00:00,1.113,27.6237498838527,TRUE
2022-07-23 14:00:00,1.118,27.9227675202646,TRUE
2022-07-23 15:00:00,1.12,28.0429010011436,TRUE
2022-07-23 16:00:00,1.118,27.9227675202646,TRUE
2022-07-23 17:00:00,1.12,28.0429010011436,TRUE
2022-07-23 18:00:00,1.117,27.8628136395945,TRUE
2022-07-23 19:00:00,1.12,28.0429010011436,TRUE
2022-07-23 20:00:00,1.117,27.8628136395945,TRUE
2022-07-23 21:00:00,1.113,27.6237498838527,TRUE
2022-07-23 22:00:00,1.117,27.8628136395945,TRUE
2022-07-23 23:00:00,1.114,27.6834031119214,TRUE
2022-07-24,1.12,28.0429010011436,TRUE
2022-07-24 01:00:00,1.115,27.7431314625027,TRUE
2022-07-24 02:00:00,1.108,27.326609631622,TRUE
2022-07-24 03:00:00,1.104,27.0902468653183,TRUE
2022-07-24 04:00:00,1.103,27.0313433685765,TRUE
2022-07-24 05:00:00,1.103,27.0313433685765,TRUE
2022-07-24 07:00:00,1.101,26.9137608181057,TRUE
2022-07-24 08:00:00,1.095,26.5628067449423,TRUE
2022-07-24 09:00:00,1.094,26.5045756758324,TRUE
2022-07-24 10:00:00,1.092,26.3883372423922,TRUE
2022-07-24 11:00:00,1.088,26.1567544265788,TRUE
2022-07-24 12:00:00,1.087,26.0990448230783,TRUE
2022-07-24 13:00:00,1.083,25.8689499858287,TRUE
2022-07-24 14:00:00,1.085,25.98384874416,TRUE
2022-07-24 15:00:00,1.088,26.1567544265788,TRUE
2022-07-24 16:00:00,1.092,26.3883372423922,TRUE
2022-07-24 17:00:00,1.09,26.2723968991721,TRUE
2022-07-24 18:00:00,1.087,26.0990448230783,TRUE
2022-07-24 19:00:00,1.086,26.0414096047778,TRUE
2022-07-24 20:00:00,1.088,26.1567544265788,TRUE
2022-07-24 21:00:00,1.084,25.9263622136928,TRUE
2022-07-24 22:00:00,1.076,25.4691425464854,TRUE
2022-07-24 23:00:00,1.073,25.2989082790269,TRUE
2022-07-25,1.073,25.2989082790269,TRUE
2022-07-25 01:00:00,1.069,25.07296510618,TRUE
2022-07-25 02:00:00,1.072,25.2423115573031,TRUE
2022-07-25 03:00:00,1.067,24.9604369561427,TRUE
2022-07-25 04:00:00,1.064,24.7921984011309,TRUE
2022-07-25 05:00:00,1.069,25.07296510618,TRUE
2022-07-25 07:00:00,1.064,24.7921984011309,TRUE
2022-07-25 08:00:00,1.065,24.8482041339002,TRUE
2022-07-25 09:00:00,1.063,24.7362664167937,TRUE
2022-07-25 10:00:00,1.062,24.6804081530172,TRUE
2022-07-25 11:00:00,1.059,24.5132754061022,TRUE
2022-07-25 12:00:00,1.06,24.5689126755822,TRUE
2022-07-25 13:00:00,1.062,24.6804081530172,TRUE
2022-07-25 14:00:00,1.053,24.1809965976912,TRUE
2022-07-25 15:00:00,1.06,24.5689126755822,TRUE
2022-07-25 16:00:00,1.055,24.2914621377813,TRUE
2022-07-25 17:00:00,1.057,24.4022216659458,TRUE
2022-07-25 18:00:00,1.059,24.5132754061022,TRUE
2022-07-25 19:00:00,1.057,24.4022216659458,TRUE
2022-07-25 20:00:00,1.061,24.6246235819143,TRUE
2022-07-25 21:00:00,1.052,24.1258740031306,TRUE
2022-07-25 22:00:00,1.053,24.1809965976912,TRUE
2022-07-25 23:00:00,1.049,23.9609465847953,TRUE
2022-07-26,1.05,24.0158490247519,TRUE
2022-07-26 01:00:00,1.051,24.0708248215046,TRUE
2022-07-26 02:00:00,1.059,24.5132754061022,TRUE
2022-07-26 03:00:00,1.056,24.3468051393535,TRUE
2022-07-26 04:00:00,1.051,24.0708248215046,TRUE
2022-07-26 05:00:00,1.035,23.1999991275585,TRUE
2022-07-26 07:00:00,1.061,24.6246235819143,TRUE
2022-07-26 08:00:00,1.058,24.4577117455401,TRUE
2022-07-26 09:00:00,1.056,24.3468051393535,TRUE
2022-07-26 10:00:00,1.049,23.9609465847953,TRUE
2022-07-26 11:00:00,1.044,23.6875337531326,TRUE
2022-07-26 12:00:00,1.047,23.851361662882,TRUE
2022-07-26 13:00:00,1.041,23.5243645352532,TRUE
2022-07-26 14:00:00,1.042,23.5786811335436,TRUE
2022-07-26 15:00:00,1.038,23.3618532476857,TRUE
2022-07-26 16:00:00,1.038,23.3618532476857,TRUE
2022-07-26 17:00:00,1.041,23.5243645352532,TRUE
2022-07-26 18:00:00,1.038,23.3618532476857,TRUE
2022-07-26 19:00:00,1.04,23.4701210403416,TRUE
2022-07-26 20:00:00,1.036,23.2538775294748,TRUE
2022-07-26 21:00:00,1.038,23.3618532476857,TRUE
2022-07-26 22:00:00,1.032,23.0388014106803,TRUE
2022-07-26 23:00:00,1.031,22.9852145735029,TRUE
2022-07-27,1.032,23.0388014106803,TRUE
2022-07-27 01:00:00,1.029,22.878259331534,TRUE
2022-07-27 02:00:00,1.029,22.878259331534,TRUE
2022-07-27 03:00:00,1.028,22.8248908699224,TRUE
2022-07-27 04:00:00,1.03,22.9317005565881,TRUE
2022-07-27 05:00:00,1.035,23.1999991275585,TRUE
2022-07-27 07:00:00,1.029,22.878259331534,TRUE
2022-07-27 08:00:00,1.027,22.7715951433185,TRUE
2022-07-27 09:00:00,1.027,22.7715951433185,TRUE
2022-07-27 10:00:00,1.024,22.6121440889562,TRUE
2022-07-27 11:00:00,1.02,22.4005592453009,TRUE
2022-07-27 12:00:00,1.019,22.3478443731145,TRUE
2022-07-27 13:00:00,1.019,22.3478443731145,TRUE
2022-07-27 14:00:00,1.022,22.5062065390359,TRUE
2022-07-27 15:00:00,1.021,22.4533466244188,TRUE
2022-07-27 16:00:00,1.023,22.5591390177036,TRUE
2022-07-27 17:00:00,1.018,22.2952019792749,TRUE
2022-07-27 18:00:00,1.017,22.2426320351806,TRUE
2022-07-27 19:00:00,1.017,22.2426320351806,TRUE
2022-07-27 20:00:00,1.013,22.0330761836399,TRUE
2022-07-27 21:00:00,1.008,21.7727580492985,TRUE
2022-07-27 22:00:00,1.012,21.980868058662,TRUE
2022-07-27 23:00:00,1.015,22.1377093817384,TRUE
2022-07-28,1.013,22.0330761836399,TRUE
2022-07-28 01:00:00,1.008,21.7727580492985,TRUE
2022-07-28 02:00:00,1.009,21.8246772355303,TRUE
2022-07-28 03:00:00,1.012,21.980868058662,TRUE
2022-07-28 04:00:00,1.008,21.7727580492985,TRUE
2022-07-28 05:00:00,1.011,21.928732211467,TRUE
2022-07-28 07:00:00,1.018,22.2952019792749,TRUE
2022-07-28 08:00:00,1.015,22.1377093817384,TRUE
2022-07-28 09:00:00,1.008,21.7727580492985,TRUE
2022-07-28 10:00:00,1.008,21.7727580492985,TRUE
2022-07-28 11:00:00,1.001,21.4113426908294,TRUE
2022-07-28 12:00:00,1,21.36,TRUE
2022-07-28 13:00:00,1,21.36,TRUE
2022-07-28 14:00:00,0.999,21.3087292411906,TRUE
2022-07-28 15:00:00,0.999,21.3087292411906,TRUE
2022-07-28 16:00:00,1,21.36,TRUE
2022-07-28 17:00:00,0.996,21.1553482675423,TRUE
2022-07-28 18:00:00,1.002,21.4627573425869,TRUE
2022-07-28 19:00:00,1.003,21.5142439841632,TRUE
2022-07-28 20:00:00,1,21.36,TRUE
2022-07-28 21:00:00,0.998,21.2575303854758,TRUE
2022-07-28 22:00:00,0.998,21.2575303854758,TRUE
2022-07-28 23:00:00,1.004,21.5658026444318,TRUE
2022-07-29,1,21.36,TRUE
2022-07-29 01:00:00,0.997,21.206403403913,TRUE
2022-07-29 02:00:00,0.985,20.598475250132,TRUE
2022-07-29 03:00:00,0.999,21.3087292411906,TRUE
2022-07-29 04:00:00,0.999,21.3087292411906,TRUE
2022-07-29 05:00:00,0.992,20.9518455941712,TRUE
2022-07-29 07:00:00,0.997,21.206403403913,TRUE
2022-07-29 08:00:00,0.998,21.2575303854758,TRUE
2022-07-29 09:00:00,0.999,21.3087292411906,TRUE
2022-07-29 10:00:00,0.991,20.9011492487517,TRUE
2022-07-29 11:00:00,0.987,20.6990802868257,TRUE
2022-07-29 12:00:00,0.984,20.5482799908335,TRUE
2022-07-29 13:00:00,0.986,20.6487420057392,TRUE
2022-07-29 14:00:00,0.985,20.598475250132,TRUE
2022-07-29 15:00:00,0.985,20.598475250132,TRUE
2022-07-29 16:00:00,0.986,20.6487420057392,TRUE
2022-07-29 17:00:00,0.988,20.7494901225439,TRUE
2022-07-29 18:00:00,0.99,20.8505245743984,TRUE
2022-07-29 19:00:00,0.991,20.9011492487517,TRUE
2022-07-29 20:00:00,0.986,20.6487420057392,TRUE
2022-07-29 21:00:00,0.985,20.598475250132,TRUE
2022-07-29 22:00:00,0.982,20.448103844393,TRUE
2022-07-29 23:00:00,0.986,20.6487420057392,TRUE
2022-07-30,0.98,20.3482133327,TRUE
2022-07-30 01:00:00,0.97,19.853037095341,TRUE
2022-07-30 02:00:00,0.971,19.9022344791764,TRUE
2022-07-30 03:00:00,0.978,20.2486082217522,TRUE
2022-07-30 04:00:00,0.978,20.2486082217522,TRUE
2022-07-30 05:00:00,0.977,20.1989126183538,TRUE
2022-07-30 07:00:00,0.974,20.0502532646521,TRUE
2022-07-30 08:00:00,0.976,20.1492882772612,TRUE
2022-07-30 09:00:00,0.973,20.00084253442,TRUE
2022-07-30 10:00:00,0.975,20.0997351691435,TRUE
2022-07-30 11:00:00,0.968,19.7548554680472,TRUE
2022-07-30 12:00:00,0.967,19.7058711656561,TRUE
2022-07-30 13:00:00,0.963,19.5106433427308,TRUE
2022-07-30 14:00:00,0.968,19.7548554680472,TRUE
2022-07-30 15:00:00,0.968,19.7548554680472,TRUE
2022-07-30 16:00:00,0.964,19.5593439495267,TRUE
2022-07-30 17:00:00,0.968,19.7548554680472,TRUE
2022-07-30 18:00:00,0.97,19.853037095341,TRUE
2022-07-30 19:00:00,0.966,19.6569578314499,TRUE
2022-07-30 20:00:00,0.968,19.7548554680472,TRUE
2022-07-30 21:00:00,0.97,19.853037095341,TRUE
2022-07-30 22:00:00,0.969,19.803910768117,TRUE
2022-07-30 23:00:00,0.971,19.9022344791764,TRUE
2022-07-31,0.968,19.7548554680472,TRUE
2022-07-31 01:00:00,0.963,19.5106433427308,TRUE
2022-07-31 02:00:00,0.96,19.3649665041488,TRUE
2022-07-31 03:00:00,0.957,19.2199265164058,TRUE
2022-07-31 04:00:00,0.955,19.1235866018735,TRUE
2022-07-31 05:00:00,0.953,19.0275291386385,TRUE
2022-07-31 07:00:00,0.962,19.4620135859624,TRUE
2022-07-31 08:00:00,0.956,19.1717212378679,TRUE
2022-07-31 09:00:00,0.952,18.9796062519126,TRUE
2022-07-31 10:00:00,0.954,19.0755225787082,TRUE
2022-07-31 11:00:00,0.952,18.9796062519126,TRUE
2022-07-31 12:00:00,0.953,19.0275291386385,TRUE
2022-07-31 13:00:00,0.951,18.93175388876,TRUE
2022-07-31 14:00:00,0.953,19.0275291386385,TRUE
2022-07-31 15:00:00,0.955,19.1235866018735,TRUE
2022-07-31 16:00:00,0.954,19.0755225787082,TRUE
2022-07-31 17:00:00,0.954,19.0755225787082,TRUE
2022-07-31 18:00:00,0.954,19.0755225787082,TRUE
2022-07-31 19:00:00,0.955,19.1235866018735,TRUE
2022-07-31 20:00:00,0.951,18.93175388876,TRUE
2022-07-31 21:00:00,0.954,19.0755225787082,TRUE
2022-07-31 22:00:00,0.949,18.8362606139986,TRUE
2022-07-31 23:00:00,0.952,18.9796062519126,TRUE
2022-08-01,0.95,18.8839720193913,TRUE
2022-08-01 01:00:00,0.947,18.741049075815,TRUE
2022-08-01 02:00:00,0.939,18.3630155075253,TRUE
2022-08-01 03:00:00,0.934,18.1290248830676,TRUE
2022-08-01 04:00:00,0.939,18.3630155075253,TRUE
2022-08-01 05:00:00,0.939,18.3630155075253,TRUE
2022-08-01 07:00:00,0.934,18.1290248830676,TRUE
2022-08-01 08:00:00,0.936,18.2224109687606,TRUE
2022-08-01 09:00:00,0.941,18.4571024908211,TRUE
2022-08-01 10:00:00,0.942,18.5042512597536,TRUE
2022-08-01 11:00:00,0.933,18.0824368319873,TRUE
2022-08-01 12:00:00,0.931,17.9894705627019,TRUE
2022-08-01 13:00:00,0.928,17.8505452884098,TRUE
2022-08-01 14:00:00,0.933,18.0824368319873,TRUE
2022-08-01 15:00:00,0.933,18.0824368319873,TRUE
2022-08-01 16:00:00,0.931,17.9894705627019,TRUE
2022-08-01 17:00:00,0.934,18.1290248830676,TRUE
2022-08-01 18:00:00,0.934,18.1290248830676,TRUE
2022-08-01 19:00:00,0.931,17.9894705627019,TRUE
2022-08-01 20:00:00,0.924,17.6662886954898,TRUE
2022-08-01 21:00:00,0.922,17.5745786139009,TRUE
2022-08-01 22:00:00,0.926,17.7582775062015,TRUE
2022-08-01 23:00:00,0.927,17.8043765107324,TRUE
2022-08-02,0.924,17.6662886954898,TRUE
2022-08-02 01:00:00,0.921,17.5288280206999,TRUE
2022-08-02 02:00:00,0.917,17.346521256427,TRUE
2022-08-02 03:00:00,0.914,17.2105207202861,TRUE
2022-08-02 04:00:00,0.916,17.3011183154172,TRUE
2022-08-02 05:00:00,0.912,17.1202006376777,TRUE
2022-08-02 07:00:00,0.907,16.8956129446073,TRUE
2022-08-02 08:00:00,0.909,16.9852403153086,TRUE
2022-08-02 09:00:00,0.911,17.0751445872465,TRUE
2022-08-02 10:00:00,0.912,17.1202006376777,TRUE
2022-08-02 11:00:00,0.911,17.0751445872465,TRUE
2022-08-02 12:00:00,0.911,17.0751445872465,TRUE
2022-08-02 13:00:00,0.912,17.1202006376777,TRUE
2022-08-02 14:00:00,0.907,16.8956129446073,TRUE
2022-08-02 15:00:00,0.911,17.0751445872465,TRUE
2022-08-02 16:00:00,0.908,16.9403920326131,TRUE
2022-08-02 17:00:00,0.906,16.8509030206463,TRUE
2022-08-02 18:00:00,0.903,16.7171879262818,TRUE
2022-08-02 19:00:00,0.901,16.6283897875315,TRUE
2022-08-02 20:00:00,0.904,16.7616905421789,TRUE
2022-08-02 21:00:00,0.898,16.4957098505177,TRUE
2022-08-02 22:00:00,0.891,16.188532946032,TRUE
2022-08-02 23:00:00,0.89,16.1449254625005,TRUE
2022-08-03,0.887,16.0145147276029,TRUE
2022-08-03 01:00:00,0.889,16.1013866189313,TRUE
2022-08-03 02:00:00,0.881,15.75554318294,TRUE
2022-08-03 03:00:00,0.877,15.5842631030703,TRUE
2022-08-03 04:00:00,0.886,15.9711816177527,TRUE
2022-08-03 05:00:00,0.883,15.8415932584739,TRUE
2022-08-03 07:00:00,0.892,16.2322091005192,TRUE
2022-08-03 08:00:00,0.899,16.5398675677636,TRUE
2022-08-03 09:00:00,0.902,16.672754351648,TRUE
2022-08-03 10:00:00,0.906,16.8509030206463,TRUE
2022-08-03 11:00:00,0.906,16.8509030206463,TRUE
2022-08-03 12:00:00,0.898,16.4957098505177,TRUE
2022-08-03 13:00:00,0.894,16.3197675462295,TRUE
2022-08-03 14:00:00,0.894,16.3197675462295,TRUE
2022-08-03 15:00:00,0.899,16.5398675677636,TRUE
2022-08-03 16:00:00,0.896,16.4076010471623,TRUE
2022-08-03 17:00:00,0.899,16.5398675677636,TRUE
2022-08-03 18:00:00,0.897,16.4516210206001,TRUE
2022-08-03 19:00:00,0.892,16.2322091005192,TRUE
2022-08-03 20:00:00,0.89,16.1449254625005,TRUE
2022-08-03 21:00:00,0.89,16.1449254625005,TRUE
2022-08-03 22:00:00,0.886,15.9711816177527,TRUE
2022-08-03 23:00:00,0.888,16.0579163843104,TRUE
2022-08-04,0.884,15.8847209142966,TRUE
2022-08-04 01:00:00,0.879,15.6697665477092,TRUE
2022-08-04 02:00:00,0.875,15.4990325989721,TRUE
2022-08-04 03:00:00,0.872,15.3716980585119,TRUE
2022-08-04 04:00:00,0.876,15.5416137490951,TRUE
2022-08-04 05:00:00,0.872,15.3716980585119,TRUE
2022-08-04 07:00:00,0.869,15.2449762242848,TRUE
2022-08-04 08:00:00,0.865,15.076965410846,TRUE
2022-08-04 09:00:00,0.87,15.2871488095495,TRUE
2022-08-04 10:00:00,0.886,15.9711816177527,TRUE
2022-08-04 11:00:00,0.89,16.1449254625005,TRUE
2022-08-04 12:00:00,0.888,16.0579163843104,TRUE
2022-08-04 13:00:00,0.888,16.0579163843104,TRUE
2022-08-04 14:00:00,0.891,16.188532946032,TRUE
2022-08-04 15:00:00,0.889,16.1013866189313,TRUE
2022-08-04 16:00:00,0.877,15.5842631030703,TRUE
2022-08-04 17:00:00,0.87,15.2871488095495,TRUE
2022-08-04 18:00:00,0.873,15.4140747850224,TRUE
2022-08-04 19:00:00,0.874,15.4565196213916,TRUE
2022-08-04 20:00:00,0.869,15.2449762242848,TRUE
2022-08-04 21:00:00,0.861,14.9100403291543,TRUE
2022-08-04 22:00:00,0.854,14.6205278958501,TRUE
2022-08-04 23:00:00,0.856,14.7029077077038,TRUE
2022-08-05,0.851,14.497464423783,TRUE
2022-08-05 01:00:00,0.854,14.6205278958501,TRUE
2022-08-05 02:00:00,0.849,14.4157592350718,TRUE
2022-08-05 03:00:00,0.842,14.1319109501686,TRUE
2022-08-05 04:00:00,0.844,14.2126743446661,TRUE
2022-08-05 05:00:00,0.848,14.3750076829456,TRUE
2022-08-05 07:00:00,0.842,14.1319109501686,TRUE
2022-08-05 08:00:00,0.859,14.8269843063285,TRUE
2022-08-05 09:00:00,0.863,14.9933672797213,TRUE
2022-08-05 10:00:00,0.868,15.2028716232533,TRUE
2022-08-05 11:00:00,0.87,15.2871488095495,TRUE
2022-08-05 12:00:00,0.864,15.0351324319266,TRUE
2022-08-05 13:00:00,0.854,14.6205278958501,TRUE
2022-08-05 14:00:00,0.859,14.8269843063285,TRUE
2022-08-05 15:00:00,0.864,15.0351324319266,TRUE
2022-08-05 16:00:00,0.865,15.076965410846,TRUE
2022-08-05 17:00:00,0.864,15.0351324319266,TRUE
2022-08-05 18:00:00,0.857,14.7441989580763,TRUE
2022-08-05 19:00:00,0.856,14.7029077077038,TRUE
2022-08-05 20:00:00,0.86,14.8684784675885,TRUE
2022-08-05 21:00:00,0.859,14.8269843063285,TRUE
2022-08-05 22:00:00,0.856,14.7029077077038,TRUE
2022-08-05 23:00:00,0.851,14.497464423783,TRUE
2022-08-06,0.852,14.5384181241042,TRUE
2022-08-06 01:00:00,0.858,14.7855578137175,TRUE
2022-08-06 02:00:00,0.861,14.9100403291543,TRUE
2022-08-06 03:00:00,0.847,14.3343234497775,TRUE
2022-08-06 04:00:00,0.85,14.4565781380578,TRUE
2022-08-06 05:00:00,0.853,14.5794392708558,TRUE
2022-08-06 07:00:00,0.859,14.8269843063285,TRUE
2022-08-06 08:00:00,0.852,14.5384181241042,TRUE
2022-08-06 09:00:00,0.853,14.5794392708558,TRUE
2022-08-06 10:00:00,0.854,14.6205278958501,TRUE
2022-08-06 11:00:00,0.855,14.6616840308769,TRUE
2022-08-06 12:00:00,0.849,14.4157592350718,TRUE
2022-08-06 13:00:00,0.839,14.0112692312659,TRUE
2022-08-06 14:00:00,0.839,14.0112692312659,TRUE
2022-08-06 15:00:00,0.844,14.2126743446661,TRUE
2022-08-06 16:00:00,0.844,14.2126743446661,TRUE
2022-08-06 17:00:00,0.845,14.2531568125958,TRUE
2022-08-06 18:00:00,0.838,13.9711894294141,TRUE
2022-08-06 19:00:00,0.836,13.8912307896458,TRUE
2022-08-06 20:00:00,0.841,14.0916299595488,TRUE
2022-08-06 21:00:00,0.842,14.1319109501686,TRUE
2022-08-06 22:00:00,0.839,14.0112692312659,TRUE
2022-08-06 23:00:00,0.833,13.771794757212,TRUE
2022-08-07,0.832,13.7321164647991,TRUE
2022-08-07 01:00:00,0.831,13.6925049778264,TRUE
2022-08-07 02:00:00,0.829,13.6134822910173,TRUE
2022-08-07 03:00:00,0.821,13.3000572919206,TRUE
2022-08-07 04:00:00,0.825,13.456237160352,TRUE
2022-08-07 05:00:00,0.825,13.456237160352,TRUE
2022-08-07 07:00:00,0.83,13.6529602640036,TRUE
2022-08-07 08:00:00,0.821,13.3000572919206,TRUE
2022-08-07 09:00:00,0.819,13.2223661814929,TRUE
2022-08-07 10:00:00,0.816,13.1063273131133,TRUE
2022-08-07 11:00:00,0.817,13.1449406064074,TRUE
2022-08-07 12:00:00,0.821,13.3000572919206,TRUE
2022-08-07 13:00:00,0.814,13.0292995518041,TRUE
2022-08-07 14:00:00,0.813,12.9908850184299,TRUE
2022-08-07 15:00:00,0.815,13.0677803058014,TRUE
2022-08-07 16:00:00,0.822,13.3390025043033,TRUE
2022-08-07 17:00:00,0.821,13.3000572919206,TRUE
2022-08-07 18:00:00,0.816,13.1063273131133,TRUE
2022-08-07 19:00:00,0.817,13.1449406064074,TRUE
2022-08-07 20:00:00,0.815,13.0677803058014,TRUE
2022-08-07 21:00:00,0.816,13.1063273131133,TRUE
2022-08-07 22:00:00,0.815,13.0677803058014,TRUE
2022-08-07 23:00:00,0.811,12.9142544826642,TRUE
2022-08-08,0.811,12.9142544826642,TRUE
2022-08-08 01:00:00,0.808,12.799804515016,TRUE
2022-08-08 02:00:00,0.808,12.799804515016,TRUE
2022-08-08 03:00:00,0.805,12.68594876293,TRUE
2022-08-08 04:00:00,0.808,12.799804515016,TRUE
2022-08-08 05:00:00,0.803,12.6103746095757,TRUE
2022-08-08 07:00:00,0.805,12.68594876293,TRUE
2022-08-08 08:00:00,0.804,12.6481287400637,TRUE
2022-08-08 09:00:00,0.802,12.5726863385075,TRUE
2022-08-08 10:00:00,0.796,12.3479379111423,TRUE
2022-08-08 11:00:00,0.797,12.3852317191973,TRUE
2022-08-08 12:00:00,0.803,12.6103746095757,TRUE
2022-08-08 13:00:00,0.797,12.3852317191973,TRUE
2022-08-08 14:00:00,0.795,12.3107097311077,TRUE
2022-08-08 15:00:00,0.796,12.3479379111423,TRUE
2022-08-08 16:00:00,0.805,12.68594876293,TRUE
2022-08-08 17:00:00,0.806,12.7238347111085,TRUE
2022-08-08 18:00:00,0.806,12.7238347111085,TRUE
2022-08-08 19:00:00,0.801,12.5350638938762,TRUE
2022-08-08 20:00:00,0.8,12.4975072426742,TRUE
2022-08-08 21:00:00,0.799,12.4600163518691,TRUE
2022-08-08 22:00:00,0.799,12.4600163518691,TRUE
2022-08-08 23:00:00,0.793,12.2364501224499,TRUE
2022-08-09,0.793,12.2364501224499,TRUE
2022-08-09 01:00:00,0.788,12.0519472671615,TRUE
2022-08-09 02:00:00,0.792,12.1994186274391,TRUE
2022-08-09 03:00:00,0.788,12.0519472671615,TRUE
2022-08-09 04:00:00,0.785,11.9420301651174,TRUE
2022-08-09 05:00:00,0.786,11.9786038926756,TRUE
2022-08-09 07:00:00,0.788,12.0519472671615,TRUE
2022-08-09 08:00:00,0.787,12.0152429155627,TRUE
2022-08-09 09:00:00,0.782,11.8327004202093,TRUE
2022-08-09 10:00:00,0.783,11.8690784623306,TRUE
2022-08-09 11:00:00,0.786,11.9786038926756,TRUE
2022-08-09 12:00:00,0.788,12.0519472671615,TRUE
2022-08-09 13:00:00,0.789,12.0887169808292,TRUE
2022-08-09 14:00:00,0.79,12.1255520898977,TRUE
2022-08-09 15:00:00,0.786,11.9786038926756,TRUE
2022-08-09 16:00:00,0.792,12.1994186274391,TRUE
2022-08-09 17:00:00,0.795,12.3107097311077,TRUE
2022-08-09 18:00:00,0.794,12.2735471459373,TRUE
2022-08-09 19:00:00,0.787,12.0152429155627,TRUE
2022-08-09 20:00:00,0.793,12.2364501224499,TRUE
2022-08-09 21:00:00,0.79,12.1255520898977,TRUE
2022-08-09 22:00:00,0.786,11.9786038926756,TRUE
2022-08-09 23:00:00,0.785,11.9420301651174,TRUE
2022-08-10,0.78,11.7601397870882,TRUE
2022-08-10 01:00:00,0.778,11.6878395319328,TRUE
2022-08-10 02:00:00,0.78,11.7601397870882,TRUE
2022-08-10 03:00:00,0.775,11.5798767702189,TRUE
2022-08-10 04:00:00,0.773,11.5082262839664,TRUE
2022-08-10 05:00:00,0.768,11.3302345102876,TRUE
2022-08-10 07:00:00,0.782,11.8327004202093,TRUE
2022-08-10 08:00:00,0.776,11.6157993861472,TRUE
2022-08-10 09:00:00,0.775,11.5798767702189,TRUE
2022-08-10 10:00:00,0.773,11.5082262839664,TRUE
2022-08-10 11:00:00,0.784,11.9055216994803,TRUE
2022-08-10 12:00:00,0.78,11.7601397870882,TRUE
2022-08-10 13:00:00,0.769,11.3657033496179,TRUE
2022-08-10 14:00:00,0.78,11.7601397870882,TRUE
2022-08-10 15:00:00,0.768,11.3302345102876,TRUE
2022-08-10 16:00:00,0.769,11.3657033496179,TRUE
2022-08-10 17:00:00,0.773,11.5082262839664,TRUE
2022-08-10 18:00:00,0.775,11.5798767702189,TRUE
2022-08-10 19:00:00,0.773,11.5082262839664,TRUE
2022-08-10 20:00:00,0.772,11.4724983462342,TRUE
2022-08-10 21:00:00,0.767,11.2948303610035,TRUE
2022-08-10 22:00:00,0.772,11.4724983462342,TRUE
2022-08-10 23:00:00,0.765,11.2242159970495,TRUE
2022-08-11,0.763,11.1538599864435,TRUE
2022-08-11 01:00:00,0.765,11.2242159970495,TRUE
2022-08-11 02:00:00,0.768,11.3302345102876,TRUE
2022-08-11 03:00:00,0.762,11.1187787787448,TRUE
2022-08-11 04:00:00,0.759,11.0139219379009,TRUE
2022-08-11 05:00:00,0.759,11.0139219379009,TRUE
2022-08-11 07:00:00,0.76,11.0488097885206,TRUE
2022-08-11 08:00:00,0.765,11.2242159970495,TRUE
2022-08-11 09:00:00,0.763,11.1538599864435,TRUE
2022-08-11 10:00:00,0.762,11.1187787787448,TRUE
2022-08-11 11:00:00,0.764,11.1890057145516,TRUE
2022-08-11 12:00:00,0.761,11.0837620574484,TRUE
2022-08-11 13:00:00,0.759,11.0139219379009,TRUE
2022-08-11 14:00:00,0.755,10.8750140363532,TRUE
2022-08-11 15:00:00,0.756,10.9096445548827,TRUE
2022-08-11 16:00:00,0.759,11.0139219379009,TRUE
2022-08-11 17:00:00,0.759,11.0139219379009,TRUE
2022-08-11 18:00:00,0.762,11.1187787787448,TRUE
2022-08-11 19:00:00,0.761,11.0837620574484,TRUE
2022-08-11 20:00:00,0.755,10.8750140363532,TRUE
2022-08-11 21:00:00,0.755,10.8750140363532,TRUE
2022-08-11 22:00:00,0.754,10.840447765426,TRUE
2022-08-11 23:00:00,0.757,10.9443393552096,TRUE
2022-08-12,0.756,10.9096445548827,TRUE
2022-08-12 01:00:00,0.749,10.6685789260946,TRUE
2022-08-12 02:00:00,0.745,10.5322368135295,TRUE
2022-08-12 03:00:00,0.75,10.7028244728877,TRUE
2022-08-12 04:00:00,0.735,10.1958499829945,TRUE
2022-08-12 05:00:00,0.754,10.840447765426,TRUE
2022-08-12 07:00:00,0.747,10.6002799237038,TRUE
2022-08-12 08:00:00,0.749,10.6685789260946,TRUE
2022-08-12 09:00:00,0.745,10.5322368135295,TRUE
2022-08-12 10:00:00,0.739,10.3296400776975,TRUE
2022-08-12 11:00:00,0.74,10.3632467565684,TRUE
2022-08-12 12:00:00,0.748,10.634397421162,TRUE
2022-08-12 13:00:00,0.748,10.634397421162,TRUE
2022-08-12 14:00:00,0.745,10.5322368135295,TRUE
2022-08-12 15:00:00,0.743,10.4644493199325,TRUE
2022-08-12 16:00:00,0.747,10.6002799237038,TRUE
2022-08-12 17:00:00,0.752,10.7715078294623,TRUE
2022-08-12 18:00:00,0.755,10.8750140363532,TRUE
2022-08-12 19:00:00,0.752,10.7715078294623,TRUE
2022-08-12 20:00:00,0.747,10.6002799237038,TRUE
2022-08-12 21:00:00,0.747,10.6002799237038,TRUE
2022-08-12 22:00:00,0.749,10.6685789260946,TRUE
2022-08-12 23:00:00,0.725,9.86581892234365,TRUE
2022-08-13,0.755,10.8750140363532,TRUE
2022-08-13 01:00:00,0.743,10.4644493199325,TRUE
2022-08-13 02:00:00,0.745,10.5322368135295,TRUE
2022-08-13 03:00:00,0.74,10.3632467565684,TRUE
2022-08-13 04:00:00,0.734,10.1625614409843,TRUE
2022-08-13 05:00:00,0.736,10.2292020829368,TRUE
2022-08-13 07:00:00,0.733,10.1293364221299,TRUE
2022-08-13 08:00:00,0.737,10.2626177755595,TRUE
2022-08-13 09:00:00,0.732,10.0961748916264,TRUE
2022-08-13 10:00:00,0.734,10.1625614409843,TRUE
2022-08-13 11:00:00,0.729,9.99707088174699,TRUE
2022-08-13 12:00:00,0.725,9.86581892234365,TRUE
2022-08-13 13:00:00,0.734,10.1625614409843,TRUE
2022-08-13 14:00:00,0.74,10.3632467565684,TRUE
2022-08-13 15:00:00,0.735,10.1958499829945,TRUE
2022-08-13 16:00:00,0.727,9.93131834421288,TRUE
2022-08-13 17:00:00,0.731,10.0630768146406,TRUE
2022-08-13 18:00:00,0.745,10.5322368135295,TRUE
2022-08-13 19:00:00,0.744,10.4983111319036,TRUE
2022-08-13 20:00:00,0.738,10.2960970955825,TRUE
2022-08-13 21:00:00,0.727,9.93131834421288,TRUE
2022-08-13 22:00:00,0.731,10.0630768146406,TRUE
2022-08-13 23:00:00,0.737,10.2626177755595,TRUE
2022-08-14,0.737,10.2626177755595,TRUE
2022-08-14 01:00:00,0.729,9.99707088174699,TRUE
2022-08-14 02:00:00,0.718,9.63856018274311,TRUE
2022-08-14 03:00:00,0.718,9.63856018274311,TRUE
2022-08-14 04:00:00,0.729,9.99707088174699,TRUE
2022-08-14 05:00:00,0.73,10.0300421563109,TRUE
2022-08-14 07:00:00,0.711,9.41438661630415,TRUE
2022-08-14 08:00:00,0.716,9.57419630774947,TRUE
2022-08-14 09:00:00,0.728,9.96416295603015,TRUE
2022-08-14 10:00:00,0.727,9.93131834421288,TRUE
2022-08-14 11:00:00,0.721,9.73557830451671,TRUE
2022-08-14 12:00:00,0.714,9.51008400181378,TRUE
2022-08-14 13:00:00,0.721,9.73557830451671,TRUE
2022-08-14 14:00:00,0.728,9.96416295603015,TRUE
2022-08-14 15:00:00,0.735,10.1958499829945,TRUE
2022-08-14 16:00:00,0.729,9.99707088174699,TRUE
2022-08-14 17:00:00,0.724,9.83316404225293,TRUE
2022-08-14 18:00:00,0.728,9.96416295603015,TRUE
2022-08-14 19:00:00,0.735,10.1958499829945,TRUE
2022-08-14 20:00:00,0.731,10.0630768146406,TRUE
2022-08-14 21:00:00,0.725,9.86581892234365,TRUE
2022-08-14 22:00:00,0.722,9.76804376844565,TRUE
2022-08-14 23:00:00,0.724,9.83316404225293,TRUE
2022-08-15,0.726,9.89853701131904,TRUE
2022-08-15 01:00:00,0.723,9.80057233598416,TRUE
2022-08-15 02:00:00,0.715,9.54210872630859,TRUE
2022-08-15 03:00:00,0.707,9.28766795125015,TRUE
2022-08-15 04:00:00,0.713,9.4781220989097,TRUE
2022-08-15 05:00:00,0.717,9.60634678146221,TRUE
2022-08-15 07:00:00,0.711,9.41438661630415,TRUE
2022-08-15 08:00:00,0.711,9.41438661630415,TRUE
2022-08-15 09:00:00,0.713,9.4781220989097,TRUE
2022-08-15 10:00:00,0.716,9.57419630774947,TRUE
2022-08-15 11:00:00,0.719,9.67083654685903,TRUE
2022-08-15 12:00:00,0.71,9.38261296574361,TRUE
2022-08-15 13:00:00,0.709,9.35090199505551,TRUE
2022-08-15 14:00:00,0.712,9.44622298221137,TRUE
2022-08-15 15:00:00,0.718,9.63856018274311,TRUE
2022-08-15 16:00:00,0.72,9.70317590904749,TRUE
2022-08-15 17:00:00,0.719,9.67083654685903,TRUE
2022-08-15 18:00:00,0.718,9.63856018274311,TRUE
2022-08-15 19:00:00,0.72,9.70317590904749,TRUE
2022-08-15 20:00:00,0.723,9.80057233598416,TRUE
2022-08-15 21:00:00,0.721,9.73557830451671,TRUE
2022-08-15 22:00:00,0.718,9.63856018274311,TRUE
2022-08-15 23:00:00,0.712,9.44622298221137,TRUE
2022-08-16,0.714,9.51008400181378,TRUE
2022-08-16 01:00:00,0.715,9.54210872630859,TRUE
2022-08-16 02:00:00,0.711,9.41438661630415,TRUE
2022-08-16 03:00:00,0.707,9.28766795125015,TRUE
2022-08-16 04:00:00,0.706,9.25614480703469,TRUE
2022-08-16 05:00:00,0.706,9.25614480703469,TRUE
2022-08-16 07:00:00,0.71,9.38261296574361,TRUE
2022-08-16 08:00:00,0.708,9.31925366873572,TRUE
2022-08-16 09:00:00,0.706,9.25614480703469,TRUE
2022-08-16 10:00:00,0.707,9.28766795125015,TRUE
2022-08-16 11:00:00,0.708,9.31925366873572,TRUE
2022-08-16 12:00:00,0.703,9.16195045791599,TRUE
2022-08-16 13:00:00,0.702,9.1306772505369,TRUE
2022-08-16 14:00:00,0.7,9.0683179850233,TRUE
2022-08-16 15:00:00,0.704,9.19328609600709,TRUE
2022-08-16 16:00:00,0.708,9.31925366873572,TRUE
2022-08-16 17:00:00,0.707,9.28766795125015,TRUE
2022-08-16 18:00:00,0.706,9.25614480703469,TRUE
2022-08-16 19:00:00,0.707,9.28766795125015,TRUE
2022-08-16 20:00:00,0.708,9.31925366873572,TRUE
2022-08-16 21:00:00,0.708,9.31925366873572,TRUE
2022-08-16 22:00:00,0.706,9.25614480703469,TRUE
2022-08-16 23:00:00,0.702,9.1306772505369,TRUE
2022-08-17,0.701,9.09946643815458,TRUE
2022-08-17 01:00:00,0.702,9.1306772505369,TRUE
2022-08-17 02:00:00,0.702,9.1306772505369,TRUE
2022-08-17 03:00:00,0.698,9.00620801337848,TRUE
2022-08-17 04:00:00,0.698,9.00620801337848,TRUE
2022-08-17 05:00:00,0.694,8.88273480489559,TRUE
2022-08-17 07:00:00,0.696,8.9443470490254,TRUE
2022-08-17 08:00:00,0.696,8.9443470490254,TRUE
2022-08-17 09:00:00,0.694,8.88273480489559,TRUE
2022-08-17 10:00:00,0.693,8.85202186307055,TRUE
2022-08-17 11:00:00,0.693,8.85202186307055,TRUE
2022-08-17 12:00:00,0.693,8.85202186307055,TRUE
2022-08-17 13:00:00,0.69,8.76025532656085,TRUE
2022-08-17 14:00:00,0.695,8.91350985489363,TRUE
2022-08-17 15:00:00,0.695,8.91350985489363,TRUE
2022-08-17 16:00:00,0.697,8.97524642322071,TRUE
2022-08-17 17:00:00,0.699,9.03723185536686,TRUE
2022-08-17 18:00:00,0.701,9.09946643815458,TRUE
2022-08-17 19:00:00,0.702,9.1306772505369,TRUE
2022-08-17 20:00:00,0.701,9.09946643815458,TRUE
2022-08-17 21:00:00,0.701,9.09946643815458,TRUE
2022-08-17 22:00:00,0.701,9.09946643815458,TRUE
2022-08-17 23:00:00,0.699,9.03723185536686,TRUE
2022-08-18,0.698,9.00620801337848,TRUE
2022-08-18 01:00:00,0.698,9.00620801337848,TRUE
2022-08-18 02:00:00,0.692,8.82137099342681,TRUE
2022-08-18 03:00:00,0.693,8.85202186307055,TRUE
2022-08-18 04:00:00,0.699,9.03723185536686,TRUE
2022-08-18 05:00:00,0.699,9.03723185536686,TRUE
2022-08-18 07:00:00,0.697,8.97524642322071,TRUE
2022-08-18 08:00:00,0.696,8.9443470490254,TRUE
2022-08-18 09:00:00,0.696,8.9443470490254,TRUE
2022-08-18 10:00:00,0.694,8.88273480489559,TRUE
2022-08-18 11:00:00,0.692,8.82137099342681,TRUE
2022-08-18 12:00:00,0.692,8.82137099342681,TRUE
2022-08-18 13:00:00,0.689,8.72979045719955,TRUE
2022-08-18 14:00:00,0.69,8.76025532656085,TRUE
2022-08-18 15:00:00,0.688,8.69938751574122,TRUE
2022-08-18 16:00:00,0.69,8.76025532656085,TRUE
2022-08-18 17:00:00,0.691,8.79078215994155,TRUE
2022-08-18 18:00:00,0.692,8.82137099342681,TRUE
2022-08-18 19:00:00,0.697,8.97524642322071,TRUE
2022-08-18 20:00:00,0.695,8.91350985489363,TRUE
2022-08-18 21:00:00,0.693,8.85202186307055,TRUE
2022-08-18 22:00:00,0.694,8.88273480489559,TRUE
2022-08-18 23:00:00,0.692,8.82137099342681,TRUE
2022-08-19,0.696,8.9443470490254,TRUE
2022-08-19 01:00:00,0.691,8.79078215994155,TRUE
2022-08-19 02:00:00,0.69,8.76025532656085,TRUE
2022-08-19 03:00:00,0.687,8.66904646603805,TRUE
2022-08-19 04:00:00,0.69,8.76025532656085,TRUE
2022-08-19 05:00:00,0.695,8.91350985489363,TRUE
2022-08-19 07:00:00,0.687,8.66904646603805,TRUE
2022-08-19 08:00:00,0.68,8.45838904422582,TRUE
2022-08-19 09:00:00,0.683,8.5483004607193,TRUE
2022-08-19 10:00:00,0.683,8.5483004607193,TRUE
2022-08-19 11:00:00,0.683,8.5483004607193,TRUE
2022-08-19 12:00:00,0.675,8.30976822557662,TRUE
2022-08-19 13:00:00,0.674,8.28022846483814,TRUE
2022-08-19 14:00:00,0.678,8.39875616768739,TRUE
2022-08-19 15:00:00,0.683,8.5483004607193,TRUE
2022-08-19 16:00:00,0.682,8.51826832647223,TRUE
2022-08-19 17:00:00,0.681,8.48829786643086,TRUE
2022-08-19 18:00:00,0.681,8.48829786643086,TRUE
2022-08-19 19:00:00,0.687,8.66904646603805,TRUE
2022-08-19 20:00:00,0.686,8.63876727191081,TRUE
2022-08-19 21:00:00,0.686,8.63876727191081,TRUE
2022-08-19 22:00:00,0.682,8.51826832647223,TRUE
2022-08-19 23:00:00,0.683,8.5483004607193,TRUE
2022-08-20,0.689,8.72979045719955,TRUE
2022-08-20 01:00:00,0.684,8.57839430550958,TRUE
2022-08-20 02:00:00,0.682,8.51826832647223,TRUE
2022-08-20 03:00:00,0.677,8.3690320404552,TRUE
2022-08-20 04:00:00,0.679,8.42854182345578,TRUE
2022-08-20 05:00:00,0.678,8.39875616768739,TRUE
2022-08-20 07:00:00,0.672,8.22133305378964,TRUE
2022-08-20 08:00:00,0.673,8.25075008645152,TRUE
2022-08-20 09:00:00,0.671,8.19197733019286,TRUE
2022-08-20 10:00:00,0.671,8.19197733019286,TRUE
2022-08-20 11:00:00,0.67,8.16268287896886,TRUE
2022-08-20 12:00:00,0.669,8.13344966339264,TRUE
2022-08-20 13:00:00,0.664,7.98820083255282,TRUE
2022-08-20 14:00:00,0.666,8.04611706280815,TRUE
2022-08-20 15:00:00,0.668,8.10427764670639,TRUE
2022-08-20 16:00:00,0.672,8.22133305378964,TRUE
2022-08-20 17:00:00,0.67,8.16268287896886,TRUE
2022-08-20 18:00:00,0.672,8.22133305378964,TRUE
2022-08-20 19:00:00,0.677,8.3690320404552,TRUE
2022-08-20 20:00:00,0.676,8.33936940526157,TRUE
2022-08-20 21:00:00,0.682,8.51826832647223,TRUE
2022-08-20 22:00:00,0.678,8.39875616768739,TRUE
2022-08-20 23:00:00,0.676,8.33936940526157,TRUE
2022-08-21,0.672,8.22133305378964,TRUE
2022-08-21 01:00:00,0.671,8.19197733019286,TRUE
2022-08-21 02:00:00,0.666,8.04611706280815,TRUE
2022-08-21 03:00:00,0.668,8.10427764670639,TRUE
2022-08-21 04:00:00,0.661,7.9017840042432,TRUE
2022-08-21 05:00:00,0.662,7.93052866068939,TRUE
2022-08-21 07:00:00,0.668,8.10427764670639,TRUE
2022-08-21 08:00:00,0.67,8.16268287896886,TRUE
2022-08-21 09:00:00,0.664,7.98820083255282,TRUE
2022-08-21 10:00:00,0.659,7.84447736520681,TRUE
2022-08-21 11:00:00,0.662,7.93052866068939,TRUE
2022-08-21 12:00:00,0.663,7.95933425779607,TRUE
2022-08-21 13:00:00,0.665,8.01712842191586,TRUE
2022-08-21 14:00:00,0.659,7.84447736520681,TRUE
2022-08-21 15:00:00,0.661,7.9017840042432,TRUE
2022-08-21 16:00:00,0.662,7.93052866068939,TRUE
2022-08-21 17:00:00,0.664,7.98820083255282,TRUE
2022-08-21 18:00:00,0.671,8.19197733019286,TRUE
2022-08-21 19:00:00,0.665,8.01712842191586,TRUE
2022-08-21 20:00:00,0.668,8.10427764670639,TRUE
2022-08-21 21:00:00,0.669,8.13344966339264,TRUE
2022-08-21 22:00:00,0.671,8.19197733019286,TRUE
2022-08-21 23:00:00,0.666,8.04611706280815,TRUE
2022-08-22,0.66,7.87310025143451,TRUE
2022-08-22 01:00:00,0.665,8.01712842191586,TRUE
2022-08-22 02:00:00,0.657,7.78741404410033,TRUE
2022-08-22 03:00:00,0.662,7.93052866068939,TRUE
2022-08-22 04:00:00,0.661,7.9017840042432,TRUE
2022-08-22 05:00:00,0.66,7.87310025143451,TRUE
2022-08-22 07:00:00,0.659,7.84447736520681,TRUE
2022-08-22 08:00:00,0.662,7.93052866068939,TRUE
2022-08-22 09:00:00,0.661,7.9017840042432,TRUE
2022-08-22 10:00:00,0.661,7.9017840042432,TRUE
2022-08-22 11:00:00,0.656,7.75897353494024,TRUE
2022-08-22 12:00:00,0.652,7.64581830605938,TRUE
2022-08-22 13:00:00,0.657,7.78741404410033,TRUE
2022-08-22 14:00:00,0.657,7.78741404410033,TRUE
2022-08-22 15:00:00,0.659,7.84447736520681,TRUE
2022-08-22 16:00:00,0.661,7.9017840042432,TRUE
2022-08-22 17:00:00,0.658,7.81591530847001,TRUE
2022-08-22 18:00:00,0.66,7.87310025143451,TRUE
2022-08-22 19:00:00,0.661,7.9017840042432,TRUE
2022-08-22 20:00:00,0.66,7.87310025143451,TRUE
2022-08-22 21:00:00,0.659,7.84447736520681,TRUE
2022-08-22 22:00:00,0.655,7.73059374379839,TRUE
2022-08-22 23:00:00,0.658,7.81591530847001,TRUE
2022-08-23,0.659,7.84447736520681,TRUE
2022-08-23 01:00:00,0.657,7.78741404410033,TRUE
2022-08-23 02:00:00,0.651,7.61768101439725,TRUE
2022-08-23 03:00:00,0.649,7.56158798832986,TRUE
2022-08-23 04:00:00,0.648,7.53363217909792,TRUE
2022-08-23 05:00:00,0.652,7.64581830605938,TRUE
2022-08-23 07:00:00,0.653,7.67401616663428,TRUE
2022-08-23 08:00:00,0.647,7.50573678912527,TRUE
2022-08-23 09:00:00,0.649,7.56158798832986,TRUE
2022-08-23 10:00:00,0.647,7.50573678912527,TRUE
2022-08-23 11:00:00,0.648,7.53363217909792,TRUE
2022-08-23 12:00:00,0.645,7.45012711692461,TRUE
2022-08-23 13:00:00,0.641,7.3396311513226,TRUE
2022-08-23 14:00:00,0.644,7.4224127595932,TRUE
2022-08-23 15:00:00,0.648,7.53363217909792,TRUE
2022-08-23 16:00:00,0.653,7.67401616663428,TRUE
2022-08-23 17:00:00,0.653,7.67401616663428,TRUE
2022-08-23 18:00:00,0.652,7.64581830605938,TRUE
2022-08-23 19:00:00,0.654,7.7022746334495,TRUE
2022-08-23 20:00:00,0.655,7.73059374379839,TRUE
2022-08-23 21:00:00,0.657,7.78741404410033,TRUE
2022-08-23 22:00:00,0.649,7.56158798832986,TRUE
2022-08-23 23:00:00,0.642,7.36716481444856,TRUE
2022-08-24,0.654,7.7022746334495,TRUE
2022-08-24 01:00:00,0.658,7.81591530847001,TRUE
2022-08-24 02:00:00,0.651,7.61768101439725,TRUE
2022-08-24 03:00:00,0.655,7.73059374379839,TRUE
2022-08-24 04:00:00,0.648,7.53363217909792,TRUE
2022-08-24 05:00:00,0.654,7.7022746334495,TRUE
2022-08-24 07:00:00,0.657,7.78741404410033,TRUE
2022-08-24 08:00:00,0.658,7.81591530847001,TRUE
2022-08-24 09:00:00,0.65,7.58960425428612,TRUE
2022-08-24 10:00:00,0.647,7.50573678912527,TRUE
2022-08-24 11:00:00,0.646,7.47790178091227,TRUE
2022-08-24 12:00:00,0.645,7.45012711692461,TRUE
2022-08-24 13:00:00,0.643,7.39475867131414,TRUE
2022-08-24 14:00:00,0.639,7.28474425541835,TRUE
2022-08-24 15:00:00,0.636,7.2028644207387,TRUE
2022-08-24 16:00:00,0.641,7.3396311513226,TRUE
2022-08-24 17:00:00,0.64,7.31215764422725,TRUE
2022-08-24 18:00:00,0.638,7.25739094711642,TRUE
2022-08-24 19:00:00,0.635,7.17569112692676,TRUE
2022-08-24 20:00:00,0.639,7.28474425541835,TRUE
2022-08-24 21:00:00,0.645,7.45012711692461,TRUE
2022-08-24 22:00:00,0.661,7.9017840042432,TRUE
2022-08-24 23:00:00,0.655,7.73059374379839,TRUE
2022-08-25,0.653,7.67401616663428,TRUE
2022-08-25 01:00:00,0.651,7.61768101439725,TRUE
2022-08-25 02:00:00,0.642,7.36716481444856,TRUE
2022-08-25 03:00:00,0.648,7.53363217909792,TRUE
2022-08-25 04:00:00,0.652,7.64581830605938,TRUE
2022-08-25 05:00:00,0.639,7.28474425541835,TRUE
2022-08-25 07:00:00,0.64,7.31215764422725,TRUE
2022-08-25 08:00:00,0.643,7.39475867131414,TRUE
2022-08-25 09:00:00,0.641,7.3396311513226,TRUE
2022-08-25 10:00:00,0.628,6.98715395509312,TRUE
2022-08-25 11:00:00,0.627,6.96045902874306,TRUE
2022-08-25 12:00:00,0.628,6.98715395509312,TRUE
2022-08-25 13:00:00,0.633,7.1215242884492,TRUE
2022-08-25 14:00:00,0.631,7.0675968622728,TRUE
2022-08-25 15:00:00,0.626,6.93382372676178,TRUE
2022-08-25 16:00:00,0.626,6.93382372676178,TRUE
2022-08-25 17:00:00,0.632,7.09453066783334,TRUE
2022-08-25 18:00:00,0.649,7.56158798832986,TRUE
2022-08-25 19:00:00,0.65,7.58960425428612,TRUE
2022-08-25 20:00:00,0.644,7.4224127595932,TRUE
2022-08-25 21:00:00,0.638,7.25739094711642,TRUE
2022-08-25 22:00:00,0.642,7.36716481444856,TRUE
2022-08-25 23:00:00,0.644,7.4224127595932,TRUE
2022-08-26,0.646,7.47790178091227,TRUE
2022-08-26 01:00:00,0.636,7.2028644207387,TRUE
2022-08-26 02:00:00,0.63,7.04072283370263,TRUE
2022-08-26 03:00:00,0.63,7.04072283370263,TRUE
2022-08-26 04:00:00,0.635,7.17569112692676,TRUE
2022-08-26 05:00:00,0.632,7.09453066783334,TRUE
2022-08-26 07:00:00,0.627,6.96045902874306,TRUE
2022-08-26 08:00:00,0.628,6.98715395509312,TRUE
2022-08-26 09:00:00,0.629,7.01390854402181,TRUE
2022-08-26 10:00:00,0.627,6.96045902874306,TRUE
2022-08-26 11:00:00,0.624,6.88073184288372,TRUE
2022-08-26 12:00:00,0.624,6.88073184288372,TRUE
2022-08-26 13:00:00,0.628,6.98715395509312,TRUE
2022-08-26 14:00:00,0.632,7.09453066783334,TRUE
2022-08-26 15:00:00,0.638,7.25739094711642,TRUE
2022-08-26 16:00:00,0.634,7.14857776214933,TRUE
2022-08-26 17:00:00,0.632,7.09453066783334,TRUE
2022-08-26 18:00:00,0.632,7.09453066783334,TRUE
2022-08-26 19:00:00,0.633,7.1215242884492,TRUE
2022-08-26 20:00:00,0.634,7.14857776214933,TRUE
2022-08-26 21:00:00,0.626,6.93382372676178,TRUE
2022-08-26 22:00:00,0.624,6.88073184288372,TRUE
2022-08-26 23:00:00,0.625,6.90724801090296,TRUE
2022-08-27,0.628,6.98715395509312,TRUE
2022-08-27 01:00:00,0.618,6.72288319092935,TRUE
2022-08-27 02:00:00,0.621,6.80154024248452,TRUE
2022-08-27 03:00:00,0.621,6.80154024248452,TRUE
2022-08-27 04:00:00,0.624,6.88073184288372,TRUE
2022-08-27 05:00:00,0.626,6.93382372676178,TRUE
2022-08-27 07:00:00,0.622,6.82787799704917,TRUE
2022-08-27 08:00:00,0.622,6.82787799704917,TRUE
2022-08-27 09:00:00,0.631,7.0675968622728,TRUE
2022-08-27 10:00:00,0.635,7.17569112692676,TRUE
2022-08-27 11:00:00,0.629,7.01390854402181,TRUE
2022-08-27 12:00:00,0.622,6.82787799704917,TRUE
2022-08-27 13:00:00,0.619,6.74904287791021,TRUE
2022-08-27 14:00:00,0.624,6.88073184288372,TRUE
2022-08-27 15:00:00,0.624,6.88073184288372,TRUE
2022-08-27 16:00:00,0.618,6.72288319092935,TRUE
2022-08-27 17:00:00,0.622,6.82787799704917,TRUE
2022-08-27 18:00:00,0.618,6.72288319092935,TRUE
2022-08-27 19:00:00,0.618,6.72288319092935,TRUE
2022-08-27 20:00:00,0.614,6.61883684531265,TRUE
2022-08-27 21:00:00,0.608,6.46454027879052,TRUE
2022-08-27 22:00:00,0.611,6.54142302621863,TRUE
2022-08-27 23:00:00,0.603,6.33757967300502,TRUE
2022-08-28,0.608,6.46454027879052,TRUE
2022-08-28 01:00:00,0.61,6.51573648755723,TRUE
2022-08-28 02:00:00,0.6,6.26210797598242,TRUE
2022-08-28 03:00:00,0.605,6.38818755324646,TRUE
2022-08-28 04:00:00,0.604,6.36285424548256,TRUE
2022-08-28 05:00:00,0.629,7.01390854402181,TRUE
2022-08-28 07:00:00,0.633,7.1215242884492,TRUE
2022-08-28 08:00:00,0.626,6.93382372676178,TRUE
2022-08-28 09:00:00,0.625,6.90724801090296,TRUE
2022-08-28 10:00:00,0.627,6.96045902874306,TRUE
2022-08-28 11:00:00,0.62,6.77526188226055,TRUE
2022-08-28 12:00:00,0.624,6.88073184288372,TRUE
2022-08-28 13:00:00,0.616,6.67074161487318,TRUE
2022-08-28 14:00:00,0.614,6.61883684531265,TRUE
2022-08-28 15:00:00,0.617,6.69678278277657,TRUE
2022-08-28 16:00:00,0.62,6.77526188226055,TRUE
2022-08-28 17:00:00,0.616,6.67074161487318,TRUE
2022-08-28 18:00:00,0.617,6.69678278277657,TRUE
2022-08-28 19:00:00,0.619,6.74904287791021,TRUE
2022-08-28 20:00:00,0.616,6.67074161487318,TRUE
2022-08-28 21:00:00,0.619,6.74904287791021,TRUE
2022-08-28 22:00:00,0.619,6.74904287791021,TRUE
2022-08-28 23:00:00,0.612,6.56716857286824,TRUE
2022-08-29,0.609,6.49010891804143,TRUE
2022-08-29 01:00:00,0.613,6.59297316631067,TRUE
2022-08-29 02:00:00,0.618,6.72288319092935,TRUE
2022-08-29 03:00:00,0.614,6.61883684531265,TRUE
2022-08-29 04:00:00,0.617,6.69678278277657,TRUE
2022-08-29 05:00:00,0.613,6.59297316631067,TRUE
2022-08-29 07:00:00,0.614,6.61883684531265,TRUE
2022-08-29 08:00:00,0.615,6.64475964860308,TRUE
2022-08-29 09:00:00,0.613,6.59297316631067,TRUE
2022-08-29 10:00:00,0.615,6.64475964860308,TRUE
2022-08-29 11:00:00,0.615,6.64475964860308,TRUE
2022-08-29 12:00:00,0.613,6.59297316631067,TRUE
2022-08-29 13:00:00,0.609,6.49010891804143,TRUE
2022-08-29 14:00:00,0.61,6.51573648755723,TRUE
2022-08-29 15:00:00,0.616,6.67074161487318,TRUE
2022-08-29 16:00:00,0.619,6.74904287791021,TRUE
2022-08-29 17:00:00,0.621,6.80154024248452,TRUE
2022-08-29 18:00:00,0.625,6.90724801090296,TRUE
2022-08-29 19:00:00,0.623,6.85427518438454,TRUE
2022-08-29 20:00:00,0.623,6.85427518438454,TRUE
2022-08-29 21:00:00,0.621,6.80154024248452,TRUE
2022-08-29 22:00:00,0.624,6.88073184288372,TRUE
2022-08-29 23:00:00,0.624,6.88073184288372,TRUE
2022-08-30,0.624,6.88073184288372,TRUE
2022-08-30 01:00:00,0.619,6.74904287791021,TRUE
2022-08-30 02:00:00,0.616,6.67074161487318,TRUE
2022-08-30 03:00:00,0.62,6.77526188226055,TRUE
2022-08-30 04:00:00,0.619,6.74904287791021,TRUE
2022-08-30 05:00:00,0.613,6.59297316631067,TRUE
2022-08-30 07:00:00,0.615,6.64475964860308,TRUE
2022-08-30 08:00:00,0.614,6.61883684531265,TRUE
2022-08-30 09:00:00,0.614,6.61883684531265,TRUE
2022-08-30 10:00:00,0.607,6.43903053088559,TRUE
2022-08-30 11:00:00,0.608,6.46454027879052,TRUE
2022-08-30 12:00:00,0.609,6.49010891804143,TRUE
2022-08-30 13:00:00,0.608,6.46454027879052,TRUE
2022-08-30 14:00:00,0.609,6.49010891804143,TRUE
2022-08-30 15:00:00,0.609,6.49010891804143,TRUE
2022-08-30 16:00:00,0.611,6.54142302621863,TRUE
2022-08-30 17:00:00,0.614,6.61883684531265,TRUE
2022-08-30 18:00:00,0.622,6.82787799704917,TRUE
2022-08-30 19:00:00,0.62,6.77526188226055,TRUE
2022-08-30 20:00:00,0.623,6.85427518438454,TRUE
2022-08-30 21:00:00,0.622,6.82787799704917,TRUE
2022-08-30 22:00:00,0.626,6.93382372676178,TRUE
2022-08-30 23:00:00,0.625,6.90724801090296,TRUE
2022-08-31,0.623,6.85427518438454,TRUE
2022-08-31 01:00:00,0.619,6.74904287791021,TRUE
2022-08-31 02:00:00,0.617,6.69678278277657,TRUE
2022-08-31 03:00:00,0.614,6.61883684531265,TRUE
2022-08-31 04:00:00,0.615,6.64475964860308,TRUE
2022-08-31 05:00:00,0.614,6.61883684531265,TRUE
2022-08-31 07:00:00,0.611,6.54142302621863,TRUE
2022-08-31 08:00:00,0.613,6.59297316631067,TRUE
2022-08-31 09:00:00,0.611,6.54142302621863,TRUE
2022-08-31 10:00:00,0.607,6.43903053088559,TRUE
2022-08-31 11:00:00,0.607,6.43903053088559,TRUE
2022-08-31 12:00:00,0.61,6.51573648755723,TRUE
2022-08-31 13:00:00,0.608,6.46454027879052,TRUE
2022-08-31 14:00:00,0.61,6.51573648755723,TRUE
2022-08-31 15:00:00,0.61,6.51573648755723,TRUE
2022-08-31 16:00:00,0.612,6.56716857286824,TRUE
2022-08-31 17:00:00,0.617,6.69678278277657,TRUE
2022-08-31 18:00:00,0.619,6.74904287791021,TRUE
2022-08-31 19:00:00,0.625,6.90724801090296,TRUE
2022-08-31 20:00:00,0.621,6.80154024248452,TRUE
2022-08-31 21:00:00,0.622,6.82787799704917,TRUE
2022-08-31 22:00:00,0.624,6.88073184288372,TRUE
2022-08-31 23:00:00,0.622,6.82787799704917,TRUE
2022-09-01,0.621,6.80154024248452,TRUE
2022-09-01 01:00:00,0.616,6.67074161487318,TRUE
2022-09-01 02:00:00,0.613,6.59297316631067,TRUE
2022-09-01 03:00:00,0.614,6.61883684531265,TRUE
2022-09-01 04:00:00,0.613,6.59297316631067,TRUE
2022-09-01 05:00:00,0.605,6.38818755324646,TRUE
2022-09-01 07:00:00,0.605,6.38818755324646,TRUE
2022-09-01 08:00:00,0.613,6.59297316631067,TRUE
2022-09-01 09:00:00,0.63,7.04072283370263,TRUE
2022-09-01 10:00:00,0.628,6.98715395509312,TRUE
2022-09-01 11:00:00,0.613,6.59297316631067,TRUE
2022-09-01 12:00:00,0.602,6.31236379670245,TRUE
2022-09-01 13:00:00,0.601,6.28720657742462,TRUE
2022-09-01 14:00:00,0.617,6.69678278277657,TRUE
2022-09-01 15:00:00,0.625,6.90724801090296,TRUE
2022-09-01 16:00:00,0.61,6.51573648755723,TRUE
2022-09-01 17:00:00,0.602,6.31236379670245,TRUE
2022-09-01 18:00:00,0.601,6.28720657742462,TRUE
2022-09-01 19:00:00,0.619,6.74904287791021,TRUE
2022-09-01 20:00:00,0.621,6.80154024248452,TRUE
2022-09-01 21:00:00,0.608,6.46454027879052,TRUE
2022-09-01 22:00:00,0.593,6.088055765179,TRUE
2022-09-01 23:00:00,0.595,6.13749286194966,TRUE
2022-09-02,0.61,6.51573648755723,TRUE
2022-09-02 01:00:00,0.608,6.46454027879052,TRUE
2022-09-02 02:00:00,0.596,6.16229896341971,TRUE
2022-09-02 03:00:00,0.585,5.89263632574102,TRUE
2022-09-02 04:00:00,0.592,6.06342469090982,TRUE
2022-09-02 05:00:00,0.603,6.33757967300502,TRUE
2022-09-02 07:00:00,0.598,6.21208646965321,TRUE
2022-09-02 08:00:00,0.591,6.03885188000599,TRUE
2022-09-02 09:00:00,0.594,6.11274514235756,TRUE
2022-09-02 10:00:00,0.607,6.43903053088559,TRUE
2022-09-02 11:00:00,0.606,6.41357963536944,TRUE
2022-09-02 12:00:00,0.6,6.26210797598242,TRUE
2022-09-02 13:00:00,0.596,6.16229896341971,TRUE
2022-09-02 14:00:00,0.601,6.28720657742462,TRUE
2022-09-02 15:00:00,0.611,6.54142302621863,TRUE
2022-09-02 16:00:00,0.613,6.59297316631067,TRUE
2022-09-02 17:00:00,0.605,6.38818755324646,TRUE
2022-09-02 18:00:00,0.601,6.28720657742462,TRUE
2022-09-02 19:00:00,0.605,6.38818755324646,TRUE
2022-09-02 20:00:00,0.616,6.67074161487318,TRUE
2022-09-02 21:00:00,0.612,6.56716857286824,TRUE
2022-09-02 22:00:00,0.604,6.36285424548256,TRUE
2022-09-02 23:00:00,0.599,6.2370679531477,TRUE
2022-09-03,0.602,6.31236379670245,TRUE
2022-09-03 01:00:00,0.608,6.46454027879052,TRUE
2022-09-03 02:00:00,0.606,6.41357963536944,TRUE
2022-09-03 03:00:00,0.594,6.11274514235756,TRUE
2022-09-03 04:00:00,0.59,6.01433729288353,TRUE
2022-09-03 05:00:00,0.594,6.11274514235756,TRUE
2022-09-03 07:00:00,0.602,6.31236379670245,TRUE
2022-09-03 08:00:00,0.598,6.21208646965321,TRUE
2022-09-03 09:00:00,0.593,6.088055765179,TRUE
2022-09-03 10:00:00,0.595,6.13749286194966,TRUE
2022-09-03 11:00:00,0.602,6.31236379670245,TRUE
2022-09-03 12:00:00,0.603,6.33757967300502,TRUE
2022-09-03 13:00:00,0.594,6.11274514235756,TRUE
2022-09-03 14:00:00,0.589,5.98988088991837,TRUE
2022-09-03 15:00:00,0.595,6.13749286194966,TRUE
2022-09-03 16:00:00,0.603,6.33757967300502,TRUE
2022-09-03 17:00:00,0.605,6.38818755324646,TRUE
2022-09-03 18:00:00,0.604,6.36285424548256,TRUE
2022-09-03 19:00:00,0.596,6.16229896341971,TRUE
2022-09-03 20:00:00,0.603,6.33757967300502,TRUE
2022-09-03 21:00:00,0.606,6.41357963536944,TRUE
2022-09-03 22:00:00,0.605,6.38818755324646,TRUE
2022-09-03 23:00:00,0.592,6.06342469090982,TRUE
2022-09-04,0.587,5.94114247776274,TRUE
2022-09-04 01:00:00,0.583,5.84436211540695,TRUE
2022-09-04 02:00:00,0.604,6.36285424548256,TRUE
2022-09-04 03:00:00,0.597,6.18716348619248,TRUE
2022-09-04 04:00:00,0.595,6.13749286194966,TRUE
2022-09-04 05:00:00,0.586,5.9168603891228,TRUE
2022-09-04 07:00:00,0.595,6.13749286194966,TRUE
2022-09-04 08:00:00,0.592,6.06342469090982,TRUE
2022-09-04 09:00:00,0.578,5.72468923876137,TRUE
2022-09-04 10:00:00,0.581,5.79631952766257,TRUE
2022-09-04 11:00:00,0.59,6.01433729288353,TRUE
2022-09-04 12:00:00,0.591,6.03885188000599,TRUE
2022-09-04 13:00:00,0.585,5.89263632574102,TRUE
2022-09-04 14:00:00,0.576,5.67722430712841,TRUE
2022-09-04 15:00:00,0.586,5.9168603891228,TRUE
2022-09-04 16:00:00,0.594,6.11274514235756,TRUE
2022-09-04 17:00:00,0.599,6.2370679531477,TRUE
2022-09-04 18:00:00,0.589,5.98988088991837,TRUE
2022-09-04 19:00:00,0.582,5.82031188868022,TRUE
2022-09-04 20:00:00,0.59,6.01433729288353,TRUE
2022-09-04 21:00:00,0.597,6.18716348619248,TRUE
2022-09-04 22:00:00,0.601,6.28720657742462,TRUE
2022-09-04 23:00:00,0.592,6.06342469090982,TRUE
2022-09-05,0.58,5.77238499236432,TRUE
2022-09-05 01:00:00,0.585,5.89263632574102,TRUE
2022-09-05 02:00:00,0.59,6.01433729288353,TRUE
2022-09-05 03:00:00,0.588,5.96548263144629,TRUE
2022-09-05 04:00:00,0.578,5.72468923876137,TRUE
2022-09-05 05:00:00,0.573,5.60645899761156,TRUE
2022-09-05 07:00:00,0.586,5.9168603891228,TRUE
2022-09-05 08:00:00,0.587,5.94114247776274,TRUE
2022-09-05 09:00:00,0.58,5.77238499236432,TRUE
2022-09-05 10:00:00,0.578,5.72468923876137,TRUE
2022-09-05 11:00:00,0.582,5.82031188868022,TRUE
2022-09-05 12:00:00,0.588,5.96548263144629,TRUE
2022-09-05 13:00:00,0.588,5.96548263144629,TRUE
2022-09-05 14:00:00,0.58,5.77238499236432,TRUE
2022-09-05 15:00:00,0.584,5.86847024779133,TRUE
2022-09-05 16:00:00,0.584,5.86847024779133,TRUE
2022-09-05 17:00:00,0.594,6.11274514235756,TRUE
2022-09-05 18:00:00,0.59,6.01433729288353,TRUE
2022-09-05 19:00:00,0.578,5.72468923876137,TRUE
2022-09-05 20:00:00,0.577,5.70092794027099,TRUE
2022-09-05 21:00:00,0.579,5.74850824275464,TRUE
2022-09-05 22:00:00,0.584,5.86847024779133,TRUE
2022-09-05 23:00:00,0.585,5.89263632574102,TRUE
2022-09-06,0.578,5.72468923876137,TRUE
2022-09-06 01:00:00,0.57,5.53621122663198,TRUE
2022-09-06 02:00:00,0.572,5.58298562347501,TRUE
2022-09-06 03:00:00,0.576,5.67722430712841,TRUE
2022-09-06 04:00:00,0.575,5.65357829913693,TRUE
2022-09-06 05:00:00,0.568,5.48966636210625,TRUE
2022-09-06 07:00:00,0.579,5.74850824275464,TRUE
2022-09-06 08:00:00,0.586,5.9168603891228,TRUE
2022-09-06 09:00:00,0.584,5.86847024779133,TRUE
2022-09-06 10:00:00,0.577,5.70092794027099,TRUE
2022-09-06 11:00:00,0.573,5.60645899761156,TRUE
2022-09-06 12:00:00,0.575,5.65357829913693,TRUE
2022-09-06 13:00:00,0.578,5.72468923876137,TRUE
2022-09-06 14:00:00,0.576,5.67722430712841,TRUE
2022-09-06 15:00:00,0.576,5.67722430712841,TRUE
2022-09-06 16:00:00,0.578,5.72468923876137,TRUE
2022-09-06 17:00:00,0.585,5.89263632574102,TRUE
2022-09-06 18:00:00,0.588,5.96548263144629,TRUE
2022-09-06 19:00:00,0.585,5.89263632574102,TRUE
2022-09-06 20:00:00,0.578,5.72468923876137,TRUE
2022-09-06 21:00:00,0.581,5.79631952766257,TRUE
2022-09-06 22:00:00,0.582,5.82031188868022,TRUE
2022-09-06 23:00:00,0.584,5.86847024779133,TRUE
2022-09-07,0.579,5.74850824275464,TRUE
2022-09-07 01:00:00,0.576,5.67722430712841,TRUE
2022-09-07 02:00:00,0.575,5.65357829913693,TRUE
2022-09-07 03:00:00,0.577,5.70092794027099,TRUE
2022-09-07 04:00:00,0.586,5.9168603891228,TRUE
2022-09-07 05:00:00,0.579,5.74850824275464,TRUE
2022-09-07 07:00:00,0.576,5.67722430712841,TRUE
2022-09-07 08:00:00,0.576,5.67722430712841,TRUE
2022-09-07 09:00:00,0.581,5.79631952766257,TRUE
2022-09-07 10:00:00,0.572,5.58298562347501,TRUE
2022-09-07 11:00:00,0.572,5.58298562347501,TRUE
2022-09-07 12:00:00,0.566,5.44335070579576,TRUE
2022-09-07 13:00:00,0.575,5.65357829913693,TRUE
2022-09-07 14:00:00,0.569,5.51291012306986,TRUE
2022-09-07 15:00:00,0.57,5.53621122663198,TRUE
2022-09-07 16:00:00,0.567,5.46647990320712,TRUE
2022-09-07 17:00:00,0.57,5.53621122663198,TRUE
2022-09-07 18:00:00,0.588,5.96548263144629,TRUE
2022-09-07 19:00:00,0.583,5.84436211540695,TRUE
2022-09-07 20:00:00,0.575,5.65357829913693,TRUE
2022-09-07 21:00:00,0.568,5.48966636210625,TRUE
2022-09-07 22:00:00,0.567,5.46647990320712,TRUE
2022-09-07 23:00:00,0.58,5.77238499236432,TRUE
2022-09-08,0.577,5.70092794027099,TRUE
2022-09-08 01:00:00,0.569,5.51291012306986,TRUE
2022-09-08 02:00:00,0.558,5.2603736566726,TRUE
2022-09-08 03:00:00,0.564,5.39726393291527,TRUE
2022-09-08 04:00:00,0.573,5.60645899761156,TRUE
2022-09-08 05:00:00,0.567,5.46647990320712,TRUE
2022-09-08 07:00:00,0.562,5.35140571799251,TRUE
2022-09-08 08:00:00,0.564,5.39726393291527,TRUE
2022-09-08 09:00:00,0.568,5.48966636210625,TRUE
2022-09-08 10:00:00,0.566,5.44335070579576,TRUE
2022-09-08 11:00:00,0.563,5.37430627607813,TRUE
2022-09-08 12:00:00,0.56,5.3057757348643,TRUE
2022-09-08 13:00:00,0.566,5.44335070579576,TRUE
2022-09-08 14:00:00,0.564,5.39726393291527,TRUE
2022-09-08 15:00:00,0.573,5.60645899761156,TRUE
2022-09-08 16:00:00,0.564,5.39726393291527,TRUE
2022-09-08 17:00:00,0.564,5.39726393291527,TRUE
2022-09-08 18:00:00,0.575,5.65357829913693,TRUE
2022-09-08 19:00:00,0.581,5.79631952766257,TRUE
2022-09-08 20:00:00,0.589,5.98988088991837,TRUE
2022-09-08 21:00:00,0.582,5.82031188868022,TRUE
2022-09-08 22:00:00,0.58,5.77238499236432,TRUE
2022-09-08 23:00:00,0.579,5.74850824275464,TRUE
2022-09-09,0.577,5.70092794027099,TRUE
2022-09-09 01:00:00,0.571,5.55956971328403,TRUE
2022-09-09 02:00:00,0.567,5.46647990320712,TRUE
2022-09-09 03:00:00,0.561,5.32856221786638,TRUE
2022-09-09 04:00:00,0.567,5.46647990320712,TRUE
2022-09-09 05:00:00,0.562,5.35140571799251,TRUE
2022-09-09 07:00:00,0.555,5.19269714441828,TRUE
2022-09-09 08:00:00,0.557,5.23775797959382,TRUE
2022-09-09 09:00:00,0.559,5.28304622810726,TRUE
2022-09-09 10:00:00,0.56,5.3057757348643,TRUE
2022-09-09 11:00:00,0.548,5.03677035058702,TRUE
2022-09-09 12:00:00,0.551,5.10325639892145,TRUE
2022-09-09 13:00:00,0.542,4.90532215340718,TRUE
2022-09-09 14:00:00,0.552,5.12553157262966,TRUE
2022-09-09 15:00:00,0.555,5.19269714441828,TRUE
2022-09-09 16:00:00,0.56,5.3057757348643,TRUE
2022-09-09 17:00:00,0.56,5.3057757348643,TRUE
2022-09-09 18:00:00,0.566,5.44335070579576,TRUE
2022-09-09 19:00:00,0.572,5.58298562347501,TRUE
2022-09-09 20:00:00,0.567,5.46647990320712,TRUE
2022-09-09 21:00:00,0.565,5.42027872925263,TRUE
2022-09-09 22:00:00,0.563,5.37430627607813,TRUE
2022-09-09 23:00:00,0.566,5.44335070579576,TRUE
2022-09-10,0.563,5.37430627607813,TRUE
2022-09-10 01:00:00,0.553,5.147863393968,TRUE
2022-09-10 02:00:00,0.55,5.08103783156673,TRUE
2022-09-10 03:00:00,0.546,4.99272879857867,TRUE
2022-09-10 04:00:00,0.549,5.05887582924406,TRUE
2022-09-10 05:00:00,0.546,4.99272879857867,TRUE
2022-09-10 07:00:00,0.544,4.94891284370638,TRUE
2022-09-10 08:00:00,0.54,4.86195639438613,TRUE
2022-09-10 09:00:00,0.542,4.90532215340718,TRUE
2022-09-10 10:00:00,0.541,4.88361117834653,TRUE
2022-09-10 11:00:00,0.539,4.84035775974904,TRUE
2022-09-10 12:00:00,0.536,4.77589833331302,TRUE
2022-09-10 13:00:00,0.538,4.81881523261203,TRUE
2022-09-10 14:00:00,0.539,4.84035775974904,TRUE
2022-09-10 15:00:00,0.544,4.94891284370638,TRUE
2022-09-10 16:00:00,0.549,5.05887582924406,TRUE
2022-09-10 17:00:00,0.553,5.147863393968,TRUE
2022-09-10 18:00:00,0.556,5.21519915586053,TRUE
2022-09-10 19:00:00,0.556,5.21519915586053,TRUE
2022-09-10 20:00:00,0.554,5.17025190416841,TRUE
2022-09-10 21:00:00,0.557,5.23775797959382,TRUE
2022-09-10 22:00:00,0.552,5.12553157262966,TRUE
2022-09-10 23:00:00,0.549,5.05887582924406,TRUE
2022-09-11,0.549,5.05887582924406,TRUE
2022-09-11 01:00:00,0.546,4.99272879857867,TRUE
2022-09-11 02:00:00,0.542,4.90532215340718,TRUE
2022-09-11 03:00:00,0.539,4.84035775974904,TRUE
2022-09-11 04:00:00,0.543,4.92708936129887,TRUE
2022-09-11 05:00:00,0.541,4.88361117834653,TRUE
2022-09-11 07:00:00,0.54,4.86195639438613,TRUE
2022-09-11 08:00:00,0.54,4.86195639438613,TRUE
2022-09-11 09:00:00,0.538,4.81881523261203,TRUE
2022-09-11 10:00:00,0.539,4.84035775974904,TRUE
2022-09-11 11:00:00,0.543,4.92708936129887,TRUE
2022-09-11 12:00:00,0.544,4.94891284370638,TRUE
2022-09-11 13:00:00,0.542,4.90532215340718,TRUE
2022-09-11 14:00:00,0.539,4.84035775974904,TRUE
2022-09-11 15:00:00,0.542,4.90532215340718,TRUE
2022-09-11 16:00:00,0.543,4.92708936129887,TRUE
2022-09-11 17:00:00,0.548,5.03677035058702,TRUE
2022-09-11 18:00:00,0.551,5.10325639892145,TRUE
2022-09-11 19:00:00,0.553,5.147863393968,TRUE
2022-09-11 20:00:00,0.548,5.03677035058702,TRUE
2022-09-11 21:00:00,0.546,4.99272879857867,TRUE
2022-09-11 22:00:00,0.553,5.147863393968,TRUE
2022-09-11 23:00:00,0.547,5.01472135418413,TRUE
2022-09-12,0.546,4.99272879857867,TRUE
2022-09-12 01:00:00,0.543,4.92708936129887,TRUE
2022-09-12 02:00:00,0.539,4.84035775974904,TRUE
2022-09-12 03:00:00,0.535,4.75452387727186,TRUE
2022-09-12 04:00:00,0.542,4.90532215340718,TRUE
2022-09-12 05:00:00,0.54,4.86195639438613,TRUE
2022-09-12 07:00:00,0.535,4.75452387727186,TRUE
2022-09-12 08:00:00,0.535,4.75452387727186,TRUE
2022-09-12 09:00:00,0.546,4.99272879857867,TRUE
2022-09-12 10:00:00,0.538,4.81881523261203,TRUE
2022-09-12 11:00:00,0.54,4.86195639438613,TRUE
2022-09-12 12:00:00,0.534,4.73320536097219,TRUE
2022-09-12 13:00:00,0.536,4.77589833331302,TRUE
2022-09-12 14:00:00,0.535,4.75452387727186,TRUE
2022-09-12 15:00:00,0.534,4.73320536097219,TRUE
2022-09-12 16:00:00,0.539,4.84035775974904,TRUE
2022-09-12 17:00:00,0.54,4.86195639438613,TRUE
2022-09-12 18:00:00,0.545,4.9707926422686,TRUE
2022-09-12 19:00:00,0.546,4.99272879857867,TRUE
2022-09-12 20:00:00,0.551,5.10325639892145,TRUE
2022-09-12 21:00:00,0.545,4.9707926422686,TRUE
2022-09-12 22:00:00,0.545,4.9707926422686,TRUE
2022-09-12 23:00:00,0.547,5.01472135418413,TRUE
2022-09-13,0.542,4.90532215340718,TRUE
2022-09-13 01:00:00,0.546,4.99272879857867,TRUE
2022-09-13 02:00:00,0.542,4.90532215340718,TRUE
2022-09-13 03:00:00,0.553,5.147863393968,TRUE
2022-09-13 04:00:00,0.546,4.99272879857867,TRUE
2022-09-13 05:00:00,0.543,4.92708936129887,TRUE
2022-09-13 07:00:00,0.539,4.84035775974904,TRUE
2022-09-13 08:00:00,0.539,4.84035775974904,TRUE
2022-09-13 09:00:00,0.544,4.94891284370638,TRUE
2022-09-13 10:00:00,0.538,4.81881523261203,TRUE
2022-09-13 11:00:00,0.527,4.58553852091313,TRUE
2022-09-13 12:00:00,0.534,4.73320536097219,TRUE
2022-09-13 13:00:00,0.534,4.73320536097219,TRUE
2022-09-13 14:00:00,0.53,4.64848985134554,TRUE
2022-09-13 15:00:00,0.532,4.69073597932316,TRUE
2022-09-13 16:00:00,0.528,4.60646663926043,TRUE
2022-09-13 17:00:00,0.529,4.62745040195736,TRUE
2022-09-13 18:00:00,0.533,4.71194274235725,TRUE
2022-09-13 19:00:00,0.535,4.75452387727186,TRUE
2022-09-13 20:00:00,0.536,4.77589833331302,TRUE
2022-09-13 21:00:00,0.532,4.69073597932316,TRUE
2022-09-13 22:00:00,0.541,4.88361117834653,TRUE
2022-09-13 23:00:00,0.539,4.84035775974904,TRUE
2022-09-14,0.537,4.79732877110543,TRUE
2022-09-14 01:00:00,0.537,4.79732877110543,TRUE
2022-09-14 02:00:00,0.534,4.73320536097219,TRUE
2022-09-14 03:00:00,0.535,4.75452387727186,TRUE
2022-09-14 04:00:00,0.538,4.81881523261203,TRUE
2022-09-14 05:00:00,0.536,4.77589833331302,TRUE
2022-09-14 07:00:00,0.531,4.66958502971877,TRUE
2022-09-14 08:00:00,0.535,4.75452387727186,TRUE
2022-09-14 09:00:00,0.533,4.71194274235725,TRUE
2022-09-14 10:00:00,0.529,4.62745040195736,TRUE
2022-09-14 11:00:00,0.526,4.56466600452584,TRUE
2022-09-14 12:00:00,0.527,4.58553852091313,TRUE
2022-09-14 13:00:00,0.526,4.56466600452584,TRUE
2022-09-14 14:00:00,0.525,4.54384904766081,TRUE
2022-09-14 15:00:00,0.527,4.58553852091313,TRUE
2022-09-14 16:00:00,0.526,4.56466600452584,TRUE
2022-09-14 17:00:00,0.531,4.66958502971877,TRUE
2022-09-14 18:00:00,0.533,4.71194274235725,TRUE
2022-09-14 19:00:00,0.536,4.77589833331302,TRUE
2022-09-14 20:00:00,0.536,4.77589833331302,TRUE
2022-09-14 21:00:00,0.532,4.69073597932316,TRUE
2022-09-14 22:00:00,0.535,4.75452387727186,TRUE
2022-09-14 23:00:00,0.535,4.75452387727186,TRUE
2022-09-15,0.534,4.73320536097219,TRUE
2022-09-15 01:00:00,0.531,4.66958502971877,TRUE
2022-09-15 02:00:00,0.527,4.58553852091313,TRUE
2022-09-15 03:00:00,0.528,4.60646663926043,TRUE
2022-09-15 04:00:00,0.53,4.64848985134554,TRUE
2022-09-15 05:00:00,0.525,4.54384904766081,TRUE
2022-09-15 07:00:00,0.527,4.58553852091313,TRUE
2022-09-15 08:00:00,0.523,4.50238164250507,TRUE
2022-09-15 09:00:00,0.527,4.58553852091313,TRUE
2022-09-15 10:00:00,0.524,4.52308760783203,TRUE
2022-09-15 11:00:00,0.522,4.4817311090969,TRUE
2022-09-15 12:00:00,0.523,4.50238164250507,TRUE
2022-09-15 13:00:00,0.52,4.44059616746122,TRUE
2022-09-15 14:00:00,0.522,4.4817311090969,TRUE
2022-09-15 15:00:00,0.525,4.54384904766081,TRUE
2022-09-15 16:00:00,0.526,4.56466600452584,TRUE
2022-09-15 17:00:00,0.531,4.66958502971877,TRUE
2022-09-15 18:00:00,0.532,4.69073597932316,TRUE
2022-09-15 19:00:00,0.532,4.69073597932316,TRUE
2022-09-15 20:00:00,0.532,4.69073597932316,TRUE
2022-09-15 21:00:00,0.532,4.69073597932316,TRUE
2022-09-15 22:00:00,0.532,4.69073597932316,TRUE
2022-09-15 23:00:00,0.527,4.58553852091313,TRUE
2022-09-16,0.528,4.60646663926043,TRUE
2022-09-16 01:00:00,0.525,4.54384904766081,TRUE
2022-09-16 02:00:00,0.525,4.54384904766081,TRUE
2022-09-16 03:00:00,0.522,4.4817311090969,TRUE
2022-09-16 04:00:00,0.525,4.54384904766081,TRUE
2022-09-16 05:00:00,0.524,4.52308760783203,TRUE
2022-09-16 07:00:00,0.525,4.54384904766081,TRUE
2022-09-16 08:00:00,0.524,4.52308760783203,TRUE
2022-09-16 09:00:00,0.521,4.46113596497582,TRUE
2022-09-16 10:00:00,0.522,4.4817311090969,TRUE
2022-09-16 11:00:00,0.522,4.4817311090969,TRUE
2022-09-16 12:00:00,0.522,4.4817311090969,TRUE
2022-09-16 13:00:00,0.524,4.52308760783203,TRUE
2022-09-16 14:00:00,0.524,4.52308760783203,TRUE
2022-09-16 15:00:00,0.527,4.58553852091313,TRUE
2022-09-16 16:00:00,0.526,4.56466600452584,TRUE
2022-09-16 17:00:00,0.532,4.69073597932316,TRUE
2022-09-16 18:00:00,0.536,4.77589833331302,TRUE
2022-09-16 19:00:00,0.528,4.60646663926043,TRUE
2022-09-16 20:00:00,0.527,4.58553852091313,TRUE
2022-09-16 21:00:00,0.528,4.60646663926043,TRUE
2022-09-16 22:00:00,0.525,4.54384904766081,TRUE
2022-09-16 23:00:00,0.527,4.58553852091313,TRUE
2022-09-17,0.525,4.54384904766081,TRUE
2022-09-17 01:00:00,0.521,4.46113596497582,TRUE
2022-09-17 02:00:00,0.518,4.39968244128388,TRUE
2022-09-17 03:00:00,0.519,4.4201116738235,TRUE
2022-09-17 04:00:00,0.517,4.37930842701428,TRUE
2022-09-17 05:00:00,0.517,4.37930842701428,TRUE
2022-09-17 07:00:00,0.513,4.29836369433934,TRUE
2022-09-17 08:00:00,0.515,4.3387258817252,TRUE
2022-09-17 09:00:00,0.52,4.44059616746122,TRUE
2022-09-17 10:00:00,0.519,4.4201116738235,TRUE
2022-09-17 11:00:00,0.519,4.4201116738235,TRUE
2022-09-17 12:00:00,0.517,4.37930842701428,TRUE
2022-09-17 13:00:00,0.518,4.39968244128388,TRUE
2022-09-17 14:00:00,0.519,4.4201116738235,TRUE
2022-09-17 15:00:00,0.521,4.46113596497582,TRUE
2022-09-17 16:00:00,0.516,4.35898958813711,TRUE
2022-09-17 17:00:00,0.521,4.46113596497582,TRUE
2022-09-17 18:00:00,0.524,4.52308760783203,TRUE
2022-09-17 19:00:00,0.523,4.50238164250507,TRUE
2022-09-17 20:00:00,0.522,4.4817311090969,TRUE
2022-09-17 21:00:00,0.519,4.4201116738235,TRUE
2022-09-17 22:00:00,0.518,4.39968244128388,TRUE
2022-09-17 23:00:00,0.524,4.52308760783203,TRUE
2022-09-18,0.525,4.54384904766081,TRUE
2022-09-18 01:00:00,0.518,4.39968244128388,TRUE
2022-09-18 02:00:00,0.513,4.29836369433934,TRUE
2022-09-18 03:00:00,0.517,4.37930842701428,TRUE
2022-09-18 04:00:00,0.512,4.27826512726149,TRUE
2022-09-18 05:00:00,0.518,4.39968244128388,TRUE
2022-09-18 07:00:00,0.52,4.44059616746122,TRUE
2022-09-18 08:00:00,0.515,4.3387258817252,TRUE
2022-09-18 09:00:00,0.516,4.35898958813711,TRUE
2022-09-18 10:00:00,0.52,4.44059616746122,TRUE
2022-09-18 11:00:00,0.514,4.31851726480158,TRUE
2022-09-18 12:00:00,0.514,4.31851726480158,TRUE
2022-09-18 13:00:00,0.51,4.23823283069968,TRUE
2022-09-18 14:00:00,0.512,4.27826512726149,TRUE
2022-09-18 15:00:00,0.516,4.35898958813711,TRUE
2022-09-18 16:00:00,0.517,4.37930842701428,TRUE
2022-09-18 17:00:00,0.515,4.3387258817252,TRUE
2022-09-18 18:00:00,0.52,4.44059616746122,TRUE
2022-09-18 19:00:00,0.517,4.37930842701428,TRUE
2022-09-18 20:00:00,0.524,4.52308760783203,TRUE
2022-09-18 21:00:00,0.523,4.50238164250507,TRUE
2022-09-18 22:00:00,0.516,4.35898958813711,TRUE
2022-09-18 23:00:00,0.517,4.37930842701428,TRUE
2022-09-19,0.52,4.44059616746122,TRUE
2022-09-19 01:00:00,0.515,4.3387258817252,TRUE
2022-09-19 02:00:00,0.511,4.25822152044082,TRUE
2022-09-19 03:00:00,0.514,4.31851726480158,TRUE
2022-09-19 04:00:00,0.515,4.3387258817252,TRUE
2022-09-19 05:00:00,0.512,4.27826512726149,TRUE
2022-09-19 07:00:00,0.516,4.35898958813711,TRUE
2022-09-19 08:00:00,0.518,4.39968244128388,TRUE
2022-09-19 09:00:00,0.509,4.21829901480988,TRUE
2022-09-19 10:00:00,0.512,4.27826512726149,TRUE
2022-09-19 11:00:00,0.515,4.3387258817252,TRUE
2022-09-19 12:00:00,0.512,4.27826512726149,TRUE
2022-09-19 13:00:00,0.511,4.25822152044082,TRUE
2022-09-19 14:00:00,0.508,4.19842002949252,TRUE
2022-09-19 15:00:00,0.508,4.19842002949252,TRUE
2022-09-19 16:00:00,0.513,4.29836369433934,TRUE
2022-09-19 17:00:00,0.514,4.31851726480158,TRUE
2022-09-19 18:00:00,0.514,4.31851726480158,TRUE
2022-09-19 19:00:00,0.51,4.23823283069968,TRUE
2022-09-19 20:00:00,0.517,4.37930842701428,TRUE
2022-09-19 21:00:00,0.514,4.31851726480158,TRUE
2022-09-19 22:00:00,0.508,4.19842002949252,TRUE
2022-09-19 23:00:00,0.509,4.21829901480988,TRUE
2022-09-20,0.506,4.15882637720492,TRUE
2022-09-20 01:00:00,0.508,4.19842002949252,TRUE
2022-09-20 02:00:00,0.518,4.39968244128388,TRUE
2022-09-20 03:00:00,0.515,4.3387258817252,TRUE
2022-09-20 04:00:00,0.516,4.35898958813711,TRUE
2022-09-20 05:00:00,0.51,4.23823283069968,TRUE
2022-09-20 07:00:00,0.513,4.29836369433934,TRUE
2022-09-20 08:00:00,0.516,4.35898958813711,TRUE
2022-09-20 09:00:00,0.516,4.35898958813711,TRUE
2022-09-20 10:00:00,0.514,4.31851726480158,TRUE
2022-09-20 11:00:00,0.514,4.31851726480158,TRUE
2022-09-20 12:00:00,0.513,4.29836369433934,TRUE
2022-09-20 13:00:00,0.512,4.27826512726149,TRUE
2022-09-20 14:00:00,0.506,4.15882637720492,TRUE
2022-09-20 15:00:00,0.505,4.13911162342185,TRUE
2022-09-20 16:00:00,0.509,4.21829901480988,TRUE
2022-09-20 17:00:00,0.513,4.29836369433934,TRUE
2022-09-20 18:00:00,0.516,4.35898958813711,TRUE
2022-09-20 19:00:00,0.512,4.27826512726149,TRUE
2022-09-20 20:00:00,0.514,4.31851726480158,TRUE
2022-09-20 21:00:00,0.517,4.37930842701428,TRUE
