"date_time","umc_level","discharge_m3_s","is_measurement_on_hour"
2022-04-29 01:00:00,0.722,4.84699312024011,TRUE
2022-04-29 02:00:00,0.718,4.77448577239575,TRUE
2022-04-29 03:00:00,0.718,4.77448577239575,TRUE
2022-04-29 04:00:00,0.719,4.79254794067339,TRUE
2022-04-29 05:00:00,0.725,4.90182720840645,TRUE
2022-04-29 07:00:00,0.735,5.08743106105975,TRUE
2022-04-29 08:00:00,0.728,4.95705135666971,TRUE
2022-04-29 09:00:00,0.73,4.99408472358747,TRUE
2022-04-29 10:00:00,0.726,4.92019186099214,TRUE
2022-04-29 11:00:00,0.73,4.99408472358747,TRUE
2022-04-29 12:00:00,0.728,4.95705135666971,TRUE
2022-04-29 13:00:00,0.73,4.99408472358747,TRUE
2022-04-29 14:00:00,0.729,4.97554628493956,TRUE
2022-04-29 15:00:00,0.731,5.01266671516048,TRUE
2022-04-29 16:00:00,0.736,5.10623145487968,TRUE
2022-04-29 17:00:00,0.739,5.16289565318863,TRUE
2022-04-29 18:00:00,0.736,5.10623145487968,TRUE
2022-04-29 19:00:00,0.734,5.06867443264989,TRUE
2022-04-29 20:00:00,0.728,4.95705135666971,TRUE
2022-04-29 21:00:00,0.729,4.97554628493956,TRUE
2022-04-29 22:00:00,0.734,5.06867443264989,TRUE
2022-04-29 23:00:00,0.724,4.88350589584277,TRUE
2022-04-30,0.728,4.95705135666971,TRUE
2022-04-30 01:00:00,0.731,5.01266671516048,TRUE
2022-04-30 02:00:00,0.729,4.97554628493956,TRUE
2022-04-30 03:00:00,0.732,5.0312923021889,TRUE
2022-04-30 04:00:00,0.735,5.08743106105975,TRUE
2022-04-30 05:00:00,0.739,5.16289565318863,TRUE
2022-04-30 07:00:00,0.74,5.18187153295495,TRUE
2022-04-30 08:00:00,0.743,5.23906320657983,TRUE
2022-04-30 09:00:00,0.743,5.23906320657983,TRUE
2022-04-30 10:00:00,0.744,5.25821525039107,TRUE
2022-04-30 11:00:00,0.746,5.29665182083589,TRUE
2022-04-30 12:00:00,0.743,5.23906320657983,TRUE
2022-04-30 13:00:00,0.746,5.29665182083589,TRUE
2022-04-30 14:00:00,0.746,5.29665182083589,TRUE
2022-04-30 15:00:00,0.761,5.59058892842348,TRUE
2022-04-30 16:00:00,0.749,5.35463851780329,TRUE
2022-04-30 17:00:00,0.75,5.37405607682387,TRUE
2022-04-30 18:00:00,0.756,5.4914953156956,TRUE
2022-04-30 19:00:00,0.748,5.3352653169573,TRUE
2022-04-30 20:00:00,0.751,5.39351803623708,TRUE
2022-04-30 21:00:00,0.742,5.21995526729406,TRUE
2022-04-30 22:00:00,0.747,5.31593643205165,TRUE
2022-04-30 23:00:00,0.74,5.18187153295495,TRUE
2022-05-01,0.744,5.25821525039107,TRUE
2022-05-01 01:00:00,0.747,5.31593643205165,TRUE
2022-05-01 02:00:00,0.748,5.3352653169573,TRUE
2022-05-01 03:00:00,0.747,5.31593643205165,TRUE
2022-05-01 04:00:00,0.755,5.47181072161271,TRUE
2022-05-01 05:00:00,0.751,5.39351803623708,TRUE
2022-05-01 07:00:00,0.756,5.4914953156956,TRUE
2022-05-01 08:00:00,0.749,5.35463851780329,TRUE
2022-05-01 09:00:00,0.762,5.61054207394761,TRUE
2022-05-01 10:00:00,0.758,5.53099850605522,TRUE
2022-05-01 11:00:00,0.76,5.57068064663061,TRUE
2022-05-01 12:00:00,0.761,5.59058892842348,TRUE
2022-05-01 13:00:00,0.759,5.55081718652711,TRUE
2022-05-01 14:00:00,0.761,5.59058892842348,TRUE
2022-05-01 15:00:00,0.761,5.59058892842348,TRUE
2022-05-01 16:00:00,0.759,5.55081718652711,TRUE
2022-05-01 17:00:00,0.765,5.67067111308886,TRUE
2022-05-01 18:00:00,0.763,5.63054012522905,TRUE
2022-05-01 19:00:00,0.768,5.73120543780073,TRUE
2022-05-01 20:00:00,0.763,5.63054012522905,TRUE
2022-05-01 21:00:00,0.761,5.59058892842348,TRUE
2022-05-01 22:00:00,0.765,5.67067111308886,TRUE
2022-05-01 23:00:00,0.767,5.7109822278952,TRUE
2022-05-02,0.777,5.91525144476559,TRUE
2022-05-02 01:00:00,0.78,5.97741822484577,TRUE
2022-05-02 02:00:00,0.778,5.93592811483256,TRUE
2022-05-02 03:00:00,0.78,5.97741822484577,TRUE
2022-05-02 04:00:00,0.789,6.16638868391271,TRUE
2022-05-02 05:00:00,0.798,6.35908793449356,TRUE
2022-05-02 07:00:00,0.813,6.68862174592433,TRUE
2022-05-02 08:00:00,0.811,6.64407557410203,TRUE
2022-05-02 09:00:00,0.816,6.75579382173358,TRUE
2022-05-02 10:00:00,0.82,6.84601691425237,TRUE
2022-05-02 11:00:00,0.824,6.93699707884422,TRUE
2022-05-02 12:00:00,0.826,6.98277188559131,TRUE
2022-05-02 13:00:00,0.821,6.86869087704561,TRUE
2022-05-02 14:00:00,0.833,7.14448411731252,TRUE
2022-05-02 15:00:00,0.835,7.19111765335099,TRUE
2022-05-02 16:00:00,0.839,7.2849602433807,TRUE
2022-05-02 17:00:00,0.836,7.21450629973627,TRUE
2022-05-02 18:00:00,0.839,7.2849602433807,TRUE
2022-05-02 19:00:00,0.842,7.35584705238811,TRUE
2022-05-02 20:00:00,0.856,7.69240798224471,TRUE
2022-05-02 21:00:00,0.842,7.35584705238811,TRUE
2022-05-02 22:00:00,0.842,7.35584705238811,TRUE
2022-05-02 23:00:00,0.852,7.59527681925788,TRUE
2022-05-03,0.848,7.49892367740373,TRUE
2022-05-03 01:00:00,0.865,7.91381121381172,TRUE
2022-05-03 02:00:00,0.871,8.06362348073372,TRUE
2022-05-03 03:00:00,0.89,8.54980233558989,TRUE
2022-05-03 04:00:00,0.895,8.68074264628842,TRUE
2022-05-03 05:00:00,0.9,8.8129420497993,TRUE
2022-05-03 07:00:00,0.903,8.89286814147503,TRUE
2022-05-03 08:00:00,0.922,9.40970428196469,TRUE
2022-05-03 09:00:00,0.922,9.40970428196469,TRUE
2022-05-03 10:00:00,0.92,9.35443069785867,TRUE
2022-05-03 11:00:00,0.927,9.54878918020165,TRUE
2022-05-03 12:00:00,0.941,9.94511099726197,TRUE
2022-05-03 13:00:00,0.924,9.46518363568628,TRUE
2022-05-03 14:00:00,0.919,9.32687096993479,TRUE
2022-05-03 15:00:00,0.931,9.66098640097479,TRUE
2022-05-03 16:00:00,0.939,9.88786977626845,TRUE
2022-05-03 17:00:00,0.944,10.0313643978627,TRUE
2022-05-03 18:00:00,0.934,9.74567807694934,TRUE
2022-05-03 19:00:00,0.933,9.71739565225172,TRUE
2022-05-03 20:00:00,0.929,9.60478434944577,TRUE
2022-05-03 21:00:00,0.933,9.71739565225172,TRUE
2022-05-03 22:00:00,0.938,9.85932736092813,TRUE
2022-05-03 23:00:00,0.953,10.292953853808,TRUE
2022-05-04,0.952,10.2636782054116,TRUE
2022-05-04 01:00:00,0.957,10.4105835389717,TRUE
2022-05-04 02:00:00,0.952,10.2636782054116,TRUE
2022-05-04 03:00:00,0.967,10.7083611673084,TRUE
2022-05-04 04:00:00,0.97,10.7987304644569,TRUE
2022-05-04 05:00:00,0.984,11.2268181564845,TRUE
2022-05-04 07:00:00,1.004,11.8567195943682,TRUE
2022-05-04 08:00:00,1.009,12.0175993261799,TRUE
2022-05-04 09:00:00,1.019,12.3434780046721,TRUE
2022-05-04 10:00:00,1.008,11.9853138182847,TRUE
2022-05-04 11:00:00,1.02,12.3763690840994,TRUE
2022-05-04 12:00:00,1.021,12.409315447603,TRUE
2022-05-04 13:00:00,1.006,11.9209072223734,TRUE
2022-05-04 14:00:00,1.011,12.0823349557029,TRUE
2022-05-04 15:00:00,1.024,12.5084866289102,TRUE
2022-05-04 16:00:00,1.012,12.1147851548387,TRUE
2022-05-04 17:00:00,1.02,12.3763690840994,TRUE
2022-05-04 18:00:00,1.009,12.0175993261799,TRUE
2022-05-04 19:00:00,1.019,12.3434780046721,TRUE
2022-05-04 20:00:00,1.015,12.2124657545617,TRUE
2022-05-04 21:00:00,1.027,12.6081567572659,TRUE
2022-05-04 22:00:00,1.023,12.4753741813855,TRUE
2022-05-04 23:00:00,1.017,12.2778615434355,TRUE
2022-05-05,1.012,12.1147851548387,TRUE
2022-05-05 01:00:00,1.023,12.4753741813855,TRUE
2022-05-05 02:00:00,1.007,11.953083129943,TRUE
2022-05-05 03:00:00,1.034,12.842666590164,TRUE
2022-05-05 04:00:00,1.018,12.3106421706712,TRUE
2022-05-05 05:00:00,1.027,12.6081567572659,TRUE
2022-05-05 07:00:00,1.038,12.977899490322,TRUE
2022-05-05 08:00:00,1.045,13.2167136951175,TRUE
2022-05-05 09:00:00,1.045,13.2167136951175,TRUE
2022-05-05 10:00:00,1.046,13.2510546902443,TRUE
2022-05-05 11:00:00,1.047,13.2854519705729,TRUE
2022-05-05 12:00:00,1.04,13.0458516541292,TRUE
2022-05-05 13:00:00,1.042,13.1140280371773,TRUE
2022-05-05 14:00:00,1.053,13.4930197892754,TRUE
2022-05-05 15:00:00,1.057,13.632528894233,TRUE
2022-05-05 16:00:00,1.071,14.1279718418499,TRUE
2022-05-05 17:00:00,1.053,13.4930197892754,TRUE
2022-05-05 18:00:00,1.046,13.2510546902443,TRUE
2022-05-05 19:00:00,1.072,14.1637886924776,TRUE
2022-05-05 20:00:00,1.056,13.5975666537496,TRUE
2022-05-05 21:00:00,1.07,14.0922122323299,TRUE
2022-05-05 22:00:00,1.074,14.2355942694546,TRUE
2022-05-05 23:00:00,1.067,13.9852764692408,TRUE
2022-05-06,1.074,14.2355942694546,TRUE
2022-05-06 01:00:00,1.1,15.190054816872,TRUE
2022-05-06 02:00:00,1.127,16.2229776742875,TRUE
2022-05-06 03:00:00,1.133,16.4583666002116,TRUE
2022-05-06 04:00:00,1.198,19.1475994409913,TRUE
2022-05-06 05:00:00,1.257,21.8151194154317,TRUE
2022-05-06 07:00:00,1.323,25.0641420695413,TRUE
2022-05-06 08:00:00,1.358,26.9040748241296,TRUE
2022-05-06 09:00:00,1.334,25.6335497627749,TRUE
2022-05-06 10:00:00,1.365,27.2819789481369,TRUE
2022-05-06 11:00:00,1.398,29.1086418301933,TRUE
2022-05-06 12:00:00,1.405,29.5057632891124,TRUE
2022-05-06 13:00:00,1.424,30.6008568493993,TRUE
2022-05-06 14:00:00,1.469,33.2959275802559,TRUE
2022-05-06 15:00:00,1.451,32.2006528031828,TRUE
2022-05-06 16:00:00,1.436,31.3055243052426,TRUE
2022-05-06 17:00:00,1.493,34.7924686545039,TRUE
2022-05-06 18:00:00,1.481,34.0390052657998,TRUE
2022-05-06 19:00:00,1.463,32.9282646097069,TRUE
2022-05-06 20:00:00,1.44,31.542668181387,TRUE
2022-05-06 21:00:00,1.451,32.2006528031828,TRUE
2022-05-06 22:00:00,1.449,32.0803808938284,TRUE
2022-05-06 23:00:00,1.456,32.5025770577784,TRUE
2022-05-07,1.434,31.1873758289311,TRUE
2022-05-07 01:00:00,1.441,31.6021307971004,TRUE
2022-05-07 02:00:00,1.419,30.3102295302037,TRUE
2022-05-07 03:00:00,1.399,29.1651655329217,TRUE
2022-05-07 04:00:00,1.437,31.3647043562997,TRUE
2022-05-07 05:00:00,1.443,31.7212682495622,TRUE
2022-05-07 07:00:00,1.457,32.5631755276238,TRUE
2022-05-07 08:00:00,1.424,30.6008568493993,TRUE
2022-05-07 09:00:00,1.45,32.140481326823,TRUE
2022-05-07 10:00:00,1.402,29.3351522979462,TRUE
2022-05-07 11:00:00,1.436,31.3055243052426,TRUE
2022-05-07 12:00:00,1.371,27.6085501919985,TRUE
2022-05-07 13:00:00,1.417,30.1944685479709,TRUE
2022-05-07 14:00:00,1.363,27.1736666328094,TRUE
2022-05-07 15:00:00,1.398,29.1086418301933,TRUE
2022-05-07 16:00:00,1.396,28.995802041378,TRUE
2022-05-07 17:00:00,1.384,28.3245617362351,TRUE
2022-05-07 18:00:00,1.389,28.6030390466618,TRUE
2022-05-07 19:00:00,1.38,28.1030171028797,TRUE
2022-05-07 20:00:00,1.366,27.3362371605797,TRUE
2022-05-07 21:00:00,1.363,27.1736666328094,TRUE
2022-05-07 22:00:00,1.376,27.8825697606125,TRUE
2022-05-07 23:00:00,1.345,26.2110575324288,TRUE
2022-05-08,1.382,28.2136521164526,TRUE
2022-05-08 01:00:00,1.376,27.8825697606125,TRUE
2022-05-08 02:00:00,1.367,27.3905634569323,TRUE
2022-05-08 03:00:00,1.366,27.3362371605797,TRUE
2022-05-08 04:00:00,1.343,26.105451488988,TRUE
2022-05-08 05:00:00,1.371,27.6085501919985,TRUE
2022-05-08 07:00:00,1.357,26.8503600028626,TRUE
2022-05-08 08:00:00,1.327,25.270265220251,TRUE
2022-05-08 09:00:00,1.313,24.5534875851135,TRUE
2022-05-08 10:00:00,1.321,24.961479930476,TRUE
2022-05-08 11:00:00,1.308,24.3006447039994,TRUE
2022-05-08 12:00:00,1.319,24.8590836996695,TRUE
2022-05-08 13:00:00,1.321,24.961479930476,TRUE
2022-05-08 14:00:00,1.313,24.5534875851135,TRUE
2022-05-08 15:00:00,1.324,25.1155729443577,TRUE
2022-05-08 16:00:00,1.315,24.6550878142824,TRUE
2022-05-08 17:00:00,1.3,23.8995267393285,TRUE
2022-05-08 18:00:00,1.301,23.9494360801386,TRUE
2022-05-08 19:00:00,1.303,24.0494520714546,TRUE
2022-05-08 20:00:00,1.308,24.3006447039994,TRUE
2022-05-08 21:00:00,1.304,24.0995587940204,TRUE
2022-05-08 22:00:00,1.315,24.6550878142824,TRUE
2022-05-08 23:00:00,1.278,22.8180849532159,TRUE
2022-05-09,1.308,24.3006447039994,TRUE
2022-05-09 01:00:00,1.275,22.6730589694854,TRUE
2022-05-09 02:00:00,1.317,24.7569530900155,TRUE
2022-05-09 03:00:00,1.264,22.1462805819522,TRUE
2022-05-09 04:00:00,1.287,23.2566728665712,TRUE
2022-05-09 05:00:00,1.281,22.9636952789568,TRUE
2022-05-09 07:00:00,1.27,22.4326448768604,TRUE
2022-05-09 08:00:00,1.266,22.2414772835654,TRUE
2022-05-09 09:00:00,1.268,22.3369319517005,TRUE
2022-05-09 10:00:00,1.277,22.7696780800489,TRUE
2022-05-09 11:00:00,1.263,22.0987788777729,TRUE
2022-05-09 12:00:00,1.273,22.5766991316741,TRUE
2022-05-09 13:00:00,1.265,22.1938467051052,TRUE
2022-05-09 14:00:00,1.265,22.1938467051052,TRUE
2022-05-09 15:00:00,1.264,22.1462805819522,TRUE
2022-05-09 16:00:00,1.259,21.9094155238354,TRUE
2022-05-09 17:00:00,1.267,22.2891723536582,TRUE
2022-05-09 18:00:00,1.254,21.6741563948657,TRUE
2022-05-09 19:00:00,1.26,21.9566599156194,TRUE
2022-05-09 20:00:00,1.247,21.3474829111441,TRUE
2022-05-09 21:00:00,1.257,21.8151194154317,TRUE
2022-05-09 22:00:00,1.248,21.3939588598542,TRUE
2022-05-09 23:00:00,1.254,21.6741563948657,TRUE
2022-05-10,1.253,21.6272968802637,TRUE
2022-05-10 01:00:00,1.258,21.8622353692339,TRUE
2022-05-10 02:00:00,1.245,21.2547223773466,TRUE
2022-05-10 03:00:00,1.246,21.3010707624693,TRUE
2022-05-10 04:00:00,1.248,21.3939588598542,TRUE
2022-05-10 05:00:00,1.247,21.3474829111441,TRUE
2022-05-10 07:00:00,1.246,21.3010707624693,TRUE
2022-05-10 08:00:00,1.232,20.6579792387609,TRUE
2022-05-10 09:00:00,1.233,20.7035020215217,TRUE
2022-05-10 10:00:00,1.228,20.476520260568,TRUE
2022-05-10 11:00:00,1.226,20.3861695504286,TRUE
2022-05-10 12:00:00,1.235,20.7947374891406,TRUE
2022-05-10 13:00:00,1.238,20.9320659945829,TRUE
2022-05-10 14:00:00,1.251,21.533769870904,TRUE
2022-05-10 15:00:00,1.248,21.3939588598542,TRUE
2022-05-10 17:00:00,1.277,22.7696780800489,TRUE
2022-05-10 18:00:00,1.326,25.2186344838632,TRUE
2022-05-10 19:00:00,1.32,24.9102485944816,TRUE
2022-05-10 20:00:00,1.323,25.0641420695413,TRUE
2022-05-10 21:00:00,1.331,25.4774554461604,TRUE
2022-05-10 22:00:00,1.305,24.1497313825516,TRUE
2022-05-10 23:00:00,1.315,24.6550878142824,TRUE
2022-05-11,1.316,24.7059873033657,TRUE
2022-05-11 01:00:00,1.315,24.6550878142824,TRUE
2022-05-11 02:00:00,1.319,24.8590836996695,TRUE
2022-05-11 03:00:00,1.324,25.1155729443577,TRUE
2022-05-11 04:00:00,1.333,25.5814514287602,TRUE
2022-05-11 05:00:00,1.345,26.2110575324288,TRUE
2022-05-11 07:00:00,1.329,25.3737268054857,TRUE
2022-05-11 08:00:00,1.334,25.6335497627749,TRUE
2022-05-11 09:00:00,1.337,25.790246565059,TRUE
2022-05-11 10:00:00,1.332,25.5294200018191,TRUE
2022-05-11 11:00:00,1.339,25.8950462911119,TRUE
2022-05-11 12:00:00,1.333,25.5814514287602,TRUE
2022-05-11 13:00:00,1.336,25.7379472951522,TRUE
2022-05-11 14:00:00,1.334,25.6335497627749,TRUE
2022-05-11 15:00:00,1.336,25.7379472951522,TRUE
2022-05-11 16:00:00,1.333,25.5814514287602,TRUE
2022-05-11 17:00:00,1.312,24.5027867731575,TRUE
2022-05-11 18:00:00,1.311,24.4521521150269,TRUE
2022-05-11 19:00:00,1.305,24.1497313825516,TRUE
2022-05-11 20:00:00,1.297,23.7501929037623,TRUE
2022-05-11 21:00:00,1.277,22.7696780800489,TRUE
2022-05-11 22:00:00,1.269,22.384756114001,TRUE
2022-05-11 23:00:00,1.255,21.7210799646515,TRUE
2022-05-12,1.258,21.8622353692339,TRUE
2022-05-12 01:00:00,1.261,22.0039685809607,TRUE
2022-05-12 02:00:00,1.255,21.7210799646515,TRUE
2022-05-12 03:00:00,1.254,21.6741563948657,TRUE
2022-05-12 04:00:00,1.257,21.8151194154317,TRUE
2022-05-12 05:00:00,1.267,22.2891723536582,TRUE
2022-05-12 07:00:00,1.255,21.7210799646515,TRUE
2022-05-12 08:00:00,1.261,22.0039685809607,TRUE
2022-05-12 09:00:00,1.249,21.4404986450747,TRUE
2022-05-12 10:00:00,1.25,21.4871023032719,TRUE
2022-05-12 11:00:00,1.255,21.7210799646515,TRUE
2022-05-12 12:00:00,1.259,21.9094155238354,TRUE
2022-05-12 13:00:00,1.26,21.9566599156194,TRUE
2022-05-12 14:00:00,1.259,21.9094155238354,TRUE
2022-05-12 15:00:00,1.252,21.5805013844208,TRUE
2022-05-12 16:00:00,1.266,22.2414772835654,TRUE
2022-05-12 17:00:00,1.263,22.0987788777729,TRUE
2022-05-12 18:00:00,1.248,21.3939588598542,TRUE
2022-05-12 19:00:00,1.232,20.6579792387609,TRUE
2022-05-12 20:00:00,1.224,20.2960709687195,TRUE
2022-05-12 21:00:00,1.226,20.3861695504286,TRUE
2022-05-12 22:00:00,1.216,19.9381920575712,TRUE
2022-05-12 23:00:00,1.207,19.5403712221756,TRUE
2022-05-13,1.198,19.1475994409913,TRUE
2022-05-13 01:00:00,1.188,18.7170753951114,TRUE
2022-05-13 02:00:00,1.193,18.9315646971453,TRUE
2022-05-13 03:00:00,1.193,18.9315646971453,TRUE
2022-05-13 04:00:00,1.194,18.9746478627963,TRUE
2022-05-13 05:00:00,1.173,18.0828339021668,TRUE
2022-05-13 07:00:00,1.171,17.9993094109428,TRUE
2022-05-13 08:00:00,1.166,17.7915650802437,TRUE
2022-05-13 09:00:00,1.156,17.3806330326816,TRUE
2022-05-13 10:00:00,1.151,17.1774360070642,TRUE
2022-05-13 11:00:00,1.163,17.6676485818457,TRUE
2022-05-13 12:00:00,1.165,17.7501988134828,TRUE
2022-05-13 13:00:00,1.156,17.3806330326816,TRUE
2022-05-13 14:00:00,1.153,17.2585337820527,TRUE
2022-05-13 15:00:00,1.145,16.9355876795481,TRUE
2022-05-13 16:00:00,1.156,17.3806330326816,TRUE
2022-05-13 17:00:00,1.168,17.8744801016184,TRUE
2022-05-13 18:00:00,1.159,17.5032762841104,TRUE
2022-05-13 19:00:00,1.153,17.2585337820527,TRUE
2022-05-13 20:00:00,1.157,17.4214536222528,TRUE
2022-05-13 21:00:00,1.153,17.2585337820527,TRUE
2022-05-13 22:00:00,1.135,16.5373058522212,TRUE
2022-05-13 23:00:00,1.143,16.8554522400459,TRUE
2022-05-14,1.143,16.8554522400459,TRUE
2022-05-14 01:00:00,1.149,17.0965792641385,TRUE
2022-05-14 02:00:00,1.143,16.8554522400459,TRUE
2022-05-14 03:00:00,1.137,16.6164837425385,TRUE
2022-05-14 04:00:00,1.134,16.497806415168,TRUE
2022-05-14 05:00:00,1.139,16.6959005709101,TRUE
2022-05-14 07:00:00,1.134,16.497806415168,TRUE
2022-05-14 08:00:00,1.13,16.3404045129554,TRUE
2022-05-14 09:00:00,1.13,16.3404045129554,TRUE
2022-05-14 10:00:00,1.128,16.2620605443282,TRUE
2022-05-14 11:00:00,1.127,16.2229776742875,TRUE
2022-05-14 12:00:00,1.122,16.0284529645587,TRUE
2022-05-14 13:00:00,1.111,15.6056990764387,TRUE
2022-05-14 14:00:00,1.115,15.7586025224677,TRUE
2022-05-14 15:00:00,1.116,15.7969755600616,TRUE
2022-05-14 16:00:00,1.121,15.9897256876627,TRUE
2022-05-14 17:00:00,1.117,15.8354075434339,TRUE
2022-05-14 18:00:00,1.118,15.8738985102398,TRUE
2022-05-14 19:00:00,1.108,15.4916385760549,TRUE
2022-05-14 20:00:00,1.113,15.6820331339471,TRUE
2022-05-14 21:00:00,1.102,15.2650999489066,TRUE
2022-05-14 22:00:00,1.106,15.4158915262833,TRUE
2022-05-14 23:00:00,1.1,15.190054816872,TRUE
2022-05-15,1.095,15.0034623092922,TRUE
2022-05-15 01:00:00,1.101,15.2275481929965,TRUE
2022-05-15 02:00:00,1.093,14.9292326406036,TRUE
2022-05-15 03:00:00,1.097,15.0779245890495,TRUE
2022-05-15 04:00:00,1.095,15.0034623092922,TRUE
2022-05-15 05:00:00,1.087,14.7079362701041,TRUE
2022-05-15 07:00:00,1.086,14.671256236288,TRUE
2022-05-15 08:00:00,1.091,14.8552352799788,TRUE
2022-05-15 09:00:00,1.085,14.634634014047,TRUE
2022-05-15 10:00:00,1.082,14.5251138371195,TRUE
2022-05-15 11:00:00,1.081,14.4887224814735,TRUE
2022-05-15 12:00:00,1.083,14.5615628524384,TRUE
2022-05-15 13:00:00,1.085,14.634634014047,TRUE
2022-05-15 14:00:00,1.093,14.9292326406036,TRUE
2022-05-15 15:00:00,1.08,14.4523887474995,TRUE
2022-05-15 16:00:00,1.079,14.4161125971868,TRUE
2022-05-15 17:00:00,1.081,14.4887224814735,TRUE
2022-05-15 18:00:00,1.086,14.671256236288,TRUE
2022-05-15 19:00:00,1.086,14.671256236288,TRUE
2022-05-15 20:00:00,1.079,14.4161125971868,TRUE
2022-05-15 21:00:00,1.075,14.2715830719776,TRUE
2022-05-15 22:00:00,1.067,13.9852764692408,TRUE
2022-05-15 23:00:00,1.071,14.1279718418499,TRUE
2022-05-16,1.071,14.1279718418499,TRUE
2022-05-16 01:00:00,1.074,14.2355942694546,TRUE
2022-05-16 02:00:00,1.063,13.8434945139734,TRUE
2022-05-16 03:00:00,1.061,13.7729453045695,TRUE
2022-05-16 04:00:00,1.066,13.9497454429252,TRUE
2022-05-16 05:00:00,1.071,14.1279718418499,TRUE
2022-05-16 07:00:00,1.068,14.0208645841531,TRUE
2022-05-16 08:00:00,1.063,13.8434945139734,TRUE
2022-05-16 09:00:00,1.065,13.9142714670529,TRUE
2022-05-16 10:00:00,1.079,14.4161125971868,TRUE
2022-05-16 11:00:00,1.078,14.3798939925143,TRUE
2022-05-16 12:00:00,1.056,13.5975666537496,TRUE
2022-05-16 13:00:00,1.057,13.632528894233,TRUE
2022-05-16 14:00:00,1.076,14.307629267956,TRUE
2022-05-16 15:00:00,1.094,14.9663184174984,TRUE
2022-05-16 16:00:00,1.083,14.5615628524384,TRUE
2022-05-16 17:00:00,1.077,14.3437328954511,TRUE
2022-05-16 18:00:00,1.075,14.2715830719776,TRUE
2022-05-16 19:00:00,1.084,14.5980695654207,TRUE
2022-05-16 20:00:00,1.095,15.0034623092922,TRUE
2022-05-16 21:00:00,1.087,14.7079362701041,TRUE
2022-05-16 22:00:00,1.079,14.4161125971868,TRUE
2022-05-16 23:00:00,1.097,15.0779245890495,TRUE
2022-05-17,1.099,15.1526197827217,TRUE
2022-05-17 01:00:00,1.101,15.2275481929965,TRUE
2022-05-17 02:00:00,1.122,16.0284529645587,TRUE
2022-05-17 03:00:00,1.105,15.3781058733152,TRUE
2022-05-17 04:00:00,1.115,15.7586025224677,TRUE
2022-05-17 05:00:00,1.119,15.9124484981244,TRUE
2022-05-17 07:00:00,1.133,16.4583666002116,TRUE
2022-05-17 08:00:00,1.139,16.6959005709101,TRUE
2022-05-17 09:00:00,1.154,17.299173149872,TRUE
2022-05-17 10:00:00,1.159,17.5032762841104,TRUE
2022-05-17 11:00:00,1.179,18.3348744110968,TRUE
2022-05-17 12:00:00,1.163,17.6676485818457,TRUE
2022-05-17 13:00:00,1.174,18.1246877446977,TRUE
2022-05-17 14:00:00,1.176,18.2085788092007,TRUE
2022-05-17 15:00:00,1.18,18.3770954947801,TRUE
2022-05-17 16:00:00,1.193,18.9315646971453,TRUE
2022-05-17 17:00:00,1.179,18.3348744110968,TRUE
2022-05-17 18:00:00,1.194,18.9746478627963,TRUE
2022-05-17 19:00:00,1.198,19.1475994409913,TRUE
2022-05-17 20:00:00,1.192,18.8885433491846,TRUE
2022-05-17 21:00:00,1.205,19.4526532113284,TRUE
2022-05-17 22:00:00,1.212,19.7607577395165,TRUE
2022-05-17 23:00:00,1.207,19.5403712221756,TRUE
2022-05-18,1.197,19.1042686352572,TRUE
2022-05-18 01:00:00,1.202,19.3215430559214,TRUE
2022-05-18 02:00:00,1.228,20.476520260568,TRUE
2022-05-18 03:00:00,1.195,19.0177928830786,TRUE
2022-05-18 04:00:00,1.225,20.34108876185,TRUE
2022-05-18 05:00:00,1.203,19.3651842420701,TRUE
2022-05-18 07:00:00,1.226,20.3861695504286,TRUE
2022-05-18 08:00:00,1.224,20.2960709687195,TRUE
2022-05-18 09:00:00,1.229,20.5217902554263,TRUE
2022-05-18 10:00:00,1.233,20.7035020215217,TRUE
2022-05-18 11:00:00,1.233,20.7035020215217,TRUE
2022-05-18 12:00:00,1.246,21.3010707624693,TRUE
2022-05-18 13:00:00,1.246,21.3010707624693,TRUE
2022-05-18 14:00:00,1.21,19.6724158359259,TRUE
2022-05-18 15:00:00,1.248,21.3939588598542,TRUE
2022-05-18 16:00:00,1.257,21.8151194154317,TRUE
2022-05-18 17:00:00,1.238,20.9320659945829,TRUE
2022-05-18 18:00:00,1.23,20.5671233923277,TRUE
2022-05-18 19:00:00,1.229,20.5217902554263,TRUE
2022-05-18 20:00:00,1.233,20.7035020215217,TRUE
2022-05-18 21:00:00,1.226,20.3861695504286,TRUE
2022-05-18 22:00:00,1.219,20.071925651029,TRUE
2022-05-18 23:00:00,1.242,21.1160594383321,TRUE
2022-05-19,1.235,20.7947374891406,TRUE
2022-05-19 01:00:00,1.223,20.2511161343668,TRUE
2022-05-19 02:00:00,1.232,20.6579792387609,TRUE
2022-05-19 03:00:00,1.25,21.4871023032719,TRUE
2022-05-19 04:00:00,1.241,21.0699657424167,TRUE
2022-05-19 05:00:00,1.244,21.2084377192843,TRUE
2022-05-19 07:00:00,1.246,21.3010707624693,TRUE
2022-05-19 08:00:00,1.245,21.2547223773466,TRUE
2022-05-19 09:00:00,1.24,21.0239356275106,TRUE
2022-05-19 10:00:00,1.227,20.4313133711169,TRUE
2022-05-19 11:00:00,1.257,21.8151194154317,TRUE
2022-05-19 12:00:00,1.23,20.5671233923277,TRUE
2022-05-19 13:00:00,1.222,20.2062242221131,TRUE
2022-05-19 14:00:00,1.226,20.3861695504286,TRUE
2022-05-19 15:00:00,1.218,20.027285060211,TRUE
2022-05-19 16:00:00,1.229,20.5217902554263,TRUE
2022-05-19 17:00:00,1.223,20.2511161343668,TRUE
2022-05-19 18:00:00,1.231,20.6125197078997,TRUE
2022-05-19 19:00:00,1.235,20.7947374891406,TRUE
2022-05-19 20:00:00,1.247,21.3474829111441,TRUE
2022-05-19 21:00:00,1.218,20.027285060211,TRUE
2022-05-19 22:00:00,1.225,20.34108876185,TRUE
2022-05-19 23:00:00,1.228,20.476520260568,TRUE
2022-05-20,1.221,20.1613951952711,TRUE
2022-05-20 01:00:00,1.22,20.1166290171446,TRUE
2022-05-20 02:00:00,1.219,20.071925651029,TRUE
2022-05-20 03:00:00,1.22,20.1166290171446,TRUE
2022-05-20 04:00:00,1.232,20.6579792387609,TRUE
2022-05-20 05:00:00,1.225,20.34108876185,TRUE
2022-05-20 07:00:00,1.213,19.8050224500132,TRUE
2022-05-20 08:00:00,1.217,19.9827072079686,TRUE
2022-05-20 09:00:00,1.21,19.6724158359259,TRUE
2022-05-20 10:00:00,1.211,19.7165555470816,TRUE
2022-05-20 11:00:00,1.217,19.9827072079686,TRUE
2022-05-20 12:00:00,1.204,19.4088876149215,TRUE
2022-05-20 13:00:00,1.222,20.2062242221131,TRUE
2022-05-20 14:00:00,1.216,19.9381920575712,TRUE
2022-05-20 15:00:00,1.203,19.3651842420701,TRUE
2022-05-20 16:00:00,1.201,19.2779640196139,TRUE
2022-05-20 17:00:00,1.212,19.7607577395165,TRUE
2022-05-20 18:00:00,1.207,19.5403712221756,TRUE
2022-05-20 19:00:00,1.205,19.4526532113284,TRUE
2022-05-20 20:00:00,1.198,19.1475994409913,TRUE
2022-05-20 21:00:00,1.196,19.0609997949244,TRUE
2022-05-20 22:00:00,1.204,19.4088876149215,TRUE
2022-05-20 23:00:00,1.211,19.7165555470816,TRUE
2022-05-21,1.2,19.2344470962772,TRUE
2022-05-21 01:00:00,1.19,18.8026859585252,TRUE
2022-05-21 02:00:00,1.19,18.8026859585252,TRUE
2022-05-21 03:00:00,1.189,18.7598498418998,TRUE
2022-05-21 04:00:00,1.189,18.7598498418998,TRUE
2022-05-21 05:00:00,1.203,19.3651842420701,TRUE
2022-05-21 07:00:00,1.193,18.9315646971453,TRUE
2022-05-21 08:00:00,1.187,18.6743625811743,TRUE
2022-05-21 09:00:00,1.189,18.7598498418998,TRUE
2022-05-21 10:00:00,1.197,19.1042686352572,TRUE
2022-05-21 11:00:00,1.177,18.250616105387,TRUE
2022-05-21 12:00:00,1.18,18.3770954947801,TRUE
2022-05-21 13:00:00,1.18,18.3770954947801,TRUE
2022-05-21 14:00:00,1.174,18.1246877446977,TRUE
2022-05-21 15:00:00,1.187,18.6743625811743,TRUE
2022-05-21 16:00:00,1.177,18.250616105387,TRUE
2022-05-21 17:00:00,1.175,18.1666027013384,TRUE
2022-05-21 18:00:00,1.182,18.4617217091356,TRUE
2022-05-21 19:00:00,1.18,18.3770954947801,TRUE
2022-05-21 20:00:00,1.173,18.0828339021668,TRUE
2022-05-21 21:00:00,1.168,17.8744801016184,TRUE
2022-05-21 22:00:00,1.173,18.0828339021668,TRUE
2022-05-21 23:00:00,1.168,17.8744801016184,TRUE
2022-05-22,1.171,17.9993094109428,TRUE
2022-05-22 01:00:00,1.17,17.9576386879811,TRUE
2022-05-22 02:00:00,1.17,17.9576386879811,TRUE
2022-05-22 03:00:00,1.158,17.46233469364,TRUE
2022-05-22 04:00:00,1.154,17.299173149872,TRUE
2022-05-22 05:00:00,1.158,17.46233469364,TRUE
2022-05-22 07:00:00,1.158,17.46233469364,TRUE
2022-05-22 08:00:00,1.153,17.2585337820527,TRUE
2022-05-22 09:00:00,1.152,17.217954746888,TRUE
2022-05-22 10:00:00,1.152,17.217954746888,TRUE
2022-05-22 11:00:00,1.152,17.217954746888,TRUE
2022-05-22 12:00:00,1.143,16.8554522400459,TRUE
2022-05-22 13:00:00,1.146,16.9757454314326,TRUE
2022-05-22 14:00:00,1.147,17.0159632545811,TRUE
2022-05-22 15:00:00,1.162,17.6264645425547,TRUE
2022-05-22 16:00:00,1.142,16.8154744776424,TRUE
2022-05-22 17:00:00,1.141,16.7755566369311,TRUE
2022-05-22 18:00:00,1.147,17.0159632545811,TRUE
2022-05-22 19:00:00,1.143,16.8554522400459,TRUE
2022-05-22 20:00:00,1.141,16.7755566369311,TRUE
2022-05-22 21:00:00,1.144,16.8954899615486,TRUE
2022-05-22 22:00:00,1.127,16.2229776742875,TRUE
2022-05-22 23:00:00,1.13,16.3404045129554,TRUE
2022-05-23,1.132,16.4189863698599,TRUE
2022-05-23 01:00:00,1.136,16.5768649488537,TRUE
2022-05-23 02:00:00,1.12,15.9510575447233,TRUE
2022-05-23 03:00:00,1.118,15.8738985102398,TRUE
2022-05-23 04:00:00,1.126,16.1839541636996,TRUE
2022-05-23 05:00:00,1.129,16.301202811371,TRUE
2022-05-23 07:00:00,1.122,16.0284529645587,TRUE
2022-05-23 08:00:00,1.121,15.9897256876627,TRUE
2022-05-23 09:00:00,1.112,15.6438367076621,TRUE
2022-05-23 10:00:00,1.115,15.7586025224677,TRUE
2022-05-23 11:00:00,1.12,15.9510575447233,TRUE
2022-05-23 12:00:00,1.119,15.9124484981244,TRUE
2022-05-23 13:00:00,1.114,15.7202883929877,TRUE
2022-05-23 14:00:00,1.114,15.7202883929877,TRUE
2022-05-23 15:00:00,1.13,16.3404045129554,TRUE
2022-05-23 16:00:00,1.126,16.1839541636996,TRUE
2022-05-23 17:00:00,1.119,15.9124484981244,TRUE
2022-05-23 18:00:00,1.127,16.2229776742875,TRUE
2022-05-23 19:00:00,1.115,15.7586025224677,TRUE
2022-05-23 20:00:00,1.112,15.6438367076621,TRUE
2022-05-23 21:00:00,1.115,15.7586025224677,TRUE
2022-05-23 22:00:00,1.109,15.5296000483532,TRUE
2022-05-23 23:00:00,1.106,15.4158915262833,TRUE
2022-05-24,1.1,15.190054816872,TRUE
2022-05-24 01:00:00,1.107,15.4537357479458,TRUE
2022-05-24 02:00:00,1.102,15.2650999489066,TRUE
2022-05-24 03:00:00,1.106,15.4158915262833,TRUE
2022-05-24 04:00:00,1.104,15.3403787512793,TRUE
2022-05-24 05:00:00,1.106,15.4158915262833,TRUE
2022-05-24 07:00:00,1.11,15.5676202025735,TRUE
2022-05-24 08:00:00,1.1,15.190054816872,TRUE
2022-05-24 09:00:00,1.104,15.3403787512793,TRUE
2022-05-24 10:00:00,1.109,15.5296000483532,TRUE
2022-05-24 11:00:00,1.106,15.4158915262833,TRUE
2022-05-24 12:00:00,1.1,15.190054816872,TRUE
2022-05-24 13:00:00,1.1,15.190054816872,TRUE
2022-05-24 14:00:00,1.103,15.3027101224037,TRUE
2022-05-24 15:00:00,1.107,15.4537357479458,TRUE
2022-05-24 16:00:00,1.117,15.8354075434339,TRUE
2022-05-24 17:00:00,1.109,15.5296000483532,TRUE
2022-05-24 18:00:00,1.1,15.190054816872,TRUE
2022-05-24 19:00:00,1.101,15.2275481929965,TRUE
2022-05-24 20:00:00,1.108,15.4916385760549,TRUE
2022-05-24 21:00:00,1.184,18.5465935664805,TRUE
2022-05-24 22:00:00,1.185,18.5891217038668,TRUE
2022-05-24 23:00:00,1.183,18.5041269139136,TRUE
2022-05-25,1.185,18.5891217038668,TRUE
2022-05-25 01:00:00,1.175,18.1666027013384,TRUE
2022-05-25 02:00:00,1.183,18.5041269139136,TRUE
2022-05-25 03:00:00,1.178,18.2927146269909,TRUE
2022-05-25 04:00:00,1.178,18.2927146269909,TRUE
2022-05-25 05:00:00,1.181,18.4193779151073,TRUE
2022-05-25 07:00:00,1.182,18.4617217091356,TRUE
2022-05-25 08:00:00,1.183,18.5041269139136,TRUE
2022-05-25 09:00:00,1.201,19.2779640196139,TRUE
2022-05-25 10:00:00,1.186,18.6317113630939,TRUE
2022-05-25 11:00:00,1.194,18.9746478627963,TRUE
2022-05-25 12:00:00,1.196,19.0609997949244,TRUE
2022-05-25 13:00:00,1.192,18.8885433491846,TRUE
2022-05-25 14:00:00,1.185,18.5891217038668,TRUE
2022-05-25 15:00:00,1.202,19.3215430559214,TRUE
2022-05-25 16:00:00,1.207,19.5403712221756,TRUE
2022-05-25 17:00:00,1.199,19.1909922490324,TRUE
2022-05-25 18:00:00,1.208,19.5843237102774,TRUE
2022-05-25 19:00:00,1.201,19.2779640196139,TRUE
2022-05-25 20:00:00,1.203,19.3651842420701,TRUE
2022-05-25 21:00:00,1.203,19.3651842420701,TRUE
2022-05-25 22:00:00,1.196,19.0609997949244,TRUE
2022-05-25 23:00:00,1.199,19.1909922490324,TRUE
2022-05-26,1.209,19.6283385692579,TRUE
2022-05-26 01:00:00,1.203,19.3651842420701,TRUE
2022-05-26 02:00:00,1.213,19.8050224500132,TRUE
2022-05-26 03:00:00,1.2,19.2344470962772,TRUE
2022-05-26 04:00:00,1.211,19.7165555470816,TRUE
2022-05-26 05:00:00,1.2,19.2344470962772,TRUE
2022-05-26 07:00:00,1.207,19.5403712221756,TRUE
2022-05-26 08:00:00,1.213,19.8050224500132,TRUE
2022-05-26 09:00:00,1.21,19.6724158359259,TRUE
2022-05-26 10:00:00,1.218,20.027285060211,TRUE
2022-05-26 11:00:00,1.23,20.5671233923277,TRUE
2022-05-26 12:00:00,1.243,21.1622167517823,TRUE
2022-05-26 13:00:00,1.225,20.34108876185,TRUE
2022-05-26 14:00:00,1.205,19.4526532113284,TRUE
2022-05-26 15:00:00,1.234,20.7490880927839,TRUE
2022-05-26 16:00:00,1.236,20.8404502471766,TRUE
2022-05-26 17:00:00,1.236,20.8404502471766,TRUE
2022-05-26 18:00:00,1.24,21.0239356275106,TRUE
2022-05-26 19:00:00,1.23,20.5671233923277,TRUE
2022-05-26 20:00:00,1.235,20.7947374891406,TRUE
2022-05-26 21:00:00,1.236,20.8404502471766,TRUE
2022-05-26 22:00:00,1.247,21.3474829111441,TRUE
2022-05-26 23:00:00,1.228,20.476520260568,TRUE
2022-05-27,1.232,20.6579792387609,TRUE
2022-05-27 01:00:00,1.232,20.6579792387609,TRUE
2022-05-27 02:00:00,1.254,21.6741563948657,TRUE
2022-05-27 03:00:00,1.266,22.2414772835654,TRUE
2022-05-27 04:00:00,1.26,21.9566599156194,TRUE
2022-05-27 05:00:00,1.272,22.5286163494169,TRUE
2022-05-27 07:00:00,1.285,23.1587530461445,TRUE
2022-05-27 08:00:00,1.32,24.9102485944816,TRUE
2022-05-27 09:00:00,1.318,24.8079852101475,TRUE
2022-05-27 10:00:00,1.33,25.4255577259848,TRUE
2022-05-27 11:00:00,1.336,25.7379472951522,TRUE
2022-05-27 12:00:00,1.315,24.6550878142824,TRUE
2022-05-27 13:00:00,1.288,23.3057306375674,TRUE
2022-05-27 14:00:00,1.275,22.6730589694854,TRUE
2022-05-27 15:00:00,1.281,22.9636952789568,TRUE
2022-05-27 16:00:00,1.296,23.7005462340022,TRUE
2022-05-27 17:00:00,1.327,25.270265220251,TRUE
2022-05-27 18:00:00,1.311,24.4521521150269,TRUE
2022-05-27 19:00:00,1.339,25.8950462911119,TRUE
2022-05-27 20:00:00,1.361,27.0656262265326,TRUE
2022-05-27 21:00:00,1.366,27.3362371605797,TRUE
2022-05-27 22:00:00,1.383,28.2690725828593,TRUE
2022-05-27 23:00:00,1.417,30.1944685479709,TRUE
2022-05-28,1.428,30.8346208830393,TRUE
2022-05-28 01:00:00,1.514,36.1362003654051,TRUE
2022-05-28 02:00:00,1.547,38.3131806494133,TRUE
2022-05-28 03:00:00,1.561,39.2611541498931,TRUE
2022-05-28 04:00:00,1.583,40.7805152166208,TRUE
2022-05-28 05:00:00,1.614,42.983647322447,TRUE
2022-05-28 07:00:00,1.664,46.6928033277115,TRUE
2022-05-28 08:00:00,1.614,42.983647322447,TRUE
2022-05-28 09:00:00,1.653,45.8601254098222,TRUE
2022-05-28 10:00:00,1.649,45.5596758046695,TRUE
2022-05-28 11:00:00,1.657,46.1618230208416,TRUE
2022-05-28 12:00:00,1.688,48.5425316241055,TRUE
2022-05-28 13:00:00,1.642,45.0368855301149,TRUE
2022-05-28 14:00:00,1.667,46.9215411961569,TRUE
2022-05-28 15:00:00,1.658,46.2374426767918,TRUE
2022-05-28 16:00:00,1.647,45.4099183312287,TRUE
2022-05-28 17:00:00,1.674,47.4580109337712,TRUE
2022-05-28 18:00:00,1.628,44.0027050080752,TRUE
2022-05-28 19:00:00,1.625,43.7830655680563,TRUE
2022-05-28 20:00:00,1.593,41.4832129613736,TRUE
2022-05-28 21:00:00,1.628,44.0027050080752,TRUE
2022-05-28 22:00:00,1.599,41.90847603939,TRUE
2022-05-28 23:00:00,1.621,43.4912916078216,TRUE
2022-05-29,1.594,41.5539000151801,TRUE
2022-05-29 01:00:00,1.608,42.5515147551831,TRUE
2022-05-29 02:00:00,1.591,41.3420667328303,TRUE
2022-05-29 03:00:00,1.602,42.1221354812978,TRUE
2022-05-29 04:00:00,1.609,42.6233454509867,TRUE
2022-05-29 05:00:00,1.63,44.1495170322135,TRUE
2022-05-29 07:00:00,1.62,43.4185405041718,TRUE
2022-05-29 08:00:00,1.558,39.0567846552909,TRUE
2022-05-29 09:00:00,1.54,37.8446681969581,TRUE
2022-05-29 10:00:00,1.598,41.8374086205744,TRUE
2022-05-29 11:00:00,1.59,41.2716074900746,TRUE
2022-05-29 12:00:00,1.583,40.7805152166208,TRUE
2022-05-29 13:00:00,1.571,39.9472581672326,TRUE
2022-05-29 14:00:00,1.574,40.1545546367774,TRUE
2022-05-29 15:00:00,1.561,39.2611541498931,TRUE
2022-05-29 16:00:00,1.559,39.1248329974169,TRUE
2022-05-29 17:00:00,1.554,38.7853387157149,TRUE
2022-05-29 18:00:00,1.577,40.3625290209369,TRUE
2022-05-29 19:00:00,1.527,36.9842055218816,TRUE
2022-05-29 20:00:00,1.555,38.8530881547303,TRUE
2022-05-29 21:00:00,1.533,37.3797895890449,TRUE
2022-05-29 22:00:00,1.488,34.4772595773631,TRUE
2022-05-29 23:00:00,1.516,36.2658548831926,TRUE
2022-05-30,1.533,37.3797895890449,TRUE
2022-05-30 01:00:00,1.534,37.445978784951,TRUE
2022-05-30 02:00:00,1.525,36.8529342389252,TRUE
2022-05-30 03:00:00,1.516,36.2658548831926,TRUE
2022-05-30 04:00:00,1.523,36.7219575334335,TRUE
2022-05-30 05:00:00,1.518,36.3958027378491,TRUE
2022-05-30 07:00:00,1.529,37.115771657705,TRUE
2022-05-30 08:00:00,1.524,36.7874090812129,TRUE
2022-05-30 09:00:00,1.543,38.0450136008464,TRUE
2022-05-30 10:00:00,1.531,37.2476329216943,TRUE
2022-05-30 11:00:00,1.55,38.5150870189891,TRUE
2022-05-30 12:00:00,1.506,35.6205101418789,TRUE
2022-05-30 13:00:00,1.527,36.9842055218816,TRUE
2022-05-30 14:00:00,1.547,38.3131806494133,TRUE
2022-05-30 15:00:00,1.548,38.3804083265829,TRUE
2022-05-30 16:00:00,1.55,38.5150870189891,TRUE
2022-05-30 17:00:00,1.528,37.0499517159763,TRUE
2022-05-30 18:00:00,1.538,37.7114754521667,TRUE
2022-05-30 19:00:00,1.531,37.2476329216943,TRUE
2022-05-30 20:00:00,1.543,38.0450136008464,TRUE
2022-05-30 21:00:00,1.565,39.5346952854421,TRUE
2022-05-30 22:00:00,1.524,36.7874090812129,TRUE
2022-05-30 23:00:00,1.568,39.7406386907925,TRUE
2022-05-31,1.548,38.3804083265829,TRUE
2022-05-31 01:00:00,1.529,37.115771657705,TRUE
2022-05-31 02:00:00,1.525,36.8529342389252,TRUE
2022-05-31 03:00:00,1.531,37.2476329216943,TRUE
2022-05-31 04:00:00,1.548,38.3804083265829,TRUE
2022-05-31 05:00:00,1.558,39.0567846552909,TRUE
2022-05-31 07:00:00,1.562,39.3294270286599,TRUE
2022-05-31 08:00:00,1.558,39.0567846552909,TRUE
2022-05-31 09:00:00,1.543,38.0450136008464,TRUE
2022-05-31 10:00:00,1.54,37.8446681969581,TRUE
2022-05-31 11:00:00,1.553,38.7176639168854,TRUE
2022-05-31 12:00:00,1.54,37.8446681969581,TRUE
2022-05-31 13:00:00,1.536,37.5785790731093,TRUE
2022-05-31 14:00:00,1.552,38.6500637239928,TRUE
2022-05-31 15:00:00,1.55,38.5150870189891,TRUE
2022-05-31 16:00:00,1.537,37.644990234096,TRUE
2022-05-31 17:00:00,1.544,38.1119438825715,TRUE
2022-05-31 18:00:00,1.536,37.5785790731093,TRUE
2022-05-31 19:00:00,1.561,39.2611541498931,TRUE
2022-05-31 20:00:00,1.548,38.3804083265829,TRUE
2022-05-31 21:00:00,1.527,36.9842055218816,TRUE
2022-05-31 22:00:00,1.53,37.1816653814768,TRUE
2022-05-31 23:00:00,1.54,37.8446681969581,TRUE
2022-06-01,1.544,38.1119438825715,TRUE
2022-06-01 01:00:00,1.556,38.9209122681748,TRUE
2022-06-01 02:00:00,1.552,38.6500637239928,TRUE
2022-06-01 03:00:00,1.539,37.7780347616724,TRUE
2022-06-01 04:00:00,1.549,38.4477104383478,TRUE
2022-06-01 05:00:00,1.566,39.6032680251509,TRUE
2022-06-01 07:00:00,1.552,38.6500637239928,TRUE
2022-06-01 08:00:00,1.562,39.3294270286599,TRUE
2022-06-01 09:00:00,1.56,39.1929561508805,TRUE
2022-06-01 10:00:00,1.557,38.9888110902849,TRUE
2022-06-01 11:00:00,1.568,39.7406386907925,TRUE
2022-06-01 12:00:00,1.561,39.2611541498931,TRUE
2022-06-01 13:00:00,1.559,39.1248329974169,TRUE
2022-06-01 14:00:00,1.569,39.8094366850539,TRUE
2022-06-01 15:00:00,1.558,39.0567846552909,TRUE
2022-06-01 16:00:00,1.547,38.3131806494133,TRUE
2022-06-01 17:00:00,1.565,39.5346952854421,TRUE
2022-06-01 18:00:00,1.547,38.3131806494133,TRUE
2022-06-01 19:00:00,1.556,38.9209122681748,TRUE
2022-06-01 20:00:00,1.565,39.5346952854421,TRUE
2022-06-01 21:00:00,1.555,38.8530881547303,TRUE
2022-06-01 22:00:00,1.552,38.6500637239928,TRUE
2022-06-01 23:00:00,1.561,39.2611541498931,TRUE
2022-06-02,1.549,38.4477104383478,TRUE
2022-06-02 01:00:00,1.561,39.2611541498931,TRUE
2022-06-02 02:00:00,1.554,38.7853387157149,TRUE
2022-06-02 03:00:00,1.536,37.5785790731093,TRUE
2022-06-02 04:00:00,1.586,40.9905288686502,TRUE
2022-06-02 05:00:00,1.574,40.1545546367774,TRUE
2022-06-02 07:00:00,1.58,40.571182240717,TRUE
2022-06-02 08:00:00,1.557,38.9888110902849,TRUE
2022-06-02 09:00:00,1.6,41.979619633141,TRUE
2022-06-02 10:00:00,1.59,41.2716074900746,TRUE
2022-06-02 11:00:00,1.626,43.8562016136326,TRUE
2022-06-02 12:00:00,1.558,39.0567846552909,TRUE
2022-06-02 13:00:00,1.59,41.2716074900746,TRUE
2022-06-02 14:00:00,1.585,40.9204486305235,TRUE
2022-06-02 15:00:00,1.55,38.5150870189891,TRUE
2022-06-02 16:00:00,1.576,40.2931288455084,TRUE
2022-06-02 17:00:00,1.588,41.1309165775016,TRUE
2022-06-02 18:00:00,1.596,41.6955021718645,TRUE
2022-06-02 19:00:00,1.562,39.3294270286599,TRUE
2022-06-02 20:00:00,1.594,41.5539000151801,TRUE
2022-06-02 21:00:00,1.575,40.223804062159,TRUE
2022-06-02 22:00:00,1.573,40.085380535246,TRUE
2022-06-02 23:00:00,1.569,39.8094366850539,TRUE
2022-06-03,1.568,39.7406386907925,TRUE
2022-06-03 01:00:00,1.59,41.2716074900746,TRUE
2022-06-03 02:00:00,1.592,41.4126018785924,TRUE
2022-06-03 03:00:00,1.588,41.1309165775016,TRUE
2022-06-03 04:00:00,1.597,41.7664173427245,TRUE
2022-06-03 05:00:00,1.578,40.4320046225496,TRUE
2022-06-03 07:00:00,1.596,41.6955021718645,TRUE
2022-06-03 08:00:00,1.619,43.345866287421,TRUE
2022-06-03 09:00:00,1.595,41.6246630740124,TRUE
2022-06-03 10:00:00,1.601,42.0508394357911,TRUE
2022-06-03 11:00:00,1.599,41.90847603939,TRUE
2022-06-03 12:00:00,1.603,42.1935078036125,TRUE
2022-06-03 13:00:00,1.606,42.4080827708287,TRUE
2022-06-03 14:00:00,1.604,42.2649564366807,TRUE
2022-06-03 15:00:00,1.604,42.2649564366807,TRUE
2022-06-03 16:00:00,1.607,42.4797605397687,TRUE
2022-06-03 17:00:00,1.617,43.2007483792395,TRUE
2022-06-03 18:00:00,1.645,45.2604720513901,TRUE
2022-06-03 19:00:00,1.611,42.7672364193917,TRUE
2022-06-03 20:00:00,1.583,40.7805152166208,TRUE
2022-06-03 21:00:00,1.592,41.4126018785924,TRUE
2022-06-03 22:00:00,1.587,41.0606848396285,TRUE
2022-06-03 23:00:00,1.586,40.9905288686502,TRUE
2022-06-04,1.602,42.1221354812978,TRUE
2022-06-04 01:00:00,1.599,41.90847603939,TRUE
2022-06-04 02:00:00,1.578,40.4320046225496,TRUE
2022-06-04 03:00:00,1.572,40.0162817234411,TRUE
2022-06-04 04:00:00,1.592,41.4126018785924,TRUE
2022-06-04 05:00:00,1.613,42.9114337161831,TRUE
2022-06-04 07:00:00,1.612,42.8392967597929,TRUE
2022-06-04 08:00:00,1.595,41.6246630740124,TRUE
2022-06-04 09:00:00,1.573,40.085380535246,TRUE
2022-06-04 10:00:00,1.571,39.9472581672326,TRUE
2022-06-04 11:00:00,1.608,42.5515147551831,TRUE
2022-06-04 12:00:00,1.573,40.085380535246,TRUE
2022-06-04 13:00:00,1.604,42.2649564366807,TRUE
2022-06-04 14:00:00,1.583,40.7805152166208,TRUE
2022-06-04 15:00:00,1.575,40.223804062159,TRUE
2022-06-04 16:00:00,1.593,41.4832129613736,TRUE
2022-06-04 17:00:00,1.608,42.5515147551831,TRUE
2022-06-04 18:00:00,1.599,41.90847603939,TRUE
2022-06-04 19:00:00,1.597,41.7664173427245,TRUE
2022-06-04 20:00:00,1.631,44.2230388648872,TRUE
2022-06-04 21:00:00,1.595,41.6246630740124,TRUE
2022-06-04 22:00:00,1.591,41.3420667328303,TRUE
2022-06-04 23:00:00,1.618,43.2732689237265,TRUE
2022-06-05,1.612,42.8392967597929,TRUE
2022-06-05 01:00:00,1.606,42.4080827708287,TRUE
2022-06-05 02:00:00,1.608,42.5515147551831,TRUE
2022-06-05 03:00:00,1.621,43.4912916078216,TRUE
2022-06-05 04:00:00,1.627,43.9294147490386,TRUE
2022-06-05 05:00:00,1.641,44.9625119944906,TRUE
2022-06-05 07:00:00,1.636,44.5918075852048,TRUE
2022-06-05 08:00:00,1.688,48.5425316241055,TRUE
2022-06-05 09:00:00,1.695,49.0906055459556,TRUE
2022-06-05 10:00:00,1.685,48.3088310848108,TRUE
2022-06-05 11:00:00,1.725,51.4837073510252,TRUE
2022-06-05 12:00:00,1.686,48.3866521459384,TRUE
2022-06-05 13:00:00,1.726,51.5647187477904,TRUE
2022-06-05 14:00:00,1.761,54.4510324706547,TRUE
2022-06-05 15:00:00,1.718,50.9188771334028,TRUE
2022-06-05 16:00:00,1.765,54.7872350926492,TRUE
2022-06-05 17:00:00,1.739,52.6251991387158,TRUE
2022-06-05 18:00:00,1.747,53.2845911128127,TRUE
2022-06-05 19:00:00,1.736,52.379262458856,TRUE
2022-06-05 20:00:00,1.721,51.1604655106462,TRUE
2022-06-05 21:00:00,1.74,52.7073397331114,TRUE
2022-06-05 22:00:00,1.746,53.2018834817293,TRUE
2022-06-05 23:00:00,1.757,54.1161354617882,TRUE
2022-06-06,1.782,56.2307110859361,TRUE
2022-06-06 01:00:00,1.74,52.7073397331114,TRUE
2022-06-06 02:00:00,1.788,56.7458431128396,TRUE
2022-06-06 03:00:00,1.76,54.3671858998078,TRUE
2022-06-06 04:00:00,1.825,59.98838213344,TRUE
2022-06-06 05:00:00,1.791,57.0045223095562,TRUE
2022-06-06 07:00:00,1.822,59.7212269071649,TRUE
2022-06-06 08:00:00,1.795,57.3505843127557,TRUE
2022-06-06 09:00:00,1.828,60.2562906997674,TRUE
2022-06-06 10:00:00,1.8,57.7850232868634,TRUE
2022-06-06 11:00:00,1.803,58.0466810320035,TRUE
2022-06-06 12:00:00,1.79,56.9182133649079,TRUE
2022-06-06 13:00:00,1.815,59.1007894065152,TRUE
2022-06-06 14:00:00,1.798,57.6109992712366,TRUE
2022-06-06 15:00:00,1.771,55.2939916738114,TRUE
2022-06-06 16:00:00,1.789,56.8319869769646,TRUE
2022-06-06 17:00:00,1.783,56.3163604980739,TRUE
2022-06-06 18:00:00,1.813,58.9242724349218,TRUE
2022-06-06 19:00:00,1.766,54.8714899979399,TRUE
2022-06-06 20:00:00,1.778,55.888936042681,TRUE
2022-06-06 21:00:00,1.775,55.6334675734834,TRUE
2022-06-06 22:00:00,1.79,56.9182133649079,TRUE
2022-06-06 23:00:00,1.799,57.6979698528245,TRUE
2022-06-07,1.8,57.7850232868634,TRUE
2022-06-07 01:00:00,1.811,58.7480887099532,TRUE
2022-06-07 02:00:00,1.8,57.7850232868634,TRUE
2022-06-07 03:00:00,1.801,57.8721596061877,TRUE
2022-06-07 04:00:00,1.813,58.9242724349218,TRUE
2022-06-07 05:00:00,1.824,59.8992467305025,TRUE
2022-06-07 07:00:00,1.872,64.2727292719605,TRUE
2022-06-07 08:00:00,1.814,59.012489248509,TRUE
2022-06-07 09:00:00,1.852,62.4267853149334,TRUE
2022-06-07 10:00:00,1.827,60.1669040853755,TRUE
2022-06-07 11:00:00,1.885,65.4908596543008,TRUE
2022-06-07 12:00:00,1.857,62.8850891780113,TRUE
2022-06-07 13:00:00,1.86,63.1610882151301,TRUE
2022-06-07 14:00:00,1.832,60.614675509518,TRUE
2022-06-07 15:00:00,1.83,60.4353153688457,TRUE
2022-06-07 16:00:00,1.867,63.8080570922431,TRUE
2022-06-07 17:00:00,1.841,61.4259546095914,TRUE
2022-06-07 18:00:00,1.836,60.9744032510443,TRUE
2022-06-07 19:00:00,1.824,59.8992467305025,TRUE
2022-06-07 20:00:00,1.83,60.4353153688457,TRUE
2022-06-07 21:00:00,1.813,58.9242724349218,TRUE
2022-06-07 22:00:00,1.816,59.1891729416967,TRUE
2022-06-07 23:00:00,1.857,62.8850891780113,TRUE
2022-06-08,1.824,59.8992467305025,TRUE
2022-06-08 01:00:00,1.837,61.0645452644641,TRUE
2022-06-08 02:00:00,1.842,61.5165174318873,TRUE
2022-06-08 03:00:00,1.815,59.1007894065152,TRUE
2022-06-08 04:00:00,1.848,62.0616649595496,TRUE
2022-06-08 05:00:00,1.832,60.614675509518,TRUE
2022-06-08 07:00:00,1.845,61.7887115871127,TRUE
2022-06-08 08:00:00,1.86,63.1610882151301,TRUE
2022-06-08 09:00:00,1.857,62.8850891780113,TRUE
2022-06-08 10:00:00,1.848,62.0616649595496,TRUE
2022-06-08 11:00:00,1.839,61.2450816134697,TRUE
2022-06-08 12:00:00,1.851,62.3353784291911,TRUE
2022-06-08 13:00:00,1.833,60.7044814633834,TRUE
2022-06-08 14:00:00,1.835,60.8843453014906,TRUE
2022-06-08 15:00:00,1.822,59.7212269071649,TRUE
2022-06-08 16:00:00,1.84,61.3354760143264,TRUE
2022-06-08 17:00:00,1.841,61.4259546095914,TRUE
2022-06-08 18:00:00,1.815,59.1007894065152,TRUE
2022-06-08 19:00:00,1.815,59.1007894065152,TRUE
2022-06-08 20:00:00,1.811,58.7480887099532,TRUE
2022-06-08 21:00:00,1.811,58.7480887099532,TRUE
2022-06-08 22:00:00,1.817,59.2776398868046,TRUE
2022-06-08 23:00:00,1.824,59.8992467305025,TRUE
2022-06-09,1.808,58.4844373864378,TRUE
2022-06-09 01:00:00,1.792,57.0909138437914,TRUE
2022-06-09 02:00:00,1.785,56.4879063344247,TRUE
2022-06-09 03:00:00,1.8,57.7850232868634,TRUE
2022-06-09 04:00:00,1.786,56.5738028244698,TRUE
2022-06-09 05:00:00,1.776,55.7185416230911,TRUE
2022-06-09 07:00:00,1.788,56.7458431128396,TRUE
2022-06-09 08:00:00,1.79,56.9182133649079,TRUE
2022-06-09 09:00:00,1.795,57.3505843127557,TRUE
2022-06-09 10:00:00,1.775,55.6334675734834,TRUE
2022-06-09 11:00:00,1.77,55.2093276087106,TRUE
2022-06-09 12:00:00,1.784,56.4020922365972,TRUE
2022-06-09 13:00:00,1.773,55.4635656298367,TRUE
2022-06-09 14:00:00,1.788,56.7458431128396,TRUE
2022-06-09 15:00:00,1.803,58.0466810320035,TRUE
2022-06-09 16:00:00,1.78,56.0596591091158,TRUE
2022-06-09 17:00:00,1.796,57.4373065340497,TRUE
2022-06-09 18:00:00,1.803,58.0466810320035,TRUE
2022-06-09 19:00:00,1.772,55.3787376698593,TRUE
2022-06-09 20:00:00,1.79,56.9182133649079,TRUE
2022-06-09 21:00:00,1.778,55.888936042681,TRUE
2022-06-09 22:00:00,1.782,56.2307110859361,TRUE
2022-06-09 23:00:00,1.782,56.2307110859361,TRUE
2022-06-10,1.8,57.7850232868634,TRUE
2022-06-10 01:00:00,1.781,56.1451439672598,TRUE
2022-06-10 02:00:00,1.781,56.1451439672598,TRUE
2022-06-10 03:00:00,1.768,55.0402451393932,TRUE
2022-06-10 04:00:00,1.776,55.7185416230911,TRUE
2022-06-10 05:00:00,1.774,55.5484755867208,TRUE
2022-06-10 07:00:00,1.804,58.1340662041378,TRUE
2022-06-10 08:00:00,1.8,57.7850232868634,TRUE
2022-06-10 09:00:00,1.819,59.4548241377777,TRUE
2022-06-10 10:00:00,1.837,61.0645452644641,TRUE
2022-06-10 11:00:00,1.837,61.0645452644641,TRUE
2022-06-10 12:00:00,1.867,63.8080570922431,TRUE
2022-06-10 13:00:00,1.874,64.4591945673736,TRUE
2022-06-10 14:00:00,1.943,71.1029622308038,TRUE
2022-06-10 15:00:00,1.984,75.2474056470745,TRUE
2022-06-10 16:00:00,2.015,78.4800368384255,TRUE
2022-06-10 17:00:00,2.08,85.5395210102388,TRUE
2022-06-10 18:00:00,2.135,91.8158021923217,TRUE
2022-06-10 19:00:00,2.108,88.6996572865937,TRUE
2022-06-10 20:00:00,2.194,98.863491734368,TRUE
2022-06-10 21:00:00,2.208,100.584360859625,TRUE
2022-06-10 22:00:00,2.273,108.821637178202,TRUE
2022-06-10 23:00:00,2.228,103.075366402266,TRUE
2022-06-11,2.248,105.604972279174,TRUE
2022-06-11 01:00:00,2.262,107.398795746472,TRUE
2022-06-11 02:00:00,2.322,115.304213207156,TRUE
2022-06-11 03:00:00,2.331,116.52072397289,TRUE
2022-06-11 04:00:00,2.249,105.732470260384,TRUE
2022-06-11 05:00:00,2.303,112.762433570683,TRUE
2022-06-11 07:00:00,2.194,98.863491734368,TRUE
2022-06-11 08:00:00,2.262,107.398795746472,TRUE
2022-06-11 09:00:00,2.216,101.576146854318,TRUE
2022-06-11 10:00:00,2.234,103.830183891331,TRUE
2022-06-11 11:00:00,2.307,113.294573858959,TRUE
2022-06-11 12:00:00,2.243,104.968938524211,TRUE
2022-06-11 13:00:00,2.315,114.363604955782,TRUE
2022-06-11 14:00:00,2.272,108.691799138123,TRUE
2022-06-11 15:00:00,2.303,112.762433570683,TRUE
2022-06-11 16:00:00,2.328,116.114324531946,TRUE
2022-06-11 17:00:00,2.324,115.573852443497,TRUE
2022-06-11 18:00:00,2.43,130.440004932649,TRUE
2022-06-11 19:00:00,2.438,131.608341981928,TRUE
2022-06-11 20:00:00,2.471,136.49751488764,TRUE
2022-06-11 21:00:00,2.468,136.048385640979,TRUE
2022-06-11 22:00:00,2.542,147.401615439405,TRUE
2022-06-11 23:00:00,2.455,134.112944025525,TRUE
2022-06-12,2.408,127.260909746467,TRUE
2022-06-12 01:00:00,2.436,131.315640910551,TRUE
2022-06-12 02:00:00,2.416,128.411215603264,TRUE
2022-06-12 03:00:00,2.446,132.783264748236,TRUE
2022-06-12 04:00:00,2.458,134.558030802545,TRUE
2022-06-12 05:00:00,2.454,133.964788632428,TRUE
2022-06-12 07:00:00,2.47,136.347701285698,TRUE
2022-06-12 08:00:00,2.472,136.647432382611,TRUE
2022-06-12 09:00:00,2.475,137.097808525446,TRUE
2022-06-12 10:00:00,2.445,132.636038719512,TRUE
2022-06-12 11:00:00,2.398,125.832205379542,TRUE
2022-06-12 12:00:00,2.472,136.647432382611,TRUE
2022-06-12 13:00:00,2.443,132.341895969247,TRUE
2022-06-12 14:00:00,2.429,130.294425092119,TRUE
2022-06-12 15:00:00,2.433,130.877360540612,TRUE
2022-06-12 16:00:00,2.438,131.608341981928,TRUE
2022-06-12 17:00:00,2.431,130.585687434162,TRUE
2022-06-12 18:00:00,2.404,126.688205722399,TRUE
2022-06-12 19:00:00,2.382,123.567418410534,TRUE
2022-06-12 20:00:00,2.385,123.99008861356,TRUE
2022-06-12 21:00:00,2.361,120.634186319237,TRUE
2022-06-12 22:00:00,2.348,118.840620700364,TRUE
2022-06-12 23:00:00,2.382,123.567418410534,TRUE
2022-06-13,2.331,116.52072397289,TRUE
2022-06-13 01:00:00,2.358,120.218780382321,TRUE
2022-06-13 02:00:00,2.354,119.66631241759,TRUE
2022-06-13 03:00:00,2.358,120.218780382321,TRUE
2022-06-13 04:00:00,2.344,118.292163537247,TRUE
2022-06-13 05:00:00,2.37,121.88583840339,TRUE
2022-06-13 07:00:00,2.337,117.336214527987,TRUE
2022-06-13 08:00:00,2.335,117.063985292096,TRUE
2022-06-13 09:00:00,2.326,115.843889470409,TRUE
2022-06-13 10:00:00,2.32,115.034971517273,TRUE
2022-06-13 11:00:00,2.35,119.115450233097,TRUE
2022-06-13 12:00:00,2.337,117.336214527987,TRUE
2022-06-13 13:00:00,2.343,118.1552994653,TRUE
2022-06-13 14:00:00,2.355,119.804278790882,TRUE
2022-06-13 15:00:00,2.397,125.689894765409,TRUE
2022-06-13 16:00:00,2.384,123.849097284421,TRUE
2022-06-13 17:00:00,2.371,122.025414688398,TRUE
2022-06-13 18:00:00,2.386,124.131181244544,TRUE
2022-06-13 19:00:00,2.381,123.426730805201,TRUE
2022-06-13 20:00:00,2.383,123.708207226843,TRUE
2022-06-13 21:00:00,2.389,124.55506725138,TRUE
2022-06-13 22:00:00,2.408,127.260909746467,TRUE
2022-06-13 23:00:00,2.438,131.608341981928,TRUE
2022-06-14,2.405,126.831228837996,TRUE
2022-06-14 01:00:00,2.429,130.294425092119,TRUE
2022-06-14 02:00:00,2.409,127.404340670539,TRUE
2022-06-14 03:00:00,2.42,128.988821299889,TRUE
2022-06-14 04:00:00,2.439,131.75484685534,TRUE
2022-06-14 05:00:00,2.412,127.835245729287,TRUE
2022-06-14 07:00:00,2.385,123.99008861356,TRUE
2022-06-14 08:00:00,2.412,127.835245729287,TRUE
2022-06-14 09:00:00,2.398,125.832205379542,TRUE
2022-06-14 10:00:00,2.4,126.117131723751,TRUE
2022-06-14 11:00:00,2.394,125.263572792013,TRUE
2022-06-14 12:00:00,2.406,126.974353860401,TRUE
2022-06-14 13:00:00,2.407,127.117580819822,TRUE
2022-06-14 14:00:00,2.415,128.26706985183,TRUE
2022-06-14 15:00:00,2.416,128.411215603264,TRUE
2022-06-14 16:00:00,2.427,130.003573273505,TRUE
2022-06-14 17:00:00,2.432,130.731472626777,TRUE
2022-06-14 18:00:00,2.433,130.877360540612,TRUE
2022-06-14 19:00:00,2.443,132.341895969247,TRUE
2022-06-14 20:00:00,2.426,129.858301235162,TRUE
2022-06-14 21:00:00,2.437,131.461940010364,TRUE
2022-06-14 22:00:00,2.449,133.225561809573,TRUE
2022-06-14 23:00:00,2.458,134.558030802545,TRUE
2022-06-15,2.465,135.600190622013,TRUE
2022-06-15 01:00:00,2.465,135.600190622013,TRUE
2022-06-15 02:00:00,2.48,137.850516087858,TRUE
2022-06-15 03:00:00,2.451,133.520942630363,TRUE
2022-06-15 04:00:00,2.464,135.450999748549,TRUE
2022-06-15 05:00:00,2.463,135.301912558183,TRUE
2022-06-15 07:00:00,2.48,137.850516087858,TRUE
2022-06-15 08:00:00,2.461,135.004049106722,TRUE
2022-06-15 09:00:00,2.445,132.636038719512,TRUE
2022-06-15 10:00:00,2.437,131.461940010364,TRUE
2022-06-15 11:00:00,2.451,133.520942630363,TRUE
2022-06-15 12:00:00,2.44,131.90145466069,TRUE
2022-06-15 13:00:00,2.442,132.194979187561,TRUE
2022-06-15 14:00:00,2.441,132.048165428069,TRUE
2022-06-15 15:00:00,2.441,132.048165428069,TRUE
2022-06-15 16:00:00,2.45,133.373200588608,TRUE
2022-06-15 17:00:00,2.443,132.341895969247,TRUE
2022-06-15 18:00:00,2.431,130.585687434162,TRUE
2022-06-15 19:00:00,2.407,127.117580819822,TRUE
2022-06-15 20:00:00,2.413,127.979084945021,TRUE
2022-06-15 21:00:00,2.403,126.545284483395,TRUE
2022-06-15 22:00:00,2.398,125.832205379542,TRUE
2022-06-15 23:00:00,2.402,126.402465090766,TRUE
2022-06-16,2.393,125.121668656396,TRUE
2022-06-16 01:00:00,2.378,123.005274952072,TRUE
2022-06-16 02:00:00,2.383,123.708207226843,TRUE
2022-06-16 03:00:00,2.374,122.444748929792,TRUE
2022-06-16 04:00:00,2.368,121.606988344542,TRUE
2022-06-16 05:00:00,2.368,121.606988344542,TRUE
2022-06-16 07:00:00,2.368,121.606988344542,TRUE
2022-06-16 08:00:00,2.345,118.429127666296,TRUE
2022-06-16 09:00:00,2.342,118.018535420017,TRUE
2022-06-16 10:00:00,2.341,117.881871370956,TRUE
2022-06-16 11:00:00,2.339,117.608843139719,TRUE
2022-06-16 12:00:00,2.319,114.900499675952,TRUE
2022-06-16 13:00:00,2.296,111.83499092256,TRUE
2022-06-16 14:00:00,2.308,113.427856175634,TRUE
2022-06-16 15:00:00,2.315,114.363604955782,TRUE
2022-06-16 16:00:00,2.302,112.629645590307,TRUE
2022-06-16 17:00:00,2.3,112.364365925459,TRUE
2022-06-16 18:00:00,2.301,112.496956385431,TRUE
2022-06-16 19:00:00,2.293,111.438994992116,TRUE
2022-06-16 20:00:00,2.297,111.96718670895,TRUE
2022-06-16 21:00:00,2.29,111.043885561654,TRUE
2022-06-16 22:00:00,2.29,111.043885561654,TRUE
2022-06-16 23:00:00,2.288,110.780971366229,TRUE
2022-06-17,2.279,109.602722113158,TRUE
2022-06-17 01:00:00,2.268,108.173425230268,TRUE
2022-06-17 02:00:00,2.276,109.211738741248,TRUE
2022-06-17 03:00:00,2.268,108.173425230268,TRUE
2022-06-17 04:00:00,2.26,107.141366635833,TRUE
2022-06-17 05:00:00,2.248,105.604972279174,TRUE
2022-06-17 07:00:00,2.269,108.302872030792,TRUE
2022-06-17 08:00:00,2.272,108.691799138123,TRUE
2022-06-17 09:00:00,2.246,105.350267639398,TRUE
2022-06-17 10:00:00,2.26,107.141366635833,TRUE
2022-06-17 11:00:00,2.265,107.785671104333,TRUE
2022-06-17 12:00:00,2.256,106.627678014493,TRUE
2022-06-17 13:00:00,2.23,103.326585898742,TRUE
2022-06-17 14:00:00,2.237,104.208897482708,TRUE
2022-06-17 15:00:00,2.245,105.223060919218,TRUE
2022-06-17 16:00:00,2.241,104.715203984209,TRUE
2022-06-17 17:00:00,2.224,102.57408517383,TRUE
2022-06-17 18:00:00,2.222,102.324022947629,TRUE
2022-06-17 19:00:00,2.217,101.700552364239,TRUE
2022-06-17 20:00:00,2.233,103.704139441056,TRUE
2022-06-17 21:00:00,2.233,103.704139441056,TRUE
2022-06-17 22:00:00,2.215,101.451837474492,TRUE
2022-06-17 23:00:00,2.217,101.700552364239,TRUE
2022-06-18,2.252,106.115547218901,TRUE
2022-06-18 01:00:00,2.251,105.987757699452,TRUE
2022-06-18 02:00:00,2.258,106.884327473867,TRUE
2022-06-18 03:00:00,2.306,113.161390470705,TRUE
2022-06-18 04:00:00,2.326,115.843889470409,TRUE
2022-06-18 05:00:00,2.354,119.66631241759,TRUE
2022-06-18 07:00:00,2.348,118.840620700364,TRUE
2022-06-18 08:00:00,2.377,122.864991887637,TRUE
2022-06-18 09:00:00,2.366,121.328541431624,TRUE
2022-06-18 10:00:00,2.352,119.390680724414,TRUE
2022-06-18 11:00:00,2.364,121.050497421833,TRUE
2022-06-18 12:00:00,2.364,121.050497421833,TRUE
2022-06-18 13:00:00,2.365,121.189469079015,TRUE
2022-06-18 14:00:00,2.366,121.328541431624,TRUE
2022-06-18 15:00:00,2.365,121.189469079015,TRUE
2022-06-18 16:00:00,2.369,121.746362965552,TRUE
2022-06-18 17:00:00,2.366,121.328541431624,TRUE
2022-06-18 18:00:00,2.36,120.495617140132,TRUE
2022-06-18 19:00:00,2.358,120.218780382321,TRUE
2022-06-18 20:00:00,2.377,122.864991887637,TRUE
2022-06-18 21:00:00,2.365,121.189469079015,TRUE
2022-06-18 22:00:00,2.35,119.115450233097,TRUE
2022-06-18 23:00:00,2.355,119.804278790882,TRUE
2022-06-19,2.367,121.467714510015,TRUE
2022-06-19 01:00:00,2.377,122.864991887637,TRUE
2022-06-19 02:00:00,2.368,121.606988344542,TRUE
2022-06-19 03:00:00,2.38,123.286144380548,TRUE
2022-06-19 04:00:00,2.402,126.402465090766,TRUE
2022-06-19 05:00:00,2.378,123.005274952072,TRUE
2022-06-19 07:00:00,2.379,123.145659106273,TRUE
2022-06-19 08:00:00,2.393,125.121668656396,TRUE
2022-06-19 09:00:00,2.381,123.426730805201,TRUE
2022-06-19 10:00:00,2.376,122.724809882657,TRUE
2022-06-19 11:00:00,2.397,125.689894765409,TRUE
2022-06-19 12:00:00,2.377,122.864991887637,TRUE
2022-06-19 13:00:00,2.385,123.99008861356,TRUE
2022-06-19 14:00:00,2.371,122.025414688398,TRUE
2022-06-19 15:00:00,2.378,123.005274952072,TRUE
2022-06-19 16:00:00,2.365,121.189469079015,TRUE
2022-06-19 17:00:00,2.346,118.566191882878,TRUE
2022-06-19 18:00:00,2.355,119.804278790882,TRUE
2022-06-19 19:00:00,2.364,121.050497421833,TRUE
2022-06-19 20:00:00,2.345,118.429127666296,TRUE
2022-06-19 21:00:00,2.347,118.703356217426,TRUE
2022-06-19 22:00:00,2.338,117.472478896642,TRUE
2022-06-19 23:00:00,2.331,116.52072397289,TRUE
2022-06-20,2.332,116.656389734804,TRUE
2022-06-20 01:00:00,2.344,118.292163537247,TRUE
2022-06-20 02:00:00,2.319,114.900499675952,TRUE
2022-06-20 03:00:00,2.328,116.114324531946,TRUE
2022-06-20 04:00:00,2.336,117.200050003292,TRUE
2022-06-20 05:00:00,2.322,115.304213207156,TRUE
2022-06-20 07:00:00,2.327,115.979057231598,TRUE
2022-06-20 08:00:00,2.311,113.828297001893,TRUE
2022-06-20 09:00:00,2.299,112.231874179791,TRUE
2022-06-20 10:00:00,2.315,114.363604955782,TRUE
2022-06-20 11:00:00,2.307,113.294573858959,TRUE
2022-06-20 12:00:00,2.305,113.028305980296,TRUE
2022-06-20 13:00:00,2.322,115.304213207156,TRUE
2022-06-20 14:00:00,2.339,117.608843139719,TRUE
2022-06-20 15:00:00,2.343,118.1552994653,TRUE
2022-06-20 16:00:00,2.37,121.88583840339,TRUE
2022-06-20 17:00:00,2.36,120.495617140132,TRUE
2022-06-20 18:00:00,2.37,121.88583840339,TRUE
2022-06-20 19:00:00,2.388,124.413670533177,TRUE
2022-06-20 20:00:00,2.416,128.411215603264,TRUE
2022-06-20 21:00:00,2.403,126.545284483395,TRUE
2022-06-20 22:00:00,2.408,127.260909746467,TRUE
2022-06-20 23:00:00,2.427,130.003573273505,TRUE
2022-06-21,2.419,128.844266411766,TRUE
2022-06-21 01:00:00,2.404,126.688205722399,TRUE
2022-06-21 02:00:00,2.43,130.440004932649,TRUE
2022-06-21 03:00:00,2.419,128.844266411766,TRUE
2022-06-21 04:00:00,2.42,128.988821299889,TRUE
2022-06-21 05:00:00,2.444,132.488915803206,TRUE
2022-06-21 07:00:00,2.433,130.877360540612,TRUE
2022-06-21 08:00:00,2.42,128.988821299889,TRUE
2022-06-21 09:00:00,2.431,130.585687434162,TRUE
2022-06-21 10:00:00,2.428,130.148947882447,TRUE
2022-06-21 11:00:00,2.43,130.440004932649,TRUE
2022-06-21 12:00:00,2.429,130.294425092119,TRUE
2022-06-21 13:00:00,2.432,130.731472626777,TRUE
2022-06-21 14:00:00,2.421,129.133478547593,TRUE
2022-06-21 15:00:00,2.414,128.123026309141,TRUE
2022-06-21 16:00:00,2.391,124.838164986917,TRUE
2022-06-21 17:00:00,2.398,125.832205379542,TRUE
2022-06-21 18:00:00,2.408,127.260909746467,TRUE
2022-06-21 19:00:00,2.396,125.547685816272,TRUE
2022-06-21 20:00:00,2.405,126.831228837996,TRUE
2022-06-21 21:00:00,2.399,125.974617688911,TRUE
2022-06-21 22:00:00,2.399,125.974617688911,TRUE
2022-06-21 23:00:00,2.385,123.99008861356,TRUE
2022-06-22,2.378,123.005274952072,TRUE
2022-06-22 01:00:00,2.391,124.838164986917,TRUE
2022-06-22 02:00:00,2.375,122.584728906815,TRUE
2022-06-22 03:00:00,2.38,123.286144380548,TRUE
2022-06-22 04:00:00,2.387,124.272375207657,TRUE
2022-06-22 05:00:00,2.393,125.121668656396,TRUE
2022-06-22 07:00:00,2.382,123.567418410534,TRUE
2022-06-22 08:00:00,2.39,124.696565392537,TRUE
2022-06-22 09:00:00,2.374,122.444748929792,TRUE
2022-06-22 10:00:00,2.38,123.286144380548,TRUE
2022-06-22 11:00:00,2.372,122.165091850912,TRUE
2022-06-22 12:00:00,2.371,122.025414688398,TRUE
2022-06-22 13:00:00,2.373,122.304869921267,TRUE
2022-06-22 14:00:00,2.375,122.584728906815,TRUE
2022-06-22 15:00:00,2.367,121.467714510015,TRUE
2022-06-22 16:00:00,2.361,120.634186319237,TRUE
2022-06-22 17:00:00,2.364,121.050497421833,TRUE
2022-06-22 18:00:00,2.353,119.528446405567,TRUE
2022-06-22 19:00:00,2.359,120.357148504619,TRUE
2022-06-22 20:00:00,2.348,118.840620700364,TRUE
2022-06-22 21:00:00,2.35,119.115450233097,TRUE
2022-06-22 22:00:00,2.356,119.94234555584,TRUE
2022-06-22 23:00:00,2.338,117.472478896642,TRUE
2022-06-23,2.341,117.881871370956,TRUE
2022-06-23 01:00:00,2.345,118.429127666296,TRUE
2022-06-23 02:00:00,2.338,117.472478896642,TRUE
2022-06-23 03:00:00,2.345,118.429127666296,TRUE
2022-06-23 04:00:00,2.34,117.745307287673,TRUE
2022-06-23 05:00:00,2.356,119.94234555584,TRUE
2022-06-23 07:00:00,2.366,121.328541431624,TRUE
2022-06-23 08:00:00,2.36,120.495617140132,TRUE
2022-06-23 09:00:00,2.353,119.528446405567,TRUE
2022-06-23 10:00:00,2.347,118.703356217426,TRUE
2022-06-23 11:00:00,2.341,117.881871370956,TRUE
2022-06-23 12:00:00,2.355,119.804278790882,TRUE
2022-06-23 13:00:00,2.333,116.792155188325,TRUE
2022-06-23 14:00:00,2.339,117.608843139719,TRUE
2022-06-23 15:00:00,2.347,118.703356217426,TRUE
2022-06-23 16:00:00,2.348,118.840620700364,TRUE
2022-06-23 17:00:00,2.331,116.52072397289,TRUE
2022-06-23 18:00:00,2.353,119.528446405567,TRUE
2022-06-23 19:00:00,2.327,115.979057231598,TRUE
2022-06-23 20:00:00,2.327,115.979057231598,TRUE
2022-06-23 21:00:00,2.337,117.336214527987,TRUE
2022-06-23 22:00:00,2.341,117.881871370956,TRUE
2022-06-23 23:00:00,2.345,118.429127666296,TRUE
2022-06-24,2.332,116.656389734804,TRUE
2022-06-24 01:00:00,2.357,120.080512742857,TRUE
2022-06-24 02:00:00,2.354,119.66631241759,TRUE
2022-06-24 03:00:00,2.381,123.426730805201,TRUE
2022-06-24 04:00:00,2.37,121.88583840339,TRUE
2022-06-24 05:00:00,2.379,123.145659106273,TRUE
2022-06-24 07:00:00,2.377,122.864991887637,TRUE
2022-06-24 08:00:00,2.366,121.328541431624,TRUE
2022-06-24 09:00:00,2.329,116.249691401948,TRUE
2022-06-24 10:00:00,2.346,118.566191882878,TRUE
2022-06-24 11:00:00,2.338,117.472478896642,TRUE
2022-06-24 12:00:00,2.339,117.608843139719,TRUE
2022-06-24 13:00:00,2.323,115.438983116761,TRUE
2022-06-24 14:00:00,2.322,115.304213207156,TRUE
2022-06-24 15:00:00,2.314,114.229629284334,TRUE
2022-06-24 16:00:00,2.315,114.363604955782,TRUE
2022-06-24 17:00:00,2.309,113.561237451303,TRUE
2022-06-24 18:00:00,2.308,113.427856175634,TRUE
2022-06-24 19:00:00,2.293,111.438994992116,TRUE
2022-06-24 20:00:00,2.283,110.125406410435,TRUE
2022-06-24 21:00:00,2.295,111.702893728037,TRUE
2022-06-24 22:00:00,2.282,109.994588122503,TRUE
2022-06-24 23:00:00,2.283,110.125406410435,TRUE
2022-06-25,2.265,107.785671104333,TRUE
2022-06-25 01:00:00,2.261,107.270032432191,TRUE
2022-06-25 02:00:00,2.26,107.141366635833,TRUE
2022-06-25 03:00:00,2.244,105.095951224428,TRUE
2022-06-25 04:00:00,2.239,104.4618570526,TRUE
2022-06-25 05:00:00,2.24,104.588482082771,TRUE
2022-06-25 07:00:00,2.222,102.324022947629,TRUE
2022-06-25 08:00:00,2.238,104.335328862859,TRUE
2022-06-25 09:00:00,2.215,101.451837474492,TRUE
2022-06-25 10:00:00,2.224,102.57408517383,TRUE
2022-06-25 11:00:00,2.206,100.337373805306,TRUE
2022-06-25 12:00:00,2.193,98.7412893837603,TRUE
2022-06-25 13:00:00,2.194,98.863491734368,TRUE
2022-06-25 14:00:00,2.182,97.40335426408,TRUE
2022-06-25 15:00:00,2.182,97.40335426408,TRUE
2022-06-25 16:00:00,2.185,97.7671030074679,TRUE
2022-06-25 17:00:00,2.18,97.1613305343277,TRUE
2022-06-25 18:00:00,2.185,97.7671030074679,TRUE
2022-06-25 19:00:00,2.167,95.5974290419374,TRUE
2022-06-25 20:00:00,2.165,95.3582496687939,TRUE
2022-06-25 21:00:00,2.168,95.7171606274543,TRUE
2022-06-25 22:00:00,2.16,94.7619552705537,TRUE
2022-06-25 23:00:00,2.161,94.8810252422521,TRUE
2022-06-26,2.15,93.5764419525956,TRUE
2022-06-26 01:00:00,2.136,91.9325217298683,TRUE
2022-06-26 02:00:00,2.131,91.3498598436626,TRUE
2022-06-26 03:00:00,2.135,91.8158021923217,TRUE
2022-06-26 04:00:00,2.129,91.1174497124451,TRUE
2022-06-26 05:00:00,2.125,90.6537502849016,TRUE
2022-06-26 07:00:00,2.113,89.2716006488317,TRUE
2022-06-26 08:00:00,2.119,89.9609994747911,TRUE
2022-06-26 09:00:00,2.109,88.8138603019604,TRUE
2022-06-26 10:00:00,2.107,88.5855470370248,TRUE
2022-06-26 11:00:00,2.102,88.0163861777389,TRUE
2022-06-26 12:00:00,2.093,86.9977263719048,TRUE
2022-06-26 13:00:00,2.085,86.0985277371143,TRUE
2022-06-26 14:00:00,2.096,87.336447857022,TRUE
2022-06-26 15:00:00,2.091,86.7723735742129,TRUE
2022-06-26 16:00:00,2.09,86.6598355387531,TRUE
2022-06-26 17:00:00,2.088,86.4350360373471,TRUE
2022-06-26 18:00:00,2.08,85.5395210102388,TRUE
2022-06-26 19:00:00,2.076,85.0939697577962,TRUE
2022-06-26 20:00:00,2.072,84.6498866579522,TRUE
2022-06-26 21:00:00,2.058,83.1071283724542,TRUE
2022-06-26 22:00:00,2.063,83.6560571644104,TRUE
2022-06-26 23:00:00,2.061,83.4362118202236,TRUE
2022-06-27,2.054,82.6696269765695,TRUE
2022-06-27 01:00:00,2.05,82.2335826231546,TRUE
2022-06-27 02:00:00,2.051,82.3424572244277,TRUE
2022-06-27 03:00:00,2.056,82.8881954177671,TRUE
2022-06-27 04:00:00,2.049,82.1247989605612,TRUE
2022-06-27 05:00:00,2.052,82.4514227960071,TRUE
2022-06-27 07:00:00,2.061,83.4362118202236,TRUE
2022-06-27 08:00:00,2.061,83.4362118202236,TRUE
2022-06-27 09:00:00,2.042,81.3658569478627,TRUE
2022-06-27 10:00:00,2.039,81.0419570009614,TRUE
2022-06-27 11:00:00,2.042,81.3658569478627,TRUE
2022-06-27 12:00:00,2.044,81.5822436205435,TRUE
2022-06-27 13:00:00,2.044,81.5822436205435,TRUE
2022-06-27 14:00:00,2.036,80.7188723684705,TRUE
2022-06-27 15:00:00,2.037,80.8264767082774,TRUE
2022-06-27 16:00:00,2.036,80.7188723684705,TRUE
2022-06-27 17:00:00,2.019,78.9034185184728,TRUE
2022-06-27 18:00:00,2.028,79.8612928230281,TRUE
2022-06-27 19:00:00,2.017,78.6915478934564,TRUE
2022-06-27 20:00:00,2.011,78.0580924212523,TRUE
2022-06-27 21:00:00,2.006,77.5326799506097,TRUE
2022-06-27 22:00:00,2.011,78.0580924212523,TRUE
2022-06-27 23:00:00,2.015,78.4800368384255,TRUE
2022-06-28,2,76.9051395438435,TRUE
2022-06-28 01:00:00,2.014,78.3744160702046,TRUE
2022-06-28 02:00:00,2.023,79.3282394950954,TRUE
2022-06-28 03:00:00,2.033,80.3966021949087,TRUE
2022-06-28 04:00:00,2.04,81.1498330172029,TRUE
2022-06-28 05:00:00,2.049,82.1247989605612,TRUE
2022-06-28 07:00:00,2.058,83.1071283724542,TRUE
2022-06-28 08:00:00,2.062,83.5460888333627,TRUE
2022-06-28 09:00:00,2.07,84.4283950348294,TRUE
2022-06-28 10:00:00,2.058,83.1071283724542,TRUE
2022-06-28 11:00:00,2.055,82.7788656487839,TRUE
2022-06-28 12:00:00,2.054,82.6696269765695,TRUE
2022-06-28 13:00:00,2.055,82.7788656487839,TRUE
2022-06-28 14:00:00,2.058,83.1071283724542,TRUE
2022-06-28 15:00:00,2.048,82.0161062050163,TRUE
2022-06-28 16:00:00,2.046,81.7989932885251,TRUE
2022-06-28 17:00:00,2.039,81.0419570009614,TRUE
2022-06-28 18:00:00,2.02,79.0094887491585,TRUE
2022-06-28 19:00:00,2.02,79.0094887491585,TRUE
2022-06-28 20:00:00,2.009,77.8476585503951,TRUE
2022-06-28 21:00:00,2.019,78.9034185184728,TRUE
2022-06-28 22:00:00,2.024,79.4346698675551,TRUE
2022-06-28 23:00:00,2.016,78.5857474355817,TRUE
2022-06-29,2.036,80.7188723684705,TRUE
2022-06-29 01:00:00,2.058,83.1071283724542,TRUE
2022-06-29 02:00:00,2.096,87.336447857022,TRUE
2022-06-29 03:00:00,2.136,91.9325217298683,TRUE
2022-06-29 04:00:00,2.127,90.8854132763027,TRUE
2022-06-29 05:00:00,2.157,94.405311580829,TRUE
2022-06-29 07:00:00,2.211,100.955560637456,TRUE
2022-06-29 08:00:00,2.195,98.9857895336398,TRUE
2022-06-29 09:00:00,2.199,99.475935837638,TRUE
2022-06-29 10:00:00,2.142,92.6348065452261,TRUE
2022-06-29 11:00:00,2.165,95.3582496687939,TRUE
2022-06-29 12:00:00,2.163,95.119448485276,TRUE
2022-06-29 13:00:00,2.144,92.8696517916703,TRUE
2022-06-29 14:00:00,2.143,92.7521822377566,TRUE
2022-06-29 15:00:00,2.129,91.1174497124451,TRUE
2022-06-29 16:00:00,2.1,87.7893700960214,TRUE
2022-06-29 17:00:00,2.109,88.8138603019604,TRUE
2022-06-29 18:00:00,2.091,86.7723735742129,TRUE
2022-06-29 19:00:00,2.078,85.3165617388925,TRUE
2022-06-29 20:00:00,2.07,84.4283950348294,TRUE
2022-06-29 21:00:00,2.061,83.4362118202236,TRUE
2022-06-29 22:00:00,2.061,83.4362118202236,TRUE
2022-06-29 23:00:00,2.047,81.9075043248842,TRUE
2022-06-30,2.052,82.4514227960071,TRUE
2022-06-30 01:00:00,2.036,80.7188723684705,TRUE
2022-06-30 02:00:00,2.062,83.5460888333627,TRUE
2022-06-30 03:00:00,2.056,82.8881954177671,TRUE
2022-06-30 04:00:00,2.045,81.6905730642945,TRUE
2022-06-30 05:00:00,2.041,81.257799655613,TRUE
2022-06-30 07:00:00,2.051,82.3424572244277,TRUE
2022-06-30 08:00:00,2.036,80.7188723684705,TRUE
2022-06-30 09:00:00,2.034,80.5039351434817,TRUE
2022-06-30 10:00:00,2.022,79.2218992057112,TRUE
2022-06-30 11:00:00,2.025,79.5411903548378,TRUE
2022-06-30 12:00:00,2.026,79.647800988686,TRUE
2022-06-30 13:00:00,2.011,78.0580924212523,TRUE
2022-06-30 14:00:00,2.003,77.2185072349258,TRUE
2022-06-30 15:00:00,2.008,77.7425760880817,TRUE
2022-06-30 16:00:00,2.008,77.7425760880817,TRUE
2022-06-30 17:00:00,2.002,77.1139619331754,TRUE
2022-06-30 18:00:00,2.004,77.3231419838571,TRUE
2022-06-30 19:00:00,1.99,75.8663835970658,TRUE
2022-06-30 20:00:00,1.987,75.5564944048979,TRUE
2022-06-30 21:00:00,1.972,74.0190377165658,TRUE
2022-06-30 22:00:00,1.978,74.6316259866784,TRUE
2022-06-30 23:00:00,1.969,73.7139381951884,TRUE
2022-07-01,1.964,73.2072058053104,TRUE
2022-07-01 01:00:00,1.971,73.9172494608261,TRUE
2022-07-01 02:00:00,1.963,73.1061240611405,TRUE
2022-07-01 03:00:00,1.962,73.0051304868637,TRUE
2022-07-01 04:00:00,1.959,72.7026784630956,TRUE
2022-07-01 05:00:00,1.954,72.2003521645356,TRUE
2022-07-01 07:00:00,1.963,73.1061240611405,TRUE
2022-07-01 08:00:00,1.965,73.3083757513962,TRUE
2022-07-01 09:00:00,1.958,72.602037248071,TRUE
2022-07-01 10:00:00,1.953,72.100150677503,TRUE
2022-07-01 11:00:00,1.944,71.2022866676667,TRUE
2022-07-01 12:00:00,1.938,70.6076523307652,TRUE
2022-07-01 13:00:00,1.941,70.9045759103124,TRUE
2022-07-01 14:00:00,1.942,71.0037253223929,TRUE
2022-07-01 15:00:00,1.935,70.3115150613551,TRUE
2022-07-01 16:00:00,1.941,70.9045759103124,TRUE
2022-07-01 17:00:00,1.942,71.0037253223929,TRUE
2022-07-01 18:00:00,1.938,70.6076523307652,TRUE
2022-07-01 19:00:00,1.921,68.939912388567,TRUE
2022-07-01 20:00:00,1.918,68.6482144686256,TRUE
2022-07-01 21:00:00,1.929,69.7215959803382,TRUE
2022-07-01 22:00:00,1.914,68.2604978938917,TRUE
2022-07-01 23:00:00,1.919,68.7453603416469,TRUE
2022-07-02,1.919,68.7453603416469,TRUE
2022-07-02 01:00:00,1.919,68.7453603416469,TRUE
2022-07-02 02:00:00,1.922,69.0373186269244,TRUE
2022-07-02 03:00:00,1.924,69.232391694544,TRUE
2022-07-02 04:00:00,1.931,69.9178870175121,TRUE
2022-07-02 05:00:00,1.936,70.4101401702745,TRUE
2022-07-02 07:00:00,1.945,71.3016986650986,TRUE
2022-07-02 08:00:00,1.951,71.9000112195882,TRUE
2022-07-02 09:00:00,1.941,70.9045759103124,TRUE
2022-07-02 10:00:00,1.921,68.939912388567,TRUE
2022-07-02 11:00:00,1.936,70.4101401702745,TRUE
2022-07-02 12:00:00,1.925,69.3300585882359,TRUE
2022-07-02 13:00:00,1.924,69.232391694544,TRUE
2022-07-02 14:00:00,1.926,69.4278124314608,TRUE
2022-07-02 15:00:00,1.922,69.0373186269244,TRUE
2022-07-02 16:00:00,1.927,69.5256532564216,TRUE
2022-07-02 17:00:00,1.917,68.5511553195832,TRUE
2022-07-02 18:00:00,1.905,67.3931982607498,TRUE
2022-07-02 19:00:00,1.916,68.4541828622783,TRUE
2022-07-02 20:00:00,1.913,68.1637853183034,TRUE
2022-07-02 21:00:00,1.904,67.2972635877131,TRUE
2022-07-02 22:00:00,1.9,66.914387294051,TRUE
2022-07-02 23:00:00,1.908,67.6815202358393,TRUE
2022-07-03,1.91,67.8741668388155,TRUE
2022-07-03 01:00:00,1.917,68.5511553195832,TRUE
2022-07-03 02:00:00,1.928,69.6235810953164,TRUE
2022-07-03 03:00:00,1.941,70.9045759103124,TRUE
2022-07-03 04:00:00,1.944,71.2022866676667,TRUE
2022-07-03 05:00:00,1.965,73.3083757513962,TRUE
2022-07-03 07:00:00,1.992,76.0734215030284,TRUE
2022-07-03 08:00:00,1.997,76.5925760174937,TRUE
2022-07-03 09:00:00,2,76.9051395438435,TRUE
2022-07-03 10:00:00,1.996,76.4885667299782,TRUE
2022-07-03 11:00:00,1.965,73.3083757513962,TRUE
2022-07-03 12:00:00,1.99,75.8663835970658,TRUE
2022-07-03 13:00:00,1.986,75.4533759243603,TRUE
2022-07-03 14:00:00,1.971,73.9172494608261,TRUE
2022-07-03 15:00:00,1.966,73.4096339314159,TRUE
2022-07-03 16:00:00,1.978,74.6316259866784,TRUE
2022-07-03 17:00:00,1.978,74.6316259866784,TRUE
2022-07-03 18:00:00,2.003,77.2185072349258,TRUE
2022-07-03 19:00:00,1.998,76.6966745610669,TRUE
2022-07-03 20:00:00,2.006,77.5326799506097,TRUE
2022-07-03 21:00:00,1.998,76.6966745610669,TRUE
2022-07-03 22:00:00,2.004,77.3231419838571,TRUE
2022-07-03 23:00:00,2.024,79.4346698675551,TRUE
2022-07-04,2.014,78.3744160702046,TRUE
2022-07-04 01:00:00,2.002,77.1139619331754,TRUE
2022-07-04 02:00:00,2.007,77.6375832320931,TRUE
2022-07-04 03:00:00,2.014,78.3744160702046,TRUE
2022-07-04 04:00:00,2.008,77.7425760880817,TRUE
2022-07-04 05:00:00,2.016,78.5857474355817,TRUE
2022-07-04 07:00:00,2.009,77.8476585503951,TRUE
2022-07-04 08:00:00,2,76.9051395438435,TRUE
2022-07-04 09:00:00,2.002,77.1139619331754,TRUE
2022-07-04 10:00:00,2,76.9051395438435,TRUE
2022-07-04 11:00:00,1.975,74.3249333592781,TRUE
2022-07-04 12:00:00,1.968,73.6124151213057,TRUE
2022-07-04 13:00:00,1.975,74.3249333592781,TRUE
2022-07-04 14:00:00,1.972,74.0190377165658,TRUE
2022-07-04 15:00:00,1.949,71.700222902688,TRUE
2022-07-04 16:00:00,1.936,70.4101401702745,TRUE
2022-07-04 17:00:00,1.948,71.6004603419059,TRUE
2022-07-04 18:00:00,1.944,71.2022866676667,TRUE
2022-07-04 19:00:00,1.932,70.0161632340267,TRUE
2022-07-04 20:00:00,1.926,69.4278124314608,TRUE
2022-07-04 21:00:00,1.912,68.0671593054389,TRUE
2022-07-04 22:00:00,1.912,68.0671593054389,TRUE
2022-07-04 23:00:00,1.909,67.7778003205109,TRUE
2022-07-05,1.888,65.774019851034,TRUE
2022-07-05 01:00:00,1.92,68.8425929708834,TRUE
2022-07-05 02:00:00,1.904,67.2972635877131,TRUE
2022-07-05 03:00:00,1.913,68.1637853183034,TRUE
2022-07-05 04:00:00,1.915,68.3572970644648,TRUE
2022-07-05 05:00:00,1.938,70.6076523307652,TRUE
2022-07-05 07:00:00,1.945,71.3016986650986,TRUE
2022-07-05 08:00:00,1.942,71.0037253223929,TRUE
2022-07-05 09:00:00,1.935,70.3115150613551,TRUE
2022-07-05 10:00:00,1.955,72.3006415330461,TRUE
2022-07-05 11:00:00,1.939,70.7065394466321,TRUE
2022-07-05 12:00:00,1.929,69.7215959803382,TRUE
2022-07-05 13:00:00,1.938,70.6076523307652,TRUE
2022-07-05 14:00:00,1.928,69.6235810953164,TRUE
2022-07-05 15:00:00,1.917,68.5511553195832,TRUE
2022-07-05 16:00:00,1.908,67.6815202358393,TRUE
2022-07-05 17:00:00,1.897,66.6281346872831,TRUE
2022-07-05 18:00:00,1.9,66.914387294051,TRUE
2022-07-05 19:00:00,1.886,65.5851606859012,TRUE
2022-07-05 20:00:00,1.891,66.0579518393763,TRUE
2022-07-05 21:00:00,1.887,65.6795474073482,TRUE
2022-07-05 22:00:00,1.888,65.774019851034,TRUE
2022-07-05 23:00:00,1.872,64.2727292719605,TRUE
2022-07-06,1.876,64.6460010657867,TRUE
2022-07-06 01:00:00,1.875,64.5525551499786,TRUE
2022-07-06 02:00:00,1.875,64.5525551499786,TRUE
2022-07-06 03:00:00,1.874,64.4591945673736,TRUE
2022-07-06 04:00:00,1.867,63.8080570922431,TRUE
2022-07-06 05:00:00,1.866,63.7153780065783,TRUE
2022-07-06 07:00:00,1.869,63.9936705164063,TRUE
2022-07-06 08:00:00,1.866,63.7153780065783,TRUE
2022-07-06 09:00:00,1.867,63.8080570922431,TRUE
2022-07-06 10:00:00,1.864,63.5302749256235,TRUE
2022-07-06 11:00:00,1.865,63.6227839618706,TRUE
2022-07-06 12:00:00,1.858,62.9770040653637,TRUE
2022-07-06 13:00:00,1.852,62.4267853149334,TRUE
2022-07-06 14:00:00,1.844,61.6978958880379,TRUE
2022-07-06 15:00:00,1.846,61.8796116436588,TRUE
2022-07-06 16:00:00,1.857,62.8850891780113,TRUE
2022-07-06 17:00:00,1.86,63.1610882151301,TRUE
2022-07-06 18:00:00,1.833,60.7044814633834,TRUE
2022-07-06 19:00:00,1.837,61.0645452644641,TRUE
2022-07-06 20:00:00,1.832,60.614675509518,TRUE
2022-07-06 21:00:00,1.815,59.1007894065152,TRUE
2022-07-06 22:00:00,1.82,59.5435415091194,TRUE
2022-07-06 23:00:00,1.812,58.836138932992,TRUE
2022-07-07,1.809,58.5722379694557,TRUE
2022-07-07 01:00:00,1.826,60.0776012408312,TRUE
2022-07-07 02:00:00,1.822,59.7212269071649,TRUE
2022-07-07 03:00:00,1.834,60.7943713831548,TRUE
2022-07-07 04:00:00,1.839,61.2450816134697,TRUE
2022-07-07 05:00:00,1.86,63.1610882151301,TRUE
2022-07-07 07:00:00,1.857,62.8850891780113,TRUE
2022-07-07 08:00:00,1.87,64.086604919873,TRUE
2022-07-07 09:00:00,1.868,63.9008212513569,TRUE
2022-07-07 10:00:00,1.866,63.7153780065783,TRUE
2022-07-07 11:00:00,1.888,65.774019851034,TRUE
2022-07-07 12:00:00,1.866,63.7153780065783,TRUE
2022-07-07 13:00:00,1.86,63.1610882151301,TRUE
2022-07-07 14:00:00,1.859,63.0690037335594,TRUE
2022-07-07 15:00:00,1.861,63.2532575426026,TRUE
2022-07-07 16:00:00,1.855,62.701513615684,TRUE
2022-07-07 17:00:00,1.843,61.6071645138319,TRUE
2022-07-07 18:00:00,1.841,61.4259546095914,TRUE
2022-07-07 19:00:00,1.842,61.5165174318873,TRUE
2022-07-07 20:00:00,1.846,61.8796116436588,TRUE
2022-07-07 21:00:00,1.84,61.3354760143264,TRUE
2022-07-07 22:00:00,1.827,60.1669040853755,TRUE
2022-07-07 23:00:00,1.839,61.2450816134697,TRUE
2022-07-08,1.835,60.8843453014906,TRUE
2022-07-08 01:00:00,1.846,61.8796116436588,TRUE
2022-07-08 02:00:00,1.845,61.7887115871127,TRUE
2022-07-08 03:00:00,1.853,62.5182767862224,TRUE
2022-07-08 04:00:00,1.851,62.3353784291911,TRUE
2022-07-08 05:00:00,1.881,65.1145117783417,TRUE
2022-07-08 07:00:00,1.872,64.2727292719605,TRUE
2022-07-08 08:00:00,1.864,63.5302749256235,TRUE
2022-07-08 09:00:00,1.876,64.6460010657867,TRUE
2022-07-08 10:00:00,1.872,64.2727292719605,TRUE
2022-07-08 11:00:00,1.864,63.5302749256235,TRUE
2022-07-08 12:00:00,1.847,61.9705960902737,TRUE
2022-07-08 13:00:00,1.857,62.8850891780113,TRUE
2022-07-08 14:00:00,1.855,62.701513615684,TRUE
2022-07-08 15:00:00,1.851,62.3353784291911,TRUE
2022-07-08 16:00:00,1.844,61.6978958880379,TRUE
2022-07-08 17:00:00,1.839,61.2450816134697,TRUE
2022-07-08 18:00:00,1.838,61.1547713743932,TRUE
2022-07-08 19:00:00,1.829,60.3457611166961,TRUE
2022-07-08 20:00:00,1.832,60.614675509518,TRUE
2022-07-08 21:00:00,1.835,60.8843453014906,TRUE
2022-07-08 22:00:00,1.825,59.98838213344,TRUE
2022-07-08 23:00:00,1.832,60.614675509518,TRUE
2022-07-09,1.852,62.4267853149334,TRUE
2022-07-09 01:00:00,1.859,63.0690037335594,TRUE
2022-07-09 02:00:00,1.863,63.437850865335,TRUE
2022-07-09 03:00:00,1.865,63.6227839618706,TRUE
2022-07-09 04:00:00,1.873,64.3659192855198,TRUE
2022-07-09 05:00:00,1.886,65.5851606859012,TRUE
2022-07-09 07:00:00,1.898,66.7234661338627,TRUE
2022-07-09 08:00:00,1.889,65.8685780493464,TRUE
2022-07-09 09:00:00,1.888,65.774019851034,TRUE
2022-07-09 10:00:00,1.876,64.6460010657867,TRUE
2022-07-09 11:00:00,1.872,64.2727292719605,TRUE
2022-07-09 12:00:00,1.856,62.7932590389654,TRUE
2022-07-09 13:00:00,1.855,62.701513615684,TRUE
2022-07-09 14:00:00,1.859,63.0690037335594,TRUE
2022-07-09 15:00:00,1.848,62.0616649595496,TRUE
2022-07-09 16:00:00,1.853,62.5182767862224,TRUE
2022-07-09 17:00:00,1.831,60.524953488895,TRUE
2022-07-09 18:00:00,1.833,60.7044814633834,TRUE
2022-07-09 19:00:00,1.825,59.98838213344,TRUE
2022-07-09 20:00:00,1.827,60.1669040853755,TRUE
2022-07-09 21:00:00,1.816,59.1891729416967,TRUE
2022-07-09 22:00:00,1.828,60.2562906997674,TRUE
2022-07-09 23:00:00,1.827,60.1669040853755,TRUE
2022-07-10,1.83,60.4353153688457,TRUE
2022-07-10 01:00:00,1.837,61.0645452644641,TRUE
2022-07-10 02:00:00,1.835,60.8843453014906,TRUE
2022-07-10 03:00:00,1.841,61.4259546095914,TRUE
2022-07-10 04:00:00,1.85,62.2440560964287,TRUE
2022-07-10 05:00:00,1.844,61.6978958880379,TRUE
2022-07-10 07:00:00,1.855,62.701513615684,TRUE
2022-07-10 08:00:00,1.845,61.7887115871127,TRUE
2022-07-10 09:00:00,1.846,61.8796116436588,TRUE
2022-07-10 10:00:00,1.848,62.0616649595496,TRUE
2022-07-10 11:00:00,1.851,62.3353784291911,TRUE
2022-07-10 12:00:00,1.829,60.3457611166961,TRUE
2022-07-10 13:00:00,1.831,60.524953488895,TRUE
2022-07-10 14:00:00,1.809,58.5722379694557,TRUE
2022-07-10 15:00:00,1.811,58.7480887099532,TRUE
2022-07-10 16:00:00,1.808,58.4844373864378,TRUE
2022-07-10 17:00:00,1.814,59.012489248509,TRUE
2022-07-10 18:00:00,1.8,57.7850232868634,TRUE
2022-07-10 19:00:00,1.795,57.3505843127557,TRUE
2022-07-10 20:00:00,1.788,56.7458431128396,TRUE
2022-07-10 21:00:00,1.785,56.4879063344247,TRUE
2022-07-10 22:00:00,1.779,55.9742564785695,TRUE
2022-07-10 23:00:00,1.771,55.2939916738114,TRUE
2022-07-11,1.781,56.1451439672598,TRUE
2022-07-11 01:00:00,1.779,55.9742564785695,TRUE
2022-07-11 02:00:00,1.767,54.9558266691848,TRUE
2022-07-11 03:00:00,1.77,55.2093276087106,TRUE
2022-07-11 04:00:00,1.76,54.3671858998078,TRUE
2022-07-11 05:00:00,1.769,55.1247454415689,TRUE
2022-07-11 07:00:00,1.762,54.5349606423289,TRUE
2022-07-11 08:00:00,1.757,54.1161354617882,TRUE
2022-07-11 09:00:00,1.757,54.1161354617882,TRUE
2022-07-11 10:00:00,1.748,53.3673798816502,TRUE
2022-07-11 11:00:00,1.752,53.6993469966966,TRUE
2022-07-11 12:00:00,1.748,53.3673798816502,TRUE
2022-07-11 13:00:00,1.733,52.1340527374332,TRUE
2022-07-11 14:00:00,1.738,52.543139416983,TRUE
2022-07-11 15:00:00,1.747,53.2845911128127,TRUE
2022-07-11 16:00:00,1.74,52.7073397331114,TRUE
2022-07-11 17:00:00,1.726,51.5647187477904,TRUE
2022-07-11 18:00:00,1.719,50.9993263729977,TRUE
2022-07-11 19:00:00,1.719,50.9993263729977,TRUE
2022-07-11 20:00:00,1.716,50.7582191463154,TRUE
2022-07-11 21:00:00,1.723,51.3219257479837,TRUE
2022-07-11 22:00:00,1.72,51.0798558209902,TRUE
2022-07-11 23:00:00,1.723,51.3219257479837,TRUE
2022-07-12,1.723,51.3219257479837,TRUE
2022-07-12 01:00:00,1.722,51.2411554752258,TRUE
2022-07-12 02:00:00,1.724,51.402776362169,TRUE
2022-07-12 03:00:00,1.727,51.6458105856971,TRUE
2022-07-12 04:00:00,1.733,52.1340527374332,TRUE
2022-07-12 05:00:00,1.732,52.0524775551041,TRUE
2022-07-12 07:00:00,1.731,51.9709830131956,TRUE
2022-07-12 08:00:00,1.733,52.1340527374332,TRUE
2022-07-12 09:00:00,1.735,52.2974451561235,TRUE
2022-07-12 10:00:00,1.731,51.9709830131956,TRUE
2022-07-12 11:00:00,1.722,51.2411554752258,TRUE
2022-07-12 12:00:00,1.722,51.2411554752258,TRUE
2022-07-12 13:00:00,1.719,50.9993263729977,TRUE
2022-07-12 14:00:00,1.714,50.5978815934909,TRUE
2022-07-12 15:00:00,1.716,50.7582191463154,TRUE
2022-07-12 16:00:00,1.707,50.0392197325354,TRUE
2022-07-12 17:00:00,1.708,50.1187888768864,TRUE
2022-07-12 18:00:00,1.702,49.6425704755452,TRUE
2022-07-12 19:00:00,1.697,49.2479122689432,TRUE
2022-07-12 20:00:00,1.692,48.8552409405241,TRUE
2022-07-12 21:00:00,1.69,48.6987277998019,TRUE
2022-07-12 22:00:00,1.698,49.3266848264477,TRUE
2022-07-12 23:00:00,1.692,48.8552409405241,TRUE
2022-07-13,1.702,49.6425704755452,TRUE
2022-07-13 01:00:00,1.7,49.4844685004224,TRUE
2022-07-13 02:00:00,1.696,49.1692191865774,TRUE
2022-07-13 03:00:00,1.709,50.1984378633444,TRUE
2022-07-13 04:00:00,1.704,49.8009910187694,TRUE
2022-07-13 05:00:00,1.706,49.9597303969587,TRUE
2022-07-13 07:00:00,1.716,50.7582191463154,TRUE
2022-07-13 08:00:00,1.717,50.8385080689344,TRUE
2022-07-13 09:00:00,1.711,50.357975495884,TRUE
2022-07-13 10:00:00,1.695,49.0906055459556,TRUE
2022-07-13 11:00:00,1.726,51.5647187477904,TRUE
2022-07-13 12:00:00,1.717,50.8385080689344,TRUE
2022-07-13 13:00:00,1.709,50.1984378633444,TRUE
2022-07-13 14:00:00,1.702,49.6425704755452,TRUE
2022-07-13 15:00:00,1.691,48.7769447328198,TRUE
2022-07-13 16:00:00,1.689,48.6205901080419,TRUE
2022-07-13 17:00:00,1.689,48.6205901080419,TRUE
2022-07-13 18:00:00,1.681,47.9983372459448,TRUE
2022-07-13 19:00:00,1.675,47.5349640219584,TRUE
2022-07-13 20:00:00,1.674,47.4580109337712,TRUE
2022-07-13 21:00:00,1.664,46.6928033277115,TRUE
2022-07-13 22:00:00,1.681,47.9983372459448,TRUE
2022-07-13 23:00:00,1.69,48.6987277998019,TRUE
2022-07-14,1.677,47.6891064492853,TRUE
2022-07-14 01:00:00,1.688,48.5425316241055,TRUE
2022-07-14 02:00:00,1.699,49.4055368924796,TRUE
2022-07-14 03:00:00,1.7,49.4844685004224,TRUE
2022-07-14 04:00:00,1.692,48.8552409405241,TRUE
2022-07-14 05:00:00,1.69,48.6987277998019,TRUE
2022-07-14 07:00:00,1.707,50.0392197325354,TRUE
2022-07-14 08:00:00,1.703,49.7217409094636,TRUE
2022-07-14 09:00:00,1.689,48.6205901080419,TRUE
2022-07-14 10:00:00,1.684,48.2310890977132,TRUE
2022-07-14 11:00:00,1.68,47.9209112202833,TRUE
2022-07-14 12:00:00,1.689,48.6205901080419,TRUE
2022-07-14 13:00:00,1.676,47.6119958492917,TRUE
2022-07-14 14:00:00,1.67,47.1509853019997,TRUE
2022-07-14 15:00:00,1.674,47.4580109337712,TRUE
2022-07-14 16:00:00,1.67,47.1509853019997,TRUE
2022-07-14 17:00:00,1.663,46.6167141565522,TRUE
2022-07-14 18:00:00,1.662,46.5407033219199,TRUE
2022-07-14 19:00:00,1.656,46.0862814997965,TRUE
2022-07-14 20:00:00,1.65,45.6346713231786,TRUE
2022-07-14 21:00:00,1.663,46.6167141565522,TRUE
2022-07-14 22:00:00,1.658,46.2374426767918,TRUE
2022-07-14 23:00:00,1.654,45.9354327279196,TRUE
2022-07-15,1.65,45.6346713231786,TRUE
2022-07-15 01:00:00,1.66,46.3889165278743,TRUE
2022-07-15 02:00:00,1.658,46.2374426767918,TRUE
2022-07-15 03:00:00,1.666,46.8452168139392,TRUE
2022-07-15 04:00:00,1.666,46.8452168139392,TRUE
2022-07-15 05:00:00,1.673,47.3811365512103,TRUE
2022-07-15 07:00:00,1.683,48.1534261511828,TRUE
2022-07-15 08:00:00,1.669,47.0744254066298,TRUE
2022-07-15 09:00:00,1.671,47.2276237688588,TRUE
2022-07-15 10:00:00,1.666,46.8452168139392,TRUE
2022-07-15 11:00:00,1.657,46.1618230208416,TRUE
2022-07-15 12:00:00,1.651,45.709744741102,TRUE
2022-07-15 13:00:00,1.653,45.8601254098222,TRUE
2022-07-15 14:00:00,1.656,46.0862814997965,TRUE
2022-07-15 15:00:00,1.643,45.1113366956699,TRUE
2022-07-15 16:00:00,1.641,44.9625119944906,TRUE
2022-07-15 17:00:00,1.641,44.9625119944906,TRUE
2022-07-15 18:00:00,1.626,43.8562016136326,TRUE
2022-07-15 19:00:00,1.606,42.4080827708287,TRUE
2022-07-15 20:00:00,1.619,43.345866287421,TRUE
2022-07-15 21:00:00,1.606,42.4080827708287,TRUE
2022-07-15 22:00:00,1.613,42.9114337161831,TRUE
2022-07-15 23:00:00,1.627,43.9294147490386,TRUE
2022-07-16,1.608,42.5515147551831,TRUE
2022-07-16 01:00:00,1.61,42.6952526610886,TRUE
2022-07-16 02:00:00,1.598,41.8374086205744,TRUE
2022-07-16 03:00:00,1.609,42.6233454509867,TRUE
2022-07-16 04:00:00,1.609,42.6233454509867,TRUE
2022-07-16 05:00:00,1.605,42.3364814144417,TRUE
2022-07-16 07:00:00,1.596,41.6955021718645,TRUE
2022-07-16 08:00:00,1.605,42.3364814144417,TRUE
2022-07-16 09:00:00,1.602,42.1221354812978,TRUE
2022-07-16 10:00:00,1.595,41.6246630740124,TRUE
2022-07-16 11:00:00,1.59,41.2716074900746,TRUE
2022-07-16 12:00:00,1.589,41.2012241163066,TRUE
2022-07-16 13:00:00,1.59,41.2716074900746,TRUE
2022-07-16 14:00:00,1.591,41.3420667328303,TRUE
2022-07-16 15:00:00,1.586,40.9905288686502,TRUE
2022-07-16 16:00:00,1.581,40.6408843254509,TRUE
2022-07-16 17:00:00,1.579,40.5015556844454,TRUE
2022-07-16 18:00:00,1.587,41.0606848396285,TRUE
2022-07-16 19:00:00,1.582,40.7106619727275,TRUE
2022-07-16 20:00:00,1.58,40.571182240717,TRUE
2022-07-16 21:00:00,1.579,40.5015556844454,TRUE
2022-07-16 22:00:00,1.576,40.2931288455084,TRUE
2022-07-16 23:00:00,1.589,41.2012241163066,TRUE
2022-07-17,1.582,40.7106619727275,TRUE
2022-07-17 01:00:00,1.582,40.7106619727275,TRUE
2022-07-17 02:00:00,1.588,41.1309165775016,TRUE
2022-07-17 03:00:00,1.584,40.8504440911989,TRUE
2022-07-17 04:00:00,1.592,41.4126018785924,TRUE
2022-07-17 05:00:00,1.596,41.6955021718645,TRUE
2022-07-17 07:00:00,1.615,43.0559376124636,TRUE
2022-07-17 08:00:00,1.596,41.6955021718645,TRUE
2022-07-17 09:00:00,1.596,41.6955021718645,TRUE
2022-07-17 10:00:00,1.6,41.979619633141,TRUE
2022-07-17 11:00:00,1.595,41.6246630740124,TRUE
2022-07-17 12:00:00,1.59,41.2716074900746,TRUE
2022-07-17 13:00:00,1.588,41.1309165775016,TRUE
2022-07-17 14:00:00,1.593,41.4832129613736,TRUE
2022-07-17 15:00:00,1.583,40.7805152166208,TRUE
2022-07-17 16:00:00,1.58,40.571182240717,TRUE
2022-07-17 17:00:00,1.58,40.571182240717,TRUE
2022-07-17 18:00:00,1.571,39.9472581672326,TRUE
2022-07-17 19:00:00,1.571,39.9472581672326,TRUE
2022-07-17 20:00:00,1.565,39.5346952854421,TRUE
2022-07-17 21:00:00,1.576,40.2931288455084,TRUE
2022-07-17 22:00:00,1.566,39.6032680251509,TRUE
2022-07-17 23:00:00,1.575,40.223804062159,TRUE
2022-07-18,1.564,39.466197562245,TRUE
2022-07-18 01:00:00,1.579,40.5015556844454,TRUE
2022-07-18 02:00:00,1.568,39.7406386907925,TRUE
2022-07-18 03:00:00,1.579,40.5015556844454,TRUE
2022-07-18 04:00:00,1.586,40.9905288686502,TRUE
2022-07-18 05:00:00,1.577,40.3625290209369,TRUE
2022-07-18 07:00:00,1.589,41.2012241163066,TRUE
2022-07-18 08:00:00,1.582,40.7106619727275,TRUE
2022-07-18 09:00:00,1.582,40.7106619727275,TRUE
2022-07-18 10:00:00,1.578,40.4320046225496,TRUE
2022-07-18 11:00:00,1.601,42.0508394357911,TRUE
2022-07-18 12:00:00,1.588,41.1309165775016,TRUE
2022-07-18 13:00:00,1.582,40.7106619727275,TRUE
2022-07-18 14:00:00,1.565,39.5346952854421,TRUE
2022-07-18 15:00:00,1.573,40.085380535246,TRUE
2022-07-18 16:00:00,1.582,40.7106619727275,TRUE
2022-07-18 17:00:00,1.549,38.4477104383478,TRUE
2022-07-18 18:00:00,1.571,39.9472581672326,TRUE
2022-07-18 19:00:00,1.574,40.1545546367774,TRUE
2022-07-18 20:00:00,1.585,40.9204486305235,TRUE
2022-07-18 21:00:00,1.594,41.5539000151801,TRUE
2022-07-18 22:00:00,1.574,40.1545546367774,TRUE
2022-07-18 23:00:00,1.574,40.1545546367774,TRUE
2022-07-19,1.577,40.3625290209369,TRUE
2022-07-19 01:00:00,1.587,41.0606848396285,TRUE
2022-07-19 02:00:00,1.588,41.1309165775016,TRUE
2022-07-19 03:00:00,1.585,40.9204486305235,TRUE
2022-07-19 04:00:00,1.568,39.7406386907925,TRUE
2022-07-19 05:00:00,1.577,40.3625290209369,TRUE
2022-07-19 07:00:00,1.571,39.9472581672326,TRUE
2022-07-19 08:00:00,1.554,38.7853387157149,TRUE
2022-07-19 09:00:00,1.561,39.2611541498931,TRUE
2022-07-19 10:00:00,1.553,38.7176639168854,TRUE
2022-07-19 11:00:00,1.545,38.1789484617045,TRUE
2022-07-19 12:00:00,1.552,38.6500637239928,TRUE
2022-07-19 13:00:00,1.541,37.9113757923621,TRUE
2022-07-19 14:00:00,1.528,37.0499517159763,TRUE
2022-07-19 15:00:00,1.538,37.7114754521667,TRUE
2022-07-19 16:00:00,1.537,37.644990234096,TRUE
2022-07-19 17:00:00,1.532,37.3136743127537,TRUE
2022-07-19 18:00:00,1.534,37.445978784951,TRUE
2022-07-19 19:00:00,1.519,36.4608867527167,TRUE
2022-07-19 20:00:00,1.523,36.7219575334335,TRUE
2022-07-19 21:00:00,1.517,36.3307921261679,TRUE
2022-07-19 22:00:00,1.517,36.3307921261679,TRUE
2022-07-19 23:00:00,1.516,36.2658548831926,TRUE
2022-07-20,1.51,35.8777702364331,TRUE
2022-07-20 01:00:00,1.515,36.2009909744362,TRUE
2022-07-20 02:00:00,1.517,36.3307921261679,TRUE
2022-07-20 03:00:00,1.517,36.3307921261679,TRUE
2022-07-20 04:00:00,1.514,36.1362003654051,TRUE
2022-07-20 05:00:00,1.515,36.2009909744362,TRUE
2022-07-20 07:00:00,1.524,36.7874090812129,TRUE
2022-07-20 08:00:00,1.521,36.5912751299006,TRUE
2022-07-20 09:00:00,1.523,36.7219575334335,TRUE
2022-07-20 10:00:00,1.522,36.6565795611454,TRUE
2022-07-20 11:00:00,1.525,36.8529342389252,TRUE
2022-07-20 12:00:00,1.517,36.3307921261679,TRUE
2022-07-20 13:00:00,1.517,36.3307921261679,TRUE
2022-07-20 14:00:00,1.51,35.8777702364331,TRUE
2022-07-20 15:00:00,1.509,35.813345608396,TRUE
2022-07-20 16:00:00,1.508,35.7489940729853,TRUE
2022-07-20 17:00:00,1.512,36.0068389085117,TRUE
2022-07-20 18:00:00,1.507,35.6847155956616,TRUE
2022-07-20 19:00:00,1.508,35.7489940729853,TRUE
2022-07-20 20:00:00,1.505,35.5563776770846,TRUE
2022-07-20 21:00:00,1.499,35.1731137213008,TRUE
2022-07-20 22:00:00,1.494,34.8557279489414,TRUE
2022-07-20 23:00:00,1.494,34.8557279489414,TRUE
2022-07-21,1.493,34.7924686545039,TRUE
2022-07-21 01:00:00,1.493,34.7924686545039,TRUE
2022-07-21 02:00:00,1.498,35.1094912113992,TRUE
2022-07-21 03:00:00,1.499,35.1731137213008,TRUE
2022-07-21 04:00:00,1.498,35.1094912113992,TRUE
2022-07-21 05:00:00,1.501,35.3005770165095,TRUE
2022-07-21 07:00:00,1.51,35.8777702364331,TRUE
2022-07-21 08:00:00,1.512,36.0068389085117,TRUE
2022-07-21 09:00:00,1.502,35.3644178710077,TRUE
2022-07-21 10:00:00,1.504,35.4923181667196,TRUE
2022-07-21 11:00:00,1.492,34.7292818992699,TRUE
2022-07-21 12:00:00,1.492,34.7292818992699,TRUE
2022-07-21 13:00:00,1.489,34.5401565223027,TRUE
2022-07-21 14:00:00,1.487,34.4144349983338,TRUE
2022-07-21 15:00:00,1.484,34.2263951098875,TRUE
2022-07-21 16:00:00,1.488,34.4772595773631,TRUE
2022-07-21 17:00:00,1.487,34.4144349983338,TRUE
2022-07-21 18:00:00,1.482,34.1013963778539,TRUE
2022-07-21 19:00:00,1.474,33.6042849808387,TRUE
2022-07-21 20:00:00,1.471,33.419055179334,TRUE
2022-07-21 21:00:00,1.472,33.480726624664,TRUE
2022-07-21 22:00:00,1.471,33.419055179334,TRUE
2022-07-21 23:00:00,1.47,33.3574555094623,TRUE
2022-07-22,1.471,33.419055179334,TRUE
2022-07-22 01:00:00,1.467,33.1730868046317,TRUE
2022-07-22 02:00:00,1.469,33.2959275802559,TRUE
2022-07-22 03:00:00,1.463,32.9282646097069,TRUE
2022-07-22 04:00:00,1.471,33.419055179334,TRUE
2022-07-22 05:00:00,1.472,33.480726624664,TRUE
2022-07-22 07:00:00,1.487,34.4144349983338,TRUE
2022-07-22 08:00:00,1.477,33.790161700481,TRUE
2022-07-22 09:00:00,1.477,33.790161700481,TRUE
2022-07-22 10:00:00,1.473,33.5424698802391,TRUE
2022-07-22 11:00:00,1.463,32.9282646097069,TRUE
2022-07-22 12:00:00,1.462,32.8672378903739,TRUE
2022-07-22 13:00:00,1.459,32.6845863653937,TRUE
2022-07-22 14:00:00,1.455,32.4420498407763,TRUE
2022-07-22 15:00:00,1.452,32.2608953578382,TRUE
2022-07-22 16:00:00,1.455,32.4420498407763,TRUE
2022-07-22 17:00:00,1.448,32.0203514692618,TRUE
2022-07-22 18:00:00,1.442,31.6616641414945,TRUE
2022-07-22 19:00:00,1.455,32.4420498407763,TRUE
2022-07-22 20:00:00,1.447,31.960393018179,TRUE
2022-07-22 21:00:00,1.441,31.6021307971004,TRUE
2022-07-22 22:00:00,1.446,31.9005055056292,TRUE
2022-07-22 23:00:00,1.435,31.2464148077979,TRUE
2022-07-23,1.425,30.6591925709388,TRUE
2022-07-23 01:00:00,1.428,30.8346208830393,TRUE
2022-07-23 02:00:00,1.425,30.6591925709388,TRUE
2022-07-23 03:00:00,1.417,30.1944685479709,TRUE
2022-07-23 04:00:00,1.416,30.1366929045599,TRUE
2022-07-23 05:00:00,1.421,30.4262703406936,TRUE
2022-07-23 07:00:00,1.411,29.8488617575896,TRUE
2022-07-23 08:00:00,1.407,29.6198512123756,TRUE
2022-07-23 09:00:00,1.409,29.7342172745888,TRUE
2022-07-23 10:00:00,1.404,29.4488235414813,TRUE
2022-07-23 11:00:00,1.402,29.3351522979462,TRUE
2022-07-23 12:00:00,1.398,29.1086418301933,TRUE
2022-07-23 13:00:00,1.398,29.1086418301933,TRUE
2022-07-23 14:00:00,1.395,28.9394858846729,TRUE
2022-07-23 15:00:00,1.393,28.8270608700679,TRUE
2022-07-23 16:00:00,1.4,29.2217584882639,TRUE
2022-07-23 17:00:00,1.393,28.8270608700679,TRUE
2022-07-23 18:00:00,1.397,29.0521873447806,TRUE
2022-07-23 19:00:00,1.395,28.9394858846729,TRUE
2022-07-23 20:00:00,1.393,28.8270608700679,TRUE
2022-07-23 21:00:00,1.387,28.4914416722172,TRUE
2022-07-23 22:00:00,1.387,28.4914416722172,TRUE
2022-07-23 23:00:00,1.383,28.2690725828593,TRUE
2022-07-24,1.383,28.2690725828593,TRUE
2022-07-24 01:00:00,1.379,28.0478024848614,TRUE
2022-07-24 02:00:00,1.379,28.0478024848614,TRUE
2022-07-24 03:00:00,1.38,28.1030171028797,TRUE
2022-07-24 04:00:00,1.377,27.9375788491759,TRUE
2022-07-24 05:00:00,1.384,28.3245617362351,TRUE
2022-07-24 07:00:00,1.38,28.1030171028797,TRUE
2022-07-24 08:00:00,1.383,28.2690725828593,TRUE
2022-07-24 09:00:00,1.382,28.2136521164526,TRUE
2022-07-24 10:00:00,1.379,28.0478024848614,TRUE
2022-07-24 11:00:00,1.376,27.8825697606125,TRUE
2022-07-24 12:00:00,1.375,27.8276291109588,TRUE
2022-07-24 13:00:00,1.378,27.9926564121082,TRUE
2022-07-24 14:00:00,1.373,27.7179529865069,TRUE
2022-07-24 15:00:00,1.377,27.9375788491759,TRUE
2022-07-24 16:00:00,1.377,27.9375788491759,TRUE
2022-07-24 17:00:00,1.375,27.8276291109588,TRUE
2022-07-24 18:00:00,1.375,27.8276291109588,TRUE
2022-07-24 19:00:00,1.373,27.7179529865069,TRUE
2022-07-24 20:00:00,1.373,27.7179529865069,TRUE
2022-07-24 21:00:00,1.37,27.5539512047465,TRUE
2022-07-24 22:00:00,1.368,27.4449578727282,TRUE
2022-07-24 23:00:00,1.366,27.3362371605797,TRUE
2022-07-25,1.365,27.2819789481369,TRUE
2022-07-25 01:00:00,1.365,27.2819789481369,TRUE
2022-07-25 02:00:00,1.367,27.3905634569323,TRUE
2022-07-25 03:00:00,1.365,27.2819789481369,TRUE
2022-07-25 04:00:00,1.37,27.5539512047465,TRUE
2022-07-25 05:00:00,1.369,27.4994204434934,TRUE
2022-07-25 07:00:00,1.373,27.7179529865069,TRUE
2022-07-25 08:00:00,1.374,27.7727568647483,TRUE
2022-07-25 09:00:00,1.378,27.9926564121082,TRUE
2022-07-25 10:00:00,1.373,27.7179529865069,TRUE
2022-07-25 11:00:00,1.369,27.4994204434934,TRUE
2022-07-25 12:00:00,1.368,27.4449578727282,TRUE
2022-07-25 13:00:00,1.367,27.3905634569323,TRUE
2022-07-25 14:00:00,1.372,27.6632174407533,TRUE
2022-07-25 15:00:00,1.367,27.3905634569323,TRUE
2022-07-25 16:00:00,1.365,27.2819789481369,TRUE
2022-07-25 17:00:00,1.366,27.3362371605797,TRUE
2022-07-25 18:00:00,1.365,27.2819789481369,TRUE
2022-07-25 19:00:00,1.367,27.3905634569323,TRUE
2022-07-25 20:00:00,1.361,27.0656262265326,TRUE
2022-07-25 21:00:00,1.36,27.011707900375,TRUE
2022-07-25 22:00:00,1.36,27.011707900375,TRUE
2022-07-25 23:00:00,1.359,26.9578574447693,TRUE
2022-07-26,1.359,26.9578574447693,TRUE
2022-07-26 01:00:00,1.357,26.8503600028626,TRUE
2022-07-26 02:00:00,1.355,26.7431336160349,TRUE
2022-07-26 03:00:00,1.352,26.5828016408197,TRUE
2022-07-26 04:00:00,1.357,26.8503600028626,TRUE
2022-07-26 05:00:00,1.34,25.9475468187562,TRUE
2022-07-26 07:00:00,1.374,27.7727568647483,TRUE
2022-07-26 08:00:00,1.372,27.6632174407533,TRUE
2022-07-26 09:00:00,1.372,27.6632174407533,TRUE
2022-07-26 10:00:00,1.367,27.3905634569323,TRUE
2022-07-26 11:00:00,1.368,27.4449578727282,TRUE
2022-07-26 12:00:00,1.372,27.6632174407533,TRUE
2022-07-26 13:00:00,1.371,27.6085501919985,TRUE
2022-07-26 14:00:00,1.373,27.7179529865069,TRUE
2022-07-26 15:00:00,1.378,27.9926564121082,TRUE
2022-07-26 16:00:00,1.372,27.6632174407533,TRUE
2022-07-26 17:00:00,1.371,27.6085501919985,TRUE
2022-07-26 18:00:00,1.375,27.8276291109588,TRUE
2022-07-26 19:00:00,1.376,27.8825697606125,TRUE
2022-07-26 20:00:00,1.374,27.7727568647483,TRUE
2022-07-26 21:00:00,1.371,27.6085501919985,TRUE
2022-07-26 22:00:00,1.37,27.5539512047465,TRUE
2022-07-26 23:00:00,1.374,27.7727568647483,TRUE
2022-07-27,1.369,27.4994204434934,TRUE
2022-07-27 01:00:00,1.364,27.2277887840629,TRUE
2022-07-27 02:00:00,1.363,27.1736666328094,TRUE
2022-07-27 03:00:00,1.362,27.1196124588204,TRUE
2022-07-27 04:00:00,1.363,27.1736666328094,TRUE
2022-07-27 05:00:00,1.362,27.1196124588204,TRUE
2022-07-27 07:00:00,1.362,27.1196124588204,TRUE
2022-07-27 08:00:00,1.371,27.6085501919985,TRUE
2022-07-27 09:00:00,1.363,27.1736666328094,TRUE
2022-07-27 10:00:00,1.363,27.1736666328094,TRUE
2022-07-27 11:00:00,1.364,27.2277887840629,TRUE
2022-07-27 12:00:00,1.36,27.011707900375,TRUE
2022-07-27 13:00:00,1.355,26.7431336160349,TRUE
2022-07-27 14:00:00,1.359,26.9578574447693,TRUE
2022-07-27 15:00:00,1.359,26.9578574447693,TRUE
2022-07-27 16:00:00,1.364,27.2277887840629,TRUE
2022-07-27 17:00:00,1.362,27.1196124588204,TRUE
2022-07-27 18:00:00,1.357,26.8503600028626,TRUE
2022-07-27 19:00:00,1.361,27.0656262265326,TRUE
2022-07-27 20:00:00,1.359,26.9578574447693,TRUE
2022-07-27 21:00:00,1.355,26.7431336160349,TRUE
2022-07-27 22:00:00,1.351,26.5294928679048,TRUE
2022-07-27 23:00:00,1.36,27.011707900375,TRUE
2022-07-28,1.352,26.5828016408197,TRUE
2022-07-28 01:00:00,1.356,26.7967129453671,TRUE
2022-07-28 02:00:00,1.356,26.7967129453671,TRUE
2022-07-28 03:00:00,1.357,26.8503600028626,TRUE
2022-07-28 04:00:00,1.354,26.6896219792499,TRUE
2022-07-28 05:00:00,1.359,26.9578574447693,TRUE
2022-07-28 07:00:00,1.358,26.9040748241296,TRUE
2022-07-28 08:00:00,1.359,26.9578574447693,TRUE
2022-07-28 09:00:00,1.36,27.011707900375,TRUE
2022-07-28 10:00:00,1.356,26.7967129453671,TRUE
2022-07-28 11:00:00,1.357,26.8503600028626,TRUE
2022-07-28 12:00:00,1.358,26.9040748241296,TRUE
2022-07-28 13:00:00,1.353,26.6361779993885,TRUE
2022-07-28 14:00:00,1.354,26.6896219792499,TRUE
2022-07-28 15:00:00,1.357,26.8503600028626,TRUE
2022-07-28 16:00:00,1.356,26.7967129453671,TRUE
2022-07-28 17:00:00,1.358,26.9040748241296,TRUE
2022-07-28 18:00:00,1.354,26.6896219792499,TRUE
2022-07-28 19:00:00,1.353,26.6361779993885,TRUE
2022-07-28 20:00:00,1.353,26.6361779993885,TRUE
2022-07-28 21:00:00,1.352,26.5828016408197,TRUE
2022-07-28 22:00:00,1.354,26.6896219792499,TRUE
2022-07-28 23:00:00,1.35,26.4762516449976,TRUE
2022-07-29,1.353,26.6361779993885,TRUE
2022-07-29 01:00:00,1.349,26.4230779364443,TRUE
2022-07-29 02:00:00,1.345,26.2110575324288,TRUE
2022-07-29 03:00:00,1.358,26.9040748241296,TRUE
2022-07-29 04:00:00,1.358,26.9040748241296,TRUE
2022-07-29 05:00:00,1.353,26.6361779993885,TRUE
2022-07-29 07:00:00,1.354,26.6896219792499,TRUE
2022-07-29 08:00:00,1.354,26.6896219792499,TRUE
2022-07-29 09:00:00,1.353,26.6361779993885,TRUE
2022-07-29 10:00:00,1.353,26.6361779993885,TRUE
2022-07-29 11:00:00,1.351,26.5294928679048,TRUE
2022-07-29 12:00:00,1.352,26.5828016408197,TRUE
2022-07-29 13:00:00,1.352,26.5828016408197,TRUE
2022-07-29 14:00:00,1.347,26.3169329197464,TRUE
2022-07-29 15:00:00,1.352,26.5828016408197,TRUE
2022-07-29 16:00:00,1.354,26.6896219792499,TRUE
2022-07-29 17:00:00,1.356,26.7967129453671,TRUE
2022-07-29 18:00:00,1.351,26.5294928679048,TRUE
2022-07-29 19:00:00,1.35,26.4762516449976,TRUE
2022-07-29 20:00:00,1.355,26.7431336160349,TRUE
2022-07-29 21:00:00,1.351,26.5294928679048,TRUE
2022-07-29 22:00:00,1.35,26.4762516449976,TRUE
2022-07-29 23:00:00,1.35,26.4762516449976,TRUE
2022-07-30,1.348,26.3699717065836,TRUE
2022-07-30 01:00:00,1.344,26.1582208605725,TRUE
2022-07-30 02:00:00,1.343,26.105451488988,TRUE
2022-07-30 03:00:00,1.344,26.1582208605725,TRUE
2022-07-30 04:00:00,1.35,26.4762516449976,TRUE
2022-07-30 05:00:00,1.349,26.4230779364443,TRUE
2022-07-30 07:00:00,1.354,26.6896219792499,TRUE
2022-07-30 08:00:00,1.352,26.5828016408197,TRUE
2022-07-30 09:00:00,1.348,26.3699717065836,TRUE
2022-07-30 10:00:00,1.352,26.5828016408197,TRUE
2022-07-30 11:00:00,1.352,26.5828016408197,TRUE
2022-07-30 12:00:00,1.348,26.3699717065836,TRUE
2022-07-30 13:00:00,1.343,26.105451488988,TRUE
2022-07-30 14:00:00,1.34,25.9475468187562,TRUE
2022-07-30 15:00:00,1.347,26.3169329197464,TRUE
2022-07-30 16:00:00,1.345,26.2110575324288,TRUE
2022-07-30 17:00:00,1.344,26.1582208605725,TRUE
2022-07-30 18:00:00,1.341,26.0001145037982,TRUE
2022-07-30 19:00:00,1.342,26.0527493819681,TRUE
2022-07-30 20:00:00,1.344,26.1582208605725,TRUE
2022-07-30 21:00:00,1.345,26.2110575324288,TRUE
2022-07-30 22:00:00,1.343,26.105451488988,TRUE
2022-07-30 23:00:00,1.34,25.9475468187562,TRUE
2022-07-31,1.335,25.6857150396469,TRUE
2022-07-31 01:00:00,1.331,25.4774554461604,TRUE
2022-07-31 02:00:00,1.326,25.2186344838632,TRUE
2022-07-31 03:00:00,1.324,25.1155729443577,TRUE
2022-07-31 04:00:00,1.321,24.961479930476,TRUE
2022-07-31 05:00:00,1.327,25.270265220251,TRUE
2022-07-31 07:00:00,1.33,25.4255577259848,TRUE
2022-07-31 08:00:00,1.325,25.1670704038472,TRUE
2022-07-31 09:00:00,1.327,25.270265220251,TRUE
2022-07-31 10:00:00,1.323,25.0641420695413,TRUE
2022-07-31 11:00:00,1.329,25.3737268054857,TRUE
2022-07-31 12:00:00,1.323,25.0641420695413,TRUE
2022-07-31 13:00:00,1.315,24.6550878142824,TRUE
2022-07-31 14:00:00,1.316,24.7059873033657,TRUE
2022-07-31 15:00:00,1.325,25.1670704038472,TRUE
2022-07-31 16:00:00,1.319,24.8590836996695,TRUE
2022-07-31 17:00:00,1.321,24.961479930476,TRUE
2022-07-31 18:00:00,1.321,24.961479930476,TRUE
2022-07-31 19:00:00,1.322,25.012777743537,TRUE
2022-07-31 20:00:00,1.327,25.270265220251,TRUE
2022-07-31 21:00:00,1.315,24.6550878142824,TRUE
2022-07-31 22:00:00,1.313,24.5534875851135,TRUE
2022-07-31 23:00:00,1.309,24.3510811164145,TRUE
2022-08-01,1.311,24.4521521150269,TRUE
2022-08-01 01:00:00,1.312,24.5027867731575,TRUE
2022-08-01 02:00:00,1.305,24.1497313825516,TRUE
2022-08-01 03:00:00,1.303,24.0494520714546,TRUE
2022-08-01 04:00:00,1.303,24.0494520714546,TRUE
2022-08-01 05:00:00,1.304,24.0995587940204,TRUE
2022-08-01 07:00:00,1.301,23.9494360801386,TRUE
2022-08-01 08:00:00,1.304,24.0995587940204,TRUE
2022-08-01 09:00:00,1.303,24.0494520714546,TRUE
2022-08-01 10:00:00,1.3,23.8995267393285,TRUE
2022-08-01 11:00:00,1.303,24.0494520714546,TRUE
2022-08-01 12:00:00,1.298,23.7999051871942,TRUE
2022-08-01 13:00:00,1.299,23.8496831203636,TRUE
2022-08-01 14:00:00,1.302,23.999411178836,TRUE
2022-08-01 15:00:00,1.299,23.8496831203636,TRUE
2022-08-01 16:00:00,1.301,23.9494360801386,TRUE
2022-08-01 17:00:00,1.303,24.0494520714546,TRUE
2022-08-01 18:00:00,1.305,24.1497313825516,TRUE
2022-08-01 19:00:00,1.297,23.7501929037623,TRUE
2022-08-01 20:00:00,1.291,23.4532958274147,TRUE
2022-08-01 21:00:00,1.296,23.7005462340022,TRUE
2022-08-01 22:00:00,1.295,23.65096514184,TRUE
2022-08-01 23:00:00,1.291,23.4532958274147,TRUE
2022-08-02,1.289,23.3548536972827,TRUE
2022-08-02 01:00:00,1.291,23.4532958274147,TRUE
2022-08-02 02:00:00,1.285,23.1587530461445,TRUE
2022-08-02 03:00:00,1.281,22.9636952789568,TRUE
2022-08-02 04:00:00,1.283,23.0610939467376,TRUE
2022-08-02 05:00:00,1.283,23.0610939467376,TRUE
2022-08-02 07:00:00,1.286,23.2076803481483,TRUE
2022-08-02 08:00:00,1.28,22.915093516455,TRUE
2022-08-02 09:00:00,1.282,23.0123620769861,TRUE
2022-08-02 10:00:00,1.278,22.8180849532159,TRUE
2022-08-02 11:00:00,1.279,22.8665567532783,TRUE
2022-08-02 12:00:00,1.278,22.8180849532159,TRUE
2022-08-02 13:00:00,1.275,22.6730589694854,TRUE
2022-08-02 14:00:00,1.273,22.5766991316741,TRUE
2022-08-02 15:00:00,1.275,22.6730589694854,TRUE
2022-08-02 16:00:00,1.281,22.9636952789568,TRUE
2022-08-02 17:00:00,1.282,23.0123620769861,TRUE
2022-08-02 18:00:00,1.28,22.915093516455,TRUE
2022-08-02 19:00:00,1.28,22.915093516455,TRUE
2022-08-02 20:00:00,1.282,23.0123620769861,TRUE
2022-08-02 21:00:00,1.283,23.0610939467376,TRUE
2022-08-02 22:00:00,1.278,22.8180849532159,TRUE
2022-08-02 23:00:00,1.275,22.6730589694854,TRUE
2022-08-03,1.274,22.6248466596104,TRUE
2022-08-03 01:00:00,1.274,22.6248466596104,TRUE
2022-08-03 02:00:00,1.271,22.480598276571,TRUE
2022-08-03 03:00:00,1.274,22.6248466596104,TRUE
2022-08-03 04:00:00,1.275,22.6730589694854,TRUE
2022-08-03 05:00:00,1.272,22.5286163494169,TRUE
2022-08-03 07:00:00,1.271,22.480598276571,TRUE
2022-08-03 08:00:00,1.272,22.5286163494169,TRUE
2022-08-03 09:00:00,1.278,22.8180849532159,TRUE
2022-08-03 10:00:00,1.274,22.6248466596104,TRUE
2022-08-03 11:00:00,1.272,22.5286163494169,TRUE
2022-08-03 12:00:00,1.272,22.5286163494169,TRUE
2022-08-03 13:00:00,1.268,22.3369319517005,TRUE
2022-08-03 14:00:00,1.268,22.3369319517005,TRUE
2022-08-03 15:00:00,1.272,22.5286163494169,TRUE
2022-08-03 16:00:00,1.271,22.480598276571,TRUE
2022-08-03 17:00:00,1.274,22.6248466596104,TRUE
2022-08-03 18:00:00,1.279,22.8665567532783,TRUE
2022-08-03 19:00:00,1.274,22.6248466596104,TRUE
2022-08-03 20:00:00,1.273,22.5766991316741,TRUE
2022-08-03 21:00:00,1.272,22.5286163494169,TRUE
2022-08-03 22:00:00,1.266,22.2414772835654,TRUE
2022-08-03 23:00:00,1.264,22.1462805819522,TRUE
2022-08-04,1.267,22.2891723536582,TRUE
2022-08-04 01:00:00,1.262,22.0513415562258,TRUE
2022-08-04 02:00:00,1.263,22.0987788777729,TRUE
2022-08-04 03:00:00,1.258,21.8622353692339,TRUE
2022-08-04 04:00:00,1.259,21.9094155238354,TRUE
2022-08-04 05:00:00,1.258,21.8622353692339,TRUE
2022-08-04 07:00:00,1.253,21.6272968802637,TRUE
2022-08-04 08:00:00,1.252,21.5805013844208,TRUE
2022-08-04 09:00:00,1.249,21.4404986450747,TRUE
2022-08-04 10:00:00,1.248,21.3939588598542,TRUE
2022-08-04 11:00:00,1.25,21.4871023032719,TRUE
2022-08-04 12:00:00,1.25,21.4871023032719,TRUE
2022-08-04 13:00:00,1.248,21.3939588598542,TRUE
2022-08-04 14:00:00,1.25,21.4871023032719,TRUE
2022-08-04 15:00:00,1.254,21.6741563948657,TRUE
2022-08-04 16:00:00,1.251,21.533769870904,TRUE
2022-08-04 17:00:00,1.25,21.4871023032719,TRUE
2022-08-04 18:00:00,1.25,21.4871023032719,TRUE
2022-08-04 19:00:00,1.252,21.5805013844208,TRUE
2022-08-04 20:00:00,1.248,21.3939588598542,TRUE
2022-08-04 21:00:00,1.249,21.4404986450747,TRUE
2022-08-04 22:00:00,1.252,21.5805013844208,TRUE
2022-08-04 23:00:00,1.25,21.4871023032719,TRUE
2022-08-05,1.244,21.2084377192843,TRUE
2022-08-05 01:00:00,1.243,21.1622167517823,TRUE
2022-08-05 02:00:00,1.242,21.1160594383321,TRUE
2022-08-05 03:00:00,1.238,20.9320659945829,TRUE
2022-08-05 04:00:00,1.24,21.0239356275106,TRUE
2022-08-05 05:00:00,1.245,21.2547223773466,TRUE
2022-08-05 07:00:00,1.242,21.1160594383321,TRUE
2022-08-05 08:00:00,1.243,21.1622167517823,TRUE
2022-08-05 09:00:00,1.243,21.1622167517823,TRUE
2022-08-05 10:00:00,1.241,21.0699657424167,TRUE
2022-08-05 11:00:00,1.242,21.1160594383321,TRUE
2022-08-05 12:00:00,1.235,20.7947374891406,TRUE
2022-08-05 13:00:00,1.236,20.8404502471766,TRUE
2022-08-05 14:00:00,1.238,20.9320659945829,TRUE
2022-08-05 15:00:00,1.242,21.1160594383321,TRUE
2022-08-05 16:00:00,1.239,20.9779690570801,TRUE
2022-08-05 17:00:00,1.247,21.3474829111441,TRUE
2022-08-05 18:00:00,1.244,21.2084377192843,TRUE
2022-08-05 19:00:00,1.242,21.1160594383321,TRUE
2022-08-05 20:00:00,1.247,21.3474829111441,TRUE
2022-08-05 21:00:00,1.242,21.1160594383321,TRUE
2022-08-05 22:00:00,1.239,20.9779690570801,TRUE
2022-08-05 23:00:00,1.242,21.1160594383321,TRUE
2022-08-06,1.241,21.0699657424167,TRUE
2022-08-06 01:00:00,1.237,20.8862264034682,TRUE
2022-08-06 02:00:00,1.232,20.6579792387609,TRUE
2022-08-06 03:00:00,1.231,20.6125197078997,TRUE
2022-08-06 04:00:00,1.229,20.5217902554263,TRUE
2022-08-06 05:00:00,1.226,20.3861695504286,TRUE
2022-08-06 07:00:00,1.224,20.2960709687195,TRUE
2022-08-06 08:00:00,1.221,20.1613951952711,TRUE
2022-08-06 09:00:00,1.219,20.071925651029,TRUE
2022-08-06 10:00:00,1.225,20.34108876185,TRUE
2022-08-06 11:00:00,1.225,20.34108876185,TRUE
2022-08-06 12:00:00,1.219,20.071925651029,TRUE
2022-08-06 13:00:00,1.219,20.071925651029,TRUE
2022-08-06 14:00:00,1.217,19.9827072079686,TRUE
2022-08-06 15:00:00,1.222,20.2062242221131,TRUE
2022-08-06 16:00:00,1.219,20.071925651029,TRUE
2022-08-06 17:00:00,1.218,20.027285060211,TRUE
2022-08-06 18:00:00,1.22,20.1166290171446,TRUE
2022-08-06 19:00:00,1.22,20.1166290171446,TRUE
2022-08-06 20:00:00,1.222,20.2062242221131,TRUE
2022-08-06 21:00:00,1.22,20.1166290171446,TRUE
2022-08-06 22:00:00,1.216,19.9381920575712,TRUE
2022-08-06 23:00:00,1.214,19.8493497153458,TRUE
2022-08-07,1.211,19.7165555470816,TRUE
2022-08-07 01:00:00,1.209,19.6283385692579,TRUE
2022-08-07 02:00:00,1.202,19.3215430559214,TRUE
2022-08-07 03:00:00,1.201,19.2779640196139,TRUE
2022-08-07 04:00:00,1.203,19.3651842420701,TRUE
2022-08-07 05:00:00,1.198,19.1475994409913,TRUE
2022-08-07 07:00:00,1.199,19.1909922490324,TRUE
2022-08-07 08:00:00,1.195,19.0177928830786,TRUE
2022-08-07 09:00:00,1.196,19.0609997949244,TRUE
2022-08-07 10:00:00,1.193,18.9315646971453,TRUE
2022-08-07 11:00:00,1.195,19.0177928830786,TRUE
2022-08-07 12:00:00,1.193,18.9315646971453,TRUE
2022-08-07 13:00:00,1.191,18.8455837819642,TRUE
2022-08-07 14:00:00,1.194,18.9746478627963,TRUE
2022-08-07 15:00:00,1.196,19.0609997949244,TRUE
2022-08-07 16:00:00,1.195,19.0177928830786,TRUE
2022-08-07 17:00:00,1.199,19.1909922490324,TRUE
2022-08-07 18:00:00,1.205,19.4526532113284,TRUE
2022-08-07 19:00:00,1.203,19.3651842420701,TRUE
2022-08-07 20:00:00,1.203,19.3651842420701,TRUE
2022-08-07 21:00:00,1.2,19.2344470962772,TRUE
2022-08-07 22:00:00,1.199,19.1909922490324,TRUE
2022-08-07 23:00:00,1.2,19.2344470962772,TRUE
2022-08-08,1.197,19.1042686352572,TRUE
2022-08-08 01:00:00,1.193,18.9315646971453,TRUE
2022-08-08 02:00:00,1.19,18.8026859585252,TRUE
2022-08-08 03:00:00,1.186,18.6317113630939,TRUE
2022-08-08 04:00:00,1.187,18.6743625811743,TRUE
2022-08-08 05:00:00,1.189,18.7598498418998,TRUE
2022-08-08 07:00:00,1.186,18.6317113630939,TRUE
2022-08-08 08:00:00,1.186,18.6317113630939,TRUE
2022-08-08 09:00:00,1.186,18.6317113630939,TRUE
2022-08-08 10:00:00,1.185,18.5891217038668,TRUE
2022-08-08 11:00:00,1.186,18.6317113630939,TRUE
2022-08-08 12:00:00,1.181,18.4193779151073,TRUE
2022-08-08 13:00:00,1.182,18.4617217091356,TRUE
2022-08-08 14:00:00,1.184,18.5465935664805,TRUE
2022-08-08 15:00:00,1.188,18.7170753951114,TRUE
2022-08-08 16:00:00,1.19,18.8026859585252,TRUE
2022-08-08 17:00:00,1.193,18.9315646971453,TRUE
2022-08-08 18:00:00,1.195,19.0177928830786,TRUE
2022-08-08 19:00:00,1.191,18.8455837819642,TRUE
2022-08-08 20:00:00,1.191,18.8455837819642,TRUE
2022-08-08 21:00:00,1.194,18.9746478627963,TRUE
2022-08-08 22:00:00,1.188,18.7170753951114,TRUE
2022-08-08 23:00:00,1.188,18.7170753951114,TRUE
2022-08-09,1.188,18.7170753951114,TRUE
2022-08-09 01:00:00,1.185,18.5891217038668,TRUE
2022-08-09 02:00:00,1.185,18.5891217038668,TRUE
2022-08-09 03:00:00,1.181,18.4193779151073,TRUE
2022-08-09 04:00:00,1.18,18.3770954947801,TRUE
2022-08-09 05:00:00,1.183,18.5041269139136,TRUE
2022-08-09 07:00:00,1.178,18.2927146269909,TRUE
2022-08-09 08:00:00,1.174,18.1246877446977,TRUE
2022-08-09 09:00:00,1.178,18.2927146269909,TRUE
2022-08-09 10:00:00,1.181,18.4193779151073,TRUE
2022-08-09 11:00:00,1.186,18.6317113630939,TRUE
2022-08-09 12:00:00,1.185,18.5891217038668,TRUE
2022-08-09 13:00:00,1.185,18.5891217038668,TRUE
2022-08-09 14:00:00,1.186,18.6317113630939,TRUE
2022-08-09 15:00:00,1.189,18.7598498418998,TRUE
2022-08-09 16:00:00,1.189,18.7598498418998,TRUE
2022-08-09 17:00:00,1.193,18.9315646971453,TRUE
2022-08-09 18:00:00,1.194,18.9746478627963,TRUE
2022-08-09 19:00:00,1.192,18.8885433491846,TRUE
2022-08-09 20:00:00,1.2,19.2344470962772,TRUE
2022-08-09 21:00:00,1.199,19.1909922490324,TRUE
2022-08-09 22:00:00,1.198,19.1475994409913,TRUE
2022-08-09 23:00:00,1.195,19.0177928830786,TRUE
2022-08-10,1.193,18.9315646971453,TRUE
2022-08-10 01:00:00,1.192,18.8885433491846,TRUE
2022-08-10 02:00:00,1.192,18.8885433491846,TRUE
2022-08-10 03:00:00,1.185,18.5891217038668,TRUE
2022-08-10 04:00:00,1.186,18.6317113630939,TRUE
2022-08-10 05:00:00,1.184,18.5465935664805,TRUE
2022-08-10 07:00:00,1.189,18.7598498418998,TRUE
2022-08-10 08:00:00,1.184,18.5465935664805,TRUE
2022-08-10 09:00:00,1.182,18.4617217091356,TRUE
2022-08-10 10:00:00,1.178,18.2927146269909,TRUE
2022-08-10 11:00:00,1.195,19.0177928830786,TRUE
2022-08-10 12:00:00,1.182,18.4617217091356,TRUE
2022-08-10 13:00:00,1.178,18.2927146269909,TRUE
2022-08-10 14:00:00,1.189,18.7598498418998,TRUE
2022-08-10 15:00:00,1.18,18.3770954947801,TRUE
2022-08-10 16:00:00,1.182,18.4617217091356,TRUE
2022-08-10 17:00:00,1.183,18.5041269139136,TRUE
2022-08-10 18:00:00,1.188,18.7170753951114,TRUE
2022-08-10 19:00:00,1.189,18.7598498418998,TRUE
2022-08-10 20:00:00,1.189,18.7598498418998,TRUE
2022-08-10 21:00:00,1.183,18.5041269139136,TRUE
2022-08-10 22:00:00,1.185,18.5891217038668,TRUE
2022-08-10 23:00:00,1.184,18.5465935664805,TRUE
2022-08-11,1.184,18.5465935664805,TRUE
2022-08-11 01:00:00,1.183,18.5041269139136,TRUE
2022-08-11 02:00:00,1.182,18.4617217091356,TRUE
2022-08-11 03:00:00,1.182,18.4617217091356,TRUE
2022-08-11 04:00:00,1.183,18.5041269139136,TRUE
2022-08-11 05:00:00,1.181,18.4193779151073,TRUE
2022-08-11 07:00:00,1.176,18.2085788092007,TRUE
2022-08-11 08:00:00,1.178,18.2927146269909,TRUE
2022-08-11 09:00:00,1.179,18.3348744110968,TRUE
2022-08-11 10:00:00,1.174,18.1246877446977,TRUE
2022-08-11 11:00:00,1.178,18.2927146269909,TRUE
2022-08-11 12:00:00,1.178,18.2927146269909,TRUE
2022-08-11 13:00:00,1.176,18.2085788092007,TRUE
2022-08-11 14:00:00,1.175,18.1666027013384,TRUE
2022-08-11 15:00:00,1.18,18.3770954947801,TRUE
2022-08-11 16:00:00,1.181,18.4193779151073,TRUE
2022-08-11 17:00:00,1.182,18.4617217091356,TRUE
2022-08-11 18:00:00,1.184,18.5465935664805,TRUE
2022-08-11 19:00:00,1.185,18.5891217038668,TRUE
2022-08-11 20:00:00,1.187,18.6743625811743,TRUE
2022-08-11 21:00:00,1.189,18.7598498418998,TRUE
2022-08-11 22:00:00,1.186,18.6317113630939,TRUE
2022-08-11 23:00:00,1.188,18.7170753951114,TRUE
2022-08-12,1.186,18.6317113630939,TRUE
2022-08-12 01:00:00,1.181,18.4193779151073,TRUE
2022-08-12 02:00:00,1.174,18.1246877446977,TRUE
2022-08-12 03:00:00,1.177,18.250616105387,TRUE
2022-08-12 04:00:00,1.158,17.46233469364,TRUE
2022-08-12 05:00:00,1.191,18.8455837819642,TRUE
2022-08-12 07:00:00,1.179,18.3348744110968,TRUE
2022-08-12 08:00:00,1.174,18.1246877446977,TRUE
2022-08-12 09:00:00,1.175,18.1666027013384,TRUE
2022-08-12 10:00:00,1.178,18.2927146269909,TRUE
2022-08-12 11:00:00,1.174,18.1246877446977,TRUE
2022-08-12 12:00:00,1.179,18.3348744110968,TRUE
2022-08-12 13:00:00,1.175,18.1666027013384,TRUE
2022-08-12 14:00:00,1.18,18.3770954947801,TRUE
2022-08-12 15:00:00,1.182,18.4617217091356,TRUE
2022-08-12 16:00:00,1.186,18.6317113630939,TRUE
2022-08-12 17:00:00,1.188,18.7170753951114,TRUE
2022-08-12 18:00:00,1.188,18.7170753951114,TRUE
2022-08-12 19:00:00,1.192,18.8885433491846,TRUE
2022-08-12 20:00:00,1.189,18.7598498418998,TRUE
2022-08-12 21:00:00,1.187,18.6743625811743,TRUE
2022-08-12 22:00:00,1.187,18.6743625811743,TRUE
2022-08-12 23:00:00,1.164,17.7088933264177,TRUE
2022-08-13,1.199,19.1909922490324,TRUE
2022-08-13 01:00:00,1.178,18.2927146269909,TRUE
2022-08-13 02:00:00,1.184,18.5465935664805,TRUE
2022-08-13 03:00:00,1.18,18.3770954947801,TRUE
2022-08-13 04:00:00,1.179,18.3348744110968,TRUE
2022-08-13 05:00:00,1.181,18.4193779151073,TRUE
2022-08-13 07:00:00,1.178,18.2927146269909,TRUE
2022-08-13 08:00:00,1.179,18.3348744110968,TRUE
2022-08-13 09:00:00,1.177,18.250616105387,TRUE
2022-08-13 10:00:00,1.175,18.1666027013384,TRUE
2022-08-13 11:00:00,1.171,17.9993094109428,TRUE
2022-08-13 12:00:00,1.176,18.2085788092007,TRUE
2022-08-13 13:00:00,1.174,18.1246877446977,TRUE
2022-08-13 14:00:00,1.177,18.250616105387,TRUE
2022-08-13 15:00:00,1.177,18.250616105387,TRUE
2022-08-13 16:00:00,1.178,18.2927146269909,TRUE
2022-08-13 17:00:00,1.182,18.4617217091356,TRUE
2022-08-13 18:00:00,1.184,18.5465935664805,TRUE
2022-08-13 19:00:00,1.188,18.7170753951114,TRUE
2022-08-13 20:00:00,1.185,18.5891217038668,TRUE
2022-08-13 21:00:00,1.184,18.5465935664805,TRUE
2022-08-13 22:00:00,1.182,18.4617217091356,TRUE
2022-08-13 23:00:00,1.18,18.3770954947801,TRUE
2022-08-14,1.175,18.1666027013384,TRUE
2022-08-14 01:00:00,1.175,18.1666027013384,TRUE
2022-08-14 02:00:00,1.166,17.7915650802437,TRUE
2022-08-14 03:00:00,1.167,17.8329921638941,TRUE
2022-08-14 04:00:00,1.169,17.916028930592,TRUE
2022-08-14 05:00:00,1.168,17.8744801016184,TRUE
2022-08-14 07:00:00,1.167,17.8329921638941,TRUE
2022-08-14 08:00:00,1.166,17.7915650802437,TRUE
2022-08-14 09:00:00,1.166,17.7915650802437,TRUE
2022-08-14 10:00:00,1.167,17.8329921638941,TRUE
2022-08-14 11:00:00,1.168,17.8744801016184,TRUE
2022-08-14 12:00:00,1.165,17.7501988134828,TRUE
2022-08-14 13:00:00,1.168,17.8744801016184,TRUE
2022-08-14 14:00:00,1.167,17.8329921638941,TRUE
2022-08-14 15:00:00,1.172,18.0410411366251,TRUE
2022-08-14 16:00:00,1.172,18.0410411366251,TRUE
2022-08-14 17:00:00,1.176,18.2085788092007,TRUE
2022-08-14 18:00:00,1.18,18.3770954947801,TRUE
2022-08-14 19:00:00,1.18,18.3770954947801,TRUE
2022-08-14 20:00:00,1.178,18.2927146269909,TRUE
2022-08-14 21:00:00,1.178,18.2927146269909,TRUE
2022-08-14 22:00:00,1.18,18.3770954947801,TRUE
2022-08-14 23:00:00,1.178,18.2927146269909,TRUE
2022-08-15,1.177,18.250616105387,TRUE
2022-08-15 01:00:00,1.173,18.0828339021668,TRUE
2022-08-15 02:00:00,1.168,17.8744801016184,TRUE
2022-08-15 03:00:00,1.167,17.8329921638941,TRUE
2022-08-15 04:00:00,1.165,17.7501988134828,TRUE
2022-08-15 05:00:00,1.166,17.7915650802437,TRUE
2022-08-15 07:00:00,1.162,17.6264645425547,TRUE
2022-08-15 08:00:00,1.162,17.6264645425547,TRUE
2022-08-15 09:00:00,1.158,17.46233469364,TRUE
2022-08-15 10:00:00,1.154,17.299173149872,TRUE
2022-08-15 11:00:00,1.159,17.5032762841104,TRUE
2022-08-15 12:00:00,1.154,17.299173149872,TRUE
2022-08-15 13:00:00,1.157,17.4214536222528,TRUE
2022-08-15 14:00:00,1.158,17.46233469364,TRUE
2022-08-15 15:00:00,1.158,17.46233469364,TRUE
2022-08-15 16:00:00,1.159,17.5032762841104,TRUE
2022-08-15 17:00:00,1.164,17.7088933264177,TRUE
2022-08-15 18:00:00,1.169,17.916028930592,TRUE
2022-08-15 19:00:00,1.167,17.8329921638941,TRUE
2022-08-15 20:00:00,1.164,17.7088933264177,TRUE
2022-08-15 21:00:00,1.165,17.7501988134828,TRUE
2022-08-15 22:00:00,1.166,17.7915650802437,TRUE
2022-08-15 23:00:00,1.164,17.7088933264177,TRUE
2022-08-16,1.162,17.6264645425547,TRUE
2022-08-16 01:00:00,1.16,17.544278430922,TRUE
2022-08-16 02:00:00,1.156,17.3806330326816,TRUE
2022-08-16 03:00:00,1.155,17.3398728876499,TRUE
2022-08-16 04:00:00,1.152,17.217954746888,TRUE
2022-08-16 05:00:00,1.15,17.1369775252584,TRUE
2022-08-16 07:00:00,1.148,17.056241186363,TRUE
2022-08-16 08:00:00,1.147,17.0159632545811,TRUE
2022-08-16 09:00:00,1.146,16.9757454314326,TRUE
2022-08-16 10:00:00,1.148,17.056241186363,TRUE
2022-08-16 11:00:00,1.144,16.8954899615486,TRUE
2022-08-16 12:00:00,1.142,16.8154744776424,TRUE
2022-08-16 13:00:00,1.14,16.7356986804956,TRUE
2022-08-16 14:00:00,1.139,16.6959005709101,TRUE
2022-08-16 15:00:00,1.142,16.8154744776424,TRUE
2022-08-16 16:00:00,1.144,16.8954899615486,TRUE
2022-08-16 17:00:00,1.15,17.1369775252584,TRUE
2022-08-16 18:00:00,1.151,17.1774360070642,TRUE
2022-08-16 19:00:00,1.152,17.217954746888,TRUE
2022-08-16 20:00:00,1.152,17.217954746888,TRUE
2022-08-16 21:00:00,1.152,17.217954746888,TRUE
2022-08-16 22:00:00,1.151,17.1774360070642,TRUE
2022-08-16 23:00:00,1.147,17.0159632545811,TRUE
2022-08-17,1.147,17.0159632545811,TRUE
2022-08-17 01:00:00,1.146,16.9757454314326,TRUE
2022-08-17 02:00:00,1.142,16.8154744776424,TRUE
2022-08-17 03:00:00,1.14,16.7356986804956,TRUE
2022-08-17 04:00:00,1.139,16.6959005709101,TRUE
2022-08-17 05:00:00,1.139,16.6959005709101,TRUE
2022-08-17 07:00:00,1.137,16.6164837425385,TRUE
2022-08-17 08:00:00,1.137,16.6164837425385,TRUE
2022-08-17 09:00:00,1.134,16.497806415168,TRUE
2022-08-17 10:00:00,1.132,16.4189863698599,TRUE
2022-08-17 11:00:00,1.132,16.4189863698599,TRUE
2022-08-17 12:00:00,1.13,16.3404045129554,TRUE
2022-08-17 13:00:00,1.126,16.1839541636996,TRUE
2022-08-17 14:00:00,1.13,16.3404045129554,TRUE
2022-08-17 15:00:00,1.132,16.4189863698599,TRUE
2022-08-17 16:00:00,1.136,16.5768649488537,TRUE
2022-08-17 17:00:00,1.144,16.8954899615486,TRUE
2022-08-17 18:00:00,1.145,16.9355876795481,TRUE
2022-08-17 19:00:00,1.144,16.8954899615486,TRUE
2022-08-17 20:00:00,1.142,16.8154744776424,TRUE
2022-08-17 21:00:00,1.146,16.9757454314326,TRUE
2022-08-17 22:00:00,1.147,17.0159632545811,TRUE
2022-08-17 23:00:00,1.146,16.9757454314326,TRUE
2022-08-18,1.146,16.9757454314326,TRUE
2022-08-18 01:00:00,1.145,16.9355876795481,TRUE
2022-08-18 02:00:00,1.141,16.7755566369311,TRUE
2022-08-18 03:00:00,1.139,16.6959005709101,TRUE
2022-08-18 04:00:00,1.138,16.6561622707393,TRUE
2022-08-18 05:00:00,1.141,16.7755566369311,TRUE
2022-08-18 07:00:00,1.141,16.7755566369311,TRUE
2022-08-18 08:00:00,1.139,16.6959005709101,TRUE
2022-08-18 09:00:00,1.142,16.8154744776424,TRUE
2022-08-18 10:00:00,1.138,16.6561622707393,TRUE
2022-08-18 11:00:00,1.139,16.6959005709101,TRUE
2022-08-18 12:00:00,1.139,16.6959005709101,TRUE
2022-08-18 13:00:00,1.137,16.6164837425385,TRUE
2022-08-18 14:00:00,1.139,16.6959005709101,TRUE
2022-08-18 15:00:00,1.141,16.7755566369311,TRUE
2022-08-18 16:00:00,1.144,16.8954899615486,TRUE
2022-08-18 17:00:00,1.149,17.0965792641385,TRUE
2022-08-18 18:00:00,1.148,17.056241186363,TRUE
2022-08-18 19:00:00,1.152,17.217954746888,TRUE
2022-08-18 20:00:00,1.151,17.1774360070642,TRUE
2022-08-18 21:00:00,1.152,17.217954746888,TRUE
2022-08-18 22:00:00,1.152,17.217954746888,TRUE
2022-08-18 23:00:00,1.148,17.056241186363,TRUE
2022-08-19,1.148,17.056241186363,TRUE
2022-08-19 01:00:00,1.147,17.0159632545811,TRUE
2022-08-19 02:00:00,1.142,16.8154744776424,TRUE
2022-08-19 03:00:00,1.141,16.7755566369311,TRUE
2022-08-19 04:00:00,1.144,16.8954899615486,TRUE
2022-08-19 05:00:00,1.144,16.8954899615486,TRUE
2022-08-19 07:00:00,1.144,16.8954899615486,TRUE
2022-08-19 08:00:00,1.137,16.6164837425385,TRUE
2022-08-19 09:00:00,1.138,16.6561622707393,TRUE
2022-08-19 10:00:00,1.137,16.6164837425385,TRUE
2022-08-19 11:00:00,1.138,16.6561622707393,TRUE
2022-08-19 12:00:00,1.135,16.5373058522212,TRUE
2022-08-19 13:00:00,1.136,16.5768649488537,TRUE
2022-08-19 14:00:00,1.141,16.7755566369311,TRUE
2022-08-19 15:00:00,1.139,16.6959005709101,TRUE
2022-08-19 16:00:00,1.143,16.8554522400459,TRUE
2022-08-19 17:00:00,1.15,17.1369775252584,TRUE
2022-08-19 18:00:00,1.15,17.1369775252584,TRUE
2022-08-19 19:00:00,1.149,17.0965792641385,TRUE
2022-08-19 20:00:00,1.15,17.1369775252584,TRUE
2022-08-19 21:00:00,1.151,17.1774360070642,TRUE
2022-08-19 22:00:00,1.148,17.056241186363,TRUE
2022-08-19 23:00:00,1.149,17.0965792641385,TRUE
2022-08-20,1.146,16.9757454314326,TRUE
2022-08-20 01:00:00,1.146,16.9757454314326,TRUE
2022-08-20 02:00:00,1.142,16.8154744776424,TRUE
2022-08-20 03:00:00,1.136,16.5768649488537,TRUE
2022-08-20 04:00:00,1.137,16.6164837425385,TRUE
2022-08-20 05:00:00,1.137,16.6164837425385,TRUE
2022-08-20 07:00:00,1.136,16.5768649488537,TRUE
2022-08-20 08:00:00,1.132,16.4189863698599,TRUE
2022-08-20 09:00:00,1.133,16.4583666002116,TRUE
2022-08-20 10:00:00,1.131,16.3796656866116,TRUE
2022-08-20 11:00:00,1.132,16.4189863698599,TRUE
2022-08-20 12:00:00,1.129,16.301202811371,TRUE
2022-08-20 13:00:00,1.127,16.2229776742875,TRUE
2022-08-20 14:00:00,1.129,16.301202811371,TRUE
2022-08-20 15:00:00,1.13,16.3404045129554,TRUE
2022-08-20 16:00:00,1.134,16.497806415168,TRUE
2022-08-20 17:00:00,1.141,16.7755566369311,TRUE
2022-08-20 18:00:00,1.143,16.8554522400459,TRUE
2022-08-20 19:00:00,1.144,16.8954899615486,TRUE
2022-08-20 20:00:00,1.144,16.8954899615486,TRUE
2022-08-20 21:00:00,1.145,16.9355876795481,TRUE
2022-08-20 22:00:00,1.144,16.8954899615486,TRUE
2022-08-20 23:00:00,1.14,16.7356986804956,TRUE
2022-08-21,1.137,16.6164837425385,TRUE
2022-08-21 01:00:00,1.138,16.6561622707393,TRUE
2022-08-21 02:00:00,1.13,16.3404045129554,TRUE
2022-08-21 03:00:00,1.135,16.5373058522212,TRUE
2022-08-21 04:00:00,1.126,16.1839541636996,TRUE
2022-08-21 05:00:00,1.126,16.1839541636996,TRUE
2022-08-21 07:00:00,1.133,16.4583666002116,TRUE
2022-08-21 08:00:00,1.133,16.4583666002116,TRUE
2022-08-21 09:00:00,1.131,16.3796656866116,TRUE
2022-08-21 10:00:00,1.13,16.3404045129554,TRUE
2022-08-21 11:00:00,1.131,16.3796656866116,TRUE
2022-08-21 12:00:00,1.129,16.301202811371,TRUE
2022-08-21 13:00:00,1.129,16.301202811371,TRUE
2022-08-21 14:00:00,1.128,16.2620605443282,TRUE
2022-08-21 15:00:00,1.131,16.3796656866116,TRUE
2022-08-21 16:00:00,1.133,16.4583666002116,TRUE
2022-08-21 17:00:00,1.137,16.6164837425385,TRUE
2022-08-21 18:00:00,1.142,16.8154744776424,TRUE
2022-08-21 19:00:00,1.141,16.7755566369311,TRUE
2022-08-21 20:00:00,1.144,16.8954899615486,TRUE
2022-08-21 21:00:00,1.145,16.9355876795481,TRUE
2022-08-21 22:00:00,1.144,16.8954899615486,TRUE
2022-08-21 23:00:00,1.138,16.6561622707393,TRUE
2022-08-22,1.136,16.5768649488537,TRUE
2022-08-22 01:00:00,1.139,16.6959005709101,TRUE
2022-08-22 02:00:00,1.135,16.5373058522212,TRUE
2022-08-22 03:00:00,1.128,16.2620605443282,TRUE
2022-08-22 04:00:00,1.133,16.4583666002116,TRUE
2022-08-22 05:00:00,1.131,16.3796656866116,TRUE
2022-08-22 07:00:00,1.134,16.497806415168,TRUE
2022-08-22 08:00:00,1.135,16.5373058522212,TRUE
2022-08-22 09:00:00,1.133,16.4583666002116,TRUE
2022-08-22 10:00:00,1.133,16.4583666002116,TRUE
2022-08-22 11:00:00,1.131,16.3796656866116,TRUE
2022-08-22 12:00:00,1.128,16.2620605443282,TRUE
2022-08-22 13:00:00,1.128,16.2620605443282,TRUE
2022-08-22 14:00:00,1.128,16.2620605443282,TRUE
2022-08-22 15:00:00,1.13,16.3404045129554,TRUE
2022-08-22 16:00:00,1.137,16.6164837425385,TRUE
2022-08-22 17:00:00,1.132,16.4189863698599,TRUE
2022-08-22 18:00:00,1.137,16.6164837425385,TRUE
2022-08-22 19:00:00,1.138,16.6561622707393,TRUE
2022-08-22 20:00:00,1.138,16.6561622707393,TRUE
2022-08-22 21:00:00,1.142,16.8154744776424,TRUE
2022-08-22 22:00:00,1.141,16.7755566369311,TRUE
2022-08-22 23:00:00,1.135,16.5373058522212,TRUE
2022-08-23,1.138,16.6561622707393,TRUE
2022-08-23 01:00:00,1.137,16.6164837425385,TRUE
2022-08-23 02:00:00,1.135,16.5373058522212,TRUE
2022-08-23 03:00:00,1.129,16.301202811371,TRUE
2022-08-23 04:00:00,1.131,16.3796656866116,TRUE
2022-08-23 05:00:00,1.13,16.3404045129554,TRUE
2022-08-23 07:00:00,1.134,16.497806415168,TRUE
2022-08-23 08:00:00,1.128,16.2620605443282,TRUE
2022-08-23 09:00:00,1.129,16.301202811371,TRUE
2022-08-23 10:00:00,1.126,16.1839541636996,TRUE
2022-08-23 11:00:00,1.12,15.9510575447233,TRUE
2022-08-23 12:00:00,1.122,16.0284529645587,TRUE
2022-08-23 13:00:00,1.116,15.7969755600616,TRUE
2022-08-23 14:00:00,1.12,15.9510575447233,TRUE
2022-08-23 15:00:00,1.125,16.1449899750059,TRUE
2022-08-23 16:00:00,1.129,16.301202811371,TRUE
2022-08-23 17:00:00,1.133,16.4583666002116,TRUE
2022-08-23 18:00:00,1.132,16.4189863698599,TRUE
2022-08-23 19:00:00,1.135,16.5373058522212,TRUE
2022-08-23 20:00:00,1.136,16.5768649488537,TRUE
2022-08-23 21:00:00,1.136,16.5768649488537,TRUE
2022-08-23 22:00:00,1.132,16.4189863698599,TRUE
2022-08-23 23:00:00,1.127,16.2229776742875,TRUE
2022-08-24,1.139,16.6959005709101,TRUE
2022-08-24 01:00:00,1.142,16.8154744776424,TRUE
2022-08-24 02:00:00,1.134,16.497806415168,TRUE
2022-08-24 03:00:00,1.132,16.4189863698599,TRUE
2022-08-24 04:00:00,1.131,16.3796656866116,TRUE
2022-08-24 05:00:00,1.137,16.6164837425385,TRUE
2022-08-24 07:00:00,1.139,16.6959005709101,TRUE
2022-08-24 08:00:00,1.152,17.217954746888,TRUE
2022-08-24 09:00:00,1.156,17.3806330326816,TRUE
2022-08-24 10:00:00,1.159,17.5032762841104,TRUE
2022-08-24 11:00:00,1.157,17.4214536222528,TRUE
2022-08-24 12:00:00,1.156,17.3806330326816,TRUE
2022-08-24 13:00:00,1.154,17.299173149872,TRUE
2022-08-24 14:00:00,1.152,17.217954746888,TRUE
2022-08-24 15:00:00,1.153,17.2585337820527,TRUE
2022-08-24 16:00:00,1.156,17.3806330326816,TRUE
2022-08-24 17:00:00,1.152,17.217954746888,TRUE
2022-08-24 18:00:00,1.148,17.056241186363,TRUE
2022-08-24 19:00:00,1.15,17.1369775252584,TRUE
2022-08-24 20:00:00,1.149,17.0965792641385,TRUE
2022-08-24 21:00:00,1.145,16.9355876795481,TRUE
2022-08-24 22:00:00,1.152,17.217954746888,TRUE
2022-08-24 23:00:00,1.148,17.056241186363,TRUE
2022-08-25,1.146,16.9757454314326,TRUE
2022-08-25 01:00:00,1.147,17.0159632545811,TRUE
2022-08-25 02:00:00,1.139,16.6959005709101,TRUE
2022-08-25 03:00:00,1.138,16.6561622707393,TRUE
2022-08-25 04:00:00,1.138,16.6561622707393,TRUE
2022-08-25 05:00:00,1.139,16.6959005709101,TRUE
2022-08-25 07:00:00,1.142,16.8154744776424,TRUE
2022-08-25 08:00:00,1.134,16.497806415168,TRUE
2022-08-25 09:00:00,1.134,16.497806415168,TRUE
2022-08-25 10:00:00,1.131,16.3796656866116,TRUE
2022-08-25 11:00:00,1.136,16.5768649488537,TRUE
2022-08-25 12:00:00,1.132,16.4189863698599,TRUE
2022-08-25 13:00:00,1.128,16.2620605443282,TRUE
2022-08-25 14:00:00,1.127,16.2229776742875,TRUE
2022-08-25 15:00:00,1.128,16.2620605443282,TRUE
2022-08-25 16:00:00,1.129,16.301202811371,TRUE
2022-08-25 17:00:00,1.136,16.5768649488537,TRUE
2022-08-25 18:00:00,1.138,16.6561622707393,TRUE
2022-08-25 19:00:00,1.133,16.4583666002116,TRUE
2022-08-25 20:00:00,1.138,16.6561622707393,TRUE
2022-08-25 21:00:00,1.132,16.4189863698599,TRUE
2022-08-25 22:00:00,1.13,16.3404045129554,TRUE
2022-08-25 23:00:00,1.13,16.3404045129554,TRUE
2022-08-26,1.131,16.3796656866116,TRUE
2022-08-26 01:00:00,1.132,16.4189863698599,TRUE
2022-08-26 02:00:00,1.129,16.301202811371,TRUE
2022-08-26 03:00:00,1.129,16.301202811371,TRUE
2022-08-26 04:00:00,1.129,16.301202811371,TRUE
2022-08-26 05:00:00,1.127,16.2229776742875,TRUE
2022-08-26 07:00:00,1.124,16.106085070638,TRUE
2022-08-26 08:00:00,1.126,16.1839541636996,TRUE
2022-08-26 09:00:00,1.123,16.0672394130181,TRUE
2022-08-26 10:00:00,1.124,16.106085070638,TRUE
2022-08-26 11:00:00,1.122,16.0284529645587,TRUE
2022-08-26 12:00:00,1.119,15.9124484981244,TRUE
2022-08-26 13:00:00,1.118,15.8738985102398,TRUE
2022-08-26 14:00:00,1.119,15.9124484981244,TRUE
2022-08-26 15:00:00,1.123,16.0672394130181,TRUE
2022-08-26 16:00:00,1.124,16.106085070638,TRUE
2022-08-26 17:00:00,1.126,16.1839541636996,TRUE
2022-08-26 18:00:00,1.126,16.1839541636996,TRUE
2022-08-26 19:00:00,1.125,16.1449899750059,TRUE
2022-08-26 20:00:00,1.128,16.2620605443282,TRUE
2022-08-26 21:00:00,1.127,16.2229776742875,TRUE
2022-08-26 22:00:00,1.123,16.0672394130181,TRUE
2022-08-26 23:00:00,1.126,16.1839541636996,TRUE
2022-08-27,1.131,16.3796656866116,TRUE
2022-08-27 01:00:00,1.132,16.4189863698599,TRUE
2022-08-27 02:00:00,1.135,16.5373058522212,TRUE
2022-08-27 03:00:00,1.134,16.497806415168,TRUE
2022-08-27 04:00:00,1.139,16.6959005709101,TRUE
2022-08-27 05:00:00,1.141,16.7755566369311,TRUE
2022-08-27 07:00:00,1.145,16.9355876795481,TRUE
2022-08-27 08:00:00,1.148,17.056241186363,TRUE
2022-08-27 09:00:00,1.151,17.1774360070642,TRUE
2022-08-27 10:00:00,1.151,17.1774360070642,TRUE
2022-08-27 11:00:00,1.149,17.0965792641385,TRUE
2022-08-27 12:00:00,1.145,16.9355876795481,TRUE
2022-08-27 13:00:00,1.141,16.7755566369311,TRUE
2022-08-27 14:00:00,1.143,16.8554522400459,TRUE
2022-08-27 15:00:00,1.142,16.8154744776424,TRUE
2022-08-27 16:00:00,1.138,16.6561622707393,TRUE
2022-08-27 17:00:00,1.141,16.7755566369311,TRUE
2022-08-27 18:00:00,1.137,16.6164837425385,TRUE
2022-08-27 19:00:00,1.135,16.5373058522212,TRUE
2022-08-27 20:00:00,1.129,16.301202811371,TRUE
2022-08-27 21:00:00,1.135,16.5373058522212,TRUE
2022-08-27 22:00:00,1.14,16.7356986804956,TRUE
2022-08-27 23:00:00,1.131,16.3796656866116,TRUE
2022-08-28,1.144,16.8954899615486,TRUE
2022-08-28 01:00:00,1.138,16.6561622707393,TRUE
2022-08-28 02:00:00,1.138,16.6561622707393,TRUE
2022-08-28 03:00:00,1.132,16.4189863698599,TRUE
2022-08-28 04:00:00,1.133,16.4583666002116,TRUE
2022-08-28 05:00:00,1.131,16.3796656866116,TRUE
2022-08-28 07:00:00,1.127,16.2229776742875,TRUE
2022-08-28 08:00:00,1.131,16.3796656866116,TRUE
2022-08-28 09:00:00,1.128,16.2620605443282,TRUE
2022-08-28 10:00:00,1.127,16.2229776742875,TRUE
2022-08-28 11:00:00,1.131,16.3796656866116,TRUE
2022-08-28 12:00:00,1.128,16.2620605443282,TRUE
2022-08-28 13:00:00,1.128,16.2620605443282,TRUE
2022-08-28 14:00:00,1.126,16.1839541636996,TRUE
2022-08-28 15:00:00,1.127,16.2229776742875,TRUE
2022-08-28 16:00:00,1.129,16.301202811371,TRUE
2022-08-28 17:00:00,1.132,16.4189863698599,TRUE
2022-08-28 18:00:00,1.147,17.0159632545811,TRUE
2022-08-28 19:00:00,1.151,17.1774360070642,TRUE
2022-08-28 20:00:00,1.147,17.0159632545811,TRUE
2022-08-28 21:00:00,1.147,17.0159632545811,TRUE
2022-08-28 22:00:00,1.149,17.0965792641385,TRUE
2022-08-28 23:00:00,1.142,16.8154744776424,TRUE
2022-08-29,1.138,16.6561622707393,TRUE
2022-08-29 01:00:00,1.137,16.6164837425385,TRUE
2022-08-29 02:00:00,1.133,16.4583666002116,TRUE
2022-08-29 03:00:00,1.129,16.301202811371,TRUE
2022-08-29 04:00:00,1.133,16.4583666002116,TRUE
2022-08-29 05:00:00,1.129,16.301202811371,TRUE
2022-08-29 07:00:00,1.124,16.106085070638,TRUE
2022-08-29 08:00:00,1.121,15.9897256876627,TRUE
2022-08-29 09:00:00,1.12,15.9510575447233,TRUE
2022-08-29 10:00:00,1.116,15.7969755600616,TRUE
2022-08-29 11:00:00,1.104,15.3403787512793,TRUE
2022-08-29 12:00:00,1.097,15.0779245890495,TRUE
2022-08-29 13:00:00,1.09,14.8183236204577,TRUE
2022-08-29 14:00:00,1.1,15.190054816872,TRUE
2022-08-29 15:00:00,1.101,15.2275481929965,TRUE
2022-08-29 16:00:00,1.102,15.2650999489066,TRUE
2022-08-29 17:00:00,1.112,15.6438367076621,TRUE
2022-08-29 18:00:00,1.122,16.0284529645587,TRUE
2022-08-29 19:00:00,1.124,16.106085070638,TRUE
2022-08-29 20:00:00,1.126,16.1839541636996,TRUE
2022-08-29 21:00:00,1.124,16.106085070638,TRUE
2022-08-29 22:00:00,1.122,16.0284529645587,TRUE
2022-08-29 23:00:00,1.123,16.0672394130181,TRUE
2022-08-30,1.12,15.9510575447233,TRUE
2022-08-30 01:00:00,1.117,15.8354075434339,TRUE
2022-08-30 02:00:00,1.112,15.6438367076621,TRUE
2022-08-30 03:00:00,1.109,15.5296000483532,TRUE
2022-08-30 04:00:00,1.111,15.6056990764387,TRUE
2022-08-30 05:00:00,1.106,15.4158915262833,TRUE
2022-08-30 07:00:00,1.104,15.3403787512793,TRUE
2022-08-30 08:00:00,1.104,15.3403787512793,TRUE
2022-08-30 09:00:00,1.104,15.3403787512793,TRUE
2022-08-30 10:00:00,1.101,15.2275481929965,TRUE
2022-08-30 11:00:00,1.098,15.1152430527246,TRUE
2022-08-30 12:00:00,1.098,15.1152430527246,TRUE
2022-08-30 13:00:00,1.094,14.9663184174984,TRUE
2022-08-30 14:00:00,1.094,14.9663184174984,TRUE
2022-08-30 15:00:00,1.098,15.1152430527246,TRUE
2022-08-30 16:00:00,1.097,15.0779245890495,TRUE
2022-08-30 17:00:00,1.104,15.3403787512793,TRUE
2022-08-30 18:00:00,1.108,15.4916385760549,TRUE
2022-08-30 19:00:00,1.109,15.5296000483532,TRUE
2022-08-30 20:00:00,1.113,15.6820331339471,TRUE
2022-08-30 21:00:00,1.108,15.4916385760549,TRUE
2022-08-30 22:00:00,1.109,15.5296000483532,TRUE
2022-08-30 23:00:00,1.107,15.4537357479458,TRUE
2022-08-31,1.106,15.4158915262833,TRUE
2022-08-31 01:00:00,1.106,15.4158915262833,TRUE
2022-08-31 02:00:00,1.103,15.3027101224037,TRUE
2022-08-31 03:00:00,1.098,15.1152430527246,TRUE
2022-08-31 04:00:00,1.097,15.0779245890495,TRUE
2022-08-31 05:00:00,1.097,15.0779245890495,TRUE
2022-08-31 07:00:00,1.092,14.8922049407273,TRUE
2022-08-31 08:00:00,1.093,14.9292326406036,TRUE
2022-08-31 09:00:00,1.094,14.9663184174984,TRUE
2022-08-31 10:00:00,1.091,14.8552352799788,TRUE
2022-08-31 11:00:00,1.088,14.7446741534458,TRUE
2022-08-31 12:00:00,1.087,14.7079362701041,TRUE
2022-08-31 13:00:00,1.086,14.671256236288,TRUE
2022-08-31 14:00:00,1.085,14.634634014047,TRUE
2022-08-31 15:00:00,1.086,14.671256236288,TRUE
2022-08-31 16:00:00,1.088,14.7446741534458,TRUE
2022-08-31 17:00:00,1.096,15.0406643538557,TRUE
2022-08-31 18:00:00,1.1,15.190054816872,TRUE
2022-08-31 19:00:00,1.104,15.3403787512793,TRUE
2022-08-31 20:00:00,1.102,15.2650999489066,TRUE
2022-08-31 21:00:00,1.103,15.3027101224037,TRUE
2022-08-31 22:00:00,1.106,15.4158915262833,TRUE
2022-08-31 23:00:00,1.106,15.4158915262833,TRUE
2022-09-01,1.103,15.3027101224037,TRUE
2022-09-01 01:00:00,1.103,15.3027101224037,TRUE
2022-09-01 02:00:00,1.096,15.0406643538557,TRUE
2022-09-01 03:00:00,1.097,15.0779245890495,TRUE
2022-09-01 04:00:00,1.097,15.0779245890495,TRUE
2022-09-01 05:00:00,1.088,14.7446741534458,TRUE
2022-09-01 07:00:00,1.094,14.9663184174984,TRUE
2022-09-01 08:00:00,1.111,15.6056990764387,TRUE
2022-09-01 09:00:00,1.103,15.3027101224037,TRUE
2022-09-01 10:00:00,1.092,14.8922049407273,TRUE
2022-09-01 11:00:00,1.09,14.8183236204577,TRUE
2022-09-01 12:00:00,1.092,14.8922049407273,TRUE
2022-09-01 13:00:00,1.085,14.634634014047,TRUE
2022-09-01 14:00:00,1.087,14.7079362701041,TRUE
2022-09-01 15:00:00,1.092,14.8922049407273,TRUE
2022-09-01 16:00:00,1.093,14.9292326406036,TRUE
2022-09-01 17:00:00,1.098,15.1152430527246,TRUE
2022-09-01 18:00:00,1.1,15.190054816872,TRUE
2022-09-01 19:00:00,1.102,15.2650999489066,TRUE
2022-09-01 20:00:00,1.101,15.2275481929965,TRUE
2022-09-01 21:00:00,1.1,15.190054816872,TRUE
2022-09-01 22:00:00,1.1,15.190054816872,TRUE
2022-09-01 23:00:00,1.096,15.0406643538557,TRUE
2022-09-02,1.093,14.9292326406036,TRUE
2022-09-02 01:00:00,1.096,15.0406643538557,TRUE
2022-09-02 02:00:00,1.091,14.8552352799788,TRUE
2022-09-02 03:00:00,1.094,14.9663184174984,TRUE
2022-09-02 04:00:00,1.094,14.9663184174984,TRUE
2022-09-02 05:00:00,1.092,14.8922049407273,TRUE
2022-09-02 07:00:00,1.091,14.8552352799788,TRUE
2022-09-02 08:00:00,1.092,14.8922049407273,TRUE
2022-09-02 09:00:00,1.091,14.8552352799788,TRUE
2022-09-02 10:00:00,1.09,14.8183236204577,TRUE
2022-09-02 11:00:00,1.086,14.671256236288,TRUE
2022-09-02 12:00:00,1.088,14.7446741534458,TRUE
2022-09-02 13:00:00,1.086,14.671256236288,TRUE
2022-09-02 14:00:00,1.088,14.7446741534458,TRUE
2022-09-02 15:00:00,1.092,14.8922049407273,TRUE
2022-09-02 16:00:00,1.09,14.8183236204577,TRUE
2022-09-02 17:00:00,1.098,15.1152430527246,TRUE
2022-09-02 18:00:00,1.1,15.190054816872,TRUE
2022-09-02 19:00:00,1.104,15.3403787512793,TRUE
2022-09-02 20:00:00,1.107,15.4537357479458,TRUE
2022-09-02 21:00:00,1.105,15.3781058733152,TRUE
2022-09-02 22:00:00,1.106,15.4158915262833,TRUE
2022-09-02 23:00:00,1.105,15.3781058733152,TRUE
2022-09-03,1.105,15.3781058733152,TRUE
2022-09-03 01:00:00,1.104,15.3403787512793,TRUE
2022-09-03 02:00:00,1.099,15.1526197827217,TRUE
2022-09-03 03:00:00,1.092,14.8922049407273,TRUE
2022-09-03 04:00:00,1.093,14.9292326406036,TRUE
2022-09-03 05:00:00,1.092,14.8922049407273,TRUE
2022-09-03 07:00:00,1.094,14.9663184174984,TRUE
2022-09-03 08:00:00,1.091,14.8552352799788,TRUE
2022-09-03 09:00:00,1.092,14.8922049407273,TRUE
2022-09-03 10:00:00,1.092,14.8922049407273,TRUE
2022-09-03 11:00:00,1.09,14.8183236204577,TRUE
2022-09-03 12:00:00,1.087,14.7079362701041,TRUE
2022-09-03 13:00:00,1.083,14.5615628524384,TRUE
2022-09-03 14:00:00,1.084,14.5980695654207,TRUE
2022-09-03 15:00:00,1.086,14.671256236288,TRUE
2022-09-03 16:00:00,1.087,14.7079362701041,TRUE
2022-09-03 17:00:00,1.094,14.9663184174984,TRUE
2022-09-03 18:00:00,1.096,15.0406643538557,TRUE
2022-09-03 19:00:00,1.096,15.0406643538557,TRUE
2022-09-03 20:00:00,1.099,15.1526197827217,TRUE
2022-09-03 21:00:00,1.095,15.0034623092922,TRUE
2022-09-03 22:00:00,1.093,14.9292326406036,TRUE
2022-09-03 23:00:00,1.084,14.5980695654207,TRUE
2022-09-04,1.085,14.634634014047,TRUE
2022-09-04 01:00:00,1.078,14.3798939925143,TRUE
2022-09-04 02:00:00,1.099,15.1526197827217,TRUE
2022-09-04 03:00:00,1.085,14.634634014047,TRUE
2022-09-04 04:00:00,1.097,15.0779245890495,TRUE
2022-09-04 05:00:00,1.084,14.5980695654207,TRUE
2022-09-04 07:00:00,1.078,14.3798939925143,TRUE
2022-09-04 08:00:00,1.083,14.5615628524384,TRUE
2022-09-04 09:00:00,1.081,14.4887224814735,TRUE
2022-09-04 10:00:00,1.082,14.5251138371195,TRUE
2022-09-04 11:00:00,1.081,14.4887224814735,TRUE
2022-09-04 12:00:00,1.08,14.4523887474995,TRUE
2022-09-04 13:00:00,1.079,14.4161125971868,TRUE
2022-09-04 14:00:00,1.079,14.4161125971868,TRUE
2022-09-04 15:00:00,1.084,14.5980695654207,TRUE
2022-09-04 16:00:00,1.083,14.5615628524384,TRUE
2022-09-04 17:00:00,1.085,14.634634014047,TRUE
2022-09-04 18:00:00,1.088,14.7446741534458,TRUE
2022-09-04 19:00:00,1.086,14.671256236288,TRUE
2022-09-04 20:00:00,1.091,14.8552352799788,TRUE
2022-09-04 21:00:00,1.091,14.8552352799788,TRUE
2022-09-04 22:00:00,1.093,14.9292326406036,TRUE
2022-09-04 23:00:00,1.093,14.9292326406036,TRUE
2022-09-05,1.089,14.7814699242535,TRUE
2022-09-05 01:00:00,1.089,14.7814699242535,TRUE
2022-09-05 02:00:00,1.087,14.7079362701041,TRUE
2022-09-05 03:00:00,1.082,14.5251138371195,TRUE
2022-09-05 04:00:00,1.082,14.5251138371195,TRUE
2022-09-05 05:00:00,1.081,14.4887224814735,TRUE
2022-09-05 07:00:00,1.082,14.5251138371195,TRUE
2022-09-05 08:00:00,1.082,14.5251138371195,TRUE
2022-09-05 09:00:00,1.08,14.4523887474995,TRUE
2022-09-05 10:00:00,1.083,14.5615628524384,TRUE
2022-09-05 11:00:00,1.082,14.5251138371195,TRUE
2022-09-05 12:00:00,1.08,14.4523887474995,TRUE
2022-09-05 13:00:00,1.079,14.4161125971868,TRUE
2022-09-05 14:00:00,1.077,14.3437328954511,TRUE
2022-09-05 15:00:00,1.084,14.5980695654207,TRUE
2022-09-05 16:00:00,1.084,14.5980695654207,TRUE
2022-09-05 17:00:00,1.086,14.671256236288,TRUE
2022-09-05 18:00:00,1.091,14.8552352799788,TRUE
2022-09-05 19:00:00,1.092,14.8922049407273,TRUE
2022-09-05 20:00:00,1.087,14.7079362701041,TRUE
2022-09-05 21:00:00,1.093,14.9292326406036,TRUE
2022-09-05 22:00:00,1.09,14.8183236204577,TRUE
2022-09-05 23:00:00,1.091,14.8552352799788,TRUE
2022-09-06,1.09,14.8183236204577,TRUE
2022-09-06 01:00:00,1.088,14.7446741534458,TRUE
2022-09-06 02:00:00,1.084,14.5980695654207,TRUE
2022-09-06 03:00:00,1.079,14.4161125971868,TRUE
2022-09-06 04:00:00,1.08,14.4523887474995,TRUE
2022-09-06 05:00:00,1.081,14.4887224814735,TRUE
2022-09-06 07:00:00,1.08,14.4523887474995,TRUE
2022-09-06 08:00:00,1.08,14.4523887474995,TRUE
2022-09-06 09:00:00,1.08,14.4523887474995,TRUE
2022-09-06 10:00:00,1.077,14.3437328954511,TRUE
2022-09-06 11:00:00,1.075,14.2715830719776,TRUE
2022-09-06 12:00:00,1.069,14.0565098258051,TRUE
2022-09-06 13:00:00,1.066,13.9497454429252,TRUE
2022-09-06 14:00:00,1.067,13.9852764692408,TRUE
2022-09-06 15:00:00,1.069,14.0565098258051,TRUE
2022-09-06 16:00:00,1.071,14.1279718418499,TRUE
2022-09-06 17:00:00,1.079,14.4161125971868,TRUE
2022-09-06 18:00:00,1.088,14.7446741534458,TRUE
2022-09-06 19:00:00,1.091,14.8552352799788,TRUE
2022-09-06 20:00:00,1.089,14.7814699242535,TRUE
2022-09-06 21:00:00,1.092,14.8922049407273,TRUE
2022-09-06 22:00:00,1.092,14.8922049407273,TRUE
2022-09-06 23:00:00,1.09,14.8183236204577,TRUE
2022-09-07,1.088,14.7446741534458,TRUE
2022-09-07 01:00:00,1.085,14.634634014047,TRUE
2022-09-07 02:00:00,1.082,14.5251138371195,TRUE
2022-09-07 03:00:00,1.079,14.4161125971868,TRUE
2022-09-07 04:00:00,1.078,14.3798939925143,TRUE
2022-09-07 05:00:00,1.078,14.3798939925143,TRUE
2022-09-07 07:00:00,1.073,14.1996628223151,TRUE
2022-09-07 08:00:00,1.075,14.2715830719776,TRUE
2022-09-07 09:00:00,1.073,14.1996628223151,TRUE
2022-09-07 10:00:00,1.074,14.2355942694546,TRUE
2022-09-07 11:00:00,1.072,14.1637886924776,TRUE
2022-09-07 12:00:00,1.069,14.0565098258051,TRUE
2022-09-07 13:00:00,1.066,13.9497454429252,TRUE
2022-09-07 14:00:00,1.068,14.0208645841531,TRUE
2022-09-07 15:00:00,1.067,13.9852764692408,TRUE
2022-09-07 16:00:00,1.068,14.0208645841531,TRUE
2022-09-07 17:00:00,1.073,14.1996628223151,TRUE
2022-09-07 18:00:00,1.078,14.3798939925143,TRUE
2022-09-07 19:00:00,1.08,14.4523887474995,TRUE
2022-09-07 20:00:00,1.076,14.307629267956,TRUE
2022-09-07 21:00:00,1.067,13.9852764692408,TRUE
2022-09-07 22:00:00,1.072,14.1637886924776,TRUE
2022-09-07 23:00:00,1.072,14.1637886924776,TRUE
2022-09-08,1.073,14.1996628223151,TRUE
2022-09-08 01:00:00,1.067,13.9852764692408,TRUE
2022-09-08 02:00:00,1.067,13.9852764692408,TRUE
2022-09-08 03:00:00,1.063,13.8434945139734,TRUE
2022-09-08 04:00:00,1.065,13.9142714670529,TRUE
2022-09-08 05:00:00,1.064,13.8788545034603,TRUE
2022-09-08 07:00:00,1.067,13.9852764692408,TRUE
2022-09-08 08:00:00,1.063,13.8434945139734,TRUE
2022-09-08 09:00:00,1.066,13.9497454429252,TRUE
2022-09-08 10:00:00,1.065,13.9142714670529,TRUE
2022-09-08 11:00:00,1.067,13.9852764692408,TRUE
2022-09-08 12:00:00,1.065,13.9142714670529,TRUE
2022-09-08 13:00:00,1.065,13.9142714670529,TRUE
2022-09-08 14:00:00,1.067,13.9852764692408,TRUE
2022-09-08 15:00:00,1.067,13.9852764692408,TRUE
2022-09-08 16:00:00,1.068,14.0208645841531,TRUE
2022-09-08 17:00:00,1.067,13.9852764692408,TRUE
2022-09-08 18:00:00,1.07,14.0922122323299,TRUE
2022-09-08 19:00:00,1.069,14.0565098258051,TRUE
2022-09-08 20:00:00,1.076,14.307629267956,TRUE
2022-09-08 21:00:00,1.075,14.2715830719776,TRUE
2022-09-08 22:00:00,1.076,14.307629267956,TRUE
2022-09-08 23:00:00,1.075,14.2715830719776,TRUE
2022-09-09,1.073,14.1996628223151,TRUE
2022-09-09 01:00:00,1.069,14.0565098258051,TRUE
2022-09-09 02:00:00,1.068,14.0208645841531,TRUE
2022-09-09 03:00:00,1.066,13.9497454429252,TRUE
2022-09-09 04:00:00,1.067,13.9852764692408,TRUE
2022-09-09 05:00:00,1.067,13.9852764692408,TRUE
2022-09-09 07:00:00,1.07,14.0922122323299,TRUE
2022-09-09 08:00:00,1.07,14.0922122323299,TRUE
2022-09-09 09:00:00,1.072,14.1637886924776,TRUE
2022-09-09 10:00:00,1.073,14.1996628223151,TRUE
2022-09-09 11:00:00,1.071,14.1279718418499,TRUE
2022-09-09 12:00:00,1.073,14.1996628223151,TRUE
2022-09-09 13:00:00,1.065,13.9142714670529,TRUE
2022-09-09 14:00:00,1.072,14.1637886924776,TRUE
2022-09-09 15:00:00,1.073,14.1996628223151,TRUE
2022-09-09 16:00:00,1.071,14.1279718418499,TRUE
2022-09-09 17:00:00,1.07,14.0922122323299,TRUE
2022-09-09 18:00:00,1.07,14.0922122323299,TRUE
2022-09-09 19:00:00,1.072,14.1637886924776,TRUE
2022-09-09 20:00:00,1.07,14.0922122323299,TRUE
2022-09-09 21:00:00,1.072,14.1637886924776,TRUE
2022-09-09 22:00:00,1.069,14.0565098258051,TRUE
2022-09-09 23:00:00,1.071,14.1279718418499,TRUE
2022-09-10,1.069,14.0565098258051,TRUE
2022-09-10 01:00:00,1.064,13.8788545034603,TRUE
2022-09-10 02:00:00,1.062,13.808191460408,TRUE
2022-09-10 03:00:00,1.059,13.7026235332438,TRUE
2022-09-10 04:00:00,1.06,13.7377560082532,TRUE
2022-09-10 05:00:00,1.059,13.7026235332438,TRUE
2022-09-10 07:00:00,1.057,13.632528894233,TRUE
2022-09-10 08:00:00,1.057,13.632528894233,TRUE
2022-09-10 09:00:00,1.061,13.7729453045695,TRUE
2022-09-10 10:00:00,1.062,13.808191460408,TRUE
2022-09-10 11:00:00,1.06,13.7377560082532,TRUE
2022-09-10 12:00:00,1.059,13.7026235332438,TRUE
2022-09-10 13:00:00,1.061,13.7729453045695,TRUE
2022-09-10 14:00:00,1.064,13.8788545034603,TRUE
2022-09-10 15:00:00,1.068,14.0208645841531,TRUE
2022-09-10 16:00:00,1.072,14.1637886924776,TRUE
2022-09-10 17:00:00,1.07,14.0922122323299,TRUE
2022-09-10 18:00:00,1.065,13.9142714670529,TRUE
2022-09-10 19:00:00,1.061,13.7729453045695,TRUE
2022-09-10 20:00:00,1.059,13.7026235332438,TRUE
2022-09-10 21:00:00,1.061,13.7729453045695,TRUE
2022-09-10 22:00:00,1.059,13.7026235332438,TRUE
2022-09-10 23:00:00,1.059,13.7026235332438,TRUE
2022-09-11,1.06,13.7377560082532,TRUE
2022-09-11 01:00:00,1.057,13.632528894233,TRUE
2022-09-11 02:00:00,1.053,13.4930197892754,TRUE
2022-09-11 03:00:00,1.049,13.3544155402698,TRUE
2022-09-11 04:00:00,1.051,13.423604710972,TRUE
2022-09-11 05:00:00,1.048,13.3199055744645,TRUE
2022-09-11 07:00:00,1.048,13.3199055744645,TRUE
2022-09-11 08:00:00,1.047,13.2854519705729,TRUE
2022-09-11 09:00:00,1.046,13.2510546902443,TRUE
2022-09-11 10:00:00,1.047,13.2854519705729,TRUE
2022-09-11 11:00:00,1.047,13.2854519705729,TRUE
2022-09-11 12:00:00,1.047,13.2854519705729,TRUE
2022-09-11 13:00:00,1.045,13.2167136951175,TRUE
2022-09-11 14:00:00,1.047,13.2854519705729,TRUE
2022-09-11 15:00:00,1.054,13.527812139543,TRUE
2022-09-11 16:00:00,1.056,13.5975666537496,TRUE
2022-09-11 17:00:00,1.053,13.4930197892754,TRUE
2022-09-11 18:00:00,1.049,13.3544155402698,TRUE
2022-09-11 19:00:00,1.054,13.527812139543,TRUE
2022-09-11 20:00:00,1.052,13.4582839925179,TRUE
2022-09-11 21:00:00,1.051,13.423604710972,TRUE
2022-09-11 22:00:00,1.053,13.4930197892754,TRUE
2022-09-11 23:00:00,1.05,13.3889819063291,TRUE
2022-09-12,1.051,13.423604710972,TRUE
2022-09-12 01:00:00,1.044,13.1824289468206,TRUE
2022-09-12 02:00:00,1.042,13.1140280371773,TRUE
2022-09-12 03:00:00,1.041,13.0799117990346,TRUE
2022-09-12 04:00:00,1.042,13.1140280371773,TRUE
2022-09-12 05:00:00,1.043,13.1482004069716,TRUE
2022-09-12 07:00:00,1.041,13.0799117990346,TRUE
2022-09-12 08:00:00,1.041,13.0799117990346,TRUE
2022-09-12 09:00:00,1.041,13.0799117990346,TRUE
2022-09-12 10:00:00,1.042,13.1140280371773,TRUE
2022-09-12 11:00:00,1.041,13.0799117990346,TRUE
2022-09-12 12:00:00,1.04,13.0458516541292,TRUE
2022-09-12 13:00:00,1.039,13.0118475640368,TRUE
2022-09-12 14:00:00,1.041,13.0799117990346,TRUE
2022-09-12 15:00:00,1.043,13.1482004069716,TRUE
2022-09-12 16:00:00,1.044,13.1824289468206,TRUE
2022-09-12 17:00:00,1.044,13.1824289468206,TRUE
2022-09-12 18:00:00,1.047,13.2854519705729,TRUE
2022-09-12 19:00:00,1.051,13.423604710972,TRUE
2022-09-12 20:00:00,1.047,13.2854519705729,TRUE
2022-09-12 21:00:00,1.047,13.2854519705729,TRUE
2022-09-12 22:00:00,1.045,13.2167136951175,TRUE
2022-09-12 23:00:00,1.043,13.1482004069716,TRUE
2022-09-13,1.044,13.1824289468206,TRUE
2022-09-13 01:00:00,1.044,13.1824289468206,TRUE
2022-09-13 02:00:00,1.044,13.1824289468206,TRUE
2022-09-13 03:00:00,1.048,13.3199055744645,TRUE
2022-09-13 04:00:00,1.043,13.1482004069716,TRUE
2022-09-13 05:00:00,1.043,13.1482004069716,TRUE
2022-09-13 07:00:00,1.038,12.977899490322,TRUE
2022-09-13 08:00:00,1.033,12.8089980214376,TRUE
2022-09-13 09:00:00,1.036,12.9101712382317,TRUE
2022-09-13 10:00:00,1.034,12.842666590164,TRUE
2022-09-13 11:00:00,1.03,12.708326874467,TRUE
2022-09-13 12:00:00,1.037,12.9440073945391,TRUE
2022-09-13 13:00:00,1.03,12.708326874467,TRUE
2022-09-13 14:00:00,1.032,12.7753852382543,TRUE
2022-09-13 15:00:00,1.034,12.842666590164,TRUE
2022-09-13 16:00:00,1.035,12.8763909829325,TRUE
2022-09-13 17:00:00,1.034,12.842666590164,TRUE
2022-09-13 18:00:00,1.037,12.9440073945391,TRUE
2022-09-13 19:00:00,1.035,12.8763909829325,TRUE
2022-09-13 20:00:00,1.036,12.9101712382317,TRUE
2022-09-13 21:00:00,1.035,12.8763909829325,TRUE
2022-09-13 22:00:00,1.037,12.9440073945391,TRUE
2022-09-13 23:00:00,1.035,12.8763909829325,TRUE
2022-09-14,1.034,12.842666590164,TRUE
2022-09-14 01:00:00,1.033,12.8089980214376,TRUE
2022-09-14 02:00:00,1.031,12.7418282021043,TRUE
2022-09-14 03:00:00,1.032,12.7753852382543,TRUE
2022-09-14 04:00:00,1.031,12.7418282021043,TRUE
2022-09-14 05:00:00,1.032,12.7753852382543,TRUE
2022-09-14 07:00:00,1.031,12.7418282021043,TRUE
2022-09-14 08:00:00,1.03,12.708326874467,TRUE
2022-09-14 09:00:00,1.03,12.708326874467,TRUE
2022-09-14 10:00:00,1.03,12.708326874467,TRUE
2022-09-14 11:00:00,1.029,12.6748812168113,TRUE
2022-09-14 12:00:00,1.028,12.6414911905952,TRUE
2022-09-14 13:00:00,1.029,12.6748812168113,TRUE
2022-09-14 14:00:00,1.029,12.6748812168113,TRUE
2022-09-14 15:00:00,1.034,12.842666590164,TRUE
2022-09-14 16:00:00,1.032,12.7753852382543,TRUE
2022-09-14 17:00:00,1.035,12.8763909829325,TRUE
2022-09-14 18:00:00,1.038,12.977899490322,TRUE
2022-09-14 19:00:00,1.037,12.9440073945391,TRUE
2022-09-14 20:00:00,1.041,13.0799117990346,TRUE
2022-09-14 21:00:00,1.038,12.977899490322,TRUE
2022-09-14 22:00:00,1.036,12.9101712382317,TRUE
2022-09-14 23:00:00,1.042,13.1140280371773,TRUE
2022-09-15,1.036,12.9101712382317,TRUE
2022-09-15 01:00:00,1.034,12.842666590164,TRUE
2022-09-15 02:00:00,1.032,12.7753852382543,TRUE
2022-09-15 03:00:00,1.037,12.9440073945391,TRUE
2022-09-15 04:00:00,1.035,12.8763909829325,TRUE
2022-09-15 05:00:00,1.036,12.9101712382317,TRUE
2022-09-15 07:00:00,1.035,12.8763909829325,TRUE
2022-09-15 08:00:00,1.029,12.6748812168113,TRUE
2022-09-15 09:00:00,1.032,12.7753852382543,TRUE
2022-09-15 10:00:00,1.029,12.6748812168113,TRUE
2022-09-15 11:00:00,1.029,12.6748812168113,TRUE
2022-09-15 12:00:00,1.03,12.708326874467,TRUE
2022-09-15 13:00:00,1.028,12.6414911905952,TRUE
2022-09-15 14:00:00,1.031,12.7418282021043,TRUE
2022-09-15 15:00:00,1.033,12.8089980214376,TRUE
2022-09-15 16:00:00,1.033,12.8089980214376,TRUE
2022-09-15 17:00:00,1.035,12.8763909829325,TRUE
2022-09-15 18:00:00,1.04,13.0458516541292,TRUE
2022-09-15 19:00:00,1.038,12.977899490322,TRUE
2022-09-15 20:00:00,1.037,12.9440073945391,TRUE
2022-09-15 21:00:00,1.037,12.9440073945391,TRUE
2022-09-15 22:00:00,1.039,13.0118475640368,TRUE
2022-09-15 23:00:00,1.037,12.9440073945391,TRUE
2022-09-16,1.033,12.8089980214376,TRUE
2022-09-16 01:00:00,1.032,12.7753852382543,TRUE
2022-09-16 02:00:00,1.031,12.7418282021043,TRUE
2022-09-16 03:00:00,1.03,12.708326874467,TRUE
2022-09-16 04:00:00,1.036,12.9101712382317,TRUE
2022-09-16 05:00:00,1.035,12.8763909829325,TRUE
2022-09-16 07:00:00,1.032,12.7753852382543,TRUE
2022-09-16 08:00:00,1.03,12.708326874467,TRUE
2022-09-16 09:00:00,1.032,12.7753852382543,TRUE
2022-09-16 10:00:00,1.031,12.7418282021043,TRUE
2022-09-16 11:00:00,1.032,12.7753852382543,TRUE
2022-09-16 12:00:00,1.033,12.8089980214376,TRUE
2022-09-16 13:00:00,1.029,12.6748812168113,TRUE
2022-09-16 14:00:00,1.03,12.708326874467,TRUE
2022-09-16 15:00:00,1.033,12.8089980214376,TRUE
2022-09-16 16:00:00,1.035,12.8763909829325,TRUE
2022-09-16 17:00:00,1.038,12.977899490322,TRUE
2022-09-16 18:00:00,1.04,13.0458516541292,TRUE
2022-09-16 19:00:00,1.036,12.9101712382317,TRUE
2022-09-16 20:00:00,1.036,12.9101712382317,TRUE
2022-09-16 21:00:00,1.036,12.9101712382317,TRUE
2022-09-16 22:00:00,1.035,12.8763909829325,TRUE
2022-09-16 23:00:00,1.034,12.842666590164,TRUE
2022-09-17,1.036,12.9101712382317,TRUE
2022-09-17 01:00:00,1.032,12.7753852382543,TRUE
2022-09-17 02:00:00,1.032,12.7753852382543,TRUE
2022-09-17 03:00:00,1.031,12.7418282021043,TRUE
2022-09-17 04:00:00,1.028,12.6414911905952,TRUE
2022-09-17 05:00:00,1.029,12.6748812168113,TRUE
2022-09-17 07:00:00,1.026,12.5748778782599,TRUE
2022-09-17 08:00:00,1.028,12.6414911905952,TRUE
2022-09-17 09:00:00,1.031,12.7418282021043,TRUE
2022-09-17 10:00:00,1.026,12.5748778782599,TRUE
2022-09-17 11:00:00,1.026,12.5748778782599,TRUE
2022-09-17 12:00:00,1.029,12.6748812168113,TRUE
2022-09-17 13:00:00,1.025,12.541654515003,TRUE
2022-09-17 14:00:00,1.026,12.5748778782599,TRUE
2022-09-17 15:00:00,1.031,12.7418282021043,TRUE
2022-09-17 16:00:00,1.03,12.708326874467,TRUE
2022-09-17 17:00:00,1.034,12.842666590164,TRUE
2022-09-17 18:00:00,1.036,12.9101712382317,TRUE
2022-09-17 19:00:00,1.035,12.8763909829325,TRUE
2022-09-17 20:00:00,1.036,12.9101712382317,TRUE
2022-09-17 21:00:00,1.038,12.977899490322,TRUE
2022-09-17 22:00:00,1.04,13.0458516541292,TRUE
2022-09-17 23:00:00,1.037,12.9440073945391,TRUE
2022-09-18,1.034,12.842666590164,TRUE
2022-09-18 01:00:00,1.034,12.842666590164,TRUE
2022-09-18 02:00:00,1.029,12.6748812168113,TRUE
2022-09-18 03:00:00,1.03,12.708326874467,TRUE
2022-09-18 04:00:00,1.026,12.5748778782599,TRUE
2022-09-18 05:00:00,1.029,12.6748812168113,TRUE
2022-09-18 07:00:00,1.03,12.708326874467,TRUE
2022-09-18 08:00:00,1.027,12.6081567572659,TRUE
2022-09-18 09:00:00,1.028,12.6414911905952,TRUE
2022-09-18 10:00:00,1.028,12.6414911905952,TRUE
2022-09-18 11:00:00,1.031,12.7418282021043,TRUE
2022-09-18 12:00:00,1.031,12.7418282021043,TRUE
2022-09-18 13:00:00,1.03,12.708326874467,TRUE
2022-09-18 14:00:00,1.034,12.842666590164,TRUE
2022-09-18 15:00:00,1.039,13.0118475640368,TRUE
2022-09-18 16:00:00,1.039,13.0118475640368,TRUE
2022-09-18 17:00:00,1.036,12.9101712382317,TRUE
2022-09-18 18:00:00,1.039,13.0118475640368,TRUE
2022-09-18 19:00:00,1.034,12.842666590164,TRUE
2022-09-18 20:00:00,1.035,12.8763909829325,TRUE
2022-09-18 21:00:00,1.037,12.9440073945391,TRUE
2022-09-18 22:00:00,1.033,12.8089980214376,TRUE
2022-09-18 23:00:00,1.035,12.8763909829325,TRUE
2022-09-19,1.035,12.8763909829325,TRUE
2022-09-19 01:00:00,1.028,12.6414911905952,TRUE
2022-09-19 02:00:00,1.023,12.4753741813855,TRUE
2022-09-19 03:00:00,1.026,12.5748778782599,TRUE
2022-09-19 04:00:00,1.026,12.5748778782599,TRUE
2022-09-19 05:00:00,1.024,12.5084866289102,TRUE
2022-09-19 07:00:00,1.023,12.4753741813855,TRUE
2022-09-19 08:00:00,1.032,12.7753852382543,TRUE
2022-09-19 09:00:00,1.022,12.4423171338223,TRUE
2022-09-19 10:00:00,1.025,12.541654515003,TRUE
2022-09-19 11:00:00,1.025,12.541654515003,TRUE
2022-09-19 12:00:00,1.026,12.5748778782599,TRUE
2022-09-19 13:00:00,1.024,12.5084866289102,TRUE
2022-09-19 14:00:00,1.022,12.4423171338223,TRUE
2022-09-19 15:00:00,1.025,12.541654515003,TRUE
2022-09-19 16:00:00,1.03,12.708326874467,TRUE
2022-09-19 17:00:00,1.03,12.708326874467,TRUE
2022-09-19 18:00:00,1.032,12.7753852382543,TRUE
2022-09-19 19:00:00,1.032,12.7753852382543,TRUE
2022-09-19 20:00:00,1.031,12.7418282021043,TRUE
2022-09-19 21:00:00,1.026,12.5748778782599,TRUE
2022-09-19 22:00:00,1.023,12.4753741813855,TRUE
2022-09-19 23:00:00,1.026,12.5748778782599,TRUE
2022-09-20,1.032,12.7753852382543,TRUE
2022-09-20 01:00:00,1.026,12.5748778782599,TRUE
2022-09-20 02:00:00,1.026,12.5748778782599,TRUE
2022-09-20 03:00:00,1.023,12.4753741813855,TRUE
2022-09-20 04:00:00,1.026,12.5748778782599,TRUE
2022-09-20 05:00:00,1.029,12.6748812168113,TRUE
2022-09-20 07:00:00,1.027,12.6081567572659,TRUE
2022-09-20 08:00:00,1.022,12.4423171338223,TRUE
2022-09-20 09:00:00,1.026,12.5748778782599,TRUE
2022-09-20 10:00:00,1.026,12.5748778782599,TRUE
2022-09-20 11:00:00,1.024,12.5084866289102,TRUE
2022-09-20 12:00:00,1.027,12.6081567572659,TRUE
2022-09-20 13:00:00,1.026,12.5748778782599,TRUE
2022-09-20 14:00:00,1.027,12.6081567572659,TRUE
2022-09-20 15:00:00,1.027,12.6081567572659,TRUE
2022-09-20 16:00:00,1.029,12.6748812168113,TRUE
2022-09-20 17:00:00,1.031,12.7418282021043,TRUE
2022-09-20 18:00:00,1.03,12.708326874467,TRUE
2022-09-20 19:00:00,1.03,12.708326874467,TRUE
2022-09-20 20:00:00,1.036,12.9101712382317,TRUE
2022-09-20 21:00:00,1.035,12.8763909829325,TRUE
2022-05-10 16:00:00,1.2625,22.075052171442,TRUE
