CustomerID,OrderID,SampleNumber,Site,Sitecode,CustomerSampleNumber,CollectDate,CollectTime,StartDepth,EndDepth,SampleType,Volume,Matrix,Test,Param,ReportedResult,Qualifier,CorrectedReportedResult,CorrectedQualifier,Results_Units,Method,RDL,OrderComment,Results_Commnt,FieldNotes(2014+),FD Fieldnotes(-2013),FD QCData,FD Labnotes
FMP,FMP05652,FMP05652,Yellow Bay Knob @ Flathead Lake BioStation,TMP03416,,7/3/2008,12/30/1899 9:00:00,0,0,Deposition-Wet,1688.2,Legacy_Deposition,Total Phosphorus,TP,12.757,,12.757,,µg/l,Legacy_AutoAnalyzer -- Nutrients,,,,See Field Notes,,"QC: 20081003P Spikes: 99.123, 104.937, 109.49, 105.623 Reps: 20.643, 21.136; 11.202, 11.164; 6.804, 6.88; 5.932, 5.515 Knowns: 100.234, 100.96, 102.56, 94.115, 102.123",
FMP,FMP05671,FMP05671,Yellow Bay Knob @ Flathead Lake BioStation,TMP03416,,7/23/2008,12/30/1899 10:00:00,0,0,Deposition-Wet,1196.7,Legacy_Deposition,Total Phosphorus,TP,9.503,,9.503,,µg/l,Legacy_AutoAnalyzer -- Nutrients,,,,See Field Notes,,"QC: 20090127P Spikes: 103.058, 103.569, 103.616, 100.282 Reps: 6.2, 6.598; 18.972, 19.33; 6.956, 5.802; 6.2, 6.439 Knowns: 105.851, 109.36, 106.156, 104.592, 105.851",
FMP,FMP05694,FMP05694,Yellow Bay Knob @ Flathead Lake BioStation,TMP03416,,8/22/2008,12/30/1899 9:00:00,0,0,Deposition-Wet,2110.5,Legacy_Deposition,Total Phosphorus,TP,16.943,,16.943,,µg/l,Legacy_AutoAnalyzer -- Nutrients,,,,See Field Notes,,"QC: 20090127P Spikes: 103.058, 103.569, 103.616, 100.282 Reps: 6.2, 6.598; 18.972, 19.33; 6.956, 5.802; 6.2, 6.439 Knowns: 105.851, 109.36, 106.156, 104.592, 105.851",
FMP,FMP05704,FMP05704,Yellow Bay Knob @ Flathead Lake BioStation,TMP03416,,9/1/2008,12/30/1899 10:30:00,0,0,Deposition-Wet,421,Legacy_Deposition,Total Phosphorus,TP,15.749,,15.749,,µg/l,Legacy_AutoAnalyzer -- Nutrients,,,,See Field Notes,,"QC: 20090127P Spikes: 103.058, 103.569, 103.616, 100.282 Reps: 6.2, 6.598; 18.972, 19.33; 6.956, 5.802; 6.2, 6.439 Knowns: 105.851, 109.36, 106.156, 104.592, 105.851",
FMP,FMP05715,FMP05715,Yellow Bay Knob @ Flathead Lake BioStation,TMP03416,,9/8/2008,12/30/1899 11:00:00,0,0,Deposition-Wet,274.7,Legacy_Deposition,Total Phosphorus,TP,8.19,,8.19,,µg/l,Legacy_AutoAnalyzer -- Nutrients,,,,See Field Notes,,"QC: 20090127P Spikes: 103.058, 103.569, 103.616, 100.282 Reps: 6.2, 6.598; 18.972, 19.33; 6.956, 5.802; 6.2, 6.439 Knowns: 105.851, 109.36, 106.156, 104.592, 105.851",
FMP,FMP05718,FMP05718,Yellow Bay Knob @ Flathead Lake BioStation,TMP03416,,9/11/2008,12/30/1899 11:00:00,0,0,Deposition-Wet,245,Legacy_Deposition,Total Phosphorus,TP,10.736,,10.736,,µg/l,Legacy_AutoAnalyzer -- Nutrients,,,,See Field Notes,,"QC: 20090127P Spikes: 103.058, 103.569, 103.616, 100.282 Reps: 6.2, 6.598; 18.972, 19.33; 6.956, 5.802; 6.2, 6.439 Knowns: 105.851, 109.36, 106.156, 104.592, 105.851",
FMP,FMP05722,FMP05722,Yellow Bay Knob @ Flathead Lake BioStation,TMP03416,,9/23/2008,12/30/1899 15:40:00,0,0,Deposition-Wet,1607.2,Legacy_Deposition,Total Phosphorus,TP,15.272,,15.272,,µg/l,Legacy_AutoAnalyzer -- Nutrients,,,,See Field Notes,,"QC: 20090127P Spikes: 103.058, 103.569, 103.616, 100.282 Reps: 6.2, 6.598; 18.972, 19.33; 6.956, 5.802; 6.2, 6.439 Knowns: 105.851, 109.36, 106.156, 104.592, 105.851",
FMP,FMP05732,FMP05732,Yellow Bay Knob @ Flathead Lake BioStation,TMP03416,,10/8/2008,12/30/1899 13:30:00,0,0,Deposition-Wet,464,Legacy_Deposition,Total Phosphorus,TP,17.536,,17.536,,µg/l,Legacy_AutoAnalyzer -- Nutrients,,,,See Field Notes,,"QC: 20090318P Spikes: 99.902, 105.876 Reps: 10.748, 10.337; 7.457, 7.292; 3.59, 3.672 Knowns: 92.984, 99.417, 99.26, 100.837, 100.522",
FMP,FMP05753,FMP05753,Yellow Bay Knob @ Flathead Lake BioStation,TMP03416,,11/6/2008,12/30/1899 12:30:00,0,0,Deposition-Wet,1048.1,Legacy_Deposition,Total Phosphorus,TP,9.02,,9.02,,µg/l,Legacy_AutoAnalyzer -- Nutrients,,,,See Field Notes,,"QC: 20090318P Spikes: 99.902, 105.876 Reps: 10.748, 10.337; 7.457, 7.292; 3.59, 3.672 Knowns: 92.984, 99.417, 99.26, 100.837, 100.522",
FMP,FMP05756,FMP05756,Yellow Bay Knob @ Flathead Lake BioStation,TMP03416,,11/13/2008,12/30/1899 10:03:00,0,0,Deposition-Wet,1181.3,Legacy_Deposition,Total Phosphorus,TP,1.327,,1.327,,µg/l,Legacy_AutoAnalyzer -- Nutrients,,,,See Field Notes,,"QC: 20090318P Spikes: 99.902, 105.876 Reps: 10.748, 10.337; 7.457, 7.292; 3.59, 3.672 Knowns: 92.984, 99.417, 99.26, 100.837, 100.522",
FMP,FMP05775,FMP05775,Yellow Bay Knob @ Flathead Lake BioStation,TMP03416,,12/4/2008,12/30/1899 11:15:00,0,0,Deposition-Wet,321,Legacy_Deposition,Total Phosphorus,TP,23.707,,23.707,,µg/l,Legacy_AutoAnalyzer -- Nutrients,,,,See Field Notes,Not enough sample for pH,"QC: 20090318P Spikes: 99.902, 105.876 Reps: 10.748, 10.337; 7.457, 7.292; 3.59, 3.672 Knowns: 92.984, 99.417, 99.26, 100.837, 100.522",
FMP,FMP05815,FMP05815,Yellow Bay Knob @ Flathead Lake BioStation,TMP03416,,2/4/2009,12/30/1899 10:00:00,0,0,Deposition-Wet,497.5,Legacy_Deposition,Total Phosphorus,TP,4.512,,4.512,,µg/l,Legacy_AutoAnalyzer -- Nutrients,,,,See Field Notes,,QC: 20090407P Spikes: 105.798; 93.564; 103.212; 102.023 Reps: 3.832; 3.992; 7.633; 7.753; 16.038; 16.598; 5.272; 5.352 Knowns: 104.920; 99.702; 101.248; 106.147; 103.999,
FMP,FMP05818,FMP05818,Yellow Bay Knob @ Flathead Lake BioStation,TMP03416,,2/13/2009,12/30/1899 10:00:00,0,0,Deposition-Wet,675.8,Legacy_Deposition,Total Phosphorus,TP,3.712,,3.712,,µg/l,Legacy_AutoAnalyzer -- Nutrients,,,,See Field Notes,,QC: 20090407P Spikes: 105.798; 93.564; 103.212; 102.023 Reps: 3.832; 3.992; 7.633; 7.753; 16.038; 16.598; 5.272; 5.352 Knowns: 104.920; 99.702; 101.248; 106.147; 103.999,
FMP,FMP05833,FMP05833,Yellow Bay Knob @ Flathead Lake BioStation,TMP03416,,2/27/2009,12/30/1899 10:30:00,0,0,Deposition-Wet,1457,Legacy_Deposition,Total Phosphorus,TP,2.511,,2.511,,µg/l,Legacy_AutoAnalyzer -- Nutrients,,,,See Field Notes,,QC: 20090407P Spikes: 105.798; 93.564; 103.212; 102.023 Reps: 3.832; 3.992; 7.633; 7.753; 16.038; 16.598; 5.272; 5.352 Knowns: 104.920; 99.702; 101.248; 106.147; 103.999,
FMP,FMP05836,FMP05836,Yellow Bay Knob @ Flathead Lake BioStation,TMP03416,,3/6/2009,12/30/1899 10:00:00,0,0,Deposition-Wet,447.3,Legacy_Deposition,Total Phosphorus,TP,4.352,,4.352,,µg/l,Legacy_AutoAnalyzer -- Nutrients,,,,See Field Notes,Not enough sample for pH,QC: 20090407P Spikes: 105.798; 93.564; 103.212; 102.023 Reps: 3.832; 3.992; 7.633; 7.753; 16.038; 16.598; 5.272; 5.352 Knowns: 104.920; 99.702; 101.248; 106.147; 103.999,
FMP,FMP05839,FMP05839,Yellow Bay Knob @ Flathead Lake BioStation,TMP03416,,3/11/2009,12/30/1899 9:00:00,0,0,Deposition-Wet,336.5,Legacy_Deposition,Total Phosphorus,TP,6.703,,6.703,,µg/l,Legacy_AutoAnalyzer -- Nutrients,,,,See Field Notes,,QC: 20090407P Spikes: 105.798; 93.564; 103.212; 102.023 Reps: 3.832; 3.992; 7.633; 7.753; 16.038; 16.598; 5.272; 5.352 Knowns: 104.920; 99.702; 101.248; 106.147; 103.999,Analyte values may be falsely elevated by a factor of 1.98 (discovered by JW-7Jun13)
FMP,FMP05858,FMP05858,Yellow Bay Knob @ Flathead Lake BioStation,TMP03416,,3/27/2009,12/30/1899 11:00:00,0,0,Deposition-Wet,909.2,Legacy_Deposition,Total Phosphorus,TP,6.299,,6.299,,µg/l,Legacy_AutoAnalyzer -- Nutrients,,,,See Field Notes,,"QC: 20090519P Spikes: 107.902, 0, 94.314 Reps: 8.075, 8.004; 21.999, 22.922; 8.999, 8.572 Knowns: 99.604, 98.243, 93.232, 93.476",
FMP,FMP05861,FMP05861,Yellow Bay Knob @ Flathead Lake BioStation,TMP03416,,4/6/2009,12/30/1899 9:05:00,0,0,Deposition-Wet,1063.3,Legacy_Deposition,Total Phosphorus,TP,4.31,,4.31,,µg/l,Legacy_AutoAnalyzer -- Nutrients,,,,See Field Notes,,"QC: 20090519P Spikes: 107.902, 0, 94.314 Reps: 8.075, 8.004; 21.999, 22.922; 8.999, 8.572 Knowns: 99.604, 98.243, 93.232, 93.476",
FMP,FMP05879,FMP05879,Yellow Bay Knob @ Flathead Lake BioStation,TMP03416,,4/13/2009,12/30/1899 13:35:00,0,0,Deposition-Wet,558.9,Legacy_Deposition,Total Phosphorus,TP,14.326,,14.326,,µg/l,Legacy_AutoAnalyzer -- Nutrients,,,,See Field Notes,,"QC: 20090519P Spikes: 107.902, 0, 94.314 Reps: 8.075, 8.004; 21.999, 22.922; 8.999, 8.572 Knowns: 99.604, 98.243, 93.232, 93.476",
FMP,FMP05904,FMP05904,Yellow Bay Knob @ Flathead Lake BioStation,TMP03416,,5/8/2009,12/30/1899 9:00:00,0,0,Deposition-Wet,1249.3,Legacy_Deposition,Total Phosphorus,TP,18.589,,18.589,,µg/l,Legacy_AutoAnalyzer -- Nutrients,,,,See Field Notes,,"QC: 20090519P Spikes: 107.902, 0, 94.314 Reps: 8.075, 8.004; 21.999, 22.922; 8.999, 8.572 Knowns: 99.604, 98.243, 93.232, 93.476",
FMP,FMP05908,FMP05908,Yellow Bay Knob @ Flathead Lake BioStation,TMP03416,,5/16/2009,12/30/1899 10:30:00,0,0,Deposition-Wet,538,Legacy_Deposition,Total Phosphorus,TP,9.742,,9.742,,µg/l,Legacy_AutoAnalyzer -- Nutrients,,,,See Field Notes,,QC: 20090611A Spikes: 95.830; 95.796 Reps: 7.329; 7.434; 6.210; 5.545 Knowns: 97.035; 98.501; 97.586; 100.110,
FMP,FMP05921,FMP05921,Yellow Bay Knob @ Flathead Lake BioStation,TMP03416,,5/21/2009,12/30/1899 11:45:00,0,0,Deposition-Wet,126.7,Legacy_Deposition,Total Phosphorus,TP,97.014,E,97.014,,µg/l,Legacy_AutoAnalyzer -- Nutrients,,,,See Field Notes,,QC: 20090611A Spikes: 95.830; 95.796 Reps: 7.329; 7.434; 6.210; 5.545 Knowns: 97.035; 98.501; 97.586; 100.110,Analyte values may be falsely elevated by a factor of 6.8 (discovered by JW-7Jun13)
FMP,FMP05937,FMP05937,Yellow Bay Knob @ Flathead Lake BioStation,TMP03416,,6/10/2009,12/30/1899 9:30:00,0,0,Deposition-Wet,480.8,Legacy_Deposition,Total Phosphorus,TP,16.352,,16.352,,µg/l,Legacy_AutoAnalyzer -- Nutrients,,,,See Field Notes,,QC: 20090611A Spikes: 95.830; 95.796 Reps: 7.329; 7.434; 6.210; 5.545 Knowns: 97.035; 98.501; 97.586; 100.110,
FMP,FMP05945,FMP05945,Yellow Bay Knob @ Flathead Lake BioStation,TMP03416,,6/19/2009,12/30/1899 8:30:00,0,0,Deposition-Wet,509.7,Legacy_Deposition,Total Phosphorus,TP,28.156,,28.156,,µg/l,Legacy_AutoAnalyzer -- Nutrients,,,,See Field Notes,,"QC: 20090625P Spikes: 98.467 Knowns: 105.547, 108.021",
FMP,FMP05954,FMP05954,Yellow Bay Knob @ Flathead Lake BioStation,TMP03416,,6/24/2009,12/30/1899 11:30:00,0,0,Deposition-Wet,1273,Legacy_Deposition,Total Phosphorus,TP,6.905,,6.905,,µg/l,Legacy_AutoAnalyzer -- Nutrients,,,,See Field Notes,,"QC: 20090820P Spikes: 104.077, 93.589, 97.137, 99.028 Reps: 8.314, 8.962; 10.981, 10.981; 4.658, 2.487; 4.886, 4.963 Knowns: 99.792, 86.253, 99.792, 99.353, 100.084",
FMP,FMP05971,FMP05971,Yellow Bay Knob @ Flathead Lake BioStation,TMP03416,,7/15/2009,12/30/1899 10:10:00,0,0,Deposition-Wet,2593.4,Legacy_Deposition,Total Phosphorus,TP,4.468,,4.468,,µg/l,Legacy_AutoAnalyzer -- Nutrients,,,,See Field Notes,,"QC: 20090820P Spikes: 104.077, 93.589, 97.137, 99.028 Reps: 8.314, 8.962; 10.981, 10.981; 4.658, 2.487; 4.886, 4.963 Knowns: 99.792, 86.253, 99.792, 99.353, 100.084",
FMP,FMP05990,FMP05990,Yellow Bay Knob @ Flathead Lake BioStation,TMP03416,,8/18/2009,12/30/1899 10:30:00,0,0,Deposition-Wet,1680.5,Legacy_Deposition,Total Phosphorus,TP,3.22,,3.22,,µg/l,Legacy_AutoAnalyzer -- Nutrients,,,,See Field Notes,,QC: 20090923P Spikes: 107.451; 103.170 Reps: 2.484; 2.772; 3.304; 3.489; 4.526; 4.666 Knowns: 100.000; 100.000; 100.000; 92.237; 100.000,
FMP,FMP06016,FMP06016,Yellow Bay Knob @ Flathead Lake BioStation,TMP03416,,10/1/2009,12/30/1899 12:01:00,0,0,Deposition-Wet,301.3,Legacy_Deposition,Total Phosphorus,TP,32.683,,32.683,,µg/l,Legacy_AutoAnalyzer -- Nutrients,,,,See Field Notes,,QC: 20091215P Spikes: 96.016 Reps: 4.481; 4.481; 4.481; 4.595 Knowns: 101.139; 104.016; 104.200,
FMP,FMP06032,FMP06032,Yellow Bay Knob @ Flathead Lake BioStation,TMP03416,,10/23/2009,12/30/1899 10:05:00,0,0,Deposition-Wet,542.9,Legacy_Deposition,Total Phosphorus,TP,9.613,,9.613,,µg/l,Legacy_AutoAnalyzer -- Nutrients,,,,See Field Notes,,QC: 20091215P Spikes: 96.016 Reps: 4.481; 4.481; 4.481; 4.595 Knowns: 101.139; 104.016; 104.200,
FMP,FMP06034,FMP06034,Yellow Bay Knob @ Flathead Lake BioStation,TMP03416,,10/29/2009,12/30/1899 9:10:00,0,0,Deposition-Wet,1596.4,Legacy_Deposition,Total Phosphorus,TP,4.139,,4.139,,µg/l,Legacy_AutoAnalyzer -- Nutrients,,,,See Field Notes,,QC: 20091215P Spikes: 96.016 Reps: 4.481; 4.481; 4.481; 4.595 Knowns: 101.139; 104.016; 104.200,
FMP,FMP06051,FMP06051,Yellow Bay Knob @ Flathead Lake BioStation,TMP03416,,12/2/2009,12/30/1899 10:30:00,0,0,Deposition-Wet,361,Legacy_Deposition,Total Phosphorus,TP,20.072,,20.072,,µg/l,Legacy_AutoAnalyzer -- Nutrients,,,,See Field Notes,,QC: 20100119P Spikes: 108.322; 104.408; 103.462 Reps: 6.687; 7.045; 7.720; 8.395; 34.450; 35.602 Knowns: 99.656; 100.874; 104.954; 94.499,
FMP,FMP06062,FMP06062,Yellow Bay Knob @ Flathead Lake BioStation,TMP03416,,12/16/2009,12/30/1899 10:30:00,0,0,Deposition-Wet,1056.4,Legacy_Deposition,Total Phosphorus,TP,4.106,,4.106,,µg/l,Legacy_AutoAnalyzer -- Nutrients,,,,See Field Notes,pH meter not working,QC: 20100119P Spikes: 108.322; 104.408; 103.462 Reps: 6.687; 7.045; 7.720; 8.395; 34.450; 35.602 Knowns: 99.656; 100.874; 104.954; 94.499,
FMP,FMP06068,FMP06068,Yellow Bay Knob @ Flathead Lake BioStation,TMP03416,,12/23/2009,12/30/1899 8:30:00,0,0,Deposition-Wet,2229.3,Legacy_Deposition,Total Phosphorus,TP,6.834,,6.834,,µg/l,Legacy_AutoAnalyzer -- Nutrients,,,,See Field Notes,,QC: 20100211P Spikes: 97.290; 97.954 Reps: 7.281; 7.205; 669.977; 661.643; 5.865; 4.847 Knowns: 84.743; 100.000; 100.000; 93.042; 100.000,
FMP,FMP06072,FMP06072,Yellow Bay Knob @ Flathead Lake BioStation,TMP03416,,1/6/2010,12/30/1899 10:30:00,0,0,Deposition-Wet,1930.8,Legacy_Deposition,Total Phosphorus,TP,2.526,,2.526,,µg/l,Legacy_AutoAnalyzer -- Nutrients,,,,See Field Notes,,QC: 20100211P Spikes: 97.290; 97.954 Reps: 7.281; 7.205; 669.977; 661.643; 5.865; 4.847 Knowns: 84.743; 100.000; 100.000; 93.042; 100.000,
FMP,FMP06075,FMP06075,Yellow Bay Knob @ Flathead Lake BioStation,TMP03416,,1/13/2010,12/30/1899 11:00:00,0,0,Deposition-Wet,380.4,Legacy_Deposition,Total Phosphorus,TP,2.527,,2.527,,µg/l,Legacy_AutoAnalyzer -- Nutrients,,,,See Field Notes,,QC: 20100211P Spikes: 97.290; 97.954 Reps: 7.281; 7.205; 669.977; 661.643; 5.865; 4.847 Knowns: 84.743; 100.000; 100.000; 93.042; 100.000,
FMP,FMP06091,FMP06091,Yellow Bay Knob @ Flathead Lake BioStation,TMP03416,,1/27/2010,12/30/1899 10:00:00,0,0,Deposition-Wet,407,Legacy_Deposition,Total Phosphorus,TP,1.789,,1.789,,µg/l,Legacy_AutoAnalyzer -- Nutrients,,,,See Field Notes,,QC: 20100211P Spikes: 97.290; 97.954 Reps: 7.281; 7.205; 669.977; 661.643; 5.865; 4.847 Knowns: 84.743; 100.000; 100.000; 93.042; 100.000,
FMP,FMP06101,FMP06101,Yellow Bay Knob @ Flathead Lake BioStation,TMP03416,,2/4/2010,12/30/1899 9:00:00,0,0,Deposition-Wet,227.6,Legacy_Deposition,Total Phosphorus,TP,665.81,E,665.81,,µg/l,Legacy_AutoAnalyzer -- Nutrients,,,,See Field Notes,,QC: 20100211P Spikes: 97.290; 97.954 Reps: 7.281; 7.205; 669.977; 661.643; 5.865; 4.847 Knowns: 84.743; 100.000; 100.000; 93.042; 100.000,Analyte values may be falsely elevated by a factor of 246 (discovered by JW-7Jun13); except NH4-N which was manually corrected to 79.588
FMP,FMP06110,FMP06110,Yellow Bay Knob @ Flathead Lake BioStation,TMP03416,,2/17/2010,12/30/1899 10:00:00,0,0,Deposition-Wet,723.4,Legacy_Deposition,Total Phosphorus,TP,1.623,,1.623,,µg/l,Legacy_AutoAnalyzer -- Nutrients,,,,See Field Notes,,QC: 20100323P Spikes: 98.771 Reps: 5.558; 4.803 Knowns: 90.367; 101.453; 97.676,
FMP,FMP06126,FMP06126,Yellow Bay Knob @ Flathead Lake BioStation,TMP03416,,3/10/2010,12/30/1899 9:40:00,0,0,Deposition-Wet,1320.7,Legacy_Deposition,Total Phosphorus,TP,1.384,,1.384,,µg/l,Legacy_AutoAnalyzer -- Nutrients,,,,See Field Notes,,QC: 20100323P Spikes: 98.771 Reps: 5.558; 4.803 Knowns: 90.367; 101.453; 97.676,
FMP,FMP06142,FMP06142,Yellow Bay Knob @ Flathead Lake BioStation,TMP03416,,4/2/2010,12/30/1899 10:00:00,0,0,Deposition-Wet,561.7,Legacy_Deposition,Total Phosphorus,TP,21.422,,21.422,,µg/l,Legacy_AutoAnalyzer -- Nutrients,,,,See Field Notes,,QC: 20100420P Spikes: 104.160 Reps: 8.730; 7.587 Knowns: 106.027; 101.637; 93.133,
FMP,FMP06151,FMP06151,Yellow Bay Knob @ Flathead Lake BioStation,TMP03416,,4/16/2010,12/30/1899 11:20:00,0,0,Deposition-Wet,2407.3,Legacy_Deposition,Total Phosphorus,TP,5.38,,5.38,,µg/l,Legacy_AutoAnalyzer -- Nutrients,,,,See Field Notes,,QC: 20100420P Spikes: 104.160 Reps: 8.730; 7.587 Knowns: 106.027; 101.637; 93.133,
FMP,FMP06167,FMP06167,Yellow Bay Knob @ Flathead Lake BioStation,TMP03416,,4/30/2010,12/30/1899 9:00:00,0,0,Deposition-Wet,3589.4,Legacy_Deposition,Total Phosphorus,TP,4.914,,4.914,,µg/l,Legacy_AutoAnalyzer -- Nutrients,,,,See Field Notes,,QC: 20100526P Spikes: 101.654; 105.246; 91.586 Reps: 6.758; 6.873; 7.526; 5.682; 13.132 Knowns: 102.920; 103.215; 91.900; 102.920,
FMP,FMP06178,FMP06178,Yellow Bay Knob @ Flathead Lake BioStation,TMP03416,,5/12/2010,12/30/1899 9:30:00,0,0,Deposition-Wet,522.3,Legacy_Deposition,Total Phosphorus,TP,11.75,,11.75,,µg/l,Legacy_AutoAnalyzer -- Nutrients,,,,See Field Notes,"Bucket in on 30 IV 10 at 0900 hrs; -Starting to warm up, occasional rain, POLLEN in the air; -~3 flies in sample;  filtered through 500 um mesh nitex; ****SNOW COLLECTORS WERE DRY; ****ENDING BULK PRECIP COLLECTION",QC: 20100526P Spikes: 101.654; 105.246; 91.586 Reps: 6.758; 6.873; 7.526; 5.682; 13.132 Knowns: 102.920; 103.215; 91.900; 102.920,
FMP,FMP06184,FMP06184,Yellow Bay Knob @ Flathead Lake BioStation,TMP03416,,5/19/2010,12/30/1899 16:00:00,0,0,Deposition-Wet,777.2,Legacy_Deposition,Total Phosphorus,TP,16.396,,16.396,,µg/l,Legacy_AutoAnalyzer -- Nutrients,,,,See Field Notes,"Bucket in on 12 V 10 at 0930 hrs.; -Warm and dry over the weekend and on Monday, heavy rain showers late-afternoon on Tuesday; dry today; -Sample clean; filtered through 500 micron mesh nitex",QC: 20100526P Spikes: 101.654; 105.246; 91.586 Reps: 6.758; 6.873; 7.526; 5.682; 13.132 Knowns: 102.920; 103.215; 91.900; 102.920,
FMP,FMP06191,FMP06191,Yellow Bay Knob @ Flathead Lake BioStation,TMP03416,,5/26/2010,12/30/1899 14:25:00,0,0,Deposition-Wet,448.4,Legacy_Deposition,Total Phosphorus,TP,9.64,,9.64,,µg/l,Legacy_AutoAnalyzer -- Nutrients,,,,See Field Notes,Bucket in on 19 V 10 @ 1600 hrs.; -Lite debris and POLLEN; filtered through 500 micron mesh nitex; -Some showers over the weekend abd throughout the week; but mostly dry and warm,QC: 20100624P Spikes: 104.589 Reps: 11.571; 12.034 Knowns: 105.715; 103.447,
FMP,FMP06200,FMP06200,Yellow Bay Knob @ Flathead Lake BioStation,TMP03416,,6/2/2010,12/30/1899 14:30:00,0,0,Deposition-Wet,2367,Legacy_Deposition,Total Phosphorus,TP,2.187,,2.187,,µg/l,Legacy_AutoAnalyzer -- Nutrients,,,,See Field Notes,"Bucket in on 26 V 10 @ 1425 hrs.; -Lite debris; filtered through 500 micron mesh nitex; -Heavy rain over the weekend and showers this week; ~1 1/3"" from Friday through Monday.",QC: 20100624P Spikes: 104.589 Reps: 11.571; 12.034 Knowns: 105.715; 103.447,
FMP,FMP06202,FMP06202,Yellow Bay Knob @ Flathead Lake BioStation,TMP03416,,6/7/2010,12/30/1899 10:00:00,0,0,Deposition-Wet,1236.9,Legacy_Deposition,Total Phosphorus,TP,3.539,,3.539,,µg/l,Legacy_AutoAnalyzer -- Nutrients,,,,See Field Notes,"Bucket in on 02 VI 10 @ 1430 hrs.; -Appears clean but lots of POLLEN in the air and on the ground; filtered through 500 micron mesh nitex; ****POLLEN on the filter; -Heavy rain at times over the weekend and the later part of last week; ~1/2"" from Wednesd",QC: 20100624P Spikes: 104.589 Reps: 11.571; 12.034 Knowns: 105.715; 103.447,
FMP,FMP06210,FMP06210,Yellow Bay Knob @ Flathead Lake BioStation,TMP03416,,6/18/2010,12/30/1899 9:30:00,0,0,Deposition-Wet,3850.3,Legacy_Deposition,Total Phosphorus,TP,15.819,,15.819,,µg/l,Legacy_AutoAnalyzer -- Nutrients,,,,See Field Notes,Some rain ~10 days ago; heavy rain the last 2 days; Few beetles and some pollen in sample; Filtered through 500 micron mesh nitex.,QC: 20100624P Spikes: 104.589 Reps: 11.571; 12.034 Knowns: 105.715; 103.447,
FMP,FMP06212,FMP06212,Yellow Bay Knob @ Flathead Lake BioStation,TMP03416,,6/22/2010,12/30/1899 14:30:00,0,0,Deposition-Wet,976.7,Legacy_Deposition,Total Phosphorus,TP,3.925,,3.925,,µg/l,Legacy_AutoAnalyzer -- Nutrients,,,,See Field Notes,"Bucket in on 18 VI 10 at 0930 hrs; -Clean of debris, but filtered through 500 micron mesh nitex; some POLLEN on filter; -Dry over the weekend; began raining Sunday night through Monday; dry Tuesday",QC: 20100624P Spikes: 104.589 Reps: 11.571; 12.034 Knowns: 105.715; 103.447,
FMP,FMP06220,FMP06220,Yellow Bay Knob @ Flathead Lake BioStation,TMP03416,,7/6/2010,12/30/1899 10:00:00,0,0,Deposition-Wet,897,Legacy_Deposition,Total Phosphorus,TP,15.191,,15.191,,µg/l,Legacy_AutoAnalyzer -- Nutrients,,,,See Field Notes,Bucket in 22VI10 @ 1430 hours.  Sample has pollen in it.  Cloudy and cool with scattered rain last 5 days.,QC: 20100720P Reps: 5.424; 5.619 Knowns: 99.428,
FMP,FMP06238,FMP06238,Yellow Bay Knob @ Flathead Lake BioStation,TMP03416,,8/2/2010,12/30/1899 14:00:00,0,0,Deposition-Wet,2233.4,Legacy_Deposition,Total Phosphorus,TP,36.728,,36.728,,µg/l,Legacy_AutoAnalyzer -- Nutrients,,,,See Field Notes,"Bucket in 06VII10 @ 1000 hours.  Partly cloudy last week, thunderstorms last 2 days.  Also scattered light rain over last month (too small to sample).  Few bugs, light debris in sample, filtered hrough 500 um mesh.  Apperars to be some microbial growth on",QC: 20100816P Spikes: 109.196 Reps: 12.662; 12.305 Knowns: 104.021,
FMP,FMP06255,FMP06255,Yellow Bay Knob @ Flathead Lake BioStation,TMP03416,,8/16/2010,12/30/1899 10:15:00,0,0,Deposition-Wet,1019.3,Legacy_Deposition,Total Phosphorus,TP,7.595,,7.595,,µg/l,Legacy_AutoAnalyzer -- Nutrients,,,,See Field Notes,"Bucket in 02VIII10 @ 1000 hours.  Thunderstorms 2-3 days ago, warm with scattered clouds rest of the time.  Very little debris, no bugs, filtered through 500um mesh.",QC: 20100921P Spikes: 92.728 Reps: 11.215; 11.294; 6.179; 6.769 Knowns: 104.250; 99.422; 100.479,
FMP,FMP06265,FMP06265,Yellow Bay Knob @ Flathead Lake BioStation,TMP03416,,8/30/2010,12/30/1899 9:30:00,0,0,Deposition-Wet,1987.9,Legacy_Deposition,Total Phosphorus,TP,9.563,,9.563,,µg/l,Legacy_AutoAnalyzer -- Nutrients,,,,See Field Notes,"Bucket in 16VIII10 @ 1015 hours.  Rain all day yesterday, light dust and 2 midges in sample, filtered through 500um mesh.",QC: 20100921P Spikes: 92.728 Reps: 11.215; 11.294; 6.179; 6.769 Knowns: 104.250; 99.422; 100.479,
FMP,FMP06266,FMP06266,Yellow Bay Knob @ Flathead Lake BioStation,TMP03416,,9/2/2010,12/30/1899 14:00:00,0,0,Deposition-Wet,361.3,Legacy_Deposition,Total Phosphorus,TP,9.169,,9.169,,µg/l,Legacy_AutoAnalyzer -- Nutrients,,,,See Field Notes,"Bucket in 30VIII10 @ 0930 hours.  Scattered rain and thunderstorms last 2 days.  Very clean sample, no bugs or debris, filtered through 500um mesh.",QC: 20100921P Spikes: 92.728 Reps: 11.215; 11.294; 6.179; 6.769 Knowns: 104.250; 99.422; 100.479,
FMP,FMP06269,FMP06269,Yellow Bay Knob @ Flathead Lake BioStation,TMP03416,,9/14/2010,12/30/1899 9:00:00,0,0,Deposition-Wet,964.2,Legacy_Deposition,Total Phosphorus,TP,13.222,,13.222,,µg/l,Legacy_AutoAnalyzer -- Nutrients,,,,See Field Notes,"Bucket in 02IX10 @ 1400 hours.  Cool, mostly cloudy and rainy for last week (sunny yesterday).  Few gnats in sample, filtered through 500um mesh.",QC: 20100921P Spikes: 92.728 Reps: 11.215; 11.294; 6.179; 6.769 Knowns: 104.250; 99.422; 100.479,
FMP,FMP06278,FMP06278,Yellow Bay Knob @ Flathead Lake BioStation,TMP03416,,9/22/2010,12/30/1899 10:30:00,0,0,Deposition-Wet,1468.6,Legacy_Deposition,Total Phosphorus,TP,8.495,,8.495,,µg/l,Legacy_AutoAnalyzer -- Nutrients,,,,See Field Notes,"Bucket in 14IX10 @ 0900 hours.  Cloudy, cool and rainy all last week.  1 midge and light organics in sample, filtered through 500um mesh.",QC: 20101021P Spikes: 91.898; 91.312 Reps: 3.491; 3.712; 4.264; 3.270 Knowns: 97.050; 90.732; 98.461,
FMP,FMP06286,FMP06286,Yellow Bay Knob @ Flathead Lake BioStation,TMP03416,,10/5/2010,12/30/1899 13:00:00,0,0,Deposition-Wet,362,Legacy_Deposition,Total Phosphorus,TP,71.611,,71.611,,µg/l,Legacy_AutoAnalyzer -- Nutrients,,,,See Field Notes,"Bucket in 22IX10 @ 1030 hours.  Heavy rain yesterday.  1 dipteran in sample filtered through 500 um mesh.  Open burning started October 1st, FIRES AT FLBS",QC: 20101021P Spikes: 91.898; 91.312 Reps: 3.491; 3.712; 4.264; 3.270 Knowns: 97.050; 90.732; 98.461,
FMP,FMP06288,FMP06288,Yellow Bay Knob @ Flathead Lake BioStation,TMP03416,,10/12/2010,12/30/1899 10:00:00,0,0,Deposition-Wet,511.6,Legacy_Deposition,Total Phosphorus,TP,5.515,,5.515,,µg/l,Legacy_AutoAnalyzer -- Nutrients,,,,See Field Notes,Bucket in 05X10 @ 1300 hours.  Rain about 4 days ago trace precip yesterday.  Fine organics in sample.  Filtered through 500um mesh.,QC: 20101021P Spikes: 91.898; 91.312 Reps: 3.491; 3.712; 4.264; 3.270 Knowns: 97.050; 90.732; 98.461,
FMP,FMP06303,FMP06303,Yellow Bay Knob @ Flathead Lake BioStation,TMP03416,,10/28/2010,12/30/1899 9:15:00,0,0,Deposition-Wet,1081.2,Legacy_Deposition,Total Phosphorus,TP,7.002,,7.002,,µg/l,Legacy_AutoAnalyzer -- Nutrients,,,,See Field Notes,"Bucket in 12X10 @ 1000 hours.  Cool, rainy and windy last 3 days.  Few organics in sample (no bugs), filtered through 500 um mesh.",QC: 20101118P Spikes: 107.945 Reps: 4.040; 3.797; 10.856; 10.085 Knowns: 99.647; 99.335,
FMP,FMP06305,FMP06305,Yellow Bay Knob @ Flathead Lake BioStation,TMP03416,,11/3/2010,12/30/1899 9:15:00,0,0,Deposition-Wet,235.4,Legacy_Deposition,Total Phosphorus,TP,1.16,,1.16,,µg/l,Legacy_AutoAnalyzer -- Nutrients,,,,See Field Notes,"Bucket in 28X10 @ 0915 hours.  Cool and cloudy all week, rainy 2 and 3 days ago.  Sample pretty clean, filtered through 500um mesh.  *** Not enough sample for pH or yellow bottle (silica, sulfate, chloride).",QC: 20101118P Spikes: 107.945 Reps: 4.040; 3.797; 10.856; 10.085 Knowns: 99.647; 99.335,
FMP,FMP06307,FMP06307,Yellow Bay Knob @ Flathead Lake BioStation,TMP03416,,11/9/2010,12/30/1899 10:00:00,0,0,Deposition-Wet,711.2,Legacy_Deposition,Total Phosphorus,TP,3.949,,3.949,,µg/l,Legacy_AutoAnalyzer -- Nutrients,,,,See Field Notes,"Bucket in 03XI10 @ 0915 hours.  Cold cloudy and rainy most of the week.  One gnat in sample, filtered through 500um mesh.",QC: 20101221P Spikes: 95.431; 97.570 Reps: 4.460; 4.853; 3.477; 3.477; 4.499; 4.342 Knowns: 97.856; 98.157; 99.935; 99.815,
FMP,FMP06321,FMP06321,Yellow Bay Knob @ Flathead Lake BioStation,TMP03416,,11/18/2010,12/30/1899 15:30:00,0,0,Deposition-Wet,2434.3,Legacy_Deposition,Total Phosphorus,TP,4.067,,4.067,,µg/l,Legacy_AutoAnalyzer -- Nutrients,,,,See Field Notes,"Bucket in 09XI10 @ 1000 hours.  Very light organics, filtered through 500um mesh.  Cool, rain, snow, left in cooler over night to thaw.",QC: 20101221P Spikes: 95.431; 97.570 Reps: 4.460; 4.853; 3.477; 3.477; 4.499; 4.342 Knowns: 97.856; 98.157; 99.935; 99.815,
FMP,FMP06324,FMP06324,Yellow Bay Knob @ Flathead Lake BioStation,TMP03416,,12/2/2010,12/30/1899 12:30:00,0,0,Deposition-Wet,2946.5,Legacy_Deposition,Total Phosphorus,TP,1.709,,1.709,,µg/l,Legacy_AutoAnalyzer -- Nutrients,,,,See Field Notes,"Bucket in 18XI10 @ 1230 hours.  Sample full of snow, ice and water.  Left in cooler over night to thaw.  Light particles in sample, filtered through 500um mesh.  Snow all last week, raining today.",QC: 20101221P Spikes: 95.431; 97.570 Reps: 4.460; 4.853; 3.477; 3.477; 4.499; 4.342 Knowns: 97.856; 98.157; 99.935; 99.815,
FMP,FMP06332,FMP06332,Yellow Bay Knob @ Flathead Lake BioStation,TMP03416,,12/15/2010,12/30/1899 9:10:00,0,0,Deposition-Wet,1985,Legacy_Deposition,Total Phosphorus,TP,1.591,,1.591,,µg/l,Legacy_AutoAnalyzer -- Nutrients,,,,See Field Notes,"Bucket in 02XII10 @ 1230 hours.  light organic dust in sample (no ice or snow), filtered through 50oum mesh.  Warm rainy and windy for last week.  Mostly cloudy and windy today.",QC: 20101221P Spikes: 95.431; 97.570 Reps: 4.460; 4.853; 3.477; 3.477; 4.499; 4.342 Knowns: 97.856; 98.157; 99.935; 99.815,
FMP,FMP06344,FMP06344,Yellow Bay Knob @ Flathead Lake BioStation,TMP03416,,1/13/2011,12/30/1899 14:10:00,0,0,Deposition-Wet,2138.7,Legacy_Deposition,Total Phosphorus,TP,14.821,,14.821,,µg/l,Legacy_AutoAnalyzer -- Nutrients,,,,See Field Notes,"Bucket in 22XII10 @ 0900 hours.  Most of the precip from snow turning to rain the last 2 days.  Left in cooler overnight to thaw.  Moderate organics and one pine needle in sample, filtered through 500um mesh.",QC: 20110125P Spikes: 102.849 Reps: 8.287; 8.933 Knowns: 103.717; 97.037,
FMP,FMP06351,FMP06351,Yellow Bay Knob @ Flathead Lake BioStation,TMP03416,,1/19/2011,12/30/1899 11:10:00,0,0,Deposition-Wet,292,Legacy_Deposition,Total Phosphorus,TP,4.145,,4.145,,µg/l,Legacy_AutoAnalyzer -- Nutrients,,,,See Field Notes,"Bucket in 13I11 @ 1410 hours.  Warm (40degF) cloudy and light rain last week, clear and cold (20degF) today.  Sample frozen, thawed in lab for 2 hours.  Light organics in sample, filtered thrugh 500um mesh.  NOT ENOUGH SAMPLE FOR pH.",QC: 20110223P Spikes: 107.615 Reps: 17.767; 15.946 Knowns: 103.048,
FMP,FMP06360,FMP06360,Yellow Bay Knob @ Flathead Lake BioStation,TMP03416,,1/26/2011,12/30/1899 11:00:00,0,0,Deposition-Wet,1225.6,Legacy_Deposition,Total Phosphorus,TP,7.471,,7.471,,µg/l,Legacy_AutoAnalyzer -- Nutrients,,,,See Field Notes,"Bucket in 19I11 @ 1110 hours.  Wet snow fall on 24-25I11, otherwise mild and cloudy.  Very light organics in sample, filtered through 500um mesh.",QC: 20110223P Spikes: 107.615 Reps: 17.767; 15.946 Knowns: 103.048,
FMP,FMP06362,FMP06362,Yellow Bay Knob @ Flathead Lake BioStation,TMP03416,,2/3/2011,12/30/1899 10:15:00,0,0,Deposition-Wet,799.3,Legacy_Deposition,Total Phosphorus,TP,4.858,,4.858,,µg/l,Legacy_AutoAnalyzer -- Nutrients,,,,See Field Notes,,QC: 20110223P Spikes: 107.615 Reps: 17.767; 15.946 Knowns: 103.048,
FMP,FMP06364,FMP06364,Yellow Bay Knob @ Flathead Lake BioStation,TMP03416,,2/11/2011,12/30/1899 8:15:00,0,0,Deposition-Wet,806.8,Legacy_Deposition,Total Phosphorus,TP,6.006,,6.006,,µg/l,Legacy_AutoAnalyzer -- Nutrients,,,,See Field Notes,,QC: 20110223P Spikes: 107.615 Reps: 17.767; 15.946 Knowns: 103.048,
FMP,FMP06366,FMP06366,Yellow Bay Knob @ Flathead Lake BioStation,TMP03416,,2/18/2011,12/30/1899 9:00:00,0,0,Deposition-Wet,1920.8,Legacy_Deposition,Total Phosphorus,TP,1.785,,1.785,,µg/l,Legacy_AutoAnalyzer -- Nutrients,,,,See Field Notes,,QC: 20110331P Spikes: 102.925 Reps: 4.813; 4.526 Knowns: 105.735; 99.880,
FMP,FMP06374,FMP06374,Yellow Bay Knob @ Flathead Lake BioStation,TMP03416,,3/4/2011,12/30/1899 9:15:00,0,0,Deposition-Wet,862.6,Legacy_Deposition,Total Phosphorus,TP,6.122,,6.122,,µg/l,Legacy_AutoAnalyzer -- Nutrients,,,,See Field Notes,"Bucket in 18II11 @ 0900 hours.  Cold, warm, sunny, snowy, windy and calm last 2 weeks.  Very light amount of organics in sample, filtered through 500um mesh.",QC: 20110331P Spikes: 102.925 Reps: 4.813; 4.526 Knowns: 105.735; 99.880,
FMP,FMP06385,FMP06385,Yellow Bay Knob @ Flathead Lake BioStation,TMP03416,,4/1/2011,12/30/1899 9:15:00,0,0,Deposition-Wet,1289.6,Legacy_Deposition,Total Phosphorus,TP,2.837,,2.837,,µg/l,Legacy_AutoAnalyzer -- Nutrients,,,,See Field Notes,"Bucket in 04III11 @ 0915 hours.  Cloudy, cool, some wind and, spitting rainfor last three weeks.  Light rain 2 days ago made up most of the volume.  Very light organics in sample, filtered through 500um mesh.",QC: 20110517P Spikes: 91.630; 92.910 Reps: 3.941; 3.468; 3.665; 3.507 Knowns: 99.456; 103.280; 99.758,
FMP,FMP06387,FMP06387,Yellow Bay Knob @ Flathead Lake BioStation,TMP03416,,4/8/2011,12/30/1899 8:50:00,0,0,Deposition-Wet,1158.9,Legacy_Deposition,Total Phosphorus,TP,1.299,,1.299,,µg/l,Legacy_AutoAnalyzer -- Nutrients,,,,See Field Notes,"Bucket in 01IV11 @ 0915 hours.  Cloudy, cool, rainy, snowy for lst week.  No iice in bucket..  Sample very clean, filtered through 500um mesh.",QC: 20110517P Spikes: 91.630; 92.910 Reps: 3.941; 3.468; 3.665; 3.507 Knowns: 99.456; 103.280; 99.758,
FMP,FMP06396,FMP06396,Yellow Bay Knob @ Flathead Lake BioStation,TMP03416,,4/15/2011,12/30/1899 9:30:00,0,0,Deposition-Wet,812.7,Legacy_Deposition,Total Phosphorus,TP,7.094,,7.094,,µg/l,Legacy_AutoAnalyzer -- Nutrients,,,,See Field Notes,"Bucket in 08IV11 @ 0830 hours.  Mix of sun, clouds and rain for last week.  Light organics and one midges in sample. Filtered through 500um mesh.",QC: 20110517P Spikes: 91.630; 92.910 Reps: 3.941; 3.468; 3.665; 3.507 Knowns: 99.456; 103.280; 99.758,
FMP,FMP06404,FMP06404,Yellow Bay Knob @ Flathead Lake BioStation,TMP03416,,4/22/2011,12/30/1899 14:00:00,0,0,Deposition-Wet,688.7,Legacy_Deposition,Total Phosphorus,TP,4.138,,4.138,,µg/l,Legacy_AutoAnalyzer -- Nutrients,,,,See Field Notes,"Bucket in 15IV11 @ 0930 hours.  Sunny, cloudy, cool, rainy, snowy for last week.  Light organics in sample, filtered through 500um mesh.",QC: 20110517P Spikes: 91.630; 92.910 Reps: 3.941; 3.468; 3.665; 3.507 Knowns: 99.456; 103.280; 99.758,
FMP,FMP06406,FMP06406,Yellow Bay Knob @ Flathead Lake BioStation,TMP03416,,4/30/2011,12/30/1899 9:30:00,0,0,Deposition-Wet,1126.8,Legacy_Deposition,Total Phosphorus,TP,3.586,,3.586,,µg/l,Legacy_AutoAnalyzer -- Nutrients,,,,See Field Notes,"Bucket in 22IV11 @ 1400 hours.  Cloudy, cool, rainy, snowy for last week.  One midge and light organics in sample, filtered through 500um mesh.",QC: 20110517P Spikes: 91.630; 92.910 Reps: 3.941; 3.468; 3.665; 3.507 Knowns: 99.456; 103.280; 99.758,
FMP,FMP06424,FMP06424,Yellow Bay Knob @ Flathead Lake BioStation,TMP03416,,5/17/2011,12/30/1899 11:00:00,0,0,Deposition-Wet,671.4,Legacy_Deposition,Total Phosphorus,TP,51.48,,51.48,,µg/l,Legacy_AutoAnalyzer -- Nutrients,,,,See Field Notes,"Bucket in 30IV11 @ 0930hrs.  Very high winds last 3 days.  Lots of fine organics and a few small flies in sample, filtered through 500um mesh.  **Cover Stuck 1/2 way between buckets.  Moves from wet to dry fine, but only returns 1/2 way to cover Wet bucke",QC: 20110622P Reps: 14.788; 14.426; 6.185; 7.543 Knowns: 104.793; 99.491; 100.279,
FMP,FMP06434,FMP06434,Yellow Bay Knob @ Flathead Lake BioStation,TMP03416,,6/4/2011,12/30/1899 11:30:00,0,0,Deposition-Wet,2284.6,Legacy_Deposition,Total Phosphorus,TP,2.563,,2.563,,µg/l,Legacy_AutoAnalyzer -- Nutrients,,,,See Field Notes,"Bucket in 17V11 @ 1100 hours.  Rainy all week, ended last night, warm and sunn today.  Still had a few problems with collector not closing during rain event (some rain water in DRY sample bucket).  Changed batterie again (voltage = 0.00 on old battery).",QC: 20110622P Reps: 14.788; 14.426; 6.185; 7.543 Knowns: 104.793; 99.491; 100.279,
FMP,FMP06445,FMP06445,Yellow Bay Knob @ Flathead Lake BioStation,TMP03416,,6/11/2011,12/30/1899 10:30:00,0,0,Deposition-Wet,1546.4,Legacy_Deposition,Total Phosphorus,TP,3.876,,3.876,,µg/l,Legacy_AutoAnalyzer -- Nutrients,,,,See Field Notes,"Bucket in 04VI11 @ 1130 hours.  Rainy, warm, sunny mix for last week. Very clean sample, still filtered through 500um mesh.",QC: 20110622P Reps: 14.788; 14.426; 6.185; 7.543 Knowns: 104.793; 99.491; 100.279,
FMP,FMP06451,FMP06451,Yellow Bay Knob @ Flathead Lake BioStation,TMP03416,,6/14/2011,12/30/1899 9:15:00,0,0,Deposition-Wet,1148.8,Legacy_Deposition,Total Phosphorus,TP,15.331,,15.331,,µg/l,Legacy_AutoAnalyzer -- Nutrients,,,,See Field Notes,"Bucket in 11VI11 @ 1030 hours.  Cool, rainy and windy last 3 days. Clearing today.   Light organics and some pollen  in sample.  Filtered through 500um mesh.  Lid working properly.",QC: 20110622P Reps: 14.788; 14.426; 6.185; 7.543 Knowns: 104.793; 99.491; 100.279,
FMP,FMP06453,FMP06453,Yellow Bay Knob @ Flathead Lake BioStation,TMP03416,,6/21/2011,12/30/1899 9:15:08,0,0,Deposition-Wet,826,Legacy_Deposition,Total Phosphorus,TP,11.437,,11.437,,µg/l,Legacy_AutoAnalyzer -- Nutrients,,,,See Field Notes,"Bucket in 14VI11 @ 0915 hours.  Cool, rainy andcloudy for last week. Light organics in sample.  Filtered through 500um mesh.",QC: 20110622P Reps: 14.788; 14.426; 6.185; 7.543 Knowns: 104.793; 99.491; 100.279,
FMP,FMP06460,FMP06460,Yellow Bay Knob @ Flathead Lake BioStation,TMP03416,,6/30/2011,12/30/1899 9:30:00,0,0,Deposition-Wet,344.1,Legacy_Deposition,Total Phosphorus,TP,40.748,,40.748,,µg/l,Legacy_AutoAnalyzer -- Nutrients,,,,See Field Notes,"Bucket in 21VI11 @ 0915 hours.  Warm and sunny last week and most of this week.  Rain and thunderstorms last night.  Lite organics in sample, filtered through 500um mesh.  High winds at times as well, pollen on filter.  NOT ENOUGH SAMPLE FOR pH.",QC: 20110802P Spikes: 101.723; 103.952 Reps: 7.672; 7.761; 8.162; 13.061 Knowns: 103.193; 105.187; 101.656,
FMP,FMP06476,FMP06476,Yellow Bay Knob @ Flathead Lake BioStation,TMP03416,,7/15/2011,12/30/1899 9:30:00,0,0,Deposition-Wet,1121.5,Legacy_Deposition,Total Phosphorus,TP,31.277,,31.277,,µg/l,Legacy_AutoAnalyzer -- Nutrients,,,,See Field Notes,Bucket in30VI11 @ 0930 hours.  Few gnats and lots of pollen in sample.  Filtered through 500um mesh.  Sunny with thunderstorms for last week.,QC: 20110802P Spikes: 101.723; 103.952 Reps: 7.672; 7.761; 8.162; 13.061 Knowns: 103.193; 105.187; 101.656,
FMP,FMP06478,FMP06478,Yellow Bay Knob @ Flathead Lake BioStation,TMP03416,,7/22/2011,12/30/1899 9:45:00,0,0,Deposition-Wet,1155.9,Legacy_Deposition,Total Phosphorus,TP,18.049,,18.049,,µg/l,Legacy_AutoAnalyzer -- Nutrients,,,,See Field Notes,"Bucket in 15VII11 @ 0930 hours.  Mostly sunny with some wind and two thunderstorms last week.  Lots of large organic material in sample (pine needles etc.), filtered through 500um mesh.",QC: 20110802P Spikes: 101.723; 103.952 Reps: 7.672; 7.761; 8.162; 13.061 Knowns: 103.193; 105.187; 101.656,
FMP,FMP06518,FMP06518,Yellow Bay Knob @ Flathead Lake BioStation,TMP03416,,9/2/2011,12/30/1899 8:30:00,0,0,Deposition-Wet,1196,Legacy_Deposition,Total Phosphorus,TP,12.634,,12.634,,µg/l,Legacy_AutoAnalyzer -- Nutrients,,,,See Field Notes,"Bucket in 22VII11 @ 0945 hours.  Some sun, wind and rain over last week.  Moderate amount of fine organics in sample, filtered through 500 um mesh.",QC: 20110920P Spikes: 98.527; 98.776 Reps: 4.095; 4.095; 6.138; 6.563 Knowns: 98.106; 101.533; 104.753,
FMP,FMP06535,FMP06535,Yellow Bay Knob @ Flathead Lake BioStation,TMP03416,,9/22/2011,12/30/1899 9:10:00,0,0,Deposition-Wet,1271.8,Legacy_Deposition,Total Phosphorus,TP,7.33,,7.33,,µg/l,Legacy_AutoAnalyzer -- Nutrients,,,,See Field Notes,"Bucket in 02IX11 @ 0830 hours.  Mix of clouds, rain, wind and sun (rain on 19IX11).  Slight fine organics in sample.  Filtered through 500um mesh.",QC: 20111018P Spikes: 101.495 Reps: 4.758; 4.944 Knowns: 110.543; 100.000,
FMP,FMP06538,FMP06538,Yellow Bay Knob @ Flathead Lake BioStation,TMP03416,,10/6/2011,12/30/1899 13:40:00,0,0,Deposition-Wet,1810.8,Legacy_Deposition,Total Phosphorus,TP,14.302,,14.302,,µg/l,Legacy_AutoAnalyzer -- Nutrients,,,,See Field Notes,"Bucket in 22IX11 @ 0910 hours. Mix of clouds, rain and wind. Light organics in sample, filtered through 500um mesh.",QC: 20111115P Spikes: 106.044; 97.503 Reps: 3.106; 2.777; 2.695; 2.654 Knowns: 99.463; 99.535; 99.398,
FMP,FMP06546,FMP06546,Yellow Bay Knob @ Flathead Lake BioStation,TMP03416,,10/14/2011,12/30/1899 9:00:00,0,0,Deposition-Wet,2731.1,Legacy_Deposition,Total Phosphorus,TP,1.831,,1.831,,µg/l,Legacy_AutoAnalyzer -- Nutrients,,,,See Field Notes,"Bucket in 06X11 @ 1340 hours.  Rain, wind, clous and sun for last week.  Midges and light conifer debris in sample, filtered through 500 um mesh.",QC: 20111115P Spikes: 106.044; 97.503 Reps: 3.106; 2.777; 2.695; 2.654 Knowns: 99.463; 99.535; 99.398,
FMP,FMP06555,FMP06555,Yellow Bay Knob @ Flathead Lake BioStation,TMP03416,,10/20/2011,12/30/1899 14:00:00,0,0,Deposition-Wet,790,Legacy_Deposition,Total Phosphorus,TP,1.995,,1.995,,µg/l,Legacy_AutoAnalyzer -- Nutrients,,,,See Field Notes,"Bucket in 14X11 @ 0900 hours.  Cloudy, rainy and cool for last week.  Sample very clean, filtered through 500um mesh.",QC: 20111115P Spikes: 106.044; 97.503 Reps: 3.106; 2.777; 2.695; 2.654 Knowns: 99.463; 99.535; 99.398,
FMP,FMP06573,FMP06573,Yellow Bay Knob @ Flathead Lake BioStation,TMP03416,,11/28/2011,12/30/1899 13:10:00,0,0,Deposition-Wet,824,Legacy_Deposition,Total Phosphorus,TP,20.299,,20.299,,µg/l,Legacy_AutoAnalyzer -- Nutrients,,,,See Field Notes,"Bucket in 20X11 @ 1400 hours.  Light scattered rain and snow for last month, finally enough to sample.  Moderate organics in sample, filtered through 500um mesh.",QC: 20111228P Spikes: 90.191 Reps: 3.918; 3.998 Knowns: 105.831; 94.631,
FMP,FMP06589,FMP06589,Yellow Bay Knob @ Flathead Lake BioStation,TMP03416,,1/3/2012,12/30/1899 9:30:00,0,0,Deposition-Wet,698.3,Legacy_Deposition,Total Phosphorus,TP,13.69,,13.69,,µg/l,Legacy_AutoAnalyzer -- Nutrients,,,,See Field Notes,"Bucket in 28XI11 @ 1310 hours.  Jim Craft on vacation and no one collected precip while I was gone.  Light organics in bucket,poured through 500 um mesh .  Weather appears to have been rather mild last 2 weeks (no snow on ground ~ 35 DegF).",QC: 20120125A Reps: 5.469; 5.122 Knowns: 103.183; 105.113,
FMP,FMP06596,FMP06596,Yellow Bay Knob @ Flathead Lake BioStation,TMP03416,,1/20/2012,12/30/1899 11:15:00,0,0,Deposition-Wet,1729.1,Legacy_Deposition,Total Phosphorus,TP,8.368,,8.368,,µg/l,Legacy_AutoAnalyzer -- Nutrients,,,,See Field Notes,"Bucket in on 03 I 2012 at 0930 hrs.; -Major snow stomr started Tuesday night and continued pretty non-stop till this morning ~12-16"" of snow and the bucket was completely full.; -Having issues With contamination of DI water so we left the dry bucket and",QC: 20120125A Reps: 5.469; 5.122 Knowns: 103.183; 105.113,
FMP,FMP06610,FMP06610,Yellow Bay Knob @ Flathead Lake BioStation,TMP03416,,2/15/2012,12/30/1899 16:15:00,0,0,Deposition-Wet,1386.2,Legacy_Deposition,Total Phosphorus,TP,17.264,,17.264,,µg/l,Legacy_AutoAnalyzer -- Nutrients,,,,See Field Notes,Snow collector in on 20 I 2012 @ 1115 hrs.; -Bucket put back in LODA collector for wet precip; -Sample frozen placed in cooler overnight to thaw; -Trace snow and rain until last weekend; then we had enough to collect wet precip sample. Lite to moderate w,QC: 20120321P Spikes: 94.233; 93.360 Reps: 5.482; 6.476; 3.140; 2.998 Knowns: 100.603; 95.399,
FMP,FMP06618,FMP06618,Yellow Bay Knob @ Flathead Lake BioStation,TMP03416,,2/29/2012,12/30/1899 11:30:00,0,0,Deposition-Wet,1013.8,Legacy_Deposition,Total Phosphorus,TP,1.65,,1.65,,µg/l,Legacy_AutoAnalyzer -- Nutrients,,,,See Field Notes,Bucket in on 15 II 12 at 1615 hrs; -Trace snow/rain at times prior to 1-3 inches of snow Friday-Sunday of last week; then trace snow Monday and Tuesday; Forecast is for more snow this week and through the weekend.; -Lite debris; Filtered through 500 um m,QC: 20120321P Spikes: 94.233; 93.360 Reps: 5.482; 6.476; 3.140; 2.998 Knowns: 100.603; 95.399,
FMP,FMP06636,FMP06636,Yellow Bay Knob @ Flathead Lake BioStation,TMP03416,,3/22/2012,12/30/1899 10:30:00,0,0,Deposition-Wet,2648.9,Legacy_Deposition,Total Phosphorus,TP,8,,8,,µg/L-P,Legacy_MurdochTransition,,,,See Field Notes,Bucket in on 29 II 2012 at 1130 hrs.; -High windstorms; lots of rain and snow this week and last week. Freeze thaw cycles; lite debris flitered through 500 um mesh nitex,,
FMP,FMP06652,FMP06652,Yellow Bay Knob @ Flathead Lake BioStation,TMP03416,,4/4/2012,12/30/1899 14:00:00,0,0,Deposition-Wet,1252.3,Legacy_Deposition,Total Phosphorus,TP,5.1,,5.1,,µg/L-P,Legacy_MurdochTransition,,,,See Field Notes,"Bucket in 22III12 @ 1030 hours.  High winds at times with rain storms.  Warmer weather last 4 days.  Moderate organics in sample, filtered through 500um mesh.",,
FMP,FMP06662,FMP06662,Yellow Bay Knob @ Flathead Lake BioStation,TMP03416,,4/19/2012,12/30/1899 11:00:00,0,0,Deposition-Wet,1958.3,Legacy_Deposition,Total Phosphorus,TP,2.3,,2.3,,µg/L-P,Legacy_MurdochTransition,,,,See Field Notes,"Bucket in 04IV12 @ 1400 hours.  Moderate to high winds at times with heavy rain and snow showers.  Warm day time temps, but still fairly cold nights.  No debris in sample, filtered through 500 um mesh anyway.  SPILT about 10g of sample while filtering (ad",,
FMP,FMP06671,FMP06671,Yellow Bay Knob @ Flathead Lake BioStation,TMP03416,,4/27/2012,12/30/1899 9:30:00,0,0,Deposition-Wet,1171.1,Legacy_Deposition,Total Phosphorus,TP,13.3,,13.3,,µg/L-P,Legacy_MurdochTransition,,,,See Field Notes,"Bucket in on 19IV12 at 1100 hours; -windy, warm, scattered heavy rain for the last week.; -very light organics in sample, filtereed through 500 um mesh nitex",,
FMP,FMP06673,FMP06673,Yellow Bay Knob @ Flathead Lake BioStation,TMP03416,,5/3/2012,12/30/1899 9:55:00,0,0,Deposition-Wet,656.8,Legacy_Deposition,Total Phosphorus,TP,37.6,,37.6,,µg/L-P,Legacy_MurdochTransition,,,,See Field Notes,Bucket in on 27 IV 12 at 0930 hrs.; -Windy at times with warm days over the weekend; cold nights turning to colder weather this week with rain stormsl.; -Lite organics; filtered through 500 um mesh nitex.,,
FMP,FMP06763,FMP06763,Yellow Bay Knob @ Flathead Lake BioStation,TMP03416,,5/25/2012,12/30/1899 10:00:00,0,0,Deposition-Wet,1622.6,Legacy_Deposition,Total Phosphorus,TP,6.1,,6.1,,µg/L-P,Legacy_MurdochTransition,,,,See Field Notes,"Bucket in on 3 V 12 at 0955 hrs. ; -Rain and wind all week. Pollen heavy in the air; -Light organics in sample, filtered through 500 um mesh",,
FMP,FMP06779,FMP06779,Yellow Bay Knob @ Flathead Lake BioStation,TMP03416,,6/1/2012,12/30/1899 9:00:00,0,0,Deposition-Wet,1941,Legacy_Deposition,Total Phosphorus,TP,2.4,,2.4,,µg/L-P,Legacy_MurdochTransition,,,,See Field Notes,Bucket in on 25 V 12 atr 1000hrs. ; -Lots of rain last six days; high winds at times; cooler weather ; -Moderate debris but small size; filtered through 500 um mesh nitex.,,
FMP,FMP06787,FMP06787,Yellow Bay Knob @ Flathead Lake BioStation,TMP03416,,6/9/2012,12/30/1899 9:30:00,0,0,Deposition-Wet,3478.4,Legacy_Deposition,Total Phosphorus,TP,9.4,,9.4,,µg/L-P,Legacy_MurdochTransition,,,,See Field Notes,"Bucket in on 01 VI 12 at 0900 hrs. ; -Rainy, cool, moderate wind for the last week. Light organics in sample. Filtered through 500 um mesh.",,
FMP,FMP06805,FMP06805,Yellow Bay Knob @ Flathead Lake BioStation,TMP03416,,6/13/2012,12/30/1899 10:30:00,0,0,Deposition-Wet,2286.3,Legacy_Deposition,Total Phosphorus,TP,8.9,,8.9,,µg/L-P,Legacy_MurdochTransition,,,,See Field Notes,Bucket in on 09 VI 12 at 0930 hrs.; -Lite organics in sample with some pollen; Filtered through 500 um mesh ; -High winds at times over the weekend and rain; Sunny Monday and part of Tuesday.,,
FMP,FMP06813,FMP06813,Yellow Bay Knob @ Flathead Lake BioStation,TMP03416,,6/21/2012,12/30/1899 11:30:00,0,0,Deposition-Wet,835.4,Legacy_Deposition,Total Phosphorus,TP,24.1,,24.1,,µg/L-P,Legacy_MurdochTransition,,,,See Field Notes,Bucket in on 13 VI 12 at 1030 hrs.; -Lite organics; filtered through 500 um mesh nitex; -High winds and showers at times; Warm and sunny last two days,,
FMP,FMP06824,FMP06824,Yellow Bay Knob @ Flathead Lake BioStation,TMP03416,,7/5/2012,12/30/1899 13:30:00,0,0,Deposition-Wet,2049.6,Legacy_Deposition,Total Phosphorus,TP,14.8,,14.8,,µg/L-P,Legacy_MurdochTransition,,,,See Field Notes,Bucket in on 21 VI 12 at 1130 hrs. ; -Lite organics in the sample; filtered through 500 um mesh nitex.; -Heavy winds coupled with thunder and rainstorms at times that provided current sample; Moistly dry with warm sunny weather,,
FMP,FMP06837,FMP06837,Yellow Bay Knob @ Flathead Lake BioStation,TMP03416,,7/19/2012,12/30/1899 9:30:00,0,0,Deposition-Wet,1525.2,Legacy_Deposition,Total Phosphorus,TP,10.6,,10.6,,µg/L-P,Legacy_MurdochTransition,,,,See Field Notes,Bucket in 05 VII 12 at 1330 hrs.; -Very light organics in sample; filtered through 500 um mesh; -Heavy rain all day on 15 VII 12. ; -Hazy for past 2 weeks; ***Cover stuck over the dry bucket.;,,
FMP,FMP06864,FMP06864,Yellow Bay Knob @ Flathead Lake BioStation,TMP03416,,8/3/2012,12/30/1899 10:05:00,0,0,Deposition-Wet,1010.77,Legacy_Deposition,Total Phosphorus,TP,13.5,,13.5,,µg/L-P,Legacy_MurdochTransition,,,,See Field Notes,"Bucket in 19VII12 @ 0930 hours.  Heavy rain last night.  Light organics in sample, filtered through 500um mesh.; Bucket in 19VII12 @ 0930 hours.  Heavy rain last night.  Light organics in sample, filtered through 500um mesh.  Collected and filtered by Phil Matson.",,
FMP,FMP07163,FMP07163,Yellow Bay Knob @ Flathead Lake BioStation,TMP03416,,3/4/2013,12/30/1899 9:15:00,0,0,Deposition-Wet,425.7,Legacy_Deposition,Total Phosphorus,TP,7,,7,,µg/L-P,Legacy_MurdochTransition,,,,See Field Notes,"****Bucket in on 04 III 13 at 0920 hrs. Prior to LODA bucket snow collectors were in on 28 I 13 @ 0815 hrs.; however, no precip was collected/accumulated for bulk snow collectors so wet precip can be back dated to the last bulk collection.; ; -High to mo",,
FMP,FMP07175,FMP07175,Yellow Bay Knob @ Flathead Lake BioStation,TMP03416,,3/19/2013,12/30/1899 10:30:00,0,0,Deposition-Wet,432.6,Legacy_Deposition,Total Phosphorus,TP,4.7,,4.7,,µg/L-P,Legacy_MurdochTransition,,,,See Field Notes,Bucket in on 04 III 2013 @ 0915 hrs; -Moderate to high winds; rain showers and snow flurries at times during the week and over the weekend. Warmer temperatures last week followed by cold snap Sunday and Monday.; -lite debris in the sample; but filtered t,,
FMP,FMP07177,FMP07177,Yellow Bay Knob @ Flathead Lake BioStation,TMP03416,,3/26/2013,12/30/1899 9:15:00,0,0,Deposition-Wet,773.7,Legacy_Deposition,Total Phosphorus,TP,2.2,,2.2,,µg/L-P,Legacy_MurdochTransition,,,,See Field Notes,Bucket in on 19 III 13 @ 1030 hrs.; -Moderate to high winds at times; warmer temperatures on sunday through today. Snow/rain on Friday and Saturday of last week. ; -Lite debris in the sample; filtered through 500 um mesh nitex.,,
FMP,FMP07202,FMP07202,Yellow Bay Knob @ Flathead Lake BioStation,TMP03416,,4/11/2013,12/30/1899 15:30:00,0,0,Deposition-Wet,523.3,Legacy_Deposition,Total Phosphorus,TP,6.1,,6.1,,µg/L-P,Legacy_MurdochTransition,,,,See Field Notes,Bucket in on 26 III 13 at 0915 hrs.; -Cold over the weekend; Warm last week and warmer days with cool nights this week; some intermittent rain and snow. High winds at times ; -Lite debris; filter through 500 um mesh nitex; ****TT filtered water in yellow,,
FMP,FMP07204,FMP07204,Yellow Bay Knob @ Flathead Lake BioStation,TMP03416,,4/17/2013,12/30/1899 10:00:00,0,0,Deposition-Wet,745.8,Legacy_Deposition,Total Phosphorus,TP,4.2,,4.2,,µg/L-P,Legacy_MurdochTransition,,,,See Field Notes,"Bucket in on 11 IV 13 at 1530 hrs. ; -High winds over the weekend and earlier this week. Rain/sleet/snow Saturday and ~6"" of snow on Sunday. All melted by Monday. lite debris; filtered through 500 um mesh nitex.; ***Bottle with yellow label is filtered b",,
FMP,FMP07206,FMP07206,Yellow Bay Knob @ Flathead Lake BioStation,TMP03416,,4/24/2013,12/30/1899 9:30:00,0,0,Deposition-Wet,1158.1,Legacy_Deposition,Total Phosphorus,TP,2.5,,2.5,,µg/L-P,Legacy_MurdochTransition,,,,See Field Notes,"Bucket in 17IV13 @ 1000 hours.  Moderate winds with some rain and snow on 20 and 21 IV13.  Warmer days alst 2 days, but still freezing at night.  Light debris in sample filtered through 500um mesh.",,
FMP,FMP07315,FMP07315,Yellow Bay Knob @ Flathead Lake BioStation,TMP03416,,5/21/2013,12/30/1899 11:00:00,0,0,Deposition-Wet,478.2,Legacy_Deposition,Total Phosphorus,TP,22.1,,22.1,,µg/L-P,Legacy_MurdochTransition,,,,See Field Notes,"Bucket in 24IV13 @ 0930 hours.  High winds at times and warmer.  Trace precip until 3-4 days ago when it rained.  Moderate debris and 1 flying ant in sample, filtered through 500um mesh.",,
FMP,FMP07331,FMP07331,Yellow Bay Knob @ Flathead Lake BioStation,TMP03416,,5/30/2013,12/30/1899 11:30:00,0,0,Deposition-Wet,3756.2,Legacy_Deposition,Total Phosphorus,TP,19,,19,,µg/L-P,Legacy_MurdochTransition,,,,See Field Notes,"Bucket in 21V13 @ 1100 hours.  LODA COLLECTOR acting up on 21-23 V13, seen working on 25V13.  Cover staying on dry side for extended periods.  High winds and rain for last week.  Warrmer temperatures.  Pollen and moderate debris in sample, filtered throug",,
FMP,FMP07356,FMP07356,Yellow Bay Knob @ Flathead Lake BioStation,TMP03416,,6/13/2013,12/30/1899 16:00:00,0,0,Deposition-Wet,790.5,Legacy_Deposition,Total Phosphorus,TP,15.3,,15.3,,µg/L-P,Legacy_MurdochTransition,,,,See Field Notes,"Bucket in 30V13 @ 1130 hours.  Warm with a few rain showers for last week.  Light debris in sample, filtered through 500um mesh.",,
FMP,FMP07365,FMP07365,Yellow Bay Knob @ Flathead Lake BioStation,TMP03416,,6/21/2013,12/30/1899 15:15:00,0,0,Deposition-Wet,2267.2,Legacy_Deposition,Total Phosphorus,TP,27.4,,27.4,,µg/L-P,Legacy_MurdochTransition,,,,See Field Notes,"Bucket in 13VI13 @ 1600 hours.  Moderate wind all week, heavy steady rain last 2 days.  Light organic debris in sample. filtered through 500 um mesh.  LODA repaired 18VI13.",,
FMP,FMP07488,FMP07488,Yellow Bay Knob @ Flathead Lake BioStation,TMP03416,,8/6/2013,12/30/1899 12:45:00,0,0,Deposition-Wet,1794.2,Legacy_Deposition,Total Phosphorus,TP,7.5,,7.5,,µg/L-P,Legacy_MurdochTransition,,,,See Field Notes,"Bucket in 21VI13 @ 1515 hours.  First real rain in a month.  Rain all day on 02VIII13.  Hail storm on 05VIII13. Hot, sunny, warm for last month.  Light organic debris in sample, filtered through 500um mesh.  ***Bubbles formed on water surface when agiated",,
FMP,FMP07527,FMP07527,Yellow Bay Knob @ Flathead Lake BioStation,TMP03416,,8/29/2013,12/30/1899 15:15:00,0,0,Deposition-Wet,350.9,Legacy_Deposition,Total Phosphorus,TP,22.8,,22.8,,µg/L-P,Legacy_MurdochTransition,,,,See Field Notes,Bucket in on 06VIII13 at 1245 hrs.; -Lite organics; filtered through 500 um mesh nitex; -Haze from fires; noticable soot on the filter; -Sunny and hot; rain andn thunderstorms with high winds.,,
FMP,FMP07537,FMP07537,Yellow Bay Knob @ Flathead Lake BioStation,TMP03416,,9/9/2013,12/30/1899 9:00:00,0,0,Deposition-Wet,1082.4,Legacy_Deposition,Total Phosphorus,TP,7.8,,7.8,,µg/L-P,Legacy_MurdochTransition,,,,See Field Notes,Bucket in on 29VIII13 at 1515 hrs.; -Occasional trace precip last 2 weeks. Rain and thunderstorms all day yesterday with some hail. cleared out the smokey skies.; Very light organics in the sample; filtered through 500 um mesh.,,
FMP,FMP07557,FMP07557,Yellow Bay Knob @ Flathead Lake BioStation,TMP03416,,9/20/2013,12/30/1899 10:00:00,0,0,Deposition-Wet,3576.3,Legacy_Deposition,Total Phosphorus,TP,4.9,,4.9,,µg/L-P,Legacy_MurdochTransition,,,,See Field Notes,Bucket in on 09 IX 13 @ 0900 hrs.; -High winds and rain/thunderstorms Tuesday night and Wednesday. Overcastt to sunny yesterday.; -Lite organics in the sample; filtered through 500 um mesh.,,
FMP,FMP07564,FMP07564,Yellow Bay Knob @ Flathead Lake BioStation,TMP03416,,9/26/2013,12/30/1899 16:30:00,0,0,Deposition-Wet,1198.3,Legacy_Deposition,Total Phosphorus,TP,2.3,,2.3,,µg/L-P,Legacy_MurdochTransition,,,,See Field Notes,Bucket in on 20IX13 @1000 hrs.; -High winds at times with some rain until Tuesday and Wednesday where it rained both days. High winds and overcast today.; -Lite organics; filtered through 500 um mesh.,,
FMP,FMP07594,FMP07594,Yellow Bay Knob @ Flathead Lake BioStation,TMP03416,,10/9/2013,12/30/1899 11:00:00,0,0,Deposition-Wet,362.2,Legacy_Deposition,Total Phosphorus,TP,2.2,,2.2,,µg/L-P,Legacy_MurdochTransition,,,,See Field Notes,"Bucket in 26IX13 @ 1630 hours.  SUnny to overcast with high to moderate winds last week.  Colder in the evenings with our first frost last week.  No visible organics in sample, still filtered through 500um mesh.",,
FMP,FMP07658,FMP07658,Yellow Bay Knob @ Flathead Lake BioStation,TMP03416,,11/8/2013,12/30/1899 10:45:00,0,0,Deposition-Wet,1210.7,Legacy_Deposition,Total Phosphorus,TP,1.8,<,1.8,,µg/L-P,Legacy_MurdochTransition,,,,See Field Notes,"Bucket in on 09 XI 13 at 1100 hrs.; -Cloudy, Windy, scattered rain and snow showers all week.; -No visible debris in the sample, filtered through 500 um mesh.",,
FMP,FMP07674,FMP07674,Yellow Bay Knob @ Flathead Lake BioStation,TMP03416,,11/21/2013,12/30/1899 9:15:00,0,0,Deposition-Wet,510.6,Legacy_Deposition,Total Phosphorus,TP,1.8,<,1.8,,µg/L-P,Legacy_MurdochTransition,,,,See Field Notes,Bucket in on 08 XI 13 1045 hrs.; -Overcast to sunny. Colder temperatures on and off with snow and rain showers and moderate to high winds. ; -Lite organics; filtered through 500 um mesh nitex.,,
FMP,FMP07677,FMP07677,Yellow Bay Knob @ Flathead Lake BioStation,TMP03416,,12/4/2013,12/30/1899 9:00:00,0,0,Deposition-Wet,714,Legacy_Deposition,Total Phosphorus,TP,1.8,<,1.8,,µg/L-P,Legacy_MurdochTransition,,,,See Field Notes,"Bucket in on 21 XI 13 @ 0915 hrs. ; -Overcast to sunny; Rain/snow Saturday on and off and rain all day Sunday; Heaviest snow Monday 2-2.5"". Cold temperatures down to ~-6 degrees F. Cold front to last all week.; -Sample Frozen allowed to thaw overnight in",,
FMP,FMP07679,FMP07679,Yellow Bay Knob @ Flathead Lake BioStation,TMP03416,,12/11/2013,12/30/1899 2:00:00,0,0,Deposition-Wet,840.2,Legacy_Deposition,Total Phosphorus,TP,1.8,<,1.8,,µg/L-P,Legacy_MurdochTransition,,,,See Field Notes,Bucket in on 04 XI 13 @ 0900 hrs.; -Heavy snow Monday and Tuesday; High winds at times; Cold last week with temperatures in the (-) or single digits. Weather is now overcast and at or slightly above freezing.; -Lite debris in sample filtered through 500,,
FMP,FMP07694,FMP07694,Yellow Bay Knob @ Flathead Lake BioStation,TMP03416,,12/26/2013,12/30/1899 11:15:00,0,0,Deposition-Wet,0,Legacy_Deposition,Total Phosphorus,TP,2,,2,,µg/L-P,Legacy_MurdochTransition,,,,See Field Notes,,,
FMP,14093002,14093002-02,Yellow Bay Knob @ Flathead Lake BioStation,TMP03416,FMP07697,1/9/2014,12/30/1899 9:15:00,,,Deposition-Wet,972.6,Deposition,Total Phosphorus,TP,3.8,,3.8,,µg/L - P,"USGS 03-4174, EPA 365.2",1.5,,,Bucket in on 26XII13@1115hrs. Moderate to lite winds; trace precip unitl two nigths ago and yesterday. Rain in the forecast and hig winds.,,,
FMP,14093006,14093006-02,Yellow Bay Knob @ Flathead Lake BioStation,TMP03416,FMP07705,1/31/2014,12/30/1899 7:50:00,,,Deposition-Wet,1445.8,Deposition,Total Phosphorus,TP,3.5,,3.5,,µg/L - P,"USGS 03-4174, EPA 365.2",1.5,,,Bucket in 09I14 @ 0915hrs. Snow the last two days and today; Temperatures in the 10-20 (F) range; lite to moderate wind. Moderate organics in the sample; filtered through 500 um mesh,,,
FMP,14093008,14093008-01,Yellow Bay Knob @ Flathead Lake BioStation,TMP03416,FMP07707,2/12/2014,12/30/1899 10:00:00,,,Deposition-Wet,365,Deposition,Total Phosphorus,TP,1.6,,1.6,,µg/L - P,"USGS 03-4174, EPA 365.2",1.5,,,"Bucket in on 31I14 @ 0750.Calm and cold temperatures. Ice forming at mid-lake deep, bays, narrrows and wildhorse. Lows to -20 (F) wind today but warmed up yesterday. LODA appears to have frozen; no measurable debris in sample filtered through 500 um mesh.",,,
FMP,14093010,14093010-02,Yellow Bay Knob @ Flathead Lake BioStation,TMP03416,FMP07715,2/21/2014,12/30/1899 9:30:00,,,Deposition-Wet,609.7,Deposition,Total Phosphorus,TP,2.4,,2.4,,µg/L - P,"USGS 03-4174, EPA 365.2",1.5,,,"Bucket in on 12II14 @ 1000 hrs. High winds all week; rain 5 days ago; snow last two days and today. Temperatures in the 30's (F) Total snow <1"".Lite organics; filtered through 500 um mesh.",,,
FMP,14093012,14093012-02,Yellow Bay Knob @ Flathead Lake BioStation,TMP03416,FMP07724,3/4/2014,12/30/1899 10:00:00,,,Deposition-Wet,1741.4,Deposition,Total Phosphorus,TP,< 1.5,,1.5,<,µg/L - P,"USGS 03-4174, EPA 365.2",1.5,,,"Bucket in 21II14 @ 1000 hrs. Calm-high winds and blizzard conditions at times. Snow ~12"" over the collection time period. Temperatures in the single digits to negatives (F). Warmed up yesterday in the 40's (F). Lite organics; filtered through 500 um mesh.",,,
FMP,14102803,14102803-02,Yellow Bay Knob @ Flathead Lake BioStation,TMP03416,FMP07731,3/12/2014,12/30/1899 9:00:00,,,Deposition-Wet,1277.7,Deposition,Total Phosphorus,TP,< 1.5,,1.5,<,µg/L - P,"USGS 03-4174, EPA 365.2",1.5,,,Bucket in on 04III14 @ 1000hrs. Rain showers until yesterday warm days with temp's near or at freezing at night. Calm to moderate winds at times. Lite organics; filtered through 500 um mesh.,,,
FMP,14102901,14102901-02,Yellow Bay Knob @ Flathead Lake BioStation,TMP03416,FMP07733,3/19/2014,12/30/1899 9:15:00,,,Deposition-Wet,670.5,Deposition,Total Phosphorus,TP,2.8,,2.8,,µg/L - P,"USGS 03-4174, EPA 365.2",1.5,,,Bucket in on 12III14 @ 0900 hrs. Rain/snow showers at times. Daytime temperatures ~40 (F) but nights at or near freezing. Moderate. Moderate to high winds. Lite organics; filtered through 500 um mesh.,,,
FMP,14102904,14102904-02,Yellow Bay Knob @ Flathead Lake BioStation,TMP03416,FMP07743,4/2/2014,12/30/1899 13:30:00,,,Deposition-Wet,958.3,Deposition,Total Phosphorus,TP,1.6,,1.6,,µg/L - P,"USGS 03-4174, EPA 365.2",1.5,,,Bucket in on 19III14 @ 0915 hrs. Sunny at times w/rain/snow showers. Highs in the high 40's (F) to low 50's (F). Calm to mod. Wind. Some burnig in valley. Lite debris; filtered through 500 um mesh.,,,
FMP,14102909,14102909-02,Yellow Bay Knob @ Flathead Lake BioStation,TMP03416,FMP07758,4/25/2014,12/30/1899 8:30:00,,,Deposition-Wet,539.7,Deposition,Total Phosphorus,TP,7.3,,7.3,,µg/L - P,"USGS 03-4174, EPA 365.2",1.5,,,Bucket in on 02IV14 @ 1330hrs. High winds w/rain showers. Tempsduring the day in the mid-40's to 50's (F). Personal fires in the valley (open burning). Lite organics; filtered through 500 um mesh.,,,
FMP,14102911,14102911-02,Yellow Bay Knob @ Flathead Lake BioStation,TMP03416,FMP07767,5/2/2014,12/30/1899 8:30:00,,,Deposition-Wet,439.6,Deposition,Total Phosphorus,TP,17.1,,17.1,,µg/L - P,"USGS 03-4174, EPA 365.2",1.5,,,Bucket in on 25IV14 @ 0830 hrs. Rain and high winds; six days ago; warmer temperatures this week; near 70 (F) but cold nights. Lite organics in the sample; filtered through 500 um. Pollen in sample.,,,
FMP,14102914,14102914-02,Yellow Bay Knob @ Flathead Lake BioStation,TMP03416,FMP07774,5/2/2014,12/30/1899 13:30:00,,,Deposition-Wet,1245.1,Deposition,Total Phosphorus,TP,10.2,,10.2,,µg/L - P,"USGS 03-4174, EPA 365.2",1.5,,,Bucket in on 02V14 @ 0830 hrs. Rain and high winds this week; some sun breaks. Still some open burning Lots of organics; some pollen; 2 midges; filtered through 500 um mesh.,,,
FMP,14103002,14103002-02,Yellow Bay Knob @ Flathead Lake BioStation,TMP03416,FMP07776,5/13/2014,12/30/1899 11:30:00,,,Deposition-Wet,579.6,Deposition,Total Phosphorus,TP,2.9,,2.9,,µg/L - P,"USGS 03-4174, EPA 365.2",1.5,,,Bucket in 07V14 @ 1330hrs. Scattered showers and cool. Fair amount of pollen in air. Sample pretty clean.  Filtered 500um mesh.,,,
FMP,14103006,14103006-02,Yellow Bay Knob @ Flathead Lake BioStation,TMP03416,FMP07784,5/21/2014,12/30/1899 11:00:00,,,Deposition-Wet,888.1,Deposition,Total Phosphorus,TP,8.4,,8.4,,µg/L - P,"USGS 03-4174, EPA 365.2",1.5,,,"Bucket in 13V14 @ 1130hrs. Warmer, 60's and 70's, windy and  rain at times.Clean sample.  Lots of pollen in air. Filtered 500um mesh.",,,
FMP,14103014,14103014-02,Yellow Bay Knob @ Flathead Lake BioStation,TMP03416,FMP07804,6/4/2014,12/30/1899 14:40:00,,,Deposition-Wet,1286.3,Deposition,Total Phosphorus,TP,5,,5,,µg/L - P,"USGS 03-4174, EPA 365.2",1.5,,,"Bucket in 21V14 @ 1100 hours.  Sunny, few light showers last week.  High wind, thunderstorms last night.Light to no organics in sample.  Filtered 500um mesh.",,,
FMP,14103016,14103016-02,Yellow Bay Knob @ Flathead Lake BioStation,TMP03416,FMP07813,6/13/2014,12/30/1899 14:15:00,,,Deposition-Wet,974,Deposition,Total Phosphorus,TP,30.3,,30.3,,µg/L - P,"USGS 03-4174, EPA 365.2",1.5,,,"Bucket in 04VI14 @ 1440 hours.  Fairly clean sample, only 2 pine capsules.  Hot, cool, windy, calm, rain and sun last week.  Steady rain last 12 hours.  Filtered 500um mesh.",,,
FMP,14103019,14103019-02,Yellow Bay Knob @ Flathead Lake BioStation,TMP03416,FMP07820,6/19/2014,12/30/1899 13:45:00,,,Deposition-Wet,5445.9,Deposition,Total Phosphorus,TP,< 1.5,,1.5,<,µg/L - P,"USGS 03-4174, EPA 365.2",1.5,,,"Bucket in 13VI14 @ 1415.  High winds and heavy rain last 5 days.  Moderate to heavy organics in sample, 1 spider. Filtered 500um mesh.",,,
FMP,14103021,14103021-02,Yellow Bay Knob @ Flathead Lake BioStation,TMP03416,FMP07823,6/27/2014,12/30/1899 15:00:00,,,Deposition-Wet,435.2,Deposition,Total Phosphorus,TP,6.2,,6.2,,µg/L - P,"USGS 03-4174, EPA 365.2",1.5,,,"Bucket in 19VI14 @ 1345 hours.  Light winds, temps ~70degF, rain last two days.  Light organics in sample.  Filtered 500um mesh.",,,
FMP,14111405,14111405-02,Yellow Bay Knob @ Flathead Lake BioStation,TMP03416,FMP07839,7/16/2014,12/30/1899 8:45:00,,,Deposition-Wet,891.9,Deposition,Total Phosphorus,TP,6,,6,,µg/L - P,"USGS 03-4174, EPA 365.2",1.5,,,"Bucket in on 27VI14 at 1500hrs.Hot and dry for the last week, except for thunderstorm on the evening of 14VII14. Light ot moderate haze over the lake for last week from fires in Canada and Washington. Light small organics in sample, filtered thru 500 um.",,,
FMP,14111417,14111417-02,Yellow Bay Knob @ Flathead Lake BioStation,TMP03416,FMP07868,8/15/2014,12/30/1899 8:30:00,,,Deposition-Wet,700,Deposition,Total Phosphorus,TP,18.8,,18.8,,µg/L - P,"USGS 03-4174, EPA 365.2",1.5,,,Bucket in on 16VII14 @0845 hrs. Sunny and hot w/high winds and thunder/lightning storms. Rain last night and sporadically yesterday. Fires in the st and out of st. causing smoke in the valley. Mod. To hvy organics in the sample; filtered through 500 um.,,,
FMP,14111419,14111419-02,Yellow Bay Knob @ Flathead Lake BioStation,TMP03416,FMP07871,8/22/2014,12/30/1899 15:00:00,,,Deposition-Wet,2556.4,Deposition,Total Phosphorus,TP,6.1,,6.1,,µg/L - P,"USGS 03-4174, EPA 365.2",1.5,,,"Bucket in on 15 VIII14 @ 0830 hrs. Sunny at times, cooler temperatures (~60 F); lots of rain and thunder/lightning. Hazy from fires in the valley. Mod. organics in sample; filtered through 500 um mesh.",,,
FMP,14111424,14111424-04,Yellow Bay Knob @ Flathead Lake BioStation,TMP03416,FMP07888,9/4/2014,12/30/1899 9:00:00,,,Deposition-Wet,1223.9,Deposition,Total Phosphorus,TP,4.8,,4.8,,µg/L - P,"USGS 03-4174, EPA 365.2",1.5,,,Bucket in on 29VIII14@1500hrs. Rainy at times over the weekend; colder temperatures.Heavy rain yesterday; sunny at times; highs in the 70's (F). Winds calm to high. Lite organics in the sample; 2 dipterans; fil. Through 500 um mesh,,,
FMP,14111702,14111702-02,Yellow Bay Knob @ Flathead Lake BioStation,TMP03416,FMP07914,10/3/2014,12/30/1899 15:50:00,,,Deposition-Wet,1104.2,Deposition,Total Phosphorus,TP,7.3,,7.3,,µg/L - P,"USGS 03-4174, EPA 365.2",1.5,,,Bucket in on 04IX14 @ 0900 hrs. Sunny and warm in general the last week; Recrd highs; rain showers; first frost last night. High winds most of the week. Lite organics in the sample; filtered through 500 um mesh.,,,
FMP,14120101,14120101-02,Yellow Bay Knob @ Flathead Lake BioStation,TMP03416,FMP07919,10/17/2014,12/30/1899 8:30:00,,,Deposition-Wet,698.5,Deposition,Total Phosphorus,TP,13.6,,13.6,,µg/L - P,"USGS 03-4174, EPA 365.2",1.5,,,Bucket in on 03IX2014 @ 0900 hrs. Sunny to overcast. Showers 2 days ago. Winds calm to high this week. Moderate pine needles in the sample; filtered through 500 um mesh.,,,
FMP,14120202,14120202-02,Yellow Bay Knob @ Flathead Lake BioStation,TMP03416,FMP07928,10/24/2014,12/30/1899 9:30:00,,,Deposition-Wet,1524.5,Deposition,Total Phosphorus,TP,3.4,,3.4,,µg/L - P,"USGS 03-4174, EPA 365.2",1.5,,,"Bucket in on 17X14 @ 0830hrs. Sunny and warm with rain showers on and off, for the last three days. High winds at times with colder nights. Lite organics in the sample; filtered through 500 um mesh.",,,
FMP,14120212,14120212-02,Yellow Bay Knob @ Flathead Lake BioStation,TMP03416,FMP07930,10/31/2014,12/30/1899 9:00:00,,,Deposition-Wet,1085,Deposition,Total Phosphorus,TP,< 1.5,,1.5,<,µg/L - P,"USGS 03-4174, EPA 365.2",1.5,,,Bucket in on 24X14@0930hrs. Overcast with rain showers this week. Some sun breaks. Colder temperatures in the high 30's (F) at night. No organics in the sample; filtered through 500 um mesh anyway. Calm to high winds.,,,
FMP,14120214,14120214-02,Yellow Bay Knob @ Flathead Lake BioStation,TMP03416,FMP07936,11/7/2014,12/30/1899 8:25:00,,,Deposition-Wet,1880.2,Deposition,Total Phosphorus,TP,2.1,,2.1,,µg/L - P,"USGS 03-4174, EPA 365.2",1.5,,,Bucket in on 31X14 @0900 hrs. Calm to hihg winds Rain and snow showers; temperatures in the 30's-50's (F). No visible organics in the sample; filtered through 500 um mesh.,,,
FMP,14120301,14120301-02,Yellow Bay Knob @ Flathead Lake BioStation,TMP03416,FMP07938,11/14/2014,12/30/1899 8:30:00,,,Deposition-Wet,891.1,Deposition,Total Phosphorus,TP,13.7,,13.7,,µg/L - P,"USGS 03-4174, EPA 365.2",1.5,,,Bucket in on 07XI14 0825hrs. Calm to moderate wind; Temperatures in the single digits; Some snow/rain; Mod. organics in the sample; Pine needles; Filtered through 500 um mesh; Frozen thawed in walk-in fridge; Cover stuck b/t buckets when collected.,,,
FMP,14120304,14120304-02,Yellow Bay Knob @ Flathead Lake BioStation,TMP03416,FMP07948,12/2/2014,12/30/1899 8:30:00,,,Deposition-Wet,1140.3,Deposition,Total Phosphorus,TP,3.5,,3.5,,µg/L - P,"USGS 03-4174, EPA 365.2",1.5,,,Bucket in on 14XI14 @ 0830hrs. Very cold temperatures (single digits) and snow w/some rain majority of last week; Calm to high winds; Lite org.; samples froz. Placed in walk-in; JC obs. Cover stuck in mdl. 3 days ago; Snow in dry buc.,,,
FMP,14120902,14120902-02,Yellow Bay Knob @ Flathead Lake BioStation,TMP03416,FMP07954,12/9/2014,12/30/1899 14:30:00,,,Deposition-Wet,1396.2,Deposition,Total Phosphorus,TP,< 1.5,,1.5,<,µg/L - P,"USGS 03-4174, EPA 365.2",1.5,,,Bucket in on 02XII14 @ 0830 hrs. Cold temperatures and snow early last week; warmer later in the week and over the weekend; calm winds. No visible organics in the sample; filtered through 500 um mesh. Not frozen.,,,
FMP,14121802,14121802-02,Yellow Bay Knob @ Flathead Lake BioStation,TMP03416,FMP07956,12/17/2014,12/30/1899 15:00:00,,,Deposition-Wet,747.8,Deposition,Total Phosphorus,TP,1.7,,1.7,,µg/L - P,"USGS 03-4174, EPA 365.2",1.5,,,Bucket in on 09XII14@1430hrs. Rain at times; warmer temperatures during the day turning to freezing conditions at night. Calm to high winds. No visible organics; filtered through 500 um mesh. Sample partially frozen.,,,
FMP,14122301,14122301-02,Yellow Bay Knob @ Flathead Lake BioStation,TMP03416,FMP07958,12/23/2014,12/30/1899 9:15:00,,,Deposition-Wet,812.3,Deposition,Total Phosphorus,TP,< 1.5,,1.5,<,µg/L - P,"USGS 03-4174, EPA 365.2",1.5,,,Bucket in on 17XII14 @ 1500hrs. Rain to snow showers at times. Thawing during the day and freezing at night. Calm to high winds south winds. No visible organics in the sample; filtered through 500 um mesh.,,,
FMP,15010201,15010201-02,Yellow Bay Knob @ Flathead Lake BioStation,TMP03416,FMP07960,1/2/2015,12/30/1899 14:30:00,,,Deposition-Wet,2880.2,Deposition,Total Phosphorus,TP,1.5,,1.5,,µg/L - P,"USGS 03-4174, EPA 365.2",1.5,,,"Bucket in on 23 XII 14 @ 0915 hrs. Rain then turning to snow; heavy at timeswith high winds. Cold tempertures single digits and below; ~24"" of snow. Mod. organics; filtered through 500 um mesh. Sample frozen and thawed in the fridge",,,
FMP,15011201,15011201-02,Yellow Bay Knob @ Flathead Lake BioStation,TMP03416,FMP07962,1/9/2015,12/30/1899 10:15:00,,,Deposition-Wet,1823.6,Deposition,Total Phosphorus,TP,2.7,,2.7,,µg/L - P,"USGS 03-4174, EPA 365.2",1.5,,,Bucket in on 02 I 15 @1430hours and covered on 05 I 15 @1000 hrs. Calm to high winds; cold temperatures; heavy snow at times ~3'. Lite organics; filtered through 500 um mesh; frozen; thawed in walk-in.,,,
FMP,15012001,15012001-02,Yellow Bay Knob @ Flathead Lake BioStation,TMP03416,FMP07972,1/16/2015,12/30/1899 8:30:00,,,Deposition-Wet,663.4,Deposition,Total Phosphorus,TP,1.6,,1.6,,µg/L - P,"USGS 03-4174, EPA 365.2",1.5,,,Bucket in on 09 I 15 @ 1015 hrs. Snow and rain at times. High winds at times. Temperature warming into the low-30's (F). No visible organics; 500 um mesh. Dry bucket covered for part of 15I15.,,,
FMP,15012601,15012601-02,Yellow Bay Knob @ Flathead Lake BioStation,TMP03416,FMP07978,1/23/2015,12/30/1899 8:30:00,,,Deposition-Wet,759.3,Deposition,Total Phosphorus,TP,2.2,,2.2,,µg/L - P,"USGS 03-4174, EPA 365.2",1.5,,,Bucket in on 16I15 @ 0830 hrs. Lite snow and some rain during the week; temperatures warming to mid- to high 30's (F) ; lite to moderate winds. Lite organics in sample; filtered through 500 um mesh. Sample was frozen and allowed to thaw in the fridge.,,,
FMP,15020501,15020501-02,Yellow Bay Knob @ Flathead Lake BioStation,TMP03416,FMP07981,2/4/2015,12/30/1899 16:00:00,,,Deposition-Wet,413.8,Deposition,Total Phosphorus,TP,< 1.5,,1.5,<,µg/L - P,"USGS 03-4174, EPA 365.2",1.5,,,Bucket in on 23 I 15 @ 0830hrs. Lite rain and snow at times; overcast to p. sunny; cold nights with warmer days. Calm to moderate winds and freeze thaw cycles. No visible organics in the sample filtered through 500 um mesh.,,,
FMP,15021201,15021201-02,Yellow Bay Knob @ Flathead Lake BioStation,TMP03416,FMP07985,2/12/2015,12/30/1899 8:15:00,,,Deposition-Wet,1266.9,Deposition,Total Phosphorus,TP,< 1.5,,1.5,<,µg/L - P,"USGS 03-4174, EPA 365.2",1.5,,,Bucket in on 04II15@1600 hrs. Heavy rain this week; overcast to P. sunny yesterday; high winds at times. Lite organics in the sample; filtered through 500 um mesh.,,,
FMP,15030501,15030501-02,Yellow Bay Knob @ Flathead Lake BioStation,TMP03416,FMP07993,3/5/2015,12/30/1899 12:45:00,,,Deposition-Wet,247.2,Deposition,Total Phosphorus,TP,< 1.5,,1.5,<,µg/L - P,"USGS 03-4174, EPA 365.2",1.5,,,"Bucket in on 12 II 15 @ 0815 hrs. Sunny day with nights in the 20's. Loite snow three days ago; otherwise very dry. Lite to moderate winds. Some ice in the bays. Lite Org. in the sample, fil.  500. Sample frozen thawed in walk-in overnight.",,,
FMP,15032001,15032001-02,Yellow Bay Knob @ Flathead Lake BioStation,TMP03416,FMP08007,3/20/2015,12/30/1899 9:00:00,,,Deposition-Wet,1557,Deposition,Total Phosphorus,TP,< 1.5,,1.5,<,µg/L - P,"USGS 03-4174, EPA 365.2",1.5,,,"Bucket in 04III15 @ 1245 hours.  Warm weather system from CA, rain on snow 15-18 II15. Pretty clean sample, very light organcs, filtered through 500um mesh.  Fem locals around Flathead Lake open burning.",,,
FMP,15040601,15040601-02,Yellow Bay Knob @ Flathead Lake BioStation,TMP03416,FMP08010,4/6/2015,12/30/1899 6:00:00,,,Deposition-Wet,1152.9,Deposition,Total Phosphorus,TP,4.9,,4.9,,µg/L - P,"USGS 03-4174, EPA 365.2",1.5,,,Bucket in on 25III15@1339hrs. Warm days w/cold nights; freezing at times. Rain and snow showers at times. No visible organics; filtered through 500 um mesh,,,
FMP,15041501,15041501-02,Yellow Bay Knob @ Flathead Lake BioStation,TMP03416,FMP08019,4/15/2015,12/30/1899 8:40:00,,,Deposition-Wet,719.5,Deposition,Total Phosphorus,TP,6.2,,6.2,,µg/L - P,"USGS 03-4174, EPA 365.2",1.5,,,Bucket in on 06IV15 @ 0600 hrs. Warm mand sunny most of the week; high winds at times and heavy rain yesterday; Residents burning debris in Yellow Bay. Lite organics in the sample; filtered through 500 um mesh.,,,
FMP,15051403,15051403-02,Yellow Bay Knob @ Flathead Lake BioStation,TMP03416,FMP08032,5/14/2015,12/30/1899 15:45:00,,,Deposition-Wet,503.6,Deposition,Total Phosphorus,TP,7.1,,7.1,,µg/L - P,"USGS 03-4174, EPA 365.2",1.5,,,"Bucket in on 15  IV 15 @ 0840. Sunny and warm, trace precip until yesterday, high winds at times, prescibed burns throughout the collection period, lots of pollen out. Moderate organics and I bee and ibeetle in the sample; filtered through 500 um mesh.",,,
FMP,15060302,15060302-02,Yellow Bay Knob @ Flathead Lake BioStation,TMP03416,FMP08051,6/3/2015,12/30/1899 14:00:00,,,Deposition-Wet,1058.2,Deposition,Total Phosphorus,TP,8.3,,8.3,,µg/L - P,"USGS 03-4174, EPA 365.2",1.5,,,"Bucket in 14V15 @ 1545 hours. Pretty clean sample. Filtered through 500um mesh.  Mostly warm for last week, rain last 2 days.  Moderate pollen in the air, no smoke.",,,
FMP,15071401,15071401-02,Yellow Bay Knob @ Flathead Lake BioStation,TMP03416,FMP08088,7/14/2015,12/30/1899 8:00:00,,,Deposition-Wet,528.9,Deposition,Total Phosphorus,TP,16.4,,16.4,,µg/L - P,"USGS 03-4174, EPA 365.2",1.5,,,"Bucket in 03VI15 @ 1400 hours.  Rain yesterday and 3 days ago cleared mild smoke from the valley.  Fairly clean sample, filtered through 500um mesh.  Some bacteria growing on bottom of bucket from few rain drops that fell ladt week.",,,
FMP,15072201,15072201-02,Yellow Bay Knob @ Flathead Lake BioStation,TMP03416,FMP08090,7/22/2015,12/30/1899 10:00:00,,,Deposition-Wet,644,Deposition,Total Phosphorus,TP,9.8,,9.8,,µg/L - P,"USGS 03-4174, EPA 365.2",1.5,,,"Cool, cloudy, windy, thunderstorms for last week.  Not very smokey. Very clean sample, filtered through 500um mesh.",,,
FMP,15080601,15080601-02,Yellow Bay Knob @ Flathead Lake BioStation,TMP03416,FMP08102,8/6/2015,12/30/1899 10:30:00,,,Deposition-Wet,709.1,Deposition,Total Phosphorus,TP,4.3,,4.3,,µg/L - P,"USGS 03-4174, EPA 365.2",1.5,,,Bucket in on 22 VII 15 at 1000hrs. Some cool days but mostly hot and sunny; high-mod. winds and lots of smoke in the valley for 3 days; blew out yesterday; some rain showers at times. 1 midge and light org. in sample; filtered thru 500 um mesh.,,,
FMP,15090401,15090401-02,Yellow Bay Knob @ Flathead Lake BioStation,TMP03416,FMP08127,9/4/2015,12/30/1899 11:30:00,,,Deposition-Wet,436,Deposition,Total Phosphorus,TP,119,,119,,µg/L - P,"USGS 03-4174, EPA 365.2",1.5,,,"Bucket in on 6VIII15 @ 1030hrs. Hot & sunny primarily through the month, 1st good rain yesterday and today. Very smokey throughout the month, haze and wind calm-high. Lots of org. and soot caked the bucket and sample, Green algae growing in sample; 500 um",,,
FMP,15091001,15091001-02,Yellow Bay Knob @ Flathead Lake BioStation,TMP03416,FMP08129,9/10/2015,12/30/1899 11:00:00,,,Deposition-Wet,716.2,Deposition,Total Phosphorus,TP,6,,6,,µg/L - P,"USGS 03-4174, EPA 365.2",1.5,,,"Bucket in on 04 IX 15 @ 11:30 hrs. Heavy rain 5 days ago and showers earlier in the week. Cooler temperatures. Sunny today, light to high wind. Snow above ~8,000 ft. during rain storms. Haze, smoke and soot gone for the most part. No vis. org. Filt.500um.",,,
FMP,15091702,15091702-02,Yellow Bay Knob @ Flathead Lake BioStation,TMP03416,FMP08131,9/17/2015,12/30/1899 16:40:00,,,Deposition-Wet,1503.3,Deposition,Total Phosphorus,TP,2.5,,2.5,,µg/L - P,"USGS 03-4174, EPA 365.2",1.5,,,Bucket in on 10IX15 @ 11:00 hrs. Rain showers on and off; overcast to p. sunny; light haze from remaining firesat times; mod. To high winds; coler temperatures. No visible org. filtered through 500 um.,,,
FMP,15102701,15102701-02,Yellow Bay Knob @ Flathead Lake BioStation,TMP03416,FMP08161,10/27/2015,12/30/1899 13:30:00,,,Deposition-Wet,474,Deposition,Total Phosphorus,TP,1.6,,1.6,,µg/L - P,"USGS 03-4174, EPA 365.2",1.5,,,Bucket in 17IX15 @ 1640 hrs.  One pine needle in sample.  Filtered through 500um mesh. Rain yesterday and this morning.,,,
FMP,15110403,15110403-02,Yellow Bay Knob @ Flathead Lake BioStation,TMP03416,FMP08168,11/4/2015,12/30/1899 15:00:00,,,Deposition-Wet,960.9,Deposition,Total Phosphorus,TP,13.3,,13.3,,µg/L - P,"USGS 03-4174, EPA 365.2",1.5,,,Bucket in on 27X15 @1330hrs. Rain last week and through the weekend (5 days) overcast to sunny past two days. High winds at times. Light Org. in sample with a few pine needles; filtered through 500 um mesh.,,,
FMP,15112001,15112001-02,Yellow Bay Knob @ Flathead Lake BioStation,TMP03416,FMP08178,11/20/2015,12/30/1899 9:30:00,,,Deposition-Wet,391.7,Deposition,Total Phosphorus,TP,7.1,,7.1,,µg/L - P,"USGS 03-4174, EPA 365.2",1.5,,,Bucket in on 04XI15 @ 1500 hrs. Very high winds at times; light rain and snow at times; Overcast to P.sunny; Temps in the low 30's to 40's (F). Some light burning in the valley. Mod. org.; filt. Through 500 um mesh.,,,
FMP,15120904,15120904-02,Yellow Bay Knob @ Flathead Lake BioStation,TMP03416,FMP08187,12/9/2015,12/30/1899 14:45:00,,,Deposition-Wet,1440.1,Deposition,Total Phosphorus,TP,10,,10,,µg/L - P,"USGS 03-4174, EPA 365.2",1.5,,,Bucket in on 20XI15 @ 0930hrs. Heavy rain two days ago and sporadic rain yesterday and today. Warmer weather (40-mid-40's F); High winds today and at times past week. Lite Organics; barely visible; filt. 500 um mesh,,,
FMP,15121702,15121702-02,Yellow Bay Knob @ Flathead Lake BioStation,TMP03416,FMP08196,12/17/2015,12/30/1899 10:00:00,,,Deposition-Wet,775.4,Deposition,Total Phosphorus,TP,< 1.5,,1.5,<,µg/L - P,"USGS 03-4174, EPA 365.2",1.5,,,"Bucket in on 09XII15 @ 1445 hrs. Rain ans snow this week with colder temperatures; 4-6"" of snow accumulation. Low to moderate winds at tmies. No visible organics in the sample; filtered through 500 um mesh; mostly snow and was allowed to thaw in the lab.",,,
FMP,15122201,15122201-02,Yellow Bay Knob @ Flathead Lake BioStation,TMP03416,FMP08198,12/22/2015,12/30/1899 8:30:00,,,Deposition-Wet,799.7,Deposition,Total Phosphorus,TP,< 1.5,,1.5,<,µg/L - P,"USGS 03-4174, EPA 365.2",1.5,,,"Bucket in on 17XII15 @ 1000hrs. High winds at times w/snow and some sleet at times; ~4-6"" of new snow; overcast to partly sunny; Temps ijn the high 20's and low 30's (F). Light organics in the sample; filtered through 500 um mesh; sample was snow.",,,
FMP,16010401,16010401-02,Yellow Bay Knob @ Flathead Lake BioStation,TMP03416,FMP08200,1/4/2016,12/30/1899 8:30:00,,,Deposition-Wet,424.3,Deposition,Total Phosphorus,TP,1.9,,1.9,,µg/L - P,"USGS 03-4174, EPA 365.2",1.5,,,Bucket in on 22XII15@0830hrs. Cold and overcast to P. sunny. ~1' of new snow; Temps. In the low 20's to high 10's (F). Calm to high winds. Sample is snow; light organics; filtered through 500 um mesh.,,,
FMP,16011501,16011501-02,Yellow Bay Knob @ Flathead Lake BioStation,TMP03416,FMP08202,1/15/2016,12/30/1899 8:15:00,,,Deposition-Wet,866.2,Deposition,Total Phosphorus,TP,< 1.5,,1.5,<,µg/L - P,"USGS 03-4174, EPA 365.2",1.5,,,Bucket in on 04I16 @ 0830hrs. Cold temperatures warming to at or above freezing; rain and snow showers; calm to moderate winds; primarily overcast. No visible organics in the sample; filtered through 500 um mesh.,,,
FMP,16012103,16012103-02,Yellow Bay Knob @ Flathead Lake BioStation,TMP03416,FMP08215,1/21/2016,12/30/1899 15:30:00,,,Deposition-Wet,730.8,Deposition,Total Phosphorus,TP,< 1.5,,1.5,<,µg/L - P,"USGS 03-4174, EPA 365.2",1.5,,,"Bucket in on 15I16 @ 0815 hrs, Temperatures in the low to high 30's )(F) during the day and freezing at night; Calm to moderate winds (for brief periods); snow and rain showers. No visible organics; filtered through 500 um mesh.",,,
FMP,16012901,16012901-02,Yellow Bay Knob @ Flathead Lake BioStation,TMP03416,FMP08217,1/29/2016,12/30/1899 14:30:00,,,Deposition-Wet,342.9,Deposition,Total Phosphorus,TP,< 1.5,,1.5,<,µg/L - P,"USGS 03-4174, EPA 365.2",1.5,,,Bucket in on 21I16 @ 1530 hrs. Warmer days above freezing and freezing at night; light to moderate wind; Rain and snow showers. Rain last night. Light organics in the sample; filtered through 500 um mesh.,,,
FMP,16020501,16020501-02,Yellow Bay Knob @ Flathead Lake BioStation,TMP03416,FMP08219,2/5/2016,12/30/1899 8:30:00,,,Deposition-Wet,419.5,Deposition,Total Phosphorus,TP,< 1.5,,1.5,<,µg/L - P,"USGS 03-4174, EPA 365.2",1.5,,,"Bucket in on 29I16@1430hrs. Freezing nights w/days in the mid-30's (F). Snow showers at times. Some high winds, mostly calm. Light organics in the sample; filtered through 500 um mesh.",,,
FMP,16021901,16021901-02,Yellow Bay Knob @ Flathead Lake BioStation,TMP03416,FMP08226,2/19/2016,12/30/1899 8:30:00,,,Deposition-Wet,881,Deposition,Total Phosphorus,TP,1.6,,1.6,,µg/L - P,"USGS 03-4174, EPA 365.2",1.5,,,Bucket in on 05II16@0830hrs. Heavy rain with some snow showers; Daytime temperatures in the mid-30's (F) to low 40's F and frezing or near freezing nights; Mod.-high winds. Mod. organics in the sample; filtered through 500 um mesh.,,,
FMP,16030901,16030901-02,Yellow Bay Knob @ Flathead Lake BioStation,TMP03416,FMP08237,3/9/2016,12/30/1899 14:30:00,,,Deposition-Wet,1064.4,Deposition,Total Phosphorus,TP,1.7,,1.7,,µg/L - P,"USGS 03-4174, EPA 365.2",1.5,,,Bucket in on 19 II 16 @ 0830hrs. Overcast to sunny during collection period; heavy rain @ times; mod-high winds. Mod. Org. in sample; fil. 500 um mesh.,,,
FMP,16031702,16031702-02,Yellow Bay Knob @ Flathead Lake BioStation,TMP03416,FMP08239,3/17/2016,12/30/1899 14:00:00,,,Deposition-Wet,926.9,Deposition,Total Phosphorus,TP,2.4,,2.4,,µg/L - P,"USGS 03-4174, EPA 365.2",1.5,,,"Bucket in on 09III16 @ 1430hrs. Some rain and ~2"" of snow last night; Hifgh south winds this week; overcast to p.sunny. Light organics in the sample; filtered through 500 um mesh.",,,
FMP,16032501,16032501-02,Yellow Bay Knob @ Flathead Lake BioStation,TMP03416,FMP08241,3/25/2016,12/30/1899 9:30:00,,,Deposition-Wet,640.5,Deposition,Total Phosphorus,TP,3.8,,3.8,,µg/L - P,"USGS 03-4174, EPA 365.2",1.5,,,Bucket in on 17 III 16 @ 1400 hrs. Rain showers on/off for most of the week; days in the 40's to 50's with freezing nights; high winds at times. No visible org. in the sample filtered through 500 um mesh.,,,
FMP,16041501,16041501-02,Yellow Bay Knob @ Flathead Lake BioStation,TMP03416,FMP08264,4/15/2016,12/30/1899 14:45:00,,,Deposition-Wet,1647.8,Deposition,Total Phosphorus,TP,11.9,,11.9,,µg/L - P,"USGS 03-4174, EPA 365.2",1.5,,,Bucket in on 26 III 16 @ 0930 hrs. High winds to calm during the collection period; trace precip until this week with rain on and off and heavy at times during the week; Overcast to to sunny days in the 70's for highj. Light org. fil. Through 500 um mesh.,,,
FMP,16042903,16042903-02,Yellow Bay Knob @ Flathead Lake BioStation,TMP03416,FMP08278,4/29/2016,12/30/1899 8:30:00,,,Deposition-Wet,1755,Deposition,Total Phosphorus,TP,13.1,,13.1,,µg/L - P,"USGS 03-4174, EPA 365.2",1.5,,,Bucket in on 15IV16@1445hrs; Trace rain until 6-7 days ago; colder temperatures the this week but warmer (~mid-70's F) during the rest of collection period; calm to high winds; lots of pollen in the air. Moderate oprganics in sample; filtered 500 um.,,,
FMP,16051201,16051201-02,Yellow Bay Knob @ Flathead Lake BioStation,TMP03416,FMP08295,5/12/2016,12/30/1899 9:00:00,,,Deposition-Wet,574.3,Deposition,Total Phosphorus,TP,22.1,,22.1,,µg/L - P,"USGS 03-4174, EPA 365.2",1.5,,,"Lots of fine organics in sample plus pollen. Filtered through 500um mesh. Steady rain 2 days ago, sprinkles yesterday.",,,
FMP,16052001,16052001-02,Yellow Bay Knob @ Flathead Lake BioStation,TMP03416,FMP08297,5/20/2016,12/30/1899 15:30:00,,,Deposition-Wet,1115,Deposition,Total Phosphorus,TP,9.1,,9.1,,µg/L - P,"USGS 03-4174, EPA 365.2",1.5,,,Bucket in on 12 V 16@ 0900hrs.Heavy rain yesterday and overnight but mostly dry over the collection period with some high winds. Light of organics in the sample; filtered through 500um mesh.,,,
FMP,16052504,16052504-02,Yellow Bay Knob @ Flathead Lake BioStation,TMP03416,FMP08314,5/25/2016,12/30/1899 15:20:00,,,Deposition-Wet,1543.8,Deposition,Total Phosphorus,TP,4.1,,4.1,,µg/L - P,"USGS 03-4174, EPA 365.2",1.5,,,Bucket in on 20V16@1530 hrs. Heavy rain 3 of the last 5 days; high winds cold temp's (40's)F some burning in the valley. Mod. Organics; no visible pollen; filtered through 500 um mesh.,,,
FMP,16061705,16061705-02,Yellow Bay Knob @ Flathead Lake BioStation,TMP03416,FMP08333,6/17/2016,12/30/1899 15:25:00,,,Deposition-Wet,2019.9,Deposition,Total Phosphorus,TP,14.5,,14.5,,µg/L - P,"USGS 03-4174, EPA 365.2",1.5,,,Bucket in on 25V16 @  1520hrs. Trace rain until this week; high winds; cooler temperatures to warm and sunny with high temps. at times. Moderate organics in the sample with a wasp; Filt. Thru. 500 um.,,,
FMP,16063001,16063001-02,Yellow Bay Knob @ Flathead Lake BioStation,TMP03416,FMP08340,6/30/2016,12/30/1899 9:30:00,,,Deposition-Wet,654.5,Deposition,Total Phosphorus,TP,7.3,,7.3,,µg/L - P,"USGS 03-4174, EPA 365.2",1.5,,,"Bucket in 17VI16 @ 1520 hours.Few fine organics in sample, filtered through 500um mesh. Hot, sunny with intense thunderstorm 2 nights ago.",,,
FMP,16071301,16071301-02,Yellow Bay Knob @ Flathead Lake BioStation,TMP03416,FMP08354,7/13/2016,12/30/1899 16:30:00,,,Deposition-Wet,3825.4,Deposition,Total Phosphorus,TP,3.8,,3.8,,µg/L - P,"USGS 03-4174, EPA 365.2",1.5,,,"Bucket in on 7/8/2016; mostly cloudy with light winds, heavy rain over the last few days.  Very light organics in the sample; 2 gnats and 2 particles of debris.  Filtered through 500micron net.",,,
FMP,16081203,16081203-01,Yellow Bay Knob @ Flathead Lake BioStation,TMP03416,FMP08376,8/12/2016,12/30/1899 13:20:00,,,Deposition-Wet,979.91,Deposition,Total Phosphorus,TP,3.3,,3.3,,µg/L - P,"USGS 03-4174, EPA 365.2",1.5,,,"Bucket in on 13VII16@1630hrs. Mostly sunny today 10 mph winds from the N with last 3 days of  ixed rain wind and sunshine. Heavy organics; 1 large fly, 2 knats; 3 pine needlesand lots of misc specks; filtered through 500 um mesh.",,,
FMP,16090901,16090901-02,Yellow Bay Knob @ Flathead Lake BioStation,TMP03416,FMP08396,9/9/2016,12/30/1899 11:10:00,,,Deposition-Wet,570.18,Deposition,Total Phosphorus,TP,10.2,,10.2,,µg/L - P,"USGS 03-4174, EPA 365.2",1.5,,,"Bucket in on 12VIII16 @ 1320hrs. Cool over the last few days with most of the smoke from local fires gone. High winds and rain in the past week, with cooling trend continuing. Light organics; filtered through 500 um mesh.",,,
FMP,16091601,16091601-02,Yellow Bay Knob @ Flathead Lake BioStation,TMP03416,FMP08408,9/16/2016,12/30/1899 9:30:00,,,Deposition-Wet,209.02,Deposition,Total Phosphorus,TP,3.6,,3.6,,µg/L - P,"USGS 03-4174, EPA 365.2",1.5,,,Bucket in on 090916 @ 1110hrs. Cool with some rain.Collected 5 days after the rain event.; winds light and variable. Very light organics; filtered through 500 um mesh. ,,,
FMP,16092301,16092301-02,Yellow Bay Knob @ Flathead Lake BioStation,TMP03416,FMP08410,9/23/2016,12/30/1899 9:00:00,,,Deposition-Wet,452.11,Deposition,Total Phosphorus,TP,3.8,,3.8,,µg/L - P,"USGS 03-4174, EPA 365.2",1.5,,,"Bucket 16IX16 @ 0930hrs. Cool this week with temps in the 60's, clear and mostly sunny with bouts of showers and wind, some sunny and warm days too. Very light organics; filtered through 500 um mesh.",,,
FMP,16100701,16100701-02,Yellow Bay Knob @ Flathead Lake BioStation,TMP03416,FMP08424,10/7/2016,12/30/1899 8:30:00,,,Deposition-Wet,748.07,Deposition,Total Phosphorus,TP,5.5,,5.5,,µg/L - P,"USGS 03-4174, EPA 365.2",1.5,,,Bucket in on 23IX16 @ 0900 hrs. Cool and riny for past week with light winds. Light organics; filtered through 500 um mesh.,,,
FMP,16101101,16101101-02,Yellow Bay Knob @ Flathead Lake BioStation,TMP03416,FMP08430,10/11/2016,12/30/1899 8:50:00,,,Deposition-Wet,3663.89,Deposition,Total Phosphorus,TP,< 1.5,,1.5,<,µg/L - P,"USGS 03-4174, EPA 365.2",1.5,,,"Bucket in 07X16 @ 0830 hrs. Cold and rainey over the weekend with trace snow falling to the ground. Heavy organics; 5 gnats, needles and dirt particles; filtered through 500 um mesh.",,,
FMP,16102501,16102501-02,Yellow Bay Knob @ Flathead Lake BioStation,TMP03416,FMP08432,10/21/2016,12/30/1899 9:30:00,,,Deposition-Wet,1274.95,Deposition,Total Phosphorus,TP,6.4,,6.4,,µg/L - P,"USGS 03-4174, EPA 365.2",1.5,,,Bucket in 11X16 @ 0850hrs. Cold and rainy over the last week with light and variable winds. Very light organics; filtered through 500 um mesh.,,,
FMP,16102801,16102801-02,Yellow Bay Knob @ Flathead Lake BioStation,TMP03416,FMP08445,10/28/2016,12/30/1899 9:30:00,,,Deposition-Wet,1596.58,Deposition,Total Phosphorus,TP,2.5,,2.5,,µg/L - P,"USGS 03-4174, EPA 365.2",1.5,,,Bucket in on 21X24@0930hrs. Cool and rainy over the past week; record rainfall for Oct. Very light organics; filtered through 500 um mesh.,,,
FMP,16110301,16110301-02,Yellow Bay Knob @ Flathead Lake BioStation,TMP03416,FMP08447,11/3/2016,12/30/1899 10:00:00,,,Deposition-Wet,1040.73,Deposition,Total Phosphorus,TP,< 1.5,,1.5,<,µg/L - P,"USGS 03-4174, EPA 365.2",1.5,,,Bucket in on 28X16 @ 0930hrs Cool and wet with frquent rain. Very light organics; filter through 500 um mesh.,,,
FMP,16111601,16111601-02,Yellow Bay Knob @ Flathead Lake BioStation,TMP03416,FMP08450,11/16/2016,12/30/1899 12:45:00,,,Deposition-Wet,445.34,Deposition,Total Phosphorus,TP,2.4,,2.4,,µg/L - P,"USGS 03-4174, EPA 365.2",1.5,,,small volume collected,,,
FMP,16120102,16120102-02,Yellow Bay Knob @ Flathead Lake BioStation,TMP03416,FMP08467,12/1/2016,12/30/1899 1:50:00,,,Deposition-Wet,789.64,Deposition,Total Phosphorus,TP,2.7,,2.7,,µg/L - P,"USGS 03-4174, EPA 365.2",1.5,,,Bucket in on 16XI16 @ 1245hrs. Cold and wet with moderate to calm winds. Very light organics; filtered  through 500 um mesh.,,,
FMP,16121901,16121901-02,Yellow Bay Knob @ Flathead Lake BioStation,TMP03416,FMP08470,12/16/2016,12/30/1899 9:15:00,,,Deposition-Wet,662.3,Deposition,Total Phosphorus,TP,4.6,,4.6,,µg/L - P,"USGS 03-4174, EPA 365.2",1.5,,,"Bucket in on 07XII16 @ 1100hrs. Snow on and off; heaviest on 15XII16. Bitter cold at times 20-10 with - temps @ times. Light to no organics; snow in sample, frozen and allowed to thaw overweekend in the fridge; filt through 500 um.",,,
FMP,16122801,16122801-02,Yellow Bay Knob @ Flathead Lake BioStation,TMP03416,FMP08488,12/28/2016,12/30/1899 10:00:00,,,Deposition-Wet,809.3,Deposition,Total Phosphorus,TP,3.1,,3.1,,µg/L - P,"USGS 03-4174, EPA 365.2",1.5,,,Bucket in on 16XII16@hrs. Temps. In the mid-20's snowing heavy at times with high to mod. Winds. Light organics in the sample; filtered through 500 um mesh.,,,
FMP,17011302,17011302-02,Yellow Bay Knob @ Flathead Lake BioStation,TMP03416,FMP08491,1/12/2017,12/30/1899 16:30:00,,,Deposition-Wet,1325.8,Deposition,Total Phosphorus,TP,< 1.5,,1.5,<,µg/L - P,"USGS 03-4174, EPA 365.2",1.5,,,Bucket in on 28XII17 @ 1000hrs. Bitter cold and snowy; Temps in the - digits; high winds at times; bays are freezing and good inversion.,,,
FMP,17020901,17020901-02,Yellow Bay Knob @ Flathead Lake BioStation,TMP03416,FMP08511,2/8/2017,12/30/1899 9:30:00,,,Deposition-Wet,1146.9,Deposition,Total Phosphorus,TP,2.4,,2.4,,µg/L - P,"USGS 03-4174, EPA 365.2",1.5,,,"Sample frozen, thawed over night, processed on 09II17. Sample very clean no debris, filtered through 500um mesh. Rain, snow and wind last week.",,,
FMP,17021301,17021301-02,Yellow Bay Knob @ Flathead Lake BioStation,TMP03416,FMP08513,2/13/2017,12/30/1899 10:30:00,,,Deposition-Wet,749.2,Deposition,Total Phosphorus,TP,< 1.5,,1.5,<,µg/L - P,"USGS 03-4174, EPA 365.2",1.5,,,"Bucket in 18II17 @ 0930 hours.  Rain on 09,10II17.   Sample frozen, left in cooler overnight to thaw. No debris in sample, filtered through 500um mesh.",,,
FMP,17022401,17022401-02,Yellow Bay Knob @ Flathead Lake BioStation,TMP03416,FMP08530,2/24/2017,12/30/1899 8:00:00,,,Deposition-Wet,969.9,Deposition,Total Phosphorus,TP,< 1.5,,1.5,<,µg/L - P,"USGS 03-4174, EPA 365.2",1.5,,,"Bucket in 13II17 @ 1030 hours. Mostly mild and sunny all week.  Snow and rain 2 days ago.  Cover stuck over dry bucket.  Samplefrozen and clean, left on counter to run today,  filtered through 500um mesh",,,
FMP,17030701,17030701-02,Yellow Bay Knob @ Flathead Lake BioStation,TMP03416,FMP08533,3/7/2017,12/30/1899 8:00:00,,,Deposition-Wet,1564.1,Deposition,Total Phosphorus,TP,< 1.5,,1.5,<,µg/L - P,"USGS 03-4174, EPA 365.2",1.5,,,"Bucket in 24II17 @ 0800 hours.  Sample very clean, filtered through 500um mesh.  Cool (20-35F) with scattered rain and snow for last 2 weeks.",,,
FMP,17031301,17031301-02,Yellow Bay Knob @ Flathead Lake BioStation,TMP03416,FMP08546,3/13/2017,12/30/1899 15:00:00,,,Deposition-Wet,892.7,Deposition,Total Phosphorus,TP,6.6,,6.6,,µg/L - P,"USGS 03-4174, EPA 365.2",1.5,,,Bucket in on 07III17 @ 0800hrs.; Some snow and rain this past week; overall it;'s warming up in the valley and high winds at times. Light organics; filt. Through 500 um mesh.,,,
FMP,17032101,17032101-02,Yellow Bay Knob @ Flathead Lake BioStation,TMP03416,FMP08552,3/21/2017,12/30/1899 15:45:00,,,Deposition-Wet,2165.9,Deposition,Total Phosphorus,TP,< 1.5,,1.5,<,µg/L - P,"USGS 03-4174, EPA 365.2",1.5,,,Bucket in on 13III17 at 1500hrs. Heavy rains at times this past week; with high wind; lows near freezing with highs well above freezing. No visible organics in the sample; filt. Through 500 um mesh.,,,
FMP,17032801,17032801-02,Yellow Bay Knob @ Flathead Lake BioStation,TMP03416,FMP08556,3/28/2017,12/30/1899 12:00:00,,,Deposition-Wet,1475,Deposition,Total Phosphorus,TP,3,,3,,µg/L - P,"USGS 03-4174, EPA 365.2",1.5,,,Bucket in on 21III17@15:45hrs. Rain at times; with a few days of warm sunny weather this past week. High winds at times. Moderate organics in the sample; Filt. through 500 um mesh.,,,
FMP,17041204,17041204-02,Yellow Bay Knob @ Flathead Lake BioStation,TMP03416,FMP08570,4/12/2017,12/30/1899 15:15:00,,,Deposition-Wet,1118.4,Deposition,Total Phosphorus,TP,2.3,,2.3,,µg/L - P,"USGS 03-4174, EPA 365.2",1.5,,,Bucket in on 28III17 @ 1200hrs. Rain and some snow; high winds at times; lots of burning in the valley; some freezing at night. No visible organics; filt. Through 500 um mesh.,,,
FMP,17041901,17041901-02,Yellow Bay Knob @ Flathead Lake BioStation,TMP03416,FMP08572,4/19/2017,12/30/1899 10:00:00,,,Deposition-Wet,622.1,Deposition,Total Phosphorus,TP,4.1,,4.1,,µg/L - P,"USGS 03-4174, EPA 365.2",1.5,,,Bucket in on 12IV17 @ 1515 hrs. Some heavy rain at times with high winds; a few sunny days in between; open burning. Light organics in the sample; filt through 500 um mesh.,,,
FMP,17042802,17042802-02,Yellow Bay Knob @ Flathead Lake BioStation,TMP03416,FMP08589,4/28/2017,12/30/1899 10:15:00,,,Deposition-Wet,1875.7,Deposition,Total Phosphorus,TP,2.6,,2.6,,µg/L - P,"USGS 03-4174, EPA 365.2",1.5,,,"Bucket in 19IV17 @ 1000 hrs. Heavy rains this week; as a result, the buckets were left out longer; high winds at times; open burning. No visible organics in the sample; filt through 500 um mesh.",,,
FMP,17050901,17050901-02,Yellow Bay Knob @ Flathead Lake BioStation,TMP03416,FMP08598,5/9/2017,12/30/1899 8:30:00,,,Deposition-Wet,882,Deposition,Total Phosphorus,TP,2,,2,,µg/L - P,"USGS 03-4174, EPA 365.2",1.5,,,"Bucket in 28IV17 @ 1015 hours. Scattered light rain first week. Warming for last week with steady light rain all day 07V17. Pretty clean sample, filtered through 500um mesh.",,,
FMP,17051601,17051601-02,Yellow Bay Knob @ Flathead Lake BioStation,TMP03416,FMP08611,5/16/2017,12/30/1899 11:00:00,,,Deposition-Wet,815.4,Deposition,Total Phosphorus,TP,5.5,,5.5,,µg/L - P,"USGS 03-4174, EPA 365.2",1.5,,,Bucket in on 09V17 @ 0830hrs. P. sunny at times but mostly overcast with rain showers. Cooler temperatures and high winds at times. Light organics; filtered through 500 um mesh.,,,
FMP,17060603,17060603-02,Yellow Bay Knob @ Flathead Lake BioStation,TMP03416,FMP08619,6/6/2017,12/30/1899 16:15:00,,,Deposition-Wet,852.5,Deposition,Total Phosphorus,TP,137,,137,,µg/L - P,"USGS 03-4174, EPA 365.2",1.5,,,Bucket in 16 V 17 @1100hrs. Dry and sunny w/heavy rainstorms at times from thunderstorms; temps in the 70-80's; lots of pollen and soot from private brush pile fires in the air. Heavy organics; 1 midge; very hard to filt. By lab Lots of pollen and soot.,,,
FMP,17061506,17061506-02,Yellow Bay Knob @ Flathead Lake BioStation,TMP03416,FMP08636,6/15/2017,12/30/1899 15:00:00,,,Deposition-Wet,2203,Deposition,Total Phosphorus,TP,23.7,,23.7,,µg/L - P,"USGS 03-4174, EPA 365.2",1.5,,,Bucket in on 06VI17 @ 1615hrs. Dry and sunny with heavy rainstorm on Tuesday (2 days ago); high winds and temps in the 60's to mid-70's (F). Lots of pollen in the air. Light org. pollen in sample; filt through 500 um.,,,
FMP,17081701,17081701-02,Yellow Bay Knob @ Flathead Lake BioStation,TMP03416,FMP08689,8/17/2017,12/30/1899 7:45:00,,,Deposition-Wet,464,Deposition,Total Phosphorus,TP,15.9,,15.9,,µg/L - P,"USGS 03-4174, EPA 365.2",1.5,,,"Bucket in 15VI17 @ 1615 hours.Hot and dry for last month.Smokey from fire that started last week in Blue Bay. Light rain ~ a month ago and again 2-3 days ago. Light debris and soot in sample, filtered through 500um mesh.  Added TOC.",,,
FMP,17092103,17092103-02,Yellow Bay Knob @ Flathead Lake BioStation,TMP03416,FMP08716,9/21/2017,12/30/1899 13:15:00,,,Deposition-Wet,1507.1,Deposition,Total Phosphorus,TP,9.7,,9.7,,µg/L - P,"USGS 03-4174, EPA 365.2",1.5,,,"Bucket in 17VIII17 @ 0745 hours. Scattered rain last 4 days.  Rain cleared smoke from air. Slight amount of fine organics in sample, filtered through 500um mesh. ADDED TOC.",,,
FMP,17100401,17100401-02,Yellow Bay Knob @ Flathead Lake BioStation,TMP03416,FMP08730,10/4/2017,12/30/1899 7:45:00,,,Deposition-Wet,538.9,Deposition,Total Phosphorus,TP,7,,7,,µg/L - P,"USGS 03-4174, EPA 365.2",1.5,,,"Bucket in 21IX17 @ 1315 hours.  Cool, cloudy, intermittent rain.  1 dipteran and very light organics in sample.  Filtered through 500um mesh.",,,
FMP,17101301,17101301-02,Yellow Bay Knob @ Flathead Lake BioStation,TMP03416,FMP08736,10/13/2017,12/30/1899 9:00:00,,,Deposition-Wet,1357,Deposition,Total Phosphorus,TP,6.9,,6.9,,µg/L - P,"USGS 03-4174, EPA 365.2",1.5,,,"Cool, cloudy, windy, rainy for last week.  6 dipterans and  very light organics in sample, Filtered through 500um mesh.",,,
FMP,17101801,17101801-02,Yellow Bay Knob @ Flathead Lake BioStation,TMP03416,FMP08749,10/18/2017,12/30/1899 9:15:00,,,Deposition-Wet,908.2,Deposition,Total Phosphorus,TP,1.9,,1.9,,µg/L - P,"USGS 03-4174, EPA 365.2",1.5,,,"Cool, warm, sunny, cloudy and rainy, calm and high winds for last week. 3 midges in sample, filtered through 500um mesh.",,,
FMP,17102301,17102301-02,Yellow Bay Knob @ Flathead Lake BioStation,TMP03416,FMP08751,10/23/2017,12/30/1899 8:30:00,,,Deposition-Wet,1244.5,Deposition,Total Phosphorus,TP,< 1.5,,1.5,<,µg/L - P,"USGS 03-4174, EPA 365.2",1.5,,,"Bucket in 18X17 @ 0915 hrs. Cool, windy, rainy last week. 2 midges in sample. Filtered through 500um mesh",,,
FMP,17110901,17110901-02,Yellow Bay Knob @ Flathead Lake BioStation,TMP03416,FMP08769,11/7/2017,12/30/1899 16:00:00,,,Deposition-Wet,1489.9,Deposition,Total Phosphorus,TP,4,,4,,µg/L - P,"USGS 03-4174, EPA 365.2",1.5,,,"Bucket in on 23X17 At 0830 hrs. Cold, snowing began on 2XI17  and snowed on anf off for the next four days; high winds at times. Light organics in the sample and sample was allowed to thaw in the walk-in fridge.Filtered through 500um mesh",,,
FMP,17112001,17112001-02,Yellow Bay Knob @ Flathead Lake BioStation,TMP03416,FMP08772,11/20/2017,12/30/1899 9:15:00,,,Deposition-Wet,674.7,Deposition,Total Phosphorus,TP,1.5,,1.5,,µg/L - P,"USGS 03-4174, EPA 365.2",1.5,,,Bucket in on 07XI17 @ 1600hrs. Some rain and light snow showers over the collection period; high winds at times; warmer temperatures (32-40 F). Light organics; 1 Chironomidae adult; Filtered through 500 um mesh.,,,
FMP,17112701,17112701-02,Yellow Bay Knob @ Flathead Lake BioStation,TMP03416,FMP08778,11/27/2017,12/30/1899 12:00:00,,,Deposition-Wet,1751.2,Deposition,Total Phosphorus,TP,< 1.5,,1.5,<,µg/L - P,"USGS 03-4174, EPA 365.2",1.5,,,Bucket in on 20XI17@0915hrs. Rain showers on and off throughout the collection period with high winds at times. Temperatures were above freezing. Lite organics in the samples; filtered through 500 um mesh.,,,
FMP,17121801,17121801-02,Yellow Bay Knob @ Flathead Lake BioStation,TMP03416,FMP08797,12/18/2017,12/30/1899 14:55:00,,,Deposition-Wet,650.5,Deposition,Total Phosphorus,TP,2.1,,2.1,,µg/L - P,"USGS 03-4174, EPA 365.2",1.5,,,Bucket in on 12XI17 @ 1200hrs. Colder temperatures the past 7 days; mostly dry during the collection period until the past 3 days when snow and rain showers hit the valley; high winds at times. Light organics in the sample; filtered through 500 um mesh.,,,
FMP,17122201,17122201-02,Yellow Bay Knob @ Flathead Lake BioStation,TMP03416,FMP08799,12/22/2017,12/30/1899 8:15:00,,,Deposition-Wet,1894.5,Deposition,Total Phosphorus,TP,< 1.5,,1.5,<,µg/L - P,"USGS 03-4174, EPA 365.2",1.5,,,"Bucket in 18XII17 @ 1455 hours. Cold front with wind and lots of snow this week. Light organics in sample, filtered through 500um mesh. Collector full of snow, thawed in warm water.",,,
FMP,18010201,18010201-02,Yellow Bay Knob @ Flathead Lake BioStation,TMP03416,FMP08801,1/2/2018,12/30/1899 15:00:00,,,Deposition-Wet,1898.2,Deposition,Total Phosphorus,TP,2.3,R,2.3,,µg/L - P,"USGS 03-4174, EPA 365.2",1.5,,,"Bucket in 22XII17 @ 0815 hours. Thawed in cooler over night. Blizzard last week, cold, windy, snowy. Light organics in sample, filtered through 500um mesh.",,,
FMP,18011001,18011001-02,Yellow Bay Knob @ Flathead Lake BioStation,TMP03416,FMP08814,1/10/2018,12/30/1899 9:15:00,,,Deposition-Wet,565.2,Deposition,Total Phosphorus,TP,2.5,,2.5,,µg/L - P,"USGS 03-4174, EPA 365.2",1.5,,,Bucket in on 02I18@1500hrs. Warmer temperatures last week w/rain showers. Moderate winds. light organics in the sample; filtered through 500 um mesh.,,,
FMP,18011601,18011601-02,Yellow Bay Knob @ Flathead Lake BioStation,TMP03416,FMP08820,1/16/2018,12/30/1899 8:15:00,,,Deposition-Wet,1194.3,Deposition,Total Phosphorus,TP,< 1.5,,1.5,<,µg/L - P,"USGS 03-4174, EPA 365.2",1.5,,,"Snow storm 3-4 days ago, mild temps (25-35degF), mild wind. Very light organics in sample, filtered through 500um mesh. Did not need to thaw sample.",,,
FMP,18013001,18013001-02,Yellow Bay Knob @ Flathead Lake BioStation,TMP03416,FMP08823,1/30/2018,12/30/1899 13:30:00,,,Deposition-Wet,553.6,Deposition,Total Phosphorus,TP,7.6,,7.6,,µg/L - P,"USGS 03-4174, EPA 365.2",1.5,,,Bucket in on 16I18@0815hrs. Rain and snow showers on anf off during collection period; high winds at times; freezing nights and warm days. Moderate organics in the sample; Filtered through 500 um mesh.,,,
FMP,18020701,18020701-02,Yellow Bay Knob @ Flathead Lake BioStation,TMP03416,FMP08825,2/7/2018,12/30/1899 8:45:00,,,Deposition-Wet,1069.3,Deposition,Total Phosphorus,TP,< 1.5,,1.5,<,µg/L - P,"USGS 03-4174, EPA 365.2",1.5,,,Bucket in on 30I18@1330hrs. Rain and snow storms; warmer temperatures (mid-30'sF); some high winds at times; colder temperatures later in the week. Light organics in the sample: filtered through 500um mesh; sample frozen and was allowed to thaw overnight.,,,
FMP,18021401,18021401-02,Yellow Bay Knob @ Flathead Lake BioStation,TMP03416,FMP08827,2/13/2018,12/30/1899 9:00:00,,,Deposition-Wet,325.2,Deposition,Total Phosphorus,TP,6.2,,6.2,,µg/L - P,"USGS 03-4174, EPA 365.2",1.5,,,Bucket in on 06II18@0845hrs. Very cold temperatures in the single digits; some snow showers; very high winds 20-30mph gusts. Light organics in the sample; snow; filtered through 500 um mesh; allowed to thaw overnight in the walk-in fridge.,,,
FMP,18022101,18022101-02,Yellow Bay Knob @ Flathead Lake BioStation,TMP03416,FMP08829,2/21/2018,12/30/1899 11:30:00,,,Deposition-Wet,1124.3,Deposition,Total Phosphorus,TP,5.2,,5.2,,µg/L - P,"USGS 03-4174, EPA 365.2",1.5,,,Bucket in on 13II18@0900hrs. Bitter cold this past week with a blizard 5 days ago; high winds at times and some more recent snow showers. Light organics in the sample; snow and allowed to thaw in the walk-in fridge overnight; filtered through 500 um mes,,,
FMP,18032103,18032103-02,Yellow Bay Knob @ Flathead Lake BioStation,TMP03416,FMP08853,3/21/2018,12/30/1899 14:00:00,,,Deposition-Wet,404.8,Deposition,Total Phosphorus,TP,3.5,,3.5,,µg/L - P,"USGS 03-4174, EPA 365.2",1.5,,,Bucket in on 21III18@1130hrs. Light rain/snow showers during collection period; took a long time to accumulate enough sample.; overcast to sunny; warmer temp. during day and freezing nights; open burning. Light organics; filtered 500 um; foamy sample.,,,
FMP,18032801,18032801-02,Yellow Bay Knob @ Flathead Lake BioStation,TMP03416,FMP08866,3/28/2018,12/30/1899 9:30:00,,,Deposition-Wet,1213.6,Deposition,Total Phosphorus,TP,< 1.5,,1.5,<,µg/L - P,"USGS 03-4174, EPA 365.2",1.5,,,Bucket in on 28III18@1400hrs. High winds and some rain showers; nights near freezing with days in the 40's (F); burning at the station. Light organics in the sample; 1 Chironomid adult; filtered through 500 um mesh.,,,
FMP,18041101,18041101-02,Yellow Bay Knob @ Flathead Lake BioStation,TMP03416,FMP08880,4/11/2018,12/30/1899 12:00:00,,,Deposition-Wet,632.2,Deposition,Total Phosphorus,TP,8.6,,8.6,,µg/L - P,"USGS 03-4174, EPA 365.2",1.5,,,Bucket in on 28III18@1400hrs. Rain showers on and off during the collection period; high winds at times; burning at the station. No visible organics in the sample; filtered through 500 um mesh.,,,
FMP,18041801,18041801-02,Yellow Bay Knob @ Flathead Lake BioStation,TMP03416,FMP08882,4/18/2018,12/30/1899 13:00:00,,,Deposition-Wet,1644.8,Deposition,Total Phosphorus,TP,2.4,,2.4,,µg/L - P,"USGS 03-4174, EPA 365.2",1.5,,,"Bucket in on 11IV18@1200hrs. Heavy rainstorms at times; cold nights and warmer days; high winds at times. Moderate organics in the sample; 1 bumblebee, I Dipteran; filtered through 500 um mesh.",,,
FMP,18050301,18050301-02,Yellow Bay Knob @ Flathead Lake BioStation,TMP03416,FMP08904,5/3/2018,12/30/1899 10:00:00,,,Deposition-Wet,558,Deposition,Total Phosphorus,TP,21.2,,21.2,,µg/L - P,"USGS 03-4174, EPA 365.2",1.5,,,"Valley wide burning, Scattered rain on 30IV18 and 01V18..  Also burning at FLBS. Sample very clean, filtered through 500um mesh.",,,
FMP,18051002,18051002-02,Yellow Bay Knob @ Flathead Lake BioStation,TMP03416,FMP08910,5/10/2018,12/30/1899 9:15:00,,,Deposition-Wet,520.5,Deposition,Total Phosphorus,TP,5.7,,5.7,,µg/L - P,"USGS 03-4174, EPA 365.2",1.5,,,Bucket in on 03V18@1000hrs. Rain showers at times but mostly dry; some burning in the valley; Lots of pollen in the air. Light organics; filtered through 500 um mesh.,,,
FMP,18051601,18051601-02,Yellow Bay Knob @ Flathead Lake BioStation,TMP03416,FMP08912,5/16/2018,12/30/1899 12:00:00,,,Deposition-Wet,776.4,Deposition,Total Phosphorus,TP,3,,3,,µg/L - P,"USGS 03-4174, EPA 365.2",1.5,,,Bucket in on 10V18@0915hrs. Few rainstorms last week but mostly dry; lots of pollen in the air and brush and USFS prescribed burns in the valley; hazy at times. Light organics; no noticeable pollen; filtered through 500 um mesh.,,,
FMP,18053001,18053001-02,Yellow Bay Knob @ Flathead Lake BioStation,TMP03416,FMP08930,5/30/2018,12/30/1899 15:00:00,,,Deposition-Wet,832.3,Deposition,Total Phosphorus,TP,9.5,,9.5,,µg/L - P,"USGS 03-4174, EPA 365.2",1.5,,,Bucket in on 16V18@1200hrs. Mostly dry with some thunder/lightning rainstorms at times. Moderate to high winds. Lots of pollen in the air. Some smoke haze at times. Light organics in the sample; filtered through 500 um mesh.,,,
FMP,18060704,18060704-02,Yellow Bay Knob @ Flathead Lake BioStation,TMP03416,FMP08936,6/7/2018,12/30/1899 15:00:00,,,Deposition-Wet,1891.6,Deposition,Total Phosphorus,TP,4,,4,,µg/L - P,"USGS 03-4174, EPA 365.2",1.5,,,Bucket in on 30V18@1500hrs. Heavy rainstorms at times; high to moderate winds; lots of pollen in the air; Temp's in the 60-70's. Light organics in the sample; filtered through 500 um mesh.,,,
FMP,18061402,18061402-02,Yellow Bay Knob @ Flathead Lake BioStation,TMP03416,FMP08938,6/14/2018,12/30/1899 14:30:00,,,Deposition-Wet,1141,Deposition,Total Phosphorus,TP,17.9,,17.9,,µg/L - P,"USGS 03-4174, EPA 365.2",1.5,,,Bucket in on 07VI18@1500hrs. High winds at times; rain showers at times but mostly dry; lots of pollen in the air. Light organics in the sample; filtered through 500 um mesh.,,,
FMP,18062201,18062201-02,Yellow Bay Knob @ Flathead Lake BioStation,TMP03416,FMP08951,6/22/2018,12/30/1899 10:00:00,,,Deposition-Wet,1008.6,Deposition,Total Phosphorus,TP,5.8,,5.8,,µg/L - P,"USGS 03-4174, EPA 365.2",1.5,,,Bucket in on 14VI18@1430hrs. Mostly dry with a few rain showers; calm to high winds; pollen in the air. Light organics; filtered through 500 um mesh.,,,
FMP,18062802,18062802-02,Yellow Bay Knob @ Flathead Lake BioStation,TMP03416,FMP08957,6/29/2018,12/30/1899 15:00:00,,,Deposition-Wet,2212.7,Deposition,Total Phosphorus,TP,15,,15,,µg/L - P,"USGS 03-4174, EPA 365.2",1.5,,,Bucket in 22VI18@1000hrs. Mostly dry with some heavy rainstorms; intermittently. Pollen in the air; high to moderate winds.Light organics in sample; filtered through 500 um mesh.,,,
FMP,18082101,18082101-02,Yellow Bay Knob @ Flathead Lake BioStation,TMP03416,FMP09005,8/21/2018,12/30/1899 8:30:00,,,Deposition-Wet,590.9,Deposition,Total Phosphorus,TP,13.8,,13.8,,µg/L - P,"USGS 03-4174, EPA 365.2",1.5,,,"Bucket in 29VI18 @ 1500 hours. Hot and dry summer, rain and wind yesterday. Light organics in sample (no flies or needles).  Filtered through 500um mesh.",,,
FMP,18082701,18082701-02,Yellow Bay Knob @ Flathead Lake BioStation,TMP03416,FMP09007,8/28/2018,12/30/1899 7:30:00,,,Deposition-Wet,1235.3,Deposition,Total Phosphorus,TP,4.8,,4.8,,µg/L - P,"USGS 03-4174, EPA 365.2",1.5,,,Smokey and cool last week.  Rain last two days. Very light fine organics in sample.  Filtered through 500um mesh.,,,
FMP,18091401,18091401-02,Yellow Bay Knob @ Flathead Lake BioStation,TMP03416,FMP09035,9/14/2018,12/30/1899 9:30:00,,,Deposition-Wet,685.1,Deposition,Total Phosphorus,TP,21.2,,21.2,,µg/L - P,"USGS 03-4174, EPA 365.2",1.5,,,Bucket in on 28VIII18 at 0730hrs. High winds at times with cooler temperatures in the evenings (40's) and days in the 70's. Hazy form smoke/fires. Heavy rains yesterday.,,,
FMP,18100501,18100501-02,Yellow Bay Knob @ Flathead Lake BioStation,TMP03416,FMP09054,10/5/2018,12/30/1899 10:30:00,,,Deposition-Wet,768.9,Deposition,Total Phosphorus,TP,14.8,,14.8,,µg/L - P,"USGS 03-4174, EPA 365.2",1.5,,,"Cool and rainy for last week.Few pine needles, 3 gnats and light fine organics in sample.  Filtered through 500um mesh.",,,
FMP,18102901,18102901-02,Yellow Bay Knob @ Flathead Lake BioStation,TMP03416,FMP09073,10/29/2018,12/30/1899 11:00:00,,,Deposition-Wet,1520.5,Deposition,Total Phosphorus,TP,11.3,,11.3,,µg/L - P,"USGS 03-4174, EPA 365.2",1.5,,,"Bucket in on 05X18 @ 1030hrs. Mostly warm and dry, sunny turning to rain 3 days ago. Moderate organics, filtered through 500 um mesh.",,,
FMP,18110501,18110501-02,Yellow Bay Knob @ Flathead Lake BioStation,TMP03416,FMP09075,11/5/2018,12/30/1899 9:30:00,,,Deposition-Wet,1131.8,Deposition,Total Phosphorus,TP,2.9,,2.9,,µg/L - P,"USGS 03-4174, EPA 365.2",1.5,,,Bucket in on 29X18 @1100hrs. Lots of rain last week; high winds at times. No visible organics in the sample; filtered through 500 um mesh anyway.,,,
FMP,18111401,18111401-02,Yellow Bay Knob @ Flathead Lake BioStation,TMP03416,FMP09088,11/14/2018,12/30/1899 13:30:00,,,Deposition-Wet,901.5,Deposition,Total Phosphorus,TP,7.4,,7.4,,µg/L - P,"USGS 03-4174, EPA 365.2",1.5,,,Bucket in on 05XI18 @ 0930hrs. Cold temperatures (mid-20's to mid-30's) last week; some rain and snow showers; High winds at times. Light organics in the sample; filtered through 500 um mesh.,,,
FMP,18120401,18120401-02,Yellow Bay Knob @ Flathead Lake BioStation,TMP03416,FMP09095,12/4/2018,12/30/1899 15:15:00,,,Deposition-Wet,694.1,Deposition,Total Phosphorus,TP,5.5,,5.5,,µg/L - P,"USGS 03-4174, EPA 365.2",1.5,,,Bucket in on 14XI18 @ 1330hrs. Some rain and snow showers with warmer temperatures. Calm to moderate winds. No visible organics in the sample; filtered through 500um mesh.,,,
FMP,18122701,18122701-02,Yellow Bay Knob @ Flathead Lake BioStation,TMP03416,FMP09116,12/27/2018,12/30/1899 10:15:00,,,Deposition-Wet,1085.1,Deposition,Total Phosphorus,TP,1.7,,1.7,,µg/L - P,"USGS 03-4174, EPA 365.2",1.5,,,"slight snow at time of collection, forecasted to be trace amounts",,,
FMP,19011002,19011002-02,Yellow Bay Knob @ Flathead Lake BioStation,TMP03416,FMP09130,1/10/2019,12/30/1899 13:00:00,,,Deposition-Wet,1769.4,Deposition,Total Phosphorus,TP,1.6,,1.6,,µg/L - P,"USGS 03-4174, EPA 365.2",1.5,,,Bucket in on 27XII18@1015hrs. Some rain and snow showers throughout the collection period but not enough for a sample until this week. Calm to high winds. Light organics in the sample; filtered through 500um mesh.,,,
FMP,19012404,19012404-02,Yellow Bay Knob @ Flathead Lake BioStation,TMP03416,FMP09137,1/24/2019,12/30/1899 15:00:00,,,Deposition-Wet,2203.7,Deposition,Total Phosphorus,TP,2.1,,2.1,,µg/L - P,"USGS 03-4174, EPA 365.2",1.5,,,"Bucket in on 10I19 @ 1300 hrs. Temperatures in the low 20's to low 30's (F); Moderate to high winds; trace snow/rain showers until 18I19 and big snow storm yesterday (~12""); inversion during the collection period. Light organics; filtered through 500 um.",,,
FMP,19020801,19020801-02,Yellow Bay Knob @ Flathead Lake BioStation,TMP03416,FMP09140,2/7/2019,12/30/1899 16:00:00,,,Deposition-Wet,609,Deposition,Total Phosphorus,TP,3.7,,3.7,,µg/L - P,"USGS 03-4174, EPA 365.2",1.5,,,Bucket in on 24I19 @ 1500hrs. Moderate to very cold temperatures (mid-20s to single digits (F)). Light to high winds. Dry then heavy snow showers. Light organics in the sample. Filtered through 500 um mesh. Snow allowed to thaw in fridge overnight.,,,
FMP,19021501,19021501-02,Yellow Bay Knob @ Flathead Lake BioStation,TMP03416,FMP09142,2/14/2019,12/30/1899 17:00:00,,,Deposition-Wet,825.5,Deposition,Total Phosphorus,TP,< 1.5,,1.5,<,µg/L - P,"USGS 03-4174, EPA 365.2",1.5,,,Bucket in on 7II19@1600hrs. High winds and bitter cold temperatures with snow showers nearly everyday this past week. Light organics in the sample; filtered through 500um mesh; snow allowed to thaw in fridge overnight.,,,
FMP,19022102,19022102-02,Yellow Bay Knob @ Flathead Lake BioStation,TMP03416,FMP09144,2/21/2019,12/30/1899 10:00:00,,,Deposition-Wet,1110.7,Deposition,Total Phosphorus,TP,< 1.5,,1.5,<,µg/L - P,"USGS 03-4174, EPA 365.2",1.5,,,"Bucket in on 14II19@1700hrs. Cold temperatures (lows in the single digits) and heavy snow 6 days ago. Calm to moderate winds. No visble organics in the sample; filtered through 500 um mesh; snow, allowed to thaw in fridge overnight.",,,
FMP,19030801,19030801-02,Yellow Bay Knob @ Flathead Lake BioStation,TMP03416,FMP09151,3/8/2019,12/30/1899 16:30:00,,,Deposition-Wet,931.3,Deposition,Total Phosphorus,TP,< 1.5,,1.5,<,µg/L - P,"USGS 03-4174, EPA 365.2",1.5,,,Bucket in on 21II19@1000hrs. Bittercold (lowest was -19F); light to moderate wind; snow showers on and off. Lake 95% frozen over! Light organics; filtered through 500um mesh; snow allowed to thaw in fridge overnight.,,,
FMP,19040402,19040402-02,Yellow Bay Knob @ Flathead Lake BioStation,TMP03416,FMP09171,4/4/2019,12/30/1899 9:00:00,,,Deposition-Wet,438.5,Deposition,Total Phosphorus,TP,3,,3,,µg/L - P,"USGS 03-4174, EPA 365.2",1.5,,,Bucket in on 07III19 @ 1630hrs. Few rain showers but mostly dry. Nights still at or just above freezing. Calm to moderate winds. Some burning in the valley. Light organics in the sample; Filtered through 500 um mesh.,,,
FMP,19041103,19041103-02,Yellow Bay Knob @ Flathead Lake BioStation,TMP03416,FMP09173,4/11/2019,12/30/1899 16:00:00,,,Deposition-Wet,2188.4,Deposition,Total Phosphorus,TP,1.7,,1.7,,µg/L - P,"USGS 03-4174, EPA 365.2",1.5,,,Bucket in 04IV19@0900hrs. Heavy rainstorms this past week; some wind; Some open burning in the valley; Still cold nights. Moderate organics in the sample; filtered through 500um mesh,,,
FMP,19042401,19042401-02,Yellow Bay Knob @ Flathead Lake BioStation,TMP03416,FMP09196,4/24/2019,12/30/1899 13:00:00,,,Deposition-Wet,525.1,Deposition,Total Phosphorus,TP,12.4,,12.4,,µg/L - P,"USGS 03-4174, EPA 365.2",1.5,,,Bucket in on 11IV19 @ 1600hrs. Moderate to high winds; rain showers at times; heavy rain yesterday; open burning in the valley. Light organics in the sample; filtered through 500 um mesh.,,,
FMP,19050301,19050301-02,Yellow Bay Knob @ Flathead Lake BioStation,TMP03416,FMP09198,5/3/2019,12/30/1899 7:30:00,,,Deposition-Wet,508.7,Deposition,Total Phosphorus,TP,5.2,,5.2,,µg/L - P,"USGS 03-4174, EPA 365.2",1.5,,,Bucket in on 24IV19@1300hrs. Moderate to hihg winds. Open burning in the valley; some rain and a snow shower. Light organics; filtered through 500 um mesh.,,,
FMP,19051702,19051702-02,Yellow Bay Knob @ Flathead Lake BioStation,TMP03416,FMP09221,5/17/2019,12/30/1899 14:00:00,,,Deposition-Wet,329,Deposition,Total Phosphorus,TP,19.7,,19.7,,µg/L - P,"USGS 03-4174, EPA 365.2",1.5,,,Bucket in on 3V19 @ 0730hrs. Mostly dry with temps. In the high 60's to low 70's; high winds at times with some rain showers that last 2 days. Moderate organics in the sample; filtered through 500 um mesh.,,,
FMP,19061202,19061202-02,Yellow Bay Knob @ Flathead Lake BioStation,TMP03416,FMP09256,6/12/2019,12/30/1899 16:45:00,,,Deposition-Wet,1453.6,Deposition,Total Phosphorus,TP,16.1,,16.1,,µg/L - P,"USGS 03-4174, EPA 365.2",1.5,,,"Bucket in on 17V19@1400hrs. Mostly dry during collection period with a few rain showers until 5 days agi when we got heavy rain. Some pollen; moderate organics, filtered through 500 um mesh.",,,
FMP,19062601,19062601-02,Yellow Bay Knob @ Flathead Lake BioStation,TMP03416,FMP09267,6/26/2019,12/30/1899 11:30:00,,,Deposition-Wet,768,Deposition,Total Phosphorus,TP,10.5,,10.5,,µg/L - P,"USGS 03-4174, EPA 365.2",1.5,,,Bucket in on 12VI19 @ 16:45hrs. Rain last week; mostly dry before that; high winds at times. Light organics; 3 midges; filtered through 500 um mesh.,,,
FMP,19070302,19070302-02,Yellow Bay Knob @ Flathead Lake BioStation,TMP03416,FMP09284,7/3/2019,12/30/1899 16:00:00,,,Deposition-Wet,859,Deposition,Total Phosphorus,TP,9.9,,9.9,,µg/L - P,"USGS 03-4174, EPA 365.2",1.5,,,Bucket in on 26VI19@1130hrs. Mostly dry with high winds at times; rain/thunderstorms yesterday. Highs close to 80F. Light organics in the sample; filtered through 500 um mesh. Pollen.,,,
FMP,19071802,19071802-02,Yellow Bay Knob @ Flathead Lake BioStation,TMP03416,FMP09291,7/18/2019,12/30/1899 10:00:00,,,Deposition-Wet,555.9,Deposition,Total Phosphorus,TP,7.4,,7.4,,µg/L - P,"USGS 03-4174, EPA 365.2",1.5,,,Bucket in 03VII19 @ 1600. Thunder/rainstorms on and off; Mostly dry; highs in the low 80's. Light organics; Filtered through 500 um mesh.,,,
FMP,19081602,19081602-02,Yellow Bay Knob @ Flathead Lake BioStation,TMP03416,FMP09332,8/16/2019,12/30/1899 13:45:00,,,Deposition-Wet,1166.2,Deposition,Total Phosphorus,TP,35.6,,35.6,,µg/L - P,"USGS 03-4174, EPA 365.2",1.5,,,"Bucket in on 18VII19 @ 1000hrs.Mostly hot and dry during the collection preiod;  heavy rain and windstorm 6 days ago. Some haze from fires. Heavy organics, filtered through 500 um mesh.",,,
FMP,19091101,19091101-02,Yellow Bay Knob @ Flathead Lake BioStation,TMP03416,FMP09356,9/11/2019,12/30/1899 11:30:00,,,Deposition-Wet,5458.4,Deposition,Total Phosphorus,TP,2.6,,2.6,,µg/L - P,"USGS 03-4174, EPA 365.2",1.5,,,"Heavy rain 3 days ago, light rain last 2 days.  Moderate organics in sample, filtered through 500um mesh.",,,
FMP,20013101,20013101-02,Yellow Bay Knob @ Flathead Lake BioStation,TMP03416,FMP09472,1/31/2020,12/30/1899 15:00:00,,,Deposition-Wet,771.7,Deposition,Total Phosphorus,TP,< 1.5,,1.5,<,µg/L - P,"USGS 03-4174, EPA 365.2",1.5,,,Bucket in on 24I20@0930hrs. Rain and snow showers; Inversion; Moderate and high winds; ~32-40F temperatures. Light organics; filtered through 500 um mesh; 1st wet sample with new LODA Elec.,,,
FMP,20020701,20020701-02,Yellow Bay Knob @ Flathead Lake BioStation,TMP03416,FMP09474,2/7/2020,12/30/1899 9:30:00,,,Deposition-Wet,373.4,Deposition,Total Phosphorus,TP,2,,2,,µg/L - P,"USGS 03-4174, EPA 365.2",1.5,,,Bucket in on 31I20@1500hrs. High winds at times; rain and snow showers; freeze/thaw temperature cycles. Light organics; filtered through 500 um mesh.,,,
FMP,20040301,20040301-02,Yellow Bay Knob @ Flathead Lake BioStation,TMP03416,FMP09522,4/3/2020,12/30/1899 9:00:00,,,Deposition-Wet,964.3,Deposition,Total Phosphorus,TP,25.5,,25.5,,µg/L - P,"USGS 03-4174, EPA 365.2",1.5,,,Bucket in on 07II20 @ 0930hrs. Mod to high winds; snow showers this week finally got enough sample for wet; warmer days but low cold temps. @ night; open burning and burning at the station. Heavy organics; filtered through 500 um mesh.,,,
FMP,20041001,20041001-02,Yellow Bay Knob @ Flathead Lake BioStation,TMP03416,FMP09524,4/10/2020,12/30/1899 9:00:00,,,Deposition-Wet,730.5,Deposition,Total Phosphorus,TP,5.6,,5.6,,µg/L - P,"USGS 03-4174, EPA 365.2",1.5,,,Bucket in on 03IV20 @ 0900hrs. Winds mod. To high; warm days with cold nights; some snow and rain showers; open burning. Light organics; filtered through 500 um mesh.,,,
FMP,20041701,20041701-02,Yellow Bay Knob @ Flathead Lake BioStation,TMP03416,FMP09545,4/17/2020,12/30/1899 14:00:00,,,Deposition-Wet,662.8,Deposition,Total Phosphorus,TP,7.9,,7.9,,µg/L - P,"USGS 03-4174, EPA 365.2",1.5,,,Bucket in on 10IV20 @ 0900hrs. Days in mid-40's with freezing nights; high to moderate winds; lots of burning at station and in the valley. Light organics; filtered through 500 um mesh.,,,
FMP,20050201,20050201-02,Yellow Bay Knob @ Flathead Lake BioStation,TMP03416,FMP09556,5/2/2020,12/30/1899 11:00:00,,,Deposition-Wet,559.2,Deposition,Total Phosphorus,TP,49,,49,,µg/L - P,"USGS 03-4174, EPA 365.2",1.5,,,"Bucket in on 17IV20@1400hrs. Mostly dry with a few rainstorms, lots of pollen in the air; warmer days with nights in the 40's(F). Light organics; Filt. 500um mesh.",,,
FMP,20050901,20050901-02,Yellow Bay Knob @ Flathead Lake BioStation,TMP03416,FMP09573,5/9/2020,12/30/1899 10:00:00,,,Deposition-Wet,1159.8,Deposition,Total Phosphorus,TP,20.5,,20.5,,µg/L - P,"USGS 03-4174, EPA 365.2",1.5,,,Bucket in on 09V20 @ 1000hrs. Rain and some high winds. Colder temperatures overall; lots of pollen in the air. Moderate organics; filtered through 500 um mesh.,,,
FMP,20051601,20051601-02,Yellow Bay Knob @ Flathead Lake BioStation,TMP03416,FMP09575,5/16/2020,12/30/1899 9:30:00,,,Deposition-Wet,1442.3,Deposition,Total Phosphorus,TP,4.8,,4.8,,µg/L - P,"USGS 03-4174, EPA 365.2",1.5,,,Bucket in on 09V20@1000hrs. Rain showers this week; moderate to high winds; lots of pollen in the air. Moderate organics in the sample; filtered through 500 um mesh.,,,
FMP,20052201,20052201-02,Yellow Bay Knob @ Flathead Lake BioStation,TMP03416,FMP09581,5/22/2020,12/30/1899 8:30:00,,,Deposition-Wet,2144.7,Deposition,Total Phosphorus,TP,10.4,,10.4,,µg/L - P,"USGS 03-4174, EPA 365.2",1.5,,,"Cloudy, windy, rainy all week.  Light debris in sample, filtered through 500um mesh.",,,
FMP,20052701,20052701-02,Yellow Bay Knob @ Flathead Lake BioStation,TMP03416,FMP09583,5/29/2020,12/30/1899 7:20:00,,,Deposition-Wet,343,Deposition,Total Phosphorus,TP,9.5,,9.5,,µg/L - P,"USGS 03-4174, EPA 365.2",1.5,,,Bucket in on 22V20 @ 0830hrs. Mostly dry with some rainstorms. Lots of pollen in the air. Light organics in the sample; filtered through 500 um mesh.,,,
FMP,20060501,20060501-02,Yellow Bay Knob @ Flathead Lake BioStation,TMP03416,FMP09604,6/5/2020,12/30/1899 8:30:00,,,Deposition-Wet,597.1,Deposition,Total Phosphorus,TP,50.1,,50.1,,µg/L - P,"USGS 03-4174, EPA 365.2",1.5,,,"Thunderstorms with lots of wind 5 days ago, mostly sunny rest of the week.  Lots of organics in sample, filtered through 500um mesh.",,,
FMP,20061701,20061701-02,Yellow Bay Knob @ Flathead Lake BioStation,TMP03416,FMP09612,6/18/2020,12/30/1899 22:15:00,,,Deposition-Wet,620.7,Deposition,Total Phosphorus,TP,40.1,,40.1,,µg/L - P,"USGS 03-4174, EPA 365.2",1.5,,,Bucket in on 12VI20@10:30 hrs. Some rain and thunderstorms this week. Moderate wind. Heavy organics on sample with; Pollen in sample; Filtered through 500 um mesh.,,,
FMP,20062601,20062601-02,Yellow Bay Knob @ Flathead Lake BioStation,TMP03416,FMP09629,6/26/2020,12/30/1899 11:15:00,,,Deposition-Wet,679.3,Deposition,Total Phosphorus,TP,93.7,,93.7,,µg/L - P,"USGS 03-4174, EPA 365.2",1.5,,,Bucket in on 18VI20@2215hours. Warm amd sunny with some rain/thunder storms. Lots of pollen in the air. Moderate winds. Heavy organics; pollen; 2 flies and 2 beetles. Filtered through 500 um mesh.,,,
FMP,20070201,20070201-02,Yellow Bay Knob @ Flathead Lake BioStation,TMP03416,FMP09635,7/2/2020,12/30/1899 8:30:00,,,Deposition-Wet,2940.1,Deposition,Total Phosphorus,TP,6.4,,6.4,,µg/L - P,"USGS 03-4174, EPA 365.2",1.5,,,"Cloudy, rainy, windy for last week.  Light organics in sample. Filtered through 500um mesh.",,,
FMP,20071001,20071001-02,Yellow Bay Knob @ Flathead Lake BioStation,TMP03416,FMP09637,7/10/2020,12/30/1899 10:00:00,,,Deposition-Wet,834.9,Deposition,Total Phosphorus,TP,22.9,,22.9,,µg/L - P,"USGS 03-4174, EPA 365.2",1.5,,,Bucket in on 02VII20 @ 0830 hrs. Warm and sunny; a fewrain/ thunderstorms; lots of pollen in the air; moderate winds. Moderate organics; pollen in the sample; filtered through 500 um mesh.,,,
FMP,20080701,20080701-02,Yellow Bay Knob @ Flathead Lake BioStation,TMP03416,FMP09678,8/7/2020,12/30/1899 8:15:00,,,Deposition-Wet,738.1,Deposition,Total Phosphorus,TP,19.4,,19.4,,µg/L - P,"USGS 03-4174, EPA 365.2",1.5,,,Bucket in on 10VII20@1000hrs. Hot and Dry; Rainstorm last night; Bird Island on fire and hazy/smokey from other fires; Moderate winds. Heavy organics; 1 fly; filtered through 500 um mesh.,,,
FMP,20081901,20081901-02,Yellow Bay Knob @ Flathead Lake BioStation,TMP03416,FMP09685,8/19/2020,12/30/1899 13:00:00,,,Deposition-Wet,465.6,Deposition,Total Phosphorus,TP,44.1,,44.1,,µg/L - P,"USGS 03-4174, EPA 365.2",1.5,,,Bucket in on 07VIII20@0815hrs. Hot and dry; moderate to calm winds; Thunder/rainstorms this morning; Haze and smoke in the valley. Moderate organics; filtered through 500 um mesh.,,,
FMP,20090102,20090102-02,Yellow Bay Knob @ Flathead Lake BioStation,TMP03416,FMP09703,9/1/2020,12/30/1899 11:30:00,,,Deposition-Wet,240,Deposition,Total Phosphorus,TP,22.1,,22.1,,µg/L - P,"USGS 03-4174, EPA 365.2",1.5,,,No enough sample for pH. Bucket in on 19VIII20 @ 1300hrs. Dry and hot but heavy rain yesterday. Moderate to high winds. Smoke in the valley. Light organics; filtered through 500um mesh.,,,
FMP,20092201,20092201-02,Yellow Bay Knob @ Flathead Lake BioStation,TMP03416,FMP09727,9/22/2020,12/30/1899 9:55:00,,,Deposition-Wet,317.1,Deposition,Total Phosphorus,TP,68,,68,,µg/L - P,"USGS 03-4174, EPA 365.2",1.5,,,"Bucket in on 01IX20@1130 hrs. Mostly dry. Heavy, heavy smoke in the valley from west coast fires; rainshowers 3 days ago. Heavy organics, ash, very dirty water; 1 wasp; filtered through 500 um mesh.",,,
FMP,20100101,20100101-02,Yellow Bay Knob @ Flathead Lake BioStation,TMP03416,FMP09729,10/1/2020,12/30/1899 9:00:00,,,Deposition-Wet,364.5,Deposition,Total Phosphorus,TP,33,,33,,µg/L - P,"USGS 03-4174, EPA 365.2",1.5,,,"Bucket in 22IX20 @ 0955hrs. Slightly smokey, rain 2-3 days ago, cool, some wind last week. Moderate organics and 1 beetle in sample, filtered through 500um mesh.",,,
FMP,20101501,20101501-02,Yellow Bay Knob @ Flathead Lake BioStation,TMP03416,FMP09751,10/15/2020,12/30/1899 9:15:00,,,Deposition-Wet,1459.7,Deposition,Total Phosphorus,TP,7.7,,7.7,,µg/L - P,"USGS 03-4174, EPA 365.2",1.5,,,Bucket in on 01X20@0900hrs. Smoke in the valley; moderate to high winds; mostly dry until 3-4 days ago when we started to get rainstorms that were very heavy at times. Moderate organics; filtered through 500 um mesh.,,,
FMP,20102201,20102201-02,Yellow Bay Knob @ Flathead Lake BioStation,TMP03416,FMP09753,10/22/2020,12/30/1899 10:00:00,,,Deposition-Wet,1817,Deposition,Total Phosphorus,TP,7.4,,7.4,,µg/L - P,"USGS 03-4174, EPA 365.2",1.5,,,"Cold, wind, rain, snow for last week.light Fine organics in sample. Filtered through 500um mesh.",,,
FMP,20111201,20111201-02,Yellow Bay Knob @ Flathead Lake BioStation,TMP03416,FMP09772,11/12/2020,12/30/1899 10:00:00,,,Deposition-Wet,2759.7,Deposition,Total Phosphorus,TP,15.6,,15.6,,µg/L - P,"USGS 03-4174, EPA 365.2",1.5,,,"Bucket in 04XI20 @ 1000hrs. Windy, cold, snow and open burning for last week. Light fine organic debris in sample, filtered through 500um mesh.  Collector still not working quite right, but looks to be 2 different samples in wet and dry collectors.",,,
FMP,20111901,20111901-02,Yellow Bay Knob @ Flathead Lake BioStation,TMP03416,FMP09778,11/19/2020,12/30/1899 10:00:00,,,Deposition-Wet,708.6,Deposition,Total Phosphorus,TP,3.2,,3.2,,µg/L - P,"USGS 03-4174, EPA 365.2",1.5,,,"Cool, snow and rain, light wind for last week.  Very light organics in sample, filtered through 500um mesh.",,,
FMP,20121702,20121702-02,Yellow Bay Knob @ Flathead Lake BioStation,TMP03416,FMP09817,12/17/2020,12/30/1899 16:00:00,,,Deposition-Wet,489.9,Deposition,Total Phosphorus,TP,1.9,,1.9,,µg/L - P,"USGS 03-4174, EPA 365.2",1.5,,,Bucket in on 19XI20 @ 1000hrs. Some snow and rain but not enough for sample until this sample period. Freezing to mid-30's temps. Moderate to high winds. Light organics; filtered through 500 um mesh.,,,
FMP,20122901,20122901-02,Yellow Bay Knob @ Flathead Lake BioStation,TMP03416,FMP09819,12/28/2020,12/30/1899 12:30:00,,,Deposition-Wet,1078.7,Deposition,Total Phosphorus,TP,3.5,,3.5,,µg/L - P,"USGS 03-4174, EPA 365.2",1.5,,,Bucket in on 17XII20@1600hrs. Freezing rain and snow showers; cold temps; high to moderate winds. Moderate organics; frozen and allowed to thaw overnight in the walk-in fridge; filt. through 500 um mesh.,,,
FMP,21010602,21010602-02,Yellow Bay Knob @ Flathead Lake BioStation,TMP03416,FMP09821,1/6/2021,12/30/1899 13:15:00,,,Deposition-Wet,581.5,Deposition,Total Phosphorus,TP,< 1.5,,1.5,<,µg/L - P,"USGS 03-4174, EPA 365.2",1.5,,,Bucket in on 28XII20@1230hrs. A few rain and snow showers; warmer temperatures; high to moderate winds.Light organics; filtered through 500 um mesh.,,,
FMP,21011301,21011301-02,Yellow Bay Knob @ Flathead Lake BioStation,TMP03416,FMP09823,1/13/2021,12/30/1899 12:25:00,,,Deposition-Wet,700.5,Deposition,Total Phosphorus,TP,3.3,,3.3,,µg/L - P,"USGS 03-4174, EPA 365.2",1.5,,,Bucket in on 06I21@1315 hrs. Dry to heavy rain this last week; warmer weather in the mid-30's to 40's (F); moderate to high winds.Light organics; filtered through 500 um mesh.,,,
FMP,21021002,21021002-02,Yellow Bay Knob @ Flathead Lake BioStation,TMP03416,FMP09847,2/9/2021,12/30/1899 11:30:00,,,Deposition-Wet,1300.6,Deposition,Total Phosphorus,TP,1.5,,1.5,,µg/L - P,"USGS 03-4174, EPA 365.2",1.5,,,"Bucket in 13I21 @ 1225hrs.  Light organics in sample, filtered through 500um mesh. Left in cooler overnight to thaw.",,,
FMP,21030501,21030501-02,Yellow Bay Knob @ Flathead Lake BioStation,TMP03416,FMP09866,3/5/2021,12/30/1899 9:00:00,,,Deposition-Wet,584.9,Deposition,Total Phosphorus,TP,1.8,,1.8,,µg/L - P,"USGS 03-4174, EPA 365.2",1.5,,,Bucket in on 18II21@0900hrs. Some snow/rain showers but mostly dry; open burning started 3/1/21; calm to moderate winds. Light organics; filtered through 500 um mesh.,,,
FMP,21032601,21032601-02,Yellow Bay Knob @ Flathead Lake BioStation,TMP03416,FMP09874,3/26/2021,12/30/1899 9:30:00,,,Deposition-Wet,450.5,Deposition,Total Phosphorus,TP,5.7,,5.7,,µg/L - P,"USGS 03-4174, EPA 365.2",1.5,,,Bucket in on 05III21 2 0900hrs. Mostly dry but rain and snow showers this week; Calm to moderate winds; open burning. Light organics; filtered through 500 um mesh.,,,
FMP,21043001,21043001-02,Yellow Bay Knob @ Flathead Lake BioStation,TMP03416,FMP09913,4/30/2021,12/30/1899 8:00:00,,,Deposition-Wet,665,Deposition,Total Phosphorus,TP,13.1,,13.1,,µg/L - P,"USGS 03-4174, EPA 365.2",1.5,,,First real rain in a month 6 days ago.. Few fine organics in sample.  Filtered through 500um mesh.,,,
FMP,21052701,21052701-02,Yellow Bay Knob @ Flathead Lake BioStation,TMP03416,FMP09942,5/27/2021,12/30/1899 8:15:00,,,Deposition-Wet,974.8,Deposition,Total Phosphorus,TP,14.8,,14.8,,µg/L - P,"USGS 03-4174, EPA 365.2",1.5,,,"Bucket in 30IV21 @ 0800 hours. Rainy and cool all week. Dry voume indicated a lot of rain water in sample. Light organics in sample, filtered through 500um mesh.",,,
FMP,21061101,21061101-02,Yellow Bay Knob @ Flathead Lake BioStation,TMP03416,FMP09965,6/11/2021,12/30/1899 12:00:00,,,Deposition-Wet,388.5,Deposition,Total Phosphorus,TP,79.1,,79.1,,µg/L - P,"USGS 03-4174, EPA 365.2",1.5,,,"Bucket in on 27V21@0815hrs. Sunny and warm but heavy rainstorms the past two days; ~1/3"" of rain. High winds. Collector senosr seems to be failing b/c Dry bucket has a vast majotriy of rain water. Mod. Organics; Pollen; filtered through 500 um mesh.",,,
FMP,21120901,21120901-02,Yellow Bay Knob @ Flathead Lake BioStation,TMP03416,FMP10144,12/8/2021,12/30/1899 13:00:00,,,Deposition-Wet,942.3,Deposition,Total Phosphorus,TP,< 1.5,,1.5,<,µg/L - P,"USGS 03-4174, EPA 365.2",1.5,,,"Bucket in on 01XII21@1330hrs. Rain and snow showers during the collection period. High to moderate winds. Freezing temperatures. New rain/snow sensor installed. Light org, filt.500 um mesh.",,,
FMP,21121501,21121501-02,Yellow Bay Knob @ Flathead Lake BioStation,TMP03416,FMP10158,12/15/2021,12/30/1899 9:00:00,,,Deposition-Wet,1004.7,Deposition,Total Phosphorus,TP,< 1.5,,1.5,<,µg/L - P,"USGS 03-4174, EPA 365.2",1.5,,,"Bucket in on 08XII21@1300hrs. Rain and snow showers; Temperatures at or above freezing; High winds at times. Light organics, filtered through 500 um mesh.",,,
FMP,21122201,21122201-02,Yellow Bay Knob @ Flathead Lake BioStation,TMP03416,FMP10160,12/22/2021,12/30/1899 8:30:00,,,Deposition-Wet,706.3,Deposition,Total Phosphorus,TP,3.2,,3.2,,µg/L - P,"USGS 03-4174, EPA 365.2",1.5,,,Cool (10-35degF) last week. Moderate snow 2 days ago. Trace amount of fine particles in sample. Filtered through 500um mesh,,,
FMP,22011401,22011401-02,Yellow Bay Knob @ Flathead Lake BioStation,TMP03416,FMP10180,1/14/2022,12/30/1899 9:15:00,,,Deposition-Wet,1701.3,Deposition,Total Phosphorus,TP,< 1.5,,1.5,<,µg/L - P,"USGS 03-4174, EPA 365.2",1.5,,,Bucket in on 04I22 @1300hrs. Warmer weather this wee; nights still freezing; rain and snow showers.; calm to moderate winds. Moderate organics; filtered through 500 um mesh.,,,
FMP,22012801,22012801-02,Yellow Bay Knob @ Flathead Lake BioStation,TMP03416,FMP10183,1/28/2022,12/30/1899 10:30:00,,,Deposition-Wet,381,Deposition,Total Phosphorus,TP,1.9,,1.9,,µg/L - P,"USGS 03-4174, EPA 365.2",1.5,,,Bucket in on 14I22@0915hrs. Temperatures at or above freezing; just barely enough rain/snow for a sample. Light organics; filtered through 500 um mesh.,,,
FMP,22022501,22022501-02,Yellow Bay Knob @ Flathead Lake BioStation,TMP03416,FMP10204,2/25/2022,12/30/1899 8:15:00,,,Deposition-Wet,805.8,Deposition,Total Phosphorus,TP,2.4,,2.4,,µg/L - P,"USGS 03-4174, EPA 365.2",1.5,,,"Bucket in 04II22 0830 hrs. Very cold last week, snow yesterday. Light organics in sample, filttered through 500um mesh.",,,
FMP,22030305,22030305-02,Yellow Bay Knob @ Flathead Lake BioStation,TMP03416,FMP10210,3/4/2022,12/30/1899 10:00:00,,,Deposition-Wet,2440.5,Deposition,Total Phosphorus,TP,1.5,,1.5,,µg/L - P,"USGS 03-4174, EPA 365.2",1.5,,,"Bucket in on 25II22 @ 0815hrs. Heavy, heavy rain this past week with moderate winds; some inversion forcing low smoke layer; open burning started. Light organics; filtered through 500 um mesh.",,,
FMP,22031801,22031801-02,Yellow Bay Knob @ Flathead Lake BioStation,TMP03416,FMP10225,3/18/2022,12/30/1899 9:30:00,,,Deposition-Wet,717.9,Deposition,Total Phosphorus,TP,6.2,,6.2,,µg/L - P,"USGS 03-4174, EPA 365.2",1.5,,,Bucket in on 04III22@1000hrs. Rain this week with moderate to high winds; open burning Light organics in sample; filtered through 500 um mesh.,,,
FMP,22042203,22042203-02,Yellow Bay Knob @ Flathead Lake BioStation,TMP03416,FMP10259,4/22/2022,12/30/1899 15:15:00,,,Deposition-Wet,1037.8,Deposition,Total Phosphorus,TP,10.3,,10.3,,µg/L - P,"USGS 03-4174, EPA 365.2",1.5,,,Bucket in on 18III22@0930hrs. Some rain and snow showers but not enough until now; Calm to high winds; open burning. Light organics in the sample; filtered through 500 um mesh.,,,
FMP,22050901,22050901-02,Yellow Bay Knob @ Flathead Lake BioStation,TMP03416,FMP10266,5/9/2022,12/30/1899 9:00:00,,,Deposition-Wet,941.8,Deposition,Total Phosphorus,TP,44.4,,44.4,,µg/L - P,"USGS 03-4174, EPA 365.2",1.5,,,Bucket in on 22IV22@1515hrs. Moderate to high winds; some rain showers heavy at times; cooler temps; open burning. Heavy organics; filtered through 500 um mesh. Pollen.,,,
FMP,22052001,22052001-02,Yellow Bay Knob @ Flathead Lake BioStation,TMP03416,FMP10280,5/20/2022,12/30/1899 9:00:00,,,Deposition-Wet,407.8,Deposition,Total Phosphorus,TP,37.5,,37.5,,µg/L - P,"USGS 03-4174, EPA 365.2",1.5,,,"Cold, cloudy and windy for last week. Pollen kicking in. Sprinkles of rain early, them moderate rain last night.Light organics and 2 flower petals in sample. Filtered through 500um mesh.",,,
FMP,22053102,22053102-02,Yellow Bay Knob @ Flathead Lake BioStation,TMP03416,FMP10283,5/31/2022,12/30/1899 8:45:00,,,Deposition-Wet,1208.4,Deposition,Total Phosphorus,TP,6.8,,6.8,,µg/L - P,"USGS 03-4174, EPA 365.2",1.5,,,"Warming up, lots of pollen, rain 3 days last week. Very clean sample. Filtered through 500 um mesh.",,,
FMP,22060701,22060701-02,Yellow Bay Knob @ Flathead Lake BioStation,TMP03416,FMP10293,6/7/2022,12/30/1899 9:30:00,,,Deposition-Wet,1229.1,Deposition,Total Phosphorus,TP,7.6,,7.6,,µg/L - P,"USGS 03-4174, EPA 365.2",1.5,,,Bucket in on 31V22 @ 0845hrs. Cooler weather with rainstorms; Pollen in the air; moderate winds. Light organics;  filtered through 500 um mesh.,,,
FMP,22061501,22061501-02,Yellow Bay Knob @ Flathead Lake BioStation,TMP03416,FMP10311,6/15/2022,12/30/1899 11:00:00,,,Deposition-Wet,2869.1,Deposition,Total Phosphorus,TP,6.6,,6.6,,µg/L - P,"USGS 03-4174, EPA 365.2",1.5,,,Bucket in on 07VI22 @0930hrs. High winds and heavy rain the past ~5 days; lots of flooding in the valley. Heavy organics;; filtered through 500 um mesh.,,,
FMP,22062101,22062101-02,Yellow Bay Knob @ Flathead Lake BioStation,TMP03416,FMP10313,6/21/2022,12/30/1899 11:30:00,,,Deposition-Wet,2698.7,Deposition,Total Phosphorus,TP,21.2,,21.2,,µg/L - P,"USGS 03-4174, EPA 365.2",1.5,,,"Rainy, cool, calm last week. Rain ended ~10am today. Light organics in sample.  Filtered through 500um mesh.",,,
FMP,22070502,22070502-02,Yellow Bay Knob @ Flathead Lake BioStation,TMP03416,FMP10332,7/5/2022,12/30/1899 10:00:00,,,Deposition-Wet,860.7,Deposition,Total Phosphorus,TP,12.1,,12.1,,µg/L - P,"USGS 03-4174, EPA 365.2",1.5,,,"Hot, mostly summy, thunderstorms last 2 nights. Few  flies, moderate organics in sample. Filtered through 500um mesh.",,,
FMP,22082601,22082601-02,Yellow Bay Knob @ Flathead Lake BioStation,TMP03416,FMP10375,8/26/2022,12/30/1899 11:30:00,,,Deposition-Wet,1057.4,Deposition,Total Phosphorus,TP,90.3,,90.3,,µg/L - P,"USGS 03-4174, EPA 365.2",1.5,,,"Thunderstorms all week, windy. Pine needles, lots of fine organics in sample. Tea color to sample. Filtered through 500um mesh.",,,
FMP,22091602,22091602-02,Yellow Bay Knob @ Flathead Lake BioStation,TMP03416,FMP10395,9/16/2022,12/30/1899 15:45:00,,,Deposition-Wet,517.5,Deposition,Total Phosphorus,TP,38,,38,,µg/L - P,"USGS 03-4174, EPA 365.2",1.5,,,Bucket in on 26VIII22@1130hrs. Dry and hot with a few trace rainstorms but not enough for a sample until today. Heavy organics; some algae growing in bucket; looks like soot from fires; filtered through 500 um mesh.,,,
FMP,22092201,22092201-02,Yellow Bay Knob @ Flathead Lake BioStation,TMP03416,FMP10397,9/23/2022,12/30/1899 9:05:00,,,Deposition-Wet,3597.7,Deposition,Total Phosphorus,TP,3,,3,,µg/L - P,"USGS 03-4174, EPA 365.2",1.5,,,"Bucket in on 16IX22@ 1545hrs. Moderate to high winds; Still hazy from fires; cooler temperatures; heavy rain yesterday. Light org, filtered through 500 um mesh.",,,
FMP,22102702,22102702-02,Yellow Bay Knob @ Flathead Lake BioStation,TMP03416,FMP10431,10/27/2022,12/30/1899 11:00:00,,,Deposition-Wet,2267.2,Deposition,Total Phosphorus,TP,3.8,,3.8,,µg/L - P,"USGS 03-4174, EPA 365.2",1.5,,,Bucket in on 20X22 @ 1100hrs. Heavy rain with hihg winds; Low temps in the 30's (F); Still some haze from fires and open burning. Heavy organics; filtered through 500 um mesh.,,,
FMP,22110301,22110301-02,Yellow Bay Knob @ Flathead Lake BioStation,TMP03416,FMP10433,11/3/2022,12/30/1899 10:10:00,,,Deposition-Wet,3125.5,Deposition,Total Phosphorus,TP,2.5,,2.5,,µg/L - P,"USGS 03-4174, EPA 365.2",1.5,,,Bucket in on 27X22@1100hrs. High winds and heavy rain and snow the past 24hrs with small frequent storms prior. Moderate organics; filtered through 500 um mesh.,,,
FMP,22111001,22111001-02,Yellow Bay Knob @ Flathead Lake BioStation,TMP03416,FMP10435,11/10/2022,12/30/1899 9:40:00,,,Deposition-Wet,731.9,Deposition,Total Phosphorus,TP,29.1,,29.1,,µg/L - P,"USGS 03-4174, EPA 365.2",1.5,,,"heavy snow in the past 24 hours, snow on 11/7, rain and sleet on 11/4, very low temps, precip collector failed- several inches of snow on sensor and in dry bucket upon collection, a bulk bucket was put out at 1255hrs, moderate organics",,,
FMP,22113002,22113002-02,Yellow Bay Knob @ Flathead Lake BioStation,TMP03416,FMP 10455,11/30/2022,12/30/1899 11:10:00,,,Deposition-Wet,665,Deposition,Total Phosphorus,TP,79.4,E,79.4,,µg/L - P,"USGS 03-4174, EPA 365.2",1.5,,,"Moderate continuous snow in the past 12 hours, scattered snow storms prior. Precip collector failed, 1-2 inches of snow on sensor and in dry bucket upon collection. light organics, a small leaf, filtered though 500 um mesh. In fridge overnight",,,
FMP,22120701,22120701-02,Yellow Bay Knob @ Flathead Lake BioStation,TMP03416,FMP10457,12/7/2022,12/30/1899 9:14:00,,,Deposition-Wet,738.8,Deposition,Total Phosphorus,TP,5.7,,5.7,,µg/L - P,"USGS 03-4174, EPA 365.2",1.5,,,"heavy to moderate scattered snow during the past week, no precip in the past 24 hours, temps hovering around freezing, very light organics filtered through 500 um mesh",,,
FMP,22122702,22122702-02,Yellow Bay Knob @ Flathead Lake BioStation,TMP03416,FMP10476,12/27/2022,12/30/1899 14:43:00,,,Deposition-Wet,2490.1,Deposition,Total Phosphorus,TP,3.2,,3.2,,µg/L - P,"USGS 03-4174, EPA 365.2",1.5,,,"approximately 12 inches of snow over collection period, bitter cold temps with rapid warmup over the past three days. Light organics filtered through 500um mesh",,,
FMP,23011103,23011103-02,Yellow Bay Knob @ Flathead Lake BioStation,TMP03416,FMP10495,1/11/2023,12/30/1899 11:30:00,,,Deposition-Wet,832,Deposition,Total Phosphorus,TP,< 1.5,,1.5,<,µg/L - P,"USGS 03-4174, EPA 365.2",1.5,,,"buckte in on 27XII22 @ 1443 hrs; bitter cold for half of collection period then warmed to mid-30s, calm to high winds, mostly dry, snow and rain 9I23; light organics, surface layer of ice, filtered through 500um mesh",,,
FMP,23012501,23012501-02,Yellow Bay Knob @ Flathead Lake BioStation,TMP03416,FMP10498,1/25/2023,12/30/1899 10:00:00,,,Deposition-Wet,673.4,Deposition,Total Phosphorus,TP,2,,2,,µg/L - P,"USGS 03-4174, EPA 365.2",1.5,,,"bucket in on 11I23 @ 1130hrs, warmer temps up to low 40s then some small rain and snow storms w/ temps in the mid-30s, mostly calm winds, light organics filtered through 500um mesh",,,
FMP,23022701,23022701-03,Yellow Bay Knob @ Flathead Lake BioStation,TMP03416,FMP10520,2/27/2023,12/30/1899 9:46:00,,,Deposition-Wet,665.7,Deposition,Total Phosphorus,TP,7.8,,7.8,,µg/L - P,"USGS 03-4174, EPA 365.2",1.5,,,"bucket in on 3II23 @ 1035hrs; bitter cold last week w high winds and snow, previous temps in the 20-40s and trace precip; mechanism malfunctioned during cold snap, some wet precip ended up in dry bucket; light organics filtered through 500um mesh",,,
FMP,23030602,23030602-02,Yellow Bay Knob @ Flathead Lake BioStation,TMP03416,FMP10522,3/6/2023,12/30/1899 11:05:00,,,Deposition-Wet,883.1,Deposition,Total Phosphorus,TP,2.7,,2.7,,µg/L - P,"USGS 03-4174, EPA 365.2",1.5,,,"bucket in on 27II23 @ 0946 hrs; havey snow Monday night - Tuesday 2/27-28, scattered light snow the rest of the week, moderate winds, highs in the 30s; light organics, filtered through 500 um mesh",,,
FMP,23031402,23031402-02,Yellow Bay Knob @ Flathead Lake BioStation,TMP03416,FMP10535,3/14/2023,12/30/1899 10:20:00,,,Deposition-Wet,529.9,Deposition,Total Phosphorus,TP,< 1.5,,1.5,<,µg/L - P,"USGS 03-4174, EPA 365.2",1.5,,,"bucket in on 6III23 @ 1105hrs; mostly highs in the 30s, snow on Fri-Sat 3/10-11, warming to the mid-40s since Sunday 3/12, light rain last night, moderate to calm winds; light organics, filtered through 500um mesh",,,
FMP,23041902,23041902-02,Yellow Bay Knob @ Flathead Lake BioStation,TMP03416,FMP10562,4/19/2023,12/30/1899 11:55:00,,,Deposition-Wet,726,Deposition,Total Phosphorus,TP,4.5,,4.5,,µg/L - P,"USGS 03-4174, EPA 365.2",1.5,,,"bucket in on 14III23 @ 1020 hrs; highs in the 40s to 60s, nights sometimes above freezing, light precip over the past few weeks, mostly mixed rain/snow Mon + Tues (4/17-18), burning @ FLBS in the past week; light organics, filtered through 500 um mesh",,,
FMP,23051001,23051001-02,Yellow Bay Knob @ Flathead Lake BioStation,TMP03416,FMP10583,5/10/2023,12/30/1899 10:05:00,,,Deposition-Wet,3367.1,Deposition,Total Phosphorus,TP,2.4,,2.4,,µg/L - P,"USGS 03-4174, EPA 365.2",1.5,,,"bucket in on 19IV23 @ 1155hrs; warmer last week thru Fri 5/5, cooled to 50s, heavy rain over the weekend until last night 5/9, only small precip events before; light organics, filtered through 500 um mesh",,,
FMP,23052301,23052301-02,Yellow Bay Knob @ Flathead Lake BioStation,TMP03416,FMP10603,5/23/2023,12/30/1899 10:15:00,,,Deposition-Wet,265.8,Deposition,Total Phosphorus,TP,46.7,,46.7,,µg/L - P,"USGS 03-4174, EPA 365.2",1.5,,,"bucket in on 10V23 @ 1005hrs; warm weather in the 70s and 80s with some thunder and rain storms, heavy smoke from fires in Alberta on 5/17-5/21 washed out by rain 5/21; visible ash in water and on bucket; filtered thru 500um mesh; not enough for pH",,,
FMP,23053002,23053002-02,Yellow Bay Knob @ Flathead Lake BioStation,TMP03416,FMP10605,5/30/2023,12/30/1899 14:25:00,,,Deposition-Wet,594.1,Deposition,Total Phosphorus,TP,15.2,,15.2,,µg/L - P,"USGS 03-4174, EPA 365.2",1.5,,,"bucket in on 23V23 @ 1015 hrs; highs in the 80s down to 60s midweek, a few rain events last week, some  high winds; moderate organics, filtered through 500 um mesh",,,
FMP,23061401,23061401-02,Yellow Bay Knob @ Flathead Lake BioStation,TMP03416,FMP10628,6/14/2023,12/30/1899 9:49:00,,,Deposition-Wet,989.9,Deposition,Total Phosphorus,TP,12.2,,12.2,,µg/L - P,"USGS 03-4174, EPA 365.2",1.5,,,"bucket in on 30V23 @ 1425hrs; highs in the 70s and 80s, small rain events last week but not enough to collect, heavy rain and high winds during thunderstorm last night (6/13); moderate organics, one spider, filtered through 500 um mesh",,,
FMP,23062101,23062101-02,Yellow Bay Knob @ Flathead Lake BioStation,TMP03416,FMP10630,6/21/2023,12/30/1899 9:30:00,,,Deposition-Wet,1069,Deposition,Total Phosphorus,TP,10.7,,10.7,,µg/L - P,"USGS 03-4174, EPA 365.2",1.5,,,"bucket in on 14IV23 @ 0949hrs; highs in the 60s and 70s, relatively cool week, mostly overcast & several rain events; moderate organics, filtered through 500 um mesh",,,
FMP,23081001,23081001-02,Yellow Bay Knob @ Flathead Lake BioStation,TMP03416,FMP10684,8/10/2023,12/30/1899 11:05:00,,,Deposition-Wet,789.4,Deposition,Total Phosphorus,TP,38,,38,,µg/L - P,"USGS 03-4174, EPA 365.2",1.5,,,"bucket in on 2VIII23 @ 0938 hrs (593.5g), combined w bucket in on 21VI23 @ 0930 hrs (195.9g) (full span 6/21 - 8/2); mostly hot, dry, and smokey w small storms 6/21-7/19 before cooler, wetter weather this wk; mod organics, incl ash, filt thru 500 um mesh",,,
FMP,23082301,23082301-02,Yellow Bay Knob @ Flathead Lake BioStation,TMP03416,FMP10691,8/23/2023,12/30/1899 14:25:00,,,Deposition-Wet,2040.2,Deposition,Total Phosphorus,TP,25.8,,25.8,,µg/L - P,"USGS 03-4174, EPA 365.2",1.5,,,"bucket in on 10VIII23 @ 1105 hrs; hot and dry and smokey until rain Monday and Tuesday 8/21-22 plus heavy rain/thunderstorm with high winds last night; moderate organics, very ashy, filtered through 500 um mesh",,,
FMP,23083102,23083102-02,Yellow Bay Knob @ Flathead Lake BioStation,TMP03416,FMP10706,8/31/2023,12/30/1899 11:16:00,,,Deposition-Wet,3241.8,Deposition,Total Phosphorus,TP,6.4,,6.4,,µg/L - P,"USGS 03-4174, EPA 365.2",1.5,,,"bucket in on 23VIII23 @ 1425 hrs; warm temps in the 70s-80s, mostly overcast with moderate to heavy rain yesterday, some smoke before rain; moderate organics, filtered through 500 um mesh",,,
FMP,23090701,23090701-02,Yellow Bay Knob @ Flathead Lake BioStation,TMP03416,FMP10712,9/7/2023,12/30/1899 9:35:00,,,Deposition-Wet,506.5,Deposition,Total Phosphorus,TP,13.2,,13.2,,µg/L - P,"USGS 03-4174, EPA 365.2",1.5,,,"bucket in on 31VIII23 @ 1116 hrs; mostly highs in the 70s, scattered small rain/thunderstorms, otherwise mostly sunny; light organics, filtered through 500 um mesh",,,
FMP,23092901,23092901-02,Yellow Bay Knob @ Flathead Lake BioStation,TMP03416,FMP10732,9/29/2023,12/30/1899 16:35:00,,,Deposition-Wet,468.1,Deposition,Total Phosphorus,TP,32.9,,32.9,,µg/L - P,"USGS 03-4174, EPA 365.2",1.5,,,Bucket on in 07IX23 @ 0935hrs. Mostly dry with some trace rain prior to this week when we had rainstorms; High winds; Cooler temperatures. Heavy organics; filtered through 500 um mesh.,,,
FMP,23100602,23100602-02,Yellow Bay Knob @ Flathead Lake BioStation,TMP03416,FMP10734,10/6/2023,12/30/1899 11:15:00,,,Deposition-Wet,369.5,Deposition,Total Phosphorus,TP,5.7,,5.7,,µg/L - P,"USGS 03-4174, EPA 365.2",1.5,,,"bucket in on 29IX23 @ 1635 hrs; mostly dry with cooler temps, highs in the low 60s, some precip on satruday (9/30); moderate organics, filtered through 500 um mesh",,,
FMP,23101301,23101301-02,Yellow Bay Knob @ Flathead Lake BioStation,TMP03416,FMP10748,10/13/2023,12/30/1899 10:55:00,,,Deposition-Wet,554.5,Deposition,Total Phosphorus,TP,6.1,,6.1,,µg/L - P,"USGS 03-4174, EPA 365.2",1.5,,,"bucket in on 6X23 @ 1115hrs; highs in the low 60s, lows in the low 40s, mostly overcast with rain and moderate winds on 10/10-10/11, some haze from slash piles; light organics, filtered through 500 um mesh",,,
FMP,23103001,23103001-02,Yellow Bay Knob @ Flathead Lake BioStation,TMP03416,FMP10755,10/30/2023,12/30/1899 10:29:00,,,Deposition-Wet,377.3,Deposition,Total Phosphorus,TP,141,,141,,µg/L - P,"USGS 03-4174, EPA 365.2",1.5,,,"bucket in on 13X23 @ 1055hrs; temp dropped below freezing tues 10/24, some rain over wknd then light snow 0.4"" and heavy winds tues; heavy organics, lots of needles; thawed in fridge over wknd, filtered thru 500 um mesh",,,
FMP,23110201,23110201-02,Yellow Bay Knob @ Flathead Lake BioStation,TMP03416,FMP10757,11/2/2023,12/30/1899 9:35:00,,,Deposition-Wet,321,Deposition,Total Phosphorus,TP,2.6,,2.6,,µg/L - P,"USGS 03-4174, EPA 365.2",1.5,,,"bucket in on 27X23 @ 1029 hrs; reset early bc of rain forecast, ~3"" snow overnight 10/27-28, cold temps mostly below freezing; sample partly frozen/melted, no snow remaining, no visible organics, thawed overnight in fridge, filtered thru 500 um mesh",,,
FMP,23110901,23110901-02,Yellow Bay Knob @ Flathead Lake BioStation,TMP03416,FMP10771,11/9/2023,12/30/1899 9:35:00,,,Deposition-Wet,2105.6,Deposition,Total Phosphorus,TP,2.4,,2.4,,µg/L - P,"USGS 03-4174, EPA 365.2",1.5,,,"bucket in on 1XI23 @ 0935hrs; temps in the 40s, nights above freezing, mostly overcast and drizzy with heavy rain 11/2, open burning; light organics, filtered through 500 um mesh",,,
FMP,23111701,23111701-02,Yellow Bay Knob @ Flathead Lake BioStation,TMP03416,FMP10777,11/17/2023,12/30/1899 10:40:00,,,Deposition-Wet,1193.3,Deposition,Total Phosphorus,TP,1.6,,1.6,,µg/L - P,"USGS 03-4174, EPA 365.2",1.5,,,"Bucket in 09XI23, 0935hrs. Mostly dry with heavy rain two days; open bunring; days in 40s, nights at or near freeezing; M to H winds. Light organics; filt. 500 um mesh.",,,
FMP,23120402,23120402-02,Yellow Bay Knob @ Flathead Lake BioStation,TMP03416,FMP10780,12/4/2023,12/30/1899 10:05:00,,,Deposition-Wet,523.8,Deposition,Total Phosphorus,TP,2.1,,2.1,,µg/L - P,"USGS 03-4174, EPA 365.2",1.5,,,"bucket in on 17XI23 @ 1040 hhrs; cold temps w/ trace precip, then 2-4 in snow as temps start to warm since Friday 10/1; light organics, sample fully melted upon collection, filtered through 500 um mesh",,,
FMP,23121201,23121201-02,Yellow Bay Knob @ Flathead Lake BioStation,TMP03416,FMP10782,12/12/2023,12/30/1899 9:35:00,,,Deposition-Wet,681.4,Deposition,Total Phosphorus,TP,1.6,,1.6,,µg/L - P,"USGS 03-4174, EPA 365.2",1.5,,,"bucket in on 4XII23 @ 1005hrs; relatively warm week, moderate winds, moderate precip 12/10-11, mostly as rain maybe some snow; light to no organics, one large ant; filtered through 500 um mesh",,,
