"date","LE_mm_d","LE_mm_d_min","LE_mm_d_max","L3E_m3_d","L3E_m3_d_min","L3E_m3_d_max"
2007-10-01,1.23417518418751,1.23222790462664,1.23731305590211,34323.2389906688,34269.083841055,34410.5053059878
2007-10-02,0.73071292805191,0.729628975702047,0.732994873727662,20321.6162376561,20291.4707963642,20385.0786762111
2007-10-03,1.68384683672834,1.67810791032203,1.68960913388838,46828.9090083728,46669.3056189046,46989.1623541645
2007-10-04,1.91705467756086,1.91056429648735,1.92711096997222,53314.5753529459,53134.0735055738,53594.247584423
2007-10-05,1.15568252949632,1.15270446184022,1.15854459830603,32140.3056595702,32057.4836022152,32219.9017112669
2007-10-06,1.36808127647873,1.36339935671109,1.3755299931567,38047.2571583521,37917.0498318891,38254.4109611407
2007-10-07,0.770357696150071,0.76668293030209,0.772783198350869,21424.163807561,21321.9661065773,21491.618649286
2007-10-08,1.28185280272057,1.27665770708186,1.28796130306419,35649.1855146168,35504.7064232598,35819.067002962
2007-10-09,2.9222181433067,2.90252629156764,2.95331103627564,81268.8449748847,80721.2013809538,82133.5591661579
2007-10-10,1.36557795145891,1.35811653100282,1.37939726951645,37977.6380118749,37770.130908503,38361.9625084731
2007-10-11,1.76780781391123,1.7631294245044,1.77527751745753,49163.920052721,49033.8109079582,49371.6575143828
2007-10-12,2.17716220015799,2.17070023264755,2.18478459977778,60548.3398749975,60368.6282278566,60760.3239167967
2007-10-13,2.29844856729437,2.289138335737,2.31307528074436,63921.3950286487,63662.4712495157,64328.1737322105
2007-10-14,2.8469056432515,2.83261142469046,2.86771502659323,79174.353875486,78776.8220776169,79753.0767722333
2007-10-15,2.71958257862485,2.70250601433065,2.73865710740041,75633.4141189621,75158.5034215839,76163.8895475609
2007-10-16,1.21308157780064,1.2072672115173,1.21830227807161,33736.6116605558,33574.9102375493,33881.8028338958
2007-10-17,1.25483433265288,1.24957196803535,1.25937692639645,34897.7837548203,34751.4338680799,35024.1163311803
2007-10-18,1.12689968785486,1.123264140897,1.12998119232148,31339.8355438623,31238.7285464966,31425.5342482389
2007-10-19,0.738447941055679,0.737137952869988,0.740807855384474,20536.732133135,20500.3004837642,20602.362932184
2007-10-20,0.929430473671196,0.927375076345425,0.932085293812458,25848.0843576743,25790.9223805603,25921.9166850078
2007-10-21,0.929150054087739,0.927148229085317,0.932058846847437,25840.285701127,25784.6136062284,25921.1811771863
2007-10-22,0.69542991296001,0.693837470807559,0.696924120742665,19340.3719420111,19296.0850585299,19381.9268618335
2007-10-23,2.37923757589233,2.37426765140412,2.39083193775753,66168.191500863,66029.9745701064,66490.6384746333
2007-10-24,2.33544178769793,2.3224011220965,2.35006681057517,64950.2012801548,64587.5316301976,65356.9329677556
2007-10-25,2.07769114415511,2.06866489845072,2.08693507764355,57781.9831441347,57530.9572018943,58039.0631295392
2007-10-26,2.49165490725325,2.4816617663252,2.50531082842562,69294.5928257561,69016.6768793528,69674.3731454727
2007-10-27,2.23571430568743,2.22697691909999,2.25031604057986,62176.7131701688,61933.720593558,62582.7972033048
2007-10-28,1.97881301088223,1.97199386665203,1.99126764164914,55032.1159917574,54842.4710206676,55378.4876202186
2007-10-29,1.57397119283711,1.56950700207017,1.58288593675076,43773.1937153974,43649.0415783616,44021.1187181111
2007-10-30,2.34496588526667,2.33734131938484,2.35680906978985,65215.0728163926,65003.0285293941,65544.4397150369
2007-10-31,1.72430936330283,1.71928608156978,1.72901886839324,47954.1989895489,47814.4981580543,48085.173482325
2007-11-01,1.75259144061178,1.7446390587499,1.75852037582475,48740.7425135678,48519.5814444688,48905.630175289
2007-11-02,1.82819620012977,1.81807438543328,1.83561914202262,50843.3615444929,50561.867094355,51049.7985332337
2007-11-03,0.821912986809132,0.819276660301961,0.824059243944879,22857.9509920677,22784.6329850924,22917.6398413895
2007-11-04,1.02790532832372,1.02336424372419,1.03004481851031,28586.7360613504,28460.4454552975,28646.2367172812
2007-11-05,1.68635545337087,1.67842365517138,1.69522843058807,46898.6753184238,46678.0866947707,47145.4387613181
2007-11-06,1.610783870095,1.60384845267825,1.6191613711253,44796.9789410263,44604.1003346946,45029.9628591052
2007-11-07,0.50914449531184,0.508788684539656,0.509741835717083,14159.6496326219,14149.7542965905,14176.2620696168
2007-11-08,0.680774887564103,0.680029633351509,0.681889383898533,18932.8058642592,18912.0798451531,18963.8007542318
2007-11-09,1.13542933842815,1.13279474998792,1.13904766384016,31577.050842699,31503.7811725302,31677.6788973329
2007-11-10,0.337113890733663,0.335822955572452,0.337684796171421,9375.36322798707,9339.46145599602,9391.24049082001
2007-11-11,1.19839171214289,1.19507236956373,1.20247886149521,33328.0766517728,33235.7635100925,33441.7430143829
2007-11-12,0.395866672631894,0.394549531700837,0.397181362844631,11009.3174674634,10972.6868954503,11045.8798833575
2007-11-13,1.06632658106312,1.06176240364506,1.06905170951394,29655.2568491537,29528.3240163413,29731.0444976952
2007-11-14,1.53080215381532,1.52571465603767,1.53686515447758,42572.6338092137,42431.1470864826,42741.2499209274
2007-11-15,0.520520348998075,0.518667453486016,0.521700548038863,14476.0197474955,14424.4894815333,14508.8418737645
2007-11-16,0.551146102320362,0.550693681215617,0.551448129600395,15327.7424721281,15315.160338002,15336.1420531982
2007-11-17,0.288280918332464,0.287957345367415,0.288602491044694,8017.28553867221,8008.28675766237,8026.22869131066
2007-11-18,0.570474727660607,0.569194311299425,0.572549481218557,15865.2844964811,15829.6752593683,15922.9847833841
2007-11-19,1.27556062988103,1.27157172959722,1.28004498413006,35474.1959710663,35363.261980896,35598.9088680523
2007-11-20,1.30553010501927,1.30162931379157,1.3125242561565,36307.6671595768,36199.1835413056,36502.1791900369
2007-11-21,0.997015890845203,0.99393041144771,1.00103133465064,27727.6801036175,27641.8708537494,27839.3522869133
2007-11-22,0.956562825639725,0.954208773346381,0.962399545913708,26602.6532494543,26537.1854775398,26764.9763519217
2007-11-23,0.738468382374875,0.7363076631891,0.741121138550209,20537.3006199212,20477.2095712959,20611.075546979
2007-11-24,0.97749761617702,0.975105206017652,0.981016118064965,27184.8638043556,27118.3292744803,27282.7156998858
2007-11-25,1.06261089376659,1.06047792764154,1.06688262851364,29551.9210952612,29492.6018778544,29670.720901404
2007-11-26,0.720199585017822,0.718485875221401,0.721826739823212,20029.2331220553,19981.5737041244,20074.4853876784
2007-11-27,0.395455156601691,0.394678512071041,0.396171630202045,10997.872930874,10976.2739259856,11017.7985418654
2007-11-28,0.795357557291947,0.793406836977927,0.797243179363729,22119.426700301,22065.1758610361,22171.8671138217
2007-11-29,0.922012416260302,0.915811458380789,0.925451516740123,25641.7832096503,25469.3304152687,25737.4268988074
2007-11-30,1.03617888539408,1.03126543817496,1.0435252185829,28816.8292282423,28680.1829681888,29021.1356775822
2007-12-01,0.628509069288487,0.62774667358681,0.629588894618317,17479.2584305552,17458.0556951499,17509.2890966541
2007-12-02,0.26104493554911,0.258725349019197,0.262166063085021,7259.83460448071,7195.32534854541,7291.01391261065
2007-12-03,0.165195634968684,0.164937319090862,0.165300124327766,4594.20131914107,4587.01738146092,4597.10723824371
2007-12-04,0.483198663831736,0.483057289251347,0.483216911740963,13438.0786708062,13434.1469489793,13438.5861573912
2007-12-05,0.555695102794485,0.553444706917199,0.557079376425513,15454.2532239585,15391.6682064429,15492.7508013486
2007-12-06,0.564705044320394,0.560886517157173,0.567822066350102,15704.8257360685,15598.6299365623,15791.5122076777
2007-12-07,1.22060974200241,1.2158712928086,1.22954289516013,33945.9749522254,33814.195504536,34194.4119283542
2007-12-08,1.26293376510481,1.25781584405454,1.2718218795648,35123.0343993788,34980.7015850472,35370.2188191396
2007-12-09,0.399076894891448,0.397059034759253,0.400317667867824,11098.5958999254,11042.4778573214,11133.1026279385
2007-12-10,0.926875851112465,0.92339881950546,0.931948592970974,25777.0385922614,25680.3400130366,25918.1149429921
2007-12-11,0.895575264800235,0.892182199982625,0.898120257344316,24906.5483099195,24812.1849033806,24977.3262581712
2007-12-12,0.924958646754276,0.922553731827733,0.926031527132209,25723.7198541898,25656.837558359,25753.5573765221
2007-12-13,0.951238457956516,0.949395293553739,0.9536060359402,26454.5790159043,26403.3193786129,26520.4229463319
2007-12-14,0.754194489413928,0.752417926357096,0.756609387476322,20974.6541959855,20925.2467867595,21041.8141295149
2007-12-15,0.536293162611769,0.533663286635973,0.537915915770145,14914.6722647024,14841.5336513275,14959.802117572
2007-12-16,0.817849445742276,0.813878070264423,0.819861249111125,22744.9411916982,22634.4945781262,22800.8907916544
2007-12-17,0.45538538505764,0.452276102597917,0.456504387199365,12664.5727482205,12578.1015192395,12695.6929477137
2007-12-18,0.470289000011516,0.468506413406452,0.471653753101635,13079.052268179,13029.4773400399,13117.0069662442
2007-12-19,0.399366139714136,0.398859285537939,0.399757484450224,11106.6399922902,11092.5440379671,11117.5235516719
2007-12-20,0.593314212916668,0.59148384945267,0.594186070630758,16500.4658879978,16449.5622533926,16524.7128353274
2007-12-21,1.12189713755953,1.11779832039462,1.12942321363242,31200.7112675445,31086.7204152467,31410.0164869505
2007-12-22,0.7304202715512,0.727726713545796,0.73264021352139,20313.4772642391,20238.5676109425,20375.2153381888
2007-12-23,0.460456083516062,0.459161600744545,0.462074715152555,12805.5922706253,12769.5918372141,12850.6075012093
2007-12-24,0.624011475510575,0.621868163632192,0.625668444356573,17354.1773333981,17294.5703936575,17400.2587474712
2007-12-25,0.314323973585146,0.313489956674939,0.314953140796311,8741.56035876065,8718.36578954707,8759.05792055786
2007-12-26,0.6040715586556,0.601743853213544,0.605089230939873,16799.6348823457,16734.8998340226,16827.9370305941
2007-12-27,0.736335108760319,0.733914071691383,0.738199323321772,20477.972851025,20410.6421876094,20529.8179073366
2007-12-28,0.593567566964762,0.592173276715162,0.594795752496077,16507.5118338679,16468.7356876023,16541.668496598
2007-12-29,0.659092303877148,0.657591986813704,0.660933970631164,18329.7986807105,18288.073857695,18381.0166673863
2007-12-30,0.525049588853282,0.524294190214961,0.525856436382769,14601.9809432707,14580.9728008866,14624.4199137981
2007-12-31,0.87409807147016,0.870003619130027,0.876274608642541,24309.253169844,24195.3837062485,24369.7841272776
2008-01-01,0.890842279854389,0.887502159449044,0.894835193417133,24774.9208266279,24682.0298396764,24885.966428775
2008-01-02,0.684914572604843,0.680393335079852,0.687507686115489,19047.9332795725,18922.1946339636,19120.0495041541
2008-01-03,0.815921803639163,0.812845206821114,0.819021778612068,22691.3321729452,22605.7699535643,22777.5445544801
2008-01-04,0.372626079659898,0.371917516286343,0.373020111182547,10362.9810015525,10343.2753792695,10373.939282269
2008-01-05,0.565934713016077,0.563712817719432,0.567927465506813,15739.0236465937,15677.2312493262,15794.4434288622
2008-01-06,0.356960248233247,0.355239008116545,0.357679570735925,9927.30373066449,9879.43488947986,9947.30857153887
2008-01-07,0.805564229088233,0.802377415264636,0.80831383505901,22403.2810832538,22314.6536550835,22479.7494680296
2008-01-08,0.446873993504307,0.445715940181533,0.447828264981044,12427.8652449656,12395.6590059561,12454.4041742664
2008-01-09,0.674214134530579,0.672094927156829,0.675972409136979,18750.3469255173,18691.4103482048,18799.2457206802
2008-01-10,0.506977859808901,0.505480990173031,0.508794460262806,14099.3940472513,14057.7650995071,14149.9149233221
2008-01-11,0.631029272256124,0.629313484869945,0.632009678589917,17549.3469640726,17501.6297669781,17576.6127212632
2008-01-12,0.752255206123075,0.750655707937047,0.753415038521743,20920.7214279997,20876.238311496,20952.9771443021
2008-01-13,0.672069669014851,0.671288446793105,0.672833745555266,18690.7079023489,18668.9815888034,18711.957383006
2008-01-14,0.955617906581364,0.953730971819557,0.957764279005802,26576.3744171763,26523.8974968662,26636.0664727539
2008-01-15,0.805391118457632,0.800440235836941,0.810030472978632,22398.4667606017,22260.7793969422,22527.4903190291
2008-01-16,1.12277351745661,1.11804258550512,1.12527959901018,31225.0839798137,31093.5135916712,31294.779787342
2008-01-17,0.790863523290364,0.788277385896071,0.793993833370046,21994.4446029093,21922.5223887988,22081.5006240936
2008-01-18,0.811710184901967,0.809003521517897,0.814572123294816,22574.2042333249,22498.9301106646,22653.7966580413
2008-01-19,0.477910737514073,0.475014381135077,0.479936339566287,13291.0178960543,13210.4682840769,13347.3512466426
2008-01-20,1.19459264165916,1.18955915420146,1.19912375351502,33222.4219555627,33082.4372960261,33348.4352129307
2008-01-21,1.54354929561476,1.53469636966126,1.55361548278459,42927.1403655241,42680.9345617114,43207.0877768653
2008-01-22,1.3892257114677,1.38233830483726,1.39480344003484,38635.2980659536,38443.7546717652,38790.4184354831
2008-01-23,1.59514142819843,1.58846619073275,1.60154477313133,44361.9521486451,44176.3093211199,44540.0334626169
2008-01-24,1.6366461329541,1.6240344100093,1.65012112638201,45516.2258034859,45165.485336278,45890.9744013751
2008-01-25,1.20737514373582,1.19990361691113,1.21210929729171,33577.9119048803,33370.1237366246,33709.5718880005
2008-01-26,0.814521856866641,0.811736326084713,0.817934496506824,22652.3987149862,22574.9312371363,22747.3065104595
2008-01-27,0.542257159739245,0.533802947204412,0.543949465517236,15080.5350217637,14845.4177053334,15127.5991795976
2008-01-28,0.933361873936302,0.929080110902132,0.936005185584381,25957.4192337892,25838.3405342608,26030.9315022145
2008-01-29,0.86936358354792,0.861567369783351,0.873764263395128,24177.5838877717,23960.7659581195,24299.9697435662
2008-01-30,1.02074415006665,1.01991394853211,1.02168093978368,28387.5788947494,28364.4904336902,28413.6316445969
2008-01-31,0.753683195636134,0.752666733661173,0.75543311846502,20960.4347733666,20932.1662846314,21009.1012999996
2008-02-01,0.933632337434374,0.932156669471244,0.935068820322112,25964.9410049296,25923.9016899131,26004.8905567384
2008-02-02,0.916988819977761,0.913853762628038,0.919817607567151,25502.0736303236,25414.8855843779,25580.7441089789
2008-02-03,1.33485616575448,1.32818378456185,1.34029019546012,37123.2445623358,36937.6811696784,37274.368570223
2008-02-04,1.03550019508334,1.03026766569944,1.03950093241272,28797.9543958565,28652.4342469584,28909.2175821972
2008-02-05,0.640902278761059,0.638493628702553,0.642912344797967,17823.9218916574,17756.9357193034,17879.8231752481
2008-02-06,1.03911179159312,1.03807099400912,1.04070132314429,28898.3953152099,28869.4500368781,28942.6012529189
2008-02-07,0.581651891291743,0.580088921270798,0.582926991351209,16176.1289077644,16132.6616640121,16211.5902949636
2008-02-08,0.881437171491432,0.879974056931676,0.882382095177611,24513.358459947,24472.6682634914,24539.6374209278
2008-02-09,0.688600947748689,0.687401549440614,0.689986089082607,19150.4538428545,19117.0977720952,19188.9755516435
2008-02-10,0.70821785685945,0.706494596919923,0.709480685911782,19696.0132320672,19648.0882182562,19731.1333543342
2008-02-11,0.81655833968557,0.815408696764891,0.817418855875115,22709.0346669889,22677.0623268981,22732.9661989201
2008-02-12,0.627746723415141,0.626702285407778,0.628427180787837,17458.0570809092,17429.0105599639,17476.9810564722
2008-02-13,1.16559724210045,1.15967374443407,1.16967180878349,32416.040461724,32251.3040218178,32529.3568918691
2008-02-14,1.28306514202514,1.27724637120513,1.2872677796036,35682.9014831614,35521.0775670382,35799.7796507381
2008-02-15,1.32861862758912,1.32474179606713,1.33176651889752,36949.7744456895,36841.9571628914,37037.3194126269
2008-02-16,1.69884948634836,1.69159986493146,1.70242565225847,47246.1427487678,47044.525918619,47345.5983193995
2008-02-17,1.8123332124689,1.80561809838147,1.8186890748394,50402.2012266014,50215.4494035008,50578.962018691
2008-02-18,2.33083439818036,2.32466424348032,2.33791370874572,64822.0666898951,64650.4705525782,65018.9470611236
2008-02-19,2.53167860990018,2.51930996022148,2.54792859659517,70407.6788194164,70063.6983826412,70859.6018398053
2008-02-20,2.5314732201031,2.51675257147958,2.54886244945358,70401.9667915117,69992.5756878203,70885.5729136465
2008-02-21,2.62712952288682,2.61658704239629,2.64150980890711,73062.2326787816,72769.03923099,73462.1580703732
2008-02-22,2.53935834748113,2.52824540902887,2.55501895892685,70621.257468342,70312.1992023258,71056.7895680621
2008-02-23,1.58676402551453,1.58088732457623,1.59320998805853,44128.9709656457,43965.5359741094,44308.2375039436
2008-02-24,1.2715772350956,1.26538256372476,1.27632926491353,35363.4150924956,35191.1371301333,35495.5722264432
2008-02-25,1.83453104732622,1.82865271609393,1.84299452442881,51019.5378905083,50856.0575594037,51254.912860777
2008-02-26,1.65221304975538,1.64839072820362,1.65528992128896,45949.1521923519,45842.8508683573,46034.7220517556
2008-02-27,1.7194225193806,1.71609602244209,1.72272945370098,47818.292585011,47725.7804758024,47910.2606446989
2008-02-28,1.92258444843564,1.91935095804246,1.92624652472856,53468.3619869103,53378.4364520584,53570.2067828637
2008-02-29,1.9637428310594,1.9587443728119,1.96783798875407,54613.0041911652,54473.9937174398,54726.893271143
2008-03-01,2.47600323522692,2.46951897725307,2.479877435064,68859.3093372804,68678.9777774134,68967.0534311573
2008-03-02,2.22933884040079,2.22089104046065,2.23450978098984,61999.4072078437,61764.4682299694,62143.2145310815
2008-03-03,1.61146114248116,1.60749394687043,1.61424833321643,44815.8143399792,44705.4839713133,44893.3279822442
2008-03-04,2.38103953896787,2.36661620573286,2.38947289184607,66218.3053016319,65817.1827381498,66452.8424970313
2008-03-05,2.65533488264107,2.6399066040458,2.66775782982148,73846.64263619,73417.5718687457,74192.1331228768
2008-03-06,3.16136002812479,3.14559149847222,3.17203008762861,87919.5410595688,87481.0076821919,88216.282565221
2008-03-07,2.80952919106441,2.79145746321554,2.81858666180799,78134.8896912459,77632.3028284746,78386.7840227525
2008-03-08,2.76888095482637,2.75998769580677,2.77921993679606,77004.4349998677,76757.1075064562,77291.9690174144
2008-03-09,2.79624308082724,2.78501935560316,2.8050177623984,77765.3940614769,77453.2547410891,78009.423836579
2008-03-10,2.86828481092126,2.86021723228167,2.87973773120558,79768.9228562535,79544.5580875638,80087.4362448682
2008-03-11,2.25067191498343,2.24431227572136,2.25557706564565,62592.6943089676,62415.828478992,62729.1098362133
2008-03-12,3.05279736346252,3.04613153540021,3.05724789503578,84900.3405988822,84714.9594531708,85024.112864588
2008-03-13,3.22608832343844,3.20769098853171,3.23849124710166,89719.6783317922,89208.0361185267,90064.6119510465
2008-03-14,2.81095173277694,2.80247475709013,2.81987869472502,78174.451529629,77938.701154687,78422.7163240684
2008-03-15,2.3915338992307,2.38379204016193,2.40011727717928,66510.1604936419,66294.8542045073,66748.8699867926
2008-03-16,2.68887134111964,2.6783699679636,2.69579981276816,74779.3140219127,74487.2637966423,74971.9994617748
2008-03-17,2.82797098879253,2.82390905905851,2.83279139279111,78647.7684453724,78534.8034572489,78781.8271111069
2008-03-18,2.59392197963351,2.58721366700323,2.60093464720205,72138.7086459056,71952.1459758866,72333.7356307299
2008-03-19,2.56330378968178,2.55443577647836,2.56964480004023,71287.196263677,71040.5708733329,71463.5440113583
2008-03-20,2.31732656610807,2.30787044769459,2.32648814176998,64446.4048272979,64183.4238369262,64701.194386352
2008-03-21,2.22430221539515,2.21839059757532,2.22999366016882,61859.335290996,61694.9292375838,62017.6181844392
2008-03-22,3.55923448922402,3.54239132973228,3.57758439160442,98984.6964698868,98516.2769164879,99495.0195528068
2008-03-23,3.22510127062587,3.19986166685092,3.23845104419299,89692.2277315723,88990.297435536,90063.4938812133
2008-03-24,3.90035238082658,3.87762786240877,3.91950009545822,108471.413645435,107839.429558739,109003.92442174
2008-03-25,3.72751111261874,3.7099250265095,3.74494809176021,103664.58214197,103175.501301445,104149.516217793
2008-03-26,2.77784454387934,2.76497176447388,2.7909690805289,77253.7184186408,76895.7177963073,77618.7205786553
2008-03-27,2.43256307674809,2.42737509865916,2.4399507892017,67651.2094172978,67506.9282697703,67856.6666517233
2008-03-28,3.40649311218734,3.38967494980894,3.41948977827765,94736.856410418,94269.1320434937,95098.3024044836
2008-03-29,2.59002920757417,2.5836465912739,2.59756431947905,72030.4480460808,71852.9432092745,72240.0045580302
2008-03-30,2.93290695579362,2.92072414787436,2.94660315408515,81566.1080135646,81227.2959606668,81947.0084669579
2008-03-31,3.26460999667696,3.24879018828175,3.27935262871898,90790.9918809757,90351.0324073999,91200.994358268
2008-04-01,2.99555373892743,2.9860597075255,3.00688544204989,83308.3570370805,83044.3216610914,83623.4992951868
2008-04-02,3.76514061669979,3.74665992581364,3.77843791612481,104711.083868971,104197.123470054,105080.890677553
2008-04-03,3.98474693121647,3.96724378664183,3.99942617813605,110818.482651242,110331.70847038,111226.7223458
2008-04-04,2.91164627756021,2.896309018399,2.92266975410941,80974.8343034312,80548.2948474474,81281.404573968
2008-04-05,2.52582386256218,2.51836695781875,2.53291909473286,70244.8543722173,70037.4728538407,70442.17753396
2008-04-06,2.59752967910177,2.5860894590192,2.60796440841124,72239.0411859229,71920.8809984302,72529.2380011566
2008-04-07,3.21125340774692,3.19829725264736,3.22173061091279,89307.1093843604,88946.7900280973,89598.4874260059
2008-04-08,3.25051827383217,3.23662842880695,3.26283540524473,90399.0916246839,90012.8057258489,90741.6393039512
2008-04-09,3.8451017022217,3.82930647323811,3.8612827912854,106934.855245584,106495.579341918,107384.862176673
2008-04-10,3.51849713725388,3.50546062964131,3.53193060596649,97851.7634102753,97489.2093967748,98225.3571780028
2008-04-11,4.43178255208251,4.40645422335772,4.45097070942371,123250.842861457,122546.445065104,123784.478376617
2008-04-12,5.00144422776919,4.97685011529816,5.01826014103587,139093.515837653,138409.537087373,139561.177655272
2008-04-13,4.61242229123909,4.59296730181613,4.62179662896883,128274.555068379,127733.498774199,128535.261683128
2008-04-14,1.00644534394517,1.00377355860529,1.00743427670853,27989.91951375,27915.6153728733,28017.4223966611
2008-04-15,2.56393744792787,2.55540258522528,2.56966717690055,71304.8187241653,71067.4584725197,71464.1663268401
2008-04-16,2.76124980541461,2.74679539086015,2.76960408282685,76792.2076204899,76390.2206646837,77024.5456741862
2008-04-17,4.10263498335444,4.08707977808007,4.11134959808879,114097.028387308,113664.427703854,114339.387663423
2008-04-18,3.26092473986351,3.24306371748358,3.2694199623853,90688.5024192114,90191.7754167418,90924.7602508631
2008-04-19,2.22271677530767,2.21218871800544,2.22928251936037,61815.2431396344,61522.4508103754,61997.8408819642
2008-04-20,3.60377726142261,3.59130787199006,3.61816350466589,100223.460816365,99876.6787395211,100623.55188232
2008-04-21,2.53886860355275,2.52419261043638,2.54776597605936,70607.6373614778,70199.4881573677,70855.0792537196
2008-04-22,3.37143871348381,3.35657653039189,3.38388229422283,93761.9700897475,93348.6428176368,94108.0344095272
2008-04-23,2.2562996713215,2.24813458653374,2.26527106791985,62749.2059843339,62522.1295043172,62998.7065361766
2008-04-24,3.68238334533292,3.66524919667728,3.69325652202583,102409.548690065,101933.036533003,102711.93902087
2008-04-25,3.50294233491283,3.48661033101354,3.51004068360984,97419.1739326672,96964.9699588601,97616.5837670958
2008-04-26,5.69887709550306,5.67023622924543,5.72726832328026,158489.591294263,157693.069609128,159279.170365954
2008-04-27,5.00280984592984,4.96350731505748,5.02048867306345,139131.494593909,138038.464870614,139623.154624475
2008-04-28,4.77025167372714,4.75883062671556,4.78041462959196,132663.895969325,132346.268997786,132946.534582927
2008-04-29,1.7923798671665,1.78624335187756,1.79429346967456,49847.2853214265,49676.624718677,49900.5038896321
2008-04-30,4.0505833246051,4.03909561996856,4.06148446265216,112649.436873555,112329.956108793,112952.604828358
2008-05-01,4.50477894436393,4.48189268902977,4.51669390713076,125280.92145146,124644.439352727,125612.284551164
2008-05-02,5.79217808407838,5.77373281646156,5.80794124400167,161084.354314915,160571.379060858,161522.738356522
2008-05-03,4.70251122607944,4.68193986394686,4.71257477027817,130779.98872201,130207.885354606,131059.862630554
2008-05-04,5.30618073444429,5.29881303619467,5.31412263709678,147568.442316325,147363.541690325,147789.311951588
2008-05-05,3.96713723588322,3.95972382404373,3.97138057744845,110328.745222375,110122.573270805,110446.755395102
2008-05-06,4.33341250929157,4.33005424914749,4.34039137688583,120515.106045894,120421.710580651,120709.193030782
2008-05-07,3.29923862711523,3.29793030399285,3.30054798870025,91754.0373008483,91717.6519580041,91790.4515240346
2008-05-08,4.13722037929632,4.12491969957861,4.14179337528415,115058.871426861,114716.781280253,115186.049510009
2008-05-09,4.12925691719583,4.11653309288179,4.13959442562093,114837.402208901,114483.544127486,115124.895246185
2008-05-10,3.70173721909073,3.68040879195258,3.71626980798353,102947.792889831,102354.635037253,103351.953926377
2008-05-11,3.26602282507389,3.25593336412043,3.27530589739894,90830.2835855424,90549.6889146807,91088.4520482232
2008-05-12,2.95862303100418,2.94883703877259,2.97078506197978,82281.2892995463,82009.1342972185,82619.5235317169
2008-05-13,2.42549861947628,2.41940961792431,2.43360351709466,67454.7421261173,67285.4029122354,67680.1447606173
2008-05-14,2.68627464543842,2.67566104287285,2.70029159254296,74707.0981747666,74411.9267744036,75096.9188676089
2008-05-15,6.2648074894839,6.22663913422261,6.30918691890319,174228.494825592,173167.007286142,175462.716499909
2008-05-16,6.38810347946213,6.34075310779504,6.42621203143784,177657.438937282,176340.593367991,178717.263307282
2008-05-17,6.12722598518173,6.08967410647107,6.16654891953639,170402.2609867,169357.918073272,171495.858144512
2008-05-18,5.36797815453901,5.33840917176604,5.3974618654385,149287.069984498,148464.736757068,150107.03174398
2008-05-19,3.72798817425912,3.71220431416716,3.74408606062801,103677.849545906,103238.889818735,104125.542554292
2008-05-20,2.19065086944968,2.17648414195776,2.20654835997212,60923.4688078237,60529.4826220288,61365.5886734186
2008-05-21,2.80916165107906,2.80201593431485,2.82192270105922,78124.6681579357,77925.9409858131,78479.561510073
2008-05-22,2.35656344252104,2.35017284900184,2.36507852097742,65537.6086560771,65359.8819674659,65774.4186945767
2008-05-23,1.99799449801768,1.9926869466144,2.00523617785489,55565.5660040263,55417.9594424911,55766.9619735214
2008-05-24,2.08366435366283,2.07914548845224,2.08862009334247,57948.1021036644,57822.429433709,58085.9245453884
2008-05-25,3.68394174989271,3.67375978755384,3.69847493817575,102452.888965283,102169.7217689,102857.066671273
2008-05-26,4.61121029206223,4.5970782782132,4.63018869145747,128240.848559014,127847.827782892,128768.650565122
2008-05-27,3.73177300937658,3.71256335431577,3.75490927896335,103783.10834704,103248.874965889,104426.543509692
2008-05-28,6.10516286366712,6.04846696155583,6.1470309101346,169788.670791136,168211.919757012,170953.049222486
2008-05-29,4.18396709765211,4.15817283881726,4.20508373644559,116358.928993009,115641.573368039,116946.196869786
2008-05-30,4.54839979370226,4.52756815731928,4.56846216281676,126494.04650534,125914.704736602,127051.994435795
2008-05-31,5.88317263705191,5.83527753039899,5.91807866126781,163614.973815757,162282.97880144,164585.733742489
2008-06-01,2.50179765518662,2.49232516780059,2.51124637247708,69576.6694432408,69313.2332207721,69839.4446034213
2008-06-02,3.36680072262687,3.35196390871283,3.38118880233919,93632.9844557313,93220.3627174594,94033.1265951213
2008-06-03,4.51291493439515,4.48989066109225,4.53912281610366,125507.188786798,124866.868315858,126236.047541086
2008-06-04,3.28023383019799,3.26813201548098,3.29500054169345,91225.5011619621,90888.9415842988,91636.1733049924
2008-06-05,2.80090294455321,2.78763124623092,2.81607627528478,77894.9879946395,77525.8931698816,78316.9684911334
2008-06-06,4.07576625667255,4.06659950145982,4.08823431786959,113349.791091425,113094.857485592,113696.536229149
2008-06-07,2.40930915564194,2.40603287695637,2.41446912213888,67004.5022870438,66913.3867811046,67148.0044134256
2008-06-08,3.5737042936857,3.56269837991053,3.59417359272341,99387.1114293266,99081.0295913056,99956.3763536616
2008-06-09,2.87209902330422,2.85877635216872,2.88513376835651,79874.998658829,79504.486245975,80237.5036543468
2008-06-10,1.05723744491258,1.05488775602587,1.05973796651451,29402.4818814582,29337.1354588064,29472.0230630051
2008-06-11,2.00201066181918,1.99834807965128,2.00500352412471,55677.2582108949,55575.3993462197,55760.4917173654
2008-06-12,4.66265010001732,4.64345729237907,4.68347349202725,129671.424092129,129137.659249091,130250.536579327
2008-06-13,4.90953152002557,4.88498402300907,4.93328882677319,136537.361837327,135854.679494078,137198.068459628
2008-06-14,6.60592283572155,6.56217074120623,6.64021661759987,183715.141212837,182498.366142627,184668.874269849
2008-06-15,6.50609890239463,6.46308956106821,6.54145993506213,180938.970727101,179742.852120852,181922.38474381
2008-06-16,6.6404968870605,6.60516626608017,6.67390027284189,184676.66875138,183694.100504073,185605.639296211
2008-06-17,6.4182940172805,6.36889620682734,6.45976888667105,178497.058027079,177123.271812996,179650.501940421
2008-06-18,6.42725344720141,6.38388175156931,6.46688162788763,178746.225777602,177540.029855269,179848.312040464
2008-06-19,5.69236474045571,5.65199973023664,5.72655501982723,158308.478335952,157185.900349973,159259.332918885
2008-06-20,6.38225038759269,6.33639492189375,6.41617024374067,177494.660529773,176219.389297311,178437.994461627
2008-06-21,5.42556192226433,5.3900094374078,5.45942631449531,150888.513156377,149899.774725985,151830.304599529
2008-06-22,5.24703208842589,5.22080431625485,5.27261542887791,145923.478830367,145194.066908985,146634.968673757
2008-06-23,5.58752364404572,5.54546353495286,5.62152599088924,155392.777182478,154223.0573608,156338.405235859
2008-06-24,5.36136667380695,5.33557514429684,5.38818309049794,149103.200274463,148385.920553843,149848.982794442
2008-06-25,6.27368453621731,6.2290485560388,6.31035314047049,174475.37144446,173234.014921594,175495.149903273
2008-06-26,5.78664041850948,5.75643550464232,5.81454302940087,160930.348124216,160090.329226869,161706.338432853
2008-06-27,6.85699263947592,6.80944766650971,6.89479409607862,190697.560716981,189375.303155144,191748.844558848
2008-06-28,6.86260380344499,6.80946740982097,6.90550058378909,190853.610947446,189375.852229861,192046.599157341
2008-06-29,6.86924737723258,6.81631452324278,6.91442548416496,191038.373186863,189566.275042914,192294.806618076
2008-06-30,5.63577109171862,5.60103455227954,5.66775570988824,156734.571036693,155768.524595189,157624.084703413
2008-07-01,3.88476582737277,3.86996971305374,3.90282899322845,108037.941148103,107626.451292844,108540.289896105
2008-07-02,4.17395542376442,4.15271244061062,4.19493215593431,116080.497632578,115489.716034467,116663.87461239
2008-07-03,5.91978819442582,5.87844940044826,5.95416609524994,164633.277005306,163483.617440395,165589.349466576
2008-07-04,3.62952851137864,3.61031305936914,3.64564565735828,100939.620335591,100405.225737413,101387.848966659
2008-07-05,5.5193410600923,5.49141355315961,5.54536951373839,153496.573828191,152719.891143961,154220.442567814
2008-07-06,4.73564083459923,4.70985613543522,4.76093186730339,131701.345337717,130984.255573599,132404.705906741
2008-07-07,5.59247813632721,5.55759870628057,5.62693268573346,155530.564933224,154560.544608162,156488.769042931
2008-07-08,6.54351433387676,6.50854446987769,6.57949442869542,181979.51895166,181006.983597774,182980.149501674
2008-07-09,6.55223782856868,6.50678101577224,6.59382243478637,182222.125185346,180957.940757271,183378.620953394
2008-07-10,6.11675252852931,6.06747843161262,6.1454049833715,170110.987138105,168740.641480382,170907.831109542
2008-07-11,6.27618004590802,6.23937994181567,6.31088038448551,174544.773241397,173521.337683928,175509.812912678
2008-07-12,6.64142308308966,6.59902419441317,6.68327863720931,184702.426883668,183523.285374726,185866.457894453
2008-07-13,6.63656990203436,6.58986531546679,6.6806592010573,184567.45666602,183268.570813138,185793.609619574
2008-07-14,6.49364835361024,6.44837181387841,6.52968923666783,180592.71262131,179333.541707977,181595.033732988
2008-07-15,5.12524389723695,5.09904233905924,5.14874476820669,142536.467613502,141807.784720843,143190.042584963
2008-07-16,5.43095972323657,5.39329585042947,5.46036858557319,151038.629618909,149991.172074603,151856.509789695
2008-07-17,5.63165198172118,5.58561960353082,5.66167425325908,156620.015827123,155339.824539711,157454.955318891
2008-07-18,5.91221645154247,5.88062217373257,5.94535206166804,164422.701761297,163544.043721579,165344.225285682
2008-07-19,6.14501015926318,6.10124256776839,6.17703244009775,170896.850786487,169679.644734892,171787.41187716
2008-07-20,6.61267613137218,6.56946826654198,6.65986765243499,183902.954890799,182701.315212863,185215.382718326
2008-07-21,6.20196479988342,6.16974485972974,6.23946037237455,172480.797511946,171584.739383141,173523.574511673
2008-07-22,2.76155606842653,2.7465305487655,2.78355812116764,76800.7250001024,76382.8552285398,77412.6168321485
2008-07-23,3.51416569770134,3.49738632271772,3.53168341765936,97731.3031734789,97264.6575099979,98218.482705521
2008-07-24,5.13066973131938,5.09503355238503,5.16149369041433,142687.363695615,141696.297676828,143544.598655619
2008-07-25,6.34332236297594,6.29378290319747,6.3898858447137,176412.046076433,175034.320499683,177707.007709432
2008-07-26,5.3254243467582,5.29050742202057,5.35925266023278,148103.620071441,147132.556993895,149044.408140198
2008-07-27,5.30574643903278,5.27391499446765,5.33750218461291,147556.364269875,146671.11046375,148439.512836495
2008-07-28,5.89804364624356,5.85578791222566,5.93297428584597,164028.546547616,162853.386265668,164999.991044744
2008-07-29,5.22000758512268,5.18915779497785,5.25481947749901,145171.909282247,144313.955943435,146140.051339436
2008-07-30,4.54842780245406,4.52068132065295,4.57191357986997,126494.825447498,125723.177193497,127147.980657112
2008-07-31,6.13938793651295,6.08878013688223,6.18572508228243,170740.493003907,169333.056179887,172029.160081943
2008-08-01,3.76118567530384,3.73638736135669,3.78434798303985,104601.094298231,103911.436568049,105245.253599264
2008-08-02,5.36200082410143,5.33328419104583,5.39195996337781,149120.836419147,148322.207608584,149954.020160412
2008-08-03,4.37572181054047,4.34915138060742,4.39847885607654,121691.756068435,120952.81460505,122324.64475609
2008-08-04,6.03711410039444,5.99374670269477,6.07461325958164,167896.189079664,166690.112685713,168939.065827812
2008-08-05,6.13875442926724,6.09518597044552,6.18611436816855,170722.874742841,169511.206704338,172039.986383327
2008-08-06,5.84621712637921,5.79089103926708,5.89992499618613,162587.216297138,161048.560736162,164080.86815036
2008-08-07,4.21226933472075,4.18392884091339,4.25119517093734,117146.033173456,116357.865047466,118228.586765921
2008-08-08,4.27724319212184,4.24007166149398,4.30687699455469,118952.999691901,117919.234513558,119777.135597514
2008-08-09,4.0082960424505,3.97592911691952,4.04135073338299,111473.399216783,110573.253326129,112392.672324178
2008-08-10,3.61991437393029,3.6026918596013,3.63838373383718,100672.244729959,100193.2750643,101185.890006748
2008-08-11,4.86998766692537,4.84411927495609,4.89970388436902,135437.620781146,134718.203464025,136264.048703442
2008-08-12,5.78553639377055,5.73973683888233,5.82960184057195,160899.644456332,159625.928140987,162125.134063621
2008-08-13,3.63676974630886,3.61532944704209,3.65364169743669,101141.003931925,100544.734840476,101610.224200019
2008-08-14,5.42272314838829,5.38886264414581,5.45859031613098,150809.564952397,149867.881636812,151807.054924748
2008-08-15,5.62409398854736,5.58422034488161,5.67330380257669,156409.82297175,155300.910218923,157778.380879294
2008-08-16,5.48469898746028,5.43301259725212,5.54243788531564,152533.154571901,151095.721421074,154138.912016662
2008-08-17,4.99776003988187,4.95304971248328,5.0434810258148,138991.05610344,137747.631934558,140262.587363484
2008-08-18,5.01132486013022,4.96812984852599,5.05635922173904,139368.302845406,138167.020624298,140620.738622835
2008-08-19,2.61937353895285,2.60923319290166,2.63361697956584,72846.5335676797,72564.5237481481,73242.6531967832
2008-08-20,1.12248404701074,1.11967398215761,1.1272709799754,31217.0336127171,31138.8838259048,31350.1614265668
2008-08-21,2.59528904094894,2.58521954105663,2.60598541086403,72176.7275372636,71896.6879968903,72474.2007530858
2008-08-22,4.59505087882058,4.56742480563572,4.62966820745053,127791.444447063,127023.144837375,128754.175556072
2008-08-23,5.07843404260974,5.04000952119298,5.11784361111975,141234.654185333,140166.042493422,142330.660697065
2008-08-24,4.76645226757461,4.72498936714312,4.80730044998949,132558.231937941,131405.120889372,133694.247266497
2008-08-25,3.22797515099003,3.20213189917813,3.25361088847536,89772.1522705143,89053.4341180181,90485.0993105168
2008-08-26,2.99898206578519,2.9906216770926,3.00908218305932,83403.701104588,83171.1930920893,83684.592134869
2008-08-27,1.74618522170062,1.74199926229801,1.751575365641,48562.5812723344,48446.1669360054,48712.4847876785
2008-08-28,2.16941234811523,2.15708937296638,2.17943510638283,60332.8112958994,59990.1010984096,60611.5509203646
2008-08-29,3.93582890438975,3.91549222421388,3.96132947467464,109458.039541352,108892.462836443,110167.227490924
2008-08-30,4.21669782894444,4.1940286359172,4.24291323988234,117269.192565701,116638.747115194,117998.260712904
2008-08-31,2.81998401080045,2.80766730580315,2.83413913978528,78425.6452347069,78083.1094143338,78819.3088582465
2008-09-01,2.18937105375673,2.18293639403988,2.19946092739955,60887.876275697,60708.9240765971,61168.4824237264
2008-09-02,3.42047607314805,3.40133596488912,3.44058926972706,95125.7319258235,94593.4326878422,95685.0934021298
2008-09-03,3.47931101722237,3.45935258507443,3.49950108261506,96761.9711504802,96206.9137767219,97323.4704000107
2008-09-04,3.91526884719341,3.8979023262459,3.93684795500597,108886.250571801,108403.275985571,109486.380021935
2008-09-05,2.41706320312151,2.40465437675468,2.4315054069948,67220.1475440513,66875.0497666538,67621.7949126308
2008-09-06,2.90770153368526,2.89584040600565,2.92496333501227,80865.1283325841,80535.2624227342,81345.1905959866
2008-09-07,3.46716367876418,3.45307680072378,3.48984334007339,96424.1455270655,96032.380008031,97054.8821075098
2008-09-08,4.20700419898986,4.17604073570331,4.23985323088054,116999.606220196,116138.491555131,117913.15981181
2008-09-09,4.29004743230498,4.26310681287635,4.32417469078153,119309.094192529,118559.857511178,120258.196122137
2008-09-10,3.6579442010914,3.6431030135125,3.6793267607151,101729.879710104,101317.136337281,102324.543023384
2008-09-11,4.41618276313772,4.37789084519568,4.45878940963542,122817.00227625,121752.078375839,124001.921669435
2008-09-12,4.11916780962564,4.08882128885233,4.15519296887846,114556.817365864,113712.860285555,115558.701187994
2008-09-13,4.41942898761384,4.3932436001564,4.45372268961386,122907.281954482,122179.048780392,123861.012790025
2008-09-14,4.37055995503384,4.34077321199167,4.40740799516447,121548.201407428,120719.812120973,122572.970098247
2008-09-15,4.37328713106271,4.33614763555406,4.41277021726951,121624.046000487,120591.171740278,122722.097088638
2008-09-16,4.27025647133361,4.24057955298611,4.30412787487856,118758.694304426,117933.359316332,119700.680736918
2008-09-17,3.93491828552797,3.91055733976278,3.96712163588141,109432.714620528,108755.220392601,110328.311375869
2008-09-18,3.82300292590123,3.79947657241743,3.85180828228335,106320.273465973,105665.989808719,107121.369731708
2008-09-19,3.4207902113993,3.39939084082598,3.44565505309158,95134.4683211197,94539.3374840648,95825.9762324792
2008-09-20,3.16919044358807,3.14657244839268,3.19725270943497,88137.3101613834,87508.288556892,88917.7405813298
2008-09-21,0.633141800933139,0.631540484675888,0.63510196069544,17608.0978023529,17563.5641240701,17662.6111590006
2008-09-22,1.78302013871747,1.77685609529972,1.78854663925909,49586.9850005648,49415.558822104,49740.6806843723
2008-09-23,2.84834420440885,2.84189059901966,2.86163895335111,79214.3612253654,79034.8821344207,79584.0971033128
2008-09-24,2.40917907718301,2.39633147927298,2.42452450523337,67000.8847179252,66643.5844098556,67427.6513561909
2008-09-25,2.10805085086929,2.09667167545797,2.12284076488478,58626.306934297,58309.8444400225,59037.6243549589
2008-09-26,3.14418208731291,3.12459932034859,3.1658572506846,87441.8110132935,86897.2011400546,88044.6118329017
2008-09-27,3.2379953247121,3.21979122350882,3.26126825255682,90050.8200170361,89544.5517625646,90698.0557374276
2008-09-28,3.52421494334034,3.50434249546517,3.54672371285493,98010.7794294937,97458.1133359861,98636.7633946014
2008-09-29,3.60621967838181,3.5810806926713,3.63587572158649,100291.386068856,99592.2540286243,101116.140505239
2008-09-30,3.59358435939385,3.57502130519017,3.62004559320772,99939.9893798748,99423.7384018994,100675.894026004
2008-10-01,3.36450596628518,3.34574937379408,3.3869339091486,93569.1657439714,93047.5323365174,94192.9018657416
2008-10-02,2.76434790678315,2.74703928005404,2.78638698004492,76878.3678958315,76397.0033866151,77491.2892933678
2008-10-03,1.73098019554299,1.72389824982172,1.74018579974783,48139.7193048002,47942.7656481196,48395.7333271402
2008-10-04,0.932088170961221,0.930284979454282,0.933427394786247,25921.9967004431,25871.8487361739,25959.2414125369
2008-10-05,1.73492789017412,1.72780925982953,1.73926032187842,48249.5073381543,48051.533457514,48369.995167356
2008-10-06,2.05701223060933,2.049685466053,2.06786519607845,57206.8886998509,57003.126467295,57508.7169429778
2008-10-07,1.90871779279618,1.9002338573493,1.91539933239705,53082.7210004343,52846.7770699004,53268.5390945628
2008-10-08,2.27606902397934,2.26870806936714,2.28650696821777,63299.0049307554,63094.2918498323,63589.2911553184
2008-10-09,2.11906967342753,2.11240284646383,2.1268440397833,58932.7477742261,58747.3388483976,59148.958112798
2008-10-10,2.14427984760917,2.14011074932894,2.14972199273294,59633.8596135493,59517.9141963336,59785.2093166535
2008-10-11,2.6477384305275,2.63602021859014,2.65898395463986,73635.3802119282,73309.4888846494,73948.125774008
2008-10-12,3.00611300414586,2.98508566977237,3.03108956545507,83602.0172794041,83017.2330183972,84296.6321881824
2008-10-13,1.38008930681382,1.37205571509342,1.38724235751608,38381.2085295018,38157.7889598124,38580.1396633569
2008-10-14,1.95699912330316,1.94936825325546,1.96338534240631,54425.457158972,54213.237548896,54603.0621921413
2008-10-15,2.46974507286958,2.46320844435009,2.48193327830164,68685.2656480332,68503.4776281942,69024.2278093792
2008-10-16,0.933475683304701,0.930538363728493,0.937783022624679,25960.584348597,25878.8955226525,26080.3743417744
2008-10-17,1.23277422103076,1.23045578692163,1.23814345230733,34284.2772663835,34219.8000600423,34433.5991865315
2008-10-18,1.18563961618563,1.18226519704974,1.19150343144997,32973.4323170133,32879.587459379,33136.5089493209
2008-10-19,2.41086195498465,2.4020735231027,2.42722308718741,67047.6866774183,66803.2744969579,67502.7007288661
2008-10-20,0.502994096284491,0.501136817759983,0.505253559010736,13988.6029138024,13936.9507533266,14051.440086464
2008-10-21,1.6310487173053,1.62478615312413,1.63858437746154,45360.5579230217,45186.3918161038,45570.1296822089
2008-10-22,2.39496908313908,2.38557093645838,2.40822419399982,66605.6952603226,66344.3265026908,66974.328776658
2008-10-23,1.52623633252065,1.52139481795861,1.53572050273195,42445.6552590909,42311.0094944388,42709.4163887599
2008-10-24,1.79851515720562,1.79284735544935,1.80396274291146,50017.9118491577,49860.2864838734,50169.4128584952
2008-10-25,2.17322451357926,2.16259312740726,2.18255362924757,60438.8301722877,60143.1641979116,60698.2791312019
2008-10-26,2.39762711377558,2.38631178907886,2.40907307734964,66679.6168736801,66364.9301105701,66997.9367915204
2008-10-27,2.26873637902746,2.25869986649165,2.2843508600355,63095.0791604584,62815.9570205765,63529.3283417907
2008-10-28,2.13984650199331,2.13269271006408,2.15403190551186,59510.5653008368,59311.6135529631,59905.0708794486
2008-10-29,2.00798632090623,1.99934735087675,2.02220429791004,55843.4452948677,55603.1897486906,56238.8567639347
2008-10-30,1.63959471870189,1.63207085047916,1.65176879951289,45598.2279492126,45388.9841315991,45936.797295381
2008-10-31,0.944715170830427,0.942280353853543,0.950321510940856,26273.1620291571,26205.4481372665,26429.0781048801
2008-11-01,1.71457713872099,1.71128105187956,1.72274998867887,47683.5393015943,47591.8729175658,47910.8317361963
2008-11-02,0.627852683906986,0.626729637007935,0.630170857194715,17461.0039131999,17429.7712262947,17525.4738659229
2008-11-03,1.25683530916623,1.25300229280403,1.2617433939118,34953.4322526692,34846.8334988289,35089.9293787394
2008-11-04,0.347180462862814,0.346360614054651,0.347902253875866,9655.32134530501,9632.52080050446,9675.39483710723
2008-11-05,0.597295512502368,0.595743974699497,0.599194055033004,16611.1884976599,16568.0391915538,16663.9882378004
2008-11-06,1.19416437609342,1.1910411834034,1.19764256768386,33210.5116031648,33123.6535213569,33307.2424423064
2008-11-07,0.647977368689202,0.646982561972915,0.649257403337891,18020.6848841365,17993.0186426579,18056.283505569
2008-11-08,0.48758915601717,0.486803023614647,0.487893255071466,13560.1812008993,13538.3183319356,13568.6383994001
2008-11-09,0.841684871903891,0.840406978412669,0.84259206837063,23407.8203672571,23372.2812928487,23433.0501089813
2008-11-10,0.743331266060209,0.742434738477912,0.744539390103973,20672.5406742133,20647.6076413156,20706.1394135299
2008-11-11,0.366222688325924,0.366126014728392,0.366457679743365,10184.8983971356,10182.2098395996,10191.433665941
2008-11-12,0.273760890719357,0.273074195361242,0.274412037191376,7613.47383973268,7594.37638161461,7631.58265950428
2008-11-13,1.07246636596047,1.06721685294395,1.07488715314963,29826.0083819046,29680.0159068013,29893.3320959962
2008-11-14,1.56617663011439,1.56240612876786,1.5721851866547,43556.4217023257,43451.5615329675,43723.5236865207
2008-11-15,0.786505596841404,0.78409809297807,0.788615013521912,21873.2477477725,21806.2934518744,21931.9120393444
2008-11-16,1.09615836659164,1.09413678464157,1.10004708236773,30484.898797341,30428.6772484877,30593.0465892102
2008-11-17,1.15632580683564,1.15330101728459,1.16045320794653,32158.1956334877,32074.0742089222,32272.9814244796
2008-11-18,1.29569498967835,1.2936297123707,1.29937745162297,36034.1460106571,35976.7092646256,36136.5577452458
2008-11-19,1.3744301012804,1.367753782437,1.37867014084776,38223.8222309361,38038.149329572,38341.7405728904
2008-11-20,1.05041943231217,1.04549774127688,1.0552581698668,29212.8683817513,29075.9928556452,29347.4369159664
2008-11-21,0.71364606891724,0.71165807922388,0.715152790992553,19846.9754472686,19791.6881215871,19888.8783979567
2008-11-22,0.618285097951545,0.61634417017259,0.620203197642121,17194.922935783,17140.944433481,17248.2665736482
2008-11-23,1.31247572671164,1.30860722122351,1.3176322099306,36500.8295536519,36393.2438234357,36644.2348077384
2008-11-24,1.29630337388456,1.29118710589777,1.30186534997801,36051.0655831579,35908.7787416295,36205.7478658371
2008-11-25,1.10418885248794,1.10166072204145,1.10892384571605,30708.2319919809,30637.9229899639,30839.9153269483
2008-11-26,1.20294288329234,1.19946967955451,1.20779141323154,33454.647771539,33358.0556479212,33589.4886385313
2008-11-27,1.11851212887956,1.11541403829836,1.12430404698601,31106.5719075924,31020.4119322538,31267.6490317553
2008-11-28,0.56424680845019,0.563132392294597,0.565206297453439,15692.081889418,15661.0892292726,15718.7659216279
2008-11-29,0.711641784650813,0.710112057320662,0.713198287547862,19791.2349585899,19748.6922163471,19834.5223472925
2008-11-30,0.761220482673391,0.759589153195879,0.762851633121812,21170.051777205,21124.6834111525,21215.4151643385
2008-12-01,0.438345901759687,0.437837876667883,0.438842673429567,12190.6932981988,12176.5647799279,12204.5088512642
2008-12-02,0.578187447529489,0.575642662773113,0.581559082691996,16079.7804049383,16009.0082354019,16173.547838407
2008-12-03,0.992690470113128,0.989135928179027,0.997006568469368,27607.3872542519,27508.5330608849,27727.4208420979
2008-12-04,1.13407344613348,1.12793439605272,1.13823529272173,31539.3425692935,31368.6114722846,31655.0863120955
2008-12-05,0.308971975087825,0.307948380104365,0.309688190181382,8592.7176937526,8564.25083127063,8612.63611549681
2008-12-06,0.708829950982268,0.707042555179375,0.710465758259382,19713.0359798355,19663.3273046817,19758.5288764959
2008-12-07,0.346155442814054,0.345026481377867,0.346863169148068,9626.81485080195,9595.41767665523,9646.49719445429
2008-12-08,0.623548895043312,0.621711467835143,0.625238861125011,17341.3126605918,17290.2125785273,17388.3117499038
2008-12-09,0.256685286102309,0.255609601960071,0.257438101823275,7138.58983161924,7108.67433472257,7159.52614134066
2008-12-10,0.426366200704748,0.425853667650393,0.42695633698677,11857.5297833157,11843.2758955851,11873.9418688157
2008-12-11,1.02825723649867,1.02565358396454,1.03147471647997,28596.5228635373,28524.1135416498,28686.0031381051
2008-12-12,0.472690568948722,0.471569598787043,0.4738524427308,13145.841509804,13114.666578357,13178.1539983471
2008-12-13,0.414035545639048,0.412169231227044,0.419364830976508,11514.6060021913,11462.7025476285,11662.8169990017
2008-12-14,0.908541879524159,0.906268091100161,0.910760221463015,25267.158555346,25203.9229754291,25328.852131352
2008-12-15,1.15124146744798,1.14678058353346,1.15620574104171,32016.796747699,31892.7365764448,32154.856523293
2008-12-16,1.13073414733428,1.12553198918231,1.13395621744025,31446.4744317594,31301.7989271755,31536.0823607705
2008-12-17,0.625992646954521,0.624367213242049,0.627259501038088,17409.275038994,17364.0706381184,17444.5071000771
2008-12-18,0.265744921423195,0.265070751111029,0.266338565611512,7390.54436147132,7371.79523327513,7407.05400419635
2008-12-19,0.690745021495839,0.689024755793037,0.692454712329368,19210.0819706761,19162.2402285951,19257.6296185556
2008-12-20,0.91871278012993,0.916353058738526,0.923528633867263,25550.0181175175,25484.3926841866,25683.9502374373
2008-12-21,0.418735474290249,0.41482035654053,0.420503267215257,11645.3141677751,11536.4321193254,11694.4776737575
2008-12-22,0.485657726901761,0.48290299318749,0.488848630374794,13506.4668627963,13429.8558720374,13595.2080268582
2008-12-23,0.612425014217093,0.608530623197282,0.614921535343483,17031.9500798222,16923.6444556218,17101.3800054634
2008-12-24,0.691632615761965,0.688754037193841,0.695016099885719,19234.7665620642,19154.7113629215,19328.8635230861
2008-12-25,0.255908161945841,0.254838967725299,0.256957431432851,7116.97748801548,7087.2424801906,7146.15837564771
2008-12-26,0.541312817145102,0.539064346167512,0.542763127329415,15054.2722213419,14991.7407365769,15094.6063195352
2008-12-27,0.197731283955074,0.196746782085337,0.198654594810001,5499.03952216454,5471.65986537458,5524.71741582368
2008-12-28,0.359052611987205,0.357813718151437,0.359661722382466,9985.49376892051,9951.03930106705,10002.4335372258
2008-12-29,0.170602884803778,0.170170197389739,0.171068352063578,4744.58056088086,4732.54723391838,4757.52551732232
2008-12-30,0.72445320948085,0.721799700200287,0.725919951883874,20147.5292690624,20073.7333976435,20188.3203582706
2008-12-31,0.380559594138846,0.378750390372891,0.382396961578102,10583.6173560876,10533.3021868658,10634.7157759386
2009-01-01,0.230935395779458,0.229041810069888,0.232033437968607,6422.46812470243,6369.80623707772,6453.00541386758
2009-01-02,0.502695717097822,0.499673154764604,0.508268647098529,13980.3047886537,13896.2453045088,14135.2917068346
2009-01-03,1.10048237797842,1.09739660099901,1.10345249780968,30605.1524518696,30519.3349260489,30687.7534748891
2009-01-04,0.721087320649789,0.717380246452149,0.723296235270983,20053.9216449222,19950.8254270822,20115.353040906
2009-01-05,0.476183687325038,0.475282082444237,0.477133391152229,13242.9874728643,13217.9132368925,13269.3993727702
2009-01-06,0.311859301137857,0.310585271891194,0.31311136225928,8673.01616622958,8637.58455905208,8707.83682512154
2009-01-07,0.258358541105018,0.258151538050974,0.258499980900346,7185.1241746251,7179.36728096302,7189.05771012316
2009-01-08,0.319464235763249,0.317986756588644,0.319919520512953,8884.51449482996,8843.42480880852,8897.17626884156
2009-01-09,0.757211982784381,0.756354459666479,0.758085675060513,21058.5727088788,21034.7244162758,21082.8706766083
2009-01-10,0.32438958163362,0.323854735065718,0.324871235045087,9021.49166434884,9006.61722285249,9034.88676851578
2009-01-11,0.637013313530495,0.635371506495257,0.638248745609538,17715.7671622922,17670.1074083375,17750.1253563712
2009-01-12,0.484305255846707,0.482120944243085,0.486097211028218,13468.8537363574,13408.1065667807,13518.6892108861
2009-01-13,1.04322723328794,1.03840148866684,1.04516420303264,29012.848506826,28878.6413148,29066.7169335425
2009-01-14,1.05148626293708,1.04871574724695,1.05463798424917,29242.5376563974,29165.4877583134,29330.1891383045
2009-01-15,1.01639272846461,1.01325822601098,1.01894305453701,28266.5629437648,28179.3903298513,28337.4892210135
2009-01-16,1.13303515606961,1.12905976813665,1.13612045404618,31510.4670267771,31399.9088241394,31596.2712312077
2009-01-17,0.95841873357601,0.954930482590586,0.96382138589891,26654.2672929531,26557.2566952956,26804.5186747977
2009-01-18,1.02534766546624,1.01993480398804,1.0307115991196,28515.6057431918,28365.0704378965,28664.7803328878
2009-01-19,1.16241984374957,1.15832332255622,1.16872395466049,32327.6748841603,32213.7478843703,32502.9964334764
2009-01-20,1.18594634296366,1.17995530465644,1.1925365016427,32981.9625942721,32815.3478038797,33165.2393237229
2009-01-21,1.3082644574168,1.30318089251934,1.31258659154893,36383.7113322579,36242.3339855606,36503.9127790763
2009-01-22,1.41024292336434,1.3990025709306,1.41573237095449,39219.8008140953,38907.1990798639,39372.4660304906
2009-01-23,1.25784528025261,1.25431949000661,1.26364063435814,34981.520225443,34883.4656357909,35142.692907043
2009-01-24,1.17769642180861,1.17582841894874,1.18165832337019,32752.5267580254,32700.5763465961,32862.7098956366
2009-01-25,1.71146621100752,1.7040893161097,1.72082155003483,47597.0223170041,47391.8659260549,47857.2005651062
2009-01-26,1.83389999624658,1.82678373173005,1.8464963657562,51001.9879370662,50804.0798516899,51352.3014149526
2009-01-27,1.02304258454956,1.01702000546314,1.02802346211613,28451.4998980818,28284.0079374818,28590.0214412882
2009-01-28,1.31268548982275,1.31040868304646,1.31561038778491,36506.6632063507,36443.3436840339,36588.0065788839
2009-01-29,1.08264544030575,1.07840383889167,1.08526757909327,30109.0952612498,29991.1334832916,30182.0186982334
2009-01-30,1.50521686998159,1.50260628453782,1.50717014029981,41861.0899190752,41788.4877883241,41915.4116756658
2009-01-31,1.27320487354634,1.27111948271808,1.27724007734231,35408.6808086199,35350.6846921006,35520.9025304953
2009-02-01,1.43115699330553,1.42583877285276,1.43340813154596,39801.4351153325,39653.5318403809,39864.0407784646
2009-02-02,1.34165478543218,1.33887855871391,1.34488511342521,37312.3187318655,37235.1100062613,37402.15631825
2009-02-03,1.69039401429464,1.68019666865247,1.70060371871014,47010.9904042732,46727.3953879165,47294.9291263985
2009-02-04,1.74343350612384,1.7373550598259,1.75181368443527,48486.054218002,48317.0085528086,48719.1125930632
2009-02-05,1.7342087081222,1.72387577255093,1.74031693981946,48229.5064033096,47942.1405401551,48399.3804204197
2009-02-06,0.937840354208736,0.934227416337507,0.939590886188808,26081.9687715495,25981.4905480352,26130.6522390852
2009-02-07,1.71610596478166,1.70920443540606,1.72167068378547,47726.0569789288,47534.1208217328,47880.8155437833
2009-02-08,2.05675119849415,2.04870659106185,2.07092384682326,57199.6292217894,56975.9032977693,57593.7800700347
2009-02-09,1.56476489166754,1.55702911022177,1.56971441625283,43517.1603100012,43302.0230436351,43654.8099057858
2009-02-10,1.2896311781835,1.28668642209616,1.29297683228284,35865.5073491455,35783.6117088427,35958.5522318357
2009-02-11,1.38886299950335,1.38598736436648,1.39231128928025,38625.2108031431,38545.2374627961,38721.1100528106
2009-02-12,1.72868503284375,1.72094228022959,1.73589553711361,48075.8892919642,47860.5581527334,48276.4182480383
2009-02-13,1.62751343792897,1.62005544562559,1.6362199235763,45262.2394342957,45054.8276701482,45504.3726350527
2009-02-14,1.74405958359676,1.74094570382557,1.75009181429376,48503.4658521079,48416.866768814,48671.2262304665
2009-02-15,2.00754205857212,1.99874472478931,2.01719345922485,55831.0900616208,55586.4303133315,56099.5019819402
2009-02-16,1.89802401854829,1.89120638387248,1.90793899159068,52785.3199718566,52595.7169824859,53061.062016973
2009-02-17,1.94856106552654,1.94147100537075,1.95539068927655,54190.7891171943,53993.6097926516,54380.7255307532
2009-02-18,1.34957312107973,1.34547186874284,1.35383955461058,37532.5329529271,37418.4743768645,37651.1853286944
2009-02-19,1.21610381041659,1.21302877712741,1.21883882176815,33820.6619750424,33735.1432384473,33896.7244736768
2009-02-20,2.25580297706945,2.24831397484654,2.26508570777993,62735.3925843103,62527.1184135185,62993.551546461
2009-02-21,2.65323580368246,2.64554230307916,2.66705205260951,73788.2658435922,73574.3044357911,74172.5049856148
2009-02-22,2.28757567507589,2.27322811207854,2.29930199381051,63619.0126092677,63219.9972668744,63945.129392011
2009-02-23,1.99962135695156,1.99211806555633,2.0047181127549,55610.8100412641,55402.1384790138,55752.5542358943
2009-02-24,1.35920186281848,1.35787206597093,1.36061121599109,37800.314713663,37763.3321721307,37839.5097699123
2009-02-25,0.722840184986983,0.716655108349412,0.726799697188585,20102.6699768726,19930.6588504727,20212.7866647815
2009-02-26,1.05511667446103,1.05254061765446,1.05754811953158,29343.5018339046,29271.8599676944,29411.1219508202
2009-02-27,1.53594349071683,1.52855837333702,1.5432415204395,42715.6178340613,42510.2327703775,42918.5809316357
2009-02-28,2.34112728413533,2.32751136097103,2.35720786345382,65108.3187463799,64729.6507980735,65555.5304340952
2009-03-01,2.37564743786973,2.36256877124626,2.38512979045973,66068.3473564191,65704.6208725714,66332.0579368213
2009-03-02,2.14068192341428,2.13350474774019,2.14535176597257,59533.798930436,59334.1968649464,59663.6703816128
2009-03-03,1.54121521408378,1.53553847679797,1.54312165560156,42862.2279938949,42704.3541255458,42915.2474101618
2009-03-04,1.73126556540596,1.72735024412932,1.73549315309815,48147.6556319382,48038.7679232684,48265.2276788989
2009-03-05,1.09320102284627,1.08399076288968,1.09878823708852,30402.6530858325,30146.5095839159,30558.0372583436
2009-03-06,3.10962319170429,3.08662206244795,3.12450598700593,86480.7049657682,85841.0281462734,86894.6054772453
2009-03-07,1.37993360245044,1.37430151907738,1.38559902024966,38376.8782868064,38220.2462736972,38534.4373526474
2009-03-08,2.57380153150439,2.56159176674749,2.58598339430308,71579.1454991311,71239.5837585125,71917.9312675924
2009-03-09,2.7082086815329,2.69621680061818,2.72304490576724,75317.0984182868,74983.5961733404,75729.7037571712
2009-03-10,3.0266789004434,3.01360753964107,3.03657113523078,84173.9686382723,83810.4453342069,84449.0783172786
2009-03-11,3.4813529442242,3.45239273119254,3.50416123636803,96818.7585088581,96013.3555759179,97453.0723990185
2009-03-12,3.56642188199134,3.54345458338804,3.58521928815463,99184.5826795862,98545.846713225,99707.351142616
2009-03-13,3.47888776584935,3.46441912211165,3.4918688500796,96750.2002461424,96347.8175672143,97111.2128982369
2009-03-14,2.55620228723836,2.5448689845697,2.56536121932151,71089.6987214471,70774.5119788891,71344.4147608043
2009-03-15,1.33189747419426,1.3283945118616,1.33399555019196,37040.9613671928,36943.5416371096,37099.3102667757
2009-03-16,2.11677825506242,2.11378048304675,2.11964498902114,58869.0218938317,58785.6518450318,58948.747686449
2009-03-17,2.07378850701625,2.07139409486292,2.07671602408538,57673.4481898371,57606.8579831681,57754.8644014903
2009-03-18,2.40655451519324,2.39584879039304,2.41419201880069,66927.8938900631,66630.1605086166,67140.2979838815
2009-03-19,2.61357289430469,2.60682015431239,2.61937120088613,72685.2137525435,72497.4155278124,72846.4685444772
2009-03-20,2.61017977215081,2.60079378252732,2.61513273615978,72590.8487514445,72329.8180897212,72728.5939999069
2009-03-21,2.92886207638359,2.92169043537452,2.9338477181307,81453.6172063781,81254.1690636318,81592.2712446381
2009-03-22,2.41899410511194,2.40565827791544,2.42294593757231,67273.8472224553,66902.9689307281,67383.7503316137
2009-03-23,2.27562323134301,2.26723848079463,2.28437153044113,63286.6071387781,63053.4216067433,63529.9031996241
2009-03-24,2.03078508334061,2.02330400141829,2.03680606468454,56477.4941574218,56269.4402554974,56644.9416837323
2009-03-25,3.15064390588347,3.13742475262071,3.16118091010568,87621.5185183166,87253.885006879,87914.5596674163
2009-03-26,4.29531991548661,4.28149275243763,4.31161877248575,119455.725483318,119071.18281225,119909.007619617
2009-03-27,3.50970067465845,3.48530042632071,3.52229473788322,97607.1278902909,96928.5406314819,97957.3772288497
2009-03-28,3.48495519933677,3.47195379151488,3.49020937799983,96918.9396376946,96557.3617728961,97065.061867555
2009-03-29,2.5781459976937,2.56848963152857,2.58352320620622,71699.9680154261,71431.4180008792,71849.5117878521
2009-03-30,1.96255138887967,1.9494719376907,1.97026861512071,54579.869385667,54216.121082527,54794.4906193541
2009-03-31,2.42418678009533,2.41792007325786,2.43126431835679,67418.2589937656,67243.9776767997,67615.0900760352
2009-04-01,2.99075988321858,2.9828677134038,2.99734047962601,83175.0366970754,82955.5501653593,83358.0474933444
2009-04-02,2.83289712926966,2.82398762133063,2.843336074177,78784.7677134378,78536.9883266873,79075.0817672735
2009-04-03,3.28204564132678,3.26881612753806,3.29469927359988,91275.8888436917,90907.9671990838,91627.7948374066
2009-04-04,3.85238326928957,3.82666740447875,3.87245444022016,107137.360505695,106422.185071071,107695.553220554
2009-04-05,4.74144644943499,4.71772941417806,4.76913452702959,131862.803377101,131203.216731945,132632.827370978
2009-04-06,4.62529451636155,4.59370123720272,4.64809090190783,128632.540275731,127753.910009168,129266.523035434
2009-04-07,4.75063540072886,4.73030203895876,4.76271248558457,132118.354270827,131552.869853006,132454.226094474
2009-04-08,4.22986236481262,4.22021139911916,4.24200842292473,117635.307130792,117366.907306981,117973.097146924
2009-04-09,4.31064998301929,4.29792782998061,4.31752848338659,119882.064935292,119528.253333166,120073.360640334
2009-04-10,4.54663300323842,4.53083313757882,4.55569263347337,126444.910878475,126005.506025741,126696.865266883
2009-04-11,2.7870273579796,2.78405711361645,2.7889495603856,77509.0986328992,77426.4941465643,77562.5563700298
2009-04-12,2.93668605770592,2.92842745003544,2.94020800582751,81671.2073704208,81441.5299563584,81769.1551080182
2009-04-13,3.46412084813383,3.44912263867731,3.46762066413494,96339.522367994,95922.4121115218,96436.8545964885
2009-04-14,3.97777925431783,3.95839245943928,3.99241617958097,110624.706887099,110085.547128902,111031.769588029
2009-04-15,3.90861442916039,3.8872941215063,3.92039627034512,108701.186746651,108108.254702366,109028.847645942
2009-04-16,5.01802717723131,4.98396669295817,5.0404386682967,139554.69877574,138607.453881479,140177.977361982
2009-04-17,4.73984762116002,4.71496995716639,4.75243005613576,131818.338891273,131126.47438312,132168.264840433
2009-04-18,4.98853164667579,4.97609360584086,4.99640194878082,138734.408303703,138388.498052369,138953.286679756
2009-04-19,3.87589001358256,3.86455035882862,3.88255700200341,107791.098818212,107475.735419905,107976.512234272
2009-04-20,4.40651045174874,4.39546570121539,4.41305543310759,122548.008814341,122240.846900048,122730.02913224
2009-04-21,5.45922715455912,5.45082942870228,5.46558123870754,151824.76582823,151591.219444171,152001.477166772
2009-04-22,3.72630554106408,3.72412410417521,3.72887728526778,103631.054389086,103570.387167253,103702.57631892
2009-04-23,2.12668971347486,2.11717821311546,2.13646859513137,59144.6661947339,58880.1449953303,59416.6234472037
2009-04-24,3.97197373930822,3.9466107949743,3.99099457734522,110463.251623947,109757.891144306,110992.233877124
2009-04-25,2.69579294460585,2.67920138437396,2.70495765926112,74971.808453578,74510.3860442122,75226.6853101414
2009-04-26,3.36763931993749,3.35976092703854,3.37584154482962,93656.3064089502,93437.2030224961,93884.4157801599
2009-04-27,2.64674343001204,2.64202737188817,2.65080274967253,73607.7085807648,73476.5518437362,73720.6009809942
2009-04-28,2.76854499881261,2.76478224959774,2.77270890175999,76995.0918379743,76890.4472605929,77110.8927695017
2009-04-29,3.68351666091021,3.67648018276164,3.69342699965462,102441.066955794,102245.377782781,102716.680117977
2009-04-30,4.2222944052693,4.20684053140865,4.23834183873039,117424.837104004,116995.054515076,117871.126983211
2009-05-01,4.91485795391527,4.88446730008263,4.93282713308291,136685.493533464,135840.309083197,137185.228448684
2009-05-02,5.29850948510998,5.26445847955778,5.31723254195458,147355.099731227,146408.118446548,147875.800489876
2009-05-03,2.75838119311511,2.7480331488159,2.76263104611989,76712.4295899566,76424.6435429526,76830.6208501823
2009-05-04,4.66999455417835,4.65777239431464,4.67957953986648,129875.678284447,129535.771827601,130142.243160091
2009-05-05,3.29065728104049,3.28575065834327,3.29651466690168,91515.384315471,91378.9278499454,91678.2821417682
2009-05-06,2.95113975288565,2.94362820425367,2.96020437010374,82073.1743199335,81864.2731183954,82325.2673996856
2009-05-07,3.24159158854884,3.23706694547803,3.24652805244096,90150.8345244767,90025.0011683563,90288.1208936315
2009-05-08,3.50941680974363,3.49940083108566,3.523462373011,97599.2334167695,97320.6823377916,97989.8499442778
2009-05-09,4.46212788063742,4.4409318598133,4.48211978000671,124094.766785374,123505.291241125,124650.754904987
2009-05-10,4.59906065432368,4.58355449719134,4.61497924813963,127902.958991072,127471.722369319,128345.665753402
2009-05-11,2.42773897546942,2.41971170063191,2.4389277044002,67517.0479277262,67293.8040347831,67828.2139777436
2009-05-12,3.46054739125553,3.45317561968266,3.46811485267619,96240.1421373525,96035.1282295036,96450.5983110155
2009-05-13,3.29277891694058,3.28040828831908,3.30665486965068,91574.3884317286,91230.3529592279,91960.28797597
2009-05-14,2.71814955818329,2.71284145818555,2.72567272855216,75593.5608601019,75445.939041787,75802.7852699318
2009-05-15,4.94244581227666,4.92180719267676,4.96566551927507,137452.7303633,136878.756520656,138098.485976288
2009-05-16,5.56610519271524,5.52924415688274,5.60121194031069,154797.115696779,153771.985586782,155773.457875217
2009-05-17,5.32465097508349,5.29029503764211,5.35976427641173,148082.11208687,147126.650441994,149058.636529009
2009-05-18,6.1201295559295,6.06856747136899,6.1641568583896,170204.904533317,168770.928405858,171429.33332091
2009-05-19,3.11715145507001,3.09814222539949,3.13062120003459,86690.0710152538,86161.411598528,87064.6736498601
2009-05-20,3.79118419560341,3.77804449899054,3.8016394442159,105435.373252143,105069.949483389,105726.140722945
2009-05-21,5.74333517329934,5.70427983945728,5.77746765795472,159726.000232652,158639.845224436,160675.247505796
2009-05-22,6.45589216602591,6.40748226030343,6.50896088227188,179542.687741182,178196.375819733,181018.564305527
2009-05-23,6.12873569525491,6.07511047794316,6.16432455086438,170444.247035612,168952.893803672,171433.996961018
2009-05-24,5.44372254132586,5.41721107943872,5.46426101716226,151393.572143346,150656.270620836,151964.760920813
2009-05-25,4.53004106329128,4.50686394130222,4.55184559714328,125983.477908973,125338.906613635,126589.87660834
2009-05-26,5.48497531611766,5.45353331928387,5.51789262726354,152540.839457053,151666.416453336,153456.291940514
2009-05-27,5.84898587868341,5.81989876511153,5.87965904389759,162664.217154278,161855.285032268,163517.258435398
2009-05-28,6.0594427555647,6.01529514309162,6.09745168800566,168517.163944147,167289.389254463,169574.217828122
2009-05-29,6.33674329289564,6.29595696234424,6.37720161720123,176229.077728345,175094.782541564,177354.250841606
2009-05-30,5.88164776472832,5.84230328066939,5.91765033551655,163572.5660945,162478.36962497,164573.821716291
2009-05-31,5.7904907606785,5.75627199830829,5.81818243937285,161037.428720356,160085.782006141,161807.55286323
2009-06-01,5.32441197080347,5.2909666959319,5.35526481134932,148075.465217667,147145.329709164,148933.503390176
2009-06-02,6.44640141005165,6.3945595482225,6.49822002273017,179278.743457032,177836.986536231,180719.853803373
2009-06-03,6.88111906185656,6.81678933014384,6.93933636195414,191368.532692411,189579.479741038,192987.594824142
2009-06-04,6.62161710212627,6.57862679800551,6.67055360319554,184151.609279522,182956.02011072,185512.566170478
2009-06-05,4.88663820538775,4.843239215535,4.93091676058768,135900.683414628,134693.728421727,137132.0997093
2009-06-06,3.45979572845386,3.4468726445115,3.47100640810721,96219.2378910893,95859.8382658715,96531.0144054123
2009-06-07,5.54129288093123,5.50753903181127,5.57843578120093,154107.068677373,153168.351512223,155140.037626269
2009-06-08,3.08279523559959,3.07208107329223,3.09525774792344,85734.6015269611,85436.6334927858,86081.1923468026
2009-06-09,4.21331424154709,4.1865399182831,4.23800852535076,117175.092732571,116430.480859008,117861.857314744
2009-06-10,6.33563790967431,6.27962564115373,6.38273729733169,176198.336280155,174640.597554346,177508.201815932
2009-06-11,5.70056138770209,5.6622249245044,5.72929920805293,158536.432589095,157470.269855271,159335.650632539
2009-06-12,5.71779125595493,5.68084257707771,5.74350112180154,159015.606772304,157988.039250497,159730.615371713
2009-06-13,5.27191656063377,5.24631076496122,5.2929378319135,146615.532679521,145903.418341398,147200.148321827
2009-06-14,4.42885236470529,4.40889910016195,4.45065538146467,123169.352386746,122614.438727535,123775.708894751
2009-06-15,3.57580134045582,3.56164334855395,3.59434826113075,99445.4317054004,99051.6884622192,99961.2339991288
2009-06-16,5.04024560236649,5.01656800628755,5.06346725894585,140172.608069074,139514.118253888,140818.417901214
2009-06-17,3.8333423715414,3.81895153835435,3.85419020351871,106607.820378507,106207.601663139,107187.612557577
2009-06-18,4.72543730919231,4.70534026889059,4.74920809601023,131417.578457961,130858.666298554,132078.659970052
2009-06-19,2.26227115232093,2.25407705841558,2.27074191781934,62915.2768728898,62687.3936298717,63150.8545383306
2009-06-20,4.59523248786906,4.57739085351955,4.62232372282027,127796.495116411,127300.307308061,128549.920516384
2009-06-21,3.67045700099456,3.65229102009671,3.68880459527028,102077.869061228,101572.660957998,102588.12795421
2009-06-22,2.01293635846393,2.00845769012143,2.01945160298855,55981.109156759,55856.5543886442,56162.3024733693
2009-06-23,4.9671680370958,4.93971309168242,4.99559921054087,138140.272003839,137376.731572162,138930.961991324
2009-06-24,6.06197429539637,6.01952401495412,6.10038966728773,168587.56776345,167406.997015061,169655.925000929
2009-06-25,6.05011065022274,6.00899193660024,6.07509968152729,168257.631840405,167114.092857661,168952.593548111
2009-06-26,4.94426024055638,4.91589275578286,4.96976790402681,137503.190829751,136714.272066904,138212.576045567
2009-06-27,6.7818051298295,6.73025182097597,6.82583155439171,188606.545684617,187172.81361545,189830.950057281
2009-06-28,6.88055367713928,6.82664590812036,6.92285987414629,191352.808964514,189853.597780238,192529.372656008
2009-06-29,6.87902549264308,6.84268306841453,6.91635380244534,191310.309129518,190299.601955789,192348.434441772
2009-06-30,6.9560582543577,6.90693619908087,6.99754141997613,193452.641858548,192086.524580725,194606.316495547
2009-07-01,6.90344317510616,6.84817993242492,6.95051556056881,191989.381243036,190452.473427801,193298.495829682
2009-07-02,6.93741913815636,6.87313058021288,6.98213886325936,192934.275545443,191146.367664187,194177.961070782
2009-07-03,6.46074222908542,6.42291115579507,6.49477369188447,179677.571245278,178625.463743479,180624.009032895
2009-07-04,6.12493036180153,6.06586669903061,6.1624922405756,170338.418162018,168695.818117126,171383.039183911
2009-07-05,4.38835988109769,4.3648528323983,4.41786773836434,122043.229280402,121389.48250214,122863.862566537
2009-07-06,3.17128266250834,3.15268482764518,3.18548256848627,88195.4961717174,87678.277920293,88590.405073444
2009-07-07,5.41780401205528,5.38793764877738,5.44654273580512,150672.760474274,149842.156895703,151472.003641849
2009-07-08,4.45882824915346,4.43691198210522,4.47625258789486,124003.001822461,123393.495748025,124487.584360287
2009-07-09,4.43944381259265,4.40977150190049,4.45668904083286,123463.90765066,122638.700804549,123943.509005412
2009-07-10,5.25537689509103,5.22249014604391,5.28121506291688,146155.553496239,145240.950965227,146874.130259676
2009-07-11,5.98586654201022,5.94799489608403,6.02654641332033,166470.960135956,165417.724281963,167602.29461989
2009-07-12,4.06185113344823,4.03639679139048,4.08960070581251,112962.802188932,112254.899877338,113734.536393566
2009-07-13,1.1963061174654,1.1914333277517,1.19938193392048,33270.0748660698,33134.5593184902,33355.6153830336
2009-07-14,3.52250863149478,3.50926054508497,3.53616167546176,97963.3257535342,97594.8875918868,98343.0260562407
2009-07-15,5.59010342810861,5.55716693427995,5.61576415712017,155464.522706185,154548.53673946,156178.164777281
2009-07-16,6.31412295607895,6.27620379887393,6.34344493666457,175599.991001796,174545.433827297,176415.45493286
2009-07-17,6.41019083193023,6.37374064351809,6.43977689252413,178271.703011902,177257.998844006,179094.511184978
2009-07-18,5.85511014430739,5.82590500226236,5.88887243454479,162834.537085635,162022.322512687,163773.489003919
2009-07-19,6.54351948739288,6.50820556652541,6.57858573968171,181979.662274397,180997.558468421,182954.878251218
2009-07-20,6.51714474389876,6.46065861951347,6.55583772110791,181246.162982024,179675.246007049,182322.240609435
2009-07-21,6.46740496062456,6.41877215821332,6.50508751433003,179862.866274605,178510.355446861,180910.843347214
2009-07-22,6.43897362976053,6.40230664823487,6.47349789326015,179072.171909192,178052.438579519,180032.314814557
2009-07-23,5.03012674844053,5.00313393733113,5.0592713363666,139891.195959948,139140.507792978,140701.726482266
2009-07-24,5.14443779973805,5.11870816947716,5.1709757988719,143070.26290541,142354.704644394,143808.302446535
2009-07-25,5.65300223158929,5.61359934407672,5.69103340412381,157213.780584446,156117.95987573,158271.452980328
2009-07-26,3.69543111727984,3.67725287740031,3.72969259421865,102772.415972253,102266.866938527,103725.250607247
2009-07-27,5.04823288209188,5.02377940154971,5.06941114883862,140394.739671145,139714.671989055,140983.721462603
2009-07-28,4.3973941064564,4.37404859687916,4.41644586234411,122294.477142177,121645.222875162,122824.319241503
2009-07-29,4.83491382941573,4.81149702147213,4.85688298063564,134462.19385425,133810.956731884,135073.170672942
2009-07-30,5.84433685205804,5.80021658276504,5.88374433063395,162534.924608146,161307.910350625,163630.87299741
2009-07-31,5.73882336916898,5.70510271742078,5.7723341208338,159600.52393607,158662.730012076,160532.480398074
2009-08-01,5.6281520559381,5.59053505567064,5.66600493833366,156522.680545518,155476.526557953,157575.394573149
2009-08-02,5.3992843503033,5.3553374541398,5.42956158074635,150157.716269461,148935.523634863,150999.74633925
2009-08-03,4.654517089103,4.62414117954375,4.68126700882609,129445.239608028,128600.465205886,130189.172802764
2009-08-04,4.80470456812433,4.77375475354926,4.83857683777455,133622.054052121,132761.318966869,134564.064571581
2009-08-05,4.44963047530237,4.42216144960421,4.48604067186873,123747.205567506,122983.273553673,124759.797535369
2009-08-06,3.64901076905353,3.635341676962,3.67364945915041,101481.434978132,101101.288366326,102166.653462061
2009-08-07,3.44156281395614,3.43166140494671,3.44819555740594,95712.1683195896,95436.8034993199,95896.6293600546
2009-08-08,3.64537996244361,3.62424205718451,3.66392099646415,101380.459813019,100792.600501581,101896.098394944
2009-08-09,3.83011092985789,3.81255542917612,3.85389479249927,106517.951819644,106029.721580354,107179.396979148
2009-08-10,5.12089077936632,5.08403083892948,5.15684824939536,142415.404488151,141390.304841841,143415.405827604
2009-08-11,5.33185432518875,5.30144075203147,5.3684106088485,148282.442080832,147436.620228787,149299.096828667
2009-08-12,1.71554964201638,1.70918188755284,1.72122233773446,47710.5852699906,47533.4937508235,47868.3467396326
2009-08-13,1.8567242604607,1.85116772451972,1.86210068547276,51636.7460212059,51482.2150328129,51786.268003959
2009-08-14,2.47042304829408,2.46292653139278,2.47846191296074,68704.1205989536,68495.6374399194,68927.6868128124
2009-08-15,3.3769486872824,3.36853500293344,3.38775907315703,93915.2061537554,93681.2159533357,94215.8502298235
2009-08-16,3.46102744231568,3.44388548000203,3.47661174035831,96253.4926790553,95776.7632189279,96686.9024518918
2009-08-17,4.42780122357498,4.39843460930609,4.45456848178451,123140.119447459,122323.41422375,123884.534837123
2009-08-18,4.6635593925744,4.63176512129205,4.69769252006157,129696.71212753,128812.492135312,130645.977278257
2009-08-19,5.47647734295994,5.4392782835923,5.51206230296789,152304.505128373,151269.974357327,153294.14671449
2009-08-20,5.16604366968807,5.11654032800974,5.20874745417861,143671.136628522,142294.415520343,144858.757494388
2009-08-21,5.14483771061484,5.10798993062977,5.18558251253188,143081.384694905,142056.623238908,144214.524942533
2009-08-22,5.43505150567627,5.39921623677272,5.46641149130563,151152.424830784,150155.821986528,152024.567047943
2009-08-23,4.76524795307166,4.74207709288153,4.79643542420713,132524.739144507,131880.341993994,133392.083617976
2009-08-24,5.35077696547305,5.31176858934503,5.3876672757713,148808.693388697,147723.844305978,149834.637641206
2009-08-25,5.18023391575841,5.13491945307633,5.2240347560143,144065.776881745,142805.55130575,145283.907603669
2009-08-26,4.62310677860806,4.59516919350655,4.65528761645677,128571.69782263,127794.734857772,129466.668490128
2009-08-27,4.18775635786341,4.15707060281683,4.22440627069199,116464.310858968,115610.919446171,117483.569496737
2009-08-28,5.18054839646146,5.13787066861281,5.23782217434757,144074.522800855,142887.626587663,145667.344947557
2009-08-29,2.37629806410748,2.36499040264394,2.3956788944887,66086.4417081268,65771.9680646675,66625.4355896561
2009-08-30,4.65946613484693,4.62576340555124,4.69687975801831,129582.875886914,128645.580398336,130623.373821138
2009-08-31,4.45298749433448,4.42518436195628,4.48503863719774,123840.566516593,123067.342772077,124731.930279627
2009-09-01,4.32554608986488,4.29434531043813,4.35775199688711,120296.335649728,119428.62106376,121192.003507742
2009-09-02,4.61417817942709,4.58954537700505,4.64554596278427,128323.387495647,127638.332751901,129195.746572843
2009-09-03,3.39944444036397,3.36972565048671,3.42418865799842,94540.8281231375,93714.3286597391,95228.9813986091
2009-09-04,4.51520458974179,4.48839951791858,4.54421008696437,125570.865636467,124825.398624865,126377.527953105
2009-09-05,3.25971680449574,3.22787085784762,3.29513008906858,90654.9089271008,89769.2518083287,91639.7761043146
2009-09-06,2.12195036329642,2.11226896781958,2.12781004956803,59012.8616900581,58743.6155935783,59175.8234923108
2009-09-07,2.1157609620058,2.10922790941314,2.12539332267845,58840.7302921585,58659.0417212414,59108.6126978717
2009-09-08,3.72188318169907,3.7062829974551,3.74694644223293,103508.065611372,103074.21403263,104205.091683692
2009-09-09,3.4575138534448,3.43233969193208,3.48292633551669,96155.7774178224,95455.6671149569,96862.515575156
2009-09-10,4.12951830635374,4.10244531895669,4.1612253168888,114844.67161656,114091.753693297,115726.464828915
2009-09-11,4.527680773846,4.49367113333789,4.57041788587404,125917.836677683,124972.005782603,127106.384404702
2009-09-12,4.4953869722305,4.45586097993049,4.54772579265036,125019.724412125,123920.480076768,126475.302084385
2009-09-13,4.44141036197741,4.41203208294932,4.47483533672949,123518.598706991,122701.569078511,124448.169655566
2009-09-14,3.60952922193003,3.58373186735735,3.6415213448252,100383.42669292,99665.9849734053,101273.149071086
2009-09-15,4.08281736526283,4.04921478949034,4.11917146236504,113545.887146827,112611.37699485,114556.918950995
2009-09-16,4.05261046842695,4.02037809100344,4.08354352227672,112705.81310179,111809.409084176,113566.082060038
2009-09-17,2.56054740528305,2.54537284428111,2.57285752921164,71210.5393662772,70788.5246551396,71552.8921627191
2009-09-18,4.13999386118703,4.1048151301496,4.17509526105338,115136.003816971,114157.65973077,116112.197271479
2009-09-19,2.83107383955204,2.81180946935266,2.85530825364918,78734.06080446,78198.3057586369,79408.0361018993
2009-09-20,2.6581409029048,2.64410558468777,2.66647127633173,73924.6799402604,73534.3483344681,74156.3532081055
2009-09-21,3.85013774917594,3.82230131882668,3.88515455188043,107074.911086434,106300.761303028,108048.751837176
2009-09-22,3.87492624805078,3.84380830060038,3.91632619618433,107764.295852878,106898.884879684,108915.656155852
2009-09-23,3.93027210439564,3.89820249676853,3.96897480389987,109303.501209465,108411.623928974,110379.849220417
2009-09-24,3.85950817107223,3.82704903615374,3.89512037915782,107335.508799231,106432.798503714,108325.908172649
2009-09-25,3.78252148633036,3.75154210245904,3.81758547897838,105194.457501693,104332.900074496,106169.610636389
2009-09-26,3.78621822710545,3.75763167747341,3.81194320707312,105297.266340126,104502.255236751,106012.695273371
2009-09-27,3.86089793721369,3.83628250180457,3.89163095596701,107374.159127017,106689.58737154,108228.864975174
2009-09-28,3.37019964632109,3.33333326682204,3.40976280798686,93727.5108015554,92702.2320806097,94827.7888418845
2009-09-29,2.39670161523938,2.38381754590553,2.41071571471447,66653.8781391385,66295.5635363304,67043.6196374973
2009-09-30,1.95096463257624,1.94349225325821,1.95669478888397,54257.6339276669,54049.8220510001,54416.9934148158
2009-10-01,1.46375390338038,1.45831815288896,1.47164178862177,40707.977030282,40556.8051661893,40927.3444051408
2009-10-02,1.33260145684761,1.32533513779175,1.33956591826034,37060.5395965769,36858.4583938984,37254.2259359016
2009-10-03,1.77022750225448,1.76504334115673,1.77935232644818,49231.2132071712,49087.0382127265,49484.9806832647
2009-10-04,2.01595530699446,2.01144409703282,2.02270281576339,56065.0681386293,55939.6083662774,56252.7208795324
2009-10-05,2.86031460658477,2.85128565682309,2.87565407475499,79547.2661321913,79296.1649883055,79973.867022196
2009-10-06,2.7168655065698,2.70421854747636,2.73440722334268,75557.8505241863,75206.13011607,76045.6974237318
2009-10-07,1.38802452651018,1.38381790579378,1.39232251827428,38601.892307276,38484.9033659637,38721.4223386599
2009-10-08,2.09194362054419,2.07944835655384,2.10538667889784,58178.3540642267,57830.8523985904,58552.2145262986
2009-10-09,2.56949762880189,2.55864342755046,2.57913739987937,71459.4510805889,71157.5884695278,71727.5395746266
2009-10-10,3.0322635155018,3.02151697842282,3.04788381219392,84329.2805257389,84030.4121274679,84763.6914451432
2009-10-11,2.84724784324853,2.83406573473993,2.86232584523509,79183.8706867386,78817.2674147409,79603.2000269467
2009-10-12,2.92994533119788,2.91138231466259,2.94910836940734,81483.7432487382,80967.4933183461,82016.6801840109
2009-10-13,1.96915717676965,1.96041116421376,1.98118450672324,54763.5807739485,54520.3483033743,55098.068880423
2009-10-14,0.892179979503651,0.889718983138408,0.893757779448883,24812.1231503722,24743.6811921465,24856.0028242577
2009-10-15,1.43810215850474,1.43635138256835,1.43942144727381,39994.584814027,39945.8945619027,40031.2751188548
2009-10-16,1.19866763878899,1.19673360504535,1.20073296316808,33335.7503567212,33281.9635821615,33393.188411841
2009-10-17,1.73749508939084,1.73053523988849,1.74937600007249,48320.9028688546,48127.3447898484,48651.3189572491
2009-10-18,1.73291664434242,1.72883914297063,1.73882942285041,48193.5732436797,48080.1751978741,48358.0115766076
2009-10-19,2.1319418356636,2.12551431590456,2.14039656941345,59290.7312326654,59111.9776005772,59525.8630444345
2009-10-20,1.38754987865924,1.38307929569239,1.39442939657027,38588.6920324423,38464.3621240429,38780.0160360573
2009-10-21,0.920607261237943,0.918082736712599,0.924275482360838,25602.704906773,25532.4961878396,25704.7205945658
2009-10-22,1.49962807254766,1.49453011589861,1.50587458469945,41705.6617169424,41563.8841259885,41879.3814061657
2009-10-23,0.572419704975924,0.571884999257848,0.573464991010245,15919.3756191032,15904.5050947349,15948.4457242465
2009-10-24,1.62195389344163,1.61347678442065,1.62734174639648,45107.6247762124,44871.8706931576,45257.464577713
2009-10-25,1.92258879412515,1.91632350751584,1.92969779715646,53468.4828434481,53294.2410239792,53666.1889820541
2009-10-26,0.457369902922958,0.456538772986965,0.458325335593594,12719.7635200374,12696.6492395115,12746.3347429188
2009-10-27,0.91038963086018,0.908304221546163,0.911745134509788,25318.5457583251,25260.5491277045,25356.2432232509
2009-10-28,0.969629185561676,0.965666618540451,0.972844727349571,26966.0374756851,26855.8358311953,27055.4638477954
2009-10-29,0.776986796099257,0.774198167012109,0.778857069604219,21608.5235198321,21530.9698760376,21660.5370794233
2009-10-30,0.471942781990933,0.469988754547775,0.4733395417881,13125.0450533567,13070.7022406141,13163.8898793952
2009-10-31,0.993761518237469,0.990771865207445,0.996901687110212,27637.1738203839,27554.029566016,27724.5040212104
2009-11-01,1.72588829043578,1.72125005658001,1.73195877180431,47998.1100112801,47869.1176193038,48166.9341664488
2009-11-02,1.16694495995341,1.16223608687335,1.17159262089243,32453.5213984274,32322.5644822826,32582.7759639066
2009-11-03,2.00147424886915,1.99518801662852,2.01178618252445,55662.3402072618,55487.5158757485,55949.1219930581
2009-11-04,1.8734866592472,1.86544720414942,1.88441563003786,52102.9195652678,51879.3369311237,52406.861567324
2009-11-05,1.50335891517281,1.49702396321161,1.51166920769127,41809.4189506807,41633.2396910871,42040.5337550034
2009-11-06,0.709828921315146,0.70857152973322,0.710835364552227,19740.8180142819,19705.8491117109,19768.8078752023
2009-11-07,0.87594812092461,0.875148007781518,0.877826280971461,24360.7042850367,24338.4526023082,24412.9371746433
2009-11-08,0.821797892334942,0.820462096254908,0.823176842865147,22854.7501376066,22817.6007533983,22893.0996759954
2009-11-09,1.64741786676482,1.64039540751188,1.6557053750865,45815.7949397529,45620.4956416231,46046.2761002936
2009-11-10,1.15471351499036,1.15230348983701,1.15765824754792,32113.3567167461,32046.332302083,32195.2517026702
2009-11-11,0.67777812720864,0.674245677393842,0.680260744467155,18849.4639504076,18751.224153684,18918.5072001651
2009-11-12,1.34192275545134,1.3370244814742,1.34812485257999,37319.7711576863,37183.5468756611,37492.25563535
2009-11-13,0.722476950644448,0.721130418004978,0.724311964792964,20092.5681863746,20055.120211253,20143.601159633
2009-11-14,0.778486362248831,0.775716250637963,0.780292803979406,21650.2274594296,21573.1887990605,21700.4658145964
2009-11-15,0.829239260659615,0.826588812097074,0.831289061021784,23061.6995777653,22987.9888269658,23118.7058995706
2009-11-16,1.17607123343268,1.17200348749744,1.18000025046176,32707.3291801237,32594.2024395463,32816.5977768474
2009-11-17,0.523168869691439,0.522340873477394,0.5245547122125,14549.6768829612,14526.6497533428,14588.2180922345
2009-11-18,0.93545523431548,0.932324295229107,0.937015359245758,26015.6369888605,25928.5634745785,26059.0251087347
2009-11-19,0.45129176757632,0.449842267857702,0.452934194931153,12550.7265026081,12510.4149440089,12596.4035080665
2009-11-20,0.792661742977625,0.789361577621266,0.796554520754305,22044.4542975413,21952.6744872791,22152.7150563691
2009-11-21,0.75951062548996,0.758028788248869,0.761507403586109,21122.4995030232,21081.2886162521,21178.0312400761
2009-11-22,0.395974619934408,0.394678512071041,0.397088627798555,11012.3195542903,10976.2739259856,11043.300859577
2009-11-23,0.47656650898819,0.476213111354783,0.477126755267196,13253.6339998757,13243.8057748509,13269.2148243601
2009-11-24,0.55004037546067,0.548439111285206,0.551531579433141,15296.991467125,15252.4592372716,15338.4628489732
2009-11-25,0.714593755265138,0.711784925344116,0.716415516184358,19873.3312397232,19795.2157972005,19923.9956317929
2009-11-26,0.62553297199527,0.624070083165812,0.627304623739704,17396.4911703127,17355.8072515679,17445.7619926493
2009-11-27,0.567790031763983,0.562370002722546,0.569589552657701,15790.6213043688,15639.8866643363,15840.6671864244
2009-11-28,0.444672095943047,0.441110983001182,0.446801257897444,12366.6289981212,12267.5920606245,12425.8424189928
2009-11-29,0.455877755185299,0.455099015958098,0.456590361382257,12678.2658914468,12656.6086316436,12698.083947358
2009-11-30,0.498318229758512,0.496050574061348,0.49927156964547,13858.563932047,13795.4989073734,13885.0769532117
2009-12-01,1.28269335203673,1.27786916761764,1.28816880569405,35672.5617544177,35538.3979526553,35824.8377901624
2009-12-02,1.15209682880719,1.14795246879087,1.1588834418015,32040.5849203439,31925.3274908265,32229.3251759617
2009-12-03,0.86847807145919,0.864021077469899,0.872859183607748,24152.9572031324,24029.005213306,24274.7988681136
2009-12-04,0.680323996789297,0.678142309594755,0.681690713120237,18920.2662896342,18859.5921066329,18958.2755867424
2009-12-05,0.585355642741027,0.583042556900917,0.587001102660211,16279.1327177458,16214.8042503505,16324.8940608512
2009-12-06,0.722113329258323,0.719658625225484,0.724302673615035,20082.4556319351,20014.1886676905,20143.342765748
2009-12-07,1.23423293132066,1.22865244482531,1.23933779054375,34324.8449771426,34169.6479077816,34466.8145333067
2009-12-08,1.28755603196057,1.28168670016172,1.29779867447604,35807.7961419662,35644.5660911367,36092.6508947262
2009-12-09,0.868200651367597,0.861330896589322,0.87085969874764,24145.241964464,23954.1894801141,24219.191854141
2009-12-10,0.744615627374616,0.742786710164292,0.74575200408682,20708.2596231191,20657.3962097979,20739.8630210614
2009-12-11,0.688164588478938,0.685723805701605,0.689764945970601,19138.3183991238,19070.4385943246,19182.8254134931
2009-12-12,0.362524433348798,0.359875726505952,0.364302944436872,10082.0474477285,10008.385135321,10131.5090330088
2009-12-13,0.418739700669561,0.417698248558393,0.419992428916605,11645.4317062162,11616.4682250452,11680.2709183188
2009-12-14,0.679429348344889,0.676168658975193,0.683408105551367,18895.3855168206,18804.7035602034,19006.0374212126
2009-12-15,0.263602528068009,0.26170456275802,0.264397344326825,7330.96296647636,7278.17927922888,7353.06733930325
2009-12-16,0.382998924860174,0.382894256373014,0.383197591322122,10651.4567782362,10648.5458774617,10656.9818256851
2009-12-17,0.608523558871577,0.605775262282949,0.609642519709249,16923.4479919896,16847.0160220089,16954.5670427894
2009-12-18,0.459494030339778,0.45812612615899,0.460393187736452,12778.8369270449,12740.7945950364,12803.8430968429
2009-12-19,0.394816714237944,0.393768616999594,0.395400577288832,10980.1174208674,10950.9691342561,10996.3550436055
2009-12-20,0.228325281290444,0.227587957775643,0.228870613208788,6349.87909151877,6329.37363043334,6365.04513763796
2009-12-21,0.266409602809532,0.265653949363652,0.266970350304078,7409.02959628093,7388.01436752786,7424.6243599055
2009-12-22,0.614171543247322,0.612581639981432,0.616917207629896,17080.5222226401,17036.3059472958,17156.8809892064
2009-12-23,0.888186326432479,0.883027635108185,0.893489120088092,24701.0569820001,24557.5903190244,24848.5312273842
2009-12-24,0.684294257314844,0.681868212694486,0.687325610884337,19030.6818956353,18963.2119688588,19114.9858699527
2009-12-25,0.925874818514596,0.921251692538567,0.931041168321485,25749.1992048435,25620.6269731277,25892.8788553527
2009-12-26,0.9765545070869,0.972894335792869,0.981281380254545,27158.6353085074,27056.84349185,27290.0928191512
2009-12-27,1.07301062125207,1.06819446465438,1.0786914128134,29841.1444863126,29707.2039436434,29999.1311067809
2009-12-28,0.835529824319844,0.830652620764461,0.838416404157963,23236.6443689605,23101.0060694854,23316.9220887841
2009-12-29,0.670288757986114,0.669183533274536,0.672258448492111,18641.1795731104,18610.4425331829,18695.9579861276
2009-12-30,0.563398401771868,0.562443335273908,0.565122546965025,15668.4871311095,15641.9260917356,15716.4367644173
2009-12-31,0.532339740044609,0.530591061731239,0.534205066690217,14804.7249336085,14756.093017786,14856.6009177257
2010-01-01,0.486881335748187,0.483584930147454,0.48872141703232,13540.4962448525,13448.820995914,13591.6701385482
2010-01-02,0.570072303572943,0.567744076173782,0.571065978453014,15854.0928129069,15789.3432486069,15881.7275772618
2010-01-03,0.556091207558535,0.55490403200083,0.558065396266476,15465.2691629079,15432.2530150278,15520.1726739357
2010-01-04,0.378403891749959,0.377805950238576,0.379259858960414,10523.665827946,10507.0366737865,10547.4708497201
2010-01-05,0.495706411352516,0.492407656854781,0.497979960011428,13785.9275117901,13694.1869384518,13849.1564236792
2010-01-06,1.25224357858905,1.24800642210773,1.25839026264001,34825.7331480359,34707.8949866368,34996.6765508725
2010-01-07,1.27099706141931,1.2667243167117,1.27946249536791,35347.2800737378,35228.4521799149,35582.7094652052
2010-01-08,1.1370656576982,1.13129325395087,1.14323902805978,31622.5579782261,31462.0235614684,31794.2435452453
2010-01-09,0.779217331017173,0.774535897286779,0.781205434430992,21670.5561907572,21540.3623813159,21725.8466790809
2010-01-10,0.796857069075217,0.795616786127398,0.798987990022836,22161.1291279352,22126.6360279446,22220.3914675871
2010-01-11,0.497686248355194,0.496510828505009,0.49902701700672,13840.98810568,13808.2988919045,13878.275780434
2010-01-12,0.453267537419369,0.452230660427776,0.453601370923959,12605.6739860629,12576.8377420335,12614.9581195538
2010-01-13,0.82428800818913,0.823588323793752,0.824474791522289,22924.0019283352,22904.5432363858,22929.1964980086
2010-01-14,0.511627396757552,0.510785545836342,0.512375356934492,14228.7007858158,14205.2883475061,14249.5020596038
2010-01-15,0.570163469930887,0.568713634618078,0.57144825521673,15856.6282104191,15816.3073187206,15892.3589502546
2010-01-16,0.674329020488658,0.671641031811127,0.675741671748685,18753.5419810056,18678.7872144497,18792.8287592763
2010-01-17,0.899227510279344,0.896588642236031,0.902375558211986,25008.1197043521,24934.7310155533,25095.6690271148
2010-01-18,0.861685732087784,0.856512314966861,0.86467129317258,23964.0576931297,23820.1814958808,24047.0881477585
2010-01-19,0.523051293098279,0.52050344198543,0.52484621754264,14546.406999108,14475.5495521431,14596.3250508265
2010-01-20,0.928654951949129,0.925546692470411,0.932837779210864,25826.5165788452,25740.0737996515,25942.8438082374
2010-01-21,0.731635670950292,0.729163552547134,0.735416976222096,20347.2783360631,20278.5270665092,20452.4389698237
2010-01-22,1.29771596215475,1.29515168118363,1.30153271336044,36090.3506096391,36019.0362373047,36196.4970185762
2010-01-23,1.04476359072324,1.04301253633867,1.04724454880346,29055.5756367364,29006.8776407812,29124.5727436333
2010-01-24,0.958090242043892,0.954913417216829,0.963938023812446,26645.1317232968,26556.7820958145,26807.7624533414
2010-01-25,0.767416135941387,0.7634867646275,0.771226862428785,21342.3570467853,21233.0785971636,21448.3359042691
2010-01-26,1.17815695504954,1.17228850158708,1.1832419362641,32765.3344960955,32602.1288723895,32906.7512315205
2010-01-27,1.3550840313278,1.34833898840828,1.36347982028428,37685.7950602228,37498.2108962441,37919.2875777846
2010-01-28,1.19419726020174,1.18767915811447,1.19865754012252,33211.4261322554,33030.1533449128,33335.4695060388
2010-01-29,1.48436165703274,1.47980915360952,1.49003571069073,41281.09247024,41154.4842990475,41438.8917051007
2010-01-30,0.666161756683263,0.66457531198955,0.668157064020268,18526.4049010481,18482.2848109139,18581.8957353035
2010-01-31,0.822323762829415,0.820682546378854,0.824991249954424,22869.3749484853,22823.7316190862,22943.5595531259
2010-02-01,1.0108290348846,1.00659791707792,1.0150863298611,28111.8328966336,27994.1626748231,28230.2311230803
2010-02-02,0.798140675133,0.796258262433103,0.800626774339216,22196.8270726481,22144.4759139103,22265.9671577047
2010-02-03,1.28224784096847,1.27894900498227,1.28790115600231,35660.1717930372,35568.42895345,35817.394272862
2010-02-04,1.21000268622582,1.20646273842505,1.21557491831337,33650.9856224512,33552.5373017127,33805.9531311994
2010-02-05,0.809285195630043,0.805142872250589,0.813347554500051,22506.7636564955,22391.5628672144,22619.7405791785
2010-02-06,1.12288302970528,1.11782654284804,1.12754964164126,31228.1295888422,31087.5053005905,31357.9111942475
2010-02-07,1.24236793797982,1.23825151406815,1.24955259071969,34551.0849642455,34436.6044565207,34750.8949719452
2010-02-08,0.642300143268813,0.639626700952782,0.645038425127509,17862.7974404376,17788.4472179437,17938.9508940672
2010-02-09,1.00751838810969,1.00374391795974,1.01241183631555,28019.7615910972,27914.7910466561,28155.8516651888
2010-02-10,0.953739897063632,0.949607601751321,0.957512322658716,26524.1457138855,26409.2238118721,26629.0593978855
2010-02-11,1.02004612523558,1.01674332736428,1.0225710229929,28368.1663563956,28276.3133341287,28438.3854551603
2010-02-12,0.99182258102744,0.990879772280306,0.993291702568113,27583.2506771378,27557.0305340293,27624.1079317585
2010-02-13,1.16590883057619,1.15958071200784,1.16818407079917,32424.7059460545,32248.7167276961,32487.9819014742
2010-02-14,1.27848052722469,1.27248699817394,1.2837925384075,35555.4002730477,35388.7162134085,35703.1308640405
2010-02-15,1.31338885595811,1.30790187968226,1.31754061249196,36526.2242899564,36373.6278024681,36641.6874215834
2010-02-16,0.780798936565386,0.777022503891185,0.783140059212257,21714.541701012,21609.5165774562,21779.6498907929
2010-02-17,1.46988525792141,1.46268153151336,1.47585242685329,40878.4941091738,40678.153649979,41044.4450762411
2010-02-18,1.53819426642647,1.53218466927836,1.54512243804932,42778.2134149692,42611.0824907738,42970.8905109164
2010-02-19,1.7948311813274,1.78803382404447,1.80279603301266,49915.4580110607,49726.4189495756,50136.9658743049
2010-02-20,2.12397134512138,2.11153143171051,2.13369757323205,59069.06654903,58723.1042201039,59339.5594711028
2010-02-21,2.72278845622634,2.71081142055532,2.73801824741469,75722.5717235716,75389.4823348015,76146.1224232074
2010-02-22,2.58090124376789,2.5695736797516,2.58951120595565,71776.5932552577,71461.5661084681,72016.042073916
2010-02-23,2.67277702185704,2.66393877736707,2.68683889162568,74331.7202171432,74085.9227146704,74722.7902393803
2010-02-24,0.979865000804189,0.972751672487533,0.983317222345301,27250.7023574089,27052.8759297187,27346.7109520739
2010-02-25,1.75247745494922,1.74730052098909,1.75700557745225,48737.5724959013,48593.5984929972,48863.5026173635
2010-02-26,2.23747238296759,2.2290255863848,2.24630147940824,62225.6064775565,61990.6954037226,62471.1495666469
2010-02-27,1.57288202013635,1.56848897796638,1.57473831027632,43742.9030926485,43620.7296457768,43794.527765488
2010-02-28,2.81709122214607,2.80347248373841,2.82491007132361,78345.1948435422,77966.4486014312,78562.6422791988
2010-03-01,2.8979964816079,2.887002635897,2.90956869455543,80595.2243301895,80289.4781131239,80917.0553277155
2010-03-02,1.8847859109295,1.8779802697985,1.89064084790419,52417.1593270748,52227.8898862234,52579.9890481974
2010-03-03,2.24471218548483,2.23795638968716,2.24850902799188,62426.9502375253,62239.0670287991,62532.5429722109
2010-03-04,1.98979854208418,1.98005409800009,1.99558214741803,55337.6309767572,55066.6314562558,55498.4769171428
2010-03-05,3.0454345551143,3.03535332311938,3.05926912999452,84695.5759643179,84415.2101463082,85080.3247633799
2010-03-06,3.30101700341537,3.28768027082392,3.31849858086586,91803.4951375859,91432.5916662182,92289.6695222719
2010-03-07,3.03422175010928,3.0198686665385,3.05003607638355,84383.7403425409,83984.5714693007,84823.5473546593
2010-03-08,1.80718736115747,1.79733259014428,1.81396015385907,50259.0916529884,49985.0238666502,50447.4475570041
2010-03-09,1.62535242799612,1.61883897466959,1.63010716946679,45202.1402997993,45020.9967976083,45334.3728466271
2010-03-10,2.33400120369609,2.32324851005961,2.34353304370855,64910.1376736145,64611.0980573532,65175.2245324009
2010-03-11,1.98492540913704,1.97117389591673,1.99341145585911,55202.1058836252,54819.6670849916,55438.1085301374
2010-03-12,2.7385106723255,2.72995352437743,2.74740700464471,76159.8170899899,75921.8370707324,76407.2300539232
2010-03-13,2.63505515494024,2.62140644774114,2.64178358771603,73282.6498177804,72903.070123495,73469.77204253
2010-03-14,3.64566126475534,3.62739634199073,3.66573473346435,101388.283018831,100880.323275978,101946.539636448
2010-03-15,3.03256761173801,3.01123637702685,3.04390734356925,84337.7376458668,83744.5017128016,84653.1031877448
2010-03-16,2.56522796424695,2.55923882464384,2.56854851620691,71340.708847876,71174.1468617174,71433.0556232472
2010-03-17,2.61645146588488,2.60184012852227,2.62203501096035,72765.2687573472,72358.9176730801,72920.5508878711
2010-03-18,2.76484512888111,2.75436504504586,2.7765050126279,76892.1959756037,76600.7378206123,77216.4651568123
2010-03-19,3.55359079141597,3.53735492214308,3.57101811137699,98827.7414515565,98376.2110461372,99312.406899098
2010-03-20,3.51072202170386,3.48221748799058,3.53320949426987,97635.5322361091,96842.8020504002,98260.923918804
2010-03-21,1.38631727887806,1.37983841243579,1.38921197010022,38554.4126064652,38374.2309887047,38634.915909315
2010-03-22,2.29242342336661,2.28387375834185,2.29606072359182,63753.8317380921,63516.0598239466,63854.9874949979
2010-03-23,3.10075830087611,3.08751075905474,3.11253169853544,86234.1664107721,85865.7433944941,86561.592489963
2010-03-24,3.79396946440362,3.77741381000136,3.8110308890774,105512.833444106,105052.409599925,105987.323098494
2010-03-25,2.52692431171256,2.51420628772208,2.53408553095418,70275.4586005872,69921.761830058,70474.6169069961
2010-03-26,2.29929397277983,2.29572134386114,2.30244274782777,63944.9063217724,63845.5491172424,64032.4758660989
2010-03-27,3.56823931540281,3.55831512411836,3.57771194815181,99235.1267207652,98959.1283101591,99498.5669858752
2010-03-28,2.13792196700643,2.12758993484221,2.14234606087934,59457.0426930685,59169.7019542696,59580.0797086095
2010-03-29,1.17815972378703,1.17569596888451,1.17933975719448,32765.4114965407,32696.8928215446,32798.2290164356
2010-03-30,2.8779447737843,2.87358989441561,2.8826389763155,80037.5728973796,79916.4607835874,80168.1218157289
2010-03-31,2.57045067182758,2.55911901291314,2.57806102733795,71485.9558458429,71170.8148171913,71697.6049328874
2010-04-01,2.75556701531111,2.74408137541573,2.76777522630846,76634.1654192243,76314.7420762979,76973.6839487486
2010-04-02,2.53178929281158,2.51758032674382,2.5393486743988,70410.7569853598,70015.5961164633,70620.9884534397
2010-04-03,2.40082978574981,2.39686522107036,2.4052603331412,66768.6853276472,66658.4281269434,66891.9018198621
2010-04-04,3.2095640791999,3.19596368320912,3.21972679580765,89260.1280253151,88881.8918981105,89542.759985017
2010-04-05,3.12437059008773,3.10109828693022,3.1389531147971,86890.83999821,86243.6216507883,87296.3897832808
2010-04-06,2.52668259410502,2.52276517175027,2.53111321040725,70268.7362719274,70159.7901308673,70391.9546805989
2010-04-07,2.11250623199712,2.10592006717816,2.11801291801868,58750.2140693652,58567.04841184,58903.3586980908
2010-04-08,1.55429649181001,1.54861471514759,1.55929867807744,43226.0270942604,43068.0130774706,43365.1412467184
2010-04-09,2.30818789881314,2.29957990149431,2.31420187540549,64192.2523652821,63952.8581909455,64359.5050847567
2010-04-10,4.6783271870982,4.65540356224748,4.70169926747976,130107.414390305,129469.893020272,130757.407609196
2010-04-11,2.00029325332309,1.99671231830849,2.0050564080725,55629.4959296473,55529.9077270235,55761.9624553952
2010-04-12,2.02081769325515,2.01488529933433,2.02718675622158,56200.2943592086,56035.3105085042,56377.4222687179
2010-04-13,1.29622595130613,1.29062140908249,1.29951882604552,36048.9124093648,35893.0463340785,36140.4894626831
2010-04-14,1.87242918404446,1.86818094218427,1.8747819333541,52073.5104711819,51955.3640179671,52138.9420062464
2010-04-15,3.94699793746629,3.92882106669943,3.95758863017896,109768.657836463,109263.146878678,110063.192098463
2010-04-16,4.88377179448454,4.85270427886302,4.89611579544805,135820.966606401,134956.958176167,136164.261545888
2010-04-17,3.33246878109287,3.32802891913335,3.33723668198483,92678.1901531211,92554.7146165243,92810.788672274
2010-04-18,3.42092999678545,3.41472807737616,3.431186520156,95138.3558463897,94965.8763112205,95423.5966350323
2010-04-19,5.24574737404961,5.22203441187373,5.27454909165902,145887.750062574,145228.276692531,146688.7451316
2010-04-20,5.17361836099361,5.14643084251888,5.20963833007157,143881.793870129,143125.69076084,144883.533350018
2010-04-21,4.82240113292251,4.77890927677389,4.86132662508399,134114.207379026,132904.6697122,135196.751403088
2010-04-22,1.98846554357373,1.9828862293347,1.99504300154053,55300.5593948338,55145.3949267067,55483.4829089652
2010-04-23,5.30517712258716,5.27971267762709,5.33291550567601,147540.531197978,146832.3479179,148311.954221364
2010-04-24,3.34411709868617,3.33586613831382,3.35371028249882,93002.1376718498,92772.6729342737,93268.9305428311
2010-04-25,4.06942556790891,4.05258963046098,4.08516255191385,113173.452287511,112705.233583991,113611.108359287
2010-04-26,4.56235333635384,4.53846637519139,4.59011859698907,126882.103877853,126217.791479383,127654.274383816
2010-04-27,1.39989983213726,1.39453388622573,1.40619021756118,38932.1525153469,38782.9219634022,39107.0923496709
2010-04-28,0.872728258686824,0.87166719280327,0.87451899202659,24271.1577583195,24241.6488049937,24320.9592526105
2010-04-29,2.05127043345561,2.0409542910449,2.0540597308507,57047.2054729733,56760.3066388685,57124.7777028598
2010-04-30,3.7730164797211,3.74709798626003,3.79038808707989,104930.116897832,104209.306224647,105413.232940569
2010-05-01,2.87235449674962,2.85836624177781,2.88268351080622,79882.1035465585,79493.0808011563,80169.3603497619
2010-05-02,3.45908044250171,3.44570074799924,3.47091844506082,96199.3453093904,95827.247038485,96528.5680941411
2010-05-03,2.51871806467087,2.51176733716648,2.52992440016615,70047.2373707025,69853.9329805732,70358.8930710782
2010-05-04,2.74594187638478,2.73966792766765,2.75273865364614,76366.4838551161,76192.0011366235,76555.5067858127
2010-05-05,3.05805955287354,3.04721675899717,3.06617747799803,85046.6856130121,84745.1402486962,85272.450551188
2010-05-06,4.09345697489676,4.07610089084687,4.10824683003827,113841.78182119,113359.097492078,114253.097604527
2010-05-07,3.56306900856541,3.55096027202507,3.57783077576357,99091.3370225853,98754.5849443764,99501.8716613943
2010-05-08,2.0616021680026,2.05377866908442,2.06729398745833,57334.5379348377,57116.9611867779,57492.8312484401
2010-05-09,3.73659199131092,3.71986476256509,3.7492720092587,103917.127464215,103451.932022554,104269.767261225
2010-05-10,4.96004449315406,4.93707866413599,4.98597192465593,137942.161472769,137303.466376558,138663.220718859
2010-05-11,4.32373384135587,4.30112155127826,4.34823844326579,120245.935804161,119617.072862819,120927.425205748
2010-05-12,5.62700731076546,5.58951361802966,5.66338453042224,156490.844415083,155448.119692611,157502.51927299
2010-05-13,5.10481802958139,5.07150195296989,5.1398535934743,141968.410545011,141041.868126707,142942.773056976
2010-05-14,5.09408926233538,5.06659944563177,5.12016388673994,141670.036337704,140905.526112076,142395.189117063
2010-05-15,4.97426915219974,4.94547029536227,4.99885280942505,138337.758773898,137536.843264856,139021.446756788
2010-05-16,4.56319613136796,4.5367726254251,4.59067874513788,126905.542572019,126170.687163267,127669.852479234
2010-05-17,5.00906641710764,4.9685432571246,5.03853642464439,139305.494031387,138178.517794484,140125.074691167
2010-05-18,3.54735848057301,3.52743133292727,3.56740934516305,98654.4167102494,98100.2293794634,99212.0446921687
2010-05-19,4.54719130236417,4.53141885696752,4.57210594411479,126460.437551322,126021.795274478,127153.330435679
2010-05-20,3.81689513340927,3.80617490132735,3.83436298300579,106150.411663457,105852.274824783,106636.204267324
2010-05-21,4.68147701982755,4.66406846607365,4.70191477842875,130195.01334946,129710.869802715,130763.401113118
2010-05-22,5.12550447211502,5.10209939255061,5.14731560784438,142543.714375493,141892.803427211,143150.296677494
2010-05-23,4.68276575072292,4.65703595165206,4.70336748877364,130230.853819341,129515.290863606,130803.801961385
2010-05-24,3.54648383697705,3.53368036754779,3.55769147634401,98630.0922856777,98274.0192202325,98941.7842475985
2010-05-25,3.80210488754485,3.77794352906281,3.82259824400734,105739.085013854,105067.141442031,106309.018991295
2010-05-26,3.8380800156378,3.81318299590654,3.85994404730819,106739.577435898,106047.174631709,107347.630809468
2010-05-27,1.43160625933748,1.42503967198828,1.43506881462693,39813.9295047698,39631.3083097988,39910.2254879016
2010-05-28,2.8178610215607,2.80573185034555,2.82888609373157,78366.6034811665,78029.283100956,78673.2181270111
2010-05-29,2.18720746626006,2.18062717713694,2.19432727609501,60827.7054574236,60644.7032069372,61025.7121404812
2010-05-30,2.83774516707238,2.82726950099761,2.8490575193451,78919.5948937849,78628.2595996732,79234.1989917913
2010-05-31,2.39481354749224,2.38262449687945,2.4054297978572,66601.3697097471,66262.3840433585,66896.6147471859
2010-06-01,3.84816211299341,3.83261106834683,3.86668061193072,107019.967320168,106587.482346562,107534.979186326
2010-06-02,2.02308846848784,2.01387024351782,2.03120939484321,56263.4461402559,56007.0811259779,56489.2945446737
2010-06-03,5.50462623617198,5.47904477211965,5.52286515656062,153087.3447134,152375.907053942,153594.581312751
2010-06-04,1.83442644508327,1.82598641930754,1.84166293158822,51016.6288320297,50781.9060588777,51217.8803714743
2010-06-05,4.66324453476861,4.64871711313685,4.68290515232972,129687.95572094,129283.938389387,130234.73067145
2010-06-06,3.9644341635114,3.9451389858171,3.98388091520284,110253.570968172,109716.959145268,110794.398165517
2010-06-07,4.56718004684751,4.55283932978817,4.58546348265955,127016.337931443,126617.512979174,127524.812534552
2010-06-08,5.39207720912287,5.36709063253619,5.41947469318216,149957.280843158,149262.387402801,150719.223236068
2010-06-09,2.60109814919992,2.58955376089085,2.61162381626777,72338.2827308664,72017.2255551834,72631.0085861055
2010-06-10,3.77746115434493,3.76434182832338,3.79396233045756,105053.726277849,104688.869028892,105512.635044285
2010-06-11,4.6090187636128,4.58199665272641,4.63304201497032,128179.900684119,127428.397670714,128848.003404253
2010-06-12,6.8078569475741,6.75528870588841,6.85887944154531,189331.064195478,187869.106164062,190750.033947026
2010-06-13,6.92116747977199,6.87024362388602,6.97050716873178,192482.306034252,191066.079473959,193854.475850652
2010-06-14,5.08896523604688,5.05574332136311,5.11908823447738,141527.533732606,140603.610020617,142365.274506762
2010-06-15,5.47511405705013,5.43765002634502,5.50987728828046,152266.591233575,151224.691432056,153233.379991682
2010-06-16,1.2403955602534,1.23658648439107,1.24492648340259,34496.2318178274,34390.2988653328,34622.2398271362
2010-06-17,1.19672706437771,1.19531475962205,1.19853969173368,33281.781681811,33242.504540059,33332.1920633656
2010-06-18,3.35671345023837,3.33936022298225,3.37489256239371,93352.4506503282,92869.8457705653,93858.0239426292
2010-06-19,6.03644976291655,5.99332764471353,6.07593373718165,167877.713409179,166678.45840241,168975.789194825
2010-06-20,4.34893786290675,4.32838676540765,4.36679862862671,120946.8765347,120375.336740334,121443.596399284
2010-06-21,2.27242401313226,2.2693208066782,2.27728980022221,63197.6347362881,63111.3324850965,63332.9555362085
2010-06-22,3.68059067966362,3.66314128190106,3.70175065619093,102359.693456394,101874.414010396,102948.166584593
2010-06-23,4.9202786531597,4.88884191617512,4.94275846877098,136836.246812291,135961.970088506,137461.425549943
2010-06-24,5.5254619359055,5.49614598846262,5.55242429158104,153666.799486639,152851.503341317,154416.640667583
2010-06-25,4.68747072429595,4.66164362743181,4.70915267423094,130361.702287582,129643.433415009,130964.691846063
2010-06-26,6.30128900127354,6.26298481542894,6.33556382078974,175243.070117609,174177.805038606,176196.275818622
2010-06-27,6.44537734662702,6.39753046762748,6.48502074101093,179250.263566887,177919.609795931,180352.772932878
2010-06-28,6.49338231197303,6.43892474912803,6.53041168986614,180585.313825084,179070.812506044,181615.125640606
2010-06-29,5.88635472520947,5.8557681515113,5.92034260839114,163703.469819987,162852.836706959,164648.695629238
2010-06-30,6.78918310723985,6.76024213920189,6.8186994033784,188811.732180965,188006.864464197,189632.600157783
2010-07-01,4.15485191121371,4.13710855093382,4.17462617949586,115549.216145768,115055.761405155,116099.151798996
2010-07-02,3.09260630105778,3.08100613736326,3.1057168597239,86007.4538325245,85684.8455059926,86372.0672554515
2010-07-03,3.3211031191323,3.31084072301972,3.33158820992834,92362.1034769688,92076.6993634343,92653.7008788952
2010-07-04,2.81440393999469,2.80307173870514,2.82717826437958,78270.4597259518,77955.3036134851,78625.722248181
2010-07-05,4.31675264771685,4.30357368451955,4.33269915699678,120051.78413041,119685.268331627,120495.267240502
2010-07-06,5.23902185187842,5.20779248141498,5.26139332290647,145700.708783688,144832.199061829,146322.874385871
2010-07-07,6.24622640370082,6.20354757961079,6.28023870513999,173711.742377309,172524.81567691,174657.647274666
2010-07-08,6.72137322885308,6.6711171939927,6.7603143514326,186925.894018265,185528.240008254,188008.872734728
2010-07-09,6.57143892399907,6.53770215628861,6.60603521898578,182756.120517438,181817.878397733,183718.266666732
2010-07-10,4.88326633214026,4.8584041315536,4.90630488969376,135806.909359856,135115.474899414,136447.627085379
2010-07-11,5.2256000364247,5.20439614093796,5.24889282018989,145327.4391009,144737.744557007,145975.227027747
2010-07-12,5.20215581207984,5.16529807505533,5.22441375887708,144675.43951004,143650.401142104,145294.447927283
2010-07-13,4.11631034270922,4.10064826081601,4.13087118441769,114477.349295904,114041.776302054,114882.296062189
2010-07-14,5.81242205952125,5.78168823016621,5.84891800680889,161647.352839071,160792.624447537,162662.329591961
2010-07-15,6.27404991910094,6.22566975422745,6.31430699682111,174485.532987325,173140.048178818,175605.109298175
2010-07-16,6.38289063132169,6.34409299504085,6.41994020061544,177512.466136955,176433.47787062,178542.839488861
2010-07-17,6.04876959800904,6.00351137503508,6.07969345318567,168220.336279597,166961.674767576,169080.34941658
2010-07-18,5.91714838495026,5.88844043260707,5.9432202109126,164559.862134646,163761.474740512,165284.937087452
2010-07-19,4.78556482328694,4.76879570274008,4.80434116144106,133089.764921136,132623.404440414,133611.947468711
2010-07-20,5.14875414462373,5.11528848983015,5.19165766045828,143190.303349405,142259.601061613,144383.478877803
2010-07-21,5.66263141846794,5.61992465659804,5.69502144854518,157481.574724821,156293.87105604,158382.36316839
2010-07-22,3.21475682270701,3.19767975162625,3.23009374179512,89404.5417023161,88929.6169108641,89831.0717006391
2010-07-23,4.67233062883322,4.65558068991934,4.69405704634214,129940.646086188,129474.819059533,130544.872317701
2010-07-24,6.40818077179677,6.36578109381013,6.44798095574944,178215.80189249,177036.638432304,179322.671681466
2010-07-25,6.38323650613764,6.33997649268378,6.4205146791587,177522.085147385,176318.995181276,178558.816122153
2010-07-26,6.30133476299993,6.26004810694197,6.33545531077088,175244.342781888,174096.133207463,176193.258082276
2010-07-27,4.26236732330852,4.24320946530826,4.29172001299187,118539.291810706,118006.498940523,119355.60978236
2010-07-28,5.65256698358686,5.61290029662495,5.6842896950552,157201.676045804,156098.518897609,158083.905911637
2010-07-29,4.57515692065896,4.55589607947591,4.593696815896,127238.180138073,126702.523236559,127753.787049666
2010-07-30,3.57965765211933,3.55888416471392,3.59657675738183,99552.6783171821,98974.9537104807,100023.209973363
2010-07-31,4.32793107080137,4.30427411065628,4.35508384905933,120362.663567936,119704.747651901,121117.800528514
2010-08-01,4.35536730580343,4.33001498190663,4.37583868562124,121125.683650535,120420.618532367,121695.006442759
2010-08-02,3.58878993982188,3.56594545430584,3.60367536661173,99806.6533584584,99171.3329063607,100220.627053386
2010-08-03,4.16211636743842,4.13720599044412,4.18616127065376,115751.245541864,115058.471263238,116419.950414674
2010-08-04,5.22055718407526,5.19377077191382,5.25190700424197,145187.193997448,144442.245923545,146059.053506278
2010-08-05,5.70875014413869,5.66022649288811,5.75316605561296,158764.167393531,157414.692132715,159999.403658246
2010-08-06,3.8128363734684,3.79031104624438,3.83400436506435,106037.534829406,105411.090383302,106626.230862034
2010-08-07,4.930692805411,4.90301881722842,4.95963528633455,137125.871365747,136356.239207861,137930.781156876
2010-08-08,3.10594596006941,3.09459114791122,3.11914934687771,86378.4386895985,86062.6537537213,86745.6337253711
2010-08-09,5.01971477082858,4.99304458983849,5.04924685744966,139601.63188467,138859.916277538,140422.93900539
2010-08-10,3.75480167167753,3.7375925002089,3.77198905555362,104423.550878957,103944.952287188,104901.543543177
2010-08-11,3.67697190750583,3.66280369793631,3.69082549869216,102259.052977461,101865.025574095,102644.33063274
2010-08-12,3.54486706770737,3.52273659803409,3.56354544796074,98585.128848763,97969.6656557709,99104.5871214692
2010-08-13,4.20841981264555,4.19528480605623,4.22845919976687,117038.975384675,116673.682048619,117596.284170498
2010-08-14,4.56348249980832,4.54269109903548,4.5911058258344,126913.506670264,126335.283880809,127681.729879625
2010-08-15,5.60909716850187,5.57083894195461,5.65147186178595,155992.751355729,154928.764435586,157171.219974593
2010-08-16,5.57876424695048,5.53406910639513,5.61773040741335,155149.172478895,153906.170666302,156232.847515674
2010-08-17,5.06037618515645,5.03262937361869,5.09348894300484,140732.453067558,139960.79564336,141653.3410548
2010-08-18,5.11662763922404,5.08330081032899,5.154273262397,142296.843703727,141370.002257211,143343.793713477
2010-08-19,5.53523858614899,5.50336450607919,5.57085785095754,153938.694682017,153052.255153934,154929.29030763
2010-08-20,5.55281887877515,5.51301323138035,5.58761315349129,154427.614401896,153320.592670933,155395.266500147
2010-08-21,4.20400497378255,4.17646546987943,4.22942097572026,116916.195757162,116150.303697217,117623.031804323
2010-08-22,2.47009978807702,2.46058242619111,2.47824525548215,68695.1305156748,68430.4463032906,68921.6614231334
2010-08-23,4.2440495280995,4.22259478307077,4.26817251626564,118029.86164974,117433.19081197,118700.738117363
2010-08-24,5.3023993893049,5.25851927384951,5.34084744457565,147463.28057382,146242.945155469,148532.546757983
2010-08-25,5.33204834327163,5.29419089669491,5.37055480770505,148287.837853744,147234.996893176,149358.728435865
2010-08-26,4.34455912524208,4.31181660790871,4.38289049142105,120825.100905707,119914.509555315,121891.121888024
2010-08-27,3.95288901557446,3.93812806329375,3.97018737039945,109932.492666729,109521.98069132,110413.571507408
2010-08-28,2.93547562250819,2.92539110285633,2.94616333688432,81637.5443563635,81357.0871064111,81934.7768558464
2010-08-29,2.4304049204083,2.4247777438169,2.43930058854997,67591.189643137,67434.694090914,67838.5841358478
2010-08-30,3.73638452950072,3.71878036538465,3.75609336630677,103911.357812236,103421.774210225,104459.473772263
2010-08-31,1.7232929869009,1.71765346399651,1.73238374176626,47925.9328806569,47769.0939691956,48178.7528658966
2010-09-01,2.82706048094959,2.81583665192694,2.84007900791204,78622.4466120568,78310.3044049614,78984.5005716272
2010-09-02,4.80052756101258,4.7656043058452,4.83184353959035,133505.888685,132534.64955396,134376.807036562
2010-09-03,4.69198344905306,4.66697266023072,4.72475106338475,130487.204187411,129791.637388553,131398.493502145
2010-09-04,4.00140870808536,3.97137871735452,4.02798254958005,111281.857832341,110446.703664644,112020.894173541
2010-09-05,2.02803345395546,2.02222481483525,2.03646994351154,56400.9695001364,56239.4273533747,56635.5939286497
2010-09-06,2.54135170208839,2.52797688473097,2.5530922620418,70676.6939958747,70304.7313616416,71003.2068364569
2010-09-07,2.18020138458123,2.17151357133843,2.19127973985335,60632.8616306058,60391.2477219325,60940.9581152057
2010-09-08,2.86606151798805,2.85454672532308,2.88635456340464,79707.0915897763,79386.8574887902,80271.4547827867
2010-09-09,1.77265654842488,1.76951591339995,1.7778198866789,49298.7666090662,49211.4234442349,49442.3625062718
2010-09-10,1.90139578938355,1.89797532282393,1.90791059868504,52879.0911784754,52783.9657111272,53060.272391239
2010-09-11,2.76688023683536,2.75646255820184,2.7821504194775,76948.7936916983,76659.0710671897,77373.4677047335
2010-09-12,3.94524761572389,3.91895782104296,3.97238721983802,109719.980215778,108988.84340683,110474.750794587
2010-09-13,3.68423860554366,3.66419273501222,3.70841430616245,102461.144719882,101903.655626079,103133.48715614
2010-09-14,3.69014121373137,3.674664117426,3.70596153719307,102625.300209387,102194.871788708,103065.274007307
2010-09-15,3.65819363244932,3.63417204240902,3.68437178976513,101736.816563332,101068.760045543,102464.848662338
2010-09-16,2.09334934730806,2.0845818231938,2.0997230006932,58217.4482676188,57973.6175461899,58394.7038397487
2010-09-17,1.50589181272233,1.5031365962939,1.50975754738149,41879.8605290278,41803.2361136645,41987.3692006336
2010-09-18,0.850962612720786,0.846821546199877,0.854135711213847,23665.840557123,23550.6747219203,23754.0865527593
2010-09-19,1.05543990565556,1.05239496366104,1.05983787913123,29352.4911100471,29267.8092325232,29474.8016998354
2010-09-20,1.6950954578313,1.69265169903264,1.70063600476927,47141.7406998369,47073.7781298899,47295.8270233406
2010-09-21,1.93784990309846,1.93036027006537,1.94506445922647,53892.9045116723,53684.6127976263,54093.5461526368
2010-09-22,2.98012939636512,2.96725173578212,2.99611333250097,82879.3957333508,82521.2593621986,83323.9197093885
2010-09-23,1.50367740841409,1.49340506290182,1.51286525333805,41818.2764611682,41532.5956481607,42073.7965860051
2010-09-24,1.87616543864748,1.87236424973232,1.88408350641591,52177.4182156516,52071.7046044436,52397.6249868151
2010-09-25,3.75490630587268,3.73208287036519,3.78664816335073,104426.460826048,103791.725788795,105309.223155242
2010-09-26,1.76669758030956,1.75842097796789,1.77707690220529,49133.0437122031,48902.8658542755,49421.6996101281
2010-09-27,2.63438067339036,2.62228655972481,2.65009514682535,73263.8920338547,72927.5466275935,73700.9220715934
2010-09-28,2.65685598577815,2.6465413080032,2.67145287701261,73888.9455338438,73602.0874322408,74294.8948616054
2010-09-29,3.56180870090191,3.54377631475988,3.58515142661542,99056.2870218316,98554.7942782935,99705.4638677312
2010-09-30,3.57621423220441,3.55193408873198,3.60152005837811,99456.9145016403,98781.6674396273,100160.686486967
2010-10-01,3.34300008708615,3.3148411728964,3.37267928928808,92971.0728306555,92187.9545555229,93796.4713342721
2010-10-02,3.49399715596154,3.47795634512192,3.51747527440654,97170.4025111599,96724.2968114938,97823.3447196594
2010-10-03,1.88530111458229,1.87559506129146,1.89802814233989,52431.4874859377,52161.5556391256,52785.4346572646
2010-10-04,1.08221553261331,1.08038690516229,1.08458755275805,30097.1392402079,30046.2838852872,30163.1067101115
2010-10-05,2.37895716396874,2.36875832282146,2.39200703492527,66160.3930573417,65876.7564499858,66523.3187143937
2010-10-06,3.16313047377279,3.13933870390513,3.18710215998779,87968.7783395553,87307.1132747887,88635.4469985177
2010-10-07,1.00211279419098,0.999515530314845,1.00643320836197,27869.4284015016,27797.1967524744,27989.5820150482
2010-10-08,1.15391235810073,1.15239037405785,1.15638454028286,32091.076006727,32048.7486104924,32159.8290500168
2010-10-09,1.4916514866926,1.48705716572957,1.49916199770056,41483.8275185721,41356.0563735724,41692.6998630909
2010-10-10,0.910529319431236,0.908677800552185,0.913399300736967,25322.4305911025,25270.9386102268,25402.2466946164
2010-10-11,1.77445056146174,1.7663906302291,1.78067080732146,49348.6593139312,49124.507224754,49521.6485199689
2010-10-12,2.71848361043837,2.70819153086166,2.73711404980521,75602.8510771905,75316.6214466254,76120.9760817134
2010-10-13,2.42015731940654,2.40825823492109,2.43811181493307,67306.1969915501,66975.2754774919,67805.5235448705
2010-10-14,2.70703790634281,2.69092772988143,2.72941232680936,75284.5383756214,74836.5035715267,75906.7860036651
2010-10-15,2.28013575750842,2.26856077655984,2.28628227738978,63412.103515639,63090.1955381487,63583.0423528088
2010-10-16,2.69864900996352,2.68978396496705,2.71382094638256,75051.2375452502,74804.6947027306,75473.1792649783
2010-10-17,2.85565739666486,2.84370642013239,2.87163098728887,79417.7460031538,79085.3813364911,79861.9822635739
2010-10-18,2.42084898533166,2.41146688160646,2.43596222715495,67325.4326844677,67064.51009218,67745.7420681523
2010-10-19,2.61461793199794,2.60502080857488,2.6337251273349,72714.2769511551,72447.3745169683,73245.6608587191
2010-10-20,2.53774243216028,2.52231494607642,2.55652587710629,70576.3177803167,70147.2690531457,71098.6979725373
2010-10-21,2.58377633220609,2.5695130026055,2.60204728249656,71856.5513915484,71459.8786363705,72364.6787639352
2010-10-22,1.58959448742395,1.58564130766262,1.59350685421268,44207.6880082631,44097.7474297619,44316.4935506441
2010-10-23,0.760796800845844,0.759287307498218,0.763333255299599,21158.2689016382,21116.2888800098,21228.8093998759
2010-10-24,0.674903470964,0.673528023267544,0.67654092341012,18769.5178337096,18731.2657114749,18815.0564836226
2010-10-25,0.711497850004363,0.710405533810179,0.713314617369876,19787.2320396101,19756.8539942024,19837.7575576045
2010-10-26,0.765442275267548,0.764218531543377,0.76700281453174,21287.4626586057,21253.429525509,21330.8623013836
2010-10-27,1.224104685592,1.21808085781613,1.22838938786336,34043.1716756899,33875.6449881995,34162.3321173744
2010-10-28,0.775861211029961,0.7723046064978,0.778684532761457,21577.2202447114,21478.3086891099,21655.7387141955
2010-10-29,0.719248879374723,0.71745719188346,0.72070910128531,20002.7933609777,19952.9653310942,20043.4031109213
2010-10-30,1.23081368515744,1.22671107652932,1.23550439739391,34229.7534498363,34115.6571544058,34360.2053007496
2010-10-31,0.815973789218362,0.814489636921635,0.816899308286657,22692.7779267423,22651.5026567225,22718.5172322952
2010-11-01,0.991234913863965,0.988682803477816,0.993094153815892,27566.9072594793,27495.9313592695,27618.6139685662
2010-11-02,1.46688224250827,1.45955312391376,1.47127886726432,40794.9782379762,40591.1505380406,40917.2513189678
2010-11-03,2.05464178954487,2.04781372508661,2.06875018763746,57140.9651452282,56951.0720966178,57533.3291513366
2010-11-04,1.97820600559811,1.97261051308196,1.98924685541858,55015.2347680039,54859.6203711476,55322.2882008579
2010-11-05,1.06898123606117,1.06577264843036,1.07338135237555,29729.0845837439,29639.8516114026,29851.4547673127
2010-11-06,0.942610822813454,0.938855390246345,0.947379162239777,26214.638700515,26110.1976040113,26347.2494156025
2010-11-07,0.576183159604396,0.574165618090527,0.57814349353255,16024.0398145096,15967.9306328947,16078.5580148264
2010-11-08,0.800276550393909,0.798333998007289,0.801485990391746,22256.2271950729,22202.203511343,22289.8625319541
2010-11-09,1.06818692659412,1.0665620589005,1.07117874517429,29706.9943051355,29661.8056456236,29790.1987849045
2010-11-10,1.45432969845828,1.44768679100236,1.4607440799213,40445.8835754931,40261.1398672063,40624.2718227641
2010-11-11,0.506040792338145,0.503571762857906,0.508299057046907,14073.3335728866,14004.6682083492,14136.1374278791
2010-11-12,0.800378220646731,0.798792624173113,0.802265056216986,22259.0547129412,22214.9582123762,22311.5288746677
2010-11-13,0.390436171797267,0.389838763760806,0.391348632008827,10858.2915998442,10841.6772819799,10883.6677298395
2010-11-14,0.549423603604825,0.548303560125069,0.550678093735306,15279.8386284664,15248.6894686646,15314.7268397281
2010-11-15,0.752854667048547,0.75048619218568,0.754354141258906,20937.3928380833,20871.5239648446,20979.0942207896
2010-11-16,0.359655472201265,0.357431793993872,0.362453747804346,10002.2597154979,9940.41773428759,10080.0816353654
2010-11-17,0.494750095708622,0.491811927659792,0.496776792116694,13759.3317328306,13677.6193102939,13815.6955181887
2010-11-18,0.507991837514136,0.506247266852336,0.509330952622181,14127.5934467806,14079.0757675011,14164.8351353823
2010-11-19,0.62305940605644,0.618975541646067,0.625584998079886,17327.6996438216,17214.1246376486,17397.9380505926
2010-11-20,0.532233125452259,0.530327410885295,0.533939180100893,14801.7599103443,14748.760711067,14849.206433485
2010-11-21,0.767064694943152,0.762482219323626,0.773352480829503,21332.583237096,21205.1415190376,21507.4507765381
2010-11-22,0.478727592968885,0.477510877725487,0.479506712257782,13313.7351936921,13279.8975273561,13335.4030232658
2010-11-23,0.535026399501239,0.534450973741875,0.535440290421066,14879.4427336403,14863.4397576341,14890.9533175018
2010-11-24,0.962412961402744,0.957664011410262,0.965450710332569,26765.3494456626,26633.2779637246,26849.8312792369
2010-11-25,0.514355454053181,0.511905117793998,0.51664636277902,14304.5698874942,14236.4243939622,14368.281594479
2010-11-26,0.409569334060632,0.407886308718456,0.410675969864848,11390.3976650339,11343.5916023395,11421.1739483933
2010-11-27,0.389367262829709,0.388224331278343,0.390575708115751,10828.564525096,10796.7788326837,10862.1721983756
2010-11-28,0.44742597016488,0.444675503615097,0.448849814299472,12443.2160858193,12366.7237677646,12482.8141454329
2010-11-29,0.649920770427271,0.647683816187781,0.651594968931001,18074.7321888994,18012.5209923392,18121.292771301
2010-11-30,0.461676493611853,0.460703153047243,0.463005293341769,12839.5326932826,12812.4634398683,12876.4875043054
2010-12-01,0.573345953201687,0.572340957054367,0.574413920886309,15945.1352030138,15917.1855866294,15974.8361000528
2010-12-02,0.326587943931509,0.32598822666238,0.327430032247653,9082.6295931496,9065.95105397714,9106.04863357156
2010-12-03,0.509304676920844,0.506980526255628,0.510945737947456,14164.1043905187,14099.4682029218,14209.7433974736
2010-12-04,0.697258991505123,0.694505810143763,0.701025389746225,19391.2398421609,19314.6720233768,19495.9859014073
2010-12-05,0.708693465678904,0.705550005059054,0.712620567939339,19709.2402320793,19621.8184855597,19818.4555778039
2010-12-06,0.917371269543355,0.909383333178844,0.92307737766285,25512.7098090525,25290.5599454074,25671.40049997
2010-12-07,0.376393294944841,0.374390805444852,0.377894171643428,10467.7497833357,10412.0592083144,10509.4901701796
2010-12-08,0.270370934454995,0.269468267015296,0.270957341133635,7519.19688414294,7494.09309769604,7535.50524687341
2010-12-09,0.361668304416583,0.361052584091947,0.362087921931111,10058.2379283639,10041.1143334929,10069.9077726618
2010-12-10,0.591972322676485,0.58926813384448,0.593202621290409,16463.1470211115,16387.9417174026,16497.3624500851
2010-12-11,0.407674956451298,0.406438409743669,0.409030430797915,11337.713754146,11303.3245614991,11375.410404136
2010-12-12,0.264287772994858,0.262728811364532,0.26490404539706,7350.02008712886,7306.66431940599,7367.15903564697
2010-12-13,0.510498848659833,0.509849357137959,0.510730177936227,14197.3151068889,14179.2523123899,14203.7485290975
2010-12-14,0.334138423118344,0.33312161904331,0.334851358146552,9292.61347950883,9264.33547674129,9312.44068043745
2010-12-15,0.452550330209236,0.450711943518037,0.453340984206738,12585.7279728919,12534.6012069613,12607.7165904422
2010-12-16,0.8171279150816,0.812004603779329,0.821282593967553,22724.87494047,22582.3922196177,22840.4193446673
2010-12-17,1.12218997013807,1.11764133824886,1.1266181099029,31208.8551378041,31082.354636567,31332.0046723105
2010-12-18,0.877166874513375,0.874181014566266,0.880337179279343,24394.5986391235,24311.5598729334,24482.766939337
2010-12-19,0.841490921142672,0.838425982498923,0.846031664296664,23402.4264666059,23317.1884688654,23528.7075768296
2010-12-20,0.813150504874093,0.809209525811853,0.817949035225007,22614.2604970221,22504.6592281394,22747.7108419557
2010-12-21,0.913894091824336,0.911003767343365,0.918035358302053,25416.0071663547,25335.6253055039,25531.1785624903
2010-12-22,0.989500191417243,0.984826624771591,0.993956068769758,27518.6634656613,27388.688445119,27642.5844010706
2010-12-23,0.969061810302492,0.965544646196807,0.972467596745242,26950.2583894842,26852.4436985752,27044.9755929439
2010-12-24,0.837602961551872,0.835355313099579,0.843207709069052,23294.2997047565,23231.7910949712,23450.1714893939
2010-12-25,1.06432430962613,1.05875774381506,1.07022244692517,29599.5723386105,29444.7624128086,29763.6034897054
2010-12-26,0.596611169006583,0.593367980790876,0.598499718143703,16592.1564464094,16501.9612086136,16644.6782635788
2010-12-27,0.667780858956968,0.667549076935895,0.668006531140529,18571.4332203683,18564.9872070268,18577.709315034
2010-12-28,0.504595827486068,0.503383820593863,0.50573262927196,14033.1481319651,13999.4414080312,14064.7633514915
2010-12-29,0.24856087117799,0.247354842534425,0.25094017719464,6912.64440776085,6879.10394292811,6978.81450264505
2010-12-30,0.88153273876008,0.877559521657947,0.884614258248352,24516.0162497353,24405.5184193579,24601.7153718741
2010-12-31,1.22179922215971,1.21795661599584,1.22633573040725,33979.0551925647,33872.1897399131,34105.2185272017
2011-01-01,1.12341609956708,1.1172460782317,1.12779781364085,31242.9546189511,31071.3621905946,31364.8130238756
2011-01-02,1.00048526288157,0.998732591068258,1.00313984348274,27824.1656650496,27775.4226873173,27897.9913306125
2011-01-03,0.991887088569717,0.988420742288234,0.994245516266694,27585.0446751202,27488.6432619593,27650.634129942
2011-01-04,0.569357615477225,0.568276613971415,0.570272248826049,15834.216857996,15804.1534816547,15859.6534243949
2011-01-05,0.373800335291848,0.372844642585292,0.375158541168375,10395.6378376386,10369.059382984,10433.410453306
2011-01-06,0.335608234388377,0.334927996521932,0.33617404724946,9333.48991596523,9314.57204501819,9349.22555082791
2011-01-07,0.293454066292656,0.292411797942424,0.293940605340652,8161.1542503808,8132.16806905437,8174.68522737388
2011-01-08,0.670421154667461,0.666006579445397,0.673935550746454,18644.8616135481,18522.0893180665,18742.5993237797
2011-01-09,0.747003369893286,0.744635889917338,0.749093391091569,20774.6643427784,20708.8231380117,20832.7892329912
2011-01-10,1.31792135323483,1.31185432753589,1.32296507274481,36652.2760768069,36483.5480261258,36792.5452965749
2011-01-11,1.22980957118426,1.22091761383279,1.23641156558199,34201.828367306,33954.5370741576,34385.4342560254
2011-01-12,0.75755269615764,0.7523618869509,0.76152893137415,21068.0481761281,20923.6882933168,21178.629942289
2011-01-13,0.727820370802763,0.725938808558505,0.728830157280964,20241.1722820259,20188.8447750294,20269.2551207225
2011-01-14,0.368388217938134,0.368110473888986,0.368575932227431,10245.1232269439,10237.3989787988,10250.3436871314
2011-01-15,0.51839463995033,0.518062588272369,0.51878583435243,14416.9023542719,14407.6677745737,14427.7817327646
2011-01-16,0.254195095367185,0.253895613006366,0.254310284417863,7069.33595840166,7061.00715324047,7072.53944309831
2011-01-17,0.410642613675616,0.410240309931966,0.411119434838007,11420.2462904161,11409.0579536897,11433.5070064978
2011-01-18,0.67045881641784,0.667303692314039,0.674748380554,18645.9090120663,18558.1628962414,18765.2046654691
2011-01-19,1.48574997809133,1.4796293105109,1.49306431545068,41319.702609303,41149.4827419477,41523.1192331827
2011-01-20,0.970983769028353,0.964612537129564,0.975147066237128,27003.7093497069,26826.5211207351,27119.4934352377
2011-01-21,0.655541333887536,0.653999948475136,0.657127111629814,18231.0438255135,18188.1768641904,18275.1453672814
2011-01-22,1.26635407351335,1.2628926870013,1.26821109506459,35218.1554684395,35121.8919897905,35269.8004823165
2011-01-23,1.21872856367976,1.21308670681426,1.2222699569705,33893.658122346,33736.754301862,33992.1466431293
2011-01-24,0.868674134798439,0.865026855173469,0.870844582107211,24158.4098559944,24056.9765652934,24218.7714502398
2011-01-25,0.997031749501462,0.995004287837797,0.999123896396834,27728.1211434762,27671.7360758472,27786.3051507496
2011-01-26,0.544505293904338,0.543284540999297,0.545963047452977,15143.0571395475,15109.1071831352,15183.5982426911
2011-01-27,1.34617343016567,1.3436727442314,1.34888667942132,37437.9852702052,37368.4395184656,37513.4425503677
2011-01-28,0.855132584452848,0.85286238535974,0.857156219777906,23781.8102656195,23718.6745074002,23838.0889202075
2011-01-29,0.843593093184296,0.836120798365938,0.848726421988817,23460.8892799152,23253.0797532409,23603.6505942186
2011-01-30,1.16583260217603,1.15812994666676,1.17032364533832,32422.5859831595,32208.3699712878,32547.484903306
2011-01-31,1.92705074935244,1.91634801617851,1.94333991250054,53592.5728086283,53294.922626313,54045.5853524336
2011-02-01,1.93209944792375,1.92042461621703,1.94436826172089,53732.9804994286,53408.2956054365,54074.1844334298
2011-02-02,1.83552334203071,1.82443227913138,1.84232875246882,51047.1342712554,50738.6843790265,51236.3972963831
2011-02-03,1.2344183158685,1.22903679649632,1.23823321949153,34330.0006456591,34180.3369853367,34436.0956720841
2011-02-04,0.569536620468398,0.566989900305187,0.571674631786807,15839.1951067659,15768.3691122684,15898.6546343813
2011-02-05,1.55422773873225,1.54631764392531,1.56161623448694,43224.115025091,43004.1299873298,43429.5940436443
2011-02-06,1.44953817573223,1.44647864778313,1.4525157326112,40312.6281173034,40227.5405946072,40395.435969604
2011-02-07,1.03084564439487,1.02447118952864,1.0353009286454,28668.5082218276,28491.2303599712,28792.4126626731
2011-02-08,1.9007314830254,1.89059071671251,1.90913235444104,52860.6163734509,52578.59486616,53094.2502376085
2011-02-09,1.15970303196227,1.15044590514966,1.16456151727649,32252.118527605,31994.6716270134,32387.2362602486
2011-02-10,1.1284610907956,1.12405216377711,1.13161790116222,31383.259206064,31260.643990909,31471.052217988
2011-02-11,1.25324106479955,1.24837998598157,1.25727560795017,34853.4739080444,34718.2840483228,34965.6772569296
2011-02-12,0.783088373958921,0.781916214994088,0.783893961956223,21778.2124892593,21745.6139628908,21800.6164313525
2011-02-13,1.84807304669928,1.83985982604606,1.85431184497646,51396.1499686381,51167.7347979434,51569.6551298388
2011-02-14,1.18157218630361,1.17555062923205,1.18484104599721,32860.3143660878,32692.8508284061,32951.2235448882
2011-02-15,0.575496722814431,0.573238298461085,0.576110312656338,16004.9495473451,15942.1412525297,16022.0138920636
2011-02-16,0.726246701560057,0.72308013583356,0.728651883591819,20197.407485746,20109.343170726,20264.297209952
2011-02-17,1.11057892597483,1.10822621731596,1.1130146642312,30885.9442181452,30820.5138136059,30953.6837314357
2011-02-18,1.48782120328666,1.48326378347525,1.49446619215318,41377.3047700771,41250.5598708342,41562.1063637876
2011-02-19,2.26692516088896,2.25846411636763,2.27759103721816,63044.7079701861,62809.4006516327,63341.3331389486
2011-02-20,2.19965723191593,2.18629566301266,2.2143833575002,61173.9417838861,60802.347598042,61583.4852055262
2011-02-21,1.46366529056913,1.45664411827982,1.4693339063447,40705.5126486147,40510.2491418059,40863.1606523209
2011-02-22,1.02664160922232,1.02070388160292,1.02961713942714,28551.5911862224,28386.4590017859,28634.3426753566
2011-02-23,1.29569521148737,1.29111381134033,1.2999466427001,36034.1521793144,35906.7403708666,36152.3873305609
2011-02-24,1.54842117442884,1.54111199151792,1.55206600856154,43062.6305803751,42859.3573051608,43163.9958602971
2011-02-25,2.77040877761637,2.74966248255569,2.79248268261243,77046.9247755726,76469.9564062017,77660.8148669825
2011-02-26,1.37627061244333,1.36875358858451,1.38155487216335,38275.0080798493,38065.9546085834,38421.9668840637
2011-02-27,1.22160408987625,1.21456374467357,1.22913043017863,33973.628432988,33777.8317146092,34182.9410007931
2011-02-28,0.434372079909026,0.433212340330075,0.435238798801828,12080.1786493596,12047.9255144357,12104.2826826253
2011-03-01,0.965074529206519,0.962604133234668,0.96819405902721,26839.3694300127,26770.6660624278,26926.1256449698
2011-03-02,0.860544165803652,0.856336133380356,0.863546233194678,23932.3099697141,23815.2817678869,24015.7994757814
2011-03-03,2.45954378458557,2.45275630946837,2.46523263938545,68401.5609841647,68212.7967523312,68559.771848701
2011-03-04,2.33191253708894,2.32420565624433,2.33694728326111,64852.0504554889,64637.7169342098,64992.0701207185
2011-03-05,1.70847797578119,1.69697823522497,1.71566606995751,47513.9174927072,47194.1020009528,47713.823209061
2011-03-06,2.28785645629841,2.27623583408093,2.30129871047376,63626.8213232395,63303.6440314733,64000.659420574
2011-03-07,2.20892558795867,2.19936853937708,2.22029568590569,61431.7009768931,61165.913050905,61747.9110208017
2011-03-08,1.89236724117295,1.88255645181777,1.90020768064637,52628.0012019943,52355.1565750409,52846.0490782488
2011-03-09,1.22900747378864,1.22336843596165,1.23242754436966,34179.5215011849,34022.6960800508,34274.6359561027
2011-03-10,0.942311140630778,0.939837643156729,0.943120726862844,26206.3043381741,26137.5147157345,26228.8194738556
2011-03-11,1.65971947537696,1.65097167625116,1.66243700646713,46157.9109195376,45914.628763257,46233.4872803876
2011-03-12,3.46006258309069,3.44484582066495,3.47848800382496,96226.6592973801,95803.470936364,96739.082596332
2011-03-13,3.25792486943549,3.24956985762135,3.26407307546358,90605.0740121578,90372.7155342523,90776.0597421982
2011-03-14,2.01296735409074,2.01041089705183,2.01606271677988,55981.9711659131,55910.874382377,56068.0552767457
2011-03-15,0.905364753534701,0.901119026243566,0.907031451439534,25178.8005523357,25060.7240309716,25225.1525380552
2011-03-16,2.37758224771765,2.37340378643983,2.38325893401834,66122.1557149588,66005.9499065053,66280.0281653776
2011-03-17,2.29916774883047,2.29249605180465,2.30505369079287,63941.3959491482,63755.851583628,64105.0879397576
2011-03-18,2.85847353006454,2.84823708040971,2.87270663478561,79496.0645603125,79211.3820351572,79891.8967413347
2011-03-19,1.43492033953842,1.42688432314457,1.44028744933924,39906.0962961851,39682.6092947021,40055.3592166707
2011-03-20,3.08116001820898,3.06211577358582,3.09348248548104,85689.1250354396,85159.4918294148,86031.8211085357
2011-03-21,1.56514159433157,1.55913487433288,1.5703504356832,43527.636663546,43360.5857548043,43672.4980323914
2011-03-22,1.5957622828473,1.59059421826435,1.60202054636771,44379.218532514,44235.4911929333,44553.2650351739
2011-03-23,3.18615261843653,3.1669561916857,3.20265501077603,88609.0396116141,88075.1741186296,89067.9822021341
2011-03-24,2.73193613164277,2.71308671777072,2.74770269823255,75976.9747074834,75452.7598752184,76415.4534907685
2011-03-25,2.08527059209484,2.07692129236197,2.09412176221986,57992.7726709261,57760.5730498288,58238.9296439723
2011-03-26,3.26729917549021,3.25354208653078,3.28064683069024,90865.7797460035,90483.1858823283,91236.9869824361
2011-03-27,1.77323462087255,1.76591986384577,1.77928446633845,49314.8431912479,49111.4148961358,49483.0934481345
2011-03-28,2.5731474364175,2.56240980716741,2.58202649123241,71560.9546764038,71262.334010824,71807.8871413634
2011-03-29,1.99271714692058,1.98929023199986,1.99604295536838,55418.7993332453,55323.4945326535,55511.2922950661
2011-03-30,1.62408664602736,1.62084540443039,1.62552795219295,45166.9380549476,45076.7969539236,45207.0217453459
2011-03-31,1.55344131837133,1.55304544259976,1.55357332181449,43202.2441478112,43191.2345772964,43205.9152520317
2011-04-01,1.75849802666061,1.7571381370132,1.75954425059996,48905.0086300563,48867.1891875924,48934.1048189673
2011-04-02,1.49946393475992,1.48972357343982,1.50345832423888,41701.0969350637,41430.2109589652,41812.1835834298
2011-04-03,3.05615011032874,3.04294011755928,3.0677419416563,84993.5827361727,84626.203984193,85315.9593339951
2011-04-04,2.10846501466821,2.10237082434908,2.11200311816533,58637.8251071088,58468.341590135,58736.2221365268
2011-04-05,2.40196039671252,2.39699336261996,2.4047237260488,66800.128376232,66661.9918293155,66876.9784169996
2011-04-06,2.30335100041014,2.29056640657984,2.30981872867802,64057.7349791064,63702.1868567181,64237.6068367726
2011-04-07,3.03754601272771,3.02603335656527,3.05138544330059,84476.1903138107,84156.0156303915,84861.0741529397
2011-04-08,4.37566238780089,4.35213615534274,4.39720381760905,121690.103482224,121035.823190773,122289.185081805
2011-04-09,4.27608510975995,4.25066711836949,4.29182252408559,118920.792645295,118213.901270119,119358.460684577
2011-04-10,2.25165344020579,2.24456489667515,2.25486323441978,62619.9911831991,62422.8540370181,62709.257711427
2011-04-11,2.59974214683362,2.58878005287294,2.60281049464837,72300.5713962953,71995.7082166824,72385.9042053659
2011-04-12,4.25761702439783,4.23855414105413,4.27507800549874,118407.182814449,117877.031253115,118892.78440085
2011-04-13,3.59047472777015,3.56626845573233,3.60190194278664,99853.5084404095,99180.3157925002,100171.306948299
2011-04-14,3.64688116890981,3.64276670229618,3.65224389120807,101422.209370921,101307.783296967,101571.35027202
2011-04-15,3.00588654576653,3.00173143817177,3.00993964213557,83595.7193201071,83480.1629932305,83708.4386464305
2011-04-16,2.84063086367359,2.82979748825574,2.84470807946129,78999.8480501983,78698.564619526,79113.2381537189
2011-04-17,2.54498247972393,2.533479189459,2.55343185387821,70777.6683551904,70457.7541436578,71012.6511130149
2011-04-18,2.25083427325146,2.24249167738421,2.25917542527055,62597.2096012105,62365.196419109,62829.1826289273
2011-04-19,2.76164274157036,2.74845768785548,2.77344044799355,76803.1354383189,76436.4502581605,77131.237560524
2011-04-20,3.88422791839047,3.85795367539184,3.89953966810183,108022.98153881,107292.277232569,108448.811559897
2011-04-21,2.81030140959042,2.80312457922312,2.81817996420692,78156.3656059788,77956.7731437028,78375.4734899064
2011-04-22,2.67604546724053,2.66419809575882,2.68756721942382,74422.6178737019,74093.1345329349,74743.0455235566
2011-04-23,4.72846356474215,4.70327636360243,4.74894282108745,131501.740652935,130801.267709304,132071.282496668
2011-04-24,5.53647572115323,5.49531413634344,5.56028217588472,153973.100235587,152828.368976393,154635.173696258
2011-04-25,4.02372250654306,4.00416525707025,4.02964982045895,111902.419521691,111358.519306992,112067.262094053
2011-04-26,3.09088776365543,3.08457951446504,3.09622771278748,85959.660155637,85784.2235179957,86108.1677197219
2011-04-27,2.96771768495383,2.96084943457423,2.97183711398613,82534.2177209332,82343.2070749186,82648.7818030767
2011-04-28,3.49161042056447,3.484360200754,3.49467044596327,97104.0258002271,96902.3923283522,97189.1271573328
2011-04-29,2.39131796451713,2.385906914412,2.39854080638681,66504.1552045427,66353.6702747464,66705.0272775362
2011-04-30,3.28190391974976,3.26169959327883,3.29163398404194,91271.9474716559,90710.0516119822,91542.5470805074
2011-05-01,4.34185261465589,4.32278009504959,4.35590806968107,120749.831032458,120219.411480203,121140.72265638
2011-05-02,4.68212587220907,4.65732500983491,4.69336155622008,130213.058369037,129523.329765392,130525.530271304
2011-05-03,2.95055865766282,2.94774944127354,2.95225790807361,82057.0136723488,81978.8874818846,82104.2709650749
2011-05-04,4.74649269549235,4.73511029295053,4.75523387731352,132003.142861845,131686.590618909,132246.240986449
2011-05-05,2.75300084784035,2.74345077577581,2.75671972438564,76562.7985820707,76297.2046776971,76666.2230311086
2011-05-06,3.15807361780332,3.15461851530254,3.15980400876496,87828.1437860451,87732.0550699612,87876.2671183603
2011-05-07,2.80472411075028,2.80168135563228,2.80718961137989,78001.2571874455,77916.636128423,78069.8244122821
2011-05-08,3.80441716686911,3.79842803093036,3.80671741353561,105803.391051503,105636.829167253,105867.362452875
2011-05-09,3.20237172649384,3.19459024546311,3.20442897596229,89060.1038763952,88843.6956739447,89117.3173628383
2011-05-10,5.71123983695147,5.69051127277229,5.72128222371931,158833.407419194,158256.932157521,159112.692925406
2011-05-11,6.05342771175689,6.03051375590981,6.07161984130951,168349.881544695,167712.629076133,168855.816859538
2011-05-12,3.20485285548195,3.19167442263386,3.21076857210892,89129.1057363555,88762.6046869396,89293.6257803409
2011-05-13,4.60480941914701,4.59426084215293,4.60951324004089,128062.835993511,127769.472997869,128193.652404972
2011-05-14,5.82786046501172,5.81676393145643,5.8318259067177,162076.705242257,161768.10320742,162186.986833657
2011-05-15,5.07256813275027,5.06138430474979,5.07846665231594,141071.519300931,140760.48954907,141235.561083117
2011-05-16,3.07640022314353,3.07262755319895,3.07773738793021,85556.7519447542,85451.8314652311,85593.9393936117
2011-05-17,3.37904529151405,3.37165847391279,3.38339056239563,93973.5141225381,93768.0817745563,94094.3590178645
2011-05-18,6.08628984333345,6.05469436721073,6.10053471224479,169263.799447353,168385.108081752,169659.958798391
2011-05-19,4.98136266913611,4.97520045099056,4.98810681526825,138535.034233825,138363.658817408,138722.593457546
2011-05-20,3.39306285431161,3.38249811926695,3.40514862769123,94363.3519382159,94069.5395763591,94699.4653955358
2011-05-21,4.42547539888478,4.40122924534112,4.44922396683054,123075.436704106,122401.134924791,123735.900294471
2011-05-22,2.86602470347365,2.85452727195808,2.88000495267698,79706.0677534586,79386.3164776722,80094.867853074
2011-05-23,3.87324436772288,3.85296362549818,3.90052029523609,107717.521633798,107153.500600799,108476.083457697
2011-05-24,2.06196241579565,2.0568010186082,2.06803324953367,57344.556667393,57201.0147525496,57513.3906221933
2011-05-25,3.03324993568436,3.0157530641779,3.0538385842777,84356.7135320939,83870.1138094617,84929.2976475568
2011-05-26,1.36013572739695,1.35783828084924,1.36518131125173,37826.2861134468,37762.3925852543,37966.607181893
2011-05-27,2.74673968382643,2.74254174493376,2.75180983467687,76388.6714147423,76271.9239207663,76529.6757078021
2011-05-28,2.62152433876733,2.61739442308796,2.62783081347446,72906.3487519413,72791.493029115,73081.7360400142
2011-05-29,5.17109957181875,5.15237460317146,5.19410546296108,143811.744655136,143290.990727973,144451.553905872
2011-05-30,4.54160094915641,4.52343483512798,4.55995692643613,126304.966082076,125799.754276396,126815.458112018
2011-05-31,4.66018270918482,4.63255447789782,4.68679917773046,129602.804299484,128834.444671529,130343.026127539
2011-06-01,3.41531427580544,3.39892639709481,3.43156640333029,94982.1788823969,94526.4209926405,95434.1614406992
2011-06-02,2.26053337473358,2.25525633164446,2.26757923606443,62866.9481135635,62720.1900086911,63062.8982391635
2011-06-03,3.17964708892919,3.17049134042558,3.19231155066799,88428.116476145,88173.4889742685,88780.3236445589
2011-06-04,6.40961646299872,6.35957616953219,6.44974994034854,178255.729426987,176864.075329724,179371.868328703
2011-06-05,6.38875787155735,6.34347233631102,6.42504692479617,177675.63802001,176416.216935391,178684.860910747
2011-06-06,3.90589362791305,3.88539729061463,3.9258167479163,108625.519440538,108055.502564052,109179.594759887
2011-06-07,2.76207090967039,2.75426043041347,2.77511652561582,76815.0430801301,76597.828417575,77177.8504024716
2011-06-08,1.70999282658029,1.70573716855117,1.71675138955856,47556.0465086515,47437.6938068084,47744.0066745247
2011-06-09,3.54470799754665,3.53061088728455,3.56541811812539,98580.7050009878,98188.6549170103,99156.6673337727
2011-06-10,3.71113181401559,3.6936949100125,3.73308934673556,103209.062870753,102724.130884578,103819.716571175
2011-06-11,3.70020270496927,3.6807961131024,3.71849869532328,102905.117023714,102365.406698004,103413.940777049
2011-06-12,4.39498490139806,4.37586788554809,4.41591606469646,122227.475534906,121695.818512294,122809.585213862
2011-06-13,2.27605516445792,2.26740708703694,2.28466039551152,63298.6194881763,63058.1106593381,63537.9367308231
2011-06-14,3.93962528082484,3.92782526530666,3.95681645107083,109563.619314264,109235.452974579,110041.717279968
2011-06-15,3.66337480398725,3.64983466961617,3.67652559780948,101880.908416114,101504.34820494,102246.640805698
2011-06-16,1.77366139954625,1.77109728038858,1.77926787503246,49326.7121921817,49255.4023199878,49482.6320327958
2011-06-17,1.87854452157951,1.87144205171125,1.88753477020467,52243.5821064028,52046.0576594398,52493.6069457455
2011-06-18,3.08225713933569,3.07448079982683,3.09606430726059,85719.6367092412,85503.3714959596,86103.6233025079
2011-06-19,1.78434589177031,1.77852871569241,1.79338325766717,49623.8550814562,49462.0755161801,49875.1902837015
2011-06-20,4.04506405310682,4.02910063700219,4.06375792873716,112495.942234287,112051.98893407,113015.831443812
2011-06-21,5.51588173212401,5.47386937976685,5.54547391452923,153400.367599024,152231.97592417,154223.346023775
2011-06-22,6.44274718928291,6.4027825472496,6.47336092650924,179177.117128471,178065.673650057,180028.505677422
2011-06-23,4.4325484843171,4.40081206795972,4.45157217165653,123272.143950212,122389.532942231,123801.2054444
2011-06-24,4.6648504749101,4.64202345729282,4.68620424359329,129732.617992543,129097.783334416,130326.480610472
2011-06-25,4.7253946330999,4.69558119023528,4.75068854957244,131416.391607231,130587.259780819,132119.832375786
2011-06-26,4.69259024319809,4.65670085519833,4.71741194923311,130504.079539245,129505.971606654,131194.387819067
2011-06-27,5.68286676444219,5.63746703055148,5.71535317704499,158044.333257671,156781.736232218,158947.80216387
2011-06-28,5.11183015562587,5.08372891146425,5.14163065917863,142163.422469689,141381.908036687,142992.194445165
2011-06-29,3.77698268507069,3.76207416080842,3.79615873906099,105040.419726672,104625.803675557,105573.718639533
2011-06-30,4.09532253173397,4.07750204357947,4.10921244941163,113893.66420709,113398.064488595,114279.952126439
2011-07-01,6.15984193387474,6.13119874835171,6.19366821539843,171309.33237838,170512.74619292,172250.063937221
2011-07-02,6.7356557225604,6.67701916247126,6.77560450640969,187323.099740095,185692.377707019,188434.102191784
2011-07-03,5.07779247207418,5.04405561395395,5.10396950706149,141216.811678772,140278.567044711,141944.812565071
2011-07-04,6.73945540381234,6.69553918452461,6.77514862132443,187428.771422178,186207.431932054,188421.423722038
2011-07-05,6.75917006304639,6.71385382600753,6.79351170785131,187977.04930783,186716.774385784,188932.113464907
2011-07-06,6.75400389656477,6.71913984534877,6.78916618278598,187833.374755719,186863.782126244,188811.26150056
2011-07-07,6.05631129309243,6.0212001299609,6.09136422861525,168430.075874152,167453.610896697,169404.921502787
2011-07-08,5.3817500224821,5.35767281584082,5.39747536117249,149670.074861614,149000.471608879,150107.407069387
2011-07-09,6.3931381233685,6.36045605723746,6.42910938157175,177797.455758432,176888.54559649,178797.84055625
2011-07-10,5.5886966457142,5.54194775955649,5.620716739936,155425.399145,154125.281290828,156315.899424506
2011-07-11,5.61725652408025,5.57239472768489,5.65269997720592,156219.668502593,154972.0318794,157205.37468748
2011-07-12,4.6817743083533,4.6516080903714,4.70965123957978,130203.281142598,129364.338403752,130978.557282543
2011-07-13,3.49812770056987,3.48173080355324,3.5157279298095,97285.2757249221,96829.2670300319,97774.7498953822
2011-07-14,4.1709881995947,4.15608284996824,4.18700286083204,115997.977139846,115583.449377481,116443.355601548
2011-07-15,3.9876960117931,3.97107330551693,4.00580094859901,110900.49855849,110438.20995676,111404.008984613
2011-07-16,5.19527399763743,5.16045236188606,5.2366747204605,144484.051638349,143515.638611371,145635.433485958
2011-07-17,6.26214159098749,6.2130226313927,6.30173145672876,174154.354401778,172788.323216946,175255.375100343
2011-07-18,6.26735743212525,6.22959169956515,6.30314678724514,174299.410439366,173249.120107065,175294.736390528
2011-07-19,4.45723961165273,4.42429672794781,4.49675487656679,123958.820748894,123042.657075428,125057.766748458
2011-07-20,3.86967572726517,3.85276006501939,3.88610862003748,107618.275351041,107147.839447462,108075.28511202
2011-07-21,3.25810320730006,3.2381068342343,3.27501922738434,90610.0337076899,90053.9211715797,91080.4795629969
2011-07-22,3.59661561772683,3.58195276954392,3.60863941263249,100024.290705601,99616.5070708999,100358.680500023
2011-07-23,6.06574602592408,6.02286403529245,6.10004938419402,168692.462117161,167499.885219082,169646.461500042
2011-07-24,6.42900167076962,6.37883938798516,6.46603834036353,178794.845046657,177399.798344707,179824.859649265
2011-07-25,4.43944755573629,4.40944891298222,4.46851884842752,123464.011749994,122629.729390539,124272.503882709
2011-07-26,2.24188463396855,2.23561516044645,2.25129035986481,62348.3141348917,62173.955874572,62609.8936755877
2011-07-27,4.14636205463845,4.12651955278064,4.16571739223184,115313.107544685,114761.27426999,115851.3924547
2011-07-28,5.52889760372467,5.4934985425014,5.56486277113114,153762.347711203,152777.876094873,154762.563119881
2011-07-29,5.85864029451876,5.81777641292015,5.89106766595511,162932.712928847,161796.26099547,163834.539860638
2011-07-30,6.17251872923816,6.12947322849308,6.20862517752654,171661.88255316,170464.758329244,172666.027077847
2011-07-31,5.9851774548286,5.94680716495025,6.02334863791521,166451.796159623,165384.69268314,167513.362342791
2011-08-01,5.73086521281062,5.69438535490072,5.76453764455267,159379.202274354,158364.672977841,160315.65516766
2011-08-02,5.46288647063819,5.43175348100231,5.49623282981185,151926.533860786,151060.704554334,152853.918457439
2011-08-03,5.91268207908664,5.87500973662132,5.94407442377548,164435.651175354,163387.958084177,165308.693319644
2011-08-04,5.97518603050543,5.93799301213995,6.00704963574366,166173.927953152,165139.565186425,167060.07616915
2011-08-05,4.78119236519418,4.76023135487313,4.79289177956001,132968.163931246,132385.224186587,133293.532485463
2011-08-06,5.73044525171373,5.69741036775498,5.76508606652892,159367.5228748,158448.800612619,160330.907150361
2011-08-07,5.22015764584258,5.18798614837105,5.25075873035569,145176.082571435,144281.371666087,146027.119239952
2011-08-08,5.33457859240078,5.29210111299376,5.36708062135622,148358.205777746,147176.878607917,149262.108985177
2011-08-09,5.30805897237354,5.27719189530922,5.33311659955739,147620.677371893,146762.243272264,148317.546776974
2011-08-10,5.2717486773209,5.23721067506561,5.29734025951019,146610.863732078,145650.338742711,147322.582783706
2011-08-11,4.92761299825587,4.89898602966567,4.94916135685617,137040.21986474,136244.084683051,137639.494158674
2011-08-12,5.12222217136792,5.0918112788367,5.14997362122145,142452.431391987,141606.684089949,143224.217810855
2011-08-13,5.0757886168583,5.03933960246589,5.11177956422696,141161.083122276,140147.411604656,142162.015488979
2011-08-14,5.35017681590452,5.3201324280414,5.38579871517378,148792.002826988,147956.448265394,149782.671718719
2011-08-15,3.55797038724585,3.53682224603776,3.57844601129368,98949.5409466991,98361.3969666597,99518.9817738045
2011-08-16,5.47824561332248,5.4382238671068,5.5151003308857,152353.681912213,151240.650328217,153378.636306907
2011-08-17,5.71368509586953,5.67586144196212,5.75566730760236,158901.411708467,157849.51054468,160068.965152358
2011-08-18,4.55944203367253,4.53360881218685,4.58407520465089,126801.138599192,126082.69939679,127486.203592736
2011-08-19,5.60180861940567,5.55917668901925,5.63506664837858,155790.051920731,154604.429365655,156714.979995303
2011-08-20,5.57010831622812,5.53026570148872,5.60544452453221,154908.445244482,153800.395426892,155891.168879007
2011-08-21,5.4114039161684,5.37237133169653,5.45221859403163,150494.76951845,149409.247185464,151629.85306297
2011-08-22,4.93477882826706,4.89774614252021,4.96858074348608,137239.506399741,136209.602590589,138179.560315319
2011-08-23,4.02284068189761,4.00585254345998,4.04354989968641,111877.89538732,111405.443872274,112453.832612912
2011-08-24,5.20588117907517,5.16784972252373,5.24812898697472,144779.044462844,143721.364168261,145953.984314128
2011-08-25,4.24152443146782,4.21739166051556,4.26535835299589,117959.637020146,117288.488486685,118622.474350838
2011-08-26,4.58637104654358,4.54871607263632,4.61749211873531,127550.052494397,126502.84243446,128415.550368741
2011-08-27,5.06638872934335,5.03795082675515,5.09751577051497,140899.665950877,140108.788821412,141765.329826553
2011-08-28,4.96568559528564,4.93477490520007,5.00420552533747,138099.044303597,137239.397296619,139170.30937359
2011-08-29,3.86825948784331,3.84406458404879,3.89392641403593,107578.888783584,106906.01229414,108292.703202439
2011-08-30,4.36003795320034,4.33366692915044,4.38715421184685,121255.577484813,120522.181632676,122009.698810522
2011-08-31,2.79365214769162,2.786170905407,2.80497646257033,77693.3384745861,77485.2801128786,78008.2752606821
2011-09-01,3.41402583507435,3.40462907912051,3.4283824511168,94946.3464821792,94685.0164015936,95345.6135958237
2011-09-02,4.02241262405982,4.00279587263972,4.04222259648484,111865.990811976,111320.435808246,112416.919421345
2011-09-03,4.97551874523179,4.9355299006813,5.01813573467435,138372.510793571,137260.394226934,139557.717830984
2011-09-04,4.96400293107008,4.92534646093505,5.00813879674704,138052.248284076,136977.185942862,139279.696287487
2011-09-05,4.88975826576173,4.851205647015,4.93145111176953,135987.454384628,134915.280220122,137146.960373778
2011-09-06,4.84576800205251,4.8109202055046,4.88268146826543,134764.055669519,133794.915093256,135790.643903534
2011-09-07,4.77524478966844,4.74341884959889,4.81048007023549,132802.757869935,131917.657147521,133782.674636453
2011-09-08,4.54503096747251,4.52213040624464,4.57868949059454,126400.357190174,125763.477234949,127336.423275436
2011-09-09,4.37326024551448,4.34093259330553,4.41140467218556,121623.298295373,120724.244622125,122684.120364693
2011-09-10,4.35159180667369,4.3267615593723,4.38895132624693,121020.684489476,120330.138671312,122059.677766377
2011-09-11,4.30938274986325,4.27893809730432,4.34660241738375,119846.82233195,119000.136140916,120881.926229538
2011-09-12,4.20965153956942,4.1799767284584,4.25039966972905,117073.230535906,116247.95415147,118206.46334419
2011-09-13,3.03654760642319,3.01820705272266,3.06505561996814,84448.4239653708,83938.3608755034,85241.250927531
2011-09-14,4.04174417608836,4.01628526166911,4.07563331302258,112403.614229492,111695.58475746,113346.093839424
2011-09-15,1.8711640484895,1.86191957884473,1.88496843736072,52038.3262035311,51781.2313072595,52422.2355094524
2011-09-16,3.06405847595267,3.05104794376081,3.08018375844094,85213.5196841954,84851.688064553,85661.9745970215
2011-09-17,2.78094505580796,2.77269390782991,2.79326755013452,77339.9457332742,77110.4757782576,77682.6425587738
2011-09-18,1.26997117260077,1.26637095174819,1.27393204662655,35318.7494181649,35218.6248634618,35428.9039793169
2011-09-19,2.56832453635486,2.55587897080275,2.57707436520158,71426.826593455,71080.7070746928,71670.1651976346
2011-09-20,4.05575575921446,4.02513550426812,4.08524052740025,112793.285746499,111941.715935386,113613.276909821
2011-09-21,3.77086350265465,3.74122207187848,3.80587364209667,104870.241162734,104045.893107781,105843.896603681
2011-09-22,3.45185117847486,3.42509205662428,3.4814111067818,95998.2946319019,95254.1055198332,96820.3760485641
2011-09-23,3.76116107212111,3.73542581473434,3.79445574339776,104600.41006723,103884.695312072,105526.357188827
2011-09-24,3.8333776025168,3.79982233386084,3.87213808136368,106608.800175544,105675.605666182,107686.755068738
2011-09-25,2.31121460881013,2.29646185155277,2.32837598762784,64276.4271987363,63866.1431324195,64753.6966448542
2011-09-26,2.79201980734313,2.78176736799438,2.80599584777638,77647.9419955341,77362.8147862749,78036.6250464331
2011-09-27,1.1415633871524,1.13845184667875,1.14581897449663,31747.6428486317,31661.10882277,31865.9935846805
2011-09-28,3.48585489588276,3.46483985940777,3.50428190812296,96943.9608015964,96359.5185533888,97456.428361395
2011-09-29,3.65577039379971,3.62282456294378,3.69098628086889,101669.424672482,100753.179036772,102648.802092828
2011-09-30,3.39834655980539,3.37134555701235,3.42660888821986,94510.2953290268,93759.3793458446,95296.2896230552
2011-10-01,2.18248000316072,2.16561130383466,2.2006110602586,60696.2315403839,60227.1017070765,61200.4683893315
2011-10-02,2.50718391025158,2.49402935689112,2.52006718663245,69726.464806353,69360.627861492,70084.7573566075
2011-10-03,2.75673400434896,2.73688175763001,2.77893624026318,76666.6201664585,76114.5158806436,77284.0792267074
2011-10-04,0.947874243576153,0.944156902732039,0.950731391898514,26361.0179593603,26257.6362192013,26440.4771690062
2011-10-05,0.982932809769778,0.979583256584344,0.986954396154939,27336.0201807234,27242.8668618359,27447.8631932778
2011-10-06,1.25250829661865,1.25071924770461,1.25637631505628,34833.0951338476,34783.340484565,34940.6673188632
2011-10-07,0.688496730777198,0.688040810163807,0.689331978664059,19147.5554990333,19134.8760412264,19170.7843025326
2011-10-08,2.21676874177874,2.20785135275665,2.22781078893592,61649.8243409469,61401.825775995,61956.9110725373
2011-10-09,1.85606496776958,1.84509067843672,1.86797147421969,51618.4106496217,51313.2083085355,51949.538573491
2011-10-10,1.40448762061203,1.39956539853425,1.41133769043431,39059.7419874701,38922.8516927167,39250.2470200013
2011-10-11,1.02128095802063,1.01965732587876,1.02332750263258,28402.5078837071,28357.3535857173,28459.4236609169
2011-10-12,1.30848594093016,1.30492972536945,1.31267189591866,36389.8709371981,36290.9701991533,36506.2851507677
2011-10-13,2.17764401393862,2.17280041252032,2.18714726971364,60561.7394391384,60427.0356376149,60826.031351125
2011-10-14,1.08561065365231,1.0835432661809,1.0902757304751,30191.5598316416,30134.0644005417,30321.2987445202
2011-10-15,1.86621060171435,1.86130468950369,1.87471167615732,51900.5675290176,51764.1308225992,52136.988106519
2011-10-16,2.57374429213242,2.56290061429352,2.58669183594234,71577.5536338359,71275.98368593,71937.6335043631
2011-10-17,1.31521140148145,1.31025434276881,1.32345233331667,36576.9105023923,36439.0513774768,36806.0963396303
2011-10-18,2.48796814503574,2.47567704890942,2.5039276343791,69192.0614976963,68850.2378771875,69635.9055920511
2011-10-19,2.07668711857992,2.06804075102348,2.09118648649908,57754.0605200116,57513.5992436522,58157.2976590169
2011-10-20,0.728058287051263,0.725226140981505,0.729873365545779,20247.7888923432,20169.0250120981,20298.2674417034
2011-10-21,1.36496710317359,1.36228337783548,1.36820676004719,37960.6499116824,37886.0137114529,38050.7469404873
2011-10-22,0.662175669657234,0.661460446316654,0.663535080054644,18415.549149462,18395.6583090327,18453.3552636624
2011-10-23,1.66611826413942,1.6595511162652,1.6708636567254,46335.865523356,46153.2287398086,46467.8380714352
2011-10-24,1.42700196837349,1.42153178944337,1.43304356477309,39685.8810873615,39533.7517453155,39853.9019321862
2011-10-25,1.98291662721063,1.97786898521683,1.99131780789324,55146.2403120081,55005.8620053364,55379.8827770872
2011-10-26,1.6744011653379,1.66976209382757,1.68155938626111,46566.2185567129,46437.2028690019,46765.2934778775
2011-10-27,2.1220156319149,2.11515185307138,2.13220377544937,59014.6768540798,58823.7905644802,59298.0159536543
2011-10-28,1.40171633681223,1.39415323895692,1.40745604033017,38982.6707277412,38772.3359077549,39142.2957292044
2011-10-29,1.73874073964616,1.73437190827222,1.74440204813879,48355.5452372637,48234.0451088549,48512.9900205345
2011-10-30,1.08352102348845,1.07955431160491,1.08672367942047,30133.445816358,30023.1289004695,30222.5138241807
2011-10-31,1.25893098907976,1.25406470605814,1.26218426580066,35011.7145155453,34876.3799234329,35102.1903214316
2011-11-01,2.08484619288488,2.07579222280762,2.09376204216059,57980.9698444737,57729.1728688436,58228.925588047
2011-11-02,1.86609553308688,1.85745908483535,1.87770101165631,51897.367393371,51657.181979529,52220.1235301359
2011-11-03,1.40687225381989,1.40087835490194,1.41365356873685,39126.060235112,38959.3658892182,39314.6531476482
2011-11-04,0.993375641327779,0.9909177975672,0.995358208816798,27626.4423249188,27558.0880427416,27681.5788554637
2011-11-05,1.07134641306573,1.0666259305735,1.0763521533782,29794.8617413328,29663.5819596552,29934.0747341651
2011-11-06,0.834543913164471,0.831514918895562,0.83847767474189,23209.2255189926,23124.9871584056,23318.6260647854
2011-11-07,0.619161383059508,0.616552687578766,0.621294700004533,17219.2930119034,17146.7434422907,17278.6219858489
2011-11-08,0.941710419735369,0.93974811220276,0.944562346019864,26189.5978874822,26135.0247999028,26268.9118687554
2011-11-09,1.10149745206352,1.09832785915522,1.10654223920625,30633.3823424576,30545.233839483,30773.6812538078
2011-11-10,1.54771352109169,1.54289536044268,1.55485051264381,43042.9502668144,42908.953990135,43241.4347849415
2011-11-11,0.672082230899884,0.66995657986522,0.673750515996394,18691.0572567904,18631.9414769495,18737.4533833742
2011-11-12,0.268034195636228,0.267606482929458,0.268690995511276,7454.2106115595,7442.3156345401,7472.47665625812
2011-11-13,0.867768566892063,0.866953153498018,0.868700011190649,24133.2254056254,24110.548212664,24159.1294958036
2011-11-14,0.939377502273215,0.928451849043347,0.944132694325282,26124.7178893872,25820.8681509201,26256.9629671855
2011-11-15,0.910473346535013,0.905059710303892,0.916844486475257,25320.8739473467,25170.3170956533,25498.0596188897
2011-11-16,1.13408462643234,1.12849912660744,1.14114741367396,31539.6535008977,31384.3170074819,31736.0743474196
2011-11-17,0.843385477085879,0.839937893090439,0.846342641059718,23455.1153370783,23359.2357156663,23537.3560490202
2011-11-18,0.392224556762239,0.391094139589733,0.39477450255768,10908.0277842583,10876.590125109,10978.9434857499
2011-11-19,0.819847651610383,0.815248903329946,0.824560226034883,22800.512636046,22672.6183643821,22931.5724890603
2011-11-20,0.915551032953327,0.910587899428148,0.918439728686536,25462.0878095993,25324.0597400757,25542.4243738833
2011-11-21,0.309740513821068,0.308700276898324,0.310647350002266,8614.09127098269,8585.16158501613,8639.31099292447
2011-11-22,0.308952920621634,0.308029543607935,0.309413767114854,8592.18777627793,8566.50804269899,8605.00422610406
2011-11-23,0.387859800299191,0.387823183737241,0.387929390819347,10786.6409818524,10785.6226507249,10788.576340856
2011-11-24,0.915182534490456,0.912801880713146,0.917636276274456,25451.8396203869,25385.6320433755,25520.0798238464
2011-11-25,0.741267141186772,0.735286771201329,0.744732387586007,20615.1359781497,20448.8178809355,20711.5068028481
2011-11-26,0.636229148321611,0.63284317772474,0.638432747351672,17693.959002302,17599.7928907963,17755.242568134
2011-11-27,0.601975126419659,0.599408938738478,0.604009734517588,16741.3316968791,16669.9642976602,16797.9155116344
2011-11-28,0.671848191870914,0.670680437456986,0.67372508081643,18684.5484745467,18652.0724416907,18736.7460139732
2011-11-29,0.489816870195681,0.48921412167648,0.490471911003537,13622.1354251711,13605.3725849027,13640.3525490322
2011-11-30,0.804458411347773,0.798570030316,0.80757215970966,22372.5275507957,22208.7677280322,22459.1229795088
2011-12-01,0.972517625527509,0.965924969939749,0.977079037712076,27046.366926907,26863.0207567514,27173.222856723
2011-12-02,1.31713243918282,1.31151136187934,1.32107610897921,36630.335848307,36474.0099213686,36740.0119483096
2011-12-03,0.972563028823237,0.969007211408251,0.975687848129616,27047.6296229896,26948.7399576443,27134.5329420886
2011-12-04,1.12089286013383,1.11244675905703,1.12399223747411,31172.7816392901,30937.8899079437,31258.9774002611
2011-12-05,1.01055725401162,1.00278112623567,1.01437682507289,28104.2744884141,27888.0151635666,28210.4993194249
2011-12-06,1.00951538240402,1.00576343518448,1.01413293477918,28075.2993407661,27970.9551741142,28203.7165669066
2011-12-07,0.852245181081142,0.849440223185211,0.856150434335304,23701.509642775,23623.501883865,23810.1173529923
2011-12-08,0.869250291060662,0.866379314121904,0.872784301390914,24174.4331477747,24094.5893550391,24272.7163434789
2011-12-09,0.996236482515649,0.993079196908647,0.999413907998919,27706.0042356294,27618.1980069519,27794.3705677633
2011-12-10,1.18466704138585,1.17975469429946,1.1898887969466,32946.3843600321,32809.7686954072,33091.6048816879
2011-12-11,0.548495588575636,0.547593345456286,0.550205666464466,15254.0299085683,15228.9379227548,15301.5883207152
2011-12-12,1.00752778934788,1.00464982662904,1.01163403344985,28020.0230458316,27939.9849738702,28134.2204462265
2011-12-13,0.720352043218594,0.718188093374993,0.722691358748268,20033.4730867931,19973.2921914086,20098.5310194337
2011-12-14,0.491981635508594,0.491102260116084,0.493408126848206,13682.3389993037,13657.882980299,13722.010679463
2011-12-15,0.416065046151859,0.414756649519584,0.417013623339141,11571.0477715814,11534.6603843777,11597.4283388763
2011-12-16,0.479320573796388,0.478107168497299,0.480508573710027,13330.2263879083,13296.4807733418,13363.2654616793
2011-12-17,0.878965175022742,0.877613715692302,0.881249003331541,24444.6105814724,24407.025591773,24508.1253773141
2011-12-18,0.55778936284287,0.555051802299045,0.559568039768415,15512.4959994334,15436.3626060537,15561.9621967649
2011-12-19,0.690700315020266,0.687658395192157,0.693228769028105,19208.8386536291,19124.2408245783,19279.1566541041
2011-12-20,0.351219443749668,0.350752814770534,0.351816034342301,9767.64811060899,9754.67084597426,9784.23969481265
2011-12-21,1.01773514718618,1.0129066836261,1.0219584828553,28303.8965080727,28169.6137005314,28421.3503034222
2011-12-22,0.862698929025416,0.861156640796263,0.864658825865779,23992.2353789887,23949.3433097266,24046.741423601
2011-12-23,1.03067475583767,1.02698496736379,1.03407155530881,28663.7556965259,28561.1402062481,28758.2229662824
2011-12-24,0.423375705771236,0.421918815960113,0.42415178472086,11774.3621150475,11733.8450330231,11795.9453907485
2011-12-25,0.698511641035143,0.697665577888671,0.699412422997505,19426.0768650902,19402.547281973,19451.1282151488
2011-12-26,0.642327285146768,0.641719229849747,0.643782855153346,17863.5522742535,17846.6418489374,17904.032651629
2011-12-27,0.365155211494661,0.364076872864205,0.365839746215344,10155.2111510575,10125.2218310645,10174.2485204006
2011-12-28,0.3029329735475,0.302447763342523,0.303075978852535,8424.76901370356,8411.27499272539,8428.74608707573
2011-12-29,0.71098813152878,0.709123173456812,0.712136026778842,19773.0564272015,19721.1906933641,19804.9801634011
2011-12-30,0.340354566573477,0.339698763194344,0.340887465621022,9465.4885949255,9447.2502634461,9480.30887457552
2011-12-31,0.629012707219687,0.626429654125961,0.630821698185307,17493.2649389495,17421.4285013048,17543.5741900513
2012-01-01,0.885049935220921,0.883086323764976,0.887612396310752,24613.8318404629,24559.2224899017,24685.0956006789
2012-01-02,1.02252805731663,1.01934961116819,1.02640328925339,28437.1905509085,28348.7958333923,28544.9633481694
2012-01-03,0.932196543054034,0.931196921989591,0.932899313964772,25925.0106009729,25897.2104692456,25944.5551309829
2012-01-04,0.979530815716532,0.978212478641092,0.980973060274684,27241.4084461572,27204.7446085673,27281.5182338816
2012-01-05,0.607250844960348,0.604918854456524,0.60827711312154,16888.052965172,16823.1987464094,16916.5941705182
2012-01-06,0.752758384990092,0.749549830619081,0.754397770430548,20934.7151695114,20845.4831221475,20980.3075772924
2012-01-07,0.615461764486432,0.614455569593804,0.616453926613028,17116.4041399791,17088.4211856843,17143.996833646
2012-01-08,0.412975722648876,0.411442559796619,0.413830264815914,11485.1316145634,11442.4933281484,11508.897004925
2012-01-09,0.908380972665539,0.906296255482466,0.910552421227968,25262.6836277714,25204.7062457762,25323.0730675519
2012-01-10,0.595275063811689,0.590933898356336,0.597537089876929,16554.9984655096,16434.2677448379,16617.9069263465
2012-01-11,1.17278446128075,1.166495008176,1.17605335060644,32615.9218438525,32441.0079379493,32706.8318467411
2012-01-12,0.895391647262995,0.890941204482833,0.897264734498855,24901.4417831522,24777.6719868421,24953.5335944854
2012-01-13,1.34092786064673,1.33611418926602,1.34356129402872,37292.1024664123,37158.2310392928,37365.3400136375
2012-01-14,0.663412091587602,0.661067697149314,0.665290850236008,18449.9348719697,18384.7356914768,18502.1844090866
2012-01-15,0.905573328935462,0.900831478563491,0.909564591481582,25184.6011740138,25052.7271372802,25295.6008602821
2012-01-16,0.683411106269409,0.680537074973984,0.685689552926822,19006.1208731924,18926.1921367509,19069.4860017024
2012-01-17,0.362516932167982,0.3615314896589,0.363684778976496,10081.8388348629,10054.4330182624,10114.3174372742
2012-01-18,0.537466391449076,0.534307877975787,0.539710223684114,14947.3005449413,14859.4601684794,15009.7030231672
2012-01-19,0.553450959821687,0.550022424819581,0.555819346040885,15391.8421039073,15296.4922477662,15457.7085119061
2012-01-20,0.480846452031844,0.478109483329374,0.483446656238235,13372.6620842481,13296.5451503731,13444.9755058303
2012-01-21,0.553973260509401,0.55256280767071,0.555238879152238,15406.3676360676,15367.1419973676,15441.5653387161
2012-01-22,0.826205042306883,0.820129648917259,0.828735207037762,22977.3159319061,22808.355170139,23047.6815087353
2012-01-23,1.22299567231585,1.2178566843197,1.22519002142986,34012.3292732427,33869.4105730275,34073.3555927104
2012-01-24,0.474351924504527,0.471688108575814,0.477706312245221,13192.0449212167,13117.9624150055,13285.332692326
2012-01-25,1.00574474878393,1.00455338469566,1.00804086805776,27970.4354927918,27937.3028590695,28034.2921086081
2012-01-26,0.853815521774303,0.846013308410106,0.857180464577276,23745.1818698613,23528.1970873227,23838.7631843263
2012-01-27,1.32380794446014,1.31954775187488,1.32636984938634,36815.9861238533,36697.5073129652,36887.2344167861
2012-01-28,0.660104566719373,0.659030680947233,0.661380481890197,18357.9503887502,18328.0849057312,18393.4344447425
2012-01-29,0.55829145991106,0.556362678626884,0.559018205179762,15526.4596553947,15472.8189552529,15546.6709283668
2012-01-30,0.721194409675081,0.719790643954668,0.722344545662387,20056.8998624844,20017.8601970253,20088.8859150885
2012-01-31,0.875546971050926,0.87401090486657,0.876865544901751,24349.5480382073,24306.8290081809,24386.2184606794
2012-02-01,0.862588505104276,0.859890206892234,0.865018453421069,23989.1644157379,23914.122934118,24056.7429069285
2012-02-02,0.9781387982884,0.974467993558223,0.981246666145273,27202.6955085799,27100.6079689371,27289.1273965076
2012-02-03,1.7050365646039,1.69821436793008,1.71534101215391,47418.2095415048,47228.4796799123,47704.7831336958
2012-02-04,1.62218427432847,1.61649450151693,1.63271767209756,45114.0318230717,44955.7954280159,45406.9726742931
2012-02-05,1.38145871352997,1.37635608530424,1.38958198790145,38419.2926480258,38277.3851373934,38645.2063523454
2012-02-06,1.47883019030724,1.47305457012614,1.48257600680478,41127.2586735303,40966.6348055941,41231.4323406949
2012-02-07,2.05449982032837,2.04674394835635,2.06640893914411,57137.0168861726,56921.3208888074,57468.2174616807
2012-02-08,0.941342152801204,0.934109896857656,0.946531280462361,26179.3561372382,25978.2222525414,26323.6692551399
2012-02-09,0.96322458225957,0.960148155678171,0.966511553255219,26787.9211656223,26702.3636806368,26879.3340318705
2012-02-10,0.979520409684372,0.975373509777211,0.982240366327344,27241.119047429,27125.7909818452,27316.7628645281
2012-02-11,1.18321669110729,1.1745232423639,1.19182658628124,32906.0491467909,32664.2785110697,33145.4961017501
2012-02-12,0.982944547940463,0.979839246348396,0.98670999191668,27336.3466271168,27249.9861087331,27441.0661476172
2012-02-13,0.957884463602575,0.953965882825425,0.961201759609463,26639.4088869353,26530.4305293718,26731.6651120693
2012-02-14,2.17364985794437,2.16623952858638,2.18059978575015,60450.6592841385,60244.573058445,60643.9414341137
2012-02-15,1.62711977235322,1.62104068213782,1.63453027830505,45251.2913308076,45082.2277578383,45457.3824676942
2012-02-16,1.06370586732018,1.06057357994739,1.06672671978302,29582.3730436149,29495.2620325842,29666.3849751189
2012-02-17,1.35667736644665,1.35165716393674,1.36213151533745,37730.1067776977,37590.4915814623,37881.7903136076
2012-02-18,1.30089766075877,1.29732743803455,1.3026472695699,36178.835780125,36079.5454934758,36227.4935737137
2012-02-19,1.07196958287799,1.07023254593715,1.07405542693747,29812.1925114471,29763.8843499967,29870.2012326304
2012-02-20,1.29147920500601,1.28978726373641,1.29324839293361,35916.9022135884,35869.8481929773,35966.1045155278
2012-02-21,0.855011952601053,0.851265260164153,0.857382557922113,23778.4554129762,23674.257385351,23844.383535685
2012-02-22,1.1474392629586,1.14298484660406,1.14978796262335,31911.0548926913,31787.1745886147,31976.3738044174
2012-02-23,1.47423898419034,1.4690778391247,1.47706190604469,40999.5741544888,40856.0392513218,41078.0815031216
2012-02-24,0.995829424194794,0.990775850018102,0.999073969544502,27694.6836709245,27554.1403862709,27784.9166515263
2012-02-25,0.568889788440622,0.564955172149401,0.570571393997662,15821.2062745801,15711.7819586237,15867.9728520983
2012-02-26,1.66107482801222,1.65545200898233,1.66706375565527,46195.6041846531,46039.2298191362,46362.1602760603
2012-02-27,2.4782646627819,2.46951459748882,2.48989614492084,68922.2011531459,68678.8559732344,69245.6804666062
2012-02-28,2.49482260836302,2.48344958548875,2.50646433875401,69382.6887165458,69066.3973284502,69706.4530407639
2012-02-29,0.974647052983303,0.968998196690888,0.977923002489572,27105.5877315504,26948.489252313,27196.6940827927
2012-03-01,1.40767286364484,1.40115523374765,1.41130532269172,39148.3257308959,38967.0660754757,39249.3468513878
2012-03-02,1.69471737405066,1.68530505329644,1.70156216423701,47131.2259365135,46869.4629883978,47321.5841388311
2012-03-03,1.33391109689748,1.33016572811754,1.33622644091303,37096.9615640572,36992.8003482192,37161.3528328249
2012-03-04,1.81806918289353,1.81541613403508,1.82012848779018,50561.7224082378,50487.9393414663,50618.9930575168
2012-03-05,0.747193174172894,0.745197598987596,0.748103149257147,20779.9429269972,20724.4446437012,20805.2499439365
2012-03-06,1.94251991449426,1.93201889736353,1.94970627958257,54022.7806583333,53730.7403343657,54222.6382875909
2012-03-07,2.9653053688804,2.95293793172803,2.9750397466486,82467.1295942473,82123.182878642,82737.8491637576
2012-03-08,2.7777192579157,2.76128238927308,2.79132582015564,77250.234132028,76793.1137994308,77628.6417467544
2012-03-09,3.15215096622927,3.14134535328671,3.15884907587924,87663.4308765336,87362.919538905,87849.7097948325
2012-03-10,2.10488751749122,2.09955977593383,2.10711374029744,58538.3325130529,58390.1644498007,58600.2452612618
2012-03-11,1.1274327692531,1.12294626181191,1.12982817164893,31354.6608948073,31229.8881161043,31421.278640784
2012-03-12,2.15640947590802,2.14799031466781,2.16271121879993,59971.1927055638,59737.0501891278,60146.4483986842
2012-03-13,0.982548989067326,0.978184629199281,0.985582615955894,27325.3458697595,27203.9700969264,27409.713066604
2012-03-14,1.9120892171895,1.90514727070582,1.91722064163713,53176.4825722706,52983.4223882121,53319.1909251326
2012-03-15,1.02968446639113,1.0274057102777,1.03035546895666,28636.2150833463,28572.8413486571,28654.8761143857
2012-03-16,1.81014955339264,1.8021028364931,1.81409715513914,50341.4722042479,50117.6876145302,50451.2576544183
2012-03-17,0.928989241539721,0.923240787048677,0.932523864763262,25835.8133963934,25675.9450245035,25934.1136370707
2012-03-18,1.33478288842633,1.32983613397574,1.33913527625713,37121.206670731,36983.6341142487,37242.2494931851
2012-03-19,2.10451032418564,2.09878457880253,2.11159737125889,58527.8425144377,58368.6056980584,58724.9380431355
2012-03-20,0.90844920677268,0.90278674693405,0.911865437131577,25264.58126402,25107.1044610455,25359.5889197871
2012-03-21,1.65674679979873,1.6539167658924,1.65946150723378,46075.238819482,45996.5336799172,46150.736652591
2012-03-22,2.41866629276348,2.39757157231171,2.42693346572602,67264.7305413517,66678.0722283472,67494.6461619263
2012-03-23,1.41257779958201,1.4045835465161,1.41872044496379,39284.7352864942,39062.4097511498,39455.5663712339
2012-03-24,1.8923761676818,1.88310273666032,1.90039526390688,52628.2494541877,52370.3491226206,52851.2658944381
2012-03-25,3.625587196298,3.60943170784714,3.6343199455933,100830.009721812,100380.714760922,101072.87333222
2012-03-26,1.49486559531117,1.49240215819747,1.49650298910854,41573.2140332828,41504.7041962068,41618.751052135
2012-03-27,3.41751703645091,3.39662167886569,3.42555265743523,95043.4391321916,94462.3252341146,95266.9151370706
2012-03-28,2.31062099680557,2.30579155318168,2.31232263457059,64259.9184510629,64125.6083872903,64307.2421377101
2012-03-29,1.45207984157848,1.44780675753112,1.45420525738837,40383.3135478589,40264.4762167702,40442.4227859412
2012-03-30,0.688731011970889,0.687666359117785,0.688906606309196,19154.0710160402,19124.4623066873,19158.9544122681
2012-03-31,2.70582547020729,2.69963334032377,2.70950830280881,75250.8197141431,75078.6124322464,75353.2417569489
2012-04-01,2.12936302278184,2.12250524753442,2.13438938771247,59219.0127181572,59028.2933925886,59358.7992954426
2012-04-02,2.65496596822142,2.6444741631257,2.66634671892387,73836.3828789408,73544.5987478404,74152.8891831173
2012-04-03,3.2945214934902,3.27614024138683,3.30666154976596,91622.850653412,91111.6557136862,91960.4737544528
2012-04-04,1.94743243235201,1.93965906808277,1.95168367700151,54159.4010722243,53943.2186023503,54277.631035022
2012-04-05,3.07639390245623,3.06731207902606,3.08477354834427,85556.5761622044,85304.0045661634,85789.6197302144
2012-04-06,3.58504880395379,3.57116778101483,3.59835983475413,99702.6098627357,99316.569312032,100072.798550068
2012-04-07,3.18582879320341,3.17328096083728,3.19745111684445,88600.0338148603,88251.0701874632,88923.2584243558
2012-04-08,4.66297101434774,4.63748068416802,4.67997345213032,129680.348934728,128971.445769344,130153.19812414
2012-04-09,4.16693638355061,4.1494291818916,4.18067751388324,115885.293420218,115398.40640912,116267.443463786
2012-04-10,4.12907279395127,4.11343599559462,4.13812866062225,114832.281618074,114397.41177632,115084.131339246
2012-04-11,3.59114893629147,3.5831246421827,3.6021771877032,99872.2586312279,99649.0976343488,100178.961693892
2012-04-12,2.0346551519048,2.03095433869786,2.03546229781355,56585.1233578311,56482.2012623382,56607.5706264855
2012-04-13,4.13809881502806,4.12216267284409,4.14634821650583,115083.30131327,114640.106519064,115312.722696943
2012-04-14,3.44858622395469,3.43237907685603,3.45725357672772,95907.4940585917,95456.7624360867,96148.5389478884
2012-04-15,3.02655021885743,3.01577561102559,3.037746051105,84170.3899171268,83870.7408524066,84481.7535151446
2012-04-16,2.15811271055412,2.14440921300079,2.16320992310089,60018.560802544,59637.4573517883,60160.3176995151
2012-04-17,3.39783518396883,3.3942455498524,3.39982556960794,94496.0736242986,94396.243493823,94551.4275828373
2012-04-18,2.36789788824034,2.36720489745628,2.36897170709651,65852.8271876395,65833.5546495067,65882.6908096806
2012-04-19,2.84411723185236,2.84097911581577,2.84632073047589,79096.8062857409,79009.5331756635,79158.0870591998
2012-04-20,2.04396269639261,2.04274715091507,2.04514103239241,56843.9724077589,56810.1672733954,56876.7427216095
2012-04-21,3.00930451858922,3.00575251614289,3.01260829524905,83690.7754349601,83591.9918664499,83782.655677992
2012-04-22,5.45812942026504,5.43754724464355,5.47865931541115,151794.237101833,151221.833004056,152365.187244553
2012-04-23,5.2230906207976,5.20688764534162,5.23674527881358,145257.650570553,144807.034964226,145637.395761043
2012-04-24,3.51732084034599,3.50533742839051,3.53713849403067,97819.0498049371,97485.7830874229,98370.1920352853
2012-04-25,4.16628471794976,4.14166028239312,4.18947974447135,115867.170163126,115182.348107513,116512.239395513
2012-04-26,1.69958585404771,1.6918232573098,1.71017824194163,47266.6216279847,47050.7386103735,47561.2030341116
2012-04-27,2.33360529068267,2.33048069338344,2.33793190445293,64899.1270673784,64812.2299224472,65019.4530959357
2012-04-28,3.42801282925636,3.41410767906195,3.44585710897827,95335.3341641722,94948.6226183245,95831.5955421017
2012-04-29,3.09722442189914,3.0794071354275,3.11219587228463,86135.8868680906,85640.3761905414,86552.2529368643
2012-04-30,1.66870154267998,1.66532678674914,1.67569937974877,46407.7082308284,46313.8540067008,46602.3227695154
2012-05-01,3.29465564468173,3.28420269196878,3.30242188872269,91626.5814879536,91335.8778676561,91842.5659395072
2012-05-02,3.75124816135367,3.74118738088325,3.7637134119835,104324.725375362,104044.928327955,104671.392349328
2012-05-03,2.31019948288548,2.30134795145363,2.31848151973356,64248.1958664554,64002.0288452243,64478.5248616487
2012-05-04,3.70127694014346,3.68978692149938,3.71650857724862,102934.992223838,102615.447104976,103358.594259657
2012-05-05,2.13487316738953,2.13070776502034,2.14112147659176,59372.2535324807,59256.4109010279,59546.0231988811
2012-05-06,4.43278275816705,4.4099279215644,4.45714688524258,123278.659262985,122643.050940231,123956.241965284
2012-05-07,5.65413694681672,5.61469060442868,5.69207340614193,157245.337775383,156148.308557458,158300.376133439
2012-05-08,5.79854929440063,5.75877191790613,5.8396072874955,161261.541943829,160155.306445551,162403.392248006
2012-05-09,5.6253094960495,5.59266151995782,5.65537107206803,156443.627049992,155535.664954891,157279.659625707
2012-05-10,4.81145943065616,4.79138128898949,4.82713153763195,133809.911306099,133251.524730398,134245.763104214
2012-05-11,6.21620374333602,6.17822406371215,6.25239235575091,172876.792072005,171820.551728477,173883.221636115
2012-05-12,6.38404588504777,6.3408753272101,6.42891466814302,177544.594517304,176343.992371833,178792.425445304
2012-05-13,6.27044169333118,6.22588335711174,6.3166717895509,174385.185810511,173145.988618182,175670.875768826
2012-05-14,6.30094274021119,6.2489674272854,6.345836939216,175233.440365408,173787.972080173,176481.978126886
2012-05-15,6.33837072216238,6.30034520701851,6.38060346138766,176274.337626922,175216.822566865,177448.858408276
2012-05-16,5.30895924886165,5.27284137861459,5.33721851957915,147645.714664374,146641.252487361,148431.6239218
2012-05-17,4.4500846656401,4.43193183193528,4.46953836656092,123759.836905187,123254.994434207,124300.857365259
2012-05-18,4.33381460602582,4.31475816508064,4.35117614333319,120526.28862555,119996.316231636,121009.124613408
2012-05-19,3.79766465184426,3.77916214328831,3.81391274801315,105615.599083267,105101.031920332,106067.469526859
2012-05-20,3.88443303514504,3.86451846020694,3.90358395302762,108028.685973219,107474.848297859,108561.285834079
2012-05-21,1.9066995864209,1.90034806444891,1.91494156528027,53026.5933285782,52849.9532458797,53255.808284259
2012-05-22,3.17879010390977,3.16691747241186,3.18692660127102,88404.2831484216,88074.0973096753,88630.5645929485
2012-05-23,3.40826236547666,3.3997292069408,3.42037853633098,94786.0605301105,94548.7476724839,95123.0193615736
2012-05-24,3.08832291150336,3.08135953138785,3.09578724637222,85888.3298983778,85694.6736306536,86095.9180535219
2012-05-25,3.71753584665504,3.702993373682,3.73457017036094,103387.163310305,102982.727390863,103860.899268614
2012-05-26,3.42308585981672,3.41005372814334,3.43961485299578,95198.3118421037,94835.8795264047,95657.9942197991
2012-05-27,2.27485979354942,2.27226311004795,2.27832410086383,63265.3754220985,63193.1599136794,63361.7201302187
2012-05-28,4.3309892511572,4.3109315080522,4.35695874847382,120447.71361316,119889.89433513,121169.94273775
2012-05-29,3.83140143684462,3.8184032877557,3.84994630091671,106553.841683815,106192.354446565,107069.586782041
2012-05-30,4.45893048882855,4.43545328606473,4.48124731126978,124005.845176344,123352.928433551,124626.490964703
2012-05-31,1.73447993181681,1.72547707404835,1.74043462056278,48237.0493160252,47986.6738079572,48402.6532007584
2012-06-01,2.08520876862024,2.07865373101913,2.09300549278357,57991.0533186648,57808.7533299286,58207.8854428486
2012-06-02,2.28635717730657,2.27290008760866,2.2967856151187,63585.125369691,63210.8746865318,63875.1472141674
2012-06-03,3.12604749503649,3.10983712921409,3.1396657944078,86937.4758486614,86486.6547112921,87316.2098808772
2012-06-04,4.96651621363741,4.93198126512496,5.00447501127473,138122.144356623,137161.70429389,139177.803958109
2012-06-05,1.48279996187178,1.47102500664125,1.49133079943059,41237.6606811981,40910.1912849082,41474.9089908976
2012-06-06,1.4340839963632,1.43177365307752,1.43495060490181,39882.8370319827,39818.5848368641,39906.9379962242
2012-06-07,5.24915759995207,5.20368160423752,5.28865898851747,145982.590730383,144717.8728125,147081.150819392
2012-06-08,3.3658859097837,3.35224695981309,3.37851026200165,93607.5428974745,93228.2345582527,93958.6345932326
2012-06-09,2.37390586441723,2.36523990600679,2.38349620060818,66019.913031539,65778.9069204004,66286.6267082519
2012-06-10,2.38726686627466,2.3796882907671,2.39270975546668,66391.4914474581,66180.7261835899,66542.8618435989
2012-06-11,4.34218984807496,4.32157949396726,4.36817861216919,120759.209719849,120186.021959485,121481.974666436
2012-06-12,4.33514588170831,4.31351860619769,4.35870313996829,120563.312294473,119961.843268375,121218.455434266
2012-06-13,3.20584632708015,3.20012604008719,3.21152592068053,89156.7348473053,88997.6498324143,89314.6881516767
2012-06-14,4.78370603320546,4.76196082160109,4.81130653144345,133038.070723248,132433.321815344,133805.659076523
2012-06-15,6.31705466349185,6.27099820292105,6.35113209332652,175681.523749717,174400.662715166,176629.239911401
2012-06-16,4.30700554372324,4.27657200369714,4.33060383552375,119780.710636042,118934.333491994,120436.994946096
2012-06-17,3.2524907297025,3.23914346291405,3.26519787745225,90453.9469443365,90082.7505098906,90807.341239322
2012-06-18,2.59712679847387,2.58863669679732,2.60768737959721,72227.8368056587,71991.721388145,72521.5336441795
2012-06-19,3.37797234832777,3.36997878903486,3.38835634702535,93943.6748534636,93721.3686124113,94232.4608163821
2012-06-20,4.35664834622075,4.33061318042565,4.37850778503113,121161.310243067,120437.254834081,121769.235886122
2012-06-21,6.01116208737198,5.96774503214662,6.05515720287835,167174.446205012,165966.988801992,168397.979851852
2012-06-22,3.39805827597582,3.38362259761558,3.41730173305877,94502.2779625248,94100.8120728364,95037.4514005643
2012-06-23,3.40945949296915,3.39703133242396,3.42151967703908,94819.3534479666,94473.7179741115,95154.7552494345
2012-06-24,4.7651062766547,4.73876862536992,4.80004972816745,132520.799028403,131788.33129523,133492.599833343
2012-06-25,5.42823776383132,5.39198812894736,5.47373881110729,150962.930103648,149954.803463778,152228.344722244
2012-06-26,1.49959302288369,1.49096665596496,1.50764156796263,41704.686962298,41464.7819170772,41928.5223949099
2012-06-27,4.32848029518988,4.31091375833315,4.35420549940566,120377.937866259,119889.400703548,121093.373035994
2012-06-28,6.79649637172306,6.7309899519731,6.84037566426539,189015.11896744,187193.34153316,190235.431500027
2012-06-29,3.73550229129769,3.71816944151529,3.75191724653699,103886.822176553,103404.78400799,104343.333082717
2012-06-30,5.02896668679731,4.9967379021347,5.05761937086196,139858.933868201,138962.629767676,140655.784214469
2012-07-01,3.67511156588682,3.66161923429268,3.68905716226034,102207.315630274,101832.084846362,102595.152011469
2012-07-02,5.58719077465047,5.54802550360212,5.61706457913967,155383.519861515,154294.307425914,156214.330385158
2012-07-03,3.56632566578694,3.547875254388,3.57876712654564,99181.9068424598,98668.7885363752,99527.9122041662
2012-07-04,6.82418212524537,6.77937398626818,6.86248105324497,189785.078327309,188538.933952875,190850.197182119
2012-07-05,6.67833669589843,6.62720937147901,6.72565851896078,185729.019194612,184307.134038043,187045.070808073
2012-07-06,6.69074536122729,6.63892382004778,6.72591753512755,186074.112493436,184632.920703519,187052.274221258
2012-07-07,6.39927501623998,6.34056925388267,6.43740068308832,177968.126862005,176335.480267473,179028.427208082
2012-07-08,6.38674393509442,6.34666489785858,6.41867589392999,177619.629097278,176505.004211616,178507.678272627
2012-07-09,5.56112090602719,5.52409850596702,5.59386394164334,154658.49934362,153628.881586308,155569.105107803
2012-07-10,5.94003199093627,5.90453561015533,5.96816103178523,165196.270553231,164209.092414781,165978.558030736
2012-07-11,6.28891930496837,6.24590980575151,6.32303420061619,174899.06057345,173702.937576162,175847.818684506
2012-07-12,6.37826972393058,6.33443247953128,6.40768862348747,177383.955605572,176164.812460023,178202.114918181
2012-07-13,5.60547485468185,5.57157541613716,5.6389726225806,155892.012380795,154949.246276173,156823.607755564
2012-07-14,2.86686015209945,2.85883500157046,2.87739088755895,79729.3021396423,79506.1173251429,80022.1689502498
2012-07-15,2.63689528536096,2.62884835676641,2.64623577271162,73333.8250779974,73110.0346008995,73593.5902910187
2012-07-16,5.58676836859999,5.55435235892749,5.62330514083119,155371.772466163,154470.261512638,156387.884588094
2012-07-17,3.58985180247327,3.57254136873541,3.60507595672244,99836.1844704317,99354.769707091,100259.578403011
2012-07-18,6.21563124890077,6.18496319360583,6.24786959900601,172860.870618087,172007.971447245,173757.440739982
2012-07-19,5.93716570725717,5.89411472789897,5.97061899230667,165116.557283192,163919.280695374,166046.915560111
2012-07-20,3.55639516937183,3.53534913941779,3.57959494818089,98905.7330819443,98320.4288843133,99550.9344786313
2012-07-21,5.25156396247973,5.22836140246627,5.27791423773285,146049.513284971,145404.234541126,146782.332099164
2012-07-22,6.29788852611328,6.24694088971052,6.34549985574482,175148.500624475,173731.612712073,176472.603609646
2012-07-23,5.7495199077142,5.72271643115084,5.76833837481095,159898.001841609,159152.579195252,160421.356023313
2012-07-24,4.47344707321441,4.44900100785944,4.4973004945353,124409.561116826,123729.699656062,125072.940749824
2012-07-25,5.53024123817732,5.49510879046175,5.55656617521171,153799.715085807,152822.658169805,154531.829227156
2012-07-26,5.79317630404874,5.74505843425086,5.82965645724095,161112.115481277,159773.925274607,162126.652989789
2012-07-27,5.23666485803719,5.20534434129182,5.26413951901764,145635.159205356,144764.114644311,146399.247940166
2012-07-28,6.22252145640483,6.18659927537354,6.25874259649253,173052.491906448,172053.471977673,174059.826086938
2012-07-29,6.30651547967099,6.26417120490992,6.33891091501802,175388.421984519,174210.799325165,176289.360752263
2012-07-30,5.7871897461189,5.74771974114669,5.82731813725201,160945.625293182,159847.938002933,162061.622743803
2012-07-31,6.09658067016213,6.05991742599279,6.13587680684272,169549.994238156,168530.364846866,170642.846134692
2012-08-01,5.89814294505481,5.86876364998849,5.93272610344638,164031.308114105,163214.250228921,164993.088925884
2012-08-02,2.93620850926504,2.92565772188246,2.94646890904968,81657.926428237,81364.5019602101,81943.2750225533
2012-08-03,5.25003489122383,5.22308319827829,5.27493977652612,146006.988788593,145257.444145316,146699.610339583
2012-08-04,5.90769910124112,5.86612671857558,5.940754277556,164297.071221982,163140.915399111,165216.357828187
2012-08-05,5.98862765410827,5.94785822973468,6.02110071255976,166547.748513842,165413.923499197,167450.846032143
2012-08-06,4.37551500910653,4.35297561445954,4.40590473586434,121686.004781963,121059.1691114,122531.163449658
2012-08-07,5.86378959385525,5.82602319512158,5.89760225894531,163075.918394347,162025.609535313,164016.271271043
2012-08-08,3.99590309931324,3.96941585724474,4.02519730418369,111128.743162644,110392.115209523,111943.434632455
2012-08-09,5.45838681461627,5.42264900820415,5.48822971253587,151801.395411241,150807.503064189,152631.346402472
2012-08-10,5.71030939537466,5.67188189706727,5.74681457248246,158807.531215381,157738.836734146,159822.764655755
2012-08-11,5.50685587727757,5.47120454802266,5.54222647184346,153149.352526805,152157.86516745,154133.032466316
2012-08-12,5.56143316247056,5.51350603134218,5.60456557922209,154667.183404578,153334.297768136,155866.724820882
2012-08-13,5.44334064328566,5.40889098890162,5.48008349945116,151382.951302908,150424.883327049,152404.794757164
2012-08-14,5.36873109801974,5.32412635861601,5.40484188817329,149308.009847304,148067.522151323,150312.275122171
2012-08-15,4.30294037646915,4.27926553718454,4.33085967172758,119667.655610316,119009.242463428,120444.109922381
2012-08-16,5.71814760016416,5.66063320661816,5.76270844694006,159025.516943578,157426.003114119,160264.783956164
2012-08-17,5.68717431837588,5.65105690495159,5.73278143812558,158164.129219399,157159.679746934,159432.493784577
2012-08-18,5.59222708236546,5.55591900554881,5.63723508082349,155523.582954297,154513.831005111,156775.285554834
2012-08-19,4.94694854201035,4.90077072926451,4.98466698691649,137577.95429483,136293.718374963,138626.929525783
2012-08-20,4.67031109663437,4.64526674196996,4.69749123174686,129884.481542289,129187.981254869,130640.379315326
2012-08-21,2.05597030745869,2.04047181819975,2.07350944310162,57177.9121187565,56746.8887457019,57665.6872353483
2012-08-22,5.24789991807377,5.22001095091762,5.28121392750275,145947.613754476,145172.00288726,146874.098683048
2012-08-23,5.05773091719904,5.02186922066484,5.09513733055058,140658.886392859,139661.548578484,141699.183817162
2012-08-24,3.38581071410473,3.36937282510748,3.40188960968989,94161.6650588297,93704.5163494865,94608.8299207927
2012-08-25,5.28952752721343,5.24676667042813,5.33094180411317,147105.305462603,145916.097377971,148257.064258168
2012-08-26,4.72557120625652,4.67546465076456,4.77754894210664,131421.302225052,130027.805336454,132866.837893436
2012-08-27,4.71949650427557,4.6853880079483,4.75658687852749,131252.360691823,130303.780550161,132283.868856963
2012-08-28,4.83873168012968,4.80296218631801,4.8776318905816,134568.370841249,133573.597246379,135650.211764025
2012-08-29,4.5113576393218,4.48524893053206,4.53524724900856,125463.879367142,124737.778678188,126128.265422848
2012-08-30,5.08519592177934,5.04410496352471,5.12045385445528,141422.706576709,140279.939489347,142403.253313557
2012-08-31,4.85069328508083,4.81188060975037,4.89401742529067,134901.031091358,133821.624578974,136105.904465527
2012-09-01,4.86536872756935,4.83514351168556,4.89390620588438,135309.164982139,134468.581472102,136102.811379301
2012-09-02,4.66979672756141,4.64166507312822,4.70314131295564,129870.176593651,129087.816430617,130797.511860309
2012-09-03,4.49472787065217,4.46029713686961,4.52856347909271,125001.394355516,124043.852574265,125942.385302165
2012-09-04,4.68316724808616,4.656451606475,4.71638480545271,130242.019730088,129499.039832617,131165.822262164
2012-09-05,3.88970584346818,3.86546372919773,3.92102329682133,108175.326306412,107501.136861992,109046.285672465
2012-09-06,2.63382537504403,2.62373874777765,2.65214760502354,73248.448814694,72967.9329505691,73758.0023095996
2012-09-07,4.73062813786016,4.68999196438042,4.76825281144433,131561.938881999,130431.819664013,132608.306269645
2012-09-08,4.67178438133622,4.64172967217281,4.70671640693396,129925.454577212,129089.61297334,130896.937619799
2012-09-09,2.91079744375019,2.89579443260459,2.92999012703321,80951.227666304,80533.9838716402,81484.98905094
2012-09-10,1.90979264416894,1.89566750476865,1.91879475294556,53112.6133374537,52719.7837443585,53362.9680155566
2012-09-11,4.06188368674283,4.03995335476162,4.08806422913875,112963.707517872,112353.810288224,113691.805947554
2012-09-12,4.40882547865799,4.37871982297881,4.44274188966465,122612.39126417,121775.132803551,123555.629384335
2012-09-13,4.38964399540169,4.34913225183335,4.43296534306692,122078.941359783,120952.282621024,123283.737071415
2012-09-14,4.10473922545831,4.06818652816394,4.1424741448066,114155.548770435,113138.993761825,115204.982166666
2012-09-15,3.10569190113132,3.0922304017249,3.12705399336644,86371.3731402651,85996.9998201572,86965.4672417517
2012-09-16,4.2003367311286,4.17651449711513,4.23396113463133,116814.179470577,116151.667177499,117749.29666636
2012-09-17,4.02084477455207,3.99094837295208,4.05712172578468,111822.387866425,110990.948901986,112831.274192259
2012-09-18,4.09380207182377,4.05957616300451,4.13195214264699,113851.379198007,112899.533736255,114912.358234981
2012-09-19,3.84741410269271,3.81468742602002,3.88295219938499,106999.164652405,106089.013841403,107987.502938307
2012-09-20,3.963290690978,3.93895233997517,3.99594338866791,110221.770230686,109544.904378244,111129.863636598
2012-09-21,3.90337706330272,3.87593574313804,3.93915334644252,108555.532092176,107792.370587797,109550.494502811
2012-09-22,2.85400130545095,2.83376279564646,2.87927852048119,79371.6889966172,78808.8424755281,80074.6652868695
2012-09-23,2.10847578420869,2.09252411845526,2.12483636124692,58638.1246152471,58194.4981001713,59093.1232271971
2012-09-24,2.92994476885351,2.91257911370762,2.95308236649982,81483.7276095643,81000.7771018581,82127.1997064425
2012-09-25,2.60058107002538,2.58485553530736,2.61765616063315,72323.9024124868,71886.564753054,72798.7721256578
2012-09-26,2.92226110270455,2.90819228989418,2.94432750177731,81270.0397045292,80878.7765916485,81883.7210511823
2012-09-27,3.5663993747095,3.54209830700586,3.59227869279533,99183.9567369943,98508.1277580884,99903.6779167394
2012-09-28,3.5073943654309,3.4855902211772,3.53862116386518,97542.9878850325,96936.6000206553,98411.4260770376
2012-09-29,2.85988636459148,2.84315818724558,2.8799618729621,79535.356435359,79070.1346124946,80093.6697773321
2012-09-30,3.41761400732284,3.39940119757353,3.44229165256373,95046.1359571277,94539.6255121549,95732.4378097191
2012-10-01,3.17808310867625,3.15262566852398,3.20226225659216,88384.6211371639,87676.632665485,89057.0594450651
2012-10-02,2.64894168168127,2.62710152107885,2.66690658805376,73668.8434329082,73061.4539297358,74168.4595188321
2012-10-03,2.04730012714738,2.03749071882152,2.05572533490023,56936.7885937252,56663.9823741225,57171.0992677303
2012-10-04,3.31039302878647,3.29838791409768,3.32996675606963,92064.2486867724,91730.3784017002,92608.6071604201
2012-10-05,3.09606772024326,3.08341989784617,3.11237734764515,86103.7182198434,85751.973802674,86557.2998882613
2012-10-06,2.79391316335984,2.77590460756055,2.81285203183037,77700.5974952465,77199.7674895105,78227.3001198457
2012-10-07,3.00099148248018,2.98413621330404,3.02766003892429,83459.5843295445,82990.8279977072,84201.2547569644
2012-10-08,1.71569255608299,1.70846880454212,1.72446833601059,47714.5598059611,47513.6624344022,47958.620127092
2012-10-09,2.96810516228174,2.95092857780372,2.99183444287851,82544.9937251017,82067.3013993798,83204.9209213657
2012-10-10,2.85106886801719,2.83530593335189,2.87700930347161,79290.1359463261,78851.7581692948,80011.5568410511
2012-10-11,2.94960062995652,2.93069305637853,2.97461639663414,82030.3702797863,81504.5379871219,82726.075516135
2012-10-12,2.32703136014509,2.31162661515404,2.34331462169049,64716.3016534174,64287.8853712783,65169.1500696966
2012-10-13,0.917921314842981,0.916642917604223,0.91950904134446,25528.0069374639,25492.453853499,25572.1626755312
2012-10-14,0.539783857645588,0.538708649039073,0.541466682744164,15011.7508329837,14981.8485610542,15058.5513267693
2012-10-15,1.14969020382651,1.14801032213466,1.15359244930351,31973.6550667612,31926.9364310894,32082.1791286802
2012-10-16,1.02294323685451,1.01752562052718,1.02674658956956,28448.7369721017,28298.0694312655,28554.5107600347
2012-10-17,2.24194160667145,2.23560145818995,2.25332119208472,62349.8985839412,62173.5748056358,62666.3724806446
2012-10-18,2.20903259532274,2.1981340633551,2.22443106095385,61434.676923402,61131.5814454135,61862.9185723329
2012-10-19,0.632067363692561,0.630244994859386,0.634304372425939,17578.2169826271,17527.5356840629,17640.4296946988
2012-10-20,1.56448088107288,1.55816831876435,1.57062141125767,43509.2617850257,43333.7051966781,43680.0340447196
2012-10-21,1.20752813169865,1.20520060608492,1.21184351732113,33582.1666026561,33517.4365554792,33702.1803688984
2012-10-22,0.952267711436438,0.950310164770456,0.955476127569058,26483.2032449652,26428.7625602773,26572.4314478268
2012-10-23,1.14434583844211,1.14185424727804,1.14892764406783,31825.0246837392,31755.7318636541,31952.4477688209
2012-10-24,1.30983576140793,1.30452830100883,1.31595633379163,36427.4103493063,36279.8063186581,36597.6275691768
2012-10-25,1.1735466210998,1.16978749097908,1.17857066342107,32637.1180192038,32532.5740912561,32776.8400031664
2012-10-26,0.931722169628624,0.927671457086937,0.935111665090504,25911.8179580971,25799.1649276099,26006.082098461
2012-10-27,0.483551249460253,0.482204103985613,0.484800763103643,13447.8843134308,13410.4192949523,13482.6341252514
2012-10-28,0.472495143792138,0.471032430154387,0.472910264399051,13140.4066052296,13099.7275586836,13151.951387513
2012-10-29,0.819780491411401,0.818070030521474,0.821833155938342,22798.644865903,22751.075802239,22855.7308420501
2012-10-30,0.405969147692258,0.405481557897237,0.407017389915487,11290.2740693597,11276.7138703877,11319.4263880977
2012-10-31,1.05682027233642,1.05481193825588,1.06126362118321,29390.8800325348,29335.0269158115,29514.4525418035
2012-11-01,0.737245877818014,0.736158953782151,0.739583836726012,20503.3019488978,20473.0738630267,20568.3221529805
2012-11-02,0.814546516855692,0.812703420191184,0.817404393477124,22653.0845258084,22601.8267723636,22732.5639899396
2012-11-03,0.56212725699797,0.560622737101905,0.563239624710049,15633.1357430527,15591.2940364454,15664.0714346112
2012-11-04,0.746960376588809,0.746217587790576,0.747811090850887,20773.4686701677,20752.8112158873,20797.127603927
2012-11-05,1.5095186040445,1.50100534643429,1.51398435117056,41980.7240262971,41743.9646267497,42104.9194467231
2012-11-06,1.21540567802126,1.21159151214788,1.21833999812509,33801.2464452548,33695.1719361417,33882.8518538621
2012-11-07,1.59303238062142,1.58442355484156,1.59966827148993,44303.2981220887,44063.8809076957,44487.8466943774
2012-11-08,0.398424792957027,0.397737536116857,0.398915539126605,11080.4605081041,11061.3474347938,11094.1084879679
2012-11-09,0.941052118809473,0.937080020538028,0.944597478383198,26171.2900975535,26060.8233826074,26269.8889233247
2012-11-10,1.28164203935478,1.27789290159305,1.28696405041863,35643.3240441648,35539.0580104173,35791.3327385512
2012-11-11,0.635414877266584,0.631814448226103,0.637517210165935,17671.3135785543,17571.1832340062,17729.7808654248
2012-11-12,0.463744406610078,0.462484983219688,0.464770016230558,12897.0427396353,12862.0173311094,12925.565630523
2012-11-13,0.661066781345621,0.659955334522126,0.662188218832126,18384.7102223623,18353.8001413324,18415.898150426
2012-11-14,0.925462912450523,0.922086726192964,0.927330811880882,25737.7438211508,25643.8498186786,25789.6913561362
2012-11-15,1.3231458312906,1.31927016598229,1.32775676025914,36797.5723128739,36689.7874632601,36925.8053376374
2012-11-16,0.889744112257005,0.8875548407101,0.892618166575487,24744.3800497757,24683.4949408522,24824.3094265038
2012-11-17,0.791099216676879,0.787603726073681,0.793701868760679,22000.9993939451,21903.7874576654,22073.3808926386
2012-11-18,0.773332022732629,0.769039541647993,0.776012671433223,21506.8818231534,21387.5050474586,21581.4324600317
2012-11-19,0.241064506388225,0.239599702418914,0.241699733333028,6704.16547905048,6663.42829898294,6721.83156610127
2012-11-20,0.373157514271225,0.37307294654769,0.373256225084932,10377.7605542498,10375.4086691828,10380.505768133
2012-11-21,0.478007878342438,0.476969753575118,0.479009823908422,13293.7194475929,13264.8485020842,13321.5842252659
2012-11-22,0.745290112677164,0.742199491062867,0.747020613277725,20727.0175114089,20641.0652530453,20775.1438928558
2012-11-23,0.514267098321228,0.511586864917838,0.516011235701746,14302.1126553745,14227.5735681898,14350.6182848111
2012-11-24,0.975704834073934,0.971091148726667,0.978134233835736,27135.0053325837,27006.6956510807,27202.5685680923
2012-11-25,0.885422188349086,0.881024874184913,0.88919539965938,24624.1844494334,24501.8921955397,24729.1199847
2012-11-26,1.04641811238082,1.0430050134732,1.05191000420081,29101.5889928594,29006.668424851,29254.3221849245
2012-11-27,0.629223569220596,0.624624719379488,0.632426245297792,17499.1291525101,17371.2320563758,17588.1977205835
2012-11-28,1.12704171329837,1.12350306078961,1.13152053098866,31343.7853666288,31245.3730688293,31468.3442882057
2012-11-29,0.484851060900821,0.482806441946688,0.485336284160879,13484.0329406995,13427.1707173241,13497.5273247482
2012-11-30,0.281857904302472,0.281732897365297,0.281889838746695,7838.65721392838,7835.18068722851,7839.54533222403
2012-12-01,0.41933089701576,0.418379636717541,0.419651587208961,11661.8732728115,11635.4180864032,11670.7918820042
2012-12-02,0.243392332446692,0.24296854221107,0.243727828290398,6768.9038817968,6757.11799132881,6778.23424605258
2012-12-03,0.378681223459758,0.378370997632906,0.379170772584809,10531.3786086574,10522.7510205058,10544.9932979107
2012-12-04,0.399930823984939,0.398694366498752,0.400580297166357,11122.3442403008,11087.957528962,11140.4065247394
2012-12-05,0.789952908492871,0.786084603602681,0.79270515777958,21969.119795116,21861.5396436627,22045.6616922793
2012-12-06,0.438288747545097,0.437877720922567,0.438684059720293,12189.1038011875,12177.6728753535,12200.0976977097
2012-12-07,0.290749517871191,0.290245556391723,0.291074613646207,8085.93894624803,8071.92343975959,8094.98007762361
2012-12-08,0.665627415350461,0.663000012509434,0.66837583806831,18511.5445104785,18438.4746766391,18587.9799881973
2012-12-09,0.36993536947927,0.36785303433306,0.371787284360452,10288.1505481715,10230.2394122179,10339.6535421318
2012-12-10,0.710445313698033,0.7098271981675,0.711511261238549,19757.9602995432,19740.770092391,19787.6050150207
2012-12-11,0.267845330435802,0.266775108971548,0.26833693458695,7448.95814376215,7419.19456760119,7462.6299846684
2012-12-12,0.453149443711635,0.45238489755082,0.454155772624168,12602.3897209069,12581.1271797918,12630.3764023851
2012-12-13,0.367865112370794,0.367393784585248,0.368175402493121,10230.5753105417,10217.4673689516,10239.2046867936
2012-12-14,0.522011694865688,0.519686933849335,0.523497936973054,14517.4950755426,14452.8419136716,14558.8284645969
2012-12-15,0.555694735314843,0.553512756092608,0.557324267027917,15454.2430041034,15393.5606996161,15499.5613731221
2012-12-16,0.462497976720097,0.461875111148602,0.463313695124084,12862.3786890637,12845.0563800889,12885.064364556
2012-12-17,0.284551727290429,0.283354462678932,0.285382412492569,7913.57423656732,7880.27750533989,7936.67614874669
2012-12-18,0.589786037640657,0.58757205372068,0.591173422360857,16402.3449690626,16340.7725924822,16440.9290679276
2012-12-19,0.601249384441742,0.599498227353777,0.602615979300626,16721.1483260962,16672.447473891,16759.1542449851
2012-12-20,0.184865883131277,0.183796038415106,0.185586640384935,5141.24410313198,5111.4910045877,5161.28884539267
2012-12-21,0.44480645919278,0.443104542657609,0.445542854306172,12370.3657301437,12323.0342907117,12390.8453717638
2012-12-22,0.328618179157671,0.327664951502161,0.330064647451131,9139.09179541038,9112.58189547741,9179.31904804434
2012-12-23,0.648391068063642,0.644325625418699,0.651656058311921,18032.1901409923,17919.1274564618,18122.9917079252
2012-12-24,0.566742157735259,0.565252349994942,0.568830570915064,15761.4792253668,15720.0466736705,15819.559395508
2012-12-25,0.617837894483126,0.613406176541942,0.621530785159065,17182.4859076198,17059.2368616307,17285.1876722158
2012-12-26,0.628442623016586,0.625878616471307,0.631128257864717,17477.4105152028,17406.1037748349,17552.0998201856
2012-12-27,0.460398215711316,0.45896485562428,0.461616078697703,12803.9829281935,12764.1202235651,12837.8525140313
2012-12-28,0.72569773603399,0.724404985919373,0.726961086646749,20182.1403865609,20146.1881394993,20217.2750137729
2012-12-29,0.499398670790299,0.498262252132107,0.500207555997976,13888.61172123,13857.0071567416,13911.1073609534
2012-12-30,0.472844328739742,0.471468934243569,0.47400180248109,13150.1176726389,13111.8670299397,13182.3077931005
2012-12-31,0.531585357056056,0.530645379685224,0.532827254835234,14783.7450371251,14757.6036364891,14818.283046658
2013-01-01,0.447016775102589,0.445569765856074,0.44837693833979,12431.836096903,12391.5938000021,12469.6631480826
2013-01-02,0.569152825518863,0.56733502986204,0.571802747882696,15828.521512008,15777.967396543,15902.2176288687
2013-01-03,0.716080357868909,0.713485880426839,0.720233268892813,19914.6746544241,19842.5204979956,20030.1698931931
2013-01-04,0.517528837318789,0.515507948714366,0.518545234989165,14392.8238028459,14336.6215363996,14421.0905032276
2013-01-05,0.631722345654407,0.629134276452399,0.633416039661683,17568.6217997621,17496.6458607844,17615.7245651828
2013-01-06,0.388915110965236,0.388380450708205,0.389327110092681,10815.9898787222,10801.1206186561,10827.4478505697
2013-01-07,0.233962556732639,0.233370921535714,0.234691963367261,6506.6554995504,6490.20172822236,6526.94078689233
2013-01-08,0.569750772856373,0.56867628267926,0.5716153253512,15845.1508281959,15815.2685362695,15897.0052826612
2013-01-09,0.313433342278145,0.312478199426997,0.313649350782031,8716.79130523044,8690.22814242324,8722.79864648791
2013-01-10,0.280796083069397,0.279213989267198,0.282709389822178,7809.12725382618,7765.12816490082,7862.3375968792
2013-01-11,0.928195512922733,0.923333326901223,0.93115653427162,25813.7392716147,25678.518619821,25896.0872597419
2013-01-12,0.994082860483123,0.989910114332938,0.99979780673865,27646.1105635924,27530.0636966685,27805.0470489962
2013-01-13,0.93672547375607,0.933934377651672,0.939821118420237,26050.9631989913,25973.3409457937,26137.0551517381
2013-01-14,0.648237095563055,0.644484999379972,0.650174984560267,18027.9080625619,17923.5597531339,18081.802054307
2013-01-15,0.712095425276112,0.7098700792787,0.714194396033642,19803.8510083999,19741.9626448315,19862.2247918531
2013-01-16,1.08980922197618,1.08776403042788,1.09238423365056,30308.324830521,30251.4466829182,30379.9376309047
2013-01-17,1.16072554181802,1.15902410178539,1.16361966636421,32280.5552119581,32233.237024381,32361.0427551694
2013-01-18,1.06388484581062,1.06206803289803,1.06570788518934,29587.3505553817,29536.8237706927,29638.0505022669
2013-01-19,1.2660760992195,1.26327576976833,1.27087838470089,35210.424817035,35132.5457782757,35343.9795946638
2013-01-20,1.30398285230363,1.29763079513399,1.31098702696169,36264.6370246184,36087.9820577146,36459.4278159105
2013-01-21,1.27575042974612,1.27182196497333,1.28032645107522,35479.4744325144,35370.2211944081,35606.7366524306
2013-01-22,1.03949075107687,1.03647169547714,1.0429082808187,28908.9344324237,28824.9724728873,29003.9782249011
2013-01-23,1.09727283333946,1.0933645415334,1.10129212160192,30515.8928644903,30407.2006501082,30627.6719647123
2013-01-24,1.05736624811745,1.05631563838816,1.05925465609426,29406.0639849068,29376.8458242387,29458.5818763135
2013-01-25,0.446000141078503,0.444702055011422,0.446985016912745,12403.5628233663,12367.4621798906,12430.9528803598
2013-01-26,0.698544475492149,0.695562615414557,0.700203339959953,19426.9900133446,19344.0624862064,19473.1241459305
2013-01-27,0.880353749105588,0.87923455099829,0.88183116166013,24483.2277573097,24452.1021078825,24524.3155905825
2013-01-28,0.854676780366995,0.852865714994364,0.85639921334982,23769.1340485216,23718.7671067706,23817.0360641125
2013-01-29,1.13272449650762,1.12978482806502,1.13818215118483,31501.8273761606,31420.0732266674,31653.6084103399
2013-01-30,0.810882646774369,0.805606754541828,0.812896168861987,22551.1898433976,22404.4637446179,22607.1872420747
2013-01-31,0.458018443993745,0.456995781099665,0.458924602111552,12737.7998818546,12709.358941403,12763.0007463991
2013-02-01,1.3107224857017,1.30725632155126,1.31222773457368,36452.0707461802,36355.6743982057,36493.9327260961
2013-02-02,1.77398578549767,1.77131238691054,1.77783565732387,49335.7335828874,49261.3845765234,49442.8010984775
2013-02-03,1.21696601101408,1.2130294392987,1.2189782490414,33844.6403514875,33735.1616538748,33900.6020395873
2013-02-04,0.959720565666744,0.957812602746899,0.961527511911777,26690.4721158571,26637.4103883794,26740.7245019091
2013-02-05,1.00349016070224,1.00159551479998,1.00497505164903,27907.7338872621,27855.0425149682,27949.0296996352
2013-02-06,1.18394904829299,1.18002184324293,1.18574381089527,32926.4164909357,32817.1982865629,32976.3300417174
2013-02-07,1.32017155675265,1.31652875686898,1.32659207446206,36714.8557446769,36613.5470385837,36893.4146450724
2013-02-08,1.48386453956151,1.47710170239583,1.49026906633149,41267.2673002072,41079.1882663176,41445.3814818605
2013-02-09,1.17905394399403,1.17548353974772,1.1839668674349,32790.2803597849,32690.9850248848,32926.9120532141
2013-02-10,1.83625194416062,1.83166809987818,1.8446059277628,51067.3971847821,50939.9174032908,51299.7270674241
2013-02-11,0.898750359813146,0.894799576649824,0.902032728208047,24994.8498301108,24884.9759026066,25086.1346949478
2013-02-12,0.663536596883072,0.661909272240766,0.66561649832656,18453.3974476775,18408.1404587761,18511.2409007274
2013-02-13,1.49910722049873,1.4898863167249,1.50155054147098,41691.1764723975,41434.7369587904,41759.1268660983
2013-02-14,1.93339635134168,1.92482833398412,1.94016385693939,53769.0482526389,53530.765947819,53957.2571187518
2013-02-15,1.77969829354885,1.77184443872868,1.78543727546174,49494.602260194,49276.1812941558,49654.2071933374
2013-02-16,0.878284058575492,0.876297823885179,0.879740285090437,24425.6682766043,24370.4297587338,24466.1669119176
2013-02-17,1.23063770371911,1.22604554398734,1.23349774829075,34224.8592880971,34097.1482483872,34304.3990443765
2013-02-18,2.01903076480803,2.01261419545748,2.02729478509133,56150.5986815321,55972.1495876425,56380.4266239843
2013-02-19,1.69658524192057,1.69108280453973,1.70329334147991,47183.1725937816,47030.146122602,47369.729338155
2013-02-20,1.41246881566919,1.40661660874559,1.41840987214544,39281.7043708399,39118.9505742677,39446.9291330161
2013-02-21,0.950589438699128,0.94566555635812,0.953799212001117,26436.5293553973,26299.5928876108,26525.7953020485
2013-02-22,0.817937943918477,0.816373975185471,0.819207308890804,22747.402385288,22703.9073666839,22782.7042758702
2013-02-23,1.35422850548997,1.34823274455743,1.35748895414516,37662.002313317,37495.2561835494,37752.6775755025
2013-02-24,1.16213816276754,1.15945711598182,1.16466770985935,32319.8411472732,32245.2794393809,32390.1895471461
2013-02-25,1.16431815232462,1.1617901217682,1.16651729747462,32380.4681178391,32310.1618938319,32441.6278182818
2013-02-26,1.57585644884147,1.56993453483576,1.58002695832059,43825.6239483378,43660.9315510962,43941.6086119405
2013-02-27,1.59720354581808,1.59058324109826,1.60157250715321,44419.3010216356,44235.1859105876,44540.8047643522
2013-02-28,1.24687499540975,1.24346250767607,1.24983511198254,34676.4292519075,34581.5256810557,34758.752077605
2013-03-01,0.914688038225906,0.911712651299613,0.915534310418026,25438.0873478687,25355.3398434063,25461.6227446855
2013-03-02,1.50890768754599,1.50863707920825,1.50896467009306,41963.7340290499,41956.2082298215,41965.3187518726
2013-03-03,1.20647184512935,1.20019058627449,1.21166328791692,33552.7905652627,33378.1045469406,33697.1680683812
2013-03-04,2.02817231921924,2.01815122949995,2.03624968166234,56404.8314361865,56126.1382151681,56629.4682990088
2013-03-05,2.69638993154755,2.67753312938517,2.71145884115834,74988.4110605148,74463.9907549445,75407.4875356594
2013-03-06,1.69637320379067,1.68859012587297,1.70366601453641,47177.2756712855,46960.823058338,47380.0936256138
2013-03-07,2.10176322187299,2.09513266238786,2.10784015976137,58451.4437580724,58267.0434551284,58620.4474733849
2013-03-08,2.52531768963084,2.51715298266777,2.53580124740688,70230.7773637701,70003.7113913113,70522.3321313832
2013-03-09,2.83144236331257,2.81978072718935,2.84068632878549,78744.3096972174,78419.9917812458,79001.3905721318
2013-03-10,2.07297028072683,2.06565453308302,2.07884854383122,57650.6927683701,57447.2369235346,57814.1712047923
2013-03-11,2.65995142753671,2.64588767513277,2.66622503400957,73975.0318436498,73583.9094640631,74149.5050440999
2013-03-12,1.10751557401734,1.09879023806873,1.11263900649962,30800.7503472129,30558.0929069442,30943.2364381624
2013-03-13,1.54500790738382,1.54490580794817,1.54516837662248,42967.7053363529,42964.8658826226,42972.1680934231
2013-03-14,1.38833311794807,1.38813651232363,1.3885953454284,38610.4744419753,38605.0067077986,38617.7671639427
2013-03-15,2.17645452896783,2.17082419768853,2.17867370906695,60528.6590649327,60372.0757787252,60590.3759507374
2013-03-16,1.20800610064836,1.20521193809039,1.21001314001581,33595.4592394721,33517.7517061458,33651.2763493567
2013-03-17,1.78975661860539,1.77818136025751,1.7962770970942,49774.3310208958,49452.4153287449,49955.669897558
2013-03-18,1.72398525587196,1.71636572929152,1.72835581229218,47945.1853446864,47733.2812040369,48066.7334477882
2013-03-19,3.50392408003863,3.48251895653393,3.52013488496439,97446.4769225606,96851.1860926287,97897.3102716888
2013-03-20,2.0580495362215,2.04246112267991,2.06207149082579,57235.7368641058,56802.2126364854,57347.590117081
2013-03-21,2.04665853059381,2.03919879532578,2.05280091168014,56918.9453635859,56711.4851264232,57089.7690980922
2013-03-22,2.53979054359664,2.5299260107299,2.5483448597492,70633.2771319633,70358.9378619355,70871.1783970898
2013-03-23,2.94402361169289,2.93058266782552,2.95578549350037,81875.2696642738,81501.4680074825,82202.3754799071
2013-03-24,3.21302086304384,3.19818028426737,3.22939326024764,89356.2635006796,88943.53705906,89811.5908393556
2013-03-25,4.15256062675534,4.12513117194282,4.17544347269062,115485.49398941,114722.662468426,116121.881270475
2013-03-26,4.20728253612118,4.18817937348507,4.22927222756553,117007.346962354,116476.075206903,117618.895018452
2013-03-27,3.45203771134921,3.43116477461082,3.4613599940132,96003.4822361482,95422.9918768475,96262.7411646326
2013-03-28,2.58173685332974,2.58137123620507,2.58229766745325,71799.8321171809,71789.6640599147,71815.4287338015
2013-03-29,2.64265644313193,2.63294542303076,2.64540136822731,73494.0467366158,73223.9767594795,73570.3849431097
2013-03-30,3.84591567262118,3.83457512375043,3.85623065567253,106957.492307899,106642.104043605,107244.358899443
2013-03-31,4.38298970905181,4.36641593492833,4.39773557825602,121893.881196829,121432.953431058,122303.973701772
2013-04-01,4.42773666059661,4.40523569742434,4.44390198590768,123138.323907762,122512.557042266,123587.892438326
2013-04-02,3.72001447162769,3.70411842073075,3.72679847732141,103456.095531917,103014.015703272,103644.763276758
2013-04-03,2.61651601622894,2.61550311417113,2.61757917135397,72767.0639456758,72738.8944606221,72796.6310022071
2013-04-04,2.31651779640434,2.31121527696182,2.31800598873767,64423.9123998166,64276.4457804825,64465.300025962
2013-04-05,1.7831329417359,1.7824426903666,1.78387429425696,49590.1221281055,49570.9257749333,49610.7396385551
2013-04-06,2.11535336139263,2.11274005781232,2.11627254428004,58829.394645941,58756.7169219912,58854.9577380571
2013-04-07,1.64886063371242,1.63933568772446,1.65332901937372,45855.919255478,45591.024124133,45980.1880553375
2013-04-08,3.01116466056771,2.99651522477162,3.02243749022641,83742.5072300101,83335.0966027752,84056.0121776333
2013-04-09,3.64080187748664,3.61653408240123,3.66519035767424,101253.140202229,100578.236557135,101931.400180896
2013-04-10,1.15026705948042,1.14141866035344,1.15334148694135,31989.6978090932,31743.6178993595,32075.1996971987
2013-04-11,2.43613165295852,2.42554312615519,2.44020400158255,67750.453913295,67455.9798866852,67863.7086577323
2013-04-12,2.87377281817181,2.85741930011439,2.88242813186514,79921.548015839,79466.745718876,80162.2580902607
2013-04-13,2.34409358086967,2.33231120511682,2.34806966501978,65190.8134465118,64863.137680523,65301.391011415
2013-04-14,3.42091522288244,3.40415410483013,3.43464354863308,95137.9449742458,94671.8070482602,95519.7389138082
2013-04-15,3.50293422054257,3.49541310260054,3.5094677881619,97418.9482665922,97209.7809361281,97600.6511607461
2013-04-16,3.15266319234752,3.14134717336722,3.1610036735994,87677.6762281655,87362.9701565638,87909.6306013964
2013-04-17,4.80403208496028,4.78404864463168,4.83054353173708,133603.351844644,133047.598976622,134340.652946925
2013-04-18,4.03120297161576,3.99577645117258,4.04582524018587,112110.456268614,111125.220992975,112517.111357087
2013-04-19,2.21638226892266,2.21379112564862,2.21805719570834,61639.0762718134,61567.0148408322,61685.6571082242
2013-04-20,2.99215836282414,2.97857754144096,2.99444802702823,83213.9293521378,82836.2376078891,83277.6064481389
2013-04-21,2.37820328723618,2.36560599096539,2.38384773813473,66139.4272401767,65789.0879884413,66296.4032024586
2013-04-22,5.43946285005179,5.40603130989655,5.47356809104151,151275.107274258,150345.353737421,152223.596882801
2013-04-23,3.79952004235776,3.76537164661541,3.81843175204197,105667.198736892,104717.508965756,106193.146057442
2013-04-24,5.0229962302258,4.99301808037872,5.03547864939564,139692.891469672,138859.179031696,140040.035912242
2013-04-25,4.91490229994844,4.89628064091708,4.92261401357155,136686.726826366,136168.846008857,136901.194750454
2013-04-26,5.31523548247818,5.29190391451318,5.32468624753765,147820.26092745,147171.394386014,148083.093037459
2013-04-27,2.27229802728469,2.26819960910094,2.27841946808873,63194.1309854342,63080.1512290697,63364.3723566562
2013-04-28,2.94948599481096,2.94260571632241,2.96083731983544,82027.1821995623,81835.8370437768,82342.8701559138
2013-04-29,3.22218637133002,3.20896117824099,3.23062598510794,89611.1624286503,89243.3609455963,89845.8737438669
2013-04-30,2.8244809817397,2.81859237418121,2.83127535895518,78550.7090103034,78386.9428876801,78739.6651941155
2013-05-01,4.3565293435654,4.33956302420753,4.37404254219897,121158.000699468,120686.155987653,121645.054490448
2013-05-02,5.43640189098834,5.39317115767208,5.47349871442556,151189.979951312,149987.704285453,152221.667472617
2013-05-03,2.97595584942071,2.96205366437189,2.99001757427094,82763.3265958029,82376.6975126413,83154.3925877617
2013-05-04,4.78656935092358,4.75714354167353,4.81755534726131,133117.701507924,132299.350032118,133979.442832244
2013-05-05,6.09672072313507,6.05167603222159,6.14014753231059,169553.889205194,168301.166162879,170761.617872105
2013-05-06,6.13272741123757,6.08845688977175,6.17681523269827,170555.259332254,169324.066461111,171781.371193812
2013-05-07,5.96745687093112,5.92263394544769,6.00249755713604,165958.97484547,164712.419248387,166933.479812364
2013-05-08,5.71534305226014,5.65230540237826,5.75732579169462,158947.520586817,157194.401297087,160115.088706445
2013-05-09,6.1528316608063,6.12025245183746,6.19295932914806,171114.371986208,170208.32235088,172230.349335517
2013-05-10,6.0150035584311,5.98136702057664,6.06294465719109,167281.28008964,166345.825429403,168614.554175278
2013-05-11,5.08404559079154,5.0414331341295,5.12024133232145,141390.715101011,140205.634123262,142397.342930587
2013-05-12,4.29413615954137,4.26911845153467,4.31774648687365,119422.804437152,118727.045211141,120079.423463411
2013-05-13,2.84289581839234,2.82767165251962,2.85300933550975,79062.837958852,78639.4437030139,79344.101647755
2013-05-14,4.28355005703359,4.26290132886591,4.30165987751844,119128.397831826,118554.142863137,119632.044076333
2013-05-15,4.82825254119406,4.79298019078162,4.86000835764241,134276.938964549,133295.991260787,135160.089502062
2013-05-16,3.05682988423933,3.0401605776719,3.0713059301677,85012.4877041964,84548.9031171353,85415.0762430079
2013-05-17,4.16335068343142,4.13943800303133,4.18578118179092,115785.572696842,115120.545029137,116409.379888671
2013-05-18,2.62985536121219,2.62231201891619,2.63988028420211,73138.0400694102,72928.2546647679,73416.8398962537
2013-05-19,2.76271521817215,2.75394749292854,2.77632989195172,76832.9617313659,76589.125416395,77211.5949334457
2013-05-20,4.70730082448673,4.68100023813314,4.73789153498864,130913.190663606,130181.753731009,131763.938823919
2013-05-21,4.60438242894874,4.56901051906192,4.63719117415487,128050.961109937,127067.24459047,128963.394301854
2013-05-22,0.83287363448543,0.829473401428178,0.835672831477394,23162.7739495426,23068.2111894553,23240.6214938524
2013-05-23,3.88278399165055,3.87194545665204,3.89512400808787,107982.824968483,107681.398046415,108326.009095626
2013-05-24,4.7848884438594,4.76266453435583,4.80887554137672,133070.954355961,132452.892538667,133738.051613569
2013-05-25,3.38975454482658,3.37248071881195,3.40866865694468,94271.3456342774,93790.9489562533,94797.3597681241
2013-05-26,5.96381647081828,5.92893859886527,6.00692948938143,165857.732878611,164887.755885177,167056.734818297
2013-05-27,3.78039128924674,3.75912254935751,3.80237478789303,105135.215293184,104543.717382999,105746.591123418
2013-05-28,3.46274567125129,3.45330474206845,3.47286644706887,96301.2777772758,96038.7192095876,96582.7433354952
2013-05-29,4.5225195317536,4.50209239972133,4.54526103595202,125774.299076137,125206.206844483,126406.755548776
2013-05-30,3.49072292973542,3.483583943018,3.49982107669874,97079.3440854935,96880.8040804824,97332.3696499313
2013-05-31,3.81232518617176,3.79880204300605,3.82696580192733,106023.318368099,105647.230693733,106430.483704096
2013-06-01,4.66905779996738,4.64591559941362,4.69184898860581,129849.626522047,129206.026415228,130483.46475226
2013-06-02,3.86478027787436,3.85005851783928,3.88161646775847,107482.129622654,107072.707609863,107950.355346594
2013-06-03,3.49944129058208,3.48746287354293,3.51357631337532,97321.8075435024,96988.6797379588,97714.9120003792
2013-06-04,6.09611392384428,6.04298358217857,6.14010759261718,169537.013710252,168059.423301684,170760.507122464
2013-06-05,5.85068612299885,5.81337565152197,5.88373492176398,162711.502088158,161673.872871688,163630.611330431
2013-06-06,5.49227726837235,5.46122170733553,5.52560006273641,152743.911642872,151880.23567765,153670.640886377
2013-06-07,4.332714811921,4.30789427339414,4.35485156090229,120495.702614436,119805.426803798,121111.340439193
2013-06-08,6.11833896916284,6.08456795076649,6.15260496088412,170155.107115323,169215.912461089,171108.067309443
2013-06-09,6.33933663708014,6.30497568587662,6.37376886322377,176301.200368121,175345.599287159,177258.783652933
2013-06-10,6.65944733457279,6.61597913584133,6.69905355812935,185203.693396891,183994.81365869,186305.169017262
2013-06-11,5.66703760837308,5.63735058461127,5.69594838369625,157604.113819019,156778.497792581,158408.141856154
2013-06-12,4.392802225267,4.36714364731343,4.41690252138038,122166.773848917,121453.191600186,122837.019235345
2013-06-13,4.16651281763713,4.14767100012782,4.18612607919866,115873.513768299,115349.510195973,116418.971716723
2013-06-14,2.51424741879074,2.50717955761727,2.52171528912633,69922.9057126429,69726.3437566757,70130.5921914862
2013-06-15,5.97500439413917,5.92941984309449,6.00906527159979,166168.876524078,164901.139609712,167116.132353146
2013-06-16,6.14369477575712,6.10508698346766,6.18273453962938,170860.269089641,169786.560511936,171945.991086562
2013-06-17,5.69098555157731,5.6477561914796,5.73223224173029,158270.12216894,157067.884693209,159417.220264764
2013-06-18,5.66799510863454,5.63226725090589,5.70247697885903,157630.742542987,156637.12687549,158589.706462959
2013-06-19,0.740482663705038,0.73457200701584,0.743708729270463,20593.3191336422,20428.939809917,20683.0381790584
2013-06-20,2.40834310145622,2.40449524207536,2.41440158520548,66977.6356727096,66870.624124573,67146.1261660458
2013-06-21,3.83629348329546,3.81631801660173,3.85603728442314,106689.892774161,106134.361658268,107238.981115404
2013-06-22,3.93831490649713,3.92036439887225,3.95964920489162,109527.176926025,109027.961278922,110120.498062177
2013-06-23,4.94390138210923,4.91101813969427,4.97035515402521,137493.210735836,136578.705726615,138228.907861585
2013-06-24,2.30201518874268,2.29575177932851,2.31003640167322,64020.5851614013,63846.3955479872,64243.660468649
2013-06-25,3.76928019046776,3.75924947723,3.78587593899492,104826.208189714,104547.247332198,105287.747078378
2013-06-26,3.69539402892297,3.684576530747,3.70815411223154,102771.384520192,102470.542646257,103126.250988545
2013-06-27,4.98171472753409,4.95420496388826,5.00905030533305,138544.825213816,137779.760250356,139305.045952138
2013-06-28,6.48266199794869,6.43170906606589,6.51917674893329,180287.174707536,178870.139524286,181302.674403841
2013-06-29,3.2670890669219,3.24596450788088,3.28890408188442,90859.9364859084,90272.4483417399,91466.6266719834
2013-06-30,6.39661321199014,6.35406843206956,6.43188261588476,177894.100301931,176710.901459718,178874.966061058
2013-07-01,6.49676542185605,6.44172840983047,6.54703287532946,180679.40037822,179148.784189133,182077.371947512
2013-07-02,6.37982057899971,6.33450809151675,6.42391471769293,177427.085924396,176166.915280013,178653.373472424
2013-07-03,6.67629574741875,6.64539840564302,6.70948912258301,185672.259049591,184812.983268055,186595.389058415
2013-07-04,6.52071865469338,6.48177014805331,6.5574826464059,181345.555836382,180262.371764247,182367.987084366
2013-07-05,5.73511728914287,5.70209526494997,5.76758000131541,159497.455366807,158579.090743332,160400.265148156
2013-07-06,5.76766722968629,5.73509259711343,5.79921978094968,160402.691027609,159496.76866492,161280.188624104
2013-07-07,6.42707986850378,6.38105517098379,6.46654559669006,178741.398437692,177461.420754871,179838.966787659
2013-07-08,4.87761473671803,4.84953391730753,4.90427869119312,135649.734703583,134868.788296599,136391.27714716
2013-07-09,6.52107461682722,6.47890582371165,6.55962493536361,181355.455381883,180182.712984695,182427.565575997
2013-07-10,6.60025298132385,6.55904021051206,6.64096119271982,183557.458762219,182411.303986006,184689.581402933
2013-07-11,6.50914775009863,6.47204806911288,6.53981417202939,181023.761225024,179991.994233379,181876.614970913
2013-07-12,4.8465497557177,4.81497709698948,4.87198603316863,134785.796762863,133907.739964295,135493.196685635
2013-07-13,6.07831375991319,6.04742352773081,6.10600534367682,169041.979222031,168182.901163051,169812.100724818
2013-07-14,6.71913688842096,6.66866195697806,6.7635430102699,186863.6998921,185459.958221428,188098.663900773
2013-07-15,6.6835870924748,6.63486739439099,6.72674282224909,185875.036242106,184520.108787472,187075.226009198
2013-07-16,6.34692736236567,6.29437935154693,6.3966632447155,176512.303525457,175050.908128009,177895.491745555
2013-07-17,5.33998800838813,5.29213860382788,5.38178499744992,148508.645261631,147177.92125314,149671.047538908
2013-07-18,6.08417108336419,6.03764826808389,6.11977240264129,169204.875312659,167911.044641096,170194.971861015
2013-07-19,6.1708475942443,6.13200232191335,6.20162186351816,171615.407169021,170535.094112208,172471.260221799
2013-07-20,6.52597222018143,6.48529168441385,6.56589886799094,181491.661013435,180360.308050494,182602.047847022
2013-07-21,6.49722816283558,6.44975420641508,6.53290080098208,180692.26951498,179371.986970873,181684.349488891
2013-07-22,6.3485627861487,6.31220519074231,6.38336934616654,176557.78575689,175546.656662538,177525.779517615
2013-07-23,6.49953122911196,6.45759624450891,6.54346962227346,180756.319331593,179590.079305832,181978.275492007
2013-07-24,6.45054023986372,6.40978755351401,6.49357182620934,179393.847087863,178260.487568878,180590.584343004
2013-07-25,6.29295625778955,6.24939837022507,6.33657424921616,175011.330936888,173799.956892134,176224.376510329
2013-07-26,6.52059458553052,6.47327572344658,6.56333906811937,181342.105389814,180026.136123148,182530.858097069
2013-07-27,6.16314829510284,6.12192055180454,6.19818011935583,171401.284499988,170254.71332889,172375.54301006
2013-07-28,5.48548212054873,5.44351986054041,5.52303919393573,152554.934027931,151387.93545487,153599.421408789
2013-07-29,4.81168712195465,4.78878035509604,4.8404795031841,133816.243553704,133179.191015729,134616.978971747
2013-07-30,5.00049799363027,4.96505456484166,5.02508493291636,139067.200432103,138081.494924046,139750.979691302
2013-07-31,5.53553928251333,5.50070623887632,5.57603097173709,153947.05724943,152978.326961507,155073.158263427
2013-08-01,1.31891951340531,1.31490620576041,1.32375526712015,36680.0355800942,36568.4228048546,36814.521131725
2013-08-02,1.46658657706131,1.46360366144219,1.46986221725518,40786.7555837474,40703.7987012918,40877.8533328043
2013-08-03,3.67370510529107,3.6571884512509,3.68856732775539,102168.201018526,101708.861800552,102581.529385609
2013-08-04,5.3399976564609,5.30255200779374,5.36742395612346,148508.913581001,147467.524996276,149271.65735515
2013-08-05,4.3730084454607,4.34928838885947,4.39196055828287,121616.295567126,120956.62489636,122143.366526021
2013-08-06,5.22855367295708,5.19513220998891,5.26012721953952,145409.581712331,144480.108428821,146287.66320272
2013-08-07,5.51089406465881,5.4738112842749,5.54639586528209,153261.657224186,152230.360249605,154248.986092084
2013-08-08,5.03866856326176,5.00399103363399,5.07608068199587,140128.749554672,139164.344215569,141169.205649488
2013-08-09,5.44542446926701,5.4060619609002,5.48398835063174,151440.903899985,150346.206162374,152513.391285446
2013-08-10,4.95303935630901,4.92268727356069,4.98583660668588,137747.343922412,136903.23215985,138659.457435424
2013-08-11,4.48434039729089,4.45949242340724,4.51316643816988,124712.511759871,124021.472953574,125514.183275326
2013-08-12,4.8715578867543,4.83824695860154,4.90794068950765,135481.289646917,134554.890410701,136493.119774482
2013-08-13,4.05757352318439,4.03432199111401,4.07579627136574,112843.83898073,112197.198291162,113350.625820158
2013-08-14,5.12170920519964,5.08037112818408,5.15653368232234,142438.165459068,141288.52583335,143406.657506487
2013-08-15,5.05729752762664,5.03000778170886,5.09276612628378,140646.833538402,139887.887415412,141633.239037371
2013-08-16,4.4178463768975,4.39315003229437,4.44802313024481,122863.268489828,122176.446595441,123702.504224246
2013-08-17,4.49898321727732,4.47434341282606,4.52730255976051,125119.738397006,124434.488922134,125907.318290495
2013-08-18,5.42591274622333,5.39146125735792,5.46222933709829,150898.269805792,149940.150811777,151908.258536644
2013-08-19,5.31489728498247,5.27828108024625,5.3508892303294,147810.855428441,146792.534235312,148811.815549589
2013-08-20,5.51319660120027,5.47558234422659,5.55224051438614,153325.692308516,152279.614613789,154411.52970063
2013-08-21,5.45218077934593,5.40637270859257,5.49648702563327,151628.801411218,150354.848263955,152860.987813589
2013-08-22,4.31023396090518,4.27028435197367,4.34608721859279,119870.49508149,118759.469683711,120867.598205886
2013-08-23,3.30890142160051,3.28691603439588,3.33530741731842,92022.766091287,91411.3377389792,92757.1345289484
2013-08-24,4.60019604801565,4.56439232358685,4.63589380759956,127934.535050562,126938.80947929,128927.313668483
2013-08-25,4.02698527895733,3.99589721223495,4.05758012013532,111993.159409173,111128.579439051,112844.022446356
2013-08-26,4.20871179628381,4.18396543031557,4.23807763048605,117047.095645336,116358.882623262,117863.779174869
2013-08-27,4.98992121121406,4.94940051662422,5.02376991981785,138773.053024769,137646.145352103,139714.408295738
2013-08-28,3.36446845591121,3.34232570700412,3.39379506147666,93568.1225553326,92952.3178686187,94383.7151101857
2013-08-29,2.45533045984625,2.43720790187335,2.4784202183631,68284.3855994821,67780.385116896,68926.5272581091
2013-08-30,3.43200389413198,3.41431007142305,3.45386553931548,95446.3283530914,94954.2512855257,96054.3153568621
2013-08-31,5.00366696549008,4.9708409640288,5.04130060515824,139155.331663303,138242.418563364,140201.948403753
2013-09-01,4.79838114070773,4.7485428571805,4.8396868710441,133446.195297836,132060.159232368,134594.935340728
2013-09-02,1.93518810213363,1.92518576027725,1.95074743125264,53818.8780429568,53540.7062125706,54251.5934132936
2013-09-03,1.4806769545886,1.47612005406168,1.4852192276895,41178.6184258578,41051.8879682647,41304.9420849304
2013-09-04,4.26264104164602,4.23534402237838,4.29494952327957,118546.904101113,117787.755701388,119445.424627811
2013-09-05,2.50958719389481,2.49801316788783,2.5242674432669,69793.3017351017,69471.4203151771,70201.5693085357
2013-09-06,2.82219714323521,2.8108930339132,2.83432824952186,78487.1939309127,78172.8190748896,78824.5681267584
2013-09-07,2.80113575208817,2.78774412616803,2.81845073867087,77901.4625282093,77529.0324365823,78383.0039092163
2013-09-08,2.32053523469123,2.31450962993041,2.32870748688658,64535.6400509781,64368.0639443454,64762.9158614035
2013-09-09,3.82688210479228,3.80980767357365,3.8520970566311,106428.156030678,105953.304655561,107129.40073985
2013-09-10,4.44173610329004,4.41358417191285,4.47741349385082,123527.6577912,122744.733712764,124519.869932937
2013-09-11,4.41857819758308,4.38730141179223,4.4579087884081,122883.620913545,122013.792539654,123977.431002929
2013-09-12,4.38861221211798,4.35087736637256,4.43300698756622,122050.246775184,121000.815425899,123284.89523285
2013-09-13,4.22221504790696,4.19592175631881,4.25982335749312,117422.630122573,116691.396062293,118468.542416468
2013-09-14,3.84269040530958,3.81847975232295,3.87112195658182,106867.795462457,106194.480977425,107658.495957569
2013-09-15,4.00081078144459,3.9635735244235,4.03848105403811,111265.229091743,110229.636018355,112312.864618398
2013-09-16,2.50781686443725,2.49607072686403,2.51960143604257,69744.067686449,69417.3997285219,70071.8045205667
2013-09-17,3.06639347057098,3.05342106840048,3.08396092755167,85278.4574493952,84917.6862512008,85767.0202013707
2013-09-18,1.01493643095952,1.01159008705097,1.0168447915477,28226.0623341681,28132.9982674215,28279.1351210688
2013-09-19,2.93727268652836,2.92192969447639,2.95579663879534,81687.5219111192,81260.8230196014,82202.6854380295
2013-09-20,3.97214459304093,3.94293618000969,4.00128935496765,110468.003180757,109655.69763949,111278.538542149
2013-09-21,2.1495328705707,2.14007170913632,2.16083583247632,59779.9497025758,59516.828462413,60094.2926481798
2013-09-22,1.81389959491173,1.80648083118328,1.82247552712708,50445.7633720932,50239.4425809047,50684.2657944126
2013-09-23,1.72267180776614,1.71980059811133,1.7284101837878,47908.657472618,47828.807207893,48068.2455555202
2013-09-24,1.23883154465767,1.23758762820327,1.2410556864012,34452.7354959395,34418.1413456958,34514.5903684004
2013-09-25,0.902787417975401,0.900750286799491,0.904705078515066,25107.1231231552,25050.4691399104,25160.4545479393
2013-09-26,2.19880449076064,2.18821179999629,2.2096681812265,61150.226480868,60855.6366517117,61452.3529933419
2013-09-27,1.436877137578,1.42891968247996,1.44431950078238,39960.516161071,39739.2140018744,40167.4932695012
2013-09-28,1.15030555169241,1.14708948476555,1.15368216031135,31990.7683033052,31901.3273267286,32084.6740519305
2013-09-29,1.67603102113342,1.6721967863472,1.67919716555829,46611.5459386816,46504.9132996529,46699.5985370211
2013-09-30,1.24481987216368,1.24286750302096,1.24764161067712,34619.2748971334,34564.9782028375,34697.7493362625
2013-10-01,1.7558375087536,1.75257207375183,1.76133487668773,48831.017844039,48740.2039082134,48983.9033305083
2013-10-02,2.05810353345671,2.05211011305929,2.06840649573303,57237.2385634049,57070.5575254876,57523.7708491394
2013-10-03,1.94608639476885,1.93937219973201,1.9546790641271,54121.9668649504,53935.2406012626,54360.9347584306
2013-10-04,3.35948503807989,3.34512309681307,3.38114828941362,93429.5303656609,93030.1151539579,94031.9999035102
2013-10-05,2.54682622176721,2.53454700804358,2.56542085590469,70828.9440570513,70487.4508941246,71346.0732941497
2013-10-06,2.9516359566059,2.9345548090216,2.97609686655028,82086.9740779389,81611.9359161916,82767.2483766827
2013-10-07,1.54103096344937,1.53500532397467,1.55021779283358,42857.1038602711,42689.5267882221,43112.5957422672
2013-10-08,1.38927760069986,1.38490706222416,1.39351731010624,38636.7411402751,38515.1935362223,38754.6503002313
2013-10-09,2.67424549218295,2.66207321981944,2.69355960077653,74372.5593610451,74034.0403090133,74909.6976649443
2013-10-10,0.758477532441614,0.755774127879914,0.761077796386403,21093.7684929913,21018.5850003652,21166.0835759385
2013-10-11,2.16605996379865,2.15858043913981,2.1766022825279,60239.5792413577,60031.5686479741,60532.7681904597
2013-10-12,1.50674576110949,1.50315559161016,1.51231373253589,41903.6094059731,41803.76438614,42058.4584228794
2013-10-13,2.15927354532633,2.15147486536013,2.17223271048947,60050.8443955266,59833.9578791541,60411.247463675
2013-10-14,2.50714656131248,2.49785521647296,2.52116603915237,69725.426107326,69467.027580474,70115.3171816145
2013-10-15,2.80496331246932,2.79339006015944,2.82353645945774,78007.9095475602,77686.0496446704,78524.4412126429
2013-10-16,1.23032157712515,1.22609993553429,1.23554311635407,34216.0675956577,34098.6609137599,34361.2821009805
2013-10-17,2.09966372080391,2.09180592627421,2.10897939727936,58393.0552262996,58174.5246942988,58652.1304322535
2013-10-18,2.57467287000966,2.56559080607955,2.59029774103873,71603.3780069154,71350.7997224096,72037.9161416959
2013-10-19,1.82498641438329,1.82116890772317,1.83397387716755,50754.0952517519,50647.9278331208,51004.042614992
2013-10-20,2.4466624267834,2.43919182085643,2.46064180104822,68043.3217908695,67835.5592333967,68432.0975578587
2013-10-21,2.38507674085296,2.37704797336023,2.40054350315078,66330.5825917045,66107.2971870193,66760.7236167075
2013-10-22,2.30088489686511,2.29387263095877,2.31156097466661,63989.150986788,63794.1351724588,64286.059865332
2013-10-23,2.18263636230195,2.17189243752429,2.19907901868649,60700.5799928901,60401.7842444697,61157.8612864687
2013-10-24,2.21562374367933,2.20557491829117,2.2326691683617,61617.9811764487,61338.5166078911,62092.0258603528
2013-10-25,2.05169487215707,2.04003187627667,2.06737556407726,57059.0093977109,56734.6536659811,57495.0999488836
2013-10-26,1.9334316011901,1.92413579261875,1.9485377314559,53770.0285745472,53511.5059083213,54190.1401810517
2013-10-27,0.705685082662086,0.701492502772128,0.709377297852276,19625.5750842262,19508.976627707,19728.2580631108
2013-10-28,1.74744677542275,1.74457399250605,1.7507392184285,48597.6659268138,48517.7719086213,48689.2309733303
2013-10-29,2.28525267562946,2.27325465880102,2.30248645252311,63554.4084378366,63220.7355490178,64033.6913229662
2013-10-30,2.10145450140002,2.09363447182756,2.1113070845729,58442.8580348211,58225.3777715904,58716.864975854
2013-10-31,0.865703579787538,0.862937121720583,0.868668607250242,24075.7967303374,23998.859677473,24158.2561311746
2013-11-01,1.25542478199652,1.2535450618499,1.25904635865257,34914.2045467737,34861.928269747,35014.9230206836
2013-11-02,0.34726560933744,0.346552979214931,0.348109501680487,9657.68932582774,9637.87060453094,9681.15853744689
2013-11-03,0.573911804636887,0.57207283818998,0.574754563634363,15960.8719106485,15909.7290213232,15984.3096031678
2013-11-04,0.880180745772108,0.87613057120628,0.883736808048346,24478.4164186624,24365.7783496443,24577.3128937632
2013-11-05,0.751267926922949,0.748664126560854,0.752700328839462,20893.2645317903,20820.8510987079,20933.1005890544
2013-11-06,0.896202126167898,0.893722928815618,0.89923596606123,24923.9817446636,24855.0336047904,25008.3548653132
2013-11-07,0.388661875423316,0.385977884171749,0.38994243610739,10808.9472285883,10734.3036331274,10844.5604794174
2013-11-08,0.682752410233862,0.680477715628796,0.684111631832707,18987.8020949995,18924.5413135798,19025.6029585853
2013-11-09,1.28552290861069,1.28122887896868,1.28929931260208,35751.2536190493,35631.833776936,35856.2779449167
2013-11-10,0.26153301812768,0.260775922170244,0.262114220722676,7273.4085080935,7252.3531621273,7289.57214177017
2013-11-11,0.779076831838511,0.776040482417429,0.781989359578704,21666.648814439,21582.2059021408,21747.648162809
2013-11-12,0.795382156799494,0.791845224393889,0.796914125204895,22120.1108290919,22021.7463685139,22162.7158971393
2013-11-13,0.724005109991798,0.722887088996904,0.724791153104658,20135.0673219649,20103.9744088226,20156.9277077232
2013-11-14,0.912922824496456,0.910967547958805,0.914110364246071,25388.9955710433,25334.6180201458,25422.0218473444
2013-11-15,0.29755050001962,0.297220797025587,0.297892149353166,8275.07881767193,8265.90955644783,8284.5803146041
2013-11-16,0.564734097073513,0.562558421280151,0.566350270752431,15705.6337126033,15645.1267106975,15750.5805857399
2013-11-17,0.946717982332612,0.944261202051931,0.949187580071373,26328.8615592753,26260.5368531867,26397.542727463
2013-11-18,0.391352319917194,0.391002278691893,0.391621725094778,10883.7702930427,10874.0354119768,10891.262631581
2013-11-19,0.552426022226456,0.549699776219776,0.553135312544224,15363.3379024921,15287.5191739733,15383.0637415808
2013-11-20,1.49424968046671,1.48605710484967,1.50714023972101,41556.0850286852,41328.2440102824,41914.5801205306
2013-11-21,1.49883519177834,1.49204153024092,1.50985442336582,41683.6111713755,41494.6748910499,41990.0633866821
2013-11-22,1.48028790061352,1.47239987473179,1.49065840315286,41167.7985740751,40948.427287914,41456.2091997882
2013-11-23,1.44752634967909,1.44037552855033,1.45625083393552,40256.6778864819,40057.80875856,40499.3116406201
2013-11-24,1.2467473555917,1.24180440798643,1.25251891640714,34672.8795030258,34535.4128174632,34833.3904772828
2013-11-25,1.16205113296972,1.15800779040664,1.1676913783679,32317.4207902704,32204.9727238273,32474.2797947683
2013-11-26,1.08382159744291,1.08113044208659,1.08887425047664,30141.8049794701,30066.9621454547,30282.3226465204
2013-11-27,1.16928578998363,1.16554465971291,1.17482086068714,32518.6214503432,32414.578110287,32672.5554760965
2013-11-28,1.14881492384347,1.14514409793215,1.15353981238886,31949.3129438387,31847.2248151339,32080.7152608074
2013-11-29,0.440441382623791,0.439282572601498,0.441124676054417,12248.970025377,12216.7427420468,12267.9728736117
2013-11-30,0.400939497994843,0.400168342516316,0.40164175674786,11150.3961405085,11128.9497898384,11169.926427069
2013-12-01,0.308827737919235,0.308029543607935,0.309238600295458,8588.70636142938,8566.50804269899,8600.13271946351
2013-12-02,0.403332421567946,0.399315378179093,0.406673777250026,11216.9449487639,11105.2282799813,11309.8702895892
2013-12-03,0.91832139222823,0.916167612915625,0.919529892481732,25539.1333576712,25479.2353115698,25572.7425596327
2013-12-04,1.14815965691447,1.14378787524005,1.15134855552164,31931.089531397,31809.5073531546,32019.7749387955
2013-12-05,0.975307031846738,0.968921149215468,0.98199602767376,27123.9421860466,26946.3465103859,27309.9676428213
2013-12-06,1.30572347702123,1.29869207206513,1.31237285803934,36313.044964545,36117.4968804152,36497.968706935
2013-12-07,1.33806075761486,1.32932160206666,1.3503007363125,37212.3664096237,36969.3246370288,37552.7684201828
2013-12-08,1.09117485739357,1.08642498503477,1.09434433358938,30346.3040666991,30214.2069331356,30434.4493238212
2013-12-09,0.745212700628558,0.742767589305315,0.747597454680864,20724.8646304572,20656.8644458953,20791.1862388642
2013-12-10,0.49506984765131,0.493709963692803,0.496085435287857,13768.2242486479,13730.404964396,13796.4684214458
2013-12-11,0.312441391274888,0.311055406227253,0.313607319119076,8689.20448304506,8650.6593100121,8721.62971777238
2013-12-12,0.542536416308753,0.541901874894094,0.543197917688879,15088.3013341136,15070.6543121155,15106.6981308193
2013-12-13,0.349024775268588,0.348645974431656,0.349378192593144,9706.61290932921,9696.07820418973,9716.44168197801
2013-12-14,0.238390743939813,0.237473493295119,0.238947654580351,6629.80635346042,6604.29699830927,6645.29441160364
2013-12-15,0.387037596518473,0.386444129619824,0.387446435100917,10763.7749436868,10747.2702315063,10775.1450186597
2013-12-16,0.889375694056228,0.887304848009726,0.890800818557842,24734.1340927059,24676.5424763149,24773.7677601845
2013-12-17,0.569124830022677,0.567877061370418,0.570158106396794,15827.742938497,15793.0416560492,15856.4790469414
2013-12-18,0.256377710774,0.253564851820618,0.257508299435541,7130.03595560841,7051.80846299558,7161.47838398276
2013-12-19,1.00986885497566,1.00426336270596,1.01464002098073,28085.1296498734,27929.2371531694,28217.8189740102
2013-12-20,0.462240999615637,0.460187160982509,0.463389481410874,12855.231983568,12798.113354741,12887.172031982
2013-12-21,0.727411827700543,0.725533706473121,0.729694805899124,20229.8104245561,20177.5786145439,20293.3015782629
2013-12-22,0.768078055273907,0.766520155612222,0.77116961595995,21360.7654670272,21317.4392333639,21446.7438416054
2013-12-23,0.352408029427627,0.350284151049475,0.353624700322943,9800.70347487831,9741.63699380301,9834.53990786445
2013-12-24,0.56443209085408,0.563374970183745,0.565987955565913,15697.2347172426,15667.8354829404,15740.5043575867
2013-12-25,0.875905636035642,0.875152258218519,0.876487934539387,24359.522751802,24338.5708098098,24375.7168634355
2013-12-26,0.610456792823408,0.609017638184983,0.61185100541889,16977.212523803,16937.188668817,17015.9865104555
2013-12-27,0.821930276811762,0.819391666897744,0.82423627241965,22858.4318386283,22787.8313955961,22922.5631219137
2013-12-28,0.904543767971566,0.899860217468263,0.909566291969,25155.9683936176,25025.7157153031,25295.6481519768
2013-12-29,0.331759951002851,0.329920692368555,0.332768446906991,9226.46657597466,9175.3155607222,9254.51352294168
2013-12-30,0.542851700502008,0.540849281458749,0.544285255977945,15097.0695988249,15041.3809832525,15136.9377373496
2013-12-31,0.387644194289035,0.385873314087361,0.388194319694869,10780.6448342153,10731.3954689999,10795.9441904341
2014-01-01,0.801263750369243,0.798793194951125,0.802914282999191,22283.6818879877,22214.9740860953,22329.5843065791
2014-01-02,0.491428977610883,0.489410320288836,0.493161927887985,13666.9692127886,13610.8289998005,13715.1637213819
2014-01-03,0.358206677587902,0.356137426752937,0.359861825200965,9961.96776634835,9904.42051385931,10007.998530713
2014-01-04,0.829109051415944,0.824811865003939,0.831608029592298,23058.0783714353,22938.5707374329,23127.5766292826
2014-01-05,1.17801803732843,1.17248153148164,1.18402400497264,32761.4711011718,32607.4971631219,32928.5010864312
2014-01-06,0.997353760721479,0.989490203273643,1.00213217524501,27737.0764913101,27518.3856886939,27869.9674016031
2014-01-07,0.867170980992511,0.86505914051962,0.868812523919236,24116.6061412693,24057.8744424069,24162.2585501893
2014-01-08,0.425621831567781,0.424792491189216,0.426514584723194,11836.828378756,11813.7638670215,11861.6564423126
2014-01-09,0.48514258977488,0.484169007981949,0.486078905503745,13492.1405540636,13465.064591928,13518.1801219826
2014-01-10,0.335725033906655,0.335009730985159,0.33618671290615,9336.73818884514,9316.84513521726,9349.57779122871
2014-01-11,0.36183535251407,0.361123913727971,0.362381891912409,10062.8836479072,10043.0980584744,10078.0832748543
2014-01-12,0.498065244691455,0.497513318415226,0.499243339801278,13851.5282477868,13836.1788081554,13884.2918623257
2014-01-13,0.562600440919439,0.561457800926467,0.562982355139445,15646.2953050268,15614.5177210488,15656.916595436
2014-01-14,0.568158647875351,0.567517883650061,0.5686562362368,15800.8727654648,15783.0526829327,15814.71103127
2014-01-15,0.97122516002518,0.969183252219228,0.97255152434766,27010.4225951039,26953.6357705764,27047.3096758137
2014-01-16,1.25057743286366,1.2465158922258,1.25411183940713,34779.3965187969,34666.4423516982,34877.6907334561
2014-01-17,0.821823416730201,0.819643873893168,0.823983639262691,22855.4599881447,22794.8454411627,22915.5372245092
2014-01-18,1.37077242298373,1.36437734353763,1.37730525732341,38122.0997462064,37944.2483009617,38303.7822473619
2014-01-19,0.978921398180536,0.976299312355292,0.981741843600678,27224.4601360623,27151.5381719952,27302.8986134
2014-01-20,1.45168030491208,1.44686677638437,1.45798871855588,40372.2021654051,40238.3347111234,40547.6433766063
2014-01-21,1.33399135869778,1.32685033556091,1.34191561112797,37099.1936985135,36900.5970593127,37319.5724692653
2014-01-22,0.841425488290225,0.837923497355448,0.844670730316458,23400.6067351276,23303.2140202703,23490.8590907705
2014-01-23,0.946658054294885,0.943596425936387,0.949891100507118,26327.1949203836,26242.0489838944,26417.1081022658
2014-01-24,0.876397668600585,0.875094989044782,0.878264204364757,24373.2065071831,24336.9781157076,24425.1161176979
2014-01-25,0.970918416060207,0.969475321587191,0.973177876745659,27001.8918398646,26961.7584154383,27064.7289557704
2014-01-26,0.626676524748226,0.621741366493519,0.630998160870537,17428.2941387575,17291.0440802542,17548.4817355892
2014-01-27,1.58376728105383,1.57540551183426,1.59326052264371,44045.629493838,43813.0830879588,44309.6429046248
2014-01-28,1.00884593825754,0.999296830589512,1.01412065658875,28056.6816504052,27791.1145665449,28203.3751022021
2014-01-29,0.548351851073203,0.5458485839704,0.549699776219776,15250.0324722958,15180.4149365296,15287.5191739733
2014-01-30,0.886052004962804,0.884278089108222,0.887915681618988,24641.7000715508,24592.3662827936,24693.5301683564
2014-01-31,0.800826923051952,0.797426515933882,0.805609400622529,22271.5334275413,22176.965826706,22404.5373338956
2014-02-01,1.31044417878286,1.30350015853185,1.31733966461442,36444.3308442516,36251.2129873338,36636.0989264378
2014-02-02,0.772484120359865,0.769342943071408,0.777066121435971,21483.3010899204,21395.942844377,21610.7296106082
2014-02-03,1.15337736936667,1.1488490850056,1.15602554119571,32076.1976114944,31950.2629886515,32149.8450448094
2014-02-04,1.59088100466144,1.58597005215984,1.59398054251805,44243.4669148345,44106.8900345474,44329.6671398723
2014-02-05,2.07849690374614,2.06746316035792,2.08633510374368,57804.3918583645,57497.5360601538,58022.3774532939
2014-02-06,2.20282779645378,2.18369089709638,2.22205544635984,61262.1173085298,60729.9073122505,61796.8511383864
2014-02-07,1.48515839855522,1.47467676505002,1.49222005216946,41303.2503859396,41011.7491335883,41499.6397055242
2014-02-08,2.01688129960978,2.01109996323133,2.02654716201397,56090.8206138422,55930.0377746268,56359.6347251616
2014-02-09,1.61720803282518,1.60984939958747,1.62628536511167,44975.6392118922,44770.9906899493,45228.0859062178
2014-02-10,0.936152373124928,0.929406403300591,0.941422181387214,26035.0248863591,25847.4149445363,26181.5817858487
2014-02-11,1.49601156875327,1.49378220402201,1.49734675765118,41605.0843227153,41543.0841954652,41642.2168207818
2014-02-12,1.06354408410774,1.0601589311021,1.06540057269147,29577.8737440534,29483.7303703078,29629.5039357468
2014-02-13,0.875230426088992,0.872862976480571,0.876609109766454,24340.7447106741,24274.9043504487,24379.0868277093
2014-02-14,0.795638123935078,0.7925236631141,0.797723053033244,22127.2294466764,22040.6142039984,22185.2127221723
2014-02-15,1.91841315420708,1.91304755236987,1.92429931876909,53352.3554989,53203.1345158929,53516.053680154
2014-02-16,1.2704765188456,1.26804456709671,1.2758019712544,35332.8034359061,35265.1692279264,35480.9078364017
2014-02-17,0.694957410234376,0.693248290423556,0.696182441242364,19327.2313245497,19279.6995571944,19361.300257872
2014-02-18,1.14586442423108,1.14314563458505,1.14876937417173,31867.2575722548,31791.6462101228,31948.0461769411
2014-02-19,1.65933417948623,1.65538995349371,1.66315649876152,46147.1955825989,46037.5040144091,46253.4968432833
2014-02-20,1.02256194116953,1.01762123084531,1.02637148730604,28438.1328835661,28300.7284182888,28544.0789147007
2014-02-21,1.65556954308213,1.64815926008784,1.66073889540764,46042.4985212203,45836.4135849323,46186.2616737847
2014-02-22,2.0998725008207,2.0916454628223,2.10903080082488,58398.8615384865,58170.062098162,58653.5599993039
2014-02-23,1.55632943683047,1.55221473956711,1.56143824469008,43282.5646577167,43168.1321692386,43424.6440281086
2014-02-24,1.76296241034888,1.75138650943743,1.77404580249321,49029.1661323639,48707.2325700896,49337.4026957554
2014-02-25,3.05038060955436,3.02414335421884,3.07207900050148,84833.1290530384,84103.4533984975,85436.5758470859
2014-02-26,2.98121055320688,2.96815424048995,3.00003877528025,82909.4634296888,82546.3586229631,83433.08890383
2014-02-27,1.67781056218364,1.6665408374614,1.68842174033294,46661.0361678997,46347.6175706401,46956.1401436215
2014-02-28,1.58685477905465,1.57757131501283,1.59621843663515,44131.4948824175,43873.3155258309,44391.9044750589
2014-03-01,1.75524470702336,1.75157963150125,1.7590869290149,48814.5316306376,48712.6034241109,48921.3863991992
2014-03-02,1.33116225687839,1.31974118708097,1.34406407356316,37020.5144809113,36702.8868756829,37379.3226494427
2014-03-03,1.12573554228929,1.12034908092786,1.128560003259,31307.4598754978,31157.6587751426,31386.01002796
2014-03-04,1.27288184746931,1.2717678030851,1.2742621310965,35399.6972369326,35368.7149159982,35438.0838496419
2014-03-05,0.732936107915501,0.731707064041566,0.733268242614654,20383.4443595913,20349.2638257776,20392.6812481644
2014-03-06,1.34246536320905,1.33935747376438,1.34363137223386,37334.8614430727,37248.4289547736,37367.2889354875
2014-03-07,1.21343801995761,1.21174913426376,1.21556722629375,33746.5245558214,33699.5555128193,33805.739210979
2014-03-08,1.98931771525399,1.98643374206593,1.99160837291189,55324.2588603695,55244.0536332311,55387.9635849865
2014-03-09,1.46445868965492,1.46433426629348,1.46454165031006,40727.5776089101,40724.1173118424,40729.8848003279
2014-03-10,0.798234700025849,0.795840139092193,0.799388308914176,22199.4419679317,22132.847623582,22231.5246042407
2014-03-11,2.8140914440969,2.80596994453846,2.82164845865587,78261.7690056062,78035.9046600266,78471.9346450443
2014-03-12,3.52877275641702,3.51507432106872,3.5425449801734,98137.5352657074,97756.5725982659,98520.5500382286
2014-03-13,3.40031318010415,3.39253962959439,3.41097983031994,94564.9883575232,94348.8007081756,94861.6350485904
2014-03-14,1.61365331949505,1.60751969561442,1.61698955842358,44876.7802518867,44706.2000611399,44969.5632923667
2014-03-15,2.07513413908608,2.06559652466269,2.07914235272195,57710.8711195135,57445.6236704893,57822.3422269482
2014-03-16,1.46944325470934,1.4648147471505,1.47095556015783,40866.2017036248,40737.4798064844,40908.2599316627
2014-03-17,1.5194247935485,1.50922365878762,1.52384315683454,42256.2217953244,41972.5214010372,42379.0994394041
2014-03-18,2.60019152506539,2.58716850222856,2.60758392978461,72313.0689060847,71950.8899132346,72518.6566355612
2014-03-19,1.79713689777477,1.79039078046285,1.80189460143224,49979.5815307052,49791.9674871537,50111.8964579327
2014-03-20,2.3735410387912,2.36115792709016,2.38035240206513,66009.7669863804,65665.3843510718,66199.1955638619
2014-03-21,2.64517236163355,2.63016647435956,2.66012598844615,73564.0161162617,73146.69233454,73979.8864995281
2014-03-22,3.27128600836314,3.24484457539576,3.28981226644742,90976.6562400919,90241.3022687732,91491.8838933265
2014-03-23,3.19547049197592,3.18360424214159,3.20866216428222,88868.1759193888,88538.1675589833,89235.04516701
2014-03-24,3.47100026829753,3.45539811709065,3.48851299986438,96530.8436531902,96096.9373718912,97017.8844547311
2014-03-25,3.60684580640942,3.5743310076504,3.620537555678,100308.799108922,99404.5407646955,100689.575832006
2014-03-26,3.13814266698714,3.12569598910119,3.14548621289691,87273.8506865406,86927.7002330289,87478.0796197822
2014-03-27,1.66240730545704,1.65574871683627,1.66938677299686,46232.6612753922,46047.4814634015,46426.7649451678
2014-03-28,2.03684843405981,2.02266068890316,2.04442231286949,56646.1200044538,56251.5493033171,56856.7546500063
2014-03-29,2.64694140626623,2.63681794589398,2.64936560410737,73613.2144330733,73331.6742155895,73680.632999682
2014-03-30,2.5192566661742,2.50611280324922,2.52905027799671,70062.2162394698,69696.6766027839,70334.5831477276
2014-03-31,2.71975307092251,2.70783466050132,2.73347744756862,75638.1556240203,75306.6966427373,76019.8397363391
2014-04-01,3.80848941957014,3.789182198795,3.8302703535156,105916.643128257,105379.696379205,106522.385498407
2014-04-02,3.5792972577975,3.56260372470033,3.59679271794355,99542.6555095632,99078.3971664742,100029.215981317
2014-04-03,3.61203076302462,3.59107114291637,3.62884523226643,100452.996227241,99870.0951453309,100920.617885561
2014-04-04,2.5280673856671,2.52001649479811,2.53210020206747,70307.2482533273,70083.3475827218,70419.403580131
2014-04-05,2.48446886799133,2.4739592990771,2.48901712948183,69094.7442579487,68802.4661031506,69221.2344581495
2014-04-06,3.2194840784946,3.19721979729152,3.22617216632182,89536.0098538771,88916.8252725636,89722.0100585686
2014-04-07,3.77259044178593,3.74923548696661,3.78648610557248,104918.268497334,104268.751551806,105304.716219821
2014-04-08,4.36889275723948,4.35901375710536,4.371328205663,121501.835519446,121227.093905017,121569.566972291
2014-04-09,3.79444618281305,3.77137168497683,3.8015421766381,105526.091302559,104884.374053687,105723.43564642
2014-04-10,4.84131278884907,4.81849688183651,4.85690371965873,134640.15320454,134005.627539777,135073.747439073
2014-04-11,2.06271077908712,2.05530383792497,2.06500959174194,57365.3691520664,57159.3771543698,57429.300672613
2014-04-12,3.07884344866609,3.05559590218587,3.0955706604972,85624.6996839353,84978.1698363006,86089.8946551865
2014-04-13,5.24174552130875,5.20524783511537,5.27323306051716,145776.455855892,144761.430742868,146652.145423569
2014-04-14,4.82890522406904,4.79248232460037,4.8485611170567,134295.090512717,133282.145268627,134841.734069673
2014-04-15,1.91334753629409,1.90442341530086,1.91636498743891,53211.4772698685,52963.2914842875,53295.3946084387
2014-04-16,2.88073774470088,2.86919432275374,2.88702134726039,80115.2472903607,79794.2169898505,80289.9984886797
2014-04-17,2.4090895896487,2.40448246189381,2.41050021429535,66998.3960096234,66870.2686991593,67037.6264264179
2014-04-18,2.20487197379893,2.19497255367299,2.20670420198268,61318.9672504632,61043.6577423765,61369.9227441744
2014-04-19,4.36494750200166,4.33602641405566,4.37864265968182,121392.115327255,120587.800489168,121772.986840548
2014-04-20,3.48521596850204,3.47383909096845,3.48887100570439,96926.1918029429,96609.7932141881,97027.8408370698
2014-04-21,3.58356638150635,3.56705608455958,3.60159738504005,99661.3827009839,99202.2202780383,100162.836993258
2014-04-22,1.75762817697932,1.75406202216859,1.76468687838207,48880.8175274645,48781.6403722158,49077.1247440693
2014-04-23,3.23793202589213,3.22949845956627,3.24401803714034,90049.0596344312,89814.5165029091,90218.3156859613
2014-04-24,2.12424643427679,2.1164191369852,2.12711623236293,59076.7169628012,58859.0345794308,59156.5279708553
2014-04-25,3.34474862008923,3.34093155513249,3.34724546320248,93019.7007053015,92913.5455707374,93089.1395856129
2014-04-26,2.00163527027377,1.99622940026573,2.00360142605856,55666.8183204376,55516.4774526128,55721.4984304892
2014-04-27,3.28969191016401,3.2782607536917,3.29711829380731,91488.5367044247,91170.6285820076,91695.0694105521
2014-04-28,3.86381266801606,3.84739307481723,3.87381236352434,107455.219744023,106998.579853095,107733.317977695
2014-04-29,5.75198400679661,5.72522298680188,5.76780128882924,159966.530088479,159222.288187749,160406.419302218
2014-04-30,5.8040101240348,5.78477466338484,5.81521661241915,161413.411275689,160878.46022381,161725.071228012
2014-05-01,5.65371989269891,5.63849884929644,5.66617116533834,157233.739220866,156810.431803018,157580.017457551
2014-05-02,4.84045208958136,4.82961747656691,4.84724269982481,134616.216581083,134314.89873202,134805.068002878
2014-05-03,1.63403613575562,1.63131006466053,1.63556486425788,45443.6400322308,45367.8261681202,45486.1549964004
2014-05-04,3.18589800655827,3.17842484623848,3.18924075187243,88601.9586846443,88394.1250877949,88694.9226720689
2014-05-05,3.33077294188897,3.32155568965295,3.33426624167965,92631.0277283448,92374.6897664513,92728.1787366601
2014-05-06,3.75760261899571,3.73981743794511,3.76207537687855,104501.447101012,104006.829296738,104625.837495283
2014-05-07,4.292425711731,4.26849078118402,4.30353834796353,119375.235737239,118709.589278038,119684.285598322
2014-05-08,4.44665324579374,4.42488678672433,4.45730056659556,123664.406819594,123059.067005448,123960.515946705
2014-05-09,2.21963255979166,2.21684809264473,2.22047136224179,61729.4690391573,61652.0311417095,61752.7966974434
2014-05-10,3.51229461795868,3.50336822338414,3.51621008300871,97679.2671918769,97431.0181764759,97788.1588989811
2014-05-11,4.33843602077433,4.3257998417955,4.34921441891952,120654.813266882,120303.392660978,120954.567742757
2014-05-12,5.78169306042574,5.74865192826519,5.80574744632129,160792.758780291,159873.862751431,161461.727372794
2014-05-13,5.19509570298104,5.17066266793874,5.22060685601899,144479.093144465,143799.594065429,145188.575407492
2014-05-14,5.15478492734685,5.13136488544969,5.18069611952686,143358.023458639,142706.696397857,144078.631078305
2014-05-15,4.77911791392456,4.74928647639865,4.80978712023626,132910.472051184,132080.839781183,133763.403232574
2014-05-16,3.24786184840928,3.23545249677016,3.26609403297091,90325.2146533925,89980.1022678204,90832.2639248804
2014-05-17,3.93539596671596,3.91419627050208,3.95705337956355,109445.999254498,108856.421495197,110048.306420135
2014-05-18,4.38911275074681,4.36739158873422,4.41176646482721,122064.167089902,121460.087017263,122694.182060523
2014-05-19,3.34186516342361,3.3338041498678,3.35423753069555,92939.5098429982,92715.3276536883,93283.5936685326
2014-05-20,5.23531623620299,5.20085893436952,5.26055447305575,145597.653128328,144639.372471776,146299.545409343
2014-05-21,5.61348991332959,5.58622256105555,5.64345773984687,156114.916533314,155356.593192563,156948.341872571
2014-05-22,5.80105651677623,5.7665951298202,5.83497962161704,161331.269478383,160372.875211834,162274.693758561
2014-05-23,4.99820948424031,4.96806280683817,5.02920778908096,139003.555452257,138165.15615003,139865.639084291
2014-05-24,4.42324481739934,4.4018545396637,4.44569532298931,123013.402738106,122418.524778961,123637.766344423
2014-05-25,3.91632399603937,3.89896619434016,3.93297269659886,108915.594968346,108432.862870255,109378.606488516
2014-05-26,3.93138399064352,3.90792617848828,3.95085248510962,109334.423511181,108682.046034208,109875.855389661
2014-05-27,5.16905240400041,5.1314735793137,5.19990260600353,143754.811546139,142709.719247059,144612.776339007
2014-05-28,3.37581083940296,3.35875059047599,3.39191029738151,93883.5618416665,93409.1048855852,94331.2985575703
2014-05-29,3.34253578776027,3.327931667866,3.3568532109811,92958.1603552391,92552.0099936035,93356.3374902482
2014-05-30,6.27595505865782,6.21650388642478,6.31737447686994,174538.516195187,172885.139252453,175690.417974094
2014-05-31,5.17271719957377,5.14936843512458,5.1997617065533,143856.731967104,143207.387179918,144608.857830868
2014-06-01,5.11985829943262,5.09097579283497,5.14389111927258,142386.690529248,141583.448664315,143055.059355291
2014-06-02,5.21921182867409,5.19166136541482,5.24187562566445,145149.778762112,144383.581915128,145780.074145218
2014-06-03,3.65452926327247,3.63867946660988,3.67255692749256,101634.90800074,101194.114533351,102136.269424464
2014-06-04,5.3497472353445,5.32856558754433,5.37552243485445,148780.055903718,148190.980082898,149496.88147609
2014-06-05,5.35070215185019,5.31762369987107,5.3773496121596,148806.612771706,147886.67885368,149547.696501482
2014-06-06,5.69535155937396,5.65208430461628,5.7255696146931,158391.543771772,157188.252420151,159231.928141707
2014-06-07,4.62139518592152,4.59422818500093,4.6432368297075,128524.097282944,127768.564780586,129131.528034445
2014-06-08,5.45277425839611,5.41868043655535,5.48251352060894,151645.306461341,150697.134426983,152472.375274112
2014-06-09,5.21717160978405,5.19468031852619,5.23915596406846,145093.038907468,144467.541024394,145704.438533573
2014-06-10,3.94048811584085,3.92703752626218,3.95614622929522,109587.615334313,109213.545423826,110023.077963219
2014-06-11,5.27026800088796,5.24343275120316,5.29965966650707,146569.68512816,145823.378850002,147387.087046707
2014-06-12,3.83018565265709,3.80448839049885,3.84965992521213,106520.029910767,105805.371828378,107061.622481773
2014-06-13,2.82011254010473,2.81118320019927,2.83115156508621,78429.2197207964,78180.8887937688,78736.2224036553
2014-06-14,2.34312275686438,2.33560960055571,2.35299157431656,65163.8141802988,64954.8682681944,65438.272607519
2014-06-15,2.83719445284331,2.82856607927219,2.84818328514002,78904.2791619973,78664.3183104289,79209.8859526545
2014-06-16,3.41639381272756,3.40745941449801,3.42909867971139,95012.2015276842,94763.7299252735,95365.5323930407
2014-06-17,1.21999828144743,1.21791109327486,1.22286971860277,33928.9698244032,33870.9237225341,34008.8264160706
2014-06-18,1.27070787963013,1.26830673151937,1.27421783281727,35339.2377343771,35272.4601962175,35436.8518848088
2014-06-19,4.30204651579432,4.28114809978541,4.32538342970902,119642.796745902,119061.597791013,120291.811961782
2014-06-20,4.96279298915306,4.92213886585577,4.99245736790523,138018.598988486,136887.980574044,138843.58524203
2014-06-21,6.65927527377477,6.61943366289356,6.69799247678462,185198.908270786,184090.886371165,186275.65963395
2014-06-22,5.85384874262243,5.81097323371322,5.89226222578794,162799.456659412,161607.060022377,163867.761370158
2014-06-23,5.23432083152798,5.20889476608484,5.25737205998993,145569.970257217,144862.854337226,146211.040369196
2014-06-24,3.10533141251917,3.08761574960722,3.12565252580335,86361.3477103694,85868.6632521211,86926.4914895879
2014-06-25,5.61188454734953,5.5860043175515,5.63757286540878,156070.270229526,155350.523694453,156784.679570527
2014-06-26,1.99362558842094,1.9883582982205,2.00165565726339,55444.0637001889,55297.576829687,55667.3852962817
2014-06-27,2.61343675794967,2.60722692741845,2.62403653279878,72681.4277092746,72508.7281605029,72976.2145515759
2014-06-28,2.79766066903282,2.79099094818117,2.80591550745623,77804.8181395121,77619.3287327202,78034.3907282873
2014-06-29,3.84030975829399,3.82890051827709,3.85244932608955,106801.588073493,106484.289462389,107139.197589573
2014-06-30,5.59930505996507,5.57003040948447,5.62457435482151,155720.426254854,154906.27860573,156423.182279765
2014-07-01,6.50793289402906,6.46010756602081,6.5508534861734,180989.975263558,179659.920840113,182183.625695576
2014-07-02,6.55314510833625,6.49157476026386,6.59877229181355,182247.357243722,180535.044600668,183516.279794611
2014-07-03,5.5132863588538,5.48326045615227,5.53824905146881,153328.188529014,152493.148052152,154022.417740113
2014-07-04,5.87592492512467,5.84076407759126,5.91287804646912,163413.410089795,162435.563355826,164441.101159594
2014-07-05,5.38661893647888,5.35512114342188,5.41307349592734,149805.482622908,148929.507888831,150541.201650463
2014-07-06,5.34639251457004,5.3139631971327,5.37466104672656,148686.758870717,147784.877819333,149472.925694969
2014-07-07,6.42906838721675,6.38836285205775,6.46755181646339,178796.700475764,177664.652262993,179866.950433902
2014-07-08,6.15071782043994,6.09899310325193,6.18322530369843,171055.584668968,169617.085619145,171959.639564223
2014-07-09,5.766446100527,5.73538290789711,5.79784760586885,160368.730607314,159504.842402374,161242.027515503
2014-07-10,6.62970137661562,6.59390299606495,6.66171450659477,184376.438370982,183380.861416542,185266.744970233
2014-07-11,6.08287731557932,6.04186071312075,6.1232149740387,169168.894763506,168028.195560663,170290.712078717
2014-07-12,6.64516222236285,6.59548051516619,6.68550145551612,184806.414852748,183424.733279967,185928.275961252
2014-07-13,6.41148416604336,6.3670316983569,6.46551543552371,178307.671500354,177071.418582879,179810.31731523
2014-07-14,2.63114212249813,2.61455413893593,2.64322556201176,73173.8257631327,72712.5028233479,73509.8743140754
2014-07-15,5.36447100407685,5.32801957211805,5.39242422692815,149189.533779727,148175.795027965,149966.931640887
2014-07-16,5.87362912944178,5.83464946539346,5.90884454123107,163349.56247326,162265.51189272,164328.926675753
2014-07-17,6.00817082922853,5.97980214555193,6.03989880827523,167091.257311364,166302.305206219,167973.633672082
2014-07-18,4.86755475593265,4.84920147411455,4.89159919440391,135369.959895952,134859.542828605,136038.651843918
2014-07-19,3.87927425226616,3.86133463195743,3.89460769259317,107885.216764049,107386.303900504,108311.650015694
2014-07-20,2.84010177203492,2.83319284679717,2.85021396969541,78985.1336571406,78792.9918160616,79266.3606510624
2014-07-21,5.96294244743184,5.94724700536902,5.98589452093919,165833.425702482,165396.924939958,166471.738248722
2014-07-22,2.9666254054183,2.95235785140954,2.98459029359189,82503.8406950273,82107.0504562272,83003.4562748272
2014-07-23,5.70968274059052,5.68199908441859,5.74333887450278,158790.103525863,158020.202494714,159726.1031656
2014-07-24,2.52188334635419,2.51587125959307,2.52802073911573,70135.2659756215,69968.0658136198,70305.9509814723
2014-07-25,5.1070136767902,5.08317758197464,5.13353225901024,142029.472965365,141366.575194092,142766.972509104
2014-07-26,5.5991786323014,5.55565882249645,5.62978002988145,155716.910216798,154506.595140056,156567.955591917
2014-07-27,6.33851808331961,6.29644373547071,6.39574759698883,176278.435839463,175108.320028436,177870.026968628
2014-07-28,5.40592568383792,5.37442132347405,5.44053625931161,150342.416205942,149466.258830659,151304.95950515
2014-07-29,6.12769208860111,6.09023399568957,6.16280858754748,170415.223635166,169373.488967665,171391.837005208
2014-07-30,5.11016229137537,5.07575262630963,5.1370728032385,142117.038047114,141160.082200998,142865.43741689
2014-07-31,6.06310226763501,6.02762708924119,6.10740070358397,168618.93742735,167632.348941495,169850.906618977
2014-08-01,4.90950124874584,4.88227883291059,4.94037213599467,136536.51997275,135779.446344478,137395.060036164
2014-08-02,5.06996646040021,5.04352322723988,5.10156382968327,140999.165049289,140263.761013398,141877.909064948
2014-08-03,4.89616229197036,4.87122643404132,4.91964504149764,136165.554645334,135472.071724837,136818.625647336
2014-08-04,5.32583306851601,5.29631192079683,5.35904571868798,148114.986897443,147293.983994916,149038.652957149
2014-08-05,5.32182296458118,5.27946067504327,5.35182136123141,148003.463219527,146825.339557157,148837.738734669
2014-08-06,5.6822108519799,5.65387029372097,5.71469765851034,158026.091892516,157237.921974085,158929.571754106
2014-08-07,5.68338386839671,5.64703168820242,5.71083276466041,158058.714265198,157047.735771524,158822.086465969
2014-08-08,4.4774212806113,4.45365620307965,4.50556387283352,124520.086487965,123859.163754951,125302.750838242
2014-08-09,5.08622518171519,5.05567530274312,5.11527373671619,141451.330985314,140601.71837721,142259.190767627
2014-08-10,5.38392840160264,5.35010423981588,5.42331423439892,149730.65704486,148789.984437324,150826.003450486
2014-08-11,5.52647561742561,5.48774701933686,5.57270629427359,153694.990649062,152617.922381117,154980.696755037
2014-08-12,2.66113227756478,2.64610893326732,2.67826789131949,74007.8720743113,73590.0628010675,74484.42497676
2014-08-13,4.43233507535529,4.40160419584915,4.45832409630072,123266.208903962,122411.562549704,123988.980993753
2014-08-14,2.22276285863396,2.21018758684283,2.23412386146726,61816.5247478227,61466.798011627,62132.4818505234
2014-08-15,3.21022675212918,3.20064386605561,3.22652283784662,89278.5574035881,89012.0509196319,89731.762468686
2014-08-16,2.0292577785891,2.02337994582525,2.03733714305925,56435.0187887146,56271.5523203513,56659.7113292506
2014-08-17,3.66164125406331,3.64246409421014,3.67808363860052,101832.697230941,101299.367563293,102289.970964263
2014-08-18,4.71551646668124,4.68887048263809,4.74397585995118,131141.673178987,130400.630505165,131933.147978715
2014-08-19,3.78079166792627,3.75857431573034,3.80235712188296,105146.350092587,104528.470638413,105746.099819839
2014-08-20,3.06229428388082,3.05224181251055,3.07323736829729,85164.4563203528,84884.8903545893,85468.7908318012
2014-08-21,3.17728499500475,3.1689542750655,3.18779065574199,88362.4250610804,88130.7421564955,88654.5945268575
2014-08-22,1.60377709874801,1.60041238312357,1.61037992403763,44602.1159340748,44508.5409375969,44785.7449304547
2014-08-23,3.43136817487932,3.42580630946402,3.43691544519794,95428.648574629,95273.9693699836,95582.9218798546
2014-08-24,3.28908734356226,3.275632711321,3.30840166644637,91471.7233020623,91097.5409624195,92008.8675655249
2014-08-25,4.91153616130057,4.87583641579448,4.94628992389159,136593.112254653,135600.278406905,137559.637683555
2014-08-26,4.82337067367818,4.79229635046238,4.85933457042551,134141.170957207,133276.973203214,135141.351028003
2014-08-27,4.89246425909744,4.85717760272863,4.93069191203588,136062.709872794,135081.364310797,137125.846520386
2014-08-28,4.24522469117341,4.22097080516667,4.26811721690959,118062.543722395,117388.0268981,118699.200205211
2014-08-29,4.54179396690376,4.5179481500872,4.571429559045,126310.334034987,125647.16588835,127134.519713589
2014-08-30,3.46417924629741,3.45290930302227,3.47882059469586,96341.1464600606,96027.7217846985,96748.3321713471
2014-08-31,2.53293101707059,2.52533246622143,2.54195924561595,70442.5091021625,70231.1883106574,70693.590188539
2014-09-01,3.01514348082157,3.00211202834484,3.03240541814044,83853.1608877923,83490.7474610072,84333.2269332195
2014-09-02,2.98268529702963,2.96590510064834,3.00074871998494,82950.4770437419,82483.8085366414,83452.8329418578
2014-09-03,1.77485452727625,1.77043502237997,1.77795964164108,49359.8938739621,49236.9844809368,49446.2491854308
2014-09-04,3.80897189247692,3.78758544992754,3.83353304674258,105930.061023138,105335.289723093,106613.123183638
2014-09-05,4.81325837022805,4.78317427778059,4.8468375161514,133859.941021205,133023.282248511,134793.799573375
2014-09-06,4.75416163708346,4.72597777085123,4.78880719313351,132216.421267058,131432.609058902,133179.937399538
2014-09-07,4.77169354606506,4.73717823713223,4.81050995262778,132703.995405356,131744.101532495,133783.505685809
2014-09-08,2.55202266669738,2.52933667016692,2.56956466339807,70973.4606731079,70342.5479059154,71461.3153576339
2014-09-09,2.43799007065419,2.42931032862313,2.45175568687987,67802.1377548844,67560.748312019,68184.9687675488
2014-09-10,1.88006794737494,1.87509846567789,1.88699103990788,52285.949598742,52147.7449823043,52478.4854417949
2014-09-11,4.54556526149355,4.51880597869145,4.57459917335231,126415.216264972,125671.022676733,127222.668811685
2014-09-12,3.65956802374459,3.6419697562257,3.68374274326224,101775.039306342,101285.61969265,102447.354457519
2014-09-13,4.33562262743221,4.30792906663859,4.36830173553537,120576.57091256,119806.394427244,121485.398809764
2014-09-14,4.3373279128292,4.31160977968412,4.37386147259927,120623.996042297,119908.757523777,121640.018823531
2014-09-15,4.33751275302506,4.3015572254384,4.3686516967888,120629.13657202,119629.189253192,121495.131466759
2014-09-16,3.65051261086967,3.62652706745128,3.67729775856722,101523.202205542,100856.148168466,102268.115113857
2014-09-17,3.41512945509222,3.40068767143759,3.43283402755396,94977.0388944993,94575.4032124824,95469.4149198947
2014-09-18,2.21676491611732,2.20829145532556,2.22952263799062,61649.717946739,61414.0653233839,62004.5187419941
2014-09-19,1.9707171000602,1.95970266937748,1.9810005793411,54806.9632860867,54500.644587159,55092.9537366614
2014-09-20,3.98084224467673,3.95586096372686,4.0158947538602,110709.890701733,110015.144536584,111684.724473584
2014-09-21,3.988342887238,3.94977664335912,4.02833170967557,110918.488598135,109845.935509573,112030.604549797
2014-09-22,3.50027198870709,3.482892169212,3.52961567384329,97344.9098150754,96861.5653873251,98160.9773642375
2014-09-23,2.68480954214554,2.67683134297285,2.69565068283311,74666.3526703101,74444.4736044953,74967.8520583372
2014-09-24,3.56579475351867,3.54678871016921,3.59254018463223,99167.141816473,98638.5710134713,99910.95017997
2014-09-25,3.65694501167235,3.63117588340478,3.68888225725992,101702.091582725,100985.434855672,102590.28778619
2014-09-26,2.30739554819633,2.30073884304952,2.31729808937234,64170.2165636117,63985.0891322942,64445.6128701928
2014-09-27,2.12068856093392,2.11602751667978,2.12520840522645,58977.7701207234,58848.1433562814,59103.4700196038
2014-09-28,2.85262545892351,2.84913737123845,2.85987219058823,79333.4257826256,79236.4197264605,79534.9622468295
2014-09-29,1.20647816851062,1.20073296316808,1.21262633105279,33552.9664227335,33393.188411841,33723.9509434012
2014-09-30,1.42647946673992,1.42114739794352,1.43148319362144,39671.3499667623,39523.0615600935,39810.5069647307
2014-10-01,1.99786193806932,1.9919713631632,2.00748966654305,55561.8794230232,55398.0585871439,55829.6330041801
2014-10-02,2.77578185983871,2.76806224602313,2.78610665660297,77196.3537931032,76981.6661593681,77483.4933105801
2014-10-03,3.19006282257968,3.16810700650283,3.2110087392047,88717.7850093723,88107.179049946,89300.3049882297
2014-10-04,3.0681954691802,3.0522682739805,3.091141851471,85328.5722383796,84885.6262658025,85966.7265080724
2014-10-05,2.94775390238388,2.93291748172772,2.97029212776205,81979.0115483531,81566.4007468461,82605.8147007675
2014-10-06,2.55248573776543,2.54013847850409,2.57081374335909,70986.338989851,70642.9534349183,71496.0531084571
2014-10-07,2.9179060685325,2.9047202578755,2.93571205919713,81148.9232855518,80782.2170543258,81644.1198191379
2014-10-08,2.3254833322563,2.31751743564735,2.33678616074058,64673.2499603744,64451.7130371019,64987.5891954415
2014-10-09,2.90755768236002,2.89497617882892,2.92864072690335,80861.1277308228,80511.2276857623,81447.4613289887
2014-10-10,3.03114209828669,3.01636005640293,3.05126344101487,84298.0931614361,83886.9946700333,84857.6811876102
2014-10-11,1.3205063425159,1.31564274602083,1.325507177805,36724.1663611192,36588.9064831108,36863.2429419645
2014-10-12,2.02090214066959,2.01715554130535,2.02805144366167,56202.6428983992,56098.4474591871,56401.4698059224
2014-10-13,2.38919172188822,2.38189373353303,2.40243225722594,66445.0229720692,66242.0610249522,66813.2511333414
2014-10-14,1.73456235678207,1.72619516811496,1.74501095903654,48239.3416095484,48006.6444852012,48529.9242406803
2014-10-15,1.04412126798312,1.04071306790138,1.05111555517173,29037.7122108622,28942.9278824847,29232.2280250027
2014-10-16,1.40711628265625,1.40289209207609,1.41372908066466,39132.8468405943,39015.3692695956,39316.7531849672
2014-10-17,2.31683353960258,2.30501515498442,2.33379822217602,64432.6934297642,64104.0162330989,64904.4926215073
2014-10-18,1.07968995865677,1.07499883322761,1.0860261255667,30026.9013358895,29896.4379938103,30203.1143840212
2014-10-19,2.44380116093301,2.43368939323369,2.4610699072453,67963.7480700095,67682.5330335962,68444.0034781073
2014-10-20,2.52368415874829,2.50823595844786,2.54497919248871,70185.3477751683,69755.7229717522,70777.5769349758
2014-10-21,0.833745825361696,0.832641355838942,0.83448112980744,23187.0301623356,23156.3141247155,23207.4794717574
2014-10-22,1.514713450643,1.51136182956613,1.52078108502975,42125.1961916789,42031.9853633449,42293.9411703762
2014-10-23,0.565836513166903,0.564808893978107,0.566840972343034,15736.2926429767,15707.7138646474,15764.2273258325
2014-10-24,0.970403875714794,0.969056394169044,0.973590338083214,26987.5821280245,26950.1077631832,27076.1997819907
2014-10-25,1.45793668343021,1.4513042376089,1.46696344974398,40546.1962448886,40361.7434816712,40797.2366656245
2014-10-26,0.787469278465805,0.786012594285834,0.789971559537362,21900.0483795864,21859.5370163021,21969.6384931628
2014-10-27,1.41053183242681,1.4053289057595,1.41530503927264,39227.8355687435,39083.1386912329,39360.5816500296
2014-10-28,0.857940830333002,0.853286628535017,0.861591480082506,23859.9094655743,23730.4729944236,23961.4364816972
2014-10-29,0.897782908708261,0.895970073360642,0.899483791632275,24967.9443665185,24917.5282005768,25015.2470605315
2014-10-30,0.963103627976748,0.960247958268229,0.968414118158873,26784.557345956,26705.1392575519,26932.2456369004
2014-10-31,1.48709944542715,1.48116164252802,1.49560398521883,41357.232200297,41192.0979222808,41593.7491514684
2014-11-01,0.678654093521847,0.6764620147972,0.681849224305246,18873.8251606322,18812.8619822144,18962.6838890284
2014-11-02,0.689411858027602,0.688225370889365,0.691241716606427,19173.0058011662,19140.0087986929,19223.8953945763
2014-11-03,0.772688225273947,0.770392443286831,0.773936277795539,21488.9773843679,21425.1301487211,21523.6865614121
2014-11-04,0.430561868070721,0.430366686176836,0.43086719445622,11974.214104612,11968.7859653362,11982.7054360161
2014-11-05,0.961391827238069,0.960864946059534,0.962165025436379,26736.9510202002,26722.2981015204,26758.4541802765
2014-11-06,0.549073824409211,0.547925815685089,0.550425365816406,15270.1110346216,15238.1841426323,15307.6983069305
2014-11-07,0.940115721642622,0.937943318685867,0.942369646936329,26145.2482647895,26084.8322826631,26207.9314377412
2014-11-08,1.64062659537858,1.63838337243528,1.64514709699253,45626.9251311336,45564.5395977192,45752.6433105631
2014-11-09,0.373728126217848,0.370356049591374,0.37532381130836,10393.6296548976,10299.8499440201,10438.0067266596
2014-11-10,0.915740222952409,0.911326595363297,0.921007056904136,25467.3493102649,25344.6033690908,25613.8234921845
2014-11-11,1.50340293324889,1.50003568396182,1.50668728223519,41810.6431228765,41716.9976635429,41901.9830692874
2014-11-12,1.79054103994506,1.78377446033994,1.80051059920851,49796.1463040547,49607.963190416,50073.4064285615
2014-11-13,1.78696334525518,1.77911365999677,1.80083033737124,49696.6482170331,49478.3432093015,50082.2985611489
2014-11-14,1.74668892423991,1.73607860326126,1.75715099938235,48576.5895775232,48281.5094402916,48867.5468986984
2014-11-15,1.68151158877688,1.67447758312245,1.69070355186191,46763.9641978083,46568.3437865149,47019.5988514644
2014-11-16,1.59343391281574,1.58738600646638,1.60428359370679,44314.4650015112,44146.2686727553,44616.2018983209
2014-11-17,1.55102300537604,1.54521650400135,1.55798154285572,43134.9892427096,42973.5065480834,43328.5108334857
2014-11-18,0.614915135870566,0.613263905861744,0.617814679315769,17101.2020318328,17055.2802186676,17181.8402782573
2014-11-19,1.35440924075314,1.34979514656827,1.36185009296085,37667.0286821109,37538.70763056,37873.9637687108
2014-11-20,0.39585576517658,0.393192943064293,0.397055004299922,11009.0141238211,10934.9592563107,11042.3657675463
2014-11-21,0.454716301920611,0.453647786027616,0.455428581596279,12645.9650977742,12616.248954693,12665.7740729095
2014-11-22,0.644643586650321,0.643540810346509,0.646176761975027,17927.9701714042,17897.3012233375,17970.6088046863
2014-11-23,0.396726540986082,0.395751825777654,0.397544975447249,11033.2309826591,11006.123499479,11055.9921935218
2014-11-24,0.537602697230896,0.536172604049937,0.538700561214378,14951.091300083,14911.319450302,14981.6236332291
2014-11-25,0.36319133147233,0.361989350357496,0.363663400847521,10100.5943314851,10067.166431139,10113.7228971802
2014-11-26,0.238341465908421,0.237653706423436,0.239468735591241,6628.43589838231,6609.30884618284,6659.78602373412
2014-11-27,0.434450837387295,0.43443853309928,0.434467244188866,12082.3689476119,12082.0267571161,12082.825231759
2014-11-28,0.321971339387103,0.32070939133876,0.322181109159419,8954.2387268178,8919.14310586216,8960.07256476922
2014-11-29,0.505823074979048,0.503637103436118,0.513072424394085,14067.2787072205,14006.4853736191,14268.8879728151
2014-11-30,0.759815194205951,0.757098560080345,0.764894130655589,21130.9697631305,21055.418347466,21272.218389592
2014-12-01,0.661252889045595,0.65730106993012,0.664079159816897,18389.886002224,18279.9832641961,18468.4864864816
2014-12-02,1.1878007715623,1.18425943445231,1.19101837000242,33033.5354963997,32935.0485380407,33123.0190653867
2014-12-03,0.93658647293569,0.933318280641095,0.942626208623641,26047.0974930211,25956.2068750342,26215.0665902076
2014-12-04,0.403872880566328,0.401435326962052,0.405239911346123,11231.9754757132,11164.1854763808,11269.9935178548
2014-12-05,0.521167456506145,0.519409884349071,0.522729902149323,14494.0162409729,14445.1369813965,14537.468901428
2014-12-06,0.219868789390798,0.218951180389369,0.220398085084513,6114.69838442549,6089.17906313337,6129.4184523906
2014-12-07,0.730427178493483,0.727315068592359,0.732203708606593,20313.6693509329,20227.1194889116,20363.0758439718
2014-12-08,0.614405481668103,0.611478089593851,0.616661687818913,17087.0282069027,17005.6154714407,17149.7748120189
2014-12-09,0.39604594537364,0.395519793141752,0.39631515913961,11014.3031625562,10999.6705163711,11021.7901778092
2014-12-10,0.58286043290362,0.582464470516518,0.582965012771794,16209.73925993,16198.727280579,16212.6476961512
2014-12-11,0.356098272501052,0.355943668828284,0.356256375899834,9903.33160787402,9899.03197612219,9907.72856935175
2014-12-12,0.313341702614045,0.312869574442615,0.313601980979416,8714.24274475685,8701.11254389893,8721.48126053094
2014-12-13,0.227913163842282,0.227348925487176,0.22827368512164,6338.41782909289,6322.72598229664,6348.44416748565
2014-12-14,0.870133381906197,0.865345070228873,0.873248456199448,24198.9924960181,24065.8263392453,24285.6247997711
2014-12-15,0.745737994520423,0.743711507889075,0.749620309049685,20739.473405631,20683.1154543042,20847.4431745358
2014-12-16,0.650179463580257,0.648072318748994,0.652973633381726,18081.9266188547,18023.3255089328,18159.6343536277
2014-12-17,0.724785422687486,0.722601125992365,0.727925921130737,20156.7683409813,20096.0215860199,20244.1077073845
2014-12-18,0.482960664670387,0.481391299149543,0.483892628942166,13431.459754627,13387.8146477364,13457.3783056082
2014-12-19,0.369804348580171,0.368977680561983,0.370484426462446,10284.5067691601,10261.5165775586,10303.4201908401
2014-12-20,0.50264055244843,0.501984096718797,0.503417287059097,13978.7706227839,13960.5141489999,14000.3721328579
2014-12-21,0.600756051410877,0.599090666975377,0.601861991142121,16707.4284038863,16661.1129466292,16738.1853289899
2014-12-22,0.832921391672036,0.829772429788222,0.834426321540872,23164.102108908,23076.5273685507,23205.9552171328
2014-12-23,0.579261674540141,0.577819439627576,0.580771223062038,16109.655378029,16069.5458585549,16151.6369340908
2014-12-24,0.380048202381962,0.378262196223935,0.380929588304079,10569.3952086046,10519.7251804059,10593.9071417851
2014-12-25,0.627401673672652,0.624959801266017,0.629319385346334,17448.4610163255,17380.5509082051,17501.7938631808
2014-12-26,0.744938575100382,0.742992402847551,0.74771958307508,20717.2410158054,20663.1166611702,20794.5827113552
2014-12-27,0.486813338769416,0.484981861792751,0.487976483279845,13538.6052033027,13487.6706011641,13570.9530316529
2014-12-28,0.539338299826294,0.536783939930132,0.541754873352318,14999.3595714256,14928.3211108347,15066.5661007214
2014-12-29,1.03009427804821,1.02542669298693,1.03362534194277,28647.612220177,28517.8035515046,28745.8134735299
2014-12-30,1.24862556893018,1.24270892595446,1.25454077864383,34725.1138747084,34560.568068343,34889.6198210949
2014-12-31,1.21796520242279,1.21450177371888,1.22235644038958,33872.4285342011,33776.1082608276,33994.5518049732
2015-01-01,0.820226349713744,0.818586605912137,0.822683015148143,22811.0444840961,22765.4421100514,22879.3659962325
2015-01-02,0.338455715657496,0.337016021677298,0.33973311356381,9412.68027838186,9372.64142393974,9448.20557024184
2015-01-03,0.417511086726098,0.414686920697835,0.419697523250388,11611.2631290571,11532.7211791141,11672.0693941017
2015-01-04,0.324705468909984,0.323156337204429,0.327554330212187,9030.27670120556,8987.19431027841,9109.50544326715
2015-01-05,0.400074502056528,0.399078758192929,0.40136962301966,11126.3400237618,11098.6477195884,11162.3582057095
2015-01-06,0.514693057869979,0.510318450424648,0.518404412620034,14313.9588758944,14192.2981110693,14417.1741387658
2015-01-07,0.62412093848472,0.618969795103696,0.62686727577038,17357.2215720689,17213.964822454,17433.599052521
2015-01-08,0.717167595828511,0.710320068539809,0.723517441153422,19944.9114707248,19754.4771477563,20121.5049247442
2015-01-09,1.01163119535867,1.00453210723608,1.01583073114159,28134.1415170088,27936.711118659,28250.9334215729
2015-01-10,0.632467401029259,0.630684567001975,0.634004436282405,17589.3422890573,17539.7604799404,17632.0882695362
2015-01-11,0.651929626658892,0.650181039701609,0.65519066085993,18130.5998269942,18081.9704518458,18221.2913736021
2015-01-12,0.854777686471221,0.852621240559962,0.85856777062849,23771.9403149053,23711.9681089082,23877.3450953541
2015-01-13,0.670526514063398,0.668293269893914,0.67276843305774,18647.7917289588,18585.6837119319,18710.1409986787
2015-01-14,0.623776419319906,0.622698609228904,0.625068866379615,17347.6402632059,17317.6656422493,17383.5840821074
2015-01-15,1.05725043422857,1.05526439716961,1.05900553274876,29402.8431230409,29347.6101014309,29451.653589118
2015-01-16,0.613931985658616,0.612205884898633,0.615082345539854,17073.8599655517,17025.8559466199,17105.8522447961
2015-01-17,0.849224305819863,0.848165369938074,0.850237941032371,23617.4970772314,23588.0473606821,23645.6869518083
2015-01-18,0.679145160270194,0.677109397257576,0.680222215039589,18887.4820560064,18830.8661222996,18917.4356709628
2015-01-19,0.874423395441438,0.872166695914447,0.875725262116321,24318.3006475106,24255.5403212721,24354.5064322229
2015-01-20,1.38851690770321,1.38330026207366,1.39298797614752,38615.5857582378,38470.5073471933,38739.9291680907
2015-01-21,1.37279149869117,1.36839654997568,1.37555270650803,38178.2515947725,38056.0251255919,38255.042634663
2015-01-22,0.906075581665281,0.903022677772208,0.90857717335703,25198.5691590293,25113.6658557706,25268.1401004913
2015-01-23,0.548844945854176,0.547413888478284,0.550672898104626,15263.7457686165,15223.9471039282,15314.5823457569
2015-01-24,1.16510483131642,1.1645114143751,1.16557779974706,32402.346187817,32385.842864983,32415.4997568467
2015-01-25,0.976754033549816,0.974353755375436,0.97715984350165,27164.1842731595,27097.4309285137,27175.4701198854
2015-01-26,1.61620815252623,1.60973911979036,1.62158016562011,44947.8318706796,44767.9237348845,45097.2311550312
2015-01-27,1.44649604567755,1.44345003766779,1.44982868089714,40228.0244417106,40143.3129175883,40320.7072606299
2015-01-28,1.4061603778357,1.39969301779584,1.41008018462394,39106.2624869074,38926.4008699091,39215.2749406607
2015-01-29,1.56722840271145,1.56273247673958,1.57265186408216,43585.672203126,43460.6374887724,43736.5022985357
2015-01-30,1.50170527002674,1.49851817888232,1.50592399147713,41763.4299709301,41674.7948302819,41880.7554417642
2015-01-31,1.02863970249449,1.02295185656916,1.03398442643237,28607.1594992017,28448.9766921428,28755.7998538366
2015-02-01,0.891997300319483,0.886629935128086,0.895413324364976,24807.0427198327,24657.772696764,24902.0446378858
2015-02-02,0.749268894958791,0.746267248783071,0.751064559774801,20837.6701131577,20754.1923213703,20887.6087551079
2015-02-03,1.39711979736141,1.39027836946626,1.40208746568388,38854.8378851093,38664.5731903632,38992.9920703845
2015-02-04,1.30412396222927,1.29678470480405,1.30896873790282,36268.5613862192,36064.451718607,36403.2978445681
2015-02-05,0.364174478677303,0.362798875522476,0.364528614636512,10127.9363141401,10089.6798685039,10137.7850725003
2015-02-06,0.633716285734743,0.633662440872201,0.63379407780446,17624.0746096932,17622.5771479802,17626.2380592867
2015-02-07,0.419655549412373,0.419615930744802,0.41975462881977,11670.9020735365,11669.8002518398,11673.6575382572
2015-02-08,1.06977807239053,1.06752151135615,1.07047509696569,29751.2451360865,29688.4886614203,29770.6298566528
2015-02-09,0.801001775985744,0.799236336342922,0.80218307513114,22276.3962048129,22227.2981451852,22309.2489257283
2015-02-10,0.927094726784317,0.924731773211696,0.928258828279682,25783.1256713815,25717.4103489248,25815.5001141241
2015-02-11,1.23206955802424,1.22960390689241,1.23491789230805,34264.6801159218,34196.1087055177,34343.8942012486
2015-02-12,1.16277797484878,1.1607737647624,1.16366729558238,32337.6347500413,32281.8963243593,32362.3673556467
2015-02-13,1.9468026259976,1.94469217517587,1.94796072923648,54141.8857354251,54083.1926836926,54174.0933626348
2015-02-14,1.19598880412295,1.19142746434427,1.19746802833344,33261.2501693595,33134.3962531999,33302.3883859985
2015-02-15,2.37017389861547,2.36398381510227,2.37811958636282,65916.1245615064,65743.9741905396,66137.0994627942
2015-02-16,2.295607280345,2.28661360624228,2.30549565376067,63842.3769344155,63592.2568302464,64117.3792260864
2015-02-17,2.54193708057202,2.53274815984499,2.55567796681708,70692.9737638127,70437.4237201715,71075.1170191427
2015-02-18,1.99565577465623,1.98521176858539,2.00541621233243,55500.5245399806,55210.0697317961,55771.9688529973
2015-02-19,1.75991337540894,1.75087743312131,1.76582276288878,48944.3704272847,48693.074816566,49108.714453447
2015-02-20,1.07789066043184,1.07466929902381,1.08126387294426,29976.8616464022,29887.2734267557,30070.6729470292
2015-02-21,1.99189725442135,1.97720930833119,2.0011674719651,55395.9975733669,54987.5159490451,55653.8085359648
2015-02-22,2.7988585859978,2.78430565850051,2.8176929614858,77838.133013127,77433.4063463596,78361.929617853
2015-02-23,2.43402633774486,2.41539341018987,2.45098816332006,67691.9036862649,67173.709483562,68163.6234229722
2015-02-24,1.91382522162477,1.90579953743705,1.91973093976884,53224.7620190494,53001.5623631432,53389.003998525
2015-02-25,2.38098518592617,2.36788542588308,2.38799237009543,66216.7937071158,65852.480601132,66411.6681949312
2015-02-26,2.4584021207418,2.44603331085459,2.47184523345824,68369.8105475503,68025.8256552689,68743.6725214877
2015-02-27,2.13748367951932,2.1314268924019,2.14541918683084,59444.8536243209,59276.4103154534,59665.5454008653
2015-02-28,3.06429830406442,3.05120078915744,3.07840117419978,85220.1894647112,84855.9387974672,85612.3997346244
2015-03-01,2.19599939839009,2.18337539948206,2.20839736773429,61072.2149821289,60721.1331121563,61417.0108184509
2015-03-02,1.30306831796352,1.29755852512049,1.30804891109372,36239.203211718,36085.9721802055,36377.7168445584
2015-03-03,3.06552964691129,3.05288930325903,3.07965312684514,85254.4339345027,84902.8975062392,85647.2173767242
2015-03-04,3.19119870254521,3.16782616031641,3.2126875122517,88749.3745924566,88099.3685292843,89346.9927917454
2015-03-05,2.28670233354974,2.27006646293269,2.29919930626607,63594.7243961302,63132.0696852572,63942.2735825811
2015-03-06,2.86769164244123,2.84817400893938,2.88068947068984,79752.4264432947,79209.6279752982,80113.9047577612
2015-03-07,2.66981249050684,2.66072465697098,2.67924087242101,74249.2746135272,73996.535872419,74511.4842332649
2015-03-08,2.65905136649884,2.6468737246745,2.66879380922707,73950.0005429844,73611.3321626485,74220.9444044381
2015-03-09,3.27520832263001,3.26601026001507,3.28411711325558,91085.7384285064,90829.9341428357,91333.4978662889
2015-03-10,3.43036742197545,3.41562916589717,3.44064305981399,95400.8169656888,94990.9361868805,95686.5893404963
2015-03-11,0.953951756751758,0.952773079805304,0.954573759922434,26530.0376737962,26497.2578779906,26547.3359988262
2015-03-12,2.14957129188063,2.14760404003074,2.15066802549358,59781.018224954,59726.3076325977,59811.5191217383
2015-03-13,3.2508426987046,3.24362082687727,3.2557879649989,90408.1140978089,90207.2690023435,90545.6452676675
2015-03-14,0.871498148165456,0.869109170521338,0.871901708406601,24236.9475603259,24170.5084910001,24248.1708410898
2015-03-15,0.782380820722082,0.782240440536441,0.782536036400678,21758.5349595554,21754.6308925129,21762.8516115994
2015-03-16,1.85792914683688,1.8518784923638,1.86359695189031,51670.2547188171,51501.9819628987,51827.8801757976
2015-03-17,1.34596112591895,1.3420829194489,1.34937776442633,37432.0809468219,37324.2254257971,37527.099953472
2015-03-18,1.56463560956129,1.56191029457121,1.56676352729717,43513.5648879842,43437.7720516608,43572.7437063049
2015-03-19,2.23865488478544,2.23242040856972,2.24165812451576,62258.492645599,62085.107683824,62342.0147552076
2015-03-20,2.40118094164585,2.39717515209811,2.4039270758319,66778.4512084534,66667.0475165343,66854.8230405694
2015-03-21,1.71542839475617,1.7119398047351,1.71798925113393,47707.2133024269,47610.1932759608,47778.4324345247
2015-03-22,3.34415266173785,3.33556142528416,3.34876543030795,93003.1267041506,92764.1986607064,93131.4108894664
2015-03-23,1.36779739049522,1.36402774772988,1.36959301574286,38039.3620988962,37934.5258072562,38089.2996404235
2015-03-24,2.41157645786812,2.40523000664798,2.41702016153247,67067.5574814525,66891.0584197615,67218.9505286146
2015-03-25,1.75315280513287,1.74860620818682,1.75662804242594,48756.3544371142,48629.9105290103,48853.0031152658
2015-03-26,1.53674812698199,1.53435759073155,1.53753210296006,42737.9953078458,42671.5128926335,42759.7982052004
2015-03-27,3.93686322834151,3.93474397046027,3.941667883378,109486.804783633,109427.866801673,109620.425460177
2015-03-28,2.07566906854412,2.07363221122017,2.07649278028268,57725.7478662401,57669.1014990019,57748.6558417241
2015-03-29,2.53927187068975,2.53267161945559,2.54475025525055,70618.852490819,70435.2950806464,70771.2100369535
2015-03-30,4.07708602968843,4.06896455068581,4.09525467395187,113386.494863481,113160.631089573,113891.777036693
2015-03-31,2.34432446707085,2.33434351511696,2.35537569739844,65197.2345465017,64919.6575836386,65504.5766682156
2015-04-01,2.87588435987596,2.86810327949187,2.88351711767853,79980.2714057424,79763.8743455435,80192.5435155468
2015-04-02,3.02043659922846,3.01057873035382,3.03058811087448,84000.3660580252,83726.2121180838,84282.686400232
2015-04-03,3.04858354909313,3.03603990037403,3.06091308287178,84783.1515972592,84434.3043198899,85126.0441946392
2015-04-04,2.7037850385953,2.69480141056418,2.71405969202479,75194.073943559,74944.2332273737,75479.8189412912
2015-04-05,3.90239625052956,3.88080914801359,3.92247997350804,108528.255031634,107927.90324344,109086.796827357
2015-04-06,1.86826888415121,1.86438973739164,1.87451628991745,51957.8097430044,51849.9280718978,52131.5542842443
2015-04-07,3.59745127845972,3.57697147299012,3.61391571261097,100047.530990625,99477.9738753776,100505.417938491
2015-04-08,3.9664094782355,3.94931862638052,3.98561568738335,110308.505794464,109833.197750445,110842.643342465
2015-04-09,4.32129291080856,4.30148835347345,4.34185919623485,120178.05188978,119627.27387769,120750.01407058
2015-04-10,3.55204164492252,3.53634562863648,3.5694723767102,98784.6586493681,98348.1419173111,99269.4189820955
2015-04-11,2.8216838937329,2.81193798759727,2.83039785263549,78472.9201182842,78201.87993715,78715.2611552786
2015-04-12,3.04508271289707,3.03915646078013,3.05238619410844,84685.7909964594,84520.9779534371,84888.9057035881
2015-04-13,3.8739993031247,3.85239687829557,3.89628998912769,107738.516893264,107137.738981273,108358.435809759
2015-04-14,1.98870358439879,1.98164764048025,1.99543168405383,55307.1794697088,55110.9489405879,55494.2924301471
2015-04-15,4.93429469566498,4.91592187352534,4.96107698564035,137226.042347621,136715.081850837,137970.875780767
2015-04-16,5.29129623191078,5.25949431386171,5.32876104112099,147154.494325585,146270.06167166,148196.415777853
2015-04-17,5.31974680640535,5.29357226344932,5.35256289646644,147945.72386926,147217.792288021,148858.361326516
2015-04-18,5.22198877551489,5.18987935018857,5.25504824465494,145227.007514807,144334.022877416,146146.413507357
2015-04-19,4.99504744551446,4.9619849819543,5.02606322133515,138915.617036159,137996.127766779,139778.186547857
2015-04-20,5.39907809401793,5.36361773866166,5.43547822130946,150151.980143937,149165.803896689,151164.292078519
2015-04-21,4.70492615355028,4.67944926507635,4.73222179658294,130847.149473409,130138.62013087,131606.259599116
2015-04-22,3.77694961771185,3.75111434433689,3.79326462761553,105039.500101262,104321.003834444,105493.231460662
2015-04-23,3.11476757127904,3.09816378485615,3.13187766286234,86623.7736093978,86162.0111814666,87099.616723155
2015-04-24,3.18400372028099,3.17261136647354,3.19617534729083,88549.2773137621,88232.4483194594,88887.7784180757
2015-04-25,3.48761886900974,3.4734796551462,3.50523098382641,96993.0180764357,96599.7970630849,97482.8227927585
2015-04-26,3.33252305964032,3.31934900973306,3.35209898975419,92679.6996759022,92313.3205190084,93224.119411748
2015-04-27,5.62092767400794,5.58015250705924,5.65960143546434,156321.76564241,155187.780922902,157397.30886686
2015-04-28,5.67859131982894,5.63964891775254,5.71719797060267,157925.430277663,156842.415977534,158999.107109051
2015-04-29,4.5284269631566,4.50004525553136,4.54948325483974,125938.588702492,125149.274392607,126524.178285686
2015-04-30,5.06733343829728,5.03507038753954,5.09448029171452,140925.938940011,140028.681876415,141680.911126798
2015-05-01,4.05838968750118,4.03166902547857,4.08156549489702,112866.537057356,112123.417538878,113511.071792976
2015-05-02,5.92876796957389,5.90490426847238,5.95481056210471,164883.010570232,164219.345049645,165607.272521715
2015-05-03,6.13997208492599,6.10065882570158,6.17749398676493,170756.738562758,169663.410476802,171800.247799293
2015-05-04,6.0832922716376,6.03575564745098,6.11844380424711,169180.434969581,167858.409592899,170158.022649274
2015-05-05,4.82399482290376,4.79227257320174,4.85049051008345,134158.528965462,133276.31194166,134895.391782785
2015-05-06,4.37376747445897,4.34403289230305,4.40639019251321,121637.404672254,120810.466015002,122544.664324406
2015-05-07,5.52283350854814,5.48670859482392,5.56835831292025,153593.701160314,152589.043099481,154859.776479675
2015-05-08,3.64552175434098,3.62503045508898,3.66746629493793,101384.403140711,100814.526375673,101994.695521485
2015-05-09,6.13984429021667,6.09068153906827,6.18649826541644,170753.184506246,169385.935448961,172050.662823071
2015-05-10,4.87809273589624,4.85141425642793,4.90961433372885,135663.028181074,134921.081787701,136539.664941915
2015-05-11,3.39235094083036,3.37668434825928,3.41030472428157,94343.5531471928,93907.8547083682,94842.8598972214
2015-05-12,3.58994158567451,3.57239680896303,3.60786539952838,99838.6814014292,99350.7494029402,100337.154676871
2015-05-13,1.97619211279681,1.96752237033215,1.98753030502343,54959.2270595308,54718.1157113084,55274.5497839728
2015-05-14,3.84523896861981,3.82710562408446,3.86952553369024,106938.672716108,106434.372251992,107614.098367065
2015-05-15,3.64331262650514,3.63261199529701,3.66063528302614,101322.965815085,101025.374089848,101804.720502216
2015-05-16,3.23866084975948,3.23007639283031,3.25084894632968,90069.3287146246,89830.5892143009,90408.2878484495
2015-05-17,4.39093062136641,4.36735031078898,4.41522948986823,122114.723290132,121458.939049942,122790.491107761
2015-05-18,5.82707693695195,5.79052829413227,5.87310814202688,162054.914801811,161038.472550859,163335.073464096
2015-05-19,5.81958343522819,5.77772684268604,5.86076339357364,161846.515496885,160682.455606874,162991.757736419
2015-05-20,6.32586366960242,6.27124445324917,6.37692134455143,175926.508113264,174407.511101823,177346.456271383
2015-05-21,5.81856038738145,5.77471779672138,5.86403068119341,161818.063850642,160598.772021997,163082.623194793
2015-05-22,5.86371424683821,5.82682984304674,5.90231438030089,163073.822943307,162048.04295471,164147.318523907
2015-05-23,5.55252346694639,5.51498111773624,5.58597538595163,154419.398800959,153375.320909327,155349.719087272
2015-05-24,5.33213495009961,5.29708619920511,5.36230595465798,148290.246447672,147315.517196356,149129.322304417
2015-05-25,3.14688139978044,3.12783026290145,3.16147387896849,87516.8807020385,86987.0558177598,87922.7073278326
2015-05-26,3.92589785890823,3.90159227449767,3.95016740492663,109181.850510932,108505.895919379,109856.802850646
2015-05-27,3.57538881576692,3.56076945955326,3.59459850647629,99433.9591173367,99027.3850234479,99968.1934898974
2015-05-28,4.19600159890831,4.17640575893181,4.2195345527312,116693.616538215,116148.643095746,117348.083755324
2015-05-29,5.19348510842809,5.15788759427527,5.22767057882881,144434.301430561,143444.310705261,145385.022272793
2015-05-30,3.84981354356842,3.83266827860692,3.86748344401824,107065.894711214,106589.073402236,107557.306484721
2015-05-31,5.02371130134825,4.99426608554545,5.05234023572627,139712.778076813,138893.886891769,140508.96792838
2015-06-01,4.12154758820436,4.10684341654009,4.13980853888163,114623.000603017,114214.067734605,115130.849879459
2015-06-02,1.83174560270556,1.82548831661756,1.83902988167468,50942.0728088611,50768.0534892513,51144.6534887637
2015-06-03,3.9730916183602,3.95971556179784,3.98964384294005,110494.340589562,110122.343492209,110954.669048083
2015-06-04,4.55264991759748,4.52520811999385,4.57292506035342,126612.24529921,125849.070516934,127176.11060723
2015-06-05,6.10145048567943,6.05739153926955,6.13739814261586,169685.42707134,168460.118244296,170685.155502111
2015-06-06,6.09602788193491,6.06152656488775,6.12826655871378,169534.620827089,168575.116077946,170431.200033997
2015-06-07,6.22335205139489,6.18693622176396,6.2536260288387,173075.591309769,172062.842682604,173917.530911468
2015-06-08,6.74548516953808,6.69842709453393,6.78560132389211,187596.463248034,186287.74664483,188712.120385628
2015-06-09,6.76462723095647,6.71086699606068,6.80615657793939,188128.816804689,186633.708643251,189283.775776384
2015-06-10,6.12577308908871,6.07653976257705,6.15848680722887,170361.854972653,168992.643167217,171271.645398181
2015-06-11,6.77941408351195,6.74279467694109,6.81669600978634,188540.049084096,187521.6388458,189576.884439355
2015-06-12,5.93214799405985,5.88812408675752,5.96034145459872,164977.011316408,163752.676950428,165761.090348662
2015-06-13,6.34556436204462,6.29954801114956,6.382412464147,176474.397573074,175194.652015486,177499.167987369
2015-06-14,5.38995523507038,5.35982144709161,5.42240101389154,149898.267322656,149060.226483931,150800.606176155
2015-06-15,5.81440631784013,5.76730240711581,5.85447581197578,161702.536392727,160392.545067427,162816.895878377
2015-06-16,5.90205458355685,5.84686527651635,5.94201975311734,164140.093402345,162605.241786828,165251.551551644
2015-06-17,5.18946260088654,5.16182644506712,5.21734612516378,144322.43280003,143553.852785518,145097.892297135
2015-06-18,4.53652444888816,4.51015048202885,4.56518315488753,126163.785207452,125430.307513813,126960.80302776
2015-06-19,5.34919337683424,5.31822202697346,5.37366443541332,148764.652727363,147903.318731384,149445.209266439
2015-06-20,6.34645613195994,6.30516720481338,6.37764199412286,176499.198292065,175350.925557143,177366.498018928
2015-06-21,6.28839610963446,6.25561720684936,6.31873151409001,174884.51016058,173972.90690639,175728.158088643
2015-06-22,5.58019835864008,5.54454964991914,5.6099433550954,155189.056086095,154197.641605546,156016.284371992
2015-06-23,5.52618866314648,5.49684235189234,5.55109774709344,153687.010258248,152870.869674986,154379.748576361
2015-06-24,5.25900815993707,5.22567441666079,5.28599309079382,146256.541405205,145329.507665114,147007.010417068
2015-06-25,6.33356568737013,6.30338041286713,6.36508487145427,176140.706389116,175301.233675647,177017.276021994
2015-06-26,6.76256717733536,6.71791705622587,6.79728399374463,188071.525332881,186829.775541248,189037.023263707
2015-06-27,6.70554025811843,6.666369711872,6.74085595790559,186485.568491209,185396.209348814,187467.721770134
2015-06-28,6.36794089588997,6.32119205765159,6.40723289257702,177096.703975598,175796.587454095,178189.44073614
2015-06-29,3.13278614251725,3.1175644340199,3.14791398912017,87124.8821512021,86701.5562366201,87545.597703596
2015-06-30,6.44803579858366,6.40739640943366,6.48336265689681,179324.19689744,178193.988249509,180306.660502451
2015-07-01,5.97534240655177,5.94064606802328,6.00748599438842,166178.276875801,165213.348448563,167072.211595499
2015-07-02,6.074825125274,6.03069499142491,6.11126995941121,168944.957954705,167717.669357269,169958.513216627
2015-07-03,6.51943005686073,6.48039218490486,6.55633867264732,181309.719067065,180224.049685606,182336.172407473
2015-07-04,6.12882791884808,6.07181757158832,6.16858785803208,170446.811835544,168861.315871107,171552.562390531
2015-07-05,3.88589105164757,3.86846828818363,3.90642323961243,108069.234389287,107584.695660983,108640.248296833
2015-07-06,5.87954651312809,5.82094639517146,5.91971041038336,163514.128879283,161884.420326334,164631.113778956
2015-07-07,4.16422568872028,4.14279464521914,4.17925153710246,115809.907180335,115213.895497931,116227.786093853
2015-07-08,6.4385690154471,6.37537303148028,6.48148381509866,179060.919313972,177303.396647227,180254.408652884
2015-07-09,5.8663775888629,5.83013895736939,5.90312669241805,163147.89226993,162140.071641722,164169.90946828
2015-07-10,4.8666974004123,4.83453717923987,4.90218639829823,135346.11626435,134451.718960437,136333.089079542
2015-07-11,2.28477485915972,2.27857884124849,2.29217103427661,63541.1200415907,63368.8046310375,63746.8126283532
2015-07-12,4.38132851831492,4.35691911743132,4.40737125109444,121847.682369141,121168.840571898,122571.948221035
2015-07-13,4.28065119440235,4.25480030042888,4.30251063953787,119047.778519294,118328.847833163,119655.704338256
2015-07-14,4.32719989400943,4.29784362582806,4.34824818630474,120342.329051333,119525.911559251,120927.696166191
2015-07-15,5.51204154999717,5.480068265274,5.54492446252258,153293.569560466,152404.371084488,154208.065395239
2015-07-16,3.96956729708692,3.94241832077125,3.99053914652219,110396.326853026,109641.29562701,110979.568040716
2015-07-17,2.86789705234705,2.85005736832063,2.87681854932701,79758.139030437,79262.0054618789,80006.2518404505
2015-07-18,5.63523034298193,5.60185525554142,5.67266195034994,156719.532451927,155791.34890292,157760.530538712
2015-07-19,5.01916951672567,4.97373191696131,5.04317340728986,139586.46800265,138322.817901874,140254.032286146
2015-07-20,4.82990873618672,4.79745323220907,4.85838788260654,134322.998857242,133420.389540624,135115.023005307
2015-07-21,6.5453684948083,6.50191627677343,6.59105956526185,182031.084409786,180822.649105468,183301.7837003
2015-07-22,6.41450295500365,6.38011741432451,6.4547902885535,178391.626044469,177435.341113711,179512.043790219
2015-07-23,6.04320394505622,6.00731694234726,6.08467926418788,168065.551740994,167067.510144939,169219.008161938
2015-07-24,5.78455011690937,5.73910100664459,5.82560785969807,160872.215435841,159608.245220333,162014.058778836
2015-07-25,3.18791761874827,3.16754786560627,3.2088601159666,88658.12545315,88091.6289668883,89240.5503360158
2015-07-26,3.70280608670591,3.68955593980676,3.72171705356901,102977.518814542,102609.023349305,103503.44547674
2015-07-27,3.02963749199976,3.02126369256893,3.03826096627185,84256.2490522409,84023.3680781242,84496.0736510201
2015-07-28,4.33488331452232,4.31003372305226,4.36400145985798,120556.010125064,119864.926332605,121365.805261221
2015-07-29,5.95503478579988,5.90203519364019,5.99896931430571,165613.508332948,164139.554155768,166835.357014698
2015-07-30,6.32124223587304,6.27297912543957,6.36365448507136,175797.982944062,174455.753497979,176977.49601807
2015-07-31,6.37088593669263,6.327121852251,6.4165668063509,177178.607534025,175961.499015929,178449.023133586
2015-08-01,6.23704738352263,6.18640540719304,6.28858637715055,173456.467674566,172048.080373647,174889.801627715
2015-08-02,5.67177392499057,5.6096972544454,5.72472113449502,157735.833958332,156009.440147984,159208.331338764
2015-08-03,3.93318871574729,3.89975771619795,3.96843299689008,109384.614125806,108454.875623582,110364.781204367
2015-08-04,4.05864024477864,4.03685662761825,4.08180298169043,112873.50522316,112267.688231005,113517.67645986
2015-08-05,5.69408060997908,5.66197246557261,5.72561728536214,158356.197817337,157463.248803185,159233.25389496
2015-08-06,3.16944243937,3.15211004084634,3.1843988497685,88144.3183329613,87662.292714207,88560.2661296172
2015-08-07,5.68621104137744,5.63450237653897,5.73223405212042,158137.339840505,156699.28721728,159417.270612927
2015-08-08,5.59427388527058,5.54025872771982,5.64142575564872,155580.505914813,154078.308183496,156891.831030226
2015-08-09,4.03929683365377,4.00982716868943,4.07018766771883,112335.551996228,111515.980863616,113194.646793969
2015-08-10,4.03476864662432,4.00507959577106,4.06805762436042,112209.620080243,111383.947679032,113135.408860661
2015-08-11,5.46230233831003,5.41325239493505,5.50764664798525,151910.288749267,150546.176951762,153171.344390143
2015-08-12,4.42897916008216,4.40638312894751,4.45868978148343,123172.878651152,122544.46788191,123999.150943759
2015-08-13,4.70839365269828,4.67195659362931,4.74245085201956,130943.58294856,129930.243916496,131890.736486108
2015-08-14,3.60799800553237,3.57696447961142,3.63805687234727,100340.842538711,99477.7793848294,101176.799769658
2015-08-15,2.13867718356407,2.1286185761236,2.15209274887473,59478.0457716669,59198.3091576788,59851.1416337879
2015-08-16,3.84972868772215,3.83075490652248,3.8738699727964,107063.53481326,106535.861242266,107734.92013016
2015-08-17,4.79409913842485,4.76704180421001,4.82327308357909,133327.109944641,132574.627346866,134138.456911149
2015-08-18,4.45541664161184,4.42759029328961,4.48501755358594,123908.12273034,123134.253334862,124731.343930253
2015-08-19,5.46478024344686,5.41708562635561,5.51321559612724,151979.200951763,150652.781686519,153326.220570165
2015-08-20,4.16392133737063,4.1393718531452,4.19292625945112,115801.442965332,115118.705356471,116608.089286883
2015-08-21,2.65053396055716,2.62859757845245,2.6682203565157,73713.1257755588,73103.0602879222,74204.9963002188
2015-08-22,5.49538588105735,5.45257022891135,5.53829482469515,152830.364244969,151639.632264633,154023.690724213
2015-08-23,5.14388723211653,5.09856930052433,5.18956711683894,143054.951250876,141794.629202167,144325.339458711
2015-08-24,3.78655967685553,3.76661000365839,3.81065490751037,105306.762286509,104751.948505042,105976.86679914
2015-08-25,3.91649588773219,3.88623284872526,3.9451722936352,108920.375391521,108078.739995083,109717.885458012
2015-08-26,3.9021726208125,3.87655310503136,3.93701625759027,108522.035739331,107809.539835793,109491.060629598
2015-08-27,2.95387822995444,2.93640461192889,2.974203009946,82149.3332024866,81663.3801747425,82714.5789552948
2015-08-28,2.66016522896045,2.64488663446896,2.68267814270173,73980.9778045291,73556.069852326,74607.0770233585
2015-08-29,1.86776230700427,1.85836750841336,1.88056436382917,51943.7214930505,51682.4458480399,52299.7552730221
2015-08-30,1.69642233856717,1.68922658397719,1.70513204906666,47178.6421423492,46978.5233847573,47420.865028406
2015-08-31,2.58405864913429,2.5729366940565,2.59895539815005,71864.4028145245,71555.0937901093,72278.6913881427
2015-09-01,3.91296216118461,3.89280982630925,3.93971670135661,108822.100088003,108261.650149446,109566.16178052
2015-09-02,2.06484496538818,2.05659199115268,2.07310492298761,57424.7223033858,57195.2015589257,57654.4372598769
2015-09-03,2.42696872889382,2.41908580327366,2.43806360817973,67495.6268542556,67276.3974097869,67804.1828827528
2015-09-04,2.80762151326459,2.79472275498253,2.81910679690199,78081.8358931473,77723.1127808448,78401.2493283002
2015-09-05,0.789731848906284,0.787916282202016,0.793259731406442,21962.9719798635,21912.4798530629,22061.084756506
2015-09-06,2.29351812654277,2.28526601157948,2.30489946250748,63784.2761670682,63554.7793195441,64100.7987477805
2015-09-07,2.27291024987999,2.26699987073807,2.28201844652542,63211.1573061081,63046.7857011589,63464.4623589405
2015-09-08,1.47196285434401,1.46361926948937,1.47914208349563,40936.2734580478,40704.2327715443,41135.9326321238
2015-09-09,3.27068107868906,3.25172388053627,3.29200907598901,90959.8327404444,90432.6203550973,91552.9786389341
2015-09-10,4.44242216356852,4.4130160329084,4.47713504361905,123546.737587328,122728.933386296,124512.12604538
2015-09-11,4.46610111017001,4.42997244598045,4.50975222852844,124205.264961451,123200.502597663,125419.231817066
2015-09-12,4.34603025275745,4.31318206094778,4.38662352287375,120866.013947828,119952.48371943,121994.939994524
2015-09-13,3.41713281320553,3.396652027324,3.44262798825524,95032.7536262392,94463.1692450792,95741.7915307051
2015-09-14,1.71174193965123,1.70066801565044,1.71992859134251,47604.6905153732,47296.7172673989,47832.3667854306
2015-09-15,2.68451684055219,2.67654652330291,2.69825817630102,74658.2124428366,74436.5525785941,75040.3681991676
2015-09-16,2.09507847785536,2.08476720564105,2.10459044091514,58265.5365469661,57978.7731562873,58530.0706143777
2015-09-17,3.00830620542561,2.98945178470419,3.0291057100214,83663.0116768316,83138.6576007302,84241.4598390338
2015-09-18,1.68064898966573,1.67538018271151,1.68865493050951,46739.9747384313,46593.4456859902,46962.625318711
2015-09-19,2.37419124965109,2.35943435331209,2.38684739947761,66027.8497861516,65617.4506092007,66379.8257947143
2015-09-20,1.81799634272239,1.80846254645457,1.8283508994934,50559.6966742624,50294.5554107034,50847.6638374717
2015-09-21,2.75793531831257,2.73999386562551,2.77180521697017,76700.0295128821,76201.0656896684,77085.760689866
2015-09-22,3.48073596354617,3.45503553590381,3.51025733000651,96801.5998627144,96086.8537460908,97622.6088485793
2015-09-23,3.97114023365888,3.94779823363987,4.00009388818244,110440.071273241,109790.914609392,111245.291809676
2015-09-24,3.45106011729738,3.42746322368714,3.48218259434315,95976.2946904036,95320.0492649579,96841.8316346802
2015-09-25,3.70256257836065,3.67600986645683,3.73472034358315,102970.746684266,102232.297971148,103865.075686566
2015-09-26,1.97107235587234,1.95654155377128,1.98317286377276,54816.8431883071,54412.731843637,55153.3664225253
2015-09-27,3.68156736185293,3.65663481948181,3.7064878398622,102386.855642631,101693.464930021,103079.910837252
2015-09-28,3.75609751931006,3.73054720929523,3.78413865741284,104459.589270068,103749.018025272,105239.432113291
2015-09-29,3.69989733947364,3.67133728281448,3.73062363963917,102896.624604631,102102.350288587,103751.143604359
2015-09-30,3.6270015633163,3.60548311334778,3.65552086089041,100869.34421647,100270.90170163,101662.484995043
2015-10-01,1.40714133548446,1.40078931750692,1.41601752295089,39133.5435765365,38956.8896995915,39380.3962986134
2015-10-02,3.15497196649232,3.1383567362255,3.1786713283062,87741.8847844244,87279.804095524,88400.9799192853
2015-10-03,2.72317673219713,2.71379271749585,2.73516710722731,75733.3699385336,75472.3942007205,76066.8303038217
2015-10-04,3.21458731184016,3.196507397591,3.24512768496837,89399.8274915064,88897.0129594566,90249.1757357215
2015-10-05,3.35476933431338,3.33023273557142,3.38838854784947,93298.3834835483,92616.0042286188,94233.3563428812
2015-10-06,2.83464164090345,2.81736324313844,2.85626586404558,78833.2837511087,78352.7599296426,79434.6678887938
2015-10-07,1.13953407985794,1.1368539087656,1.14325091966724,31691.2064527733,31616.6690985007,31794.5742588184
2015-10-08,1.87667760010193,1.8712139518085,1.88706931755234,52191.6617689397,52039.7140482765,52480.6623955474
2015-10-09,2.32241774893091,2.30573720569293,2.33945384958796,64587.9940336054,64124.0969472056,65061.7794101167
2015-10-10,1.97923976987347,1.96988755126906,1.990572671591,55043.984445309,54783.8929782589,55359.1600371474
2015-10-11,1.98718669861158,1.97728112820657,1.99471924813675,55264.9938593812,54989.5133079116,55474.4791098335
2015-10-12,2.14374663521781,2.13082125075331,2.16143324874659,59619.030619598,59259.5670153176,60110.9071950319
2015-10-13,1.55561620229479,1.5483405589026,1.56597759267798,43262.7291272846,43060.3886085635,43550.8863378282
2015-10-14,2.8332097309247,2.81461986789814,2.85373696085823,78793.4613749634,78276.4648256572,79364.3373963355
2015-10-15,2.79407916039939,2.77704653732039,2.82071167241734,77705.213984164,77231.5253214291,78445.8819919361
2015-10-16,2.62479446156209,2.61161148747699,2.63821202895264,72997.2930584316,72630.6657141715,73370.444599736
2015-10-17,2.68956084483727,2.67098252732464,2.71239223498365,74798.4895823908,74281.8141215646,75433.4458434823
2015-10-18,0.686716986558708,0.684013649891986,0.690554908332862,19098.0596195697,19022.8780151484,19204.7947962039
2015-10-19,0.951365850128357,0.949930619057624,0.953703966439788,26458.1218775788,26418.2071396399,26523.1464591564
2015-10-20,2.01627818740114,2.00520931734886,2.02791477557146,56074.0476591267,55766.2149648474,56397.6689747414
2015-10-21,2.30720841319124,2.29570441387449,2.32544796527003,64165.0122137064,63845.0782829674,64672.2663807841
2015-10-22,1.96324907732064,1.95527265491023,1.97434935891781,54599.2725687867,54377.4429159217,54907.9788391808
2015-10-23,2.10212395365623,2.09424776849453,2.11394949683973,58461.475950719,58242.4339629176,58790.3522318842
2015-10-24,1.86146638080423,1.85242849446073,1.87374414375843,51768.6275660294,51517.2778898141,52110.0803820857
2015-10-25,1.91096180925236,1.90206614977638,1.92308091924049,53145.1286019737,52897.7343502616,53482.1691727178
2015-10-26,0.780231069687676,0.777777505722252,0.782626010732762,21698.7489425703,21630.5136843646,21765.3538580736
2015-10-27,1.1148425201561,1.11129606579906,1.12048122928471,31004.517629698,30905.8883572691,31161.3339095095
2015-10-28,1.59920517324789,1.59452599762965,1.60800537933355,44474.9676219076,44344.8366120785,44719.707250864
2015-10-29,0.716638813070106,0.715834244293081,0.717893210968381,19930.2056678344,19907.8300709402,19965.0913140567
2015-10-30,0.4697161453161,0.468846084327034,0.470143476887501,13063.1207951843,13038.9238159816,13075.0051725736
2015-10-31,0.501806382620932,0.501156046558487,0.502601414371331,13955.571800838,13937.4855190998,13977.6821666303
2015-11-01,0.702640011536065,0.701538764475585,0.70474594511266,19540.8896154685,19510.2631966838,19599.4570395863
2015-11-02,1.19970070910678,1.19737169130324,1.20323406276614,33364.4807346012,33299.7091886256,33462.7456678476
2015-11-03,1.22940538863957,1.22676883458973,1.23340486558172,34190.5877798632,34117.2634447738,34301.8159139904
2015-11-04,1.45610962136484,1.45225406836746,1.46224937961817,40495.3844243919,40388.1589116236,40666.1352161544
2015-11-05,0.55960488715439,0.558700897296713,0.560813005003227,15562.9869472632,15537.8463834861,15596.5855142947
2015-11-06,1.09563046423389,1.09282483639212,1.09896860515934,30470.2174789829,30392.1910884302,30563.0534152719
2015-11-07,1.35520843237535,1.35196916540966,1.36053446574938,37689.254736726,37599.1685515213,37837.3752942541
2015-11-08,0.578463058714996,0.577161007749048,0.580303523809626,16087.4453367161,16051.2344267457,16138.629904439
2015-11-09,0.344342608387566,0.343263667669338,0.345060254754004,9576.39871047758,9546.39264602014,9596.35693687982
2015-11-10,0.81207124787186,0.809083531040689,0.815088799221088,22584.2456364945,22501.1552291142,22668.1657618163
2015-11-11,0.669458231651802,0.668113151589271,0.671232681604527,18618.0820791518,18580.6745011683,18667.4307215363
2015-11-12,0.6050324716405,0.602627252771001,0.606713296385341,16826.3585164396,16759.4677677514,16873.1033790473
2015-11-13,0.324172162978572,0.323284226476607,0.324469226724731,9015.44510584253,8990.75099664639,9023.70664770911
2015-11-14,0.459912499377623,0.458294227133289,0.460708499089182,12790.4748314366,12745.4695957894,12812.6121168774
2015-11-15,1.37239450589368,1.36849531640806,1.37782820310906,38167.2109590181,38058.7718862676,38318.3257201282
2015-11-16,1.07079782833896,1.0660230976528,1.07441969364848,29779.6052324314,29646.8167721245,29880.3317339876
2015-11-17,0.296225508543046,0.294835987806235,0.297026218732501,8238.22991672682,8199.58641380836,8260.49820371481
2015-11-18,1.22926007701857,1.22087177340286,1.23630785067926,34186.5465662984,33953.2622210798,34382.5498750729
2015-11-19,0.917348972607768,0.912969248297678,0.921545780942906,25512.0897163309,25390.2866480676,25628.8057687443
2015-11-20,1.48740917357952,1.48208525908324,1.49597104859947,41365.8459477878,41217.7843176699,41603.9574300823
2015-11-21,1.28139673179149,1.27752337272082,1.28578846839677,35636.5018764299,35528.7811648301,35758.6390146729
2015-11-22,1.24381224454233,1.24024253843037,1.2477897225381,34591.2520976927,34491.9761783769,34701.8684263779
2015-11-23,1.07892537521751,1.07631860879156,1.08350240731707,30005.6377580359,29933.1418367299,30132.928088156
2015-11-24,0.327652401572226,0.326230011531489,0.329421584823418,9112.2328735152,9072.67525322623,9161.43504540051
2015-11-25,1.50728980194568,1.50276171441949,1.51488340083081,41918.7395462323,41792.8103974994,42129.9226202991
2015-11-26,1.4111383518775,1.40409028946973,1.42163735229252,39244.7032811439,39048.6919421196,39536.6875188964
2015-11-27,1.1249017978635,1.11970875502286,1.13174539101551,31284.2728842584,31139.8508825914,31474.5977962488
2015-11-28,1.09251740165705,1.08647574762137,1.09804677928373,30383.6411224115,30215.6186746891,30537.4168198829
2015-11-29,1.0369791758794,1.03286601071064,1.04182110089203,28839.085842977,28724.6959630764,28973.743022535
2015-11-30,0.941477869826462,0.938826649886771,0.946009729374898,26183.1305186654,26109.3983153504,26309.1645698649
2015-12-01,0.834442481738115,0.831700433537355,0.837022272038111,23206.4046430484,23130.1464449219,23278.1503402128
2015-12-02,0.36837219045658,0.367362863720228,0.36903660568987,10244.6774919406,10216.6074389729,10263.1553248555
2015-12-03,0.386793435639632,0.385233736289781,0.387706057185017,10756.9846660148,10713.6083818175,10782.3652828118
2015-12-04,0.592317024739538,0.591375208617169,0.593043542499724,16472.7334164971,16446.5408789485,16492.9383623049
2015-12-05,1.03356464778127,1.03132608300904,1.03515009801979,28744.1255282225,28681.8695416676,28788.2179618913
2015-12-06,0.245035187738484,0.243858002088286,0.245798467405776,6814.59278846882,6781.8544666116,6835.82010755029
2015-12-07,0.256134530850066,0.255934217762385,0.256366609704615,7123.27295894971,7117.70211773566,7129.72722742911
2015-12-08,0.228838208643948,0.228473750284011,0.229147505904542,6364.14394497292,6354.00811373067,6372.74570907458
2015-12-09,0.385536504121809,0.384440907281657,0.38622899284752,10722.0285581349,10691.5592757641,10741.2871336884
2015-12-10,0.190109929851349,0.189526752454051,0.190414530916877,5287.0845568677,5270.86600261553,5295.5557166373
2015-12-11,0.613839681273964,0.61184463616361,0.615372058662804,17071.2929187541,17015.8093771976,17113.909360905
2015-12-12,0.512193109122772,0.51052970388191,0.51370285513885,14244.4336258212,14198.1732112934,14286.4206743285
2015-12-13,0.428549455688618,0.426723530350121,0.429328697514497,11918.247567589,11867.4673602284,11939.9188049983
2015-12-14,0.75743462083891,0.753778092559592,0.760512505374675,21064.7644223826,20963.0739204059,21150.3624540561
2015-12-15,0.540269072251917,0.537820753845266,0.542262112191033,15025.2449763664,14957.1556006656,15080.6727527669
2015-12-16,0.661120520253691,0.657834312739091,0.663706146774509,18386.2047374104,18294.8131040818,18458.1127437872
2015-12-17,0.574031488165468,0.571835427921714,0.576260618239435,15964.2003897878,15903.1264826553,16026.1939910612
2015-12-18,0.476575462571334,0.473501892469815,0.47815204430238,13253.8830050234,13168.4049606577,13297.7287995559
2015-12-19,0.48869996976785,0.486895261167137,0.48997816138325,13591.0736757498,13540.883520086,13626.6210411914
2015-12-20,0.57848002319953,0.57728989860908,0.579294289189711,16087.9171304002,16054.8189679432,16110.5624132912
2015-12-21,0.532416155017349,0.531414817385177,0.533391214905476,14806.8500852121,14779.0022145858,14833.9671541657
2015-12-22,0.484828303499397,0.48348122785703,0.485759349485744,13483.4000421143,13445.9369657182,13509.2930549622
2015-12-23,0.418899203473835,0.417819342200679,0.420283460259071,11649.8675860985,11619.8359203916,11688.3646949959
2015-12-24,0.423617832962281,0.421644378892427,0.425091159341915,11781.0958344991,11726.2127542488,11822.0700285092
2015-12-25,0.433930408953864,0.432828253046395,0.435817825571324,12067.8954840979,12037.2437896693,12120.3858051366
2015-12-26,0.712567657457305,0.709154758666804,0.714850105765817,19816.984101839,19722.0690992217,19880.4605189479
2015-12-27,0.590174313191751,0.589421481593277,0.590984237707795,16413.1431723526,16392.2064210671,16435.6677159383
2015-12-28,0.475468341157273,0.473925039058734,0.477365819306693,13223.0932165287,13180.1729508795,13275.8633555143
2015-12-29,0.688491767514765,0.687159339486538,0.690855379475941,19147.4174673787,19110.3617509483,19213.1511000624
2015-12-30,0.565582014666771,0.564537553420884,0.568212808281015,15729.2148691285,15700.1677019043,15802.3790026435
2015-12-31,0.622288678567419,0.619817675743558,0.624186823058913,17306.2651958265,17237.5449512805,17359.0538662317
2016-01-01,0.691207976383232,0.686844027102271,0.695764522857913,19222.9570563572,19101.5927022261,19349.6776675203
2016-01-02,0.935603652190443,0.931920300073832,0.940882195481363,26019.7645894298,25917.3280985613,26166.5644159197
2016-01-03,0.624044994797782,0.621728860848443,0.627286033883528,17355.1095272393,17290.6962898836,17445.2449962905
2016-01-04,0.633759401940305,0.629388226331331,0.63652686601754,17625.2737002655,17503.7083771094,17702.23873095
2016-01-05,0.502092600475779,0.500329349112173,0.504358256697321,13963.5317111985,13914.4945090824,14026.541129115
2016-01-06,0.6260608277773,0.623036116225347,0.629097242579381,17411.1711933688,17327.0519380105,17495.6159239564
2016-01-07,0.520887976920712,0.519295856696663,0.522162865933365,14486.2437264006,14441.9657959641,14521.6992442464
2016-01-08,0.546184426000225,0.54414522611024,0.548716475091378,15189.7549284533,15133.0434128837,15260.1729106047
2016-01-09,0.656654693615404,0.655055845754462,0.659431436091927,18262.007105696,18217.5420751688,18339.2301748828
2016-01-10,0.483661608263379,0.482365865451041,0.484996081902722,13450.9534657059,13414.917989715,13488.0660719524
2016-01-11,0.67296112034273,0.671331017067043,0.67432139230891,18715.4997612093,18670.1654966513,18753.3298362146
2016-01-12,0.539174187811457,0.537344115008876,0.540472331230444,14994.7955063086,14943.8999551922,15030.8977447792
2016-01-13,0.272798938898712,0.272234730826984,0.273270042254215,7586.72131492052,7571.03031032532,7599.82301496071
2016-01-14,0.436095625805451,0.433504048947969,0.437858505132066,12128.1116158236,12056.0381265964,12177.1384713417
2016-01-15,0.693698892891681,0.692393121230043,0.696260018059659,19292.2311138174,19255.9167288063,19363.4577211514
2016-01-16,0.4844523576719,0.483350536172266,0.486023416705874,13472.9447367006,13442.302342378,13516.6369413263
2016-01-17,0.620830545634764,0.617991647148217,0.623537085684732,17265.7135417591,17186.7618722778,17340.9842344153
2016-01-18,0.797643583917494,0.79528122974693,0.79892780809526,22183.0026328047,22117.3039801209,22218.7177678486
2016-01-19,0.533501445902709,0.531802948625055,0.535109972402269,14837.0327520732,14789.7964044843,14881.7669520268
2016-01-20,0.527016921900829,0.525142938260031,0.527785155926576,14656.6937937885,14604.5770528332,14678.0588968989
2016-01-21,0.603354973680978,0.600662349318522,0.605180621602264,16779.7061739612,16704.8224859008,16830.4786661633
2016-01-22,0.357445001327998,0.356209917411436,0.358197611683732,9940.78503910091,9906.4365276539,9961.7156374776
2016-01-23,0.492507162970098,0.490889349668804,0.493706566595583,13696.9542702056,13651.961798072,13730.3104888456
2016-01-24,0.88309791432331,0.87828218714278,0.885150631376626,24559.5448310967,24425.6162308064,24616.6322680375
2016-01-25,0.944783418078716,0.941359736364842,0.94656683704578,26275.0600308699,26179.8451479272,26324.6581075541
2016-01-26,0.719953119272478,0.718028448427769,0.721405106987734,20022.3787445011,19968.8523584356,20062.7594959542
2016-01-27,0.670979516873581,0.670372699968962,0.671549406296724,18660.390040703,18643.5140559096,18676.2390474886
2016-01-28,0.47158710439457,0.470607325383081,0.472281173009932,13115.1534210342,13087.9051100973,13134.4559343777
2016-01-29,0.61189126229668,0.610285108327453,0.613326710734996,17017.1060812061,16972.4378629111,17057.0268642832
2016-01-30,1.03382825247183,1.03050322819204,1.03612181107165,28751.4565513294,28658.9853977467,28815.2419530853
2016-01-31,0.972753768968931,0.970072126984871,0.976300581288699,27052.9342342714,26978.3559735143,27151.5734618836
2016-02-01,1.10674065529575,1.10429685204129,1.11015109242057,30779.199338231,30711.2355319388,30874.045880276
2016-02-02,1.27397659312337,1.26985172333448,1.2788828532829,35430.1428472474,35315.4274540169,35566.5892303569
2016-02-03,1.32724175633544,1.32323124264188,1.3306543048425,36911.4827333743,36799.9476597941,37006.3879943744
2016-02-04,1.19546273128257,1.19272296517427,1.19833898688416,33246.6197311055,33170.4249994998,33326.6103269922
2016-02-05,1.07195537480511,1.06885075332124,1.07397447125505,29811.7973754185,29725.4557712996,29867.9498008476
2016-02-06,1.15902710252454,1.15674256982926,1.1608940412187,32233.3204769478,32169.7860916462,32285.2412932158
2016-02-07,1.96166109010082,1.95444092791123,1.96482979331765,54555.1095799676,54354.3120306733,54643.2333400265
2016-02-08,1.65421175692529,1.64984424982526,1.65957090576628,46004.7375782387,45883.2742787749,46153.7790990962
2016-02-09,1.95450912726642,1.94706603886366,1.96323101784651,54356.2087004471,54149.211423764,54598.7703227082
2016-02-10,1.75960613263928,1.75174329287434,1.76413808991592,48935.8257999528,48717.1549565789,49061.862569039
2016-02-11,1.62954375793559,1.62457263776631,1.63275667503917,45318.7039943579,45180.4538109093,45408.0573722383
2016-02-12,0.83177468259324,0.829031143037087,0.832897633913727,23132.2113609262,23055.9116872067,23163.4413897274
2016-02-13,0.934829733450058,0.933255808217676,0.936665333866454,25998.2413905955,25954.4694750712,26049.2906683565
2016-02-14,1.19460323695948,1.19292907969894,1.19637237363203,33222.7166179654,33176.1571825644,33271.9174944675
2016-02-15,1.49499250625917,1.49333027169631,1.49613567523522,41576.7435117998,41530.515654612,41608.5358071518
2016-02-16,1.28625261473594,1.28552451761902,1.28643476790237,35771.5472354263,35751.2983666493,35776.6130370599
2016-02-17,0.924063823634302,0.923967864759126,0.924255801192049,25698.8342235316,25696.1655429033,25704.1732480719
2016-02-18,0.841833212144045,0.840763736641183,0.843414668924297,23411.9458087503,23382.2029782756,23455.9271816684
2016-02-19,1.10535319533806,1.10384625488867,1.106916435105,30740.6131469611,30698.7041231436,30784.0878925303
2016-02-20,1.24458976589955,1.2396273281446,1.24745003779091,34612.8754877157,34474.8667680284,34692.421565909
2016-02-21,2.36044180567026,2.35169213851338,2.36745295146091,65645.468534455,65402.1344269779,65840.4531976162
2016-02-22,1.57620434825294,1.56839703947546,1.58038228713807,43835.2992641259,43618.172774729,43951.4905444885
2016-02-23,2.47656580298698,2.46945465438422,2.48623573938671,68874.9547237089,68677.188915323,69143.8821355746
2016-02-24,2.38627023372104,2.37647690899204,2.39880664762658,66363.7744282197,66091.4155042247,66712.4205005753
2016-02-25,2.7775937933074,2.76498790195675,2.79220971771262,77246.7448771874,76896.1665905208,77653.2235301835
2016-02-26,2.63329801742975,2.6184931126515,2.6468212714914,73233.7826460168,72822.0483221958,73609.8734044735
2016-02-27,1.34368292714516,1.33935248541458,1.34564903207771,37368.7227121218,37248.2902254227,37423.4014079383
2016-02-28,0.96537656266786,0.962743503488063,0.966488572378367,26847.7691829891,26774.5420425777,26878.694918284
2016-02-29,1.50102098345518,1.49755636380423,1.50384958436037,41744.3995027804,41648.0461083717,41823.0647896228
2016-03-01,0.895064700786686,0.890892517825789,0.898130578290341,24892.3491825333,24776.317978281,24977.613290597
2016-03-02,1.55298821503402,1.54937155075658,1.5560786166948,43189.6430403402,43089.0611829719,43275.5891816494
2016-03-03,1.4109039949776,1.406754889099,1.41348795379872,39238.1856586965,39122.7962435687,39310.047285227
2016-03-04,2.86320747692853,2.85270799866035,2.8720750191514,79627.7187951925,79335.7212680234,79874.3310872519
2016-03-05,0.779039087399486,0.775397545494654,0.780231069687676,21665.5991162942,21564.3253954355,21698.7489425703
2016-03-06,0.938492120205671,0.936697624272474,0.939121375816055,26100.0948207242,26050.1886861883,26117.5948409629
2016-03-07,1.97865139328181,1.97298460366463,1.98378877310718,55027.6212979771,54870.0240809593,55170.4952738853
2016-03-08,1.91554655979835,1.90648068103274,1.92112536461172,53272.6335872615,53020.5054230275,53427.7838879198
2016-03-09,1.6723887025597,1.66534823131273,1.67868123243329,46510.2506181408,46314.4503943858,46685.2500910473
2016-03-10,0.984671491635552,0.981975910849896,0.985806005530186,27384.3740886388,27309.4081804678,27415.925680376
2016-03-11,3.04438088094454,3.0338800253987,3.05068176136776,84666.2725795065,84374.2367493229,84841.5042867946
2016-03-12,1.49602269185514,1.49144712589952,1.4980731675462,41605.3936636328,41478.1441079581,41662.4187667869
2016-03-13,1.90785528304288,1.9027278297571,1.91140323353803,53058.734026159,52916.1361139694,53157.4049071915
2016-03-14,1.92859591728652,1.92680092484692,1.93081253358891,53635.5449644141,53585.6250217027,53697.1905493137
2016-03-15,2.01059340581092,2.00817759145917,2.01341289598275,55915.9500732809,55848.7646571305,55994.3619845227
2016-03-16,2.39520847648385,2.38823834407041,2.40215158733723,66612.3529496769,66418.5088960222,66805.4455156373
2016-03-17,2.60619333964346,2.59798939509013,2.61464588315113,72479.9833917915,72251.8261956512,72715.0542914576
2016-03-18,3.55300375888748,3.53113682153443,3.57268832521781,98811.4156835223,98203.2815009694,99358.8566653536
2016-03-19,3.92276218363813,3.895576272686,3.94984517882191,109094.645280206,108338.586877198,109847.841526724
2016-03-20,3.02764400767611,3.01043756318731,3.03474243937907,84200.8089172089,83722.2861645759,84398.2210600887
2016-03-21,2.51412162574724,2.51084956399304,2.51519044704915,69919.4073237992,69828.4090935474,69949.1319605071
2016-03-22,1.78938140234695,1.78380793064372,1.79449851949175,49763.8960052864,49608.8940219955,49906.2064624684
2016-03-23,2.11292421232526,2.10663224384408,2.11797291123567,58761.8383824126,58586.8545222051,58902.2460826435
2016-03-24,1.97856836151526,1.975105279628,1.98095862039478,55025.3121289032,54929.0015007333,55091.7868302441
2016-03-25,2.63396036329284,2.61862211915788,2.64268137133892,73252.2029283595,72825.6360795956,73494.7400067584
2016-03-26,2.21442765793325,2.20094581503561,2.22561420313157,61584.7172302585,61209.7781440257,61895.8225492126
2016-03-27,1.3233118171351,1.3158764170336,1.32914767740233,36802.1884904499,36595.4050305773,36964.4876755529
2016-03-28,1.2399858814349,1.23515070819741,1.24420082478705,34484.8383753267,34350.3689671598,34602.0587747168
2016-03-29,3.35303061644685,3.34279891012141,3.36291215502391,93250.0285744277,92965.4779644415,93524.8407846562
2016-03-30,2.97788035218496,2.96235131188056,2.98483139593209,82816.848307438,82384.9752893345,83010.1614924899
2016-03-31,2.76542003533352,2.75210261725404,2.76978318681583,76908.1845093355,76537.8181874901,77029.5266761515
2016-04-01,4.51817644222436,4.49515495449185,4.53670395946532,125653.514845681,125013.27184332,126168.777516907
2016-04-02,3.33393019810941,3.32201139591485,3.33875326910497,92718.8331397624,92387.3632629996,92852.9659764702
2016-04-03,3.92792208098644,3.92028379384187,3.93947285425572,109238.145483518,109025.719599007,109559.380229224
2016-04-04,1.31393646949229,1.31231349503245,1.3154515561886,36541.4537893412,36496.3177819296,36583.5893657449
2016-04-05,2.74886919020029,2.74501058992159,2.75242661570691,76447.8944141501,76340.584154446,76546.8288016013
2016-04-06,3.23972517046417,3.23349896145737,3.24388931444718,90098.9281867075,89925.7731415532,90214.7358215974
2016-04-07,4.84412241764671,4.83416567798197,4.85173170513644,134718.290864357,134441.387261482,134929.910249032
2016-04-08,4.80047772969289,4.78996256107197,4.8083944531264,133504.502842604,133212.06895621,133724.672226912
2016-04-09,4.92566011187481,4.89246829808361,4.94287130314995,136985.908785699,136062.822199706,137464.563549642
2016-04-10,4.75354804010717,4.73777299488187,4.77879026646391,132199.356723928,131760.642144107,132901.359955721
2016-04-11,4.73606451692332,4.70484751227479,4.77051676959989,131713.128227093,130844.962406833,132671.268463208
2016-04-12,2.33728881287228,2.3281791719877,2.34736307568261,65001.5682880913,64748.22307,65281.7402884069
2016-04-13,2.57595813616029,2.57003067979616,2.58418993146153,71639.122119923,71474.2755859792,71868.0538640277
2016-04-14,2.02241592177393,2.01824185356686,2.02643470079895,56244.7421654154,56128.6585312033,56356.5071034029
2016-04-15,3.56273258463968,3.55367902607844,3.57914577506706,99081.9808477466,98830.1953166527,99538.4426733092
2016-04-16,4.18676053218193,4.15840020071831,4.21077155689725,116436.616279385,115647.89645488,117104.378968405
2016-04-17,5.29685772395192,5.2536224261376,5.33769069587406,147309.163146445,146106.760538836,148444.755461004
2016-04-18,5.57771758628109,5.53461137210628,5.62354617167952,155120.064144229,153921.251439144,156394.58781752
2016-04-19,5.43820033965924,5.39463748499818,5.47595378171869,151239.996014133,150028.483831094,152289.944539374
2016-04-20,5.31489807801042,5.28132554702816,5.35095003426639,147810.87748308,146877.202896855,148813.506547826
2016-04-21,4.61357936243567,4.56956643604938,4.64626716679143,128306.733993801,127082.705014455,129215.803739618
2016-04-22,3.46967225399781,3.45193123986543,3.49488526270406,96493.9106855076,96000.5211928291,97195.1013548599
2016-04-23,2.75397296939905,2.74161686303406,2.7720156499293,76589.8339341136,76246.2023352989,77091.6129714874
2016-04-24,2.22427649787838,2.21765917141896,2.23586185696986,61858.6200696192,61674.5877859889,62180.8166702189
2016-04-25,2.82300208118192,2.81120892392359,2.83924157638788,78509.5797946632,78181.6041877816,78961.2110397112
2016-04-26,3.22388435541359,3.20715475734544,3.24576251193186,89658.3845039678,89193.1231698656,90266.8306990242
2016-04-27,4.15750306168847,4.13571364203009,4.18266535628037,115622.946417217,115016.968053703,116322.726693061
2016-04-28,2.86422871568202,2.85681448910159,2.87203480122518,79656.1201293398,79449.9255192784,79873.2125997705
2016-04-29,1.94401611995244,1.93254788216642,1.95517451479711,54064.3911348509,53745.4517562487,54374.7135736042
2016-04-30,3.88324587015309,3.86563098954513,3.90444058969907,107995.67011918,107505.788484348,108585.109474011
2016-05-01,5.941820595512,5.89622144718786,5.99145782481823,165246.012845168,163977.869970677,166626.457458008
2016-05-02,6.00944591944016,5.96524195523543,6.05029875574167,167126.718424689,165897.376555582,168262.863180951
2016-05-03,5.91029540916514,5.87553811181085,5.94095438764169,164369.276285341,163402.652552304,165221.92302378
2016-05-04,4.54476602432548,4.52412819244105,4.56546142353351,126392.988943695,125819.037007946,126968.541865295
2016-05-05,4.17260396382923,4.15367820000494,4.1911411126433,116042.91262606,115516.574450455,116558.443157789
2016-05-06,4.30850825020976,4.28655530097766,4.33503439229863,119822.501910515,119211.975679962,120560.211699272
2016-05-07,6.01281016894281,5.95708534555404,6.06590893620063,167220.280458007,165670.535773953,168696.992761131
2016-05-08,5.00579613505472,4.97529661504204,5.03546432513845,139214.54529582,138366.333204127,140039.63754505
2016-05-09,2.62985914947386,2.62299466230963,2.63790910108824,73138.1454235059,72947.239435033,73362.0199728112
2016-05-10,3.79617589558819,3.78001627963071,3.81175014417851,105574.195774053,105124.786024438,106007.326064885
2016-05-11,3.48358792475784,3.46617289160598,3.50001169682682,96880.9148153358,96396.5910721914,97337.6709234428
2016-05-12,3.60208568070842,3.58061616596712,3.62302011990404,100176.416823041,99579.3352296652,100758.617606895
2016-05-13,4.60374276433422,4.58311560706888,4.63318157145047,128033.171608317,127459.516540878,128851.884563493
2016-05-14,5.70790272440921,5.67268820488785,5.74011372415157,158740.600082931,157761.260695007,159636.409572905
2016-05-15,4.38140963639431,4.35466067308209,4.40554786479978,121849.938317293,121106.031720984,122521.238626185
2016-05-16,3.66282365687473,3.63817242422582,3.68629460731528,101865.580645548,101180.013344841,102518.32350704
2016-05-17,5.53374869158379,5.49575214321096,5.568851844486,153897.259715663,152840.550240922,154873.501923273
2016-05-18,4.71396175270216,4.69733484222962,4.73533141454168,131098.435541292,130636.030018043,131692.74015855
2016-05-19,2.81425754200003,2.79825848647182,2.82836030024217,78266.3882996075,77821.4438431354,78658.5954576952
2016-05-20,2.71667239522311,2.70240737137481,2.72680231980086,75552.4799682155,75155.7600948733,75834.1999595864
2016-05-21,2.64088730952505,2.63150003482173,2.65618391747245,73444.8459453719,73183.7795447173,73870.254863856
2016-05-22,1.37748849883004,1.3767855504065,1.3779966303842,38308.8783164658,38289.3288497058,38323.0097955262
2016-05-23,2.01943167408005,2.01733254596941,2.02278021422448,56161.748237068,56103.3700775194,56254.8733826062
2016-05-24,4.47084078709684,4.45077146318433,4.4966234217643,124337.078553218,123778.93720517,125054.110902303
2016-05-25,4.56519663699006,4.53447232838861,4.59247337910166,126961.177974067,126106.714361071,127719.762452493
2016-05-26,4.10526700882346,4.08969355569048,4.12490141356786,114170.22677953,113737.118610899,114716.272734039
2016-05-27,3.53209736877173,3.51334853207323,3.5445620503829,98229.9949633776,97708.5772497136,98576.6461125533
2016-05-28,4.35926254718731,4.33583972287805,4.3803519315522,121234.01292393,120582.608482402,121820.522836782
2016-05-29,4.65208596390651,4.61847049864019,4.6789391933736,129377.628387025,128442.759769586,130124.434694977
2016-05-30,5.52738586410496,5.50266072287769,5.55191037208247,153720.305219243,153032.682471439,154402.34822191
2016-05-31,5.58400778412507,5.5353883005252,5.62161550480689,155294.998761829,153942.858339155,156340.894677899
2016-06-01,5.60680034715816,5.5742662438898,5.63933777313449,155928.875214879,155024.07999931,156833.762837184
2016-06-02,2.42362751108994,2.41699429425689,2.43234253656478,67402.7053479152,67218.2311423448,67645.0760469987
2016-06-03,6.48885386229386,6.45788557093419,6.524120491041,180459.374604634,179598.12566762,181440.163185049
2016-06-04,6.66767029466776,6.61300619581299,6.70750348249183,185432.379427987,183912.1342041,186540.167076745
2016-06-05,6.67095446487221,6.62859382366462,6.71619495429676,185523.714402356,184345.636581156,186781.882732483
2016-06-06,6.59423018520537,6.53606556080801,6.63781589253483,183389.960765812,181772.363580606,184602.108496875
2016-06-07,6.23734286175672,6.2014867155284,6.27670842203938,173464.68512228,172467.501665631,174559.467735716
2016-06-08,3.75580349846701,3.73548342731482,3.77303963083209,104451.412353376,103886.297556547,104930.760745744
2016-06-09,5.40249001252116,5.38133291517082,5.42422985450159,150246.867884108,149658.47482775,150851.467459171
2016-06-10,3.42408109157509,3.40705066313724,3.4407548358466,95225.9899042875,94752.3622759938,95689.697906873
2016-06-11,4.38161054692483,4.36315977335826,4.39992410573489,121855.525773792,121342.397395583,122364.838117664
2016-06-12,5.7573670532291,5.721186861237,5.79223391753983,160116.236217371,159110.040830863,161085.907080897
2016-06-13,4.71938274471241,4.69056316203538,4.74792155594663,131249.196962132,130447.705053602,132042.880428671
2016-06-14,3.19100854948657,3.17949080635028,3.19874365193002,88744.0863084594,88423.7701528882,88959.2046913156
2016-06-15,4.80454141423042,4.77427164564244,4.83058335994402,133617.516632989,132775.694082391,134341.760596052
2016-06-16,3.48797624917328,3.47624417082711,3.5005203370532,97002.9570582924,96676.6800968916,97351.8165490185
2016-06-17,5.30626333152687,5.27065979608146,5.33750089945658,147570.739396546,146580.581215064,148439.477095436
2016-06-18,2.53382371237316,2.51801769859533,2.55318227248125,70467.3355567928,70027.7597207712,71005.7100871012
2016-06-19,4.63025076364816,4.60739001883405,4.65676481069451,128770.376834345,128134.604200271,129507.750251864
2016-06-20,6.65175869207342,6.59689124515325,6.69681747307456,184989.867096216,183463.966626349,186242.981993311
2016-06-21,3.27072062176215,3.25879600362076,3.2832038475258,90960.9324598079,90629.3008376661,91308.0993342923
2016-06-22,5.88111384571524,5.84076599938376,5.91133084275042,163557.717448925,162435.616802163,164398.072387273
2016-06-23,4.49676244848304,4.46580438842071,4.52392754926465,125057.977328524,124197.012930746,125813.456986743
2016-06-24,1.87955328404749,1.87006262745341,1.88697776290079,52271.6364666891,52007.694946368,52478.1161993299
2016-06-25,3.61502955846945,3.59592044903739,3.63288459360052,100536.394738291,100004.95759846,101032.955231358
2016-06-26,5.91847664981724,5.87542836292993,5.95036465976734,164596.802070772,163399.600362374,165483.628998162
2016-06-27,6.8147994517038,6.75158904453024,6.86082109895355,189524.139888046,187766.216102255,190804.032740807
2016-06-28,6.64135921934587,6.60171373383243,6.68129030409935,184700.650790153,183598.083268448,185811.161018126
2016-06-29,6.19524439387021,6.14626649145156,6.23861685757105,172293.898516843,170931.790226613,173500.115799682
2016-06-30,6.34321763877626,6.2951216212559,6.37909733597706,176409.133626256,175071.551146069,177406.972051234
2016-07-01,6.61469242728384,6.58186319281067,6.65028694761183,183959.029431381,183046.026419216,184948.936896406
2016-07-02,4.31055602290516,4.29040090206878,4.33085977213817,119879.451841549,119318.924423548,120444.112714867
2016-07-03,6.10643463822577,6.07724414911635,6.13655589094338,169824.039693929,169012.23262894,170661.731918639
2016-07-04,5.07725408095868,5.05029802737493,5.09668525683583,141201.838661031,140452.172745483,141742.232684543
2016-07-05,4.33851558910542,4.3114385641204,4.35870329201565,120657.026115495,119903.995904205,121218.459662805
2016-07-06,3.73566783994076,3.72779369498451,3.74829295516149,103891.426195263,103672.440946943,104242.53911064
2016-07-07,4.50719399711974,4.48146099942738,4.53539973297303,125348.085687117,124632.433775575,126132.506104091
2016-07-08,2.31135520558319,2.30360264216301,2.32018108178338,64280.3372892201,64064.7333048988,64525.7908212649
2016-07-09,3.22739825129723,3.21153785115241,3.243074285099,89756.1083034313,89315.0199460951,90192.0693092088
2016-07-10,4.94488210414857,4.92016676626935,4.97013268107269,137520.48527301,136833.135162886,138222.720739679
2016-07-11,3.6815367968788,3.66454009897286,3.6964636552783,102386.005610217,101913.316050621,102801.131545975
2016-07-12,4.03496464507449,4.0122887189785,4.0546338855803,112215.070928496,111584.438226835,112762.085688876
2016-07-13,4.3693819794908,4.34552316033831,4.39316738056212,121515.441118122,120851.911367809,122176.929062394
2016-07-14,5.97070610854697,5.93378747806586,6.00491078012027,166049.338321137,165022.606465363,167000.593160847
2016-07-15,6.16655250669823,6.12773406122382,6.20419547832615,171495.957905887,170416.390921933,172542.834174392
2016-07-16,3.10672617613856,3.09684470254973,3.1185482322751,86400.1370213659,86125.3266185037,86728.916325418
2016-07-17,5.39675389543773,5.36143338182999,5.43129007013061,150087.342623792,149105.05546929,151047.816787423
2016-07-18,5.85434612070335,5.8065199898118,5.90188374982463,162813.289077175,161483.212325007,164135.342401763
2016-07-19,5.71305985236014,5.68073285638883,5.74818967565987,158884.023267446,157984.987844606,159861.007196684
2016-07-20,6.35026351853027,6.31010010357606,6.38516859160967,176605.084264217,175488.112777659,177575.817739205
2016-07-21,6.52293251035555,6.47182464303253,6.55692880140157,181407.124646027,179985.780604349,182352.58428362
2016-07-22,4.07089706796662,4.04602602690825,4.0999862070357,113214.375690285,112522.6953704,114023.364142729
2016-07-23,4.87565997511669,4.85517200101653,4.90229072875078,135595.371473409,135025.587183072,136335.990579348
2016-07-24,6.11135794606124,6.06649987136871,6.15285225603332,169960.960184331,168713.427064188,171114.944753274
2016-07-25,6.08157398722785,6.04220173762235,6.11838941829705,169132.648328588,168037.6796806,170156.510139555
2016-07-26,5.25898387326209,5.22309808596136,5.29777539066604,146255.865976498,145257.85818176,147334.684072766
2016-07-27,5.2041470127144,5.17611937230149,5.2336901838866,144730.816134149,143951.348670727,145552.431523664
2016-07-28,5.78565827983428,5.7446470142044,5.81528834886975,160903.03418945,159762.48340739,161727.06626678
2016-07-29,5.37094607780548,5.33475589178554,5.40397099119544,149369.609919579,148363.136592458,150288.054893561
2016-07-30,5.84203098292709,5.80159772940026,5.88001914305683,162470.796842269,161346.320964166,163527.273034348
2016-07-31,5.92091363738046,5.8931388504148,5.95455658590361,164664.576328123,163892.140888527,165600.209273353
2016-08-01,6.18210222032101,6.13882420670421,6.21539664466504,171928.405862829,170724.815300126,172854.346117064
2016-08-02,5.56134099933567,5.51458468050237,5.60645648668129,154664.620286031,153364.295724169,155919.312224569
2016-08-03,1.89073339063134,1.88334033167733,1.89840263065476,52582.5627234597,52376.956799275,52795.8494282753
2016-08-04,5.61204539655472,5.56568231666884,5.65112126453642,156074.74355372,154785.355230526,157161.469630121
2016-08-05,5.65998312627428,5.60623653534438,5.70775353541055,157407.923944085,155913.195230483,158736.451036895
2016-08-06,3.40915382338662,3.39342676949465,3.4294812599726,94810.8525720229,94373.4726633446,95376.1722065022
2016-08-07,3.36285446141199,3.34444648944889,3.38544163852486,93523.2362866438,93011.298249712,94151.4008196067
2016-08-08,4.56622694014972,4.53567568885922,4.59263587194496,126989.831395425,126140.180622226,127724.281487365
2016-08-09,3.20189587473409,3.18990474598606,3.21770616125815,89046.8701200507,88713.388793364,89486.5647840085
2016-08-10,1.43022835764634,1.42779799825937,1.43289904077437,39775.6091352983,39708.0192119706,39849.8826229247
2016-08-11,3.94982665789257,3.93206064893218,3.97068774580466,109847.326447267,109353.241831671,110427.487282767
2016-08-12,4.88344899782562,4.86051516933906,4.90778012312344,135811.989414985,135174.184275001,136488.654315729
2016-08-13,4.86740927997811,4.83551910337797,4.8962267116902,135365.914112162,134479.026928782,136167.346200916
2016-08-14,4.86589800973404,4.84169318863944,4.8915725522652,135323.884673852,134650.732377647,136037.910908186
2016-08-15,5.2733304169562,5.2355839595895,5.31342337508304,146654.852971385,145605.09869513,147769.865006355
2016-08-16,5.45563059563554,5.41273587155139,5.49106613326631,151724.743114227,150531.812090299,152710.229163895
2016-08-17,4.93781116322217,4.90587551591479,4.97405901010298,137323.83766705,136435.685912828,138331.914581355
2016-08-18,3.95868864688828,3.94018197846722,3.9736804257429,110093.784300358,109579.101448785,110510.715717481
2016-08-19,5.56185794982942,5.5245274576198,5.60238805353658,154678.997025711,153640.811019246,155806.166372236
2016-08-20,5.40451421501982,5.36894829011413,5.43735821903351,150303.162312174,149314.050105007,151216.576075159
2016-08-21,5.50513857261828,5.46282144327659,5.54752683025953,153101.593133328,151924.72540628,154280.438986056
2016-08-22,4.39500755799143,4.3774156088268,4.40919169655218,122228.105629951,121738.861733926,122622.576029239
2016-08-23,3.56096282607824,3.54011889431839,3.57982362481407,99032.7626760977,98453.0789646889,99557.2941290543
2016-08-24,3.48386945883798,3.46751693853931,3.50436876105098,96888.7444667825,96433.9699181593,97458.84379953
2016-08-25,3.91567903530588,3.8970687979461,3.94145152764793,108897.658178108,108380.095004941,109614.408462326
2016-08-26,4.44944772823117,4.41987998183513,4.47700505138478,123742.123248983,122919.824406023,124508.510874227
2016-08-27,3.18144259625236,3.16617206312452,3.1971378331564,88478.050738114,88053.3669778365,88914.5457950351
2016-08-28,4.66458508880356,4.63158920869353,4.69258587526069,129725.237427064,128807.599888055,130503.958063978
2016-08-29,4.50419100681774,4.46980842269517,4.54468538872704,125264.570514277,124308.367807339,126390.746413662
2016-08-30,3.34319470639812,3.3148613839859,3.37532249537838,92976.4853241511,92188.5166394668,93869.980667065
2016-08-31,2.91722022295091,2.90577475872483,2.93200039235312,81129.8494602884,80811.5434296502,81540.8958767245
2016-09-01,3.98717116203764,3.96374145345056,4.01423974473317,110885.902135048,110234.30623714,111638.697560609
2016-09-02,2.08727878376026,2.08034914993023,2.09557543131031,58048.6218269895,57855.9040660807,58279.3571555962
2016-09-03,2.96294901214807,2.95267237139099,2.97858422479133,82401.5977343402,82115.7974676958,82836.4234763418
2016-09-04,2.97271940847152,2.96121058893008,2.98474409216707,82673.3190040106,82353.2510195929,83007.7335162757
2016-09-05,2.84572108109799,2.83504145835737,2.86237023902045,79141.4104081281,78844.4029424515,79604.4346478693
2016-09-06,1.44729338120446,1.44064523997074,1.45484973676647,40250.1988770718,40065.3096139165,40460.3461893628
2016-09-07,2.00513990366619,2.0001412464258,2.01211874646004,55764.2845238127,55625.2685159618,55958.3708189842
2016-09-08,2.68481670948611,2.67000402431272,2.69711514176415,74666.5519988549,74254.6012970307,75008.5796426592
2016-09-09,4.23808146083458,4.21509296265032,4.26837673565056,117863.885699429,117224.560158514,118706.417595321
2016-09-10,3.62619531038714,3.60284695293836,3.65233571066434,100846.921782176,100197.588313944,101573.903832635
2016-09-11,1.81343048578523,1.80292208087596,1.82421887138426,50432.7171328981,50140.471349858,50732.7493665577
2016-09-12,2.62328412218161,2.61059738349183,2.63890281584965,72955.2895080626,72602.4628027127,73389.655846293
2016-09-13,4.34699511369525,4.30757759831919,4.38525018261939,120892.847377138,119796.619857735,121956.746481666
2016-09-14,4.39799706928273,4.36398069144392,4.43199457403604,122311.24594247,121365.227677708,123256.739334077
2016-09-15,4.24673908450692,4.21784770221571,4.27689174785296,118104.660015915,117301.171311996,118943.225791253
2016-09-16,4.0095217574385,3.98514873367878,4.04129448932006,111507.487172047,110829.657046999,112391.108139095
2016-09-17,0.878853355190018,0.877057128879424,0.881001736871285,24441.500796985,24391.5465394941,24501.2487313415
2016-09-18,2.707427688198,2.69668877796162,2.71895297966656,75295.3784702377,74996.7221795709,75615.9045499879
2016-09-19,2.08565632600321,2.0743172456166,2.09784072485028,58003.5001894287,57688.1527646625,58342.3564870953
2016-09-20,3.07777948336561,3.06604742166432,3.09432057334996,85595.1100958817,85268.8335973865,86055.1288938394
2016-09-21,1.8590934757415,1.85280103821249,1.86757984239853,51702.6354859635,51527.6385812216,51938.647030081
2016-09-22,1.26916113186239,1.26670982361098,1.27331626890132,35296.2216423582,35228.0491170708,35411.7787880969
2016-09-23,1.93325866345786,1.92550666498845,1.94455858032782,53765.2190603144,53549.6307876526,54079.477321436
2016-09-24,2.7678843765754,2.75307876318596,2.78420415514386,76976.7194908223,76564.9654600492,77430.5834699856
2016-09-25,1.97035322736323,1.95652191264634,1.98546302494179,54796.843742524,54412.1856107891,55217.0573394544
2016-09-26,3.58644262101731,3.564181058426,3.61671139127853,99741.3728493792,99122.2638744809,100583.167635841
2016-09-27,3.49426408804242,3.47089622578344,3.52214778427366,97177.8260712213,96527.9501611463,97953.2903504827
2016-09-28,3.44375995337634,3.42191399981412,3.47886427283813,95773.2722393423,95165.7216300753,96749.5468897558
2016-09-29,2.49989308295961,2.48070904703119,2.52465389231731,69523.7020132032,68990.1811172939,70212.3167156179
2016-09-30,2.93389818615783,2.91706516272318,2.95197616755606,81593.6747942952,81125.5371314371,82096.4355724653
2016-10-01,1.53926973722647,1.52888777841047,1.54580272326359,42808.1229786753,42519.3937462305,42989.8096986384
2016-10-02,3.44324689330949,3.42104991922624,3.47163388999111,95759.0036950409,95141.6909698377,96548.4650971288
2016-10-03,2.54505355683942,2.53419519371019,2.55917270329582,70779.6450574065,70477.6667017346,71172.3079827157
2016-10-04,1.58335729756065,1.57861946739054,1.58830464575308,44034.2275781304,43902.4653459049,44171.8166469711
2016-10-05,1.4486255043512,1.44420441573868,1.45518381183725,40287.2461145436,40164.2926773083,40469.6370409713
2016-10-06,1.53766284339723,1.53250823063607,1.545988612785,42763.4341843774,42620.0809489759,42994.979410808
2016-10-07,0.717065493885784,0.714694721106164,0.718627540300116,19942.071947271,19876.1391674274,19985.5135049044
2016-10-08,0.742661949278393,0.739451535160273,0.745602213661007,20653.9265259489,20564.6427577715,20735.6972489331
2016-10-09,1.05651530154511,1.04975181483911,1.05991469823604,29382.3985904435,29194.3014924023,29476.9380906228
2016-10-10,1.147187425247,1.14301051232302,1.15052715209162,31904.0511171554,31787.8883694598,31996.9311589194
2016-10-11,1.81603918150095,1.80800553655496,1.82500375402781,50505.2667090456,50281.8456591168,50754.5774788869
2016-10-12,2.6232140244762,2.60767187221229,2.63974016747694,72953.3400438971,72521.1023734123,73412.9431562234
2016-10-13,0.630620370613524,0.626410002551726,0.632929446015378,17537.9751353545,17420.8819778553,17602.1920697742
2016-10-14,1.10298461533946,1.10144133330725,1.10524475057764,30674.7413498272,30631.821642236,30737.5972254963
2016-10-15,1.0817222623939,1.07943317758251,1.08649495868474,30083.4210648267,30019.760082125,30216.1529472361
2016-10-16,1.14023449648964,1.13739425697225,1.14427167532028,31710.6855087055,31631.6965442579,31822.9621576184
2016-10-17,0.76765491881231,0.76659038787312,0.768758771847719,21348.9977584529,21319.3924396077,21379.6966511469
2016-10-18,1.01386407293978,1.01236228861842,1.01621654405668,28196.2393389673,28154.4737105258,28261.6631373052
2016-10-19,1.22690812830613,1.22302904019824,1.23096343942714,34121.1372963787,34013.2572564145,34233.9182164386
2016-10-20,0.301280840288356,0.300462965681816,0.302057376364546,8378.82208054158,8356.07643961121,8400.41806923868
2016-10-21,1.11510246771755,1.1133222088071,1.11718488071965,31011.7469455934,30962.2367522012,31069.6602467713
2016-10-22,1.3691280367368,1.36484328820257,1.37329647914703,38076.3682626458,37957.20653436,38192.2954396772
2016-10-23,1.78839503624157,1.77953848559026,1.79918791416302,49736.4645028539,49490.1578937658,50036.6216710107
2016-10-24,1.10281178804815,1.09939185097875,1.1091125664498,30669.9349070308,30574.8241651603,30845.1637770304
2016-10-25,1.33440524086255,1.3298860872495,1.33831965298486,37110.7040388909,36985.0233482697,37219.5664633695
2016-10-26,0.452858628271037,0.451209067635556,0.453683635024042,12594.3019486055,12548.4265618317,12617.2459393088
2016-10-27,0.513410484436174,0.512335963395475,0.515219581600073,14278.2896491464,14248.406498883,14328.6018536935
2016-10-28,1.17232857839143,1.16791981982929,1.1762904002388,32603.2434351773,32480.6329049062,32713.4243558828
2016-10-29,1.58460741550402,1.57913088650145,1.59308296742777,44068.9941959385,43916.6882541216,44304.7049750756
2016-10-30,1.03698525964585,1.03446860676753,1.041322473099,28839.2550365991,28769.2652334449,28959.8758494411
2016-10-31,0.506334011843028,0.505775537790586,0.506587401901981,14081.488203827,14065.9566661509,14088.5351511832
2016-11-01,0.718338392740655,0.71757974932196,0.718874472797879,19977.4721174952,19956.3737355943,19992.3808631562
2016-11-02,0.949729908757571,0.948520640167063,0.951455078114787,26412.6252516835,26378.994681755,26460.6033676802
2016-11-03,1.92033458446078,1.91279490465095,1.92993026548147,53405.7917619577,53196.1082135107,53672.6540819682
2016-11-04,1.91910205511975,1.91222262463465,1.92859662254975,53371.5142949684,53180.1927227272,53635.5645782573
2016-11-05,1.82916611442215,1.82230217284206,1.84139974336618,50870.3355109803,50679.4446955678,51210.5609306363
2016-11-06,0.876567014210998,0.875019927200693,0.878460719461778,24377.9161221005,24334.8905955186,24430.5813342464
2016-11-07,1.18302306932587,1.18070362813848,1.18802733576422,32900.6643952884,32836.1591814261,33039.8363986936
2016-11-08,1.73543743458528,1.72855927122745,1.74585793006009,48263.6781097146,48072.3917771322,48553.4790724673
2016-11-09,1.71381287626558,1.70757798455425,1.72574428187788,47662.2846505167,47488.8881335306,47994.1050367735
2016-11-10,1.62330348798942,1.61870110010312,1.63302306272044,45145.1579050565,45017.1624135141,45415.4657921819
2016-11-11,1.46970363253488,1.46485975324807,1.47828965160915,40873.4429854526,40738.7314562198,41112.2259300788
2016-11-12,0.521012157498705,0.519368829560325,0.522655983709845,14489.6972714978,14443.9952202074,14535.4131800876
2016-11-13,1.05697426895176,1.05573652041979,1.05877617380225,29395.1627816127,29360.7401654253,29445.2749631039
2016-11-14,0.532812613772896,0.532374630526784,0.533468416107289,14817.8758689022,14805.6952613006,14836.1141713267
2016-11-15,0.464699750272828,0.463709140660788,0.465985937237351,12923.6114871478,12896.0619699511,12959.3812086068
2016-11-16,0.671784966056723,0.669309580401786,0.673159644378875,18682.7901222814,18613.9479882659,18721.0208477011
2016-11-17,0.720796695800504,0.719573880781352,0.723220769974842,20045.8391730929,20011.8318679052,20113.2543004451
2016-11-18,1.00200965125348,0.999792372810157,1.00565749149778,27866.5599272854,27804.8959278031,27968.0088091858
2016-11-19,0.36339642835047,0.362608073444889,0.364315362951858,10106.2982131179,10084.3735348547,10131.8544002332
2016-11-20,0.808310553569443,0.805796420091596,0.810748430644562,22479.6582076055,22409.7384706669,22547.4572028789
2016-11-21,0.783317317603225,0.781629240025238,0.784197410440987,21784.5795654406,21737.6329966825,21809.0555370786
2016-11-22,0.8628398050193,0.859753319769456,0.866357090850824,23996.1532347907,23910.3160114946,24093.9713109768
2016-11-23,0.396752648853519,0.39522924506018,0.397788540043519,11033.9570599495,10991.5901795033,11062.765888176
2016-11-24,0.801201152493248,0.797754439292529,0.803465100027276,22281.9409991045,22186.0855950774,22344.9028972762
2016-11-25,0.316811128224004,0.315478388809725,0.317875851678872,8810.72979610633,8773.66541982114,8840.34046894161
2016-11-26,1.18253713256282,1.17835459507148,1.18960811356824,32887.1501682432,32770.8309975599,33083.7988888277
2016-11-27,0.808992918157535,0.805861245318872,0.810953998589486,22498.6352241069,22411.5413036819,22553.1741851945
2016-11-28,0.793645926370884,0.791056886721489,0.796559246765986,22071.825097287,21999.822169517,22152.8464899212
2016-11-29,0.877431414074828,0.874536483130523,0.88181821282913,24401.9556616164,24321.445691933,24523.9554749143
2016-11-30,0.38884956328486,0.387055620524275,0.390018160407051,10814.1669538023,10764.2762033675,10846.6664229398
2016-12-01,0.423046235736937,0.421139086945317,0.424367202195396,11765.1993325898,11712.1602465635,11801.9362950836
2016-12-02,0.30300687635039,0.301705952666352,0.303692935945131,8426.82430018002,8390.64474067508,8445.90407729259
2016-12-03,0.565679288151478,0.565264714134205,0.566350270752431,15731.9201099288,15720.3905286696,15750.5805857399
2016-12-04,0.575243181779012,0.57216577117787,0.576715628451054,15997.8984012322,15912.3135499982,16038.8481299846
2016-12-05,0.770668695438773,0.764854862366211,0.772796925465544,21432.812906205,21271.1263121476,21492.0004095448
2016-12-06,1.04020769060584,1.03488679788891,1.04385958115164,28928.8730012024,28780.8954087933,29030.4345247017
2016-12-07,0.913157473039509,0.909357905007393,0.918806112609271,25395.5213042822,25289.8527709179,25552.6137563174
2016-12-08,0.975810037402983,0.969950050984415,0.982269138932648,27137.9311076696,26974.9609581288,27317.5630499644
2016-12-09,0.550460127249215,0.547844312592983,0.553466407595786,15308.6650456733,15235.9174870192,15392.2717168577
2016-12-10,0.598233252787068,0.596998299011714,0.599814968280836,16637.2676834313,16602.9227912985,16681.2562513457
2016-12-11,0.322516276254893,0.321475569239217,0.323149378207266,8969.39378631632,8940.45102675028,8987.00077590352
2016-12-12,0.725924743660482,0.722059933166784,0.728898215849312,20188.4536207894,20080.9706508444,20271.1478751196
2016-12-13,0.871354996006642,0.869434555971707,0.875725461436898,24232.9664028517,24179.5576784414,24354.5119754617
2016-12-14,0.771701022184193,0.768227222288487,0.775531225084783,21461.5226048389,21364.9139016712,21568.0431144263
2016-12-15,0.628316840971465,0.625101438388638,0.630256150140986,17473.9124322314,17384.4899315074,17527.8459199203
2016-12-16,0.862222470898646,0.857083131068281,0.865139027364131,23978.9847591709,23836.0562742103,24060.0961490912
2016-12-17,0.549754699359557,0.545635395591816,0.55268053174516,15289.0466232989,15174.4860248467,15370.4159827742
2016-12-18,0.507136066780326,0.504929753583812,0.508649303161711,14103.7938891537,14042.4348405336,14145.8780070594
2016-12-19,0.279237556686828,0.278380957361867,0.280212485099625,7765.78359063512,7741.96098933298,7792.89700317163
2016-12-20,0.386037402482918,0.385649631675377,0.386953745358974,10735.9588772489,10725.1747112153,10761.4429867459
2016-12-21,0.715640856327271,0.712328034792062,0.717072975919862,19902.4518220064,19810.3200349285,19942.280027653
2016-12-22,0.627330342345886,0.624207869417661,0.630637717756527,17446.4772443233,17359.6391795733,17538.4575710271
2016-12-23,0.19537511159302,0.193955676118764,0.196299155963013,5433.51278971833,5394.03733790329,5459.21108292306
2016-12-24,0.303781285633154,0.30228044418477,0.304548706589569,8448.36114132663,8406.62173481447,8469.703632434
2016-12-25,0.794795219555251,0.79243023173547,0.79733743644034,22103.7877109764,22038.0158147429,22174.4884662914
2016-12-26,0.462827481165059,0.459458367270347,0.46465245783279,12871.5424285051,12777.8451131834,12922.2962526959
2016-12-27,0.283951832943013,0.283275003163238,0.284498300726044,7896.89077272904,7878.06768295631,7912.08840800642
2016-12-28,0.798927479131272,0.79825461430406,0.800299141805533,22218.7086191396,22199.9957973549,22256.8554773705
2016-12-29,0.269046898348514,0.26847123129522,0.269665526461937,7482.37455268036,7466.36486612823,7499.57901510631
2016-12-30,0.952503783087233,0.949329294839829,0.954461686391678,26489.768555784,26401.4839101481,26544.2191588265
2016-12-31,0.716805867497751,0.715216552151787,0.718207362980579,19934.8515634236,19890.6516385264,19973.828092054
2017-01-01,0.388181832844508,0.387242184078444,0.389598069835205,10795.5969227571,10769.4646608399,10834.9834226009
2017-01-02,1.04823200262428,1.04624483645742,1.05010975793421,29152.0344961615,29096.7700733038,29204.2561297629
2017-01-03,0.954633650613868,0.949588040934928,0.959635269314453,26549.0015990925,26408.679812459,26688.0999671361
2017-01-04,1.25661783291311,1.24637711523344,1.26525762489958,34947.3840923219,34662.5828705354,35187.6624976737
2017-01-05,1.05200552162154,1.04858408778661,1.05559619425654,29256.9785884087,29161.8262204859,29356.8376007818
2017-01-06,0.928023439552613,0.924305097980172,0.933022219617468,25808.9537958717,25705.5442247873,25947.9732195532
2017-01-07,1.08772092048945,1.08289675230272,1.09383493036217,30250.2477666392,30116.0844163094,30420.2824786812
2017-01-08,0.655289890348422,0.652157549580259,0.657872943656789,18224.0510121786,18136.9385161866,18295.8874557926
2017-01-09,0.422788574851747,0.421670407360411,0.423717626141748,11758.0336106937,11726.9366233871,11783.8711496993
2017-01-10,0.80362166547469,0.795558425188881,0.807669600443533,22349.2570872956,22125.0129711322,22461.8328716206
2017-01-11,1.41221284528503,1.4030626078241,1.42475069769761,39274.5856629105,39020.1114268239,39623.2717411109
2017-01-12,1.21192064268796,1.20512430602338,1.2158274966839,33704.3252770378,33515.3145996331,33812.9775049567
2017-01-13,1.02422140556694,1.02254904742187,1.02686457750753,28484.2837005965,28437.7742998024,28557.7920836629
2017-01-14,0.988897404547399,0.985755043081521,0.992513296239022,27501.8995588357,27414.5083805247,27602.4599300748
2017-01-15,1.19159893886388,1.18814172137806,1.19678354348321,33139.1650745089,33043.0175392734,33283.352403586
2017-01-16,1.12630613533809,1.12102589169542,1.13071630686071,31323.3284505844,31176.4813361727,31445.9782762332
2017-01-17,0.760962386822264,0.757995386579168,0.763106170488984,21162.8739586147,21080.3596934327,21222.4940191052
2017-01-18,0.407710874868299,0.406486790029731,0.4084488709102,11338.7126693946,11304.6700496779,11359.2368339094
2017-01-19,0.691559193043675,0.690388433422361,0.692420276870386,19232.7246270622,19200.1650173748,19256.6719453634
2017-01-20,1.24032403126599,1.2344644163803,1.24490187717062,34494.2425487501,34331.2827317878,34621.5555113346
2017-01-21,0.736240403106346,0.733628053803894,0.739232921071436,20475.3390233182,20402.6878384751,20558.5629534504
2017-01-22,1.14866419420318,1.14502641978914,1.15406116328751,31945.1210515262,31843.9521071114,32095.2143786974
2017-01-23,1.04586587099818,1.0415481172349,1.05003252313652,29086.2307899076,28966.1511640822,29202.1081782779
2017-01-24,1.00029178401574,0.997186924428767,1.00524911933368,27818.7848881252,27732.4366621996,27956.6517056197
2017-01-25,1.15816984822222,1.1545183777826,1.1636414813648,32209.4796602863,32107.9298202215,32361.6494449557
2017-01-26,1.15669062777502,1.15204492502671,1.16094959375197,32168.3415483072,32039.1414414237,32286.7862463961
2017-01-27,0.892008465467244,0.890543026490451,0.893847060406859,24807.3532300746,24766.5983900234,24858.4857875332
2017-01-28,1.00727665831257,1.0052708193925,1.00963168423789,28013.0389234369,27957.2551987983,28078.5337727092
2017-01-29,1.52426953255309,1.51644385742226,1.52948376195353,42390.9572338848,42173.3199638927,42535.9684479787
2017-01-30,1.32639164969845,1.32423402190863,1.32947906976648,36887.8406980761,36827.8356232439,36973.7039192923
2017-01-31,1.67710764263931,1.66679501472612,1.6854816007341,46641.4875042897,46354.6864107164,46874.3728909576
2017-02-01,1.82884430053748,1.82106332679996,1.83934581844072,50861.3856511747,50644.9915568884,51153.4399019617
2017-02-02,2.06204050634939,2.05501871718052,2.07276973508918,57346.7284180272,57151.4477553846,57645.1154597856
2017-02-03,1.07577799635231,1.06608681228424,1.08473862505696,29918.107042487,29648.5887187252,30167.3081319896
2017-02-04,0.850309847012433,0.84570981116567,0.857598947012927,23647.6867053037,23519.7566255574,23850.40146132
2017-02-05,0.731609414487269,0.723522756332859,0.734271450185715,20346.5481262299,20121.6527434465,20420.5811230444
2017-02-06,1.09166022076617,1.08384007982602,1.10065990207328,30359.8023473714,30142.3189869309,30610.0895159204
2017-02-07,1.30534459164598,1.29796552584659,1.30975393672379,36302.5079083382,36097.2911431616,36425.1347500032
2017-02-08,0.790671921515775,0.785075665360639,0.794655614546348,21989.1160291505,21833.4803949822,22099.9052021185
2017-02-09,0.81916851284775,0.815056787912421,0.820197126507687,22781.6253319126,22667.275505869,22810.2317671508
2017-02-10,1.24941137798013,1.24640642460814,1.2524426790657,34746.9677510202,34663.3979838883,34831.2702657245
2017-02-11,1.67012928375853,1.6669544806288,1.67246726442485,46447.4146670649,46359.1212643405,46512.4354762612
2017-02-12,2.0852373966331,2.0813744618179,2.08909507841489,57991.8494828883,57884.4186768194,58099.1341985775
2017-02-13,2.18959483883958,2.17643368046451,2.20163059716222,60894.0998888272,60528.0792540832,61228.8223938935
2017-02-14,2.40241745814158,2.39448933184185,2.41806695433985,66812.8395608873,66592.3530552273,67248.0625381264
2017-02-15,1.02151346298954,1.01547943857415,1.02482804136948,28408.9740027123,28241.1637398433,28501.1546488196
2017-02-16,0.733157497606883,0.732521362416873,0.733379021084019,20389.6013552793,20371.9100093206,20395.7620716389
2017-02-17,1.67825011657561,1.66807249664571,1.68103589105103,46673.2604701205,46390.2140390417,46750.7347252496
2017-02-18,1.02094832495518,1.01521264360317,1.02364721435718,28393.2571352332,28233.7439929001,28468.315058242
2017-02-19,1.51144134776168,1.50875608855444,1.51493649831545,42034.1968176545,41959.5179594965,42131.3992969317
2017-02-20,0.894139284909046,0.891536813892949,0.895953165503963,24866.6127467818,24794.2362837025,24917.0579817513
2017-02-21,0.937655074241048,0.935016188173033,0.93978579321679,26076.8160114773,26003.4268213995,26136.072734156
2017-02-22,1.97515379009299,1.96798037756649,1.98109411950583,54930.3506092754,54730.8531994423,55095.5551513312
2017-02-23,2.09933277559267,2.09239310335433,2.10774115843644,58383.8514181822,58190.8544824107,58617.69418019
2017-02-24,2.44906726931908,2.43848036188977,2.4592172345976,68110.2020734619,67815.7730827288,68392.4794101522
2017-02-25,2.21921011729854,2.20562080851684,2.22479694451865,61717.7206303116,61339.7928458218,61873.0940394776
2017-02-26,2.12840513051725,2.12133774564861,2.13448050059228,59192.3730923194,58995.824382709,59361.3332056922
2017-02-27,2.33750193043008,2.32816934562923,2.34710735125314,65007.4952302005,64747.9497923856,65274.628420642
2017-02-28,1.97964238989985,1.97493772760662,1.98505729395023,55055.18157807,54924.3417667289,55205.7736886667
2017-03-01,1.94631922645487,1.93406917269563,1.95234641804631,54128.4420701775,53787.759865403,54296.0623076332
2017-03-02,1.4892187989528,1.48368394925977,1.49219138418074,41416.1728421917,41262.244962888,41498.8424295454
2017-03-03,1.11173552131774,1.10997978131097,1.11361234261163,30918.1099097575,30869.2816035089,30970.3055677469
2017-03-04,1.51238741460763,1.50780475309582,1.51593923740986,42060.5075706746,41933.0606828271,42159.286143162
2017-03-05,1.16906654059516,1.16307477406459,1.17320941192799,32512.5239779133,32345.8889351417,32627.7400061451
2017-03-06,2.05469089233304,2.04448364076786,2.06143651322811,57142.330726675,56858.4602199605,57329.9309645409
2017-03-07,2.10065037998605,2.09711798496179,2.10445113651082,58420.4948793932,58322.2566064311,58526.1964655346
2017-03-08,2.21219291888576,2.20187001033519,2.21622431845681,61522.5676396723,61235.4806346834,61634.6835635031
2017-03-09,1.92109560578971,1.91187323798804,1.928638773588,53426.9562751361,53170.4760459332,53636.7368268798
2017-03-10,1.59432799948225,1.58190397240415,1.60185234066116,44339.330150905,43993.80963154,44548.5871217468
2017-03-11,1.8981427805142,1.88983255394252,1.90238819548179,52788.6228217202,52557.5098514217,52906.6906571573
2017-03-12,1.93048517146901,1.92522626332167,1.93319835076515,53688.0863893678,53541.83262938,53763.5417239097
2017-03-13,0.935852545369513,0.934644808181549,0.936656491619445,26026.6864755427,25993.0984949452,26049.0447595413
2017-03-14,0.862576431145699,0.86229963476008,0.862698603698854,23988.8286308582,23981.130737871,23992.2263314389
2017-03-15,0.975040190912709,0.974920517585383,0.975113850641524,27116.5211608401,27113.1929654045,27118.5696872636
2017-03-16,2.4864896262223,2.47101229775421,2.49235843495661,69150.942898622,68720.5080213423,69314.1584026763
2017-03-17,1.98720005369221,1.9739781370077,1.99446125795498,55265.365273124,54897.6549090754,55467.3042299789
2017-03-18,1.91189052935392,1.90814294994645,1.91264903912351,53170.9569304068,53066.7342355357,53192.0515954364
2017-03-19,3.83652064495364,3.82383831104346,3.84555347463549,106696.210292114,106343.506086636,106947.41933918
2017-03-20,3.77133472217258,3.74806001972258,3.79146468894696,104883.346093329,104236.061019976,105443.173960008
2017-03-21,3.04691033087277,3.03183194486416,3.05462128247554,84736.618277195,84317.2782570764,84951.0650089868
2017-03-22,2.39701020692557,2.39624101129294,2.39748554509357,66662.4602807432,66641.0684347009,66675.6797537572
2017-03-23,2.54533214735715,2.53136235258435,2.55056853252581,70787.39284641,70398.883491514,70933.0202272663
2017-03-24,1.74639715530262,1.73646967623091,1.75114720582299,48568.4752878396,48292.3854416664,48700.5773761957
2017-03-25,3.100852054265,3.09025310950008,3.10729333350967,86236.7737553486,85942.0099982448,86415.9100479536
2017-03-26,3.29172653552272,3.27578674619555,3.30191988202948,91545.1209992138,91101.8247755115,91828.6047969347
2017-03-27,2.90696169408343,2.90187096564307,2.91011813270418,80844.5528974321,80702.976327806,80932.3355708543
2017-03-28,1.6268483845841,1.6243378796554,1.62930514762685,45243.74385507,45173.925030515,45312.0680817602
2017-03-29,1.44468909132477,1.44275582664041,1.44567131907049,40177.771830177,40124.0064436713,40205.0882420539
2017-03-30,2.88668782643995,2.87948860849928,2.88897736260142,80280.7230511446,80080.507975449,80344.3965861943
2017-03-31,4.05243834051063,4.03111985605802,4.06093693239109,112701.02610908,112108.144769251,112937.377644855
2017-04-01,1.9426493296081,1.93212161396273,1.94670501510967,54026.3797793807,53733.5969518278,54139.1711112149
2017-04-02,3.00147286395797,2.9911219549044,3.00600798016443,83472.9718710538,83185.1061533111,83599.0964920955
2017-04-03,3.04404974089919,3.03294180529635,3.05210371588563,84657.0633529222,84348.144219501,84881.0497949007
2017-04-04,4.25738807540719,4.22973462052788,4.28091251338568,118400.815589583,117631.754476621,119055.045975351
2017-04-05,3.03616837220113,3.01536446243016,3.04529584775883,84437.8772075006,83859.3065344243,84691.7184198036
2017-04-06,1.64573617679048,1.64435355365381,1.64688754511422,45769.026014533,45730.5743384972,45801.0463392392
2017-04-07,2.07152650868836,2.06826409888396,2.07268155831453,57610.5405003946,57519.8106973353,57642.6632045885
2017-04-08,2.68993830340608,2.67764414775875,2.69568203304535,74808.9869581543,74467.0782503159,74968.72392875
2017-04-09,2.26376014728115,2.25111778323221,2.2693961342433,62956.686820627,62605.0942037777,63113.4273951649
2017-04-10,2.31785801783349,2.30403463648926,2.32759832502034,64461.1848559498,64076.7473566255,64732.0693265664
2017-04-11,4.01766608072046,4.00837761270392,4.02916608901615,111733.986260674,111475.667740197,112053.809198443
2017-04-12,1.67752933115636,1.67238511803704,1.67925639569618,46653.2149445556,46510.1509301633,46701.2457668506
2017-04-13,1.87979459884161,1.87664098803633,1.88116208782974,52278.3475928377,52190.6435628587,52316.37837806
2017-04-14,2.9911714370204,2.98674944753969,2.99597436722278,83186.4822841191,83063.5037931355,83320.0549918706
2017-04-15,3.0726036930781,3.0630018687841,3.07924175851404,85451.1678992795,85184.1347307214,85635.7769477459
2017-04-16,5.04557952593415,5.02095765035812,5.06392991457621,140320.948058174,139636.197197339,140831.284664357
2017-04-17,1.58382515484374,1.57975717549427,1.58650382914729,44047.2390027212,43934.1057707377,44121.7347302944
2017-04-18,2.42100902076857,2.41753871735627,2.42458102299749,67329.8833772206,67233.3719135998,67429.2231530882
2017-04-19,4.11570135543911,4.10534223529536,4.12482321620281,114460.412951792,114172.318878128,114714.098012911
2017-04-20,2.36432796389165,2.35738032532096,2.37088989967242,65753.5451990137,65560.3267142006,65936.0370307492
2017-04-21,3.02500727034542,3.01564471484855,3.03244747648235,84127.479484956,83867.100541999,84334.3966038946
2017-04-22,4.55532449221969,4.5268290295233,4.57226493846563,126686.627011898,125894.149097248,127157.752175131
2017-04-23,2.88817429022946,2.8842480173079,2.89331637419602,80322.0626053277,80212.8703240732,80465.067406555
2017-04-24,3.20097376009595,3.19689549736874,3.20533539151532,89021.225493982,88907.8062743718,89142.525386829
2017-04-25,2.94291144248446,2.93910828771404,2.94811852417517,81844.3394932348,81738.5712102746,81989.1519247307
2017-04-26,2.2132934833839,2.20941244119698,2.21735600589601,61553.175075941,61445.2406917295,61666.1565496203
2017-04-27,2.76463769175016,2.75974506618719,2.7690245262413,76886.427009972,76750.3598141305,77008.4278171354
2017-04-28,2.96823190768352,2.95823660971049,2.97623747756088,82548.5185996672,82270.5426643974,82771.1588631221
2017-04-29,3.32645734009371,3.31496722351422,3.33622512696468,92511.0079501926,92191.4601076807,92782.6566492406
2017-04-30,2.94513681800755,2.935785123899,2.95578151813188,81906.228677932,81646.1517974633,82202.2649222452
2017-05-01,3.48617727248463,3.47219602715923,3.50336365999848,96952.9263109444,96564.0985085068,97430.8912656624
2017-05-02,3.30997098855266,3.29852888005657,3.32486708021477,92052.5114650276,91734.2987594893,92466.7817572002
2017-05-03,3.65748406822932,3.63261065124179,3.67809940072719,101717.083106839,101025.336710771,102290.409319569
2017-05-04,5.93467508432247,5.8849649658208,5.97448994543656,165047.291390215,163664.819680001,166154.569360885
2017-05-05,2.99171930042032,2.97815736837444,3.0113835655024,83201.7187324373,82824.5523133179,83748.5951229494
2017-05-06,1.88344424856921,1.87324515857349,1.89082849434865,52379.8467976812,52096.2032696832,52585.2076215746
2017-05-07,2.94971510905139,2.93484427790758,2.96085512003772,82033.5540201363,81619.9862399066,82343.3651914685
2017-05-08,5.29439234901044,5.25256726972869,5.32559145762917,147240.59941708,146077.41593196,148108.267536757
2017-05-09,4.65333626420608,4.62704540547547,4.6796588380575,129412.400076281,128681.233675398,130144.448495928
2017-05-10,5.97705424206392,5.93323406813142,6.01315563063326,166225.88416863,165007.215764203,167229.88797914
2017-05-11,4.45856794347216,4.42885140734239,4.48700206144039,123995.762547012,123169.325761842,124786.534423661
2017-05-12,1.95455497412182,1.9430059011713,1.96348518705543,54357.4837322213,54036.2962735201,54605.8389387469
2017-05-13,3.55650042520215,3.54560753838281,3.56891560648007,98908.660317126,98605.7218344951,99253.9348288599
2017-05-14,3.92355103801688,3.91302051383544,3.93820271360043,109116.583849153,108823.72291433,109524.056766378
2017-05-15,3.95236899015393,3.92960413555398,3.97063572697471,109918.030411273,109284.924548319,110426.040604245
2017-05-16,1.9699215895748,1.96502927812033,1.97560702155288,54784.8396063532,54648.7811460795,54942.9552799213
2017-05-17,2.53890229144126,2.53626620604683,2.54303517118135,70608.5742442341,70535.2629427658,70723.5123995756
2017-05-18,3.32663454967757,3.30718122367974,3.34551988773285,92515.9362674818,91974.9262342697,93041.1501753578
2017-05-19,4.42281397983914,4.40339505770817,4.44393218068216,123001.420856819,122461.367618201,123588.73217524
2017-05-20,4.15335342000904,4.13600264822931,4.16869997870904,115507.542101108,115025.00550979,115934.340183498
2017-05-21,6.11524809461883,6.07425616758419,6.1490078667104,170069.147822814,168929.134860048,171008.029709774
2017-05-22,6.16760109848591,6.13415178880779,6.20427679299341,171525.119946247,170594.87222707,172545.095589784
2017-05-23,6.25587468927644,6.21452362590163,6.29027284129192,173980.067665247,172830.066880175,174936.70332572
2017-05-24,4.25249269123149,4.23766678054457,4.27608866451715,118264.671674872,117852.353162654,118920.891505475
2017-05-25,4.49142682499976,4.46825976273005,4.51250937457649,124909.590063631,124265.298535829,125495.909896444
2017-05-26,5.27190193705624,5.24119212610545,5.30373493353244,146615.125988029,145761.065564414,147500.422953841
2017-05-27,6.4553642938064,6.40405595420404,6.49638311496869,179528.007260988,178101.08795087,180668.768167468
2017-05-28,5.77893519636233,5.74965061536205,5.81091955874974,160716.060732425,159901.636908893,161605.56728567
2017-05-29,5.66104553359483,5.62035752279673,5.69925249961163,157437.470203673,156305.909355123,158500.03153411
2017-05-30,6.04760411041818,6.00863213325801,6.08731973346692,168187.923288609,167104.086485581,169292.441382175
2017-05-31,4.94657719726836,4.92007322721953,4.97537852257016,137567.626948687,136830.533779222,138368.611107376
2017-06-01,2.32046884876796,2.31228829941511,2.32801684393044,64533.7938139615,64306.2872540257,64743.7086179386
2017-06-02,4.11842229220432,4.10080495099625,4.13852760076568,114536.084026747,114046.133960977,115095.226131996
2017-06-03,5.93463098576424,5.88630313858873,5.97638687547154,165046.064979756,163702.035161492,166207.324256441
2017-06-04,3.26370848293329,3.24529409324089,3.27767272185544,90765.9201795886,90253.8036613038,91154.2750225545
2017-06-05,4.99523248375541,4.97226049493133,5.02110864617283,138920.763073648,138281.896669104,139640.39649214
2017-06-06,5.3427640578717,5.29238955231537,5.38139869561044,148585.84905822,147184.900298757,149660.304225861
2017-06-07,6.10024834209361,6.05431137743287,6.14593726118331,169651.994652567,168374.456879358,170922.63411221
2017-06-08,3.17759157881518,3.15834931908783,3.20045752343717,88370.9513623146,87835.8112235367,89006.8686065304
2017-06-09,4.6154181275753,4.59466312631752,4.6339267430801,128357.871284636,127780.660790089,128872.608285912
2017-06-10,4.20778289730233,4.19112458135827,4.22135785137916,117021.262342133,116557.983411673,117398.79091266
2017-06-11,5.37028630285952,5.33601166875806,5.40272733724319,149351.261136165,148398.060591659,150253.468043678
2017-06-12,6.42859240334691,6.36903160973548,6.476662686188,178783.463045349,177127.037458616,180120.329826858
2017-06-13,3.01751015953083,3.00498019371682,3.0257772561353,83918.9798087953,83570.5130621866,84148.8933058009
2017-06-14,5.33952270763256,5.32111643495957,5.3671670398857,148495.704935784,147983.814157249,149264.512342398
2017-06-15,2.23749502264713,2.22425223904582,2.24638289948378,62226.2361022171,61857.9454152279,62473.4139135139
2017-06-16,2.42775456372334,2.42047284560972,2.43792033151052,67517.4814475145,67314.9719867195,67800.1982625612
2017-06-17,4.40252562689842,4.38666348121908,4.42378396483224,122437.188164707,121996.051262886,123028.396789541
2017-06-18,2.49588205287285,2.48190722895537,2.50804465124798,69412.152578382,69023.5033596019,69750.4025903135
2017-06-19,5.23458242120666,5.202945316154,5.26134319229987,145577.245241493,144697.396147452,146321.480220105
2017-06-20,3.89745518213351,3.87844912525586,3.91551861527075,108390.840608139,107862.26942891,108893.196789421
2017-06-21,6.38459650500211,6.34262746894353,6.41524089741047,177559.907627248,176392.720607688,178412.148717356
2017-06-22,6.25853225329721,6.21802076860863,6.28896300229307,174053.976301708,172927.324762568,174900.275825335
2017-06-23,6.23590315609532,6.19304134360952,6.26889144269528,173424.645942976,172232.630212655,174342.072301381
2017-06-24,6.50097243626754,6.45254631244077,6.54333231449386,180796.400268457,179449.637310658,181974.456870636
2017-06-25,6.73241112950472,6.66984420741219,6.77872208784869,187232.865432758,185492.837398321,188520.80422094
2017-06-26,4.82339829211397,4.79959590895414,4.85258370223549,134141.939044416,133479.978816881,134953.604859347
2017-06-27,5.90939472008391,5.8772254721531,5.93586401585011,164344.227518369,163449.579174255,165080.356372795
2017-06-28,5.26962672838745,5.24077074766894,5.29915816625554,146551.850910153,145749.346747696,147373.139988617
2017-06-29,5.08296292602898,5.05161807285681,5.11332392558089,141360.605468385,140488.884095001,142204.965213231
2017-06-30,6.17615106848808,6.13154083654421,6.2099175206421,171762.900342018,170522.259894814,172701.968005992
2017-07-01,6.06905450457938,6.03398553797357,6.10053170094238,168784.473125838,167809.181662042,169659.875052052
2017-07-02,6.26834723060165,6.23643968653292,6.30052216113259,174326.937398337,173439.567214017,175221.743779369
2017-07-03,6.77459467648689,6.73736230097493,6.81165043598491,188406.018144864,187370.560829516,189436.563650499
2017-07-04,6.18569442163457,6.15587097619876,6.21670542383808,172028.307388778,171198.897384158,172890.744142983
2017-07-05,6.80162903501532,6.74938404186764,6.8349508008411,189157.861773401,187704.893500462,190084.562412567
2017-07-06,6.58892310514451,6.55419793798718,6.62414649165979,183242.367312625,182276.637141899,184221.953297593
2017-07-07,5.59700331432698,5.55012692182732,5.63410492771245,155656.413166077,154352.749275083,156688.233899053
2017-07-08,6.67785492457427,6.64828499964104,6.70989518448846,185715.620811214,184893.261381675,186606.68191214
2017-07-09,6.74583075381251,6.6979745939525,6.78563467394135,187606.074178309,186275.162300404,188713.047872848
2017-07-10,4.28532543776588,4.26380236327247,4.30669375773792,119177.772359814,118579.201233838,119772.039658838
2017-07-11,5.14391873506037,5.11539704176832,5.16972740056891,143055.827368857,142262.619963763,143773.583653078
2017-07-12,6.51482654832495,6.46089068283999,6.55282369295975,181181.69240951,179681.699843683,182238.418466696
2017-07-13,6.53196368371367,6.49063779959918,6.57502657022732,181658.28762962,180508.987096652,182855.895363411
2017-07-14,6.60138993233421,6.54639551081073,6.64332637448232,183589.078131778,182059.646413098,184755.358692844
2017-07-15,3.4484836767807,3.4269903395968,3.47290412025294,95904.6421529582,95306.8980414886,96583.791051992
2017-07-16,6.67855298933973,6.63407950335307,6.70529267368481,185735.03446017,184498.19700968,186478.683002184
2017-07-17,6.56385848937901,6.51641012115577,6.59860101358385,182545.303550405,181225.732631212,183511.516432255
2017-07-18,6.51752595932548,6.46799348336046,6.55858591128401,181256.764838523,179879.233486306,182398.669620012
2017-07-19,6.42305895640739,6.37285572977376,6.45726018841614,178629.57417756,177233.388799726,179580.733360674
2017-07-20,6.04066113374417,5.99256005926847,6.07503415128499,167994.834454267,166657.111336763,168950.771108156
2017-07-21,6.24072914052369,6.20256812943785,6.2786987225712,173558.859804203,172497.576511193,174614.819327364
2017-07-22,6.28119729474888,6.23400469339668,6.32337059383678,174684.306294116,173371.848423016,175857.174005414
2017-07-23,6.15881260462633,6.11761621560166,6.20152724120848,171280.706042147,170135.006854412,172468.628711953
2017-07-24,6.4572304063373,6.41657622477069,6.49614713041146,179579.905101103,178449.285066152,180662.20527878
2017-07-25,6.47436155664447,6.41388778903916,6.52368124303015,180056.333872084,178374.517866725,181427.947403493
2017-07-26,6.32987340118868,6.27152838274338,6.37663302343678,176038.021435916,174415.407371341,177338.437867958
2017-07-27,5.18029986858125,5.14571495643719,5.21611023366505,144067.611073948,143105.781489137,145063.521326287
2017-07-28,6.28150459291881,6.23019777458786,6.32673652225078,174692.852462167,173265.975459626,175950.782730383
2017-07-29,6.4049374299725,6.36255416622815,6.44882655470222,178125.602382738,176946.89541363,179346.188355045
2017-07-30,6.3810775886542,6.33006680154227,6.43273010920117,177462.044205309,176043.400029363,178898.53541816
2017-07-31,6.37770510586545,6.33240773176688,6.42278326138161,177368.253198786,176108.502867751,178621.906914128
2017-08-01,5.80400416695484,5.75956194703706,5.85332694622609,161413.245605303,160177.277685143,162784.945151932
2017-08-02,5.39099733086189,5.36264597341178,5.42888545800349,149927.248705009,149138.778453834,150980.942912647
2017-08-03,5.79490053957141,5.73303818480113,5.8469340626439,161160.067626709,159439.63408169,162607.154775135
2017-08-04,4.03961815271962,4.01570977667275,4.07316263355831,112344.488094791,111679.580134033,113277.382587724
2017-08-05,4.16152438671361,4.13840561849744,4.19010246104698,115734.782161173,115091.833723367,116529.557560813
2017-08-06,5.13176234148259,5.0900342327142,5.17348088851687,142717.749916498,141557.263246343,143877.97066842
2017-08-07,4.15954520592429,4.12662183065892,4.19320106042033,115679.739817017,114764.118686329,116615.731686002
2017-08-08,3.91706606144149,3.89678635449191,3.94579205310166,108936.232304496,108372.240063192,109735.121384124
2017-08-09,4.07706493467344,4.0417182532789,4.11418952663139,113385.908196977,112402.893298788,114418.367979453
2017-08-10,3.76177134253184,3.73679518561951,3.79049168613837,104617.382096343,103922.778434113,105416.114099815
2017-08-11,3.95717356318672,3.93163140885075,3.9861298843827,110051.64880724,109341.304377339,110856.943505621
2017-08-12,3.662315438687,3.62874010549983,3.69411761991853,101851.44675715,100917.694239728,102735.886730356
2017-08-13,1.35016649711183,1.34495790302339,1.35808812771841,37549.0351380479,37404.1806457575,37769.3409941281
2017-08-14,4.07318090487029,4.05323572566195,4.09966124261312,113277.890725156,112723.20192453,114014.326664353
2017-08-15,5.37344058646076,5.33566549038136,5.40831501821941,149438.98387705,148388.433139002,150408.865196373
2017-08-16,5.18589240678463,5.14678530347204,5.22282486662031,144223.143309386,143135.5485575,145250.259768779
2017-08-17,4.94385133651132,4.90671793500381,4.98208005741068,137491.818934219,136459.114152266,138554.98528252
2017-08-18,5.32250504559593,5.27695241932999,5.36449123218137,148022.432349664,146755.58328479,149190.09633687
2017-08-19,4.54556522174419,4.51749196479498,4.57513394444973,126415.215159515,125634.479069648,127237.541154296
2017-08-20,3.67153164076433,3.64454421135593,3.69934849652201,102107.755513427,101357.217015168,102881.360914323
2017-08-21,5.11125049355291,5.06906807103417,5.14543576751722,142147.301678962,140974.180238938,143098.017058166
2017-08-22,5.28268742817132,5.2476491432097,5.3244884237289,146915.07772415,145940.639537442,148077.59142476
2017-08-23,4.704805712271,4.67197177944657,4.74237460415959,130843.799920714,129930.666244252,131888.615982022
2017-08-24,3.002375254686,2.98980926534385,3.01626528827432,83498.0679619637,83148.599376895,83884.359104865
2017-08-25,5.12649857194708,5.09444111438263,5.16696792888106,142571.360958047,141679.821578942,143696.840896098
2017-08-26,5.16961850267643,5.12603142405858,5.21385248019504,143770.555129707,142558.369262196,145000.731689187
2017-08-27,5.16402231893686,5.12096529901258,5.20917248557807,143614.921509464,142417.476929455,144870.577902454
2017-08-28,4.10785048867532,4.07860087663869,4.13864621318102,114242.075085604,113428.623772387,115098.524822759
2017-08-29,3.74240924895324,3.71637296525236,3.77163129165966,104078.909297852,103354.822799157,104891.59388952
2017-08-30,2.83179337943712,2.80862426464898,2.85787504053946,78754.0716908848,78109.72308117,79479.420165525
2017-08-31,4.67831773611353,4.64984756063189,4.71018119261077,130107.151552087,129315.376891826,130993.295631498
2017-09-01,4.81176889002714,4.77829935916316,4.85207823918355,133818.517578599,132887.707494692,134939.547593122
2017-09-02,4.8188990692634,4.78485953965443,4.86188840803432,134016.812641656,133070.150510649,135212.374963432
2017-09-03,4.30222381850503,4.27333984929563,4.34109669328134,119647.727653112,118844.445111966,120728.808352429
2017-09-04,4.40156220440549,4.37451514434932,4.43789336618492,122410.394739513,121658.197872977,123420.788696985
2017-09-05,3.01361153419035,2.98191746723749,3.04448383561861,83810.5564252993,82929.1231826391,84669.1358179903
2017-09-06,2.05084019121889,2.03949601808867,2.06896693553741,57035.2401480308,56719.7510906518,57539.3570556942
2017-09-07,1.79954859104041,1.78970857080753,1.81532251963152,50046.6523366891,49772.9947794368,50485.3358621649
2017-09-08,1.83008511561276,1.81975786297103,1.84320030169548,50895.8935499866,50608.6857329112,51260.6356644706
2017-09-09,3.1268956215538,3.11208748674979,3.14609093785749,86961.0628155047,86549.2386625026,87494.8974262101
2017-09-10,3.67355350767079,3.65332224341502,3.69703241141182,102163.984987108,101601.339969585,102816.949035217
2017-09-11,4.55790833086674,4.52248440507754,4.60369889135874,126758.485296307,125773.322179735,128031.951471466
2017-09-12,4.241749680916,4.21403734579932,4.27815596715965,117965.901358258,117195.202746435,118978.384577426
2017-09-13,2.93822681693328,2.91509965133141,2.95575057967295,81714.0569171183,81070.8749423872,82201.4045029682
2017-09-14,1.43358109394776,1.43126553983307,1.43614912310922,39868.8509787745,39804.4538670091,39940.2695907943
2017-09-15,1.58445768791008,1.58227488285117,1.5870369510233,44064.8301712067,44004.124899648,44136.5612069535
2017-09-16,3.88037850550657,3.86224362176973,3.90730639285317,107915.926786712,107411.583516371,108664.809380328
2017-09-17,3.28479794184429,3.26269378760158,3.30650773305141,91352.4321656181,90737.700822386,91956.1960085364
2017-09-18,1.29755812404192,1.29178051922577,1.30253217936369,36085.9610259415,35925.2819639743,36224.2928379478
2017-09-19,1.43217191190338,1.42809552218982,1.4360538468611,39829.6606817161,39716.2935518708,39937.6198944819
2017-09-20,1.97407292114832,1.96938013834062,1.98201938871764,54900.2909195485,54769.7814846614,55121.2875082076
2017-09-21,1.82748848321427,1.82046561919847,1.83683228019013,50823.6794627759,50628.3689079197,51083.5367186919
2017-09-22,2.15525931335048,2.14868702111877,2.16677582820123,59939.2059140238,59756.426062447,60259.4879101506
2017-09-23,1.67542754032509,1.66834155785918,1.68566459345146,46594.7627329618,46397.6968117076,46879.4620410651
2017-09-24,2.34861229554009,2.33291518656777,2.36700627238458,65316.4819298443,64879.9348094497,65828.0307531485
2017-09-25,1.95153406866039,1.93960547654326,1.96451077377235,54273.4703267913,53941.7281857208,54634.3611926713
2017-09-26,2.37299397368825,2.35733800391293,2.39000391850565,65994.5527392357,65559.1497274803,66467.6107043173
2017-09-27,3.15770542652092,3.14000768278643,3.1795986247149,87817.9041397275,87325.7180258136,88426.7686538659
2017-09-28,3.648472582804,3.62665441030139,3.67857714661906,101466.467657851,100859.68965847,102303.695752998
2017-09-29,3.57642676304919,3.55138899192995,3.60476396906823,99462.8251268673,98766.5079322502,100250.90181726
2017-09-30,2.3079401665979,2.29762310231589,2.31744422823919,64185.3627663514,63898.4382943877,64449.6770900191
2017-10-01,1.61184504926082,1.60607140425698,1.61993663388741,44826.491044808,44665.9221078747,45051.5234360842
2017-10-02,0.769374108858341,0.767315021078492,0.770825693883469,21396.8095857983,21339.5449746831,21437.1791381691
2017-10-03,3.4204696523828,3.39710134789146,3.4439329377395,95125.553360039,94475.6651511854,95778.083050412
2017-10-04,2.37076357112272,2.36136416846841,2.38826361568346,65932.5237491193,65671.1200620197,66419.2117165177
2017-10-05,3.17898490507003,3.1650231569657,3.20397647391939,88409.70069924,88021.4151275868,89104.732977768
2017-10-06,2.89740477398218,2.87862266559318,2.91529260134239,80578.7685445683,80056.4255228935,81076.2410115036
2017-10-07,1.83648212337376,1.82663482033414,1.84238918892052,51073.7986229609,50799.9385259723,51238.0780746082
2017-10-08,2.58278344229333,2.57285131214023,2.59527619562195,71828.9384576604,71552.7192617966,72176.3703001116
2017-10-09,2.9291763278867,2.91438886257415,2.94828655118544,81462.3567512843,81051.107430692,81993.8248684946
2017-10-10,1.93658076036715,1.927145748349,1.94900199315052,53857.6088017616,53595.2147943888,54203.0516099177
2017-10-11,1.56929930927694,1.56272386960496,1.57594524813162,43643.2655025905,43460.3981185905,43828.0935161085
2017-10-12,1.47430737535584,1.47111913497574,1.47887806347513,41001.476158636,40912.8090569731,41128.590058413
2017-10-13,1.32121487265078,1.31651615922735,1.32479537740519,36743.8710590125,36613.1966897274,36843.447295812
2017-10-14,1.13497405708354,1.13098088250095,1.13807075521961,31564.3891633855,31453.3363021015,31650.5104138918
2017-10-15,2.2771429079814,2.26772736312157,2.28839336964299,63328.8703645473,63067.0177518941,63641.7532431805
2017-10-16,2.44764082718137,2.43588259974645,2.46211236877449,68070.5317616406,67743.5275765572,68472.9950318701
2017-10-17,2.33218450625128,2.3195959110842,2.34771002559884,64859.6141001616,64509.5168319515,65291.3891980957
2017-10-18,1.47548326228667,1.46917996004184,1.48153086017463,41034.1783622372,40858.8793024668,41202.3661124751
2017-10-19,0.862250563610935,0.858983803786565,0.866957149407967,23979.7660363268,23888.9152562969,24110.6593415977
2017-10-20,0.698460501646053,0.696760422067631,0.699611759006398,19424.6546444071,19377.3742919734,19456.6718831469
2017-10-21,0.73724926025347,0.736220947777973,0.739027769621564,20503.3960166947,20474.7979575976,20552.8575541412
2017-10-22,1.21635264836908,1.21488213453075,1.21900394272253,33827.5823252673,33786.6863499157,33901.3165980787
2017-10-23,2.18573331548736,2.18009195309719,2.19543674837766,60786.7083364897,60629.818267696,61056.5673082068
2017-10-24,2.09220983456168,2.08462341629823,2.10466373798171,58185.7576544644,57974.7742782988,58532.1090549212
2017-10-25,1.55960875091566,1.54937155075658,1.56817658891372,43373.7645801535,43089.0611829719,43612.0418968655
2017-10-26,2.26367141606037,2.25551646685964,2.2767262738604,62954.2191459111,62727.4245433623,63317.2834904228
2017-10-27,2.09114243795628,2.08330879923412,2.10536442043954,58156.0726395211,57938.2138967169,58551.5955036561
2017-10-28,2.18299828403854,2.17518671499319,2.19776585818916,60710.6452789372,60493.4003086357,61121.3414129855
2017-10-29,1.05371645181741,1.05013328086778,1.05747418256953,29304.5607037854,29204.9103183101,29409.0657143546
2017-10-30,2.04715845979095,2.04122242263574,2.05892032049721,56932.8487296006,56767.7635581062,57259.9539583946
2017-10-31,0.87238513575453,0.869921226286172,0.875325601809045,24261.6152796186,24193.0923060429,24343.3916112336
2017-11-01,0.600601885396079,0.598243097256877,0.601884514160952,16703.140943696,16637.5414647343,16738.8117092381
2017-11-02,0.262842017621032,0.262294121384968,0.263602528068009,7309.81266126771,7294.57529975418,7330.96296647636
2017-11-03,0.801458459633339,0.799724391732594,0.803553811390354,22289.0968831123,22240.8712926565,22347.3700197359
2017-11-04,0.556510911393937,0.554570578015903,0.558658922332102,15476.9414078471,15422.9794362331,15536.6790315895
2017-11-05,0.755408237152561,0.753021629659791,0.757087883634441,21008.4093340252,20942.0361801968,21055.1214283503
2017-11-06,1.3322920506035,1.32760404740351,1.33929237845922,37051.9348015707,36921.5582907774,37246.6186107117
2017-11-07,0.819712766523388,0.816084932817599,0.822817253296563,22796.7613913795,22695.8689047232,22883.0992491037
2017-11-08,0.504330710010096,0.503148501190826,0.506021780522051,14025.7750372821,13992.8970177266,14072.8048415397
2017-11-09,0.371372150343804,0.369082421375038,0.372974332636543,10328.1083869147,10264.4294897648,10372.6661502248
2017-11-10,1.06069036997754,1.05751508812216,1.06268086439083,29498.5100415929,29410.2033251872,29553.8670252143
2017-11-11,0.714675214522194,0.712967798958366,0.717092895583037,19875.5966762543,19828.11230515,19942.8340068356
2017-11-12,0.815974621298712,0.812828682234615,0.818070030521474,22692.8010674545,22605.3103937394,22751.075802239
2017-11-13,0.392797754723726,0.39087825442923,0.394225601891176,10923.9688037126,10870.5862141136,10963.6781903527
2017-11-14,0.60189017662793,0.599712352466493,0.602842985970349,16738.9691862396,16678.4024367778,16765.4674526052
2017-11-15,1.4216773677213,1.41585886196451,1.42926746484739,39537.800374788,39375.9838302508,39748.8860625892
2017-11-16,0.788048350842299,0.786582554443258,0.789281467441175,21916.1527704589,21875.3879902554,21950.4465694826
2017-11-17,0.729980961779653,0.729062787163144,0.7309083300496,20301.2597650761,20275.7247136496,20327.0504981662
2017-11-18,0.415507844763038,0.415063262363452,0.415914260269122,11555.5516275335,11543.1874930512,11566.8543151289
2017-11-19,0.987363813136948,0.9851047741774,0.989428188770804,27459.2493539302,27396.4239665045,27516.6610238091
2017-11-20,0.340377004569951,0.338334519955853,0.341202852777339,9466.11261064493,9409.30974469635,9489.08000275859
2017-11-21,0.768606983229503,0.764558037897096,0.771502548241884,21375.4753079488,21262.871424736,21456.0029114902
2017-11-22,0.455871661201654,0.455690883906467,0.456445070082404,12678.0964136776,12673.0688759453,12694.0432989379
2017-11-23,0.308076875703608,0.307143711915329,0.308810505571862,8567.82438000064,8541.87246966172,8588.22711830017
2017-11-24,0.649770083382542,0.64895018955719,0.65082552564031,18070.5414811982,18047.7396844394,18099.894037722
2017-11-25,1.20572005567801,1.20438087983599,1.20788262521937,33531.8827967871,33494.6394191331,33592.0253050415
2017-11-26,0.581619580479102,0.579799358359902,0.583135971133894,16175.2303224108,16124.608725401,16217.4021627739
2017-11-27,0.996192873523592,0.994057425713501,0.998186713441876,27704.7914403345,27645.4032056034,27760.2414646918
2017-11-28,0.692851597305708,0.692135173346397,0.693772094430268,19268.6672557317,19248.7430252908,19294.2668976636
2017-11-29,0.690213161289303,0.689454675961295,0.691324723567541,19195.2905818908,19174.1965965978,19226.2038737944
2017-11-30,0.527651173464949,0.527051568117636,0.528262089568962,14674.3327548488,14657.657328297,14691.3227411246
2017-12-01,0.432950767568314,0.432466590413499,0.433619816281131,12040.6510006306,12027.1857094698,12059.2576937165
2017-12-02,0.531942402458756,0.531033583114869,0.532779060145825,14793.6747090585,14768.3998340333,14816.9427200464
2017-12-03,0.598365312239697,0.595687241782621,0.600976914085918,16640.9403453124,16566.4614111143,16713.5707428968
2017-12-04,0.724087449536184,0.722392179836201,0.725579900142349,20137.3572398765,20090.2106533857,20178.8632914432
2017-12-05,0.747796546611501,0.745863276359401,0.749852422978526,20796.7231188824,20742.9575775342,20853.8984184548
2017-12-06,0.608437050506985,0.606973434462979,0.611069921649943,16921.0421363942,16880.3379933255,16994.264047375
2017-12-07,0.657817510993491,0.655528322773152,0.660184768401202,18294.3458362765,18230.6819777027,18360.1808512713
2017-12-08,0.733360312418392,0.73156612843842,0.735618909810071,20395.2417711096,20345.344312202,20458.054878237
2017-12-09,0.761695008505594,0.759366809727784,0.764955594584191,21183.2486586159,21118.4998902948,21273.9277426383
2017-12-10,0.862439194532866,0.860316102798308,0.866090486746869,23985.0119886822,23925.9673846924,24086.5568721734
2017-12-11,0.831927615606506,0.829296620344028,0.83665689317899,23136.4645305176,23063.2947890301,23267.9889092714
2017-12-12,0.751196319928265,0.748858361993459,0.753987255000636,20891.2730932787,20826.2529162612,20968.8908680676
2017-12-13,0.903939456602289,0.901583857738786,0.907602685427092,25139.1620894411,25073.651306374,25241.0389380783
2017-12-14,0.435001525657525,0.433386797934423,0.436181590104976,12097.6839574667,12052.7772973305,12130.5023406049
2017-12-15,0.227225338137225,0.226844767814928,0.227579412253505,6319.28893526885,6308.70501955549,6329.13597373567
2017-12-16,0.654380283746826,0.653025783674183,0.655826378041296,18198.7542429888,18161.084688211,18238.9710944602
2017-12-17,0.321790971481864,0.320625417974021,0.322749549462087,8949.22257449428,8916.80775031157,8975.88127054322
2017-12-18,0.207111881475509,0.206437482216925,0.207445845670883,5759.92022588822,5741.16473053873,5769.2079939774
2017-12-19,0.212539602276187,0.212288854929106,0.212731045815825,5910.86877890012,5903.89532713216,5916.19295203893
2017-12-20,0.645867480597198,0.642041452990656,0.649441298661794,17962.0074822949,17855.6030904333,18061.3977577695
2017-12-21,0.365765525179963,0.363642636716889,0.367191175870693,10172.1843836653,10113.1454327917,10211.8326848158
2017-12-22,0.44197948355311,0.439660210586206,0.443730922453243,12291.7456430245,12227.2451074866,12340.4543326149
2017-12-23,1.00225276462356,0.998873347811138,1.00725268362074,27873.3210730368,27779.337226669,28012.3721711898
2017-12-24,0.943575488740898,0.940006394616173,0.948165362539883,26241.4667064562,26142.2078069153,26369.1141728435
2017-12-25,0.950639953122649,0.944821670981621,0.954895679220574,26437.9341953691,26276.123869736,26556.288790251
2017-12-26,0.905369479646924,0.900769960293228,0.908554775703096,25178.931988684,25051.016272956,25267.517206725
2017-12-27,0.653942042775157,0.652599728521031,0.654911200768337,18186.5664678668,18149.2358088686,18213.5194011665
2017-12-28,0.336617112890527,0.335289902305882,0.337841144330393,9361.54750323933,9324.63688741155,9395.58863790228
2017-12-29,0.379318265075926,0.378228628243812,0.380826807706896,10549.095162935,10518.7916323821,10591.048744496
2017-12-30,0.483064185855967,0.481007340069179,0.485742425318105,13434.3387481758,13377.1364883901,13508.8223825179
2017-12-31,0.849339942007726,0.845045545137283,0.85343956608897,23620.7129971128,23501.2829421307,23734.7262902946
2018-01-01,0.72108269642807,0.719273056475702,0.723966094557244,20053.7930422171,20003.4657423589,20133.9822765826
2018-01-02,0.795412875650304,0.792552995745922,0.799285697533913,22120.9651409201,22041.4299641475,22228.6709129875
2018-01-03,0.623963229955074,0.622367277390669,0.626066706741406,17352.8355921665,17308.4510817763,17411.3346913006
2018-01-04,0.716925575917486,0.71471661703638,0.720332513746681,19938.1807348025,19876.7481079209,20032.929959091
2018-01-05,0.599558298566195,0.596729894015387,0.601175262491065,16674.1180945668,16595.4582684712,16719.0869449729
2018-01-06,0.496524300000899,0.495330784542598,0.497245048839624,13808.6735432335,13775.481078469,13828.7180514693
2018-01-07,0.324804083684304,0.324374362749138,0.325348196912081,9033.01924416897,9021.06841697201,9048.15139768678
2018-01-08,0.773004606940886,0.771016976599023,0.775119496889826,21497.7761705578,21442.4988386823,21556.5926773929
2018-01-09,0.323762679871499,0.32230130172444,0.324239490557024,9004.05710620781,8963.415200553,9017.31753092079
2018-01-10,0.504983360136836,0.501973665270184,0.509200797081474,14043.9256746992,13960.224043423,14161.2154225677
2018-01-11,0.40744590337587,0.406183134656068,0.409006784506396,11331.3436346118,11296.2251902329,11374.7527849216
2018-01-12,0.394173486084236,0.391893115880218,0.395952329231103,10962.2288148348,10898.8101912046,11011.6996348926
2018-01-13,0.705771438562975,0.703777372579451,0.707002643919101,19627.9766997038,19572.5203883207,19662.2173457858
2018-01-14,0.890214834639351,0.885447016358485,0.892933568233763,24757.471154697,24624.874933014,24833.0809579961
2018-01-15,0.972844623908186,0.969873405924892,0.977665989343814,27055.4609710211,26972.8294076576,27189.5463749643
2018-01-16,0.725386456278919,0.722860484223431,0.727340502908564,20173.4834879592,20103.2345122424,20227.8268342908
2018-01-17,0.753677202663151,0.751507456396929,0.75580961382319,20960.2681047716,20899.9260069894,21019.5718882297
2018-01-18,0.493175877971874,0.491951284194429,0.493776479083572,13715.5516825639,13681.4949089159,13732.2548019905
2018-01-19,0.877178569136674,0.875747229098907,0.87820972200229,24394.9238744349,24355.1173487304,24423.6009266848
2018-01-20,0.687055861212394,0.686179725553527,0.688264207348902,19107.4839507954,19083.1180309545,19141.08886666
2018-01-21,0.890274637713242,0.889065973279545,0.892282423295144,24759.1343182607,24725.5205503379,24814.9721808693
2018-01-22,0.678721310209408,0.677372908126415,0.679633881474958,18875.6945017605,18838.1945361615,18901.0737202416
2018-01-23,1.01946228292586,1.01801036620447,1.0211198409365,28351.9293104834,28311.5505334172,28398.0271096201
2018-01-24,0.766733428016815,0.763658035273436,0.768860355529117,21323.3704818664,21237.841748609,21382.5217614058
2018-01-25,1.14296982441889,1.1394695180341,1.14607052210865,31786.7568115776,31689.4109451845,31872.9892923527
2018-01-26,0.783318457129467,0.781610166894544,0.78426746419566,21784.6112564291,21737.1025601355,21811.0037789446
2018-01-27,0.522285792512782,0.52001239041087,0.52414453622149,14525.1179148028,14461.8930787621,14576.8108230332
2018-01-28,0.666700346684578,0.665362101930526,0.668749359596022,18541.3834499364,18504.1659664626,18598.3678722093
2018-01-29,1.24557947485508,1.24399470378556,1.24621451444259,34640.3999570511,34596.3264115273,34658.0608335701
2018-01-30,1.20795868656974,1.20523748919278,1.2111147172806,33594.1406221698,33518.4622994269,33681.9119513447
2018-01-31,1.11348015785494,1.10657247440876,1.11669910328386,30966.6294210759,30774.5221150526,31056.1504507242
2018-02-01,0.776702791452801,0.772003057557281,0.779458021016343,21600.6251602801,21469.9224109823,21677.2499409395
2018-02-02,0.472988912756617,0.471848246672407,0.474014428796383,13154.1386510454,13122.4159627929,13182.6589393907
2018-02-03,1.02943368043815,1.01545404134821,1.03539557522261,28629.2405579224,28240.4574259691,28795.0448474155
2018-02-04,0.532161727175434,0.526176326548929,0.535695461209243,14799.7742764162,14633.3162737027,14898.0497881311
2018-02-05,0.936571785697274,0.933018712276882,0.942403605986013,26046.6890310776,25947.875678061,26208.8758616715
2018-02-06,1.03485483330942,1.03066134844571,1.03880030634095,28780.0064524158,28663.3828279701,28889.7327015962
2018-02-07,0.689080786690009,0.686063933836595,0.690250695513068,19163.7984853906,19079.8977857054,19196.3344338083
2018-02-08,0.947304674469229,0.936361601626404,0.954917373240471,26345.1778607834,26040.8436712058,26556.8921154833
2018-02-09,1.49691952907775,1.49131188310722,1.5067577968734,41630.3353078349,41474.3829152675,41903.9441286334
2018-02-10,1.64069887958569,1.62974087717858,1.64872217963641,45628.9354033766,45324.1860126105,45852.0687548352
2018-02-11,1.74034647294266,1.73106768084333,1.74684249781572,48400.2017563682,48142.1523296334,48580.8605615881
2018-02-12,2.42103883768542,2.40012622431517,2.43840564571835,67330.7126056607,66749.1188126378,67813.6951759283
2018-02-13,1.76277617220063,1.75187846823435,1.77078581169872,49023.9867246481,48720.9142739324,49246.7401669829
2018-02-14,1.18288754850324,1.17398727014431,1.18751121213909,32896.8954703876,32649.3727644453,33025.4826547834
2018-02-15,1.64422622359536,1.63601922942902,1.65069400936625,45727.0332042378,45498.7911963158,45906.906661101
2018-02-16,0.889099271727004,0.886749544688975,0.891294131607564,24726.4466024777,24661.0991188122,24787.4871267053
2018-02-17,0.676560089014899,0.673668556510484,0.679043838842552,18815.5894919359,18735.1740351434,18884.6642392002
2018-02-18,1.53929661039267,1.53448283353154,1.54491512348896,42808.8703394371,42674.9959788366,42965.1249540552
2018-02-19,2.44013216260553,2.42659612840888,2.45215757278941,67861.7107676365,67485.2645850604,68196.1454840286
2018-02-20,2.00005960406234,1.98976108017435,2.01029719772314,55622.9979871191,55336.5891359387,55907.7123278472
2018-02-21,2.39955045879539,2.38579282295784,2.4076529994158,66733.1063876667,66350.4973149444,66958.4434724737
2018-02-22,2.34202341056208,2.33050498126205,2.35286543443574,65133.2406228729,64812.9053846284,65434.7645728971
2018-02-23,2.03494356241702,2.0201581225189,2.04447609774332,56593.1442474624,56181.9512550031,56858.2504433928
2018-02-24,2.08148533565916,2.0768116620364,2.08686366489423,57887.5021526501,57757.5241570027,58037.0770931212
2018-02-25,0.530475851574302,0.528389815907422,0.531727400862878,14752.8889461101,14694.8748961967,14787.6953705876
2018-02-26,1.85603704075042,1.85265807044183,1.86000350094486,51617.6339805027,51523.6625517056,51727.9438967489
2018-02-27,1.40735673598882,1.40523971189222,1.40965188366867,39139.5340089198,39080.6581500081,39203.3636040563
2018-02-28,1.50411853414589,1.4996775307457,1.50799062324705,41830.5444634028,41707.0371825759,41938.2298562992
2018-03-01,0.976923247130477,0.973299153298206,0.98173895678507,27168.8902162411,27068.1017379737,27302.8183291233
2018-03-02,0.743060054931869,0.74100910044248,0.744850012448706,20664.9981109741,20607.9596921174,20714.7780291095
2018-03-03,2.77557613808231,2.76002209529176,2.79130648334204,77190.6325331871,76758.0641791877,77628.103977009
2018-03-04,2.09833222396469,2.08666420166643,2.11183357535788,58356.0254068594,58031.5298870802,58731.5070374275
2018-03-05,1.60198672182417,1.59412914548773,1.60895425715872,44552.3243519497,44333.7998880497,44746.0961791001
2018-03-06,1.44143733257831,1.43602035038083,1.44782036951053,40087.3382401771,39936.6883349169,40264.8547750402
2018-03-07,3.20931806968291,3.19532878630569,3.22294482468392,89253.2863357774,88864.2349897313,89632.2555247219
2018-03-08,1.02722191104296,1.02437659974831,1.02890758563216,28567.7297687605,28488.5997547882,28614.6095087901
2018-03-09,1.56315550798688,1.55324580889569,1.56663463520645,43472.4022712666,43196.8068982673,43569.1591308812
2018-03-10,3.3824153155188,3.36787586457497,3.39944682102271,94067.2367486298,93662.8848738457,94540.8943308527
2018-03-11,3.1757042590098,3.16109467657565,3.19138316788757,88318.4637336847,87912.1614551543,88754.5046972525
2018-03-12,3.65589052709285,3.6405633792143,3.67380890358741,101672.765659875,101246.507405439,102171.087718711
2018-03-13,3.39832375987786,3.37852733281608,3.40959779180114,94509.6612477622,93959.1093440225,94823.1996311691
2018-03-14,1.37223914735299,1.36723477360208,1.37638109206334,38162.8903338834,38023.7153460439,38278.0805921229
2018-03-15,1.41063992897043,1.40469353165132,1.41437872577524,39230.8418060657,39065.4685114701,39334.820250871
2018-03-16,3.10733599067331,3.09314148962714,3.11921556654252,86417.0963722623,86022.3377853105,86747.4753386286
2018-03-17,3.192933790259,3.17349498507152,3.20588470697788,88797.6285445966,88257.0223448519,89157.8022179823
2018-03-18,2.54534139744913,2.53925353128774,2.55073733740167,70787.6500976673,70618.3424597583,70937.7148039935
2018-03-19,1.87196701568446,1.86992543350777,1.87424263762065,52060.6572593545,52003.8794907953,52123.9438304744
2018-03-20,1.80870509069462,1.80271228397977,1.8147378744151,50301.3007285673,50134.6367575736,50469.0764868792
2018-03-21,2.66956130550586,2.65584340178082,2.67860855657737,74242.288990311,73860.7848942654,74493.8991058883
2018-03-22,1.42377019648899,1.41688006132724,1.42633763860381,39596.0033453877,39404.384068915,39667.4056312468
2018-03-23,2.89541016829901,2.8825744978778,2.904222525394,80523.2972237763,80166.3286271642,80768.3747804453
2018-03-24,1.9239069800736,1.91579626259581,1.93050335534122,53505.1424780953,53279.5779894045,53688.5920950406
2018-03-25,2.75609593403568,2.73850137703866,2.76702214374711,76648.8750034247,76159.5585818335,76952.740218017
2018-03-26,2.67812620863327,2.67009973288609,2.68286430612819,74480.4846863033,74257.2630165982,74612.254353011
2018-03-27,1.71552312188154,1.71273102099836,1.71714120881148,47709.8477272675,47632.1975304985,47754.8478091972
2018-03-28,2.82168098272328,2.80722890459754,2.82949597090292,78472.8391611559,78070.9171829984,78690.1792198733
2018-03-29,3.90472729265692,3.88116769959542,3.92069172649776,108593.082875412,107937.874803225,109037.064479555
2018-03-30,2.7615352550196,2.73386432701861,2.77339441962038,76800.146165307,76030.5991131218,77129.9574806188
2018-03-31,3.42616455258507,3.41146977022011,3.44375970585455,95283.9323512671,94875.2606055614,95773.2653555954
2018-04-01,1.51928553447809,1.50898785319986,1.52530504426741,42252.3489072478,41965.9634896095,42419.7555086384
2018-04-02,2.35853455179807,2.34496852479574,2.36435881889457,65592.4265260676,65215.1462234649,65754.4032973234
2018-04-03,2.40156027086146,2.37970982074805,2.41262531979363,66789.0006081582,66181.3249467892,67096.7270345262
2018-04-04,1.93707772455269,1.93037125097109,1.94394085962536,53871.4297088165,53684.9181839737,54062.298094717
2018-04-05,2.08536039557823,2.07673426774945,2.09370444686569,57995.2701659838,57755.3717700148,58227.3238242968
2018-04-06,2.47514709989063,2.4646084580064,2.48722215595069,68835.4996398142,68542.4129462361,69171.3150412948
2018-04-07,1.22631897728637,1.21639146295365,1.23133212545515,34104.7526116825,33828.661784877,34244.1716219635
2018-04-08,2.65027650089181,2.64730580601009,2.65355448073545,73705.9656497214,73623.348634163,73797.1284660065
2018-04-09,2.65876890987379,2.650844724596,2.66223337568573,73942.1452349453,73721.7683317465,74038.4943509877
2018-04-10,1.68741924153363,1.68178825535369,1.68988968458068,46928.259980159,46771.6584807255,46996.9646569365
2018-04-11,2.63742627133927,2.62199863285073,2.64118688294558,73348.5921539099,72919.5391882628,73453.1772829646
2018-04-12,1.06290334478726,1.06006935340414,1.06492831037953,29560.0543541406,29481.2391544943,29616.3700043512
2018-04-13,2.08313233519306,2.07568934589308,2.08782860247998,57933.3063134726,57726.3117929043,58063.9126540619
2018-04-14,3.03431105920624,3.03044936394064,3.03562914519957,84386.2240883804,84278.8277550165,84422.8809432086
2018-04-15,2.47887001168235,2.47510896945643,2.48015746044163,68939.0363117596,68834.4392068848,68974.8411245764
2018-04-16,2.08898053959944,2.08048696988994,2.09199833731103,58095.9487973583,57859.7369315244,58179.8757741826
2018-04-17,2.32956606345786,2.32558025638346,2.33369764178467,64786.7934512508,64675.9454853072,64901.6954134169
2018-04-18,3.75963354787249,3.73996262653841,3.77091641978803,104557.928594161,104010.86708882,104871.712823677
2018-04-19,4.93936126321845,4.91956611760312,4.95313037099009,137366.946986791,136816.430720936,137749.875101688
2018-04-20,4.88579170321521,4.87090925740626,4.89567143825205,135877.141621901,135463.25083005,136151.903674468
2018-04-21,3.33868840616014,3.33036498215796,3.34310250488018,92851.1620945048,92619.6820948192,92973.9211381457
2018-04-22,4.45351737300298,4.43600797387714,4.46466287017391,123855.302797478,123368.354673355,124165.266543281
2018-04-23,5.42110098718281,5.38421884619843,5.44032371510074,150764.451562135,149738.734503719,151299.048508203
2018-04-24,5.65482700964684,5.62780082863292,5.66696381751127,157264.528885155,156512.912678776,157602.061645699
2018-04-25,5.18937427281741,5.17772778891952,5.19934952101958,144319.976337232,143996.079814802,144597.394674937
2018-04-26,5.60109811442625,5.57927881536108,5.61956291795713,155770.292301087,155163.482971247,156283.810862007
2018-04-27,5.56175954073647,5.55033938071536,5.58038468812136,154676.260202885,154358.657899145,155194.238033843
2018-04-28,3.32002712399518,3.31216552740218,3.33703596230726,92332.179331096,92113.543061167,92805.2065235227
2018-04-29,2.8301637852242,2.82754689013261,2.8319289152582,78708.7515837035,78635.973977418,78757.8410329021
2018-04-30,2.75554836562288,2.75214407002068,2.75776176852821,76633.6467588958,76538.971016711,76695.2029770695
2018-05-01,3.14670357881969,3.13592858461241,3.15006364065108,87511.9353819479,87212.2755718676,87605.3809533222
2018-05-02,3.86259483019313,3.84719829383949,3.86829065076961,107421.350857998,106993.162863566,107579.75544545
2018-05-03,4.88543487316743,4.88054605720801,4.89019471788297,135867.217939133,135731.256690919,135999.59241062
2018-05-04,4.57328132798954,4.56502698549486,4.58565366895695,127186.018648954,126956.459852289,127530.101742942
2018-05-05,3.73447934604182,3.72353128296197,3.74591958014109,103858.37338343,103553.900412016,104176.533960737
2018-05-06,5.30187798549427,5.27304123105508,5.33650197488387,147448.779984412,146646.810517668,148411.696333611
2018-05-07,3.76432980077563,3.74934308908235,3.78225574800426,104688.534534728,104271.744038757,105187.067140752
2018-05-08,4.5419662255308,4.52025384785308,4.56397560788897,126315.124662849,125711.28888845,126927.220336458
2018-05-09,1.74807796699165,1.74196625166024,1.75510354164748,48615.2197873564,48445.248888046,48810.6057269284
2018-05-10,3.03828538874854,3.03118415212231,3.05296635658605,84496.7528564642,84299.2627067885,84905.0404109033
2018-05-11,2.83379765150473,2.82252610409487,2.84437587309962,78809.8118403061,78496.3425528825,79103.9992721632
2018-05-12,6.19214597559135,6.14320505441518,6.23632157956667,172207.729428012,170846.649610921,173436.282580133
2018-05-13,5.23085606284636,5.18985231502977,5.26300792098024,145473.612718166,144333.271011532,146367.777440372
2018-05-14,5.83264735666053,5.79949398736593,5.86691525025596,162209.831907085,161287.814488308,163162.844993601
2018-05-15,6.04232748899103,6.00232451834642,6.07572186313214,168041.176910439,166928.667487658,168969.896835515
2018-05-16,4.6014722952242,4.57063592802148,4.62964981221323,127970.028340746,127112.44830295,128753.663972194
2018-05-17,1.5770856172107,1.57143858632683,1.58099343553297,43859.8079444491,43702.7602310468,43968.4869909295
2018-05-18,2.87739976662196,2.87196212775134,2.88294006696944,80022.4158829425,79871.1915017589,80176.4953485996
2018-05-19,3.93861371680936,3.92012601142797,3.96048619964326,109535.487041064,109021.331564334,110143.775447156
2018-05-20,5.50044141651364,5.45084324973832,5.53560497976205,152970.962074123,151591.603816446,153948.884333946
2018-05-21,4.93234770844834,4.90994641310579,4.94760107407299,137171.895328296,136548.90029194,137596.101648805
2018-05-22,5.64075356570089,5.61076430796259,5.66817725139543,156873.13697729,156039.115621414,157635.808055236
2018-05-23,5.03834150895101,5.00681530448436,5.06646738678272,140119.653955105,139242.889080685,140901.853466981
2018-05-24,4.4442717112092,4.42525339448259,4.46602438686947,123598.174746744,123069.262612898,124203.131235044
2018-05-25,5.63222952319597,5.58829024246312,5.66446828003092,156636.077642593,155414.096798224,157532.659075914
2018-05-26,3.99792952380887,3.98370941673573,4.01390473942072,111185.099385935,110789.628678212,111629.380838356
2018-05-27,6.3985621384812,6.35772401155707,6.4381940298291,177948.301253777,176812.565575158,179050.490712628
2018-05-28,6.36910086534655,6.32878078585407,6.40377290983998,177128.963503573,176007.635071213,178093.216297415
2018-05-29,5.88018837603909,5.84698988713696,5.91200712209016,163531.979517001,162608.707291699,164416.88016894
2018-05-30,5.78387421823358,5.75888838704211,5.81329977223776,160853.418240694,160158.545530277,161671.762617942
2018-05-31,1.93124154187937,1.92430557421699,1.94235104051241,53709.1215573836,53516.2276483524,54018.0841597224
2018-06-01,2.41403492544797,2.40770473534444,2.42457478488253,67135.9291124618,66959.8822833214,67429.0496669304
2018-06-02,5.6281715717042,5.58512635998957,5.66021631676522,156523.223292052,155326.107106267,157414.409127918
2018-06-03,6.0412071674231,6.00042063875717,6.07646904458218,168010.020016819,166875.71932034,168990.676452386
2018-06-04,4.67879924696968,4.64291389341642,4.69814188125832,130120.542691695,129122.546959765,130658.474314292
2018-06-05,5.73005148688033,5.69759403259093,5.76332186184386,159356.57201089,158453.908454795,160281.843435736
2018-06-06,6.06678667091707,6.01104900217363,6.10323407710905,168721.403151835,167171.301229859,169735.029944324
2018-06-07,5.12565524586244,5.10472458372619,5.15779667425114,142547.907494454,141965.811753153,143441.782158457
2018-06-08,6.02877825292031,5.99044834555545,6.06188343749735,167664.363574897,166598.383163178,168585.040944388
2018-06-09,2.67566692949482,2.65192837020367,2.69599215842883,74412.0904853056,73751.9052423325,74977.348723504
2018-06-10,3.30042175539829,3.29265992180696,3.31070220396377,91786.9408913082,91571.0790973145,92072.8470556558
2018-06-11,4.15695241736382,4.14352956057332,4.17070032605446,115607.632629518,115234.333986456,115989.971183765
2018-06-12,6.00335030453262,5.97142262490364,6.03821559983487,166957.195288956,166069.265121211,167926.822517304
2018-06-13,3.9398892358668,3.91277734995315,3.95785814933044,109570.960080878,108816.9603638,110070.687606692
2018-06-14,4.21051372545495,4.19349948658471,4.22448258093427,117097.208503201,116624.031117632,117485.691735716
2018-06-15,5.41764921277626,5.38171870124769,5.44946470944719,150668.455402581,149669.203797094,151553.265687081
2018-06-16,2.25723504334017,2.25280299188822,2.26362462010242,62775.2193070399,62651.9609858929,62952.9177189589
2018-06-17,3.84443749605968,3.83196167830943,3.8611988373032,106916.383227081,106569.422374414,107382.527360164
2018-06-18,1.86409047663377,1.85745731271431,1.87198775324031,51841.6054296631,51657.132695655,52061.2339846806
2018-06-19,3.50565566110571,3.49728652920795,3.51870558586183,97494.6333525056,97261.8821856117,97857.5605057601
2018-06-20,5.98174605867927,5.94446163036367,6.01151923171327,166356.366733061,165319.461794359,167184.378628494
2018-06-21,4.22995568893531,4.20998230472786,4.24656880819438,117637.902537188,117082.429336634,118099.924517548
2018-06-22,4.45784360139784,4.43892400053385,4.47752678875933,123975.618108487,123449.451328938,124523.02074027
2018-06-23,1.98254801896279,1.97706088102333,1.98709646491336,55135.9890696021,54983.3880861408,55262.4843997611
2018-06-24,5.03517040099285,5.00618767811237,5.06273643373831,140031.463317579,139225.434370657,140798.093162409
2018-06-25,5.55179542584388,5.52070924897312,5.58071194655323,154399.15148998,153534.624077898,155203.339310155
2018-06-26,5.62016261379466,5.59100722995826,5.64492584528871,156300.488805152,155489.658041333,156989.170868802
2018-06-27,6.02251065890729,5.97802969944179,6.0560326172671,167490.057584985,166253.01229204,168422.325712687
2018-06-28,2.26306381880731,2.25633437689234,2.27005047362538,62937.3214591047,62750.171169518,63131.6250119052
2018-06-29,3.4038960522374,3.390076099446,3.41675080547807,94664.6304327148,94280.2882837426,95022.1297353248
2018-06-30,3.12038724519408,3.11110970205638,3.1346627686483,86780.0605071631,86522.045814888,87177.0723815822
2018-07-01,3.79273916535336,3.7789828336199,3.8074335605295,105478.618002997,105096.045198284,105887.278980722
2018-07-02,3.84716227044131,3.82987037580696,3.86118228820623,106992.161028721,106511.261850273,107382.067118686
2018-07-03,3.02748762455099,3.01491708142775,3.0391489387959,84196.4597976944,83846.8645689218,84520.7687620146
2018-07-04,6.05028387728864,6.01184121281032,6.08963080335698,168262.449401201,167193.333138588,169356.713784649
2018-07-05,6.24738657297685,6.18780779144879,6.29885277752579,173744.007462397,172087.081619648,175175.317102478
2018-07-06,5.36365044195131,5.33061789460737,5.39214283165416,149166.713397092,148248.056117734,149959.105849732
2018-07-07,6.68201578072546,6.64743763779118,6.7123101915378,185831.337009297,184869.695680746,186673.844876669
2018-07-08,6.78775461173994,6.74158674181656,6.82153341218629,188772.004763764,187488.045360454,189711.415842023
2018-07-09,6.66728529825983,6.62448246900879,6.70085280228623,185421.672419866,184231.297052834,186355.20720308
2018-07-10,4.45414071546289,4.42512715187158,4.47220492219416,123872.638369039,123065.751721281,124375.016064489
2018-07-11,4.91074093371302,4.88101328618627,4.93532561914123,136570.996442498,135744.250641931,137254.713020399
2018-07-12,6.52302088620978,6.48413225351564,6.55997612912879,181409.582437761,180328.063500188,182437.33250997
2018-07-13,6.64471003802165,6.59611969359657,6.68723661707665,184793.839303175,183442.50926048,185976.531967119
2018-07-14,6.27924170539787,6.24349990706673,6.3146654993048,174629.92004367,173635.916678674,175615.079492508
2018-07-15,6.73488515242277,6.67261321769478,6.77530576129689,187301.669668147,185569.845430013,188425.793889984
2018-07-16,6.67762783857772,6.63862989677595,6.72495631979249,185709.305397461,184624.746500349,187025.542178603
2018-07-17,5.84163063910953,5.81317570065967,5.8718976606741,162459.6630124,161668.312104205,163301.409166436
2018-07-18,6.38600367770428,6.34859117042198,6.42076022590734,177599.042043153,176558.575142552,178565.644941793
2018-07-19,6.1886948080895,6.14746071042512,6.22201047370605,172111.750146886,170965.002256609,173038.281135145
2018-07-20,6.66928614820203,6.62826553046405,6.7070734930864,185477.317397687,184336.506527233,186528.20878321
2018-07-21,6.51315308242908,6.47234257050359,6.55706619257722,181135.152201424,180000.184514424,182356.405224292
2018-07-22,6.45244215990413,6.41102122538281,6.4885883152094,179446.740758813,178294.796810331,180451.989562251
2018-07-23,6.15413387468961,6.10837766295885,6.1920349634316,171150.587427019,169878.07651393,172204.642105452
2018-07-24,6.05795750245926,6.00763492806385,6.10323821871327,168475.858059899,167076.353540825,169735.145125112
2018-07-25,5.63483414203011,5.60242650689456,5.67363072814191,156708.513837931,155807.235785892,157787.472898362
2018-07-26,4.18980037602651,4.16719648440034,4.21755950511157,116521.156373942,115892.526999163,117293.156357386
2018-07-27,4.77744176695614,4.74725928446347,4.80519016255573,132863.857280674,132024.462214884,133635.558758693
2018-07-28,4.69286488191065,4.65861777942769,4.71960930839942,130511.717425898,129559.282554155,131255.497850107
2018-07-29,5.88796999022639,5.85196968599791,5.91938577037837,163748.391422625,162747.198835379,164622.085322851
2018-07-30,6.02640104932865,5.98798393223974,6.07001532865272,167598.251949861,166529.84617727,168811.194287242
2018-07-31,4.49463038614319,4.4643638581442,4.52539748685945,124998.683245989,124156.950818343,125854.336936376
2018-08-01,5.77386244367792,5.73025732369523,5.81706621719719,160574.984080619,159362.29647066,161776.509976456
2018-08-02,6.10096099802813,6.06032109105562,6.14635843050372,169671.814091713,168541.591042791,170934.34711327
2018-08-03,5.25787364179693,5.22705389311339,5.2903812407886,146224.989695398,145367.871829757,147129.04780927
2018-08-04,4.19856981811179,4.16970317037171,4.22137613449636,116765.040435431,115962.239615955,117399.299378402
2018-08-05,4.40897336964525,4.37436436506559,4.43545173014658,122616.504211639,121654.004600047,123352.885162425
2018-08-06,5.06725618562802,5.0358541679724,5.10176104663465,140923.790491505,140050.479335526,141883.393800536
2018-08-07,5.64380128866627,5.59947487235601,5.68377144029037,156957.896195477,155725.148851251,158069.492899304
2018-08-08,5.55476871041728,5.51694781174747,5.59208167147218,154481.8405266,153430.015987816,155519.538979903
2018-08-09,5.11674072222984,5.08311112230758,5.15202045927132,142299.988617904,141364.726906211,143281.14174877
2018-08-10,5.03951188453969,5.00380898725827,5.08201279536897,140152.202884588,139159.281383856,141334.181697972
2018-08-11,3.75023100757039,3.72119104643098,3.77437685121147,104296.437646974,103488.816865712,104967.949740672
2018-08-12,4.61446290028927,4.59657614012162,4.63948082633881,128331.305773638,127833.862986043,129027.071063567
2018-08-13,4.98924778132534,4.94912816363103,5.02672887868978,138754.324488246,137638.571032837,139796.698924999
2018-08-14,5.36579932393404,5.33046027967222,5.40703338528572,149226.475245167,148243.672740757,150373.222125564
2018-08-15,4.91219749079611,4.87785160077661,4.94712620068784,136611.504271133,135656.322051793,137582.895101714
2018-08-16,3.28564738829443,3.26430094509254,3.31051147722433,91376.0558406776,90782.396949293,92067.542817211
2018-08-17,2.94536705779564,2.92958087250678,2.96559159226643,81912.6318007407,81473.6074082861,82475.0896584336
2018-08-18,4.13927121976547,4.11029351935369,4.16689172238434,115115.906674739,114310.017406038,115884.051363253
2018-08-19,3.36754918050512,3.34316024458906,3.39638558277552,93653.7995709265,92975.5269181455,94455.7592436205
2018-08-20,2.3382186356614,2.3287289761744,2.34664181540796,65027.4272830045,64763.5134928994,65261.6815567951
2018-08-21,4.95070116721932,4.90952960971861,4.99704537039286,137682.317316822,136537.30871041,138971.180665994
2018-08-22,4.86897384351072,4.82868807292746,4.91306601387127,135409.425672541,134289.05139394,136635.658479919
2018-08-23,3.48190441581923,3.45615927373092,3.5097626914793,96834.0953035004,96118.1056481683,97608.8526196412
2018-08-24,4.05060942277907,4.02469737977717,4.07286323318591,112650.162681263,111929.531399671,113269.056062716
2018-08-25,3.2172118639111,3.19604533334019,3.23611510957905,89472.8180435191,88884.1626429757,89998.5299741049
2018-08-26,0.961488018692198,0.95937864508575,0.965743948601852,26739.6261690051,26680.9630753516,26857.9864320278
2018-08-27,2.69217026805186,2.68107049719048,2.70545184497395,74871.0593907696,74562.3673242802,75240.4289460081
2018-08-28,2.80246880711213,2.7836219875714,2.82425327079668,77938.5356818113,77414.392999639,78544.3762163709
2018-08-29,4.4613240557434,4.42156952474276,4.49287645349841,124072.411876365,122966.811726581,124949.905203689
2018-08-30,4.15329651983438,4.13075551344428,4.17263667760002,115505.959669118,114879.079174898,116043.82241795
2018-08-31,3.94256050614956,3.91963857552317,3.96784626522246,109645.249897671,109007.775645152,110348.463803476
2018-09-01,3.59105843489613,3.57351343856065,3.61473308693259,99869.7417267714,99381.8036203917,100528.149666162
2018-09-02,4.30407520200629,4.27687698151607,4.33594845474531,119699.21586904,118942.815129528,120585.6323885
2018-09-03,3.28468217909017,3.2620756684312,3.30890645483722,91349.2127258443,90720.5105140073,92022.9060689729
2018-09-04,4.55509978847545,4.52285752389994,4.59445546371208,126680.377850179,125783.698864242,127774.88555386
2018-09-05,4.64088853458144,4.59464448287127,4.68603880977792,129066.220373211,127780.142303354,130321.879785196
2018-09-06,4.40730632853024,4.37127428059084,4.44213214084273,122570.142681015,121568.067279894,123538.671860957
2018-09-07,4.18048306777569,4.15627755519135,4.20895285550569,116262.035787222,115588.864260223,117053.79966385
2018-09-08,4.06302900037014,4.04319721942611,4.0849402930536,112995.559457412,112444.024338514,113604.92719143
2018-09-09,3.64106811705883,3.62187779258143,3.66320520549649,101260.54450316,100726.848718489,101876.191768425
2018-09-10,2.24406869078748,2.23222986344419,2.25726761412844,62409.0542187354,62079.8084961838,62776.12512249
2018-09-11,2.61688589385565,2.60740736218989,2.62708596644666,72777.3504903588,72513.7461724201,73061.0213449902
2018-09-12,2.09020679803422,2.08077646341041,2.10152823586472,58130.0518662423,57867.787940341,58444.9086396996
2018-09-13,2.38447730723177,2.37595194820168,2.39600864156491,66313.9119409713,66076.8159928269,66634.6060768351
2018-09-14,3.42524953450703,3.40531962230037,3.45085570461622,95258.4850852907,94704.2208702131,95970.6098367475
2018-09-15,3.55397658746401,3.52934792206823,3.58248897403753,98838.470698205,98153.5310079315,99631.4192772202
2018-09-16,1.99169765207244,1.98417709553774,2.00068718201044,55390.4464982746,55181.2947809247,55640.4513504454
2018-09-17,3.34506187334027,3.32512233030386,3.36398767643205,93028.4124881486,92473.880433241,93554.7517558088
2018-09-18,4.0123005279296,3.98581249163555,4.04200570456654,111584.766641679,110848.116600613,112410.887511741
2018-09-19,3.54827671020595,3.53167053342249,3.57623497135427,98679.9532917196,98218.124386259,99457.4912712969
2018-09-20,2.52353678006801,2.51268185190547,2.53954718884546,70181.2490752994,69879.3662483531,70626.5092732418
2018-09-21,2.70686170425537,2.69215240276473,2.72243492941534,75279.6380774827,74870.5625451616,75712.7399060314
2018-09-22,1.45662007226006,1.45032772005762,1.46478691325834,40509.5804058813,40334.5858741285,40736.7057272896
2018-09-23,1.76349812767366,1.7559842875339,1.77148165936403,49044.0647901924,48835.0998602873,49266.0921568979
2018-09-24,2.65203033568018,2.64350836239793,2.66570415309062,73754.7409705694,73517.7391823415,74135.0189966603
2018-09-25,3.32289702495426,3.30263425290272,3.34877784564859,92411.9932001156,91848.4719296759,93131.7561684101
2018-09-26,3.12408620619389,3.10405068573289,3.14805670729668,86882.9310915342,86325.7298401266,87549.5667917314
2018-09-27,2.6697939909249,2.6587832002636,2.67977432122322,74248.7601277555,73942.5426602629,74526.3198019605
2018-09-28,2.52245853561681,2.51161648073461,2.54265347583854,70151.2623744947,69849.7375621022,70712.8971962879
2018-09-29,1.03729769834026,1.03431299714008,1.03977848146042,28847.9441660805,28764.9376254193,28916.9364072212
2018-09-30,1.64309722900809,1.63695196328483,1.65353145498437,45695.6351081372,45524.7311499447,45985.8179253377
2018-10-01,1.58739127776952,1.5785034168303,1.59703442929219,44146.4152712283,43899.2379020499,44414.5977777122
2018-10-02,0.932711643694836,0.930580208300783,0.934710993503299,25939.3358950033,25880.0592482512,25994.9391530991
2018-10-03,2.10064961119382,2.08874090901207,2.11159415408314,58420.473498766,58089.2845101283,58724.8485713219
2018-10-04,1.56204692891526,1.55723094860072,1.56800506392595,43441.5719443383,43307.6363042218,43607.2716720033
2018-10-05,2.57058032099271,2.5566779458389,2.58497822907041,71489.5614760132,71102.9271059044,71889.9769488313
2018-10-06,1.82156873416067,1.81770076234907,1.82808676705862,50659.047274303,50551.4763859887,50840.3181374446
2018-10-07,1.99663998594032,1.98864278997498,2.00695165028287,55527.8961153891,55305.4887360395,55814.6704114172
2018-10-08,2.06662962517371,2.06082490658801,2.07634430251578,57474.3548880631,57312.9217739936,57744.5265755198
2018-10-09,2.30900893601193,2.30616066155028,2.31479227806785,64215.0859600225,64135.8735383899,64375.9245784726
2018-10-10,2.11194338883321,2.10511675702907,2.12184465265021,58734.5610237712,58544.7078182321,59009.921806142
2018-10-11,2.47337204471167,2.46372693016074,2.48754546574617,68786.1341656823,68517.897066067,69180.3065033826
2018-10-12,2.00117549590776,1.99132997900806,2.01364409363808,55654.0316871875,55380.2212639473,56000.7917462614
2018-10-13,1.94039940434117,1.93622437305822,1.94756972107663,53963.8078498545,53847.6974318567,54163.2191636638
2018-10-14,2.25213485386903,2.24065230582871,2.26485086122594,62633.3796198071,62314.0422634422,62987.0203064052
2018-10-15,2.70725440581334,2.69476846472885,2.72694031149417,75290.55937099,74943.3169816138,75838.0376010566
2018-10-16,2.81701662427019,2.80451562372157,2.83523564111071,78343.1202266199,77995.4590234536,78849.8032949591
2018-10-17,2.77849825777867,2.76594184375706,2.80050102661841,77271.8986402866,76922.6963512994,77883.8103875156
2018-10-18,2.41947529590124,2.40707342275141,2.43741226493857,67287.2294607897,66942.3250570168,67786.0685906998
2018-10-19,2.48020301128213,2.46890749142659,2.49688800663606,68976.107923978,68661.971946774,69440.1288267059
2018-10-20,2.637078157271,2.6198996596079,2.66014959881199,73338.9108683727,72861.1653356916,73980.5431196254
2018-10-21,2.59754266842868,2.57740718908587,2.62000052118573,72239.4024278094,71679.4212529084,72863.9703637666
2018-10-22,2.49886197305621,2.47768212350713,2.5226061918684,69495.0261557614,68906.0003455088,70155.3687938074
2018-10-23,2.29878400340434,2.28718197455153,2.31482218132528,63930.7237316691,63608.0635338354,64376.7562081022
2018-10-24,1.49269831550564,1.48780110813051,1.50059839758887,41512.9405294255,41376.745910317,41732.6471066301
2018-10-25,1.38797316062796,1.38497010148923,1.39269408193424,38600.4637876672,38516.9467004316,38731.7557730577
2018-10-26,0.421230485295572,0.420123615308555,0.422022394533511,11714.7020959374,11683.9192997973,11736.7256225655
2018-10-27,2.01899240434172,2.01109915420678,2.02687087987614,56149.5318512556,55930.0152751117,56368.6375358575
2018-10-28,0.628342729349472,0.626813463385833,0.629861563269827,17474.6324053737,17432.1024940428,17516.8721945895
2018-10-29,0.803439368464258,0.802265056216986,0.805127287209121,22344.1872852639,22311.5288746677,22391.1294367664
2018-10-30,1.21545256278664,1.21343801995761,1.21954795139315,33802.5503420012,33746.5245558214,33916.4458437921
2018-10-31,0.451094133435882,0.450270028599386,0.451938346513921,12545.2301647123,12522.3112569115,12568.7082961865
2018-11-01,0.81033471582669,0.809210628341701,0.811577128903482,22535.9515165308,22504.6898902333,22570.5038568357
2018-11-02,0.488789322178725,0.48758915601717,0.489749071820046,13593.5586261784,13560.1812008993,13620.2499069077
2018-11-03,0.347859519166337,0.347583640082627,0.348498345208211,9674.20635619532,9666.53397398895,9691.9725365477
2018-11-04,0.746420777140857,0.745336515001899,0.747437490531831,20758.4620478919,20728.3079911576,20786.7375286749
2018-11-05,0.581679638408621,0.580383549704236,0.583003551657637,16176.9005736803,16140.8554781998,16213.7194883944
2018-11-06,0.856132755084979,0.85283213173429,0.859905023294363,23809.6256811926,23717.8331338011,23914.5349881908
2018-11-07,1.12033859044288,1.11711684279346,1.12406453778603,31157.3670277248,31067.7680664463,31260.9881203897
2018-11-08,1.11304264801413,1.10779859131558,1.12006323456749,30954.461979193,30808.6212479492,31149.7091962925
2018-11-09,0.641635035792657,0.637803671979951,0.643922113380021,17844.3003557846,17737.7475604533,17907.9055162408
2018-11-10,1.00535272346319,1.00198244920992,1.01050319832399,27959.5330058946,27865.803420224,28102.7711635142
2018-11-11,1.04669198399665,1.04316608122524,1.05140735858316,29109.2055460385,29011.1478269794,29240.343273435
2018-11-12,1.19560571349114,1.19172375690778,1.202267930924,33250.5961621496,33142.6363479602,33435.8768938364
2018-11-13,1.33012534441901,1.32417862163901,1.33683076187109,36991.677250499,36826.2949046177,37178.1594036719
2018-11-14,0.563780588403669,0.562020173192051,0.565360018890879,15679.1159974734,15630.1576706448,15723.041017824
2018-11-15,0.649653703752186,0.648602055683844,0.650850111607334,18067.3048856828,18038.0578481096,18100.577789942
2018-11-16,0.957448592511943,0.949870079876968,0.96538566710019,26627.2870197932,26416.5235044537,26848.0223833538
2018-11-17,1.52145709153855,1.51449175173502,1.53362193015764,42312.7413644315,42119.0305964699,42651.0536790489
2018-11-18,1.29196043324699,1.28528489020779,1.2995125079863,35930.2854934792,35744.6341677495,36140.3137532221
2018-11-19,1.45244646528336,1.44612286692336,1.46134066815713,40393.5095987952,40217.6460904601,40640.8633414236
2018-11-20,1.43126829250431,1.42557410646051,1.44128210505378,39804.5304206411,39646.1712906385,40083.0212586897
2018-11-21,0.836423733718428,0.832734767703569,0.841374963520991,23261.5045884146,23158.9119712734,23399.2016074346
2018-11-22,0.437912148237018,0.436095625805451,0.438884121898543,12178.6303220409,12128.1116158236,12205.6615609643
2018-11-23,0.553530093124323,0.551216340072044,0.554662881804168,15394.0428540871,15329.6958310742,15425.5464664448
2018-11-24,0.946692386797075,0.944152930574294,0.950907564919018,26328.1497302784,26257.5257508324,26445.3766587739
2018-11-25,0.89946916057445,0.897809463131522,0.902220693188067,25014.840161008,24968.6828628256,25091.3621270123
2018-11-26,0.537668341859279,0.536072179979109,0.539040439575573,14952.916921192,14908.5265895901,14991.0758782333
2018-11-27,0.196906436493096,0.196609733396803,0.197112800945588,5476.0999614514,5467.84844949926,5481.83909517634
2018-11-28,0.53119015588165,0.530150573323592,0.531892173561514,14772.7542276093,14743.8427399632,14792.2778097639
2018-11-29,0.523587495161128,0.521962600982529,0.525172991040303,14561.3191378272,14516.1297417503,14605.4128407933
2018-11-30,0.531018628591512,0.530043421493624,0.532794113989338,14767.9839387166,14740.8627757609,14817.3613775233
2018-12-01,0.579451978451018,0.577992561443931,0.580935184397836,16114.9478573282,16074.3604922903,16156.1968087228
2018-12-02,0.520849192142456,0.519250909454497,0.523036550772275,14485.1650957245,14440.7157830367,14545.9970051418
2018-12-03,0.40453969230234,0.40360883830202,0.406669933967442,11250.519956975,11224.6322833872,11309.7634053249
2018-12-04,0.633542701001684,0.631606681953579,0.635139353367664,17619.247101934,17565.4051147267,17663.6510742749
2018-12-05,0.834170633372149,0.829512175253505,0.837297622339638,23198.8443578038,23069.289515523,23285.8080166323
2018-12-06,0.796915073497467,0.793251238190505,0.801510897527596,22162.7422697913,22060.8485544788,22290.5552160944
2018-12-07,0.740045297301428,0.736175857720194,0.745612270919398,20581.155680844,20473.5439728724,20735.9769480291
2018-12-08,0.616535408433302,0.613783163887636,0.618459324787129,17146.2628976753,17069.7211323635,17199.7683008437
2018-12-09,0.662634990843353,0.660474931441555,0.665165685799946,18428.3231794754,18368.2504798848,18498.7035022372
2018-12-10,0.446671256403318,0.445855236510827,0.447751302381059,12422.2269903169,12399.5329302272,12452.2637927821
2018-12-11,0.349916234078513,0.349024775268588,0.350904756743314,9731.40497627028,9706.61290932921,9758.89645406563
2018-12-12,0.609775560951914,0.608220589889869,0.611217549548676,16958.2670089094,16915.0222215648,16998.3696781759
2018-12-13,0.22996293938446,0.229522883705646,0.230369977613477,6395.42346063759,6383.18521729364,6406.74346657507
2018-12-14,0.805705567002439,0.802253254630622,0.808989237793923,22407.2117853696,22311.2006646418,22498.5328707283
2018-12-15,0.57806654319746,0.57619827835827,0.580089171393709,16076.417974437,16024.4602771871,16132.6686200979
2018-12-16,0.398581999870561,0.397298041738696,0.400447966032354,11084.8325377263,11049.1248015972,11136.7263072172
2018-12-17,0.603303454867859,0.60239456325447,0.603878606143753,16778.2734012416,16752.9965163531,16794.2687436785
2018-12-18,0.201034800181989,0.200862491170179,0.20119221913807,5590.91252238258,5586.12049328622,5595.29044905007
2018-12-19,0.585303376283117,0.584252973952501,0.586031518620067,16277.6791525234,16248.4667597513,16297.9292788998
2018-12-20,0.509211101800269,0.508068168659316,0.510147436802885,14161.5020037034,14129.7162670836,14187.5421076383
2018-12-21,0.458989796033937,0.457248610371253,0.460709592218938,12764.8138330722,12716.3902928867,12812.6425175485
2018-12-22,0.873160431501418,0.870902076398654,0.875512407590628,24283.1767739266,24220.3704050163,24348.5868052127
2018-12-23,0.420543288924967,0.417928244842994,0.421859157584275,11695.5907043262,11622.8645758587,11732.1858936092
2018-12-24,0.597193845948364,0.59477582455817,0.598848686743569,16608.3610826582,16541.1142872895,16654.3833142126
2018-12-25,0.66387471280237,0.662588968767999,0.666860944509438,18462.8006779915,18427.0432747168,18545.8497830751
2018-12-26,0.607143260484846,0.605781670121856,0.609182909582346,16885.0609688074,16847.1942283033,16941.7849771391
2018-12-27,0.665292426357045,0.662753795105028,0.667825588808476,18502.228242069,18431.6272056128,18572.6771875158
2018-12-28,0.510328509179362,0.507477398095884,0.512779423200629,14192.5778517791,14113.2865417925,14260.7394132618
2018-12-29,0.282943401642545,0.2816584717086,0.283645092652338,7868.84562243344,7833.11085983725,7888.36011967443
2018-12-30,0.617573874312088,0.612177649003517,0.622055977963937,17175.1433297224,17025.0706874537,17299.7936360925
2018-12-31,0.885005269638406,0.882115354972764,0.889855823335061,24612.5896606792,24532.2191970673,24747.4868097229
2019-01-01,0.493132376659414,0.490652412526301,0.495155759145629,13714.3418819107,13645.3724173487,13770.613504881
2019-01-02,0.37827990236112,0.377160602464486,0.379174443833265,10520.2175999473,10489.0891196905,10545.0953977906
2019-01-03,0.280744739124772,0.279850024842297,0.281414233115894,7807.6993443165,7782.81674050208,7826.31842089048
2019-01-04,0.465032601397677,0.464031992769315,0.465791385796325,12932.8682999997,12905.0407034579,12953.9706026475
2019-01-05,0.7121375169801,0.710425482217853,0.714289199264251,19805.0216068968,19757.4087727888,19864.8613332315
2019-01-06,0.626985179227065,0.624775988972444,0.628279129813009,17436.8780266678,17375.4389651337,17472.8636596416
2019-01-07,0.486201140637486,0.485327444952657,0.487045963752474,13521.5795629713,13497.2815004437,13545.074659982
2019-01-08,0.786669114292787,0.782901250756736,0.790696164867793,21877.7952776814,21773.0084676004,21989.7902530175
2019-01-09,0.340842457902561,0.339714728329061,0.341206074021533,9479.05717976191,9447.69426454207,9489.16958771843
2019-01-10,0.638687695104556,0.636809866954719,0.639754508216841,17762.3328360024,17710.1091766743,17792.0016236109
2019-01-11,0.857218798018619,0.854844712629115,0.859873083593891,23839.8292630203,23773.8043572758,23913.6467237154
2019-01-12,0.80834415477989,0.805000012024371,0.812404704513017,22480.5926797869,22387.5898285813,22593.5192891607
2019-01-13,0.893956859941568,0.891307251859842,0.897160624903647,24861.5393861788,24787.8520097141,24950.6382368706
2019-01-14,0.916732847600337,0.913652074125825,0.919894984998702,25494.9548669601,25409.2764919639,25582.896027207
2019-01-15,0.964360961810422,0.960898497566648,0.970583542658258,26819.5246425093,26723.2311914188,26992.5787861312
2019-01-16,0.854556869141328,0.851617611351135,0.859080728024301,23765.7992369738,23684.0565079994,23891.6107843049
2019-01-17,0.538280454098939,0.537678449955096,0.539055004007512,14969.9401728018,14953.1980341109,14991.4809248464
2019-01-18,0.561809451234128,0.559178263141735,0.56360034094973,15624.2973517735,15551.1222475568,15674.1031949812
2019-01-19,0.534550917192741,0.533742108113033,0.535402556740663,14866.2192519827,14843.7257294291,14889.9039185614
2019-01-20,0.546107484535356,0.544909809586513,0.547547537094321,15187.6151347507,15154.3069917667,15227.6639615087
2019-01-21,1.26880470273593,1.26394345865888,1.27328484053289,35286.3091094799,35151.1146537929,35410.9047441081
2019-01-22,0.397227366464885,0.396218343718721,0.39821537654154,11047.1592748674,11019.0976760706,11074.6364972429
2019-01-23,0.901625964729397,0.895370172843413,0.906341435991304,25074.8223300021,24900.8445651519,25205.962746006
2019-01-24,0.992420725456548,0.986184447778615,0.996323624521439,27599.8854745752,27426.4504129289,27708.4277132112
2019-01-25,0.903199031102644,0.90071543355078,0.905602676629653,25118.5703600783,25049.4998477058,25185.4173530574
2019-01-26,1.25812651875506,1.25562751569463,1.26019688201539,34989.3416566761,34919.8427067861,35046.9198464601
2019-01-27,1.4523086143039,1.44335016224735,1.45711102801775,40389.6758706715,40140.5353152115,40523.2342145309
2019-01-28,1.63340865699248,1.62746489196547,1.64109937347335,45426.1894273047,45260.8893385164,45640.0734067951
2019-01-29,1.84061410798922,1.83411045415149,1.85140063654352,51188.7118842865,51007.8409124463,51488.6924722877
2019-01-30,1.38413900366772,1.37702278546825,1.38821812505183,38493.8333130311,38295.926515763,38607.276412465
2019-01-31,0.879842037337027,0.876398820675909,0.88237379756556,24468.9967100874,24373.2385471699,24539.4066587757
2019-02-01,0.564098953551994,0.562310174122638,0.5652054086503,15687.96994561,15638.222790877,15718.7412034169
2019-02-02,1.23484306801418,1.21468337946675,1.23920108991503,34341.8132874903,33781.1588383844,34463.0127972081
2019-02-03,0.772515294795395,0.771592326348879,0.775576819119303,21484.1680718649,21458.4997008132,21569.3111150824
2019-02-04,1.30346931045565,1.29968994915559,1.30853875356486,36250.3550816611,36145.2485110574,36391.3396919628
2019-02-05,1.41832026055901,1.41470574798472,1.4245484155037,39444.4369747417,39343.91495768,39617.6461377328
2019-02-06,1.68967242679172,1.68528321003897,1.69738519961448,46990.922572224,46868.8555127687,47205.4199533642
2019-02-07,1.46418778310006,1.45445879885876,1.47240210125907,40720.0435160634,40449.4739441509,40948.4892091298
2019-02-08,1.24031139731951,1.23113512353793,1.24655174320936,34493.8911902317,34238.6928666189,34667.4393915777
2019-02-09,1.40574228104331,1.40328123615186,1.40863955356516,39094.6349349112,39026.1916271392,39175.2100254353
2019-02-10,1.44193835849158,1.43140763029217,1.45150346066442,40101.2721066022,39808.4054979028,40367.2840083605
2019-02-11,1.82500433626656,1.81871102481995,1.83147811595773,50754.5936713367,50579.5724623605,50934.6338231398
2019-02-12,1.18106286045891,1.17287168658531,1.18555791132972,32846.1496730072,32618.3476380288,32971.1600502134
2019-02-13,1.75822791489801,1.74543892485086,1.76425384051327,48897.4966409153,48541.8262567901,49065.0816707252
2019-02-14,1.73921404637939,1.73002613237213,1.75369829584093,48368.7082147152,48113.1861686253,48771.5248992819
2019-02-15,1.25737181107852,1.24641591625109,1.26554918942984,34968.3527304024,34663.6619528398,35195.7711026605
2019-02-16,1.07763985966022,1.06997005157942,1.08215899787295,29969.8867088619,29756.5842059898,30095.5669711901
2019-02-17,1.66948821484597,1.66546730768424,1.67267553987309,46429.5861109758,46317.7619880799,46518.2277560584
2019-02-18,2.36335939548425,2.34846801608271,2.3781311211137,65726.6086624895,65312.4694214417,66137.4202519463
2019-02-19,1.42730834022147,1.41932619888705,1.43260854229635,39694.401493778,39472.4127938034,39841.8036655649
2019-02-20,2.09933002586802,2.08982115728115,2.11137809178185,58383.7749464969,58119.3269384511,58718.8397339225
2019-02-21,2.70517793354,2.6956603926404,2.71871750287002,75232.8112854601,74968.1220945854,75609.3557824644
2019-02-22,1.73888904967075,1.7289090048992,1.74524237611552,48359.6698384419,48082.1181049278,48536.3601047374
2019-02-23,1.30233587043629,1.29362810864248,1.30942121357231,36218.8333551149,35976.664663869,36415.8814961764
2019-02-24,2.02368475601597,2.01961808626873,2.03068097980609,56280.0292960325,56166.9324849648,56474.5989683587
2019-02-25,1.42388834166273,1.42084925138576,1.42754717711824,39599.2890418477,39514.7699045106,39701.0437079407
2019-02-26,2.25136282462449,2.24333197790824,2.26303465794507,62611.9089691187,62388.5657398341,62936.5104759827
2019-02-27,1.70359678245133,1.69179739426071,1.71422773221152,47378.1682349298,47050.0193416455,47673.8220724012
2019-02-28,1.14218237769535,1.13599928604893,1.14810982408779,31764.8573904656,31592.9014679999,31929.7036470902
2019-03-01,1.18051882079577,1.17215850548983,1.18666026589072,32831.0195653713,32598.5135938045,33001.8172693299
2019-03-02,2.82147331474758,2.80856858267284,2.83378940845503,78467.063775577,78108.1745280967,78809.5825955697
2019-03-03,3.34523503490445,3.31380697211787,3.37883387407596,93033.2282272976,92159.1927387722,93967.6344618973
2019-03-04,3.35819281334747,3.32756155038564,3.39034297982787,93393.5927298305,92541.7167784295,94287.7104060201
2019-03-05,3.03534328002562,3.0106214633026,3.06323183965357,84414.93084114,83727.4005500279,85190.5303747232
2019-03-06,1.6345559080078,1.63056284251001,1.64109610648583,45458.0952469042,45347.0454193417,45639.9825496825
2019-03-07,1.79353312708132,1.78680516181922,1.79728720111985,49879.3582525485,49692.2490296677,49983.761567462
2019-03-08,2.09507670718124,2.08769683673828,2.10124686441224,58265.4873033323,58060.2481604788,58437.0835110369
2019-03-09,2.26470216082268,2.25616132967493,2.27364838351672,62982.8848485347,62745.3586104292,63231.6852972274
2019-03-10,3.41111868834209,3.39056705091992,3.42535491794863,94865.4967832461,94293.9419732577,95261.4158694274
2019-03-11,3.12898861588766,3.11152951331747,3.14028453030912,87019.2703906102,86533.7210474077,87333.4173409568
2019-03-12,1.04158106420106,1.03881976869814,1.04369852346796,28967.0674412917,28890.2739627929,29025.955402581
2019-03-13,1.4876098724113,1.48162430784053,1.49323645102914,41371.4275168037,41204.9649546902,41527.9064389812
2019-03-14,2.32148593636266,2.31182748753874,2.32842188540524,64562.0797016009,64293.4717669174,64754.9730928033
2019-03-15,2.73152170725491,2.72034323093038,2.73869026716666,75965.4492875185,75654.568369352,76164.8117428834
2019-03-16,2.75485641125729,2.74270115872482,2.76732868053836,76614.4030442556,76276.3573251314,76961.2652116162
2019-03-17,3.83293019959245,3.81842576178017,3.84823533492802,106596.357600378,106192.979464247,107022.003671242
2019-03-18,3.92408615951731,3.90853127108014,3.93734787653604,109131.465936707,108698.874064708,109500.283174724
2019-03-19,3.94537364293495,3.9328700479147,3.95141261190026,109723.485116978,109375.751759817,109891.432891094
2019-03-20,3.92650449997802,3.91897860356935,3.93305284804627,109198.721605641,108989.421382817,109380.835553985
2019-03-21,3.90727428670496,3.89565443438934,3.9200399294404,108663.91648683,108340.76060655,109018.93756657
2019-03-22,3.71567482842682,3.70599282926346,3.72480876571903,103335.407146162,103066.144260756,103589.428063633
2019-03-23,3.16523670043945,3.15736977404801,3.16688058035368,88027.3539147043,87808.5694195087,88073.0713168131
2019-03-24,3.06648318584783,3.05648447547111,3.0718406927265,85280.9524913699,85002.8816548666,85429.9483481546
2019-03-25,3.38403091851774,3.37500011094119,3.39282171427662,94112.1677507736,93861.0149398113,94356.6456722359
2019-03-26,2.45565311876566,2.44482630207016,2.46147447229198,68293.3589602701,67992.2579320618,68455.2547031866
2019-03-27,3.75685852729025,3.73947050202461,3.76984579740884,104480.753412008,103997.18077628,104841.938097803
2019-03-28,2.8940708176341,2.88537564590886,2.90235250076547,80486.0489841802,80244.2304311789,80716.3681422745
2019-03-29,2.82022933863436,2.8066532346628,2.830805396042,78432.4679661814,78054.9074163112,78726.5952105406
2019-03-30,4.29162922128095,4.2709947816534,4.30622898724655,119353.084804032,118779.22720922,119759.114079994
2019-03-31,2.52849630506386,2.51959044726611,2.53406159280065,70319.1767892039,70071.4989153289,70473.9511709036
2019-04-01,3.08425029983173,3.07616258744979,3.0917964051307,85775.0678384104,85550.1431368529,85984.930084017
2019-04-02,4.20589157551663,4.18341274290365,4.22325902667237,116968.663415748,116343.512015937,117451.663871692
2019-04-03,1.70142133445,1.69272454936383,1.70505397572996,47317.6675680732,47075.8041464231,47418.693756589
2019-04-04,3.58100618669153,3.57958622163412,3.58293508501077,99590.1819673948,99550.6917875172,99643.82592236
2019-04-05,1.95249501587378,1.94954920673501,1.953749682235,54300.1949128022,54218.2699864333,54335.088025159
2019-04-06,2.24161878568168,2.23908279527537,2.24343978203179,62340.9207158677,62270.3931231006,62391.563844758
2019-04-07,1.52137903354347,1.51921367952791,1.5224280752252,42310.5705192753,42250.3505729275,42339.74507149
2019-04-08,2.47855258129868,2.47443925457111,2.48091925151815,68930.2083600546,68815.8139870952,68996.0270449509
2019-04-09,0.80982963741996,0.808897663342522,0.811016804848238,22521.9049475466,22495.9861238635,22554.9208693419
2019-04-10,2.08204572551904,2.07841777429976,2.08448453134953,57903.0869702151,57802.1912154298,57970.9117947976
2019-04-11,2.92436189813326,2.91770610062685,2.92969183962429,81328.4642333108,81143.3620440813,81476.6934781918
2019-04-12,2.98652447328973,2.97253052191355,2.99614416421999,83057.2471084709,82668.0659422457,83324.7771601573
2019-04-13,1.41654950346318,1.41397540639082,1.41855657881328,39395.1910331825,39323.6036684939,39451.0091437687
2019-04-14,2.8325713220081,2.82777467565225,2.83572463047592,78775.7067951445,78642.3088453762,78863.4024169159
2019-04-15,3.05673394403611,3.04992707702281,3.06484400574672,85009.8195428477,84820.5160093878,85235.3657942136
2019-04-16,3.4729063015566,3.45826736562319,3.48058473583447,96583.8517155086,96176.7330964917,96797.3941187024
2019-04-17,2.80377088570694,2.7935119353663,2.80822482148344,77974.7473601588,77689.4390758514,78098.6142990381
2019-04-18,1.89857702662481,1.88948862797716,1.90395667081895,52800.699497079,52547.945039833,52950.3110074432
2019-04-19,1.67536465040752,1.66913603947146,1.68415999696238,46593.0137222068,46419.7918777899,46837.6182043549
2019-04-20,2.09220401820596,2.08301927277422,2.09873745856124,58185.5958977137,57930.1619718326,58367.2952525693
2019-04-21,4.43187717821114,4.40065171176853,4.46367670753335,123253.47447751,122385.073329087,124137.840699341
2019-04-22,4.54032084248194,4.51389940144254,4.56696625072324,126269.365457559,125534.567475155,127010.392117945
2019-04-23,2.36314587308237,2.35561036639129,2.37161054871165,65720.6704613951,65511.1029701772,65956.0787634939
2019-04-24,4.25348282597322,4.23067641838645,4.27222283056615,118292.207985607,117657.946506242,118813.380072496
2019-04-25,5.31934316850359,5.28162679936455,5.35076259059887,147934.498428702,146885.580926223,148808.293613812
2019-04-26,2.21139252359445,2.20649035626353,2.21587561286208,61500.3081102129,61363.9755514099,61624.9858272184
2019-04-27,2.24907479198206,2.24114611111577,2.25368853209273,62548.277247941,62327.7753194134,62676.588452451
2019-04-28,3.59295712135165,3.58443899112347,3.60406084179236,99922.5454695594,99685.6505592406,100231.347376497
2019-04-29,5.56228012628875,5.53417799632307,5.59077479683766,154690.738035979,153909.198968173,155483.193920477
2019-04-30,4.87011374885453,4.8342889234359,4.89454043419005,135441.127204094,134444.814800152,136120.449693528
2019-05-01,3.0690623942102,3.05750209781047,3.0785542777421,85352.6820044588,85031.1824141135,85616.6576467431
2019-05-02,2.98528831006719,2.97876110282467,2.99541678432407,83022.8685808014,82841.342572989,83304.5482377769
2019-05-03,4.57149789611804,4.54686314983767,4.59806505594235,127136.420213388,126451.311409639,127875.270732858
2019-05-04,3.65066420589496,3.62486499073802,3.67602627654689,101527.418164791,100809.924701181,102232.754346751
2019-05-05,3.60302483952461,3.5881102108451,3.62863176839288,100202.535459124,99787.749640074,100914.681312179
2019-05-06,4.63160687357159,4.59487910190513,4.66629502628455,128808.091160152,127786.667215923,129772.791934374
2019-05-07,4.20226509776697,4.17925009891857,4.22320042944108,116867.808639141,116227.746096995,117450.034243419
2019-05-08,3.83698701546187,3.81484228983786,3.86016246044403,106709.180368499,106093.320707963,107353.705025152
2019-05-09,5.12634143699419,5.08889107328024,5.16385375204204,142566.990929699,141525.471216363,143610.233551149
2019-05-10,4.99506993327188,4.96902044100528,5.02408005371642,138916.242435763,138191.788598004,139723.033327302
2019-05-11,5.70141746372849,5.66191897520361,5.74268342510805,158560.240637114,157461.761200175,159707.874678664
2019-05-12,5.08619371279766,5.04916721198445,5.1198817414978,141450.455813628,140420.724011625,142387.342468792
2019-05-13,5.35637581261098,5.32943807351991,5.38503252613494,148964.401079833,148215.2445026,149761.363488064
2019-05-14,4.53388286952159,4.50944625116536,4.56129852295697,126090.321114936,125410.722381539,126852.768810372
2019-05-15,5.00728339825419,4.98796449601305,5.03391796319945,139255.90708213,138718.63546368,139996.632183187
2019-05-16,3.1530139501171,3.14453856269829,3.16478770374915,87687.4310368079,87451.7248326633,88014.8670158387
2019-05-17,1.2506955859869,1.24749768157729,1.25410022115584,34782.6824363379,34693.7465715379,34877.3676221013
2019-05-18,2.53481727767574,2.53070761651926,2.54091066393726,70494.9672737243,70380.6748427534,70664.428429317
2019-05-19,3.33600902846833,3.32695674273037,3.34663248663653,92776.6468052326,92524.8966722071,93072.0922965099
2019-05-20,2.13654657200283,2.12784977742942,2.14655864895394,59418.7920362574,59176.9283507609,59697.2346061526
2019-05-21,3.69349276808753,3.67648839320851,3.7169195403144,102718.509182173,102245.606120811,103370.023417936
2019-05-22,4.40765509416034,4.3877703773664,4.43232213424175,122579.842086923,122026.834786562,123265.849002922
2019-05-23,5.33554567451823,5.29987874166099,5.36984333943303,148385.10097955,147393.179673557,149338.942026409
2019-05-24,3.68658130535003,3.67280448907057,3.70177074046473,102526.296771526,102143.15427786,102948.725141707
2019-05-25,3.07713955555437,3.06687734029174,3.09425868410708,85577.3132745849,85291.914190609,86053.407712518
2019-05-26,2.16244921870639,2.15751925128569,2.16851458019794,60139.1620004959,60002.056302565,60307.8437684544
2019-05-27,4.04039542571802,4.02738961775567,4.06495083554582,112366.104577788,112004.404342135,113049.006981622
2019-05-28,6.46449438032639,6.42147635878066,6.51553099417502,179781.921085903,178585.561076937,181201.283520705
2019-05-29,5.84581360534882,5.79457322026666,5.88996683225443,162575.994106852,161150.964657482,163803.924937666
2019-05-30,3.75799664597493,3.7370950059246,3.77731755871229,104512.405255373,103931.116637731,105049.732787071
2019-05-31,4.49126480369201,4.46496811730689,4.51561840450586,124905.084142479,124173.755670619,125582.374102386
2019-06-01,5.21097030397128,5.18365183462109,5.23908199664095,144920.57643683,144160.831495934,145702.381449842
2019-06-02,6.24503780255375,6.20464671470446,6.28547367931676,173678.686582834,172555.383360482,174803.235414893
2019-06-03,6.17497590367763,6.1346631876996,6.21038835469834,171730.218221068,170609.09457298,172715.062216639
2019-06-04,6.80371065734225,6.76657478298702,6.84479756369006,189215.753085373,188182.979531867,190358.407486491
2019-06-05,5.10575009011513,5.06600579951062,5.13758337613908,141994.331773102,140889.016415598,142879.636791431
2019-06-06,2.02068624551713,2.01261311871363,2.03021945106452,56196.6387095207,55972.1196426745,56461.7635447487
2019-06-07,4.41549166590796,4.39985868371142,4.43258486322466,122797.782399131,122363.018687347,123273.155672012
2019-06-08,3.09495212698467,3.08295377734289,3.10556812774683,86072.6928236748,85739.0106790937,86367.9309194923
2019-06-09,5.4157766828824,5.39150301847674,5.44374991050588,150616.379091303,149941.312216479,151394.333298584
2019-06-10,4.41186275104265,4.38811067185566,4.43600064769223,122696.859844704,122036.298604367,123368.150927243
2019-06-11,6.70328685598346,6.64801940540106,6.73889684504807,186422.899867652,184885.875027865,187413.237528609
2019-06-12,6.38465554937347,6.34259986047831,6.41865426031925,177561.549690786,176391.952797768,178507.076627414
2019-06-13,5.572884622597,5.54286651754618,5.60322963184087,154985.656185223,154150.832566253,155829.571228886
2019-06-14,5.89294833234611,5.86433571123507,5.91899634217324,163886.842453355,163091.106284676,164611.255063479
2019-06-15,4.50032377622957,4.4789568098089,4.52137439562453,125157.020239882,124562.790584029,125742.452072941
2019-06-16,4.48658946252223,4.46363572363229,4.51112408934402,124775.059771231,124136.700909586,125457.384185739
2019-06-17,4.22879625205986,4.21572115359799,4.24390275661202,117605.657820651,117242.030569769,118025.77983631
2019-06-18,5.57668133465269,5.54866705961431,5.60492605648769,155091.245291969,154312.14952857,155876.749935223
2019-06-19,4.81259999130204,4.78380513290506,4.82929608395954,133841.631062041,133040.826752308,134305.960588218
2019-06-20,3.54860627646034,3.54068233422173,3.55764776790531,98689.1187501227,98468.7486060064,98940.5686866259
2019-06-21,2.66258114357516,2.65348443508929,2.6744163398536,74048.1660090597,73795.1804496437,74377.3107492643
2019-06-22,2.91784489663817,2.9067811062135,2.93218612243184,81147.2220541743,80839.530627743,81546.061154686
2019-06-23,3.27158154909019,3.26219721215981,3.2848798100394,90984.8754257764,90723.8907265561,91354.7089749904
2019-06-24,4.06533794777444,4.04962258032824,4.08374936624428,113059.772832134,112622.717931344,113571.806718728
2019-06-25,5.54141319625823,5.50363072293146,5.56689103353527,154110.41472725,153059.658823009,154818.970456638
2019-06-26,5.65670071852366,5.62681621466574,5.69023771009343,157316.63798474,156485.529904481,158249.324196086
2019-06-27,3.04585137946735,3.03126544749191,3.05832366517496,84707.1681289232,84301.5235854994,85054.030753117
2019-06-28,5.63989202680968,5.60938726429091,5.66492591632701,156849.17700334,156000.819114039,157545.386248006
2019-06-29,6.01275283402123,5.97299803843562,6.04497450147273,167218.685935413,166113.078427344,168114.792101527
2019-06-30,6.22259452418168,6.18506040181664,6.25299953562043,173054.523970291,172010.674872734,173900.107715205
2019-07-01,6.07769800609485,6.03577595433056,6.1082019990831,169024.854695678,167858.97434083,169873.191183819
2019-07-02,3.78124698188926,3.76243171570542,3.80057945784873,105159.01267904,104635.747516869,105696.661791694
2019-07-03,3.88835450229157,3.87427505675156,3.90444290577575,108137.744602649,107746.185786432,108585.173885656
2019-07-04,3.14227385156438,3.12663020538377,3.15716590313161,87388.7416982673,86953.6814139396,87802.8996326936
2019-07-05,5.19129736258104,5.16736789662376,5.2215602855689,144373.458752373,143707.964267073,145215.090922244
2019-07-06,4.74738857523155,4.70842442802565,4.77708357765792,132028.057877792,130944.438831039,132853.895796239
2019-07-07,4.82724295303691,4.803325414083,4.85195911876363,134248.861641294,133583.698853951,134936.234774412
2019-07-08,5.21456864886907,5.18675290661944,5.24021652612119,145020.648819973,144247.074386482,145733.933475026
2019-07-09,5.51745584769506,5.48527313141018,5.54436025103995,153444.144807994,152549.121899927,154192.374295784
2019-07-10,3.8823477232173,3.86620531947893,3.90410685096437,107970.692050976,107521.760984711,108575.827976135
2019-07-11,4.02403486393696,4.00257123730427,4.04440605885747,111911.10639015,111314.188549021,112477.642973239
2019-07-12,5.19514325075295,5.16052600425723,5.22327389151473,144480.415479868,143517.686655067,145262.74745202
2019-07-13,4.98695232209761,4.95559971838074,5.01487648827241,138690.486228753,137818.549307528,139467.076004267
2019-07-14,5.15047001121315,5.12153442571682,5.18053265746586,143238.022749194,142433.304724517,144074.085088839
2019-07-15,3.99414731411198,3.97316723242652,4.01909927508708,111079.913599506,110496.443467422,111773.844356507
2019-07-16,3.82104913218022,3.80416171160974,3.83889701967306,106265.9371532,105796.286669539,106762.298865657
2019-07-17,2.05689381290234,2.04692070493308,2.06575721380524,57203.5954240584,56926.2366076647,57450.0925432342
2019-07-18,4.50068458431944,4.47113056380709,4.52151495922521,125167.054554668,124345.137437732,125746.361240879
2019-07-19,4.7147394295656,4.68802808368544,4.73428384864378,131120.063256047,130377.202825734,131663.606648872
2019-07-20,5.0720080403656,5.03882806313545,5.10313130992848,141055.942756351,140133.185353053,141921.50174106
2019-07-21,6.50342633284488,6.44819602791814,6.55304707336265,180864.644776823,179328.652982614,182244.630825405
2019-07-22,3.26826488731761,3.24142201953415,3.29504651658837,90892.6368391235,90146.1186965366,91637.4518976315
2019-07-23,5.61534293432231,5.57522785317585,5.65988332139081,156166.450288977,155050.822998005,157405.148303389
2019-07-24,4.87029142028923,4.84652863428698,4.88541992896833,135446.068365764,134785.209361719,135866.80233094
2019-07-25,6.3495960067517,6.31016002816018,6.39063415250946,176586.520314302,175489.779320503,177727.818650733
2019-07-26,6.42975681266731,6.39072050799008,6.47139577743746,178815.846048912,177730.220254523,179973.853564733
2019-07-27,5.11949301650033,5.08570088401467,5.15001441356235,142376.531766096,141436.749914889,143225.352273194
2019-07-28,6.03828010111082,5.99126848713781,6.07367505679045,167928.616341016,166621.191850225,168912.973779426
2019-07-29,6.19907407747724,6.15252779046902,6.23512504591481,172400.404584528,171105.921148481,173403.006177383
2019-07-30,6.10036537470658,6.05690616408648,6.13686324515918,169655.249407967,168446.619635167,170670.279645363
2019-07-31,6.19246802531957,6.15279950679265,6.22849520983475,172216.685846785,171113.477761539,173218.625992819
2019-08-01,6.18518986504654,6.14161501331291,6.22312087983977,172014.275331921,170802.429502254,173069.162273895
2019-08-02,5.70209849693676,5.66154639568658,5.74267960912704,158579.18062705,157451.399514112,159707.768553675
2019-08-03,5.86662465958954,5.83172481233132,5.89841635250036,163154.763472419,162184.17533102,164038.911758397
2019-08-04,6.0796530727186,6.02810641392884,6.1202402100371,169079.226408729,167645.679282292,170207.981898208
2019-08-05,5.9941366623821,5.95097052918204,6.03886742963368,166700.95772596,165500.478632626,167944.950340852
2019-08-06,5.70286611154388,5.6602496070394,5.74551688243608,158600.528503713,157415.334952753,159786.675025881
2019-08-07,5.8173806766477,5.76224865626871,5.86151336194829,161785.255304519,160251.996869451,163012.614859532
2019-08-08,5.02036713051481,4.99120991348787,5.05207142406241,139619.774444742,138808.892698665,140501.492095856
2019-08-09,1.05272512369693,1.0478612248585,1.05549298893151,29276.9912043874,29141.7229180076,29353.9673915267
2019-08-10,3.35520760414763,3.34782647716571,3.36368313211674,93310.572061358,93105.2979733138,93546.2821743008
2019-08-11,2.14847897039939,2.1447170868593,2.1525007372675,59750.6400325099,59646.0195301242,59862.4880644161
2019-08-12,2.31040095731978,2.30316643379897,2.32092648083317,64253.7990054972,64052.602057957,64546.5208683906
2019-08-13,5.0182384410146,4.98492659382913,5.04757138726313,139560.574163138,138634.149368006,140376.343056637
2019-08-14,3.72036098207047,3.70512473786159,3.74226341767303,103465.732219554,103042.002057093,104074.853632216
2019-08-15,4.90841939812467,4.88147845807602,4.94050622568906,136506.432981942,135757.187383934,137398.789160429
2019-08-16,3.06522730915233,3.04843157350879,3.08303801044166,85246.0257188057,84778.9250544079,85741.3532580217
2019-08-17,3.54732892784487,3.5318295540663,3.57211837610524,98653.5948290741,98222.5468569356,99343.0059985652
2019-08-18,5.34306666353316,5.29911425134899,5.38453382656443,148594.264724465,147371.918685635,149747.494318791
2019-08-19,5.26278862039426,5.22065616453165,5.30222522210026,146361.678544105,145189.946710275,147458.436867136
2019-08-20,5.46760592950369,5.41608534540314,5.5160575007077,152057.785174719,150624.963202864,153405.255841133
2019-08-21,4.92018498125251,4.88236909206003,4.96335593866377,136833.641733775,135781.956511913,138034.254991655
2019-08-22,3.11163337604281,3.10007551638736,3.12426703211552,86536.6095394061,86215.1777165521,86887.9599816004
2019-08-23,3.72432421054778,3.70630963988868,3.74813654577834,103575.952259581,103074.954976563,104238.189260873
2019-08-24,3.40367835436343,3.38510248444285,3.42621391464554,94658.5761089431,94141.968717292,95285.3051432501
2019-08-25,2.93740915103806,2.92500404429471,2.95138881847513,81691.3170805895,81346.3227484139,82080.1010008954
2019-08-26,5.03570265615968,5.00333458599734,5.06586504765301,140046.265690475,139146.087966856,140885.102012109
2019-08-27,5.04598151464808,5.01530501661179,5.08216693771136,140332.127633713,139478.993664576,141338.468499817
2019-08-28,5.07997062809244,5.03895241097129,5.1251755762121,141277.387657394,140136.643549703,142534.567560014
2019-08-29,3.30009662178291,3.26919393568081,3.32692494239365,91777.8987075665,90918.474296733,92524.0122835312
2019-08-30,2.63919406791732,2.62638057906537,2.65739563584217,73397.7557614859,73041.4040491806,73903.9535637864
2019-08-31,3.79960414761843,3.77632157069185,3.82420708063385,105669.537760557,105022.033692732,106353.761816087
2019-09-01,4.36277787611952,4.33249514198853,4.39509952805179,121331.776577434,120489.593446396,122230.663378966
2019-09-02,4.51765918159762,4.48531974928737,4.54528860776752,125639.129480994,124739.748195235,126407.522339443
2019-09-03,4.55182233228032,4.52073103254874,4.58760388042493,126589.22959691,125724.559714635,127584.338430857
2019-09-04,4.81003270832795,4.78673039554534,4.84204926648253,133770.233201992,133122.180266784,134660.635141099
2019-09-05,4.71028151245098,4.68334578591099,4.75021470690417,130996.085593487,130246.984986649,132106.654493622
2019-09-06,0.826872104192482,0.823774693983749,0.83259957393099,22995.8673699955,22909.7263162711,23155.152141854
2019-09-07,3.4518149674792,3.4350845429637,3.47827453455571,95997.2875798447,95532.0032616879,96733.1458728914
2019-09-08,2.32105693645838,2.3119105401165,2.33601339537034,64550.1489267562,64295.781514765,64966.0980726039
2019-09-09,1.49638887287119,1.49346331731426,1.49828379904313,41615.5774030959,41534.2157424115,41668.2765698773
2019-09-10,2.52809247921288,2.52186102767325,2.53989621702184,70307.9461216528,70134.6452781468,70636.2159807381
2019-09-11,3.12370827702672,3.10897194632088,3.1437560833796,86872.4206281148,86462.5933952045,87429.9635584094
2019-09-12,3.47337472962825,3.45271587601377,3.49739988968107,96596.879014112,96022.3424499613,97265.034816341
2019-09-13,2.55732007960419,2.54515006393571,2.57251236769573,71120.785276262,70782.3289844314,71543.2929896417
2019-09-14,2.08667151999591,2.07753009945633,2.09581354720863,58031.7334147275,57777.5043831329,58285.9793183089
2019-09-15,3.99856758739225,3.97131938162322,4.02805268450883,111202.844361806,110445.053498191,112022.844672913
2019-09-16,3.42888721563852,3.41283466110163,3.45025095977932,95359.6514354553,94913.2191356981,95953.791477546
2019-09-17,2.06733456449708,2.05993421454867,2.07839630573586,57493.9597230815,57288.1510314565,57801.5941602798
2019-09-18,1.16222319854962,1.15903014732712,1.16518970014419,32322.206049362,32233.4051549481,32404.7064467945
2019-09-19,2.19887840501409,2.18899965560001,2.21118920250451,61152.2820857925,60877.5474440552,61494.65361444
2019-09-20,1.60679471771219,1.59933014159524,1.61443722819352,44686.0379398138,44478.4430753985,44898.5812781504
2019-09-21,1.91073758880818,1.90575891344709,1.92103022106427,53138.892881153,53000.4325827571,53425.1378821019
2019-09-22,3.22038532557177,3.19633162459992,3.24321624120518,89561.0741390899,88892.1245947753,90196.0172036577
2019-09-23,1.30434489274741,1.29970990015878,1.3083263073198,36274.7056119917,36145.8033618267,36385.4314195108
2019-09-24,2.46371819284541,2.45281974124513,2.47731265322049,68517.6540754721,68214.5608325538,68895.7251292262
2019-09-25,3.35880883082667,3.33543884041541,3.37885812855198,93410.7245887689,92760.7894933527,93968.3089951303
2019-09-26,1.95740539262192,1.94764808947267,1.96872530681004,54436.7557809999,54165.3986412786,54751.5701809414
2019-09-27,2.01209052397029,2.00543511072717,2.02189751548618,55957.5859326303,55772.4944300201,56230.324939128
2019-09-28,1.14674574641031,1.14387774587591,1.15041876587734,31891.767732703,31812.0067157673,31993.9168656619
2019-09-29,0.621698981202574,0.620597821504373,0.623009130193822,17289.8653169073,17259.2413277261,17326.3014383884
2019-09-30,1.89638829311242,1.88800587430269,1.90518677073135,52739.829351256,52506.7086664354,52984.5209103942
2019-10-01,2.61775905926401,2.60335032223293,2.63198000362666,72801.6338055424,72400.9171722737,73197.1277988475
2019-10-02,2.78300679968553,2.76793195149414,2.79901445392408,77397.2842122468,76978.0425811961,77842.4678046162
2019-10-03,1.70683606908304,1.69750460059953,1.71628699842503,47468.2549670601,47208.7405747783,47731.0916458761
2019-10-04,1.80033302860199,1.79338721375776,1.80885952598803,50068.46807099,49875.3003052323,50305.5956775764
2019-10-05,1.60124488536513,1.59781812195441,1.6060245083795,44531.6933828605,44436.392795863,44664.6179020936
2019-10-06,2.95957019363159,2.94592773254969,2.97809007830893,82307.6305269832,81928.2245414032,82822.6809314996
2019-10-07,1.4415520721625,1.43138257854015,1.44929180580689,40090.5292249095,39807.7087918899,40305.7764045676
2019-10-08,1.58821965665577,1.5740941776379,1.59631699505818,44169.4530432171,43776.6140051292,44394.645450855
2019-10-09,1.62977718206186,1.6260555571836,1.63577658642974,45325.1956757453,45221.6947937258,45492.0431318916
2019-10-10,2.52574680240264,2.51200386386965,2.5428080333911,70242.7112775363,69860.5109467037,70717.1955454057
2019-10-11,3.00843197458298,2.9916351030513,3.02991758070551,83666.5094013859,83199.3771471776,84264.0385068576
2019-10-12,2.92057031063384,2.90283632907048,2.94092142421691,81223.0176439093,80729.8237316885,81788.9957515456
2019-10-13,1.72041907252029,1.71426312947961,1.73055845426904,47846.0073956949,47674.8064941493,48127.9903973293
2019-10-14,2.02207219656768,2.01491877550467,2.03071978361095,56235.1829370722,56036.2415032363,56475.6781281774
2019-10-15,2.09851607565523,2.08874311037946,2.1121318241684,58361.138445587,58089.3457316305,58739.8015367281
2019-10-16,2.31415775015901,2.30572481113601,2.3316328972586,64358.2779320804,64123.7522462713,64844.2734843982
2019-10-17,1.10691017771258,1.10474582772312,1.11019899648593,30783.9138702535,30723.7218465445,30875.378124438
2019-10-18,1.03464447251331,1.03314177322735,1.03669085585275,28774.1561776967,28732.3651034765,28831.0674698098
2019-10-19,0.902605522073263,0.900701213726999,0.905742991851711,25102.0644762139,25049.1043848766,25189.3196134192
2019-10-20,0.903436707807495,0.900914794559142,0.906366846019515,25125.1803085262,25055.0442109559,25206.6694159198
2019-10-21,0.724162182189345,0.722512915705615,0.72564748595193,20139.4356050452,20093.5683988287,20180.7428981022
2019-10-22,1.72533026476618,1.71925153502222,1.73222453167626,47982.5909434316,47813.5373954142,48174.3251265944
2019-10-23,2.1239658911351,2.11890881477467,2.13207127313047,59068.9148700166,58928.274187286,59294.3309753654
2019-10-24,1.31242433517869,1.3079523101778,1.31775131399773,36499.400320679,36375.0303083466,36647.5471716665
2019-10-25,1.77262752701986,1.76465767232072,1.78319680123492,49297.9595043429,49076.3125039298,49591.8981035704
2019-10-26,1.76599498373187,1.75990772388156,1.77163992310154,49113.5040305122,48944.2132545206,49270.493577503
2019-10-27,1.47141742809423,1.46784732103996,1.47725777941002,40921.1047885082,40821.817718718,41083.5288726817
2019-10-28,0.742116316460374,0.739161896858991,0.745387983364412,20638.7521116081,20556.5877225033,20729.7393608121
2019-10-29,2.29498948025782,2.28767004173482,2.30859941119269,63825.1954999543,63621.6370092949,64203.6968003444
2019-10-30,2.03644935370065,2.02386228508815,2.04869268699519,56635.0213122102,56284.9664985061,56975.5166163574
2019-10-31,1.26419952986805,1.26022512685444,1.27091551254216,35158.2361657336,35047.7053543633,35345.0121448119
2019-11-01,2.05991098396682,2.04915227776072,2.06826409888396,57287.5049734065,56988.2981435548,57519.8106973353
2019-11-02,1.68039542617701,1.6730386535261,1.68748203558529,46732.9229678771,46528.3261901,46930.0063248188
2019-11-03,1.58426888720633,1.57883891159522,1.59048824803991,44059.5794971051,43908.5682363038,44232.5440899726
2019-11-04,1.18313184563792,1.17938447404012,1.18693678693652,32903.689537426,32799.4726218812,33009.5075049322
2019-11-05,1.43415876259629,1.42306907923197,1.44243630840271,39884.9163310317,39576.5048045959,40115.1204273463
2019-11-06,1.87271343307819,1.86523876450484,1.88593927297906,52081.4156273076,51873.540084916,52449.2350986322
2019-11-07,1.73768719068845,1.72737899820733,1.7483666996206,48326.2453346834,48039.5675934482,48623.24963527
2019-11-08,1.46130464111553,1.45624877944092,1.46778531520969,40639.861405252,40499.2545037485,40820.0932950229
2019-11-09,0.908773192561753,0.907505746658306,0.911396356663302,25273.5915259427,25238.343005952,25346.5434775965
2019-11-10,1.0408901013636,1.03519967545892,1.04879266501667,28947.8513017131,28789.5967436993,29167.626893038
2019-11-11,1.54489322155326,1.53528911302906,1.55483769825013,42964.5158465451,42697.4191520143,43241.0784080653
2019-11-12,0.299641069335287,0.298571751518813,0.300615978757035,8333.21895139651,8303.48050628591,8360.33183577924
2019-11-13,0.783845022258619,0.78233555623314,0.78665851797848,21799.2553855638,21757.2761237826,21877.5005870791
2019-11-14,0.622874351638494,0.621815734716473,0.624819627541483,17322.5531564389,17293.1123103746,17376.6525829843
2019-11-15,0.615685255533732,0.613516834389976,0.617571152201173,17122.6195757835,17062.3143305451,17175.0676259936
2019-11-16,0.974987163812939,0.973098554452201,0.976661851018483,27115.0464416578,27062.5229496291,27161.6206151843
2019-11-17,0.447170693282878,0.446534128512003,0.447441043540863,12436.1166646496,12418.4133717592,12443.6352865073
2019-11-18,0.69938629552354,0.698357744483527,0.699954613806265,19450.4015925877,19421.7968988516,19466.2069049053
2019-11-19,0.171324636192953,0.17062209527359,0.171742131378018,4764.65295071652,4745.11481692078,4776.26377160972
2019-11-20,1.33816747856754,1.33381688086289,1.34410118895216,37215.3343908396,37094.3413529938,37380.3548532848
2019-11-21,0.98074675367812,0.977053917755872,0.986728566559028,27275.2244957652,27172.524253906,27441.5827208692
2019-11-22,1.09905153703997,1.09448191861895,1.10540523219055,30565.3598064515,30438.2756557001,30742.0603267029
2019-11-23,0.443052028825801,0.441690435571416,0.444078745575297,12321.5738458555,12283.7070249397,12350.127526743
2019-11-24,0.965463165138789,0.961301595931311,0.967174370985264,26850.1776557448,26734.4416270881,26897.7674371497
2019-11-25,0.913834224177357,0.911633132729889,0.917078341231338,25414.3422069702,25353.1283786906,25504.5632763809
2019-11-26,0.673099415493888,0.671606325333881,0.675750539179461,18719.3458420455,18677.8220040579,18793.075368469
2019-11-27,0.464865344143595,0.463973775126486,0.465647194808285,12928.2167636713,12903.4216317946,12949.9605546363
2019-11-28,1.23276319259007,1.22629095937769,1.23661257236442,34283.9705580567,34103.9734148651,34391.0243893553
2019-11-29,0.687106310231532,0.68296340217801,0.690880715063831,19108.8869718275,18993.6699223687,19213.855699741
2019-11-30,0.914335121625103,0.911250580174449,0.919912699199053,25428.272500683,25342.4893357451,25583.3886709905
2019-12-01,0.703862306066824,0.698963805391003,0.707606370734964,19574.8824455252,19438.6518588578,19679.0073931401
2019-12-02,0.385808994483349,0.384660191012756,0.386582321118936,10729.6066977066,10697.6577032854,10751.1134297096
2019-12-03,0.370048191645305,0.369258610365309,0.370617245780655,10291.28820822,10269.3294236624,10307.1139850922
2019-12-04,0.402221267950822,0.401702281031099,0.402711176412086,11186.0430219997,11171.609647948,11199.6677046339
2019-12-05,0.54328867179501,0.541585215831351,0.544349795589878,15109.2220633323,15061.8478113624,15138.7326272106
2019-12-06,0.374203290738394,0.373707035801206,0.37469733184944,10406.8442986593,10393.0431162764,10420.5839130536
2019-12-07,0.183977213414653,0.183736624598338,0.184300139784322,5116.5296027448,5109.83866652549,5125.51040150379
2019-12-08,0.868921187537503,0.86550624954325,0.874480991127876,24165.2805582374,24070.3088439971,24319.9024221498
2019-12-09,0.406894106331197,0.405764336627382,0.408248211609191,11315.9977889966,11284.5781363854,11353.6563642706
2019-12-10,0.555221156586302,0.553019186947729,0.556707619994832,15441.0724622801,15379.8342109173,15482.412005868
2019-12-11,0.554562412699388,0.554151196546171,0.555068159156371,15422.7523533086,15411.3161564992,15436.817501218
2019-12-12,0.557550864900779,0.555799150219167,0.558659862510023,15505.8632118275,15457.1468525693,15536.7051785676
2019-12-13,0.429436859253555,0.427692203054445,0.430591696951125,11942.9268554492,11894.4067973198,11975.0436657667
2019-12-14,0.532867091385198,0.53099624512052,0.534986986507125,14819.3909278101,14767.3614393873,14878.3466318603
2019-12-15,0.691861495958354,0.690121234532426,0.693682001836643,19241.1318737165,19192.7340371746,19291.7613622567
2019-12-16,0.638078237611433,0.63615697257003,0.639621227361202,17745.383414673,17691.9517462799,17788.2949936935
2019-12-17,0.594728933206532,0.593201761480576,0.595637846883593,16539.8102073749,16497.3385381974,16565.0877058689
2019-12-18,0.807081292099296,0.80324821690607,0.810586039962086,22445.4716222954,22338.8712323249,22542.9410091684
2019-12-19,0.368247878855492,0.365357314943674,0.370156282057554,10241.2203030033,10160.8317834201,10294.2942750246
2019-12-20,0.256332738681084,0.256057264577974,0.256453747738809,7128.78525156505,7121.12413214059,7132.15059455813
2019-12-21,0.249949075973157,0.249654607202127,0.2501567989936,6951.25131346027,6943.06193959113,6957.02822987043
2019-12-22,0.636039529962442,0.633267627334676,0.638021453758338,17688.6855886553,17611.5971189059,17743.804217663
2019-12-23,0.420037978888597,0.418581723360684,0.42162375057636,11681.5376935665,11641.0382513833,11725.6390669543
2019-12-24,0.373999763223343,0.373043051797747,0.375419374660119,10401.1840620659,10374.5772761521,10440.6644075166
2019-12-25,0.627425133051286,0.625518931148681,0.630004592271122,17449.1134373673,17396.1006849591,17520.8499269705
2019-12-26,0.412600316539249,0.411020364136014,0.414277825565721,11474.6913190653,11430.7517838803,11521.343969323
2019-12-27,0.575352074800524,0.573827660349614,0.57652232601962,16000.9267891382,15958.5318016277,16033.4722598192
2019-12-28,0.45854488376146,0.457252603620632,0.459990779180271,12752.4405246037,12716.5013478281,12792.6518452097
2019-12-29,0.521229560229055,0.519725966971138,0.523046378897272,14495.7433871276,14453.9274509481,14546.2703318846
2019-12-30,0.510596606146544,0.508658789286787,0.512058484291221,14200.0338081094,14146.1418225552,14240.689619033
2019-12-31,0.244763406746404,0.244178137674076,0.245363047474182,6807.03437693714,6790.7576518006,6823.71078744332
2020-01-01,0.29203775822218,0.2918011850248,0.29221130541809,8121.76577376078,8115.18651459524,8126.59223758675
2020-01-02,0.586290576528564,0.584955158962875,0.587781543230295,16305.1338529503,16267.9949954795,16346.5986361402
2020-01-03,0.314702014970411,0.313839782807768,0.31553029777098,8752.0739430403,8728.09468874723,8775.10904282195
2020-01-04,0.542476410749215,0.54154454547595,0.543857165260656,15086.6325392884,15060.7167415223,15125.0322476044
2020-01-05,0.530998690537192,0.530510675470771,0.531672428368714,14767.4294480638,14753.8574220092,14786.1665486835
2020-01-06,0.411451859382006,0.410514213161906,0.412755436157831,11442.7519558504,11416.6753860785,11479.005299616
2020-01-07,0.270893478087776,0.270582257839987,0.271082600090996,7533.7291727684,7525.07392910408,7538.98878242357
2020-01-08,0.517282965665585,0.515054564983744,0.518233444079774,14385.9859473923,14324.0126310027,14412.4193890817
2020-01-09,0.906324830223449,0.901148841276479,0.90983703680433,25205.5009284731,25061.5532070183,25303.1777472949
2020-01-10,0.462146267237932,0.459364771898036,0.46436975291517,12852.5974126563,12775.2421631538,12914.434039474
2020-01-11,0.594034387603805,0.592605226472794,0.595000318141646,16520.4944286931,16480.7484998457,16547.3576042969
2020-01-12,0.464765630140033,0.461140182072927,0.468131703519373,12925.443650406,12824.6175099603,13019.0564069575
2020-01-13,0.6406789421739,0.637667460945611,0.644519695493578,17817.710751493,17733.9594403025,17924.5246753059
2020-01-14,0.580174531110238,0.576930486973341,0.582283576236325,16135.0425310208,16044.8234894831,16193.6964894153
2020-01-15,1.07690605444711,1.07257668148227,1.08386572964857,29949.4790941046,29829.0763304971,30143.032325686
2020-01-16,0.807722439288199,0.800221208515442,0.814520341764353,22463.3023553022,22254.6881003438,22652.3565789762
2020-01-17,0.970430743119393,0.966568141498108,0.972228111252183,26988.3293285524,26880.9077888295,27038.3153408838
2020-01-18,0.623234135306051,0.61989060114278,0.62551456629941,17332.5589813532,17239.5730555059,17395.9792955757
2020-01-19,0.840747926683887,0.838873853087836,0.843678087933016,23381.7632927677,23329.6440500966,23463.2530408388
2020-01-20,0.857460150959574,0.855180775209499,0.861901034670018,23846.541450058,23783.1504828584,23970.0454022329
2020-01-21,0.455603609195641,0.453757466768776,0.457464835297894,12670.6417077475,12619.2992496104,12722.403653006
2020-01-22,0.71989895268385,0.718749836448918,0.720793744947654,20020.8723353701,19988.9146427629,20045.7571078975
2020-01-23,0.523981738024543,0.522212304752978,0.52515317500322,14572.2832960721,14523.0741709527,14604.8617435217
2020-01-24,0.514599389250158,0.514104697287877,0.514978325946173,14311.3538888025,14297.5961737992,14321.8923722741
2020-01-25,0.690784746538517,0.688439494879656,0.69221786003239,19211.1867507359,19145.9637303643,19251.0425974432
2020-01-26,0.587046157569938,0.585454540484066,0.588863077292691,16326.1470680855,16281.8831302589,16376.6768232369
2020-01-27,0.73688509852684,0.735805450827049,0.738100018661796,20493.2684350236,20463.242708935,20527.0561781908
2020-01-28,0.776162505411181,0.774213018956378,0.778495812615355,21585.5994433743,21531.3829185611,21650.4902804561
2020-01-29,0.460219999658719,0.458392184928214,0.460987345921294,12799.0266203341,12748.1938677156,12820.3670341558
2020-01-30,1.06583147998495,1.06160782813414,1.06924272855338,29641.4877563634,29524.0251677893,29736.3568651991
2020-01-31,0.526927759338146,0.524514803238965,0.527698821997251,14654.2141231653,14587.1081969344,14675.6578924651
2020-02-01,0.391725157032248,0.390128076600544,0.39210610940789,10894.13914308,10849.7232659444,10904.7336839529
2020-02-02,1.91445867307677,1.90512606688603,1.92559847168809,53242.3787284554,52982.8326957735,53552.1839934964
2020-02-03,1.71634301615118,1.70838187966875,1.72518479417545,47732.6495363822,47511.2449954185,47978.5453088119
2020-02-04,1.15206794697369,1.14503961061486,1.15649517876989,32039.7816971982,31844.3189528149,32162.9059804886
2020-02-05,0.775996862047562,0.773605270135963,0.777964645669763,21580.9927904213,21514.4810165648,21635.7181717222
2020-02-06,1.16154529586943,1.16007459498528,1.16392809434537,32303.3531215098,32262.4519442886,32369.6203440273
2020-02-07,1.45242530282313,1.44751175144425,1.45770149659905,40392.9210565935,40256.2718997875,40539.6555414966
2020-02-08,0.566570074224892,0.56300968700875,0.568624107462163,15756.6934676167,15657.6767130387,15813.8175085153
2020-02-09,0.920084683855609,0.914780823869531,0.924356653609137,25588.1716795498,25440.6677788009,25706.9780213803
2020-02-10,1.54736950467727,1.54310327244492,1.5527501364889,43033.3829397768,42914.7361622554,43183.0219164452
2020-02-11,0.733084349895977,0.731279529514638,0.73498107184644,20387.567068417,20337.373804059,20440.3161770027
2020-02-12,1.35654385902394,1.35072793821112,1.36129912533782,37726.3938467983,37564.6491912851,37858.6409898674
2020-02-13,1.9833936821548,1.97371991907958,1.98819135604099,55159.5075297179,54890.4736954422,55292.9340557934
2020-02-14,1.16827542938757,1.1672008777834,1.16937395202596,32490.5226450443,32460.6386447901,32521.0732958246
2020-02-15,0.946611286531854,0.944801130439049,0.94791996953527,26325.8942775509,26275.5526234812,26362.2896289279
2020-02-16,1.05111636471014,1.0450072578356,1.05315213467311,29232.2505388082,29062.3521824316,29288.8666658091
2020-02-17,1.52720124563005,1.52165542354291,1.53405381593104,42472.4901393279,42318.2571103906,42663.0647118478
2020-02-18,1.70193437335218,1.69439075009538,1.71004142492311,47331.9355237707,47122.1423054205,47557.3980611349
2020-02-19,2.51061731040127,2.49675994473905,2.52661679231842,69821.9499655088,69436.5673395256,70266.9062801431
2020-02-20,2.71622454326042,2.7023623501625,2.73053742267678,75540.0249049922,75154.5080247869,75938.0756737536
2020-02-21,2.68326725679925,2.67287618579288,2.69543779337468,74623.4606812223,74334.4780326565,74961.9314598242
2020-02-22,1.9705991537236,1.9650643168862,1.97821404903546,54803.6831194206,54649.7555976407,55015.4584613872
2020-02-23,0.907773393822243,0.904218890134834,0.910401849259049,25245.7864529527,25146.9333232517,25318.8855601861
2020-02-24,1.26973395066954,1.26555526871994,1.27253909060986,35312.1521172762,35195.9401717927,35390.1649389626
2020-02-25,1.7848885992822,1.77655295016917,1.79003523581149,49638.9481410732,49407.1281528618,49782.0795521209
2020-02-26,0.927776310235285,0.924052695412578,0.930170308080663,25802.0809639359,25698.5247402276,25868.6596484232
2020-02-27,1.47261450273385,1.46935077515005,1.475781395008,40954.3962364904,40863.6297851031,41042.4696330196
2020-02-28,2.72138885969342,2.71522496750048,2.72832778933468,75683.6480060108,75512.2260332133,75876.6242896598
2020-02-29,1.66819330724431,1.66147281481871,1.67215715561555,46393.5738627535,46206.6724644641,46503.811142446
2020-03-01,1.91551742836094,1.90745075060441,1.92142708959459,53271.8234224639,53047.4837079361,53436.1750619031
2020-03-02,1.5470005149713,1.54241808546645,1.55082056846745,43023.1210887647,42895.6806531864,43129.3593366127
2020-03-03,2.80631358182739,2.80324786328536,2.80917390544857,78045.4614433302,77960.2017560961,78125.0089601643
2020-03-04,2.43408671899262,2.41573939277305,2.44397562663012,67693.5829292314,67183.3314910707,67968.6000779695
2020-03-05,2.16317756337972,2.14760088290145,2.17708877941338,60159.4177539826,59726.2198307161,60546.297994885
2020-03-06,1.53974857514794,1.53340607845047,1.54358806822426,42821.4397821785,42645.0506984131,42928.2186577789
2020-03-07,1.05540458653684,1.05127420081646,1.05789643547902,29351.5088616856,29236.6400667035,29420.8088507526
2020-03-08,1.87769850149921,1.87047197591356,1.88510530394171,52220.0537209848,52019.0792013816,52426.0418607949
2020-03-09,2.86792451812952,2.85594929293118,2.88100249472635,79758.9028722543,79425.863833943,80122.6101659987
2020-03-10,1.97940879278814,1.96083120414038,1.98896144761133,55048.6850858414,54532.0298952357,55314.3508184641
2020-03-11,1.83219436643006,1.81848065553848,1.83768941035672,50954.5532287916,50573.1657382542,51107.3740830554
2020-03-12,2.81662951253093,2.8046630276276,2.82721081795804,78332.3543897168,77999.5584248673,78626.6275850146
2020-03-13,1.46580728242238,1.46085406727657,1.47051931354134,40765.0828775716,40627.3306448254,40896.1276208946
2020-03-14,2.17955581036406,2.17344609090938,2.18833800270528,60614.9077789759,60444.992386335,60859.146433627
2020-03-15,3.55860351824664,3.53389115125429,3.58349637658929,98967.1487441422,98279.881256373,99659.4358173248
2020-03-16,3.730947169041,3.69569505714632,3.76205225191208,103760.141173846,102779.756316827,104625.194374467
2020-03-17,3.59443623804486,3.57489755934457,3.61374683122998,99963.6806960707,99420.2969470013,100500.721234105
2020-03-18,3.87215379076729,3.85405247096417,3.89420388841609,107687.191957781,107183.78212293,108300.419950909
2020-03-19,3.44833847407469,3.43562602396103,3.46114535040414,95900.6039683921,95547.0622111128,96256.7717820151
2020-03-20,4.00676227692239,3.97886208227118,4.03711461826953,111430.744169548,110654.821058171,112274.863123917
2020-03-21,3.93246014249854,3.90490664779869,3.94858276723583,109364.352015484,108598.070862104,109812.733014474
2020-03-22,3.77212975124838,3.7518901833415,3.79133500953731,104905.456384739,104342.580437114,105439.567488717
2020-03-23,2.38517997959144,2.37620444449041,2.39126165219077,66333.45373021,66083.8380838343,66502.5891210072
2020-03-24,2.53248752444284,2.52318882937015,2.5383580119537,70430.1752749651,70171.5723332028,70593.4374669202
2020-03-25,2.56425517032934,2.55433743126681,2.57519580527674,71313.6547970812,71037.8358270908,71617.9211871533
2020-03-26,2.74737980173584,2.73914677198322,2.75618179800523,76406.4735227967,76177.5074477716,76651.2629379622
2020-03-27,1.67118528757723,1.66426200265951,1.67669269412484,46476.7828409748,46284.241647572,46629.9475080126
2020-03-28,1.77998905578084,1.77670573715913,1.78336875978124,49502.6885527285,49411.3772614473,49596.6803859866
2020-03-29,2.15864186712901,2.15492044564155,2.16074209630472,60033.2770015214,59929.7817759365,60091.6857824276
2020-03-30,1.1449374217807,1.14125770467861,1.14700281360314,31841.477012852,31739.1416141734,31898.9169436167
2020-03-31,1.85151357886713,1.8410276442668,1.85889181629891,51491.8334739988,51200.2126053093,51697.027201717
2020-04-01,2.05814199841949,2.04751568097375,2.06674987033673,57238.3082997983,56942.7832900964,57477.6989866325
2020-04-02,2.72095342694988,2.70372225350543,2.73632421448761,75671.538329595,75192.3278481326,76099.0102321999
2020-04-03,2.54141457014916,2.5272979281936,2.55162569391902,70678.4423987776,70285.849125315,70962.420594099
2020-04-04,2.89831569855862,2.88682857042892,2.9112355412774,80604.1019675217,80284.6372358014,80963.4114521395
2020-04-05,1.82371677716684,1.81152070200415,1.83165656212263,50718.7857898781,50379.6047660491,50939.5965305767
2020-04-06,3.28205254412308,3.27488586265339,3.28676498797742,91276.0808150831,91076.7706004509,91407.1370368537
2020-04-07,3.78241535685288,3.7630286587551,3.79334794788006,105191.505969798,104652.348903139,105495.548653058
2020-04-08,4.66456794428465,4.63709999242418,4.6854055393702,129724.760626503,128960.858476816,130304.268110753
2020-04-09,4.68119934491227,4.65588458236425,4.69873297298697,130187.291023974,129483.270512089,130674.912971403
2020-04-10,3.01009358763975,2.99877454112604,3.01646965677568,83712.719974073,83397.9297047382,83890.0427298513
2020-04-11,2.20251213194827,2.18904740101067,2.21414121094565,61253.3384670798,60878.8752759239,61576.7509475627
2020-04-12,3.87337691822442,3.85121428403579,3.88881699367302,107721.207952078,107104.850242358,108150.606797919
2020-04-13,5.05166532307272,5.02111374546755,5.08144236565271,140490.198155172,139640.538306943,141318.317665273
2020-04-14,4.00603532036362,3.98138884155074,4.01594921777765,111410.527020458,110725.091927117,111686.239151629
2020-04-15,3.78652637656878,3.76177361260826,3.80441755428188,105305.836183217,104617.44522869,105803.401825712
2020-04-16,5.30280263329012,5.26679691213039,5.33945528909387,147474.495059294,146473.151823561,148493.829981041
2020-04-17,4.6704907214087,4.63914769583606,4.68368673000573,129889.477027644,129017.806481028,130256.466870417
2020-04-18,2.21986576190698,2.21399535004375,2.22175255268544,61735.9545462714,61572.6944581278,61788.4274623084
2020-04-19,3.20630887681346,3.19016848106076,3.21606566896449,89169.5986653796,88720.7234425413,89440.9415938982
2020-04-20,4.08607048472186,4.0698641015622,4.09681743279668,113636.358579155,113185.648202306,113935.238407496
2020-04-21,5.30705885455169,5.29097348091308,5.31373139069402,147592.863425009,147145.518404038,147778.431126922
2020-04-22,3.23962449590234,3.23723964687817,3.24140012427262,90096.1283596732,90029.8041100349,90145.5097746395
2020-04-23,3.57868319259022,3.57699407784058,3.58050922922439,99525.5779446153,99478.6025314183,99576.3612471831
2020-04-24,3.97999352494312,3.96957525201822,3.98382978324178,110686.287237147,110396.548084996,110792.976151413
2020-04-25,2.17540424596976,2.16736686368385,2.17873474275762,60499.4499908788,60275.9250030219,60592.0733385783
2020-04-26,5.28187500852062,5.27390768036505,5.28691679034402,146892.483789198,146670.907053655,147032.699120604
2020-04-27,2.25747263937762,2.25349348381269,2.25928599565935,62781.8270120733,62671.1640290659,62832.2576655418
2020-04-28,5.62058535171538,5.58783957283413,5.6510307903676,156312.245430037,155401.563373813,157158.953482852
2020-04-29,3.47115963970062,3.45425092157707,3.49529883520451,96535.2758787176,96065.0330958322,97206.603083265
2020-04-30,3.53140443774744,3.51243016964781,3.54713119559571,98210.7240872042,97683.0369751954,98648.0957627089
2020-05-01,4.00826217366079,3.99197298650195,4.02621581341675,111472.457303043,111019.444091483,111971.76005681
2020-05-02,5.05655922542857,5.02772099293514,5.08884088590342,140626.300859479,139824.290287056,141524.075471779
2020-05-03,3.73718981520737,3.72423322844897,3.74803234626648,103933.753347424,103573.421986439,104235.291402615
2020-05-04,4.98358350375682,4.96519626641479,5.00756790058031,138596.797132984,138085.43573976,139263.819282487
2020-05-05,5.37956658183416,5.33629767011839,5.41514562700577,149609.351913898,148406.014481162,150598.829004453
2020-05-06,1.48448264247223,1.48019756008688,1.48944267497102,41284.4571563939,41165.2861434849,41422.3989842955
2020-05-07,2.20026016777907,2.19071688283644,2.21211726499959,61190.709834315,60925.3046843502,61520.4636543964
2020-05-08,3.55543543208537,3.53509657998975,3.57710092205216,98879.0421448121,98313.4050373593,99481.5739405471
2020-05-09,5.47957434811215,5.44532561927686,5.51899134944646,152390.634917204,151438.154815512,153486.848140762
2020-05-10,4.56107676315379,4.54196701031826,4.5810874336034,126846.601521627,126315.146488314,127403.111677564
2020-05-11,4.79999179104114,4.77908430857543,4.82277648487546,133490.988563033,132909.537463903,134124.646168391
2020-05-12,2.96235745927778,2.95281799559854,2.97754590731467,82385.1462525709,82119.8473745022,82807.5471714574
2020-05-13,3.4905984373452,3.4766473217315,3.50279803083531,97075.8818686891,96687.8919937262,97415.1607395617
2020-05-14,4.52992591736028,4.50366639232257,4.55466621195899,125980.275623464,125249.98063358,126668.319796682
2020-05-15,3.36311903900805,3.34816587341511,3.37881782709476,93530.5943669047,93114.7368104659,93967.1881845958
2020-05-16,4.47884434773646,4.44954783638917,4.50896043466217,124559.662938425,123744.907323947,125397.211499001
2020-05-17,3.15608770173485,3.1425368291037,3.17087756771878,87772.9141292616,87396.0552798779,88184.2302141338
2020-05-18,2.51005033828868,2.50176537661329,2.52118269155756,69806.182091085,69575.7717544841,70115.7802961628
2020-05-19,3.62532330019182,3.60867695414545,3.64871322367276,100822.670594241,100359.724554658,101473.160041684
2020-05-20,1.63312217967577,1.62486595796394,1.64372223738849,45418.2223011358,45188.6112421826,45713.0170100636
2020-05-21,2.24573167969349,2.23998631433577,2.25291753041374,62455.3030547119,62295.52059369,62655.1463790491
2020-05-22,2.88545762009008,2.87794473247311,2.8958108857265,80246.5101880961,80037.5717484878,80534.4414439871
2020-05-23,3.12991926612464,3.11821506351251,3.14662144402475,87045.1523974032,86719.6506788478,87509.6511582557
2020-05-24,3.79166326623261,3.77299953783387,3.81240416096821,105448.696527404,104929.645732594,106025.514710115
2020-05-25,3.31686588608672,3.29590077053696,3.3331238378006,92244.2631862659,91661.2092724449,92696.4077191685
2020-05-26,3.91706922657617,3.89819092491512,3.9344385451118,108936.320329012,108411.302107975,109419.372718042
2020-05-27,6.12702999173742,6.09413441397501,6.15721798113336,170396.810277663,169481.962214162,171236.358494124
2020-05-28,6.22840212757248,6.17323381164546,6.27085175876306,173216.037312723,171681.76947414,174396.590004989
2020-05-29,6.2004899787398,6.16447552441235,6.2399935602966,172439.781747547,171438.195636566,173538.402825117
2020-05-30,5.0248290627294,4.98241524067417,5.06258685641837,139743.863769924,138564.30695371,140793.933316898
2020-05-31,2.15810878756942,2.14580076817075,2.16417114050245,60018.4517017106,59676.1574336563,60187.0497996403
2020-06-01,5.25183556547154,5.22608997996974,5.28227874928523,146057.066746196,145341.064759238,146903.71209044
2020-06-02,5.78027152063951,5.74048999531675,5.81213987430591,160753.22480615,159646.873926178,161639.505079117
2020-06-03,6.02677319409083,5.99896918183005,6.05715272183276,167608.601545101,166835.353330461,168453.476571329
2020-06-04,3.78023374006059,3.76590214504197,3.79471107401176,105130.833744731,104732.262482527,105533.45810432
2020-06-05,3.51500250274399,3.49773339154095,3.53176769742304,97754.5752825243,97274.3097265702,98220.8265822317
2020-06-06,2.15543897134747,2.14679733281357,2.16450204184949,59944.2023233232,59703.8725642497,60196.2523878647
2020-06-07,3.01004762409898,3.00113345295362,3.02445557598604,83711.4416972003,83463.5326235565,84112.1364950876
2020-06-08,3.85482410348025,3.84462227074594,3.87170230932634,107205.241740334,106921.521934938,107674.635956335
2020-06-09,3.49784826236307,3.4883864540745,3.51237173539741,97277.5043611173,97014.3651315061,97681.4118795306
2020-06-10,3.73242084655579,3.7129035692724,3.75329418609669,103801.12513316,103258.336571838,104381.626694669
2020-06-11,5.46794602067908,5.42471282845905,5.50519207171657,152067.243338228,150864.899288607,153103.080979106
2020-06-12,4.24382569809287,4.222946402556,4.27347196374106,118023.63678725,117442.969585502,118848.119303233
2020-06-13,3.77082536489093,3.74125731092281,3.81020102109111,104869.180525966,104046.873129221,105964.243913635
2020-06-14,4.45163135470466,4.44001496572886,4.46997860436573,123802.851364632,123479.791802153,124313.100673649
2020-06-15,3.09490531219002,3.08116443040949,3.10930273305809,86071.3908728611,85689.2477416929,86471.7927960526
2020-06-16,3.95061394049123,3.93898554602519,3.96937799908964,109869.221303956,109545.827860749,110391.062348858
2020-06-17,4.39829845325719,4.37711811605932,4.41475046646824,122319.627632781,121730.588260689,122777.169145976
2020-06-18,4.34410552424471,4.3233029248751,4.36678163333665,120812.485957976,120233.95172804,121443.123748877
2020-06-19,4.55416974454857,4.53617090189557,4.57292506035342,126654.512705276,126153.952828648,127176.11060723
2020-06-20,2.31965540991296,2.30989179823577,2.32992609126486,64511.1715342545,64239.6389501433,64796.8060658467
2020-06-21,3.36499817782174,3.35031555314038,3.38032873166771,93582.8544766729,93174.5208442961,94009.2074533462
2020-06-22,5.93181394207893,5.89299666954292,5.9661507813429,164967.721106944,163888.186743193,165922.651618707
2020-06-23,6.25902659543716,6.21212363736365,6.29618801760509,174067.724287918,172763.321590512,175101.208343217
2020-06-24,4.34102243360167,4.32173299106047,4.36502037543883,120726.74314097,120190.290816518,121394.14198638
2020-06-25,6.14120584704638,6.10699632108131,6.17704991290568,170791.050314167,169839.660470569,171787.897807658
2020-06-26,5.90000119112826,5.85979969625488,5.93629079730948,164082.987182765,162964.956668135,165092.225451201
2020-06-27,4.33316218948039,4.30810328112222,4.35220070761933,120508.144484186,119811.239448788,121037.618432847
2020-06-28,4.2984697164029,4.2818839587523,4.3190220641452,119543.323557731,119082.062522039,120114.898122198
2020-06-29,3.0667264356235,3.05982743800268,3.08185517153099,85287.7174306522,85095.8516832532,85708.4577152019
2020-06-30,2.49884217722203,2.49400569430409,2.50364976247701,69494.475620346,69359.9697890884,69628.1777882301
2020-07-01,2.54499046164913,2.53931957384026,2.55382447928551,70777.8903378794,70620.1791474041,71023.5702887212
2020-07-02,2.20649258005771,2.19936317355432,2.21675497449876,61364.0373966163,61165.7638237779,61649.4414636643
2020-07-03,6.09004294538242,6.03700761040478,6.13112824894535,169368.175730585,167893.227521684,170510.785557182
2020-07-04,6.1211398226992,6.08880628283847,6.15417315085328,170233.000729242,169333.783316453,171151.679723453
2020-07-05,5.82612768868601,5.78939341203001,5.8548852368793,162028.515571369,161006.910719021,162828.282259332
2020-07-06,6.45196091217765,6.4176752066958,6.47888189742591,179433.356937018,178479.848490004,180182.047578654
2020-07-07,2.50061214688303,2.49229986464419,2.506296241554,69543.699662815,69312.529523035,69701.7781449762
2020-07-08,3.44228395350713,3.43019575555947,3.45951684176155,95732.2236937953,95396.0428076131,96211.4818652721
2020-07-09,6.07072602086984,6.03133141170771,6.10447763694961,168830.959114091,167735.368631849,169769.614176897
2020-07-10,4.56748927217445,4.54778473648802,4.58714546057634,127024.937695021,126476.941352014,127571.589467644
2020-07-11,6.48208916321787,6.4301466294283,6.52310765840482,180271.243789771,178826.687114282,181411.995630658
2020-07-12,5.02196933134904,4.99554436335776,5.04175475818219,139664.332723704,138929.436654405,140214.578703713
2020-07-13,6.02313094817289,5.99153761830808,6.05691380371171,167507.308245166,166628.676568436,168446.832098264
2020-07-14,6.55544767397239,6.50952192058721,6.59335290164043,182311.393137194,181034.167157072,183365.562921934
2020-07-15,5.92339362815318,5.88045692090213,5.95841475783529,164733.546533551,163539.447929615,165707.507620439
2020-07-16,5.42593207851062,5.38770010282351,5.45823530101807,150898.807449657,149835.550583528,151797.181716534
2020-07-17,4.20129608125843,4.1797220214596,4.22187708160328,116840.859640623,116240.870579134,117413.23105317
2020-07-18,6.41045610789476,6.37517848066241,6.44885325845838,178279.080514258,177297.986058598,179346.9310044
2020-07-19,5.54485618734314,5.5096335737422,5.57382130322301,154206.166616742,153226.60212704,155011.705901176
2020-07-20,6.03693009884796,5.99628575616206,6.0694705342671,167891.071873342,166760.725464258,168796.043190268
2020-07-21,5.98009694382376,5.93524708079177,6.01807032357598,166310.503743727,165063.198995366,167366.568883601
2020-07-22,6.23129524570103,6.18939776920973,6.27230856147584,173296.496866785,172131.299966749,174437.10466475
2020-07-23,5.71795336001525,5.68386856015538,5.7506759544638,159020.114994861,158072.193867837,159930.152276474
2020-07-24,5.16772605583732,5.13811838665505,5.1956294662969,143717.924914833,142894.515792433,144493.937459996
2020-07-25,6.38785082373931,6.35217253699053,6.42393216322428,177650.412412306,176658.175346981,178653.858644343
2020-07-26,6.35378655598471,6.30743223697184,6.39379152151684,176703.06229689,175413.917619447,177815.627198831
2020-07-27,6.29352006633062,6.23477526292393,6.34262028174629,175027.010830268,173393.278477989,176392.520726916
2020-07-28,5.82952064912399,5.79224987896606,5.86460984753242,162122.87607504,161086.350978857,163098.730198826
2020-07-29,5.74604064501274,5.70534913782565,5.782782064374,159801.241214152,158669.583128682,160823.04470992
2020-07-30,6.02332607861357,5.98151729742179,6.06108102815246,167512.734953494,166350.004729179,168562.725402748
2020-07-31,5.90577018377053,5.86418608235891,5.94766047307579,164243.426734405,163086.945005352,165408.423753981
2020-08-01,4.53871762993092,4.50701222221429,4.577038116193,126224.779042075,125343.030405174,127290.497446613
2020-08-02,5.95875746874262,5.92482821609638,6.00045428480707,165717.03864045,164773.443385682,166876.655039537
2020-08-03,5.705906737556,5.67928881966805,5.73597900297702,158685.090350874,157944.828215638,159521.420206037
2020-08-04,6.00226829953936,5.96784547909535,6.0362165059694,166927.104004956,165969.782298954,167871.226377155
2020-08-05,6.03181400732384,5.99003658043467,6.07088934251344,167748.789939359,166586.931699213,168835.501198455
2020-08-06,2.88475656284046,2.86930354449924,2.89970641212059,80227.0133161502,79797.2545197909,80642.7786437071
2020-08-07,4.14894755221521,4.12977694759931,4.16973448171804,115385.011965042,114851.864602935,115963.110405481
2020-08-08,3.05697040225456,3.03949201078135,3.07391388477609,85016.3956043721,84530.3098238497,85487.6052084639
2020-08-09,5.92944172749157,5.89878588272717,5.96773999349105,164901.748229461,164049.188641657,165966.848673604
2020-08-10,5.73499167646822,5.68755314699007,5.77604944521995,159493.961994142,158174.664697043,160635.806059186
2020-08-11,5.3693092308089,5.330635110921,5.40552588022188,149324.088107624,148248.534914954,150331.29739944
2020-08-12,2.92908492452379,2.91029213550509,2.93838986253876,81459.8147625051,80937.1747053606,81718.5913246765
2020-08-13,4.80114494399485,4.7728673217963,4.82569708209919,133523.058519494,132736.638895081,134205.869934506
2020-08-14,5.63276665588673,5.59205841210912,5.67303600451985,156651.015662698,155518.892121428,157770.933235861
2020-08-15,5.65112809169713,5.60160089220226,5.69196699764156,157161.659498036,155784.274887989,158297.416841731
2020-08-16,5.38130244260597,5.34000342671506,5.41551822562635,149657.6273653,148509.074055636,150609.191221799
2020-08-17,4.77878418991758,4.7462470684483,4.80929937582654,132901.190962895,131996.311809136,133749.838733664
2020-08-18,4.32377292981142,4.3010026531711,4.3511646415088,120247.022880306,119613.766226776,121008.804739963
2020-08-19,4.8492630892194,4.83346406724456,4.87796314419108,134861.256385964,134421.87499667,135659.424148904
2020-08-20,2.88436959091926,2.86651663752101,2.90222245811794,80216.2513676811,79719.7487689996,80712.751569095
2020-08-21,4.44239153390905,4.40969320248892,4.47583794580689,123545.885755971,122636.523245439,124476.052885936
2020-08-22,5.29892701029119,5.27542646831232,5.32853460557048,147366.711386333,146713.145564328,148190.118453441
2020-08-23,5.4231293642224,5.3832722766514,5.46020461434507,150820.862086981,149712.409770245,151851.949639951
2020-08-24,4.39999878033039,4.37138204580098,4.43074787053716,122366.914868211,121571.064302611,123222.067674259
2020-08-25,4.19475576869632,4.16835247653073,4.22536683093497,116658.96916509,115924.675915031,117510.283320842
2020-08-26,5.23535767352688,5.20044157190964,5.27099993247827,145598.805528076,144627.765342059,146590.040636212
2020-08-27,5.19595004650438,5.15368515072128,5.23219187610682,144502.853010413,143327.437933635,145510.762580173
2020-08-28,5.1745994989599,5.12749777819273,5.21869381191308,143909.07997451,142599.149553386,145135.372368825
2020-08-29,4.0269646897026,3.99540692957177,4.05937707366975,111992.586808201,111114.944349611,112893.99692843
2020-08-30,5.0842691162855,5.0544221634146,5.11775587399776,141396.9314948,140566.867732657,142328.220668903
2020-08-31,2.27603351613041,2.26787984095185,2.28529313432949,63298.01743368,63071.2582625417,63555.5336213991
2020-09-01,4.09093147105414,4.06469825659097,4.11722814497022,113771.545866787,113041.982591614,114502.873991875
2020-09-02,3.96035733046533,3.94281638175577,3.98295447740026,110140.191508952,109652.365969762,110768.633309348
2020-09-03,4.80667507249161,4.76475335749142,4.84690927568721,133676.855099166,132510.984109953,134795.795254157
2020-09-04,4.79102020350761,4.75558990796326,4.82913112700802,133241.482701155,132256.142437423,134301.373024846
2020-09-05,4.43355417221783,4.41135986365778,4.4689537148044,123300.112804723,122682.874209506,124284.597808089
2020-09-06,4.47385637109894,4.43486636583926,4.51192505477837,124420.943965298,123336.60578874,125479.659571259
2020-09-07,2.61156208440824,2.60370614704227,2.61745420204969,72629.2917817206,72410.8128986879,72793.1555221034
2020-09-08,4.44522651966773,4.41246031839954,4.47707133962592,123624.728609868,122713.478593376,124510.354394638
2020-09-09,4.53509445797257,4.50031780445804,4.57177708374662,126124.016201739,125156.854160914,127144.184608445
2020-09-10,4.51417314683053,4.48562245472961,4.54861031995383,125542.180517854,124748.16663645,126499.901381486
2020-09-11,4.42107421831557,4.3918080262041,4.4600186295503,122953.036922897,122139.124506686,124036.107099065
2020-09-12,3.7383574532536,3.71243453823177,3.76936510146436,103966.226144016,103245.292504263,104828.569621435
2020-09-13,1.62925854530737,1.6158182995474,1.64409586582584,45310.7720400234,44936.989798067,45723.4078673044
2020-09-14,1.63730033415154,1.63086173888988,1.64620719890288,45534.4195772188,45355.3579279801,45782.125455148
2020-09-15,3.00853022441222,2.99044779573928,3.03289544004564,83669.2417949821,83166.3573351216,84346.8547708057
2020-09-16,2.4346290534045,2.414194955397,2.45534096857412,67708.665612687,67140.3796525931,68284.6778542469
2020-09-17,2.1179150951677,2.10482385285086,2.13524094272412,58900.638179046,58536.5619567378,59382.481611011
2020-09-18,1.63119613564457,1.6198904294951,1.64779210726956,45364.6577258337,45050.2384609689,45826.2028189979
2020-09-19,0.876155846828072,0.87516443465771,0.877852273532757,24366.4812816256,24338.9094447441,24413.6600451926
2020-09-20,2.10620585546911,2.09668893585859,2.11688205172561,58574.9963757407,58310.3244633313,58871.9085485974
2020-09-21,3.48978671127743,3.46647406874328,3.51183211253291,97053.3072227427,96404.9670102222,97666.4046060248
2020-09-22,1.80654411479076,1.79943205287715,1.81057913159442,50241.20254044,50043.4113322671,50353.4190619337
2020-09-23,2.80923445331169,2.79173943027663,2.82597362535429,78126.6928368157,77640.1445214118,78592.2204295637
2020-09-24,1.93095284688271,1.92467119273178,1.93598191245298,53701.0927560492,53526.3957442785,53840.954439933
2020-09-25,0.837181521995042,0.836126234741359,0.839140443171948,23282.5791882411,23253.2309424847,23337.0580989989
2020-09-26,2.10446377173466,2.09901208638846,2.11185054597624,58526.5478595774,58374.9328364941,58731.9790016974
2020-09-27,3.28679007587716,3.27296527606253,3.3099875487057,91407.8347481589,91023.3578002219,92052.972013982
2020-09-28,3.36339059885798,3.33828681119814,3.39234739013132,93538.146628325,92839.9934694709,94343.4543998728
2020-09-29,3.63136116201751,3.60316099579723,3.66468354354497,100990.587578062,100206.322056314,101917.305340305
2020-09-30,3.45047661464317,3.43260606251447,3.48199290390227,95960.0670905386,95463.0750593691,96836.5562163926
2020-10-01,1.98575132579361,1.97506914547117,1.99955518963397,55225.0751793565,54927.9965856157,55608.9698838182
2020-10-02,2.95827419183052,2.94023331544534,2.98011451379,82271.5878483421,81769.858985452,82878.9818389626
2020-10-03,3.1218176565755,3.10458324658099,3.1469413936105,86819.8412063122,86340.5407142233,87518.5491706589
2020-10-04,3.12392481354876,3.10383682325181,3.14756597966205,86878.4426539111,86319.7821812016,87535.9193273372
2020-10-05,3.20474512197793,3.18532972174002,3.2281415309207,89126.1095954079,88586.154302996,89776.7794078904
2020-10-06,3.08992563765225,3.07523916250933,3.11387954110875,85932.9027866921,85524.4620703987,86599.0768952226
2020-10-07,3.14470602897634,3.124344541785,3.1665834150322,87456.3821820883,86890.1155774541,88064.8069500687
2020-10-08,2.45097862020861,2.43592664943775,2.46475150485802,68163.3580226473,67744.7526279933,68546.3911750468
2020-10-09,2.46220613790938,2.45186443094775,2.47433886570043,68475.6028143533,68187.9930129546,68813.022105323
2020-10-10,0.698769433022526,0.695679597990035,0.701933676263844,19433.2462330262,19347.3158500297,19521.2459581769
2020-10-11,1.61558796885303,1.61293377978056,1.62033840506258,44930.5841470937,44856.7693702064,45062.6969617243
2020-10-12,2.04412066996326,2.03490387825193,2.05166736694319,56848.3657586292,56592.0406042359,57058.2444592795
2020-10-13,0.468456492290253,0.467269584722205,0.469489441235376,13028.0890003423,12995.0803054343,13056.816002767
2020-10-14,1.61933812533498,1.61611839182363,1.62235582934241,45034.8785121332,44945.3355653844,45118.8028829821
2020-10-15,2.37214355644412,2.36436506401479,2.38040114885717,65970.9020657448,65754.5769783019,66200.5512448174
2020-10-16,0.684479743875749,0.681289736271625,0.686794328756614,19035.8404012033,18947.1241518562,19100.2105579266
2020-10-17,1.42489318540857,1.41787693815958,1.43200624282458,39627.2344198449,39432.1078817081,39825.0533136066
2020-10-18,0.776877831002026,0.772858533388872,0.780172120754068,21605.4931274519,21493.7137671809,21697.1095332204
2020-10-19,0.618973623744484,0.616789497954392,0.620086162246394,17214.0712995202,17153.3292975423,17245.0117408583
2020-10-20,1.83549090027377,1.83073112689376,1.84234611315911,51046.2320442533,50913.8595566545,51236.8801088147
2020-10-21,1.12969088801263,1.12448594588901,1.13422742752368,31417.460690854,31272.7077621527,31543.6248949502
2020-10-22,1.52793062415357,1.52278385360319,1.53581028403534,42492.7746448814,42349.6395066173,42711.9132669767
2020-10-23,0.426567746191787,0.424944797561674,0.428183021605163,11863.1348983818,11817.9996093121,11908.0567901516
2020-10-24,1.57414458855484,1.57022566647933,1.5776265367939,43778.0159665137,43669.0281172142,43874.851280571
2020-10-25,2.36089717312145,2.34997354851206,2.37572488701629,65658.1326084503,65354.339287278,66070.5012690897
2020-10-26,1.45831534904975,1.4507782173622,1.46491116394293,40556.7271895418,40347.1145060828,40740.1612220984
2020-10-27,1.57974379498091,1.57443319433303,1.58540421375495,43933.7336496938,43786.0422866228,44091.1536892943
2020-10-28,0.518404412620034,0.517083564909251,0.519260950225705,14417.1741387658,14380.4404787244,14440.9950236131
2020-10-29,1.53028802151275,1.52907529113828,1.5326757796697,42558.3354453185,42524.6086008579,42624.7405998889
2020-10-30,0.839271478286936,0.83761078682738,0.840835362480968,23340.7022733637,23294.5173309127,23384.1949408822
2020-10-31,2.19709106611112,2.19250599166653,2.20540105028065,61102.5749930635,60975.0609999386,61333.6812219959
2020-11-01,2.03402838068821,2.02513037574492,2.04581423707887,56567.6924302488,56320.2329495189,56895.4649951074
2020-11-02,2.10779048999435,2.09987591312585,2.11978492500075,58619.0661238765,58398.9564369795,58952.639399824
2020-11-03,1.62911160521783,1.62384157183103,1.63677763446741,45306.6855376574,45160.122377304,45519.8829487006
2020-11-04,0.387831196724926,0.386389713554356,0.388690906314326,10785.8454972826,10745.7568842571,10809.7545971232
2020-11-05,0.447196131484261,0.445261583239055,0.448076006315706,12436.8241180782,12383.0230348852,12461.2940268144
2020-11-06,0.366391990022949,0.365488558868767,0.366831521875483,10189.6067907923,10164.4817649338,10201.8304661764
2020-11-07,0.285170261592201,0.282836131461554,0.286253107966615,7930.77609002837,7865.86236680985,7960.89077340183
2020-11-08,0.405632057118043,0.404783743891144,0.406188211428114,11280.8993545798,11257.3071952179,11296.3663786658
2020-11-09,0.929912849478218,0.923023438189978,0.934823254307651,25861.4995521458,25669.9004070804,25998.061201303
2020-11-10,0.631080943660336,0.629788466887398,0.632741172889549,17550.7839804528,17514.8393352065,17596.9560679681
2020-11-11,0.62407247061124,0.622301791885189,0.625800561331296,17355.8736480253,17306.6298859819,17403.9330090803
2020-11-12,0.693811940492389,0.692262351361497,0.694964022876769,19295.3750433552,19252.2799311228,19327.4152265663
2020-11-13,0.240455201037044,0.239422612517097,0.241084945458561,6687.22028889042,6658.50331013143,6704.73390329436
2020-11-14,0.864332102343571,0.863602185901526,0.865193365660642,24037.6550234852,24017.3555580571,24061.6073335336
2020-11-15,0.608082843192362,0.605395201602889,0.609694263411281,16911.1913935922,16836.4462797877,16956.0060698204
2020-11-16,0.658192702826785,0.657312722072593,0.659106154326441,18304.7801726061,18280.3073180873,18330.1838709876
2020-11-17,0.981037875945816,0.978968013800964,0.981556709821909,27283.3208011339,27225.7565477072,27297.7499189397
2020-11-18,1.12059786088152,1.11900336803371,1.12110567178504,31164.577512381,31120.2335976875,31178.700073932
2020-11-19,0.635746293719259,0.634832416220088,0.636404957371619,17680.5304922115,17655.114946498,17698.8483698063
2020-11-20,0.525594927697104,0.525037048292241,0.526347222148991,14617.1471819921,14601.6321818637,14638.0689948711
2020-11-21,0.925624255128476,0.923109812741816,0.928196143407457,25742.2308691532,25672.3025412534,25813.7568058174
2020-11-22,1.20740031856048,1.20281307225249,1.21380380361314,33578.6120336258,33451.0376395241,33756.697244422
2020-11-23,0.583031348564257,0.58079316565993,0.585088589470493,16214.4925389964,16152.2471724437,16271.7057873187
2020-11-24,0.259409257036249,0.258830504520527,0.25991228775629,7214.34528884051,7198.24979351043,7228.3349102855
2020-11-25,0.637025285024439,0.635967547123592,0.637930434104646,17716.1000975618,17686.6836976655,17741.2729000944
2020-11-26,0.630560941594169,0.630004592271122,0.631545834384133,17536.3223744982,17520.8499269705,17563.7129030416
2020-11-27,0.831664263103047,0.830321354086251,0.833019368697616,23129.1405209031,23091.7933211564,23166.8269156515
2020-11-28,0.868075529345191,0.864820530947131,0.871839748603515,24141.7622371667,24051.2385502848,24246.4476974418
2020-11-29,0.970682144597682,0.965944758729339,0.974540439468148,26995.3209721476,26863.571096252,27102.6227382438
2020-11-30,0.454339961034713,0.451219694368027,0.456135066852714,12635.4988055215,12548.7220983835,12685.4219013626
2020-12-01,1.21748856498421,1.21402610407302,1.2228515129438,33859.1729276016,33762.8795691924,34008.3201044933
2020-12-02,1.29210877146503,1.28560072433578,1.29875646802033,35934.410878736,35753.4177265145,36119.2877750863
2020-12-03,1.32207613614265,1.31813902351429,1.32914495120899,36767.8233739221,36658.3296331569,36964.4118582893
2020-12-04,1.17262378568818,1.16860883839246,1.17983618077956,32611.4533479416,32499.7949729139,32812.0348890294
2020-12-05,1.13869102935354,1.13468748774625,1.14567122707973,31667.7606532512,31556.4194780624,31861.8846299992
2020-12-06,1.12150592179061,1.11634643659196,1.12779456111489,31189.8312948262,31046.3425536726,31364.7225689491
2020-12-07,0.684665497757501,0.682577237606868,0.686527460367049,19041.0063411432,18982.9304268458,19092.7887691631
2020-12-08,0.539385829552418,0.537789574069503,0.540363441853879,15000.6814049625,14956.2884702056,15027.8694582415
2020-12-09,0.527626369362654,0.525285482947156,0.52884950271463,14673.6429361408,14608.5413161126,14707.6590943776
2020-12-10,0.693584579780302,0.691332044828484,0.696709166948275,19289.0519895796,19226.4074829677,19375.948852754
2020-12-11,0.324825696909875,0.324165972251724,0.326098213636764,9033.62032245684,9015.27293757998,9069.00986544575
2020-12-12,0.514986548988198,0.513387460048617,0.5170648246923,14322.1210605837,14277.649325498,14379.9193007317
2020-12-13,0.598919686071256,0.597275996686982,0.600949092007867,16656.3578530978,16610.6457497549,16712.7969922604
2020-12-14,0.641232412758158,0.63934623590332,0.643196210798027,17833.1031393657,17780.6472969563,17887.7176789508
2020-12-15,0.415180165466454,0.413990834732206,0.416019902015977,11546.4386466917,11513.3625619077,11569.7922829078
2020-12-16,0.384303491614752,0.38386297821966,0.384730524884792,10687.7376539744,10675.486681234,10699.613735403
2020-12-17,0.431094328327326,0.430106394207818,0.431703920681344,11989.0221811919,11961.5470712356,12005.9753530932
2020-12-18,0.485375189626311,0.484591626109614,0.486065177265139,13498.6093118155,13476.8178852882,13517.7983304666
2020-12-19,0.475726952771476,0.475328497830808,0.47602735425226,13230.2853788358,13219.2040798997,13238.6397453392
2020-12-20,0.525054117244776,0.524445732700504,0.525495211370914,14602.106880873,14585.1872989701,14614.3740041329
2020-12-21,0.47817007116199,0.476624713293005,0.479009823908422,13298.2301386029,13255.2527005999,13321.5842252659
2020-12-22,0.543034936959239,0.539117398818242,0.546834223753863,15102.1655275018,14993.2161663485,15207.8262394629
2020-12-23,0.509166813327056,0.507013511727029,0.510668306604902,14160.2703115821,14100.3855509877,14202.0278459085
2020-12-24,1.18494300296963,1.17893976710347,1.19121984959045,32954.0590366208,32787.1050239396,33128.622347757
2020-12-25,0.80247097325032,0.799455984536343,0.80514575868315,22317.255565366,22233.4067086479,22391.6431408383
2020-12-26,0.563674546529583,0.562690264342669,0.564662278248652,15676.166901888,15648.7933546246,15703.6363829525
2020-12-27,0.758661359735357,0.755725245775809,0.760505368278332,21098.8808532275,21017.2255562903,21150.1639666237
2020-12-28,0.975889208804823,0.973168844514162,0.979552364085142,27140.1329174138,27064.4777633592,27242.0077207296
2020-12-29,0.693310526026707,0.690886626863227,0.694847114325838,19281.4303710271,19214.0201108441,19324.1639214153
2020-12-30,0.481657416465813,0.480388116550857,0.482434897940554,13395.2155486481,13359.9154673549,13416.8378295125
2020-12-31,0.57792532441511,0.577068630201559,0.578839034402901,16072.490585458,16048.6653452406,16097.9014725678
2021-01-01,0.563695751713002,0.56272724496706,0.564545269297748,15676.7566322501,15649.8218105725,15700.3822856109
2021-01-02,0.334147866975231,0.333965380296815,0.334276986541587,9292.87611949794,9287.80104267244,9296.46702117153
2021-01-03,0.9152859481687,0.91346240706941,0.916537380007948,25454.7156240845,25404.0017240142,25489.5187822175
2021-01-04,0.580661966912873,0.576852948836258,0.582552415658211,16148.5984473614,16042.6671019264,16201.1730939085
2021-01-05,0.626708176425204,0.625767020279562,0.627669894840869,17429.1743931066,17403.0002099531,17455.9204267698
2021-01-06,0.436681672884143,0.43560913409818,0.438126852160202,12144.4099778385,12114.5819554078,12184.6013820347
2021-01-07,0.731588800679043,0.727210797832808,0.734202241119306,20345.9748424082,20224.2196492084,20418.6563725251
2021-01-08,1.04283013817182,1.03914150120031,1.04941541836677,29001.8050255218,28899.2215592966,29184.9460810606
2021-01-09,0.568706815422388,0.567237942241466,0.570595113581242,15816.1176723183,15775.2673247488,15868.632509614
2021-01-10,0.847617036947674,0.84579436976321,0.849742793371313,23572.7978527378,23522.1082568244,23631.9165635167
2021-01-11,0.573776976821488,0.572442908131641,0.574900677094696,15957.1222587435,15920.0209144139,15988.3731164219
2021-01-12,0.262101880324951,0.261260546198167,0.262665786595063,7289.22894703917,7265.83088112875,7304.91155832918
2021-01-13,0.471240834532232,0.469843185314974,0.472562049428239,13105.5234240997,13066.6538626925,13142.2672958083
2021-01-14,1.36209845671516,1.35665704873322,1.36708320780938,37880.8709311666,37729.5417284707,38019.5001997726
2021-01-15,0.920515566596702,0.916004693728954,0.923455055495357,25600.1548173482,25474.7044198034,25681.9039736038
2021-01-16,0.921291843884744,0.918649244490736,0.923160262073006,25621.7436089735,25548.2511488113,25673.7055709639
2021-01-17,0.761978444114491,0.760412598214512,0.763069037906461,21191.1311928519,21147.5839689763,21221.4613370997
2021-01-18,1.01141608380573,1.0059320951681,1.01448548215682,28128.1591205581,27975.645721291,28213.5211457485
2021-01-19,0.818564251529738,0.814823547497003,0.821614018326707,22764.8204196954,22660.7889336034,22849.6364782091
2021-01-20,1.1419996689197,1.13810776136896,1.14412205218468,31759.7761369671,31651.5395797061,31818.8010379432
2021-01-21,1.17563689603899,1.1708470484442,1.18274589043254,32695.2499661213,32562.0410944544,32892.9558645054
2021-01-22,1.53242026399125,1.52620886484762,1.54133446698062,42617.6345376301,42444.8913646956,42865.544496877
2021-01-23,1.12563106140424,1.12209613255799,1.12905109891489,31304.5541920637,31206.2454518138,31399.6677272724
2021-01-24,1.02219035592882,1.01880601914094,1.025894995411,28427.7988489934,28333.6781748105,28530.8273557646
2021-01-25,1.18350067500642,1.18022980558224,1.18853577722697,32913.9469293457,32822.9818585909,33053.9764965194
2021-01-26,0.969181956951322,0.965930354347018,0.973886120180889,26953.5997483079,26863.1705007261,27084.425680354
2021-01-27,0.603919202985545,0.600854640146408,0.607477186921355,16795.3977690559,16710.1702226936,16894.3476867973
2021-01-28,0.930778208219766,0.927004090562847,0.935667215260452,25885.5657586936,25780.6050173199,26021.5323210054
2021-01-29,0.996442280920892,0.992548789074442,1.0004795509327,27711.727627201,27603.4470096144,27824.0068119235
2021-01-30,0.69440377654015,0.692437062647457,0.696656750626817,19311.8344004796,19257.1387690732,19374.4911197259
2021-01-31,0.747388442453449,0.745249685816754,0.751384053219892,20785.3734687441,20725.8932133277,20896.4940819337
2021-02-01,1.19625172072397,1.19074562532832,1.20141193547967,33268.5620562351,33115.4338532121,33412.0710868591
2021-02-02,0.723895882557618,0.720850838785273,0.724750099960016,20132.0296338184,20047.3449257848,20155.7859922578
2021-02-03,1.05442886929589,1.0528199236272,1.05610224071979,29324.3735113094,29279.6276539813,29370.9110920666
2021-02-04,0.473750217527825,0.472681721596015,0.474707525329209,13175.3110469432,13145.595458996,13201.9344184674
2021-02-05,1.30975924305396,1.29527519627711,1.31561179004278,36425.2823226014,36022.4712748317,36588.0455766152
2021-02-06,0.488503121189108,0.485388464779533,0.492270814345842,13585.5991848512,13498.9785027233,13690.3812565692
2021-02-07,1.49503641446012,1.48772910043735,1.50259744404473,41577.9646282947,41374.7433281122,41788.2419282868
2021-02-08,1.42989941263006,1.41870469027149,1.43470023183828,39766.4609539433,39455.1282226825,39899.9749535327
2021-02-09,2.26353279776722,2.24875369012238,2.27996304703844,62950.3640782797,62539.3471900277,63407.3003217219
2021-02-10,1.73787821465069,1.7320426467424,1.74283566506405,48331.5578390934,48169.2667846883,48469.4278574686
2021-02-11,2.21165336793059,2.19837587501582,2.22224404704017,61507.5623660134,61138.3063897552,61802.0962497024
2021-02-12,2.36565592639539,2.34665617770545,2.38598159656992,65790.4767262156,65262.0809819137,66355.7472356084
2021-02-13,2.00214104680156,1.99482582525372,2.00908278979676,55680.8843046361,55477.4430908821,55873.9388295438
2021-02-14,1.70738600308109,1.69524503108101,1.71811691184169,47483.5490000999,47145.9004321521,47781.9827643631
2021-02-15,1.18823247092552,1.18011624090091,1.19448839469652,33045.5413450065,32819.8235486945,33219.5227776675
2021-02-16,1.3494598023296,1.34577905853284,1.35376896745068,37529.381482542,37427.0175307966,37649.2222524716
2021-02-17,1.51692464235661,1.51190099773449,1.52299440545239,42186.690915129,42046.979991446,42355.4950946508
2021-02-18,1.96124352783909,1.95402849803858,1.96726007981623,54543.4968936276,54342.8420795131,54710.821236279
2021-02-19,1.3942446616755,1.39018142933858,1.39917304926801,38774.8784348281,38661.8772204451,38911.9401966782
2021-02-20,1.54562688787532,1.54143931986514,1.54958982192331,42984.9195986494,42868.4605258655,43095.1314503995
2021-02-21,0.827255926233936,0.824380675982076,0.829009467319241,23006.5417181979,22926.579081761,23055.3088709668
2021-02-22,1.01380109267288,1.01260768564407,1.01498773500847,28194.4878155366,28161.298366269,28227.4891341524
2021-02-23,1.52419417944674,1.51666983667211,1.53061061882138,42388.8616134971,42179.6045982774,42567.3070926696
2021-02-24,2.44394155378984,2.43022426445639,2.45297334853296,67967.6524894465,67586.1654800425,68218.8327541727
2021-02-25,1.05633544188835,1.05355045791549,1.05855814259307,29377.3965728507,29299.9443021276,29439.2113690567
2021-02-26,1.6444087959666,1.63598456199392,1.64814982371132,45732.1106642382,45497.8270717122,45836.1511529773
2021-02-27,1.90667211802524,1.90244133765055,1.91115442660924,53025.829414086,52908.1685764852,53150.4854197566
2021-02-28,0.846481360219026,0.843956008018683,0.848526910726705,23541.2139218073,23470.9821846775,23598.102052311
2021-03-01,2.08795734937724,2.0829619872849,2.09347012412808,58067.4931915583,57928.568823983,58220.8071519255
2021-03-02,1.32280562711738,1.31817729541041,1.32562577053896,36788.1110068189,36659.3940002368,36866.5410853743
2021-03-03,2.80911619989542,2.79770106753299,2.81508470723631,78123.4041300583,77805.941648876,78289.3923191773
2021-03-04,3.04522614496942,3.03370870125531,3.05342416875488,84689.7799385167,84369.4721100773,84917.7724741346
2021-03-05,2.63025003347754,2.622377153394,2.6405133143477,73149.0161696106,72930.0660982477,73434.4448888461
2021-03-06,1.35888196237054,1.35179342873298,1.36298809448957,37791.4180678152,37594.2811967676,37905.6123538894
2021-03-07,1.52691493983127,1.52021648434218,1.53267472629682,42464.5277831877,42278.2392468712,42624.7113048831
2021-03-08,2.48376460300883,2.47392898554805,2.49396048030505,69075.1581768019,68801.6230635924,69358.7123574735
2021-03-09,2.75738906602331,2.74579437859343,2.76853421060209,76684.837870631,76362.3818426888,76994.7918106098
2021-03-10,2.52366394015914,2.51312211191234,2.53412741526711,70184.7854826538,69891.6101741974,70475.7817378086
2021-03-11,3.58480850467159,3.56592696609471,3.6056575478595,99695.9269786543,99170.8187368188,100275.752842303
2021-03-12,3.31430976747073,3.29089618446425,3.33537880615915,92173.1758144982,91522.0283797939,92759.1199004524
2021-03-13,3.67476404840702,3.66135673870668,3.6882699098866,102197.650936262,101824.784668197,102573.257995355
2021-03-14,3.54517321063451,3.53322098421421,3.55515615169307,98593.6428887373,98261.2434618565,98871.2751699344
2021-03-15,2.66857610203643,2.65347902218263,2.67608812713569,74214.8898215635,73795.0299130818,74423.804273976
2021-03-16,3.37239343535957,3.35480416459586,3.38485124845661,93788.521544947,93299.3521370465,94134.9816761417
2021-03-17,3.71974602870482,3.70786327313276,3.73057634609838,103448.629954327,103118.162558293,103749.828339294
2021-03-18,3.51398191892507,3.50637236629721,3.52025975206677,97726.1921625461,97514.565404202,97900.7829094893
2021-03-19,1.97183256975156,1.96165309499804,1.97436598885916,54837.985245768,54554.8872308013,54908.4413289948
2021-03-20,1.94554981874397,1.93701915914051,1.95232907783482,54107.0443260964,53869.8009654544,54295.5800647306
2021-03-21,1.68985014189739,1.68746834230787,1.69289271573498,46995.8649484138,46929.6255055969,47080.4809659065
2021-03-22,2.20734597726829,2.19958446856905,2.21388720659399,61387.7709449715,61171.9181864449,61569.6869163145
2021-03-23,2.99117951049155,2.98057186476334,3.0015517815575,83186.7068127622,82891.7010760382,83475.1666223855
2021-03-24,1.48909636535389,1.48599235362779,1.49338209314129,41412.7678817537,41326.4432354071,41531.9568437264
2021-03-25,1.85787061782333,1.85219824530863,1.86464965296423,51668.6269877254,51510.8745065861,51857.1564981615
2021-03-26,2.36547857861692,2.35572646725,2.37302498389543,65785.5445656414,65514.3318128662,65995.4151538799
2021-03-27,2.52319506452565,2.51253354586837,2.52820146586622,70171.7457370559,69875.2417580698,70310.9771135227
2021-03-28,1.66962409555249,1.66525453236498,1.67148574234949,46433.3650444883,46311.8445638538,46485.1386895497
2021-03-29,2.27661061993478,2.26303521166532,2.28434008746617,63314.0670772425,62936.5258753139,63529.0287494182
2021-03-30,3.1350272534402,3.11675964502335,3.15339165587924,87187.2089479153,86679.1745152731,87697.9352871837
2021-03-31,4.28241042892397,4.25411987420012,4.30680374686765,119096.704010343,118309.924723734,119775.098530248
2021-04-01,3.46815048533605,3.44871045158328,3.47759131425501,96451.5892791666,95910.9489121976,96714.1450584489
2021-04-02,4.19697103433616,4.18319244092468,4.20343745282828,116720.577187159,116337.385270261,116900.412619084
2021-04-03,3.61233630777871,3.60339190891155,3.61851779816822,100461.493631622,100212.743904777,100633.405022059
2021-04-04,1.75121643438574,1.74476468688944,1.75452655923536,48702.5026689213,48523.0752472228,48794.5594593656
2021-04-05,4.17375044401601,4.15297961798883,4.18660565186401,116074.797008401,115497.146416412,116432.308953946
2021-04-06,4.76443072276348,4.73918402437343,4.7845150538402,132502.011421946,131799.883819909,133060.570129289
2021-04-07,3.5739913953912,3.55341282435601,3.58847761913511,99395.0959201661,98822.7920683492,99797.9675108485
2021-04-08,2.24961752373223,2.23643140170032,2.25456525275643,62563.3709816409,62196.6560908698,62700.9706416682
2021-04-09,4.22533595781918,4.19786449477892,4.24488128646006,117509.424718801,116745.424920851,118052.993407174
2021-04-10,2.40217419546299,2.39271608005821,2.40727186652916,66806.074262766,66543.0377347278,66947.8439114689
2021-04-11,2.88405773049938,2.8712935104542,2.89630706996867,80207.578320402,79852.596806632,80548.2406602941
2021-04-12,2.8033897557431,2.79102937213111,2.81384467904456,77964.147880439,77620.3973285189,78254.9063041238
2021-04-13,4.02718392066623,4.01032648781229,4.04410746173983,111998.683768223,111529.867263056,112469.338787284
2021-04-14,4.4773866471228,4.447843074396,4.502762151636,124519.123307439,123697.496750421,125224.833094083
2021-04-15,4.8769075115592,4.85249840250285,4.903516896638,135630.066297948,134951.232616616,136370.091130043
2021-04-16,5.41165869432451,5.38144210221467,5.44340869739627,150501.855069718,149661.511392615,151384.843933332
2021-04-17,5.32862907131586,5.30046791140991,5.36645807089903,148192.745609129,147409.564879124,149244.795439742
2021-04-18,3.36764011633772,3.34949998030723,3.38742387752683,93656.3285573743,93151.8392172263,94206.5282147068
2021-04-19,3.73143825522568,3.71797262312697,3.7477617367329,103773.798609758,103399.310356707,104227.76557013
2021-04-20,5.10917069664143,5.08553237666057,5.13473211673683,142089.461133017,141432.063612442,142800.3413566
2021-04-21,5.59210370684171,5.55342443557552,5.63175431948659,155520.151798297,154444.455342345,156622.861908963
2021-04-22,2.11306357585998,2.10538625059788,2.11829300782432,58765.7141757116,58552.2026149897,58911.1481832959
2021-04-23,2.93769502427965,2.92116987381514,2.95253247368311,81699.2674070246,81239.6918977961,82111.9068186833
2021-04-24,2.4308513151525,2.42428260291121,2.44069042178062,67603.6041801377,67420.9238904937,67877.2363294293
2021-04-25,2.79404508651368,2.78505016774252,2.80291240791992,77704.2663665669,77454.1116473343,77950.8725175679
2021-04-26,3.29269102081371,3.27965007035455,3.30913092703215,91571.943981534,91209.2664094925,92029.1487911505
2021-04-27,4.60962674373777,4.58255485304048,4.63649052389495,128196.80901885,127443.921595543,128943.908748565
2021-04-28,4.12664470083438,4.10245261333301,4.15005517569976,114764.754721236,114091.956554791,115415.815716453
2021-04-29,4.12114485076173,4.0933197060793,4.15193421987364,114611.800204831,113837.964283382,115468.073194225
2021-04-30,2.91257304348675,2.89740349145403,2.92583040774931,81000.6082849475,80578.7328766009,81369.3044698978
2021-05-01,4.08396777376694,4.06121601257152,4.10560377193513,113577.880778306,112945.139051706,114179.592387357
2021-05-02,4.20649907612912,4.19131440279149,4.22492274575867,116985.558414916,116563.262472946,117497.933014472
2021-05-03,3.66139227417242,3.64414396093767,3.67929457206971,101825.772933314,101346.085782797,102323.647835583
2021-05-04,4.41844772494193,4.39956986688443,4.44019158015196,122879.992381955,122354.98649783,123484.703567623
2021-05-05,5.6651493875979,5.6282377233553,5.70113226662459,157551.601133816,156525.063013803,158552.309114521
2021-05-06,5.57249341195562,5.52806517926533,5.61430405674602,154974.776355105,153739.197429115,156137.558407347
2021-05-07,2.89583939142321,2.87951799009333,2.90528476829354,80535.2342065166,80081.3250972705,80797.9164673746
2021-05-08,2.68605636345537,2.67957800471202,2.69356061517393,74701.02760653,74520.8601082169,74909.7258760159
2021-05-09,2.71803624221669,2.70750079091969,2.73007770435349,75590.4094671287,75297.41150592,75925.2905990895
2021-05-10,3.76857031208787,3.74386213924201,3.79169132448968,104806.465996224,104119.315150479,105449.476846337
2021-05-11,3.74008629722685,3.72444060588719,3.75672256811799,104014.306453547,103579.189291976,104476.972296311
2021-05-12,4.39976505306099,4.37500425434289,4.42531486253599,122360.414756209,121671.800349689,123070.972080658
2021-05-13,4.33337033476511,4.30835028231416,4.35759954077589,120513.933144049,119818.108717471,121187.763601116
2021-05-14,4.99408592118598,4.9562625449471,5.02800732032485,138888.87640019,137836.982958551,139832.253243655
2021-05-15,5.79794130909043,5.75496297591299,5.83360615954413,161244.633464893,160049.377216048,162236.496857848
2021-05-16,5.97554329891147,5.94193350133037,6.00976647084871,166183.863826958,165249.152831644,167135.633174187
2021-05-17,6.03612900447518,6.00087649519242,6.0736072675475,167868.792901958,166888.39699331,168911.088515148
2021-05-18,4.39843002672925,4.36944980664152,4.412245678403,122323.286779217,121517.327436639,122707.509311225
2021-05-19,4.12771317958817,4.1077137584546,4.14526979678575,114794.469831451,114238.272526532,115282.731121793
2021-05-20,3.06124055009979,3.050373943962,3.06884696523604,85135.1512777119,84832.9436784476,85346.6907803115
2021-05-21,2.80367032272676,2.79527150380078,2.81339556436111,77971.9506362847,77738.3738532404,78242.4161237898
2021-05-22,5.82097471336336,5.79486302012894,5.85326594315925,161885.20787423,161159.024185869,162783.248615761
2021-05-23,0.935703337148541,0.933057583473314,0.940021447514546,26022.5368949213,25948.9567120844,26142.6264381072
2021-05-24,1.47686798731529,1.47251895656783,1.48117247031203,41072.6884932967,40951.7390335804,41192.3990502107
2021-05-25,3.06381949155529,3.05430440624346,3.0800260454518,85206.8733679421,84942.2524686087,85657.5884930975
2021-05-26,4.34317151893432,4.32561956298607,4.36628239135704,120786.510644343,120298.378986468,121429.239494843
2021-05-27,4.42842482562956,4.39856548350545,4.45702605577692,123157.462238522,122327.053922944,123952.881616867
2021-05-28,3.63442891133167,3.61869347766547,3.64613864751262,101075.903742431,100638.290786615,101401.559353243
2021-05-29,5.76589857715216,5.71748979325563,5.79763180021055,160353.503615321,159007.222892603,161236.025815517
2021-05-30,6.67006707717097,6.62901591382747,6.71330570544304,185499.035555675,184357.375191461,186701.530785547
2021-05-31,6.25241354854723,6.20832341521221,6.28980790228948,173883.811021983,172657.63486565,174923.77306047
2021-06-01,5.6530391142023,5.61947879226237,5.684864597485,157214.806314632,156281.471270056,158099.894333497
2021-06-02,6.74042544773483,6.70053392215091,6.78249828070047,187455.748993766,186346.33893281,188625.822674874
2021-06-03,5.90628217042,5.87083546891155,5.94704125640182,164257.665426249,163271.868901661,165391.202923292
2021-06-04,6.42033729386411,6.38354126922676,6.45501118647473,178553.88291823,177530.560813139,179518.18710945
2021-06-05,4.49724929770904,4.47241007625455,4.51592013480236,125071.516931775,124380.721536399,125590.765424145
2021-06-06,3.64483460426344,3.63401883528826,3.65436003463159,101365.293036541,101064.499252839,101630.201638824
2021-06-07,4.17325331891348,4.14910443751346,4.19271977405453,116060.971626137,115389.375050327,116602.346789621
2021-06-08,4.1113963086214,4.09342183331831,4.13865596046471,114340.686714639,113840.804510342,115098.79590125
2021-06-09,2.1740649110247,2.16420260950834,2.18575134246328,60462.2021884623,60187.9249737839,60787.2096787715
2021-06-10,3.40217621431493,3.3889495309341,3.42056096738873,94616.8005874916,94248.9576584238,95128.0928915512
2021-06-11,4.218284119804,4.18449386093151,4.24295299231918,117313.308377604,116373.578632835,117999.366254814
2021-06-12,4.00433023389954,3.98698654848254,4.02378738061489,111363.107423178,110880.767908356,111904.223713105
2021-06-13,6.56190859352664,6.49431375323784,6.61133215459532,182491.075639971,180611.217830891,183865.577995929
2021-06-14,6.66374127190578,6.60938935493776,6.70866217363948,185323.110671828,183811.547435429,186572.391054092
2021-06-15,3.73116037279991,3.70337742944864,3.74362662724453,103766.070513266,102993.408239119,104112.765403994
2021-06-16,5.64490804979826,5.6132142071485,5.67842994391773,156988.675964286,156107.248959645,157920.942305421
2021-06-17,6.84478020259517,6.78742461557732,6.88952819769583,190357.924662808,188762.827349326,191602.396395728
2021-06-18,6.72547572903423,6.66798740846033,6.76554890341156,187039.987297713,185441.198575082,188154.44913335
2021-06-19,3.6777446780532,3.66555879509124,3.68810296496942,102280.544244278,101941.646672382,102568.615145325
2021-06-20,4.52968599086866,4.50561356763864,4.55497822141768,125973.603106938,125304.132884076,126676.996988831
2021-06-21,6.43663918045001,6.39141904815221,6.47801256643226,179007.249309368,177749.647124578,180157.870901113
2021-06-22,6.41554942097182,6.36829352200978,6.45596664255284,178420.728964363,177106.510744313,179544.758983309
2021-06-23,4.92734602213746,4.90997831076556,4.94303494253856,137032.795079965,136549.787387235,137469.114470706
2021-06-24,4.35368295740387,4.33776117326152,4.36984782488617,121078.840792728,120636.045305282,121528.396590767
2021-06-25,5.85039693014989,5.80930309821127,5.88236609944091,162703.459441218,161560.612434777,163592.54346427
2021-06-26,6.45424584231324,6.40899401621308,6.48965608656093,179496.902375401,178238.418764727,180481.684999135
2021-06-27,6.55701796332728,6.521340998707,6.59576559337111,182355.063936529,181362.863640483,183432.6614959
2021-06-28,6.73770015164541,6.6846736187915,6.78090197878365,187379.956683082,185905.253267141,188581.428448759
2021-06-29,6.8290354757386,6.77412042358591,6.87909895171017,189920.05325714,188392.828853853,191312.352075404
2021-06-30,6.94690363309618,6.89768977806448,6.99587497104594,193198.045706029,191829.375415501,194559.97143398
2021-07-01,6.42230094268119,6.36741089369249,6.46550543830043,178608.49330783,177081.96425929,179810.039285751
2021-07-02,6.65347269526742,6.6169346310494,6.69559808412562,185037.53467373,184021.38662078,186209.069969432
2021-07-03,6.55126540526398,6.5121648543135,6.58707620639353,182195.081441545,181107.66891524,183191.003820608
2021-07-04,6.59986735762712,6.55487070726422,6.65263473031206,183546.734308776,182295.347306369,185014.230306735
2021-07-05,6.32067130579954,6.28437737840686,6.36623265238947,175782.104996092,174772.74655187,177049.196579021
2021-07-06,6.37967802517562,6.32810329485423,6.42742923193141,177423.121407011,175988.793592467,178751.114468751
2021-07-07,4.27574158085227,4.24996805706961,4.30166349892693,118911.238876146,118194.459906873,119632.14479013
2021-07-08,5.90849208171813,5.86665515839435,5.94478919893833,164319.124540487,163155.611664621,165328.57169595
2021-07-09,6.5180476027808,6.47907978433211,6.56769130636645,181271.27209261,180187.550946135,182651.8967595
2021-07-10,6.66023376427736,6.62330063297151,6.70017222512544,185225.564534023,184198.429400595,186336.27989613
2021-07-11,6.43803748335765,6.39595707680634,6.4836842104681,179046.137050343,177875.852742742,180315.603122767
2021-07-12,6.34089234079045,6.29062423245328,6.38702322815699,176344.465530904,174946.475749412,177627.396424525
2021-07-13,5.71172615197635,5.67785539080689,5.7419592530016,158846.932165954,157904.963598355,159687.734967059
2021-07-14,5.44927900744858,5.40842644620426,5.48623785892034,151548.101190046,150411.964083308,152575.951618525
2021-07-15,6.36826325641255,6.32781060115969,6.41271091038527,177105.669037771,175980.653584665,178341.788082641
2021-07-16,6.24476736215111,6.20389998274483,6.28769619058922,173671.165453993,172534.616244241,174865.04494286
2021-07-17,6.47525047987274,6.423360956515,6.51240823082081,180081.0554228,178637.973002947,181114.437379014
2021-07-18,5.81358456616439,5.77528811433045,5.85102982496419,161679.682927904,160614.632936921,162721.060670156
2021-07-19,3.96946003864663,3.95034351613647,3.99494183458356,110393.343923919,109861.700621418,111102.009746292
2021-07-20,3.43866479188436,3.42094508594735,3.4621877356198,95631.5723835795,95138.7754860946,96285.7612134473
2021-07-21,3.89679728638398,3.86867904942183,3.92388514554279,108372.544086437,107590.557072265,109125.87560336
2021-07-22,6.59305504782862,6.55086368464075,6.64084660932434,183357.279407812,182183.909321788,184686.394761914
2021-07-23,6.03711410039444,5.99312029387593,6.07964837400635,167896.189079664,166672.691836654,169079.095734392
2021-07-24,5.76705528856685,5.72302931860186,5.8072113001684,160385.672534967,159161.280804956,161502.438129326
2021-07-25,5.99674869072284,5.950610911894,6.03874830604475,166773.599984643,165490.477434837,167941.637434009
2021-07-26,5.40797701293222,5.36875683005535,5.44888388387739,150399.465042812,149308.72547246,151537.112538727
2021-07-27,4.02078906765192,3.99832735194052,4.04487410863197,111820.838620199,111196.163252892,112490.659751145
2021-07-28,4.63718919881351,4.61929471253571,4.66251171758127,128963.339366288,128465.681710391,129667.575583842
2021-07-29,5.81181307775683,5.77474222478104,5.85629410863716,161630.416648075,160599.451382708,162867.463927114
2021-07-30,5.84306292460203,5.79163984356971,5.89448998852181,162499.495831835,161069.385485652,163929.716944787
2021-07-31,4.95153425072497,4.92309235461478,4.98543316241485,137705.485927429,136914.49773544,138648.237379867
2021-08-01,3.02979208239289,3.00742218426412,3.05208194019433,84260.5483146772,83638.426455878,84880.4441983322
2021-08-02,2.17562511508565,2.16814864642566,2.18555480891413,60505.5925090136,60297.666905006,60781.7439490567
2021-08-03,4.53745132818095,4.50830468282016,4.57060649542482,126189.56234176,125378.974600804,127111.629762712
2021-08-04,4.17264510222411,4.14406826377926,4.19677549131034,116044.056712392,115249.315683641,116715.139004562
2021-08-05,3.31279509305378,3.28692887452927,3.34390290499046,92131.0517038596,91411.6948316938,92996.180801624
2021-08-06,4.19950813559927,4.17748309904539,4.22592812791744,116791.135673599,116178.604646316,117525.893366094
2021-08-07,2.90927953597668,2.89868513904574,2.92400563543353,80909.0136338525,80614.3763550597,81318.5563288717
2021-08-08,3.45901679059083,3.43702371868399,3.47423635017122,96197.5751070907,95585.9330380644,96620.841258852
2021-08-09,3.8481128317866,3.83017294432687,3.87048757914691,107018.59677678,106519.676483587,107640.853495958
2021-08-10,4.1671501267374,4.14462857452868,4.19319062292932,115891.237761489,115264.89830109,116615.441412382
2021-08-11,5.71074844016958,5.66836496065034,5.75689224022335,158819.741345366,157641.028375414,160103.031349472
2021-08-12,5.78726869752594,5.74223981816512,5.83843154722611,160947.820984724,159695.537672285,162370.694123158
2021-08-13,5.48322533266973,5.43149466755957,5.53009610364051,152492.171244564,151053.50677904,153795.678797072
2021-08-14,3.57954987036138,3.55551059837446,3.60838874786504,99549.6808342606,98881.1325696866,100351.70934485
2021-08-15,4.33004039326864,4.29672307068087,4.36777451401167,120421.325239375,119494.748169635,121470.736425857
2021-08-16,3.51218022833193,3.48661375133734,3.53347199534042,97676.0859396955,96965.0650803573,98268.2242494989
2021-08-17,0.760672815508472,0.756374687623628,0.765782469042753,21154.8207863135,21035.2869693205,21296.9236754848
2021-08-18,3.52047122375595,3.50483826847876,3.54362408357327,97906.6640788893,97471.9011157507,98550.5606269716
2021-08-19,3.93647389278176,3.90314508975641,3.96728446273441,109475.977100791,108549.080752389,110332.839699775
2021-08-20,3.46582545111384,3.45304100995373,3.48668614178386,96386.9285192573,96031.3846427296,96967.0783071895
2021-08-21,1.36151919360962,1.35827306842303,1.36624132967797,37864.7612359913,37774.4843190669,37996.0870047292
2021-08-22,2.69861830524727,2.68890290218855,2.71190706390701,75050.3836265137,74780.1917563905,75419.9529106893
2021-08-23,3.57436064097188,3.55510811910572,3.594029174872,99405.3648872255,98869.9393514897,99952.3599964281
2021-08-24,4.94134959774272,4.90820333758789,4.98235243794287,137422.243902451,136500.424193615,138562.560367664
2021-08-25,4.70796945384246,4.66652201629868,4.74353200512454,130931.78569409,129779.104678791,131920.804078523
2021-08-26,3.87440780724219,3.8495385353716,3.8971638941246,107749.877666543,107058.246548955,108382.739693396
2021-08-27,2.56984708979846,2.56171579750324,2.58000384059956,71469.1698251049,71243.0331369528,71751.6358717257
2021-08-28,4.17289870911627,4.15272804113722,4.19761348166571,116051.109690025,115490.149895567,116738.444077949
2021-08-29,5.06293410606344,5.02383444691215,5.10185958181144,140803.590562247,139716.202837475,141886.134129839
2021-08-30,4.81602472639716,4.78025163071851,4.85051098892917,133936.875240222,132942.001475017,134895.961313209
2021-08-31,4.18996803632788,4.16379775937256,4.21719682496718,116525.819119286,115798.006178386,117283.06997951
2021-09-01,3.93314529660207,3.90539573468668,3.95996424471839,109383.406610279,108611.672696235,110129.259530892
2021-09-02,4.14336477188021,4.11061885512812,4.17599480147813,115229.751102462,114319.065211958,116137.214093544
2021-09-03,4.44015839955626,4.41287391187899,4.47027166808756,123483.78079302,122724.980905222,124321.250972158
2021-09-04,4.27586453573447,4.25055579571264,4.30735717639107,118914.658333822,118210.805312426,119790.489776192
2021-09-05,4.02783263904027,4.00143549211964,4.05763082615663,112016.725060963,111282.602714284,112845.432614791
2021-09-06,4.23668151822518,4.21646412488815,4.26398264497541,117824.952357249,117262.693099272,118584.214988818
2021-09-07,4.39662259630668,4.36505477489142,4.4314760505347,122273.020927863,121395.098658211,123242.318848001
2021-09-08,2.99501437337148,2.97506790754019,3.02305348199169,83293.356919498,82738.6323370253,84073.1433214508
2021-09-09,4.0058762322907,3.97532107336086,4.0356185230073,111406.102674532,110556.343227265,112233.255712023
2021-09-10,1.70833614846264,1.69984228158523,1.71972794348814,47509.9731799284,47273.7530496558,47826.7866341307
2021-09-11,1.15749772349631,1.15275134484106,1.16276186296,32190.7874212149,32058.7874498886,32337.1866676164
2021-09-12,2.40232783989517,2.39368257303772,2.41424530229031,66810.3472173944,66569.9165522116,67141.7798334374
2021-09-13,2.87270668175939,2.85838014823162,2.88911433154786,79891.8980477072,79493.4675489566,80348.2057843885
2021-09-14,3.80426879215891,3.77687345522443,3.83074039775918,105799.264651375,105037.381971444,106535.457743835
2021-09-15,2.27994861554447,2.26223624527699,2.29100395097015,63406.898972203,62914.3060846039,63714.3552594459
2021-09-16,4.16909695589835,4.14726442244034,4.19504073291413,115945.380385179,115338.202998004,116666.894210965
2021-09-17,2.52668319750999,2.50504171658168,2.54576992771258,70268.7530530241,69666.8889647397,70799.5678114859
2021-09-18,1.1743567039089,1.16738195909618,1.18166450455269,32659.6469650254,32465.6746374553,32862.8817984644
2021-09-19,1.87675297723369,1.873304229991,1.88424506284756,52193.7580574901,52097.8460853926,52402.1179794511
2021-09-20,2.23673096687628,2.22638840415478,2.24847645567679,62204.9871991757,61917.3535985215,62531.6371142989
2021-09-21,3.92783431591117,3.89804759642637,3.96073513595243,109235.704677957,108407.316046647,110150.698532746
2021-09-22,3.00552652415198,2.98377489208143,3.02934240622435,83585.7068777277,82980.7794123564,84248.0425190665
2021-09-23,3.13667714684938,3.12075548434752,3.15953315546374,87233.0935893484,86790.3014848062,87868.7345065332
2021-09-24,3.75242318839128,3.72302797288366,3.78567018486245,104357.403664757,103539.903021431,105282.024918062
2021-09-25,3.64685131768206,3.62707132776801,3.6779030910782,101421.379188272,100871.284412626,102284.949816668
2021-09-26,3.29581433722095,3.27741781805666,3.31671105583033,91658.8055040009,91147.1859770792,92239.9572530719
2021-09-27,1.6508065124232,1.64316401252261,1.66036848202539,45910.0354465119,45697.4924024328,46175.960229381
2021-09-28,1.33342455396621,1.33072236658124,1.33679868448824,37083.4304790678,37008.2808369421,37177.2673101571
2021-09-29,2.1344158146195,2.12468743755041,2.14635951178221,59359.5342454379,59088.9815593916,59691.6964679491
2021-09-30,2.68723001497018,2.66706027438802,2.71017189238848,74733.6676417137,74172.7336387853,75371.6966278834
2021-10-01,3.20520523428351,3.19220861780922,3.22446774749371,89138.9056269836,88777.4610127729,89674.609028693
2021-10-02,2.88089718130144,2.86283968083794,2.89912849572926,80119.6813290732,79617.4901394237,80626.7064015569
2021-10-03,2.44306052610328,2.42834492097194,2.46217389317533,67943.150519037,67533.8996782431,68474.7060666898
2021-10-04,2.72820039238225,2.70993489348181,2.75078555213176,75873.081295034,75365.1055294572,76501.1897237698
2021-10-05,2.79645277297575,2.77745467955882,2.81950948310757,77771.2257406583,77242.8760306083,78412.4483015492
2021-10-06,1.76537671363929,1.75359885085055,1.77355351688554,49096.3095248857,48768.7592674535,49323.7119030866
2021-10-07,3.04446884539815,3.03093872517613,3.06321291835102,84668.7189299133,84292.4372189353,85190.0041606187
2021-10-08,2.7154800094037,2.700134940817,2.7338177368428,75519.3189194656,75092.5622781252,76029.3034091086
2021-10-09,2.26133176456984,2.24688755153374,2.27425086851101,62889.1518699741,62487.4486252304,63248.4408086914
2021-10-10,1.4752201443167,1.46622233727854,1.482270117832,41026.860875156,40776.6258312825,41222.9253633615
2021-10-11,2.70536460987105,2.69910811970458,2.71783636698164,75238.0028793334,75064.0056948347,75584.8508028898
2021-10-12,3.06926497126647,3.05692780410446,3.08942402358392,85358.3158081566,85015.2109212696,85918.9525632805
2021-10-13,1.22026267621525,1.21684642603876,1.22416077456148,33936.3228200883,33841.3146131807,34044.7315475209
2021-10-14,1.36135550693929,1.35794871428687,1.36732632535293,37860.20899999,37765.4638131651,38026.2614615911
2021-10-15,0.914364579481576,0.91235556859774,0.917451285387085,25429.0917434136,25373.219804337,25514.9351032916
2021-10-16,2.60459197930332,2.59226640748022,2.62701067573439,72435.4484875339,72092.6660747928,73058.9274598239
2021-10-17,2.40774657421791,2.39411039232447,2.42745861077296,66961.0458504322,66581.8144932915,67509.250797623
2021-10-18,2.63331152149726,2.61653562169104,2.65070937060772,73234.1582031844,72767.609186716,73718.004046621
2021-10-19,2.61104411411883,2.59901592511626,2.63470772972412,72614.8866808392,72280.3746836368,73272.9876896828
2021-10-20,1.17032658992833,1.16466238757297,1.1777707002285,32547.5667943275,32390.041530795,32754.5924906625
2021-10-21,2.26826678626624,2.25989108243371,2.28128444785749,63082.0194710574,62849.0855342532,63444.049364075
2021-10-22,0.729183172116242,0.725729800369413,0.735096863124798,20279.0726998747,20183.0321172178,20443.5364100548
2021-10-23,1.2691461004519,1.26770786171106,1.27257503196786,35295.8036087587,35255.8052254985,35391.1644922157
2021-10-24,1.09604864923426,1.09254404565872,1.10021290093202,30481.8474841021,30384.3821099543,30597.6581146111
2021-10-25,1.29836883489157,1.29493654856898,1.30036297928157,36108.5074379917,36013.0532551141,36163.9659299115
2021-10-26,0.871794604982953,0.870265078595967,0.874388944306952,24245.1922230997,24202.655069221,24317.3425383721
2021-10-27,1.12856096989,1.12615582945243,1.13180172707501,31386.0369106161,31319.1483431723,31476.1645398187
2021-10-28,0.533362369501077,0.531280311467725,0.53610274805914,14833.1649441377,14775.2615148784,14909.3767083819
2021-10-29,0.517033286048146,0.51385770780138,0.519000993488555,14379.0421899012,14290.7272306525,14433.7654525354
2021-10-30,1.72405604815791,1.71735630817978,1.73182157573558,47947.1541256023,47760.8298667846,48163.1186518315
2021-10-31,2.24641961119152,2.23975440703235,2.26001914251974,62474.4348907093,62289.0710961625,62852.646971069
2021-11-01,2.14477767924357,2.13126918651357,2.15999165012885,59647.7046449384,59272.0244090078,60070.8153713433
2021-11-02,0.899654563002412,0.89606340391092,0.902454370194283,25019.9963267824,24920.1237857283,25097.8608411606
2021-11-03,0.746787604414565,0.745969791838121,0.748379001895638,20768.6637602137,20745.9198443819,20812.9215906836
2021-11-04,0.50575717375995,0.504324930115474,0.507795340829202,14065.4459501517,14025.6142945391,14122.1287422846
2021-11-05,1.21138540404156,1.20946510453582,1.21462250898635,33689.4399315757,33636.0351153765,33779.4659895304
2021-11-06,0.781539294570492,0.780023224327006,0.78342416592476,21735.1315533064,21692.9686237965,21787.55108887
2021-11-07,0.794423925392049,0.793192106343849,0.796132385038242,22093.4617714642,22059.2040581944,22140.9751791988
2021-11-08,1.15510895574887,1.15190148435962,1.15946091430502,32124.3541892565,32035.1522603411,32245.3850732946
2021-11-09,0.319310756699623,0.318001672562439,0.320197549284856,8880.24613921206,8843.83963203616,8904.90843531726
2021-11-10,0.992618832961501,0.991015168447933,0.994415111638226,27605.3949770555,27560.7959921907,27655.3506908836
2021-11-11,0.814532586379851,0.812851557404592,0.817630028183377,22652.6971099393,22605.9465675469,22738.8390423361
2021-11-12,0.298721519863114,0.297343651660714,0.299113910762525,8307.64566431254,8269.32622618533,8318.55831819733
2021-11-13,0.690433038458859,0.689931827004805,0.691241716606427,19201.4055133332,19187.4664868945,19223.8953945763
2021-11-14,0.493530252278609,0.491054613144392,0.494951438968261,13725.4070695284,13656.5578860842,13764.9312238172
2021-11-15,0.617404282884102,0.613552150274147,0.619330868563028,17170.4268784535,17063.2964889519,17224.0065173419
2021-11-16,0.936351364775287,0.933125368878849,0.938803223050458,26040.5589775157,25950.8418696407,26108.7467993323
2021-11-17,1.42128987101794,1.41800943059386,1.42709079825372,39527.0238317756,39435.7925850991,39688.3515058628
2021-11-18,0.575572745202821,0.573418528422822,0.57731868464611,16007.0637809148,15947.153568552,16055.6195269248
2021-11-19,0.574933156841829,0.573690720260501,0.576741554959964,15989.2763999569,15954.7234059751,16039.5691635728
2021-11-20,0.379730330883358,0.379227823778475,0.380330804158735,10560.5549891976,10546.579929841,10577.2545534104
2021-11-21,0.743121499544619,0.74170549445499,0.74531542429112,20666.7069268336,20627.326876314,20727.7214443563
2021-11-22,1.41528944642055,1.41188825657112,1.4206367349055,39360.148002363,39265.5586332439,39508.8596787705
2021-11-23,0.280720981802618,0.279284574427917,0.281541612271668,7807.03863726574,7767.0911855251,7829.8609205794
2021-11-24,0.789576289923833,0.787287121276026,0.791268450782806,21958.6457803092,21894.9824660606,22005.705907848
2021-11-25,0.430932061009745,0.429803635113935,0.431809758710442,11984.5094183418,11953.1271379319,12008.9187796129
2021-11-26,0.431801615481189,0.431321707981943,0.432351973662967,12008.6923109499,11995.3457617719,12023.9981408237
2021-11-27,0.707336139851231,0.706649481402632,0.708004076474855,19671.4920911603,19652.3956595207,19690.0678563005
2021-11-28,0.456942038893342,0.455828605979997,0.457774176772686,12707.8643346282,12676.8990191086,12731.0066467342
2021-11-29,0.435178026083501,0.434627275469299,0.435523985039412,12102.5925526,12087.2758089175,12112.2139030184
2021-11-30,0.184657369052666,0.18449165175876,0.184966921929309,5135.44518686403,5130.83647786024,5144.05405981936
2021-12-01,0.274667111254843,0.274297668182564,0.274987927096884,7638.67644015462,7628.4019807215,7647.59854372583
2021-12-02,0.613489074299098,0.611632447321354,0.614826314396062,17061.5423038136,17009.9082632899,17098.7318471005
2021-12-03,0.583421017321773,0.582735096015108,0.58456597642671,16225.3294882908,16206.2535570623,16257.1715683268
2021-12-04,0.261882415504737,0.261027799981006,0.262217925958747,7283.12548330825,7259.35805284784,7292.45625388637
2021-12-05,1.001645729158,0.997409385225462,1.00548461415453,27856.4390099173,27738.6234460442,27963.2009744112
2021-12-06,0.524181557454811,0.521812842084993,0.525895858236321,14577.8404083427,14511.9648464445,14625.5162619651
2021-12-07,0.324085475022667,0.322377927847341,0.325305335445918,9013.03425569233,8965.54622438409,9046.95939158792
2021-12-08,0.428815613706187,0.426787474721004,0.429859229472597,11925.6496004311,11869.2456960368,11954.6732543044
2021-12-09,0.495340947712692,0.492788349027284,0.49679484512514,13775.7637230405,13704.774242901,13816.1975844523
2021-12-10,0.542180890156899,0.540889690203432,0.543381387987365,15078.4139135644,15042.5047775232,15111.8005627782
2021-12-11,0.352626809975328,0.351865566506424,0.353105093530801,9806.78790853203,9785.61721749234,9820.08929474537
2021-12-12,0.436685776661436,0.434298170534296,0.437693531824351,12144.5241066353,12078.1231801158,12172.5504530924
2021-12-13,0.463239815040976,0.461409061835751,0.465282332281721,12883.0097099319,12832.095236362,12939.8134832494
2021-12-14,0.303601662080665,0.302219328153603,0.304528352158183,8443.36568995195,8404.92205702906,8469.13756205603
2021-12-15,0.42096227756359,0.419861550446824,0.421780775061232,11707.2430591637,11676.6311003622,11730.0060231131
2021-12-16,0.314112855920882,0.312260227351212,0.315277525599821,8735.68903503081,8684.16619291534,8768.07927933938
2021-12-17,0.746442928947743,0.742091982611311,0.749811269386342,20759.078104487,20638.0753709576,20852.7539094759
2021-12-18,0.233178738300486,0.231117577077879,0.234725125785816,6484.85698365348,6427.53470870561,6527.86305597708
2021-12-19,0.683318837982061,0.67618131967943,0.687096437796485,19003.554830285,18805.0556628732,19108.6124127926
2021-12-20,0.294996399212291,0.29310330741608,0.296310934809255,8204.04756251515,8151.39941095195,8240.60567844099
2021-12-21,0.649790915041064,0.64725254393788,0.65250831125015,18071.1208235826,18000.5270220398,18146.6934332994
2021-12-22,0.434690565373727,0.433651091124016,0.435669351989484,12089.0359435752,12060.1274680568,12116.2566553218
2021-12-23,0.293561739960955,0.29259825587053,0.294259386809532,8164.14872725683,8137.35358899522,8183.5507536641
2021-12-24,0.377248634677282,0.375140174724328,0.378779898806687,10491.5373545257,10432.8996701882,10534.1228361856
2021-12-25,0.479996405736512,0.477881662787168,0.482765589251362,13349.0217270916,13290.2093084138,13426.0345764885
2021-12-26,0.273730466288151,0.272800556238618,0.275468515204779,7612.62771591101,7586.76629422724,7660.96402108651
2021-12-27,0.60150534127742,0.598227539374805,0.604257863524646,16728.2666572333,16637.1087896073,16804.8161456116
2021-12-28,0.524470725749129,0.523616315072059,0.525323050961901,14585.8823724022,14562.1206388647,14609.58610778
2021-12-29,1.00893493001118,1.00368130257773,1.01327358100698,28059.1565707143,27913.0496709189,28179.8173625808
2021-12-30,0.776609531306896,0.773574546364797,0.778935862655904,21598.0315331215,21513.6265678983,21662.7283669961
2021-12-31,0.8297816112641,0.826589020841151,0.832436625351821,23076.782711548,22987.9946322785,23150.6204326625
2022-01-01,0.558882733478084,0.554826037559034,0.561627280319718,15542.9033695528,15430.0839373312,15619.2310565566
2022-01-02,0.569453195446552,0.567975302750713,0.570581334592116,15836.8750009986,15795.7738146746,15868.2493066921
2022-01-03,0.243992813975077,0.242285613074778,0.244873888951444,6785.60367553136,6738.1252743637,6810.10696110216
2022-01-04,0.692490978638318,0.686754343085047,0.698514067728354,19258.6382089124,19099.0985296027,19426.1443530548
2022-01-05,0.5581604364423,0.556970467693784,0.559898054263097,15522.8158049193,15489.7219765309,15571.1401210308
2022-01-06,0.252976107296205,0.250602436455909,0.25504026454639,7035.43508320736,6969.42170635415,7092.84067969007
2022-01-07,0.177614766537418,0.177102632909101,0.177837556193692,4939.58569110998,4925.34291168524,4945.78162075993
2022-01-08,0.85576004551643,0.854283368076653,0.859542731931999,23799.260378309,23758.1929890705,23904.4594226034
2022-01-09,0.993979688374581,0.990382434069257,0.996367477638677,27643.2412781101,27543.1992250744,27709.647297791
2022-01-10,1.12560100964287,1.12160336596613,1.12854653983432,31303.7184324398,31192.5412826524,31385.6356010968
2022-01-11,0.211203444519368,0.210368199958578,0.211675442277864,5873.70933621798,5850.48062521897,5886.8359102048
2022-01-12,0.366481887157329,0.366198515140705,0.366647967047189,10192.1068903466,10184.2261246543,10196.7256833869
2022-01-13,1.06202358776737,1.057171245142,1.06606445708269,29535.5877218228,29400.6408214725,29647.9670055881
2022-01-14,0.560551235062799,0.558203633081293,0.561869885122837,15589.3055168186,15524.0171323992,15625.97805872
2022-01-15,0.702336103031644,0.701183206235915,0.703300853232369,19532.4377162874,19500.3748837509,19559.268065925
2022-01-16,0.945891718440363,0.942274987756107,0.948267778722796,26305.8826066871,26205.2989025006,26371.9624355275
2022-01-17,0.856470661921468,0.85438313257904,0.858479457896753,23819.0230967734,23760.9675067419,23874.8890590992
2022-01-18,0.861148622480264,0.855500972726859,0.867806736705485,23949.1203149849,23792.0553904059,24134.2869337173
2022-01-19,1.12032927584811,1.11271423920608,1.12616991167035,31157.1079826018,30945.3287101485,31319.5399790903
2022-01-20,0.495754384132548,0.493246657255919,0.496940581618618,13787.2616669531,13717.520101888,13820.2506140055
2022-01-21,0.905703626661859,0.903245853807253,0.907560018359712,25188.2248411077,25119.8725308731,25239.8523383399
2022-01-22,1.06480236387872,1.06310816269297,1.06628171847668,29612.8673477571,29565.7504773632,29654.0091905589
2022-01-23,1.44882591499445,1.4451843118149,1.45314094782347,40292.8196688433,40191.5442438938,40412.8236236633
2022-01-24,0.791974837832539,0.789418762237132,0.794853483413467,22025.351005107,21954.2648297702,22105.4080679207
2022-01-25,1.02375700891483,1.02043834557796,1.02624097864981,28471.3685184722,28379.074266975,28540.4493815066
2022-01-26,1.17246420542209,1.16886020845764,1.17549556866896,32607.0153137944,32506.7857428895,32691.3195572461
2022-01-27,1.24152644572405,1.2352247892562,1.24617545683349,34527.6825006618,34352.4292110526,34656.9746152856
2022-01-28,1.34822646145495,1.34384001623191,1.354669647522,37495.0814462587,37373.0914649021,37674.270768872
2022-01-29,1.32144357583154,1.31605744190675,1.32550598561028,36750.2314477415,36600.4394536186,36863.2097862305
2022-01-30,0.707281237928995,0.705224585933313,0.709576812939171,19669.9652319088,19612.7683615837,19733.8067113882
2022-01-31,0.856624041277818,0.851577922846101,0.859379711031052,23823.2886794651,23682.952744076,23899.9257020949
2022-02-01,0.810260723327297,0.804349663302594,0.814196789693577,22533.8937355345,22369.5031947786,22643.3583790501
2022-02-02,1.25162989654474,1.24312390646843,1.25775885577703,34808.6662391067,34572.1089545478,34979.1167028572
2022-02-03,1.24815484343665,1.24443442915274,1.25130143198974,34712.0226832627,34608.5554686836,34799.5314197021
2022-02-04,0.385425298318346,0.383536111921904,0.386822572980795,10718.9358502128,10666.3963104344,10757.7949949997
2022-02-05,1.29316843226077,1.2876625338548,1.29473802271884,35963.8807556281,35810.7580310199,36007.5321181739
2022-02-06,1.48780677575309,1.48271229503409,1.49223353422109,41376.9035306995,41235.2226076894,41500.0146504154
2022-02-07,1.30549462380704,1.29959722547817,1.3097522724164,36306.6804032859,36142.6698034468,36425.0884644992
2022-02-08,1.28147441025937,1.2794168642947,1.28332099011316,35638.66216668,35581.4404344783,35690.0167899531
2022-02-09,1.41255342339767,1.41090538201662,1.4141919821538,39284.0573684712,39238.2242331813,39329.6267856069
2022-02-10,1.84924124061388,1.84220896038396,1.85168465608038,51428.6382243023,51233.065798221,51496.5912459515
2022-02-11,2.32904625393292,2.31944638996658,2.34024425639883,64772.3371999968,64505.3585494648,65083.7611532409
2022-02-12,2.28387095437891,2.27562059864027,2.29252623621783,63515.9818438583,63286.5339215507,63756.6910323875
2022-02-13,1.98885548393514,1.97815440575548,1.9989946076876,55311.4038976145,55013.7997417993,55593.3797241992
2022-02-14,0.912141423416372,0.908807657253862,0.915620752779506,25367.2642833275,25274.5500121277,25464.0267646901
2022-02-15,0.836565061709645,0.833178528807559,0.839117157345287,23265.4350145654,23171.2532649748,23336.4105045537
2022-02-16,1.61820829852999,1.61187861804139,1.62525913691608,45003.4572715001,44827.4246150927,45199.545812342
2022-02-17,0.67640388754,0.672891994075576,0.678294907818494,18811.245424236,18713.5773133928,18863.8359655032
2022-02-18,1.39479572606518,1.39330039828237,1.39637322672376,38790.2039048171,38748.6178370396,38834.0752553402
2022-02-19,0.803555924082989,0.802173084496109,0.805148675520235,22347.4287751339,22308.9710794726,22391.7242600324
2022-02-20,1.0125579895034,1.00385811075198,1.0213041475868,28159.9162832916,27917.9668247377,28403.1528010834
2022-02-21,1.7995197256938,1.79537446301653,1.8030165677446,50045.8495720548,49930.5670389315,50143.0990929979
2022-02-22,2.62106955207199,2.60707363816509,2.62546960389952,72893.7008291555,72504.4650836357,73016.0692193019
2022-02-23,2.76322249272333,2.74003755179183,2.78198767215334,76847.069376599,76202.2806312313,77368.9415925788
2022-02-24,2.55239990090771,2.54228386900314,2.56618973309212,70983.9518093118,70702.6181824925,71367.4562840176
2022-02-25,1.96827713323112,1.96039429456074,1.97419412805325,54739.1061733553,54519.879147018,54903.6617648048
2022-02-26,2.73290574514861,2.72468924854465,2.74368985474705,76003.9403088954,75775.434031815,76303.8536241129
2022-02-27,1.27302183354927,1.26607970064263,1.27773652080672,35403.5903436319,35210.5249750258,35534.7089559463
2022-02-28,0.789854766408733,0.788813023298626,0.790496059689638,21966.3903979834,21937.4188239368,21984.2251939067
2022-03-01,1.16142705138433,1.16132837140686,1.16151478099944,32300.0646631341,32297.3203068274,32302.5044825249
2022-03-02,0.93461676545968,0.934590295235647,0.934696185129079,25992.3186080564,25991.5824533863,25994.5273222878
2022-03-03,1.10544615352847,1.10217088662812,1.10638552247875,30743.1983765349,30652.1110090207,30769.3228565876
2022-03-04,1.85216008924934,1.83669581510276,1.85985019871666,51509.8133610057,51079.7415331562,51723.6804590426
2022-03-05,2.47028959822908,2.4555399833856,2.48395687670396,68700.4092632105,68290.2125895296,69080.5054371211
2022-03-06,2.46577218179058,2.45258877115027,2.47563113338607,68574.7768845775,68208.1373994244,68848.9609357116
2022-03-07,2.63143492162548,2.61970121838016,2.6423539759684,73181.9687030922,72855.6465521569,73485.6349220906
2022-03-08,2.66737932355976,2.64953001445664,2.67736935052904,74181.6066100714,73685.2053616796,74459.4359551944
2022-03-09,3.11031876109772,3.09817285729841,3.12683700687583,86500.0492167557,86162.263492166,86959.432702028
2022-03-10,3.34835197949563,3.31903762045221,3.36424312570266,93119.9125452896,92304.6605744214,93561.855971221
2022-03-11,2.94021309226803,2.92302713605352,2.95218082997255,81769.296565338,81291.3436053436,82102.1273714283
2022-03-12,3.10820636208216,3.09808729638529,3.11750853059227,86441.3019844473,86159.883985831,86700.0015248322
2022-03-13,1.78977851097749,1.7866130468647,1.79229528878327,49774.9398624356,49686.9061840311,49844.9331399063
2022-03-14,1.75887365697389,1.75748170632651,1.76020137570191,48915.4551608082,48876.7440804485,48952.3799084438
2022-03-15,1.30912944806197,1.30625735238361,1.30979688762844,36407.7673017986,36327.8923961649,36426.3292434462
2022-03-16,1.97508669367136,1.97280328543266,1.97866162273723,54928.4846128232,54864.9814994127,55027.9057859879
2022-03-17,3.06355315789576,3.04804370135976,3.07352634946653,85199.4664503793,84768.1380699995,85476.8275917869
2022-03-18,1.9355344614118,1.93116698065171,1.93856687760915,53828.5105266056,53707.047959673,53912.8440533159
2022-03-19,2.02468393129423,2.01766709582088,2.02879487960188,56307.8170301475,56112.674133097,56422.1452576547
2022-03-20,2.72031368250568,2.71248494201011,2.7287794935071,75653.7466078584,75436.0240880183,75889.1864854175
2022-03-21,1.46480097435907,1.45826074721063,1.46924923896389,40737.0967759244,40555.2086758029,40860.8059957183
2022-03-22,2.18653855912192,2.17786040963924,2.19186565307405,60809.1027016243,60567.7575485966,60957.2527545402
2022-03-23,2.55369910602938,2.54867032479043,2.55640213056914,71020.0835744455,70880.2297980063,71095.2564984069
2022-03-24,3.90920307494317,3.88662976016758,3.91614465006419,108717.557380368,108089.778368295,108910.607236582
2022-03-25,2.97258336269436,2.95414993393798,2.98409817934716,82669.5354797728,82156.8894723592,82989.7702478767
2022-03-26,3.29793239768917,3.28472910012645,3.30457393061227,91717.710185102,91350.5176313086,91902.4156667099
2022-03-27,3.57777177999437,3.56986575093709,3.58656340065555,99500.2309495151,99280.3589829766,99744.7318120628
2022-03-28,3.15239341741765,3.14306678250282,3.15758555383801,87670.1736065682,87410.7936390709,87814.5704000798
2022-03-29,4.44635599012854,4.43383382921853,4.46160269985698,123656.13994033,123307.890253332,124080.161155905
2022-03-30,1.72728727234206,1.71668116264047,1.73273784283882,48037.0166356624,47742.0536168679,48188.6006540358
2022-03-31,2.78423770073638,2.77280878452371,2.7895666771928,77431.5163953951,77113.6705760999,77579.7188020169
2022-04-01,2.52732054584005,2.51532587009902,2.5378711696091,70286.4781372206,69952.8981662815,70579.8980550454
2022-04-02,1.9275537058849,1.91889965301327,1.93235682124856,53606.5603668669,53365.8853567415,53740.1382240779
2022-04-03,2.83103177399463,2.81687485091872,2.84130030752335,78732.890933117,78339.1774147021,79018.4657323073
2022-04-04,2.04587906660379,2.03924831423506,2.0501880235753,56897.267947643,56712.8622804768,57017.1029287936
2022-04-05,2.56748504243163,2.56316960484287,2.57150007520026,71403.4797048385,71283.4644933791,71515.1404569252
2022-04-06,4.20998345526472,4.18821080628578,4.22858713023878,117082.461333835,116476.949374156,117599.842002658
2022-04-07,3.99588058499357,3.97216209509618,4.00985395288877,111128.117024325,110468.489924643,111516.72575015
2022-04-08,2.1339259712209,2.12685870747715,2.13689127886667,59345.91137224,59149.3660311939,59428.3785651562
2022-04-09,2.67079382955919,2.6604347086427,2.67587761921104,74276.5663102461,73988.4722150921,74417.9499075135
2022-04-10,2.61678949921885,2.60647415674286,2.62244605633557,72774.6696909076,72487.7931035235,72931.9823352301
2022-04-11,2.82500465936537,2.8174388846975,2.82987660376364,78565.272836031,78354.8635720935,78700.7648748222
2022-04-12,3.28876554325151,3.27669546676937,3.29429537461907,91462.7738197564,91127.096903675,91616.5621360655
2022-04-13,4.41246486164253,4.39124375406185,4.43297956598213,122713.604944009,122123.431720247,123284.132620219
2022-04-14,4.75733547088306,4.72282811860306,4.78310050844245,132304.687712062,131345.015119049,133021.230673778
2022-04-15,4.11164173261805,4.0934424849728,4.13062358152269,114347.512120464,113841.378846694,114875.41005974
2022-04-16,2.57803056099876,2.56169172729909,2.58824530998051,71696.7576435768,71242.363728444,71980.8366584705
2022-04-17,2.77252471415921,2.76032301066533,2.78491352753259,77105.7703888854,76766.4328373937,77450.3115915229
2022-04-18,2.55515299533378,2.5359018033971,2.56543368022306,71060.5172103672,70525.1286608616,71346.4299470384
2022-04-19,3.85491750127838,3.84560756681071,3.86150140253445,107207.839195693,106948.923678824,107390.941902018
2022-04-20,3.8994234210259,3.88619260867929,3.91388963027955,108445.578650809,108077.620892436,108847.893625104
2022-04-21,2.34198836500691,2.33109158350704,2.34758593134417,65132.2659824969,64829.2191861904,65287.938053708
2022-04-22,3.44614573345049,3.43462283529342,3.45454503623467,95839.6223821043,95519.1628619507,96073.2126215695
2022-04-23,3.87377017731918,3.85646011323424,3.88299738973618,107732.144751058,107250.740268012,107988.759712259
2022-04-24,4.39205835177502,4.37707665869773,4.40264415662132,122146.086228577,121729.43530368,122440.484555737
2022-04-25,3.56300142812398,3.55069737708307,3.57024921463975,99089.4575652183,98747.2736598528,99291.0233655368
2022-04-26,1.89065869951612,1.88464399321731,1.89423581069789,52580.4855134888,52413.2125003885,52679.9673727591
2022-04-27,3.34914762982517,3.33652972344953,3.36132038995807,93142.0401141822,92791.1276816187,93480.5727314075
2022-04-28,3.71259842028283,3.69518242189422,3.72897618052425,103249.850173934,102765.499586908,103705.32666228
2022-04-29,4.00454884331339,3.992207493271,4.02139038224443,111369.187097485,111025.965881891,111837.561582005
2022-04-30,2.72839086293328,2.71908076489129,2.74461588011656,75878.3784087076,75619.4583427267,76329.607010242
2022-05-01,2.80525107629634,2.78822595254005,2.821946978188,78015.9124524427,77542.4323508984,78480.2366732945
2022-05-02,3.98527514219352,3.96506073772133,4.00653781593619,110833.17255251,110270.996416867,111424.501759093
2022-05-03,4.31511202667751,4.2961704644341,4.34072560427314,120006.157359796,119479.379819568,120718.488118415
2022-05-04,3.70466502444508,3.68803061383309,3.72792190519611,103029.21711889,102566.603011736,103676.006558851
2022-05-05,2.23553010326339,2.22520146382014,2.24836142319726,62171.5903773076,61884.3439923524,62528.437983951
2022-05-06,3.22405974510554,3.2179889135102,3.2385817497289,89663.2622088435,89494.4283136325,90067.1288897631
2022-05-07,2.96111471071504,2.95223108924704,2.96977009034573,82350.5845821771,82103.5251155346,82591.2964903612
2022-05-08,3.5398809840051,3.52747175265019,3.5498579788414,98446.4625194339,98101.3534790463,98723.9294322046
2022-05-09,2.69147107286809,2.68229333565648,2.69877187865291,74851.614304123,74596.3752815404,75054.6546058462
2022-05-10,4.01825423384332,4.00660368732337,4.0345951518161,111750.343193189,111426.333686516,112204.795073353
2022-05-11,5.08474967999176,5.05225106763455,5.10953310343452,141410.296293535,140506.48810399,142099.539908811
2022-05-12,4.29989610166746,4.28482936468013,4.31392029864203,119582.992287872,119163.976234842,119973.014604458
2022-05-13,3.82588890342569,3.81185959609867,3.83446496412571,106400.53443505,106010.369996138,106639.040430615
2022-05-14,3.3636194555385,3.34301393975329,3.37872763138419,93544.5112859851,92971.4580826124,93964.6797814375
2022-05-15,3.55251411070981,3.5355974872627,3.57238771013716,98797.7982395493,98327.3356043177,99350.4963584949
2022-05-16,4.26470405169317,4.24585041636511,4.2859773045574,118604.27779311,118079.945559324,119195.901212154
2022-05-17,4.16226954604122,4.13874186716334,4.17591948486141,115755.505541465,115101.185024112,116135.119487958
2022-05-18,1.90436953033134,1.8940044620301,1.912627219031,52961.7929071724,52673.533411263,53191.4447640404
2022-05-19,2.87174962898686,2.86625626405609,2.87925230514487,79865.2817687065,79712.5076084433,80073.9362207974
2022-05-20,3.19598343530151,3.18327075159144,3.20654885085741,88882.4412170373,88528.8929632852,89176.2725043675
2022-05-21,3.74549920733979,3.72410654656177,3.76588656698066,104164.843111407,103569.898878257,104731.829246202
2022-05-22,4.60812475173618,4.58091620645479,4.63278879371992,128155.037614682,127398.349735808,128840.961151575
2022-05-23,3.74693423113755,3.72303033116251,3.76632976292432,104204.752084946,103539.968606746,104744.154822416
2022-05-24,3.35403689149492,3.33775142014077,3.37138254011815,93278.0137578989,92825.1038853576,93760.4078708022
2022-05-25,1.80370037350009,1.79251520918452,1.81263531977771,50162.1161893306,49851.0492736512,50410.6030333253
2022-05-26,3.62119157837372,3.60372420745442,3.6367063168056,100707.764641486,100221.985349953,101139.23991493
2022-05-27,2.50577791218096,2.49542421268341,2.51662671175823,69687.3630577385,69399.4197358785,69989.0754446211
2022-05-28,3.4130040913467,3.40043450575677,3.43070600737619,94917.9311043621,94568.3625052324,95410.2332525962
2022-05-29,3.30775366920043,3.29751611439713,3.3209331400628,91990.8463278411,91706.1330677659,92357.3762451294
2022-05-30,3.64675105431984,3.62953066567603,3.66431030976983,101418.590796974,100939.680248045,101906.925458885
2022-05-31,5.27786237291346,5.23491359618096,5.31256965566911,146780.889703778,145586.455439475,147746.122497308
2022-06-01,4.76543783340191,4.74080761120879,4.79041695891628,132530.019843745,131845.036857895,133224.706064788
2022-06-02,4.57052906691355,4.54060649959005,4.60009896582294,127109.476423922,126277.309773177,127931.835129721
2022-06-03,3.1536506844637,3.13461570856796,3.16658058498881,87705.139045713,87175.7636092095,88064.7282446652
2022-06-04,2.3788502009489,2.37218730484367,2.3899776276637,66157.4183440757,65972.1187380555,66466.8795383829
2022-06-05,2.17794247703417,2.16946122313397,2.18615628703507,60570.0398978493,60334.1705429257,60798.4714586983
2022-06-06,4.01111700594033,3.9996806289541,4.02093350585653,111551.852101986,111233.798793578,111824.855543468
2022-06-07,4.20234769917213,4.18530814553921,4.22469148692627,116870.105839576,116396.224433492,117491.501551358
2022-06-08,3.09268954826513,3.07783221676315,3.10492837652388,86009.7689931513,85596.5766470083,86350.139009234
2022-06-09,3.42601078845561,3.40610697603649,3.44093548254283,95279.6560677772,94726.1177052824,95694.7218125611
2022-06-10,3.46691715709801,3.45665587565836,3.48037159949565,96417.2895943159,96131.9164805826,96791.4666542803
2022-06-11,3.7247023011895,3.71104245955307,3.73903566410364,103586.467213716,103206.577863266,103985.087642278
2022-06-12,4.5251097084278,4.50899398586002,4.54177547324231,125846.333625329,125398.144580298,126309.819713868
2022-06-13,2.92569061617619,2.91386089882209,2.93812047631846,81365.4167725638,81036.4244049171,81711.099513353
2022-06-14,1.07103134716476,1.07076832049691,1.07135524974059,29786.0995474762,29778.7845995684,29795.107495183
2022-06-15,3.96584604375659,3.94736200376008,3.98598748701567,110292.836304003,109778.782764083,110852.983339412
2022-06-16,5.31470071935267,5.268528656511,5.35544825979977,147805.388806543,146521.312795364,148938.605214526
2022-06-17,4.88284395577484,4.84838699160083,4.9266814809165,135795.162790066,134836.891524049,137014.313743249
2022-06-18,4.47544012861023,4.45564778482712,4.49683302187053,124464.989323088,123914.550978064,125059.940021727
2022-06-19,4.37761883770841,4.36402396645648,4.3954571543849,121744.513665324,121366.431184809,122240.609206964
2022-06-20,3.02464989867184,3.01669787315169,3.0304255481504,84117.5407392107,83896.3895802142,84278.165421929
2022-06-21,4.52816198361748,4.51367505542857,4.55026353923814,125931.219443925,125528.328262155,126545.878517736
2022-06-22,4.54852479408096,4.52578275180724,4.57154044153859,126497.522849644,125865.051412771,127137.603430047
2022-06-23,6.74462164957599,6.69717454249335,6.77388102646969,187572.448179175,186252.912333147,188386.171059612
2022-06-24,5.13154954325979,5.1035962504678,5.15178167676649,142711.831855309,141934.432049052,143274.501047284
2022-06-25,6.00505798548373,5.96014483539617,6.04554643121349,167004.687040659,165755.622236869,168130.697850913
2022-06-26,6.91459446137931,6.85573830949199,6.95589023588426,192299.505987651,190662.676959502,193447.969152199
2022-06-27,6.50162858068449,6.45250741518201,6.53399506039601,180814.648084426,179448.555551824,181714.781576542
2022-06-28,5.91296342831085,5.86736868205132,5.96445619355068,164443.475685833,163175.45523571,165875.523996528
2022-06-29,3.81637908110526,3.79932594592566,3.83160535369348,106136.059903035,105661.800785036,106559.512748043
2022-06-30,5.20265279048732,5.16382875030111,5.22993269885483,144689.260812617,143609.538235978,145447.933346742
2022-07-01,6.20324520592294,6.16428962274699,6.23680670408077,172516.406462006,171433.025586665,173449.77421799
2022-07-02,6.19123787088375,6.14884128361042,6.22839733796405,172182.474427501,171003.396922123,173215.904110503
2022-07-03,2.13749368524258,2.13372747037488,2.14500452841949,59445.1318901905,59340.3909306811,59654.0134725505
2022-07-04,3.884005626511,3.8719594129004,3.90090706309464,108016.799452666,107681.786179035,108486.839731047
2022-07-05,5.84437259475539,5.8122202880305,5.87169278961817,162535.918636513,161641.74143869,163295.711565071
2022-07-06,4.95812310469559,4.92120080292768,4.99700089666517,137888.726372064,136861.892415344,138969.943821822
2022-07-07,4.67379191626154,4.64840507970268,4.69597400137474,129981.285468894,129275.260530464,130598.184121861
2022-07-08,5.44358674137332,5.41371018037135,5.47305669022744,151389.795455655,150558.908271544,152209.374483432
2022-07-09,5.61263632792851,5.5795230167194,5.64435142130865,156091.177751255,155170.27437468,156973.195752949
2022-07-10,4.68170400102414,4.66340960764825,4.70005241955618,130201.325848655,129692.546508352,130711.607664758
2022-07-11,6.58046600835993,6.52696053758695,6.62028126530182,183007.169783277,181519.146782832,184114.458762184
2022-07-12,6.63765984327041,6.59553897090847,6.67664391659042,184597.76866225,183426.358973336,185681.941867591
2022-07-13,4.16552213474506,4.1470295050666,4.18845713653121,115845.962213135,115331.669788403,116483.799983367
2022-07-14,6.61013489646089,6.57173492674839,6.64372845728967,183832.281444833,182764.352552271,184766.540885184
2022-07-15,4.64152109779413,4.61500488300906,4.66388184254737,129083.812380087,128346.378676301,129705.679677378
2022-07-16,6.48507341472584,6.43791247689536,6.52340338508747,180354.23782419,179042.66053685,181420.219987892
2022-07-17,6.20863080995244,6.17137298225596,6.24054695121322,172666.183719386,171630.018561729,173553.792997379
2022-07-18,3.8384866494945,3.82825270174973,3.84480039119486,106750.88619597,106466.27325061,106926.475583995
2022-07-19,6.31732224945776,6.28192913279223,6.35696905247135,175688.96549476,174704.659200564,176791.569657027
2022-07-20,6.40393243930625,6.36568514486373,6.44581134342607,178097.652918785,177033.970027802,179262.333308724
2022-07-21,6.01932358754138,5.97714934768145,6.05952301574769,167401.42299439,166228.529119591,168519.396033624
2022-07-22,4.14207181475502,4.12611839607299,4.16038746421644,115193.793098298,114750.117833103,115703.163584586
2022-07-23,5.67455165708875,5.63960127164922,5.70481646066855,157813.084549561,156841.090907469,158654.769019954
2022-07-24,6.0975426257014,6.05313924488318,6.13488809472627,169576.746866385,168341.859087613,170615.34938812
2022-07-25,5.21429905523885,5.19233849070055,5.23584103726218,145013.15124044,144402.413223119,145612.248197495
2022-07-26,5.87166249860598,5.83578243649422,5.90684634678774,163294.869151721,162297.020578325,164273.355549135
2022-07-27,5.8598156323361,5.82235045758625,5.89605630191453,162965.399861233,161923.468243063,163973.277169949
2022-07-28,5.63371781458069,5.58893686219083,5.66986475013377,156677.468023424,155432.079726203,157682.738526076
2022-07-29,5.61307296222281,5.58642752746476,5.64587736954848,156103.320843602,155362.293445768,157015.633396157
2022-07-30,5.98188696976751,5.93955826034494,6.02985324004708,166360.28556486,165183.095788002,167694.259687327
2022-07-31,6.18307300667363,6.13574771049768,6.22721099620308,171955.404081897,170639.255878819,173182.911151068
2022-08-01,4.5264434010149,4.4984273163291,4.56133952537957,125883.424509989,125104.278419083,126853.909115224
2022-08-02,5.96394167151909,5.92796456039226,5.99590459421354,165861.214794008,164860.667222463,166750.125095023
2022-08-03,6.00633911437877,5.96951064844817,6.04379959683424,167040.316093816,166016.091774617,168082.117216135
2022-08-04,5.20290767980247,5.17367276456031,5.22829512066892,144696.349455293,143883.306869779,145402.391199921
2022-08-05,5.57365812138357,5.53868276768734,5.61085811982701,155007.167704861,154034.479678817,156041.724592234
2022-08-06,5.62089168820955,5.57862882007846,5.65639455133247,156320.76485324,155145.406166824,157308.123269966
2022-08-07,5.8554866289339,5.80898347311772,5.89676353120103,162845.007375411,161551.72344672,163992.945690377
2022-08-08,5.92035222878046,5.87465033765374,5.95639274523167,164648.963178713,163377.962958027,165651.274094822
2022-08-09,4.83401115640925,4.78802274976873,4.88344898917258,134437.089912987,133158.121503846,135811.989174338
2022-08-10,2.08670748197719,2.07724247903032,2.10125087094124,58032.733541528,57769.5054663283,58437.1949352935
2022-08-11,5.10858809755322,5.08187708620471,5.1341405050822,142073.258661929,141330.407535165,142783.888239999
2022-08-12,4.01146000000033,3.98251000859283,4.04130430910933,111561.390996662,110756.27233394,112391.381234015
2022-08-13,5.21188559460102,5.17560763109288,5.24689996192831,144946.031282651,143937.116804757,145919.804303921
2022-08-14,5.75528203059844,5.70904572009181,5.79286969755275,160058.250340674,158772.387558876,161103.588549142
2022-08-15,5.6130705531001,5.57629576469186,5.64454347633115,156103.253844285,155080.522332958,156978.536931836
2022-08-16,5.3899476888888,5.35942659321158,5.42191997306287,149898.057458289,149049.245332905,150787.228108326
2022-08-17,5.4134066233731,5.37219971225063,5.4557783706909,150550.466147985,149404.474333658,151728.852837552
2022-08-18,5.207669401596,5.1675602662704,5.25191434216543,144828.776129578,143713.314195868,146059.257578848
2022-08-19,4.65939459826779,4.627099070511,4.69956035554759,129580.886406706,128682.726136002,130697.923034908
2022-08-20,3.61771345798168,3.59275576921403,3.6419264629593,100611.03578242,99916.9457316701,101284.415677897
2022-08-21,4.36367552960362,4.34297749889425,4.3861842251235,121356.740922416,120781.114817001,121982.722829681
2022-08-22,4.14670657858668,4.11301369633116,4.17613275440158,115322.688986578,114385.667350787,116141.050656799
2022-08-23,4.1298084845034,4.10956581288671,4.15763337688528,114852.741665373,114289.779401497,115626.570570174
2022-08-24,2.98879355458762,2.97924056542166,3.00163619973827,83120.3517800563,82854.676749137,83477.5143485681
2022-08-25,2.94267773916304,2.93307249791841,2.95691960449924,81837.8400472431,81570.7118509978,82233.9158668431
2022-08-26,3.92851237964536,3.91655140509698,3.94877516990088,109254.562084829,108921.919366643,109818.083861533
2022-08-27,2.25086332439174,2.23906052963176,2.25830346836902,62598.0175328912,62269.7739006299,62804.9329231284
2022-08-28,4.82788804040095,4.7969742473518,4.86237537504549,134266.801953212,133407.068650737,135225.917842368
2022-08-29,4.97047377702102,4.92809141405268,5.00643378793364,138232.206846597,137053.524928674,139232.278849725
2022-08-30,4.98301536581005,4.94931343711813,5.01917220464136,138580.996835931,137643.72361268,139586.542755387
2022-08-31,4.78412389733383,4.75330280976853,4.81749631688731,133049.691804702,132192.536703862,133977.801157982
2022-09-01,4.49032687192234,4.46436469926412,4.52083260970144,124878.999631382,124156.974210451,125727.384643327
2022-09-02,4.61582088839716,4.58082406242682,4.65144677383022,128369.072333014,127395.787148637,129359.852082631
2022-09-03,2.92640746264651,2.90148895524589,2.95632258517701,81385.3527533189,80692.3523626448,82217.3123593821
2022-09-04,4.72471003334361,4.69599487373663,4.76163049768612,131397.352429204,130598.764596234,132424.135285892
2022-09-05,4.74095418314515,4.71675013390341,4.77409086782378,131849.113121674,131175.982291214,132770.666530101
2022-09-06,4.72867690469894,4.6887199397574,4.76969008096669,131507.67378011,130396.443806763,132648.277698289
2022-09-07,3.7259555523595,3.69900365584451,3.75497342310478,103621.320968656,102871.770663977,104428.327401253
2022-09-08,3.75802790859456,3.73736194923115,3.77513015507007,104513.274689776,103938.540509986,104988.899625828
2022-09-09,3.97122413962441,3.95335496775433,3.99928873991039,110442.404754375,109945.451109122,111222.900096636
2022-09-10,4.54140963621169,4.50326699275229,4.58337848736979,126299.64554087,125238.873063861,127466.827418224
2022-09-11,2.9628478074728,2.94186014637206,2.99006194052554,82398.7831644957,81815.1022437923,83155.6264430356
2022-09-12,2.05592225139707,2.04499363796091,2.06712724376527,57176.5756474768,56872.6435836888,57488.193994588
2022-09-13,2.41477541725983,2.40353702937117,2.42784536218361,67156.5226860117,66843.9755870955,67520.006613546
2022-09-14,2.26916123324547,2.25562721446857,2.28426384876102,63106.8946409895,62730.5045085876,63526.9084999344
2022-09-15,3.00009609597459,2.98387684739783,3.01927669333354,83434.6830307549,82983.6148580337,83968.1082977428
2022-09-16,2.54531032661243,2.53732543335299,2.55819121830848,70786.7859968755,70564.7207640221,71145.012227447
2022-09-17,3.96016008633192,3.93771753718898,3.98278356618805,110134.706017413,109510.563685221,110763.880153996
2022-09-18,2.84186775796439,2.82392525828049,2.86381232548204,79034.246909366,78535.2539684684,79644.5400388224
2022-09-19,2.81561649716421,2.79802900200494,2.83225928269216,78304.1817534666,77815.0617263156,78767.0287726462
2022-09-20,3.89081654887922,3.87110621171262,3.91763575591104,108206.215768264,107658.058082205,108952.075889491
2022-09-21,3.81377838962181,3.78308029037006,3.84877634466776,106063.732929951,105209.998216535,107037.049514677
2022-09-22,0.643415810361732,0.641552614082202,0.645455741959521,17893.8248899885,17842.0081527795,17950.5567548425
2022-09-23,1.80128395804018,1.79578639269397,1.81063133406003,50094.9140559593,49942.0230793278,50354.8708474873
2022-09-24,3.71157403664407,3.68538914958436,3.73627001579314,103221.361378419,102493.142120724,103908.173109284
2022-09-25,3.73907668543214,3.71519665475384,3.76666917269919,103986.228472916,103322.108815855,104753.594035721
2022-09-26,3.72813337181301,3.70749054448432,3.75403600559861,103681.887587188,103107.796724785,104402.257192169
2022-09-27,3.59772035588292,3.5807888066587,3.62161839106425,100055.014214094,99584.1364829981,100719.634588451
2022-09-28,2.97949493361859,2.96254561000503,3.00797520954724,82861.7508991662,82390.3788503906,83653.8064596275
2022-09-29,1.19608946287331,1.19230500587488,1.20110395184363,33264.0495566666,33158.8012712762,33403.5058555367
2022-09-30,1.62015914492506,1.61542168865384,1.62825198030665,45057.7116171635,44925.9597833168,45282.7787927748
2022-10-01,3.03550375760388,3.02558547756304,3.0519065896396,84419.3938301401,84143.5598151805,84875.5675818889
2022-10-02,3.06424758526179,3.04887326244483,3.08447641898758,85218.7789408193,84791.2087197299,85781.356363675
2022-10-03,3.25248959710816,3.2347864414116,3.27885808124207,90453.9154461289,89961.5788219226,91187.2406614999
2022-10-04,3.18150702603074,3.15994499888962,3.20429032700827,88479.8425734303,87880.1881482158,89113.4614425074
2022-10-05,3.13207490762312,3.11075992158344,3.15262225263465,87105.1022321416,86512.3181855201,87676.5376673134
2022-10-06,3.08320092623663,3.06743481030219,3.11214165980197,85745.8840554625,85307.4178052043,86550.7452513894
2022-10-07,2.95376435642554,2.93527792973015,2.97979942053399,82146.1663033324,81632.0463877165,82870.218884344
2022-10-08,2.8683525442385,2.85477573014068,2.88885049345656,79770.8065651991,79393.2262662417,80340.8682702506
2022-10-09,2.98604136826615,2.9695332157663,3.00830134928714,83043.8116339984,82584.7088495588,83662.8766243661
2022-10-10,2.31497270414108,2.29931808047836,2.33164672042874,64380.9423484867,63945.576773025,64844.6579160239
2022-10-11,3.06173630250513,3.04405842201911,3.07929688074736,85148.9384843474,84657.3047806851,85637.3099339964
2022-10-12,2.95328718807853,2.93474894273276,2.97407967508602,82132.8959318136,81617.3349048031,82711.1489301822
2022-10-13,2.95073013066812,2.93479135693328,2.97509395179436,82061.7824515438,81618.5144721447,82739.3566451881
2022-10-14,2.72002195177465,2.70449786991827,2.74101759609986,75645.6333807165,75213.8982603754,76229.5363202429
2022-10-15,2.86716063594645,2.85724236255371,2.8874264203497,79737.6587968054,79461.8249667338,80301.2638427647
2022-10-16,2.81375837097863,2.7961806650222,2.83858875094204,78252.5060189683,77763.6582361089,78943.0555265525
2022-10-17,2.83081638529766,2.81493232092814,2.8564642771622,78726.9008291053,78285.1543538209,79440.1858905392
2022-10-18,2.73335440235964,2.71958477183131,2.75762396280819,76016.4177666149,75633.4751135036,76691.3705076413
2022-10-19,2.55034715019763,2.53678169095433,2.57306745950855,70926.863436354,70549.5989235104,71558.7304649669
2022-10-20,1.20210156888008,1.19722499011635,1.20837741234094,33431.2502539026,33295.6293303019,33605.7856664883
2022-10-21,0.329117964536115,0.328137159910848,0.329860551542181,9152.99116173063,9125.7143277872,9173.64300403561
2022-10-22,0.525232448125384,0.523794398663687,0.526847879757345,14607.0663821763,14567.0732628958,14651.9926184897
2022-10-23,1.52016421342863,1.51378568444296,1.5253001121903,42276.7855577347,42099.3943918864,42419.6183442687
2022-10-24,0.528650233307512,0.526152244427285,0.529748077242371,14702.1172786195,14632.6465337604,14732.6490542
2022-10-25,0.863578802426345,0.86190467548729,0.86536572498943,24016.7052479412,23970.1466558012,24066.4007619788
2022-10-26,0.687381280323915,0.685263572957904,0.689329700881294,19116.5340743759,19057.6392132839,19170.7209558673
2022-10-27,0.626370304821943,0.625132787919056,0.627933009122224,17419.7779573854,17385.3617829581,17463.237811268
2022-10-28,0.983110350470965,0.980306795685862,0.985911322392129,27340.9577066074,27262.9889691499,27418.8546128878
2022-10-29,1.54144401664657,1.53953648156714,1.54676924413007,42868.5911465049,42815.5413175558,43016.6892916773
2022-10-30,0.371964782911748,0.371289791682408,0.37285090347221,10344.5898957991,10325.8179373462,10369.2335024451
2022-10-31,0.359453353517192,0.358994158567451,0.359828381827784,9996.63865943807,9983.86814014291,10007.0684480918
2022-11-01,0.524619233276064,0.522582101516318,0.526552272156516,14590.0124662529,14533.3584667713,14643.7715730006
2022-11-02,0.655787644446748,0.654852647626107,0.657287967955547,18237.8938872374,18211.89099904,18279.6188895026
2022-11-03,0.676886780423061,0.675161706050332,0.678652649231092,18824.6749989386,18776.6995245243,18873.7849939384
2022-11-04,0.74582884484945,0.744064045043233,0.747863095827513,20742.0000141672,20692.9197488244,20798.5738971796
2022-11-05,1.12537553965809,1.12054843747634,1.12966816152715,31297.4479610577,31163.2030143604,31416.8286520619
2022-11-06,1.2469464689064,1.24322079996431,1.25111628455178,34678.4169777493,34574.8036276043,34794.3823453705
2022-11-07,0.273391798830384,0.272699678546269,0.27380672040001,7603.20914694267,7583.96081799689,7614.74839386572
2022-11-08,1.53594998255102,1.53215722201916,1.54206909496172,42715.7983763208,42610.3191641009,42885.9749933637
2022-11-09,1.3764862715916,1.37261536241865,1.37968598295043,38281.005705293,38173.3531269908,38369.9918225619
2022-11-10,0.607847947192687,0.605077828199405,0.612378058080051,16904.6587784188,16827.6199127398,17030.644198182
2022-11-11,1.0955543023768,1.09242474986068,1.1022606216524,30468.0993666951,30381.0644138613,30654.6066001847
2022-11-12,1.11250954985068,1.10567805065082,1.12117383294929,30939.6361619963,30749.6475909202,31180.5956815901
2022-11-13,0.855927991059938,0.853264646213272,0.860600767948483,23803.9310564276,23729.8616513238,23933.8841132954
2022-11-14,0.800003426152444,0.796590807523546,0.805336747634643,22248.6314268756,22153.7242157403,22396.9546715761
2022-11-15,0.817328911080585,0.814181606917583,0.821442285232755,22730.4647739051,22642.9361358745,22844.8604657743
2022-11-16,0.453867898267287,0.451724133713027,0.455920620301191,12622.3704235928,12562.7508946327,12679.4579990471
2022-11-17,1.67436480828507,1.6655971776776,1.68030317593271,46565.2074427081,46321.3737596315,46730.3574267588
2022-11-18,1.61562101566097,1.60721382968266,1.63005893355844,44931.5032009697,44697.6937245926,45333.0313736892
2022-11-19,1.41497223570807,1.40616107121534,1.42504107284122,39351.3261598609,39106.2817702596,39631.3472684581
2022-11-20,1.01151888417522,1.0049560400924,1.01748961665937,28131.0180677283,27948.5009755042,28297.0681395725
2022-11-21,0.787257670354469,0.783440430461394,0.791409791639701,21894.1634161948,21788.003416534,22009.636691802
2022-11-22,0.591988989394342,0.588624778141262,0.593816895234603,16463.6105337048,16370.0495641326,16514.4458201467
2022-11-23,0.94871064217217,0.946124914139164,0.950263510661323,26384.2787648524,26312.3679353536,26427.4650782357
2022-11-24,1.18825833332442,1.18527702739817,1.19237658743759,33046.2605956526,32963.3484798347,33160.7920025077
2022-11-25,0.702633175252348,0.699863683415598,0.704733025974593,19540.6994938368,19463.6780698013,19599.0977496985
2022-11-26,0.882575869789906,0.879777335634016,0.884684401956292,24545.0264227594,24467.197312365,24603.6661154008
2022-11-27,0.711331158302846,0.705595933883101,0.714082633120914,19782.5962316776,19623.095796937,19859.116590349
2022-11-28,0.619832970509288,0.616867994912534,0.62168827866447,17237.9703089656,17155.5123505552,17289.56767215
2022-11-29,0.616405016790298,0.614631766813472,0.618240294783026,17142.6366186976,17093.321348447,17193.6769296403
2022-11-30,0.297982834383263,0.295050906807756,0.299731229580661,8287.1023260663,8205.56345527486,8335.72636824385
2022-12-01,0.208211835094036,0.207595286820228,0.208781047551246,5790.5106731854,5773.36405249302,5806.34085309471
2022-12-02,0.408472457860197,0.406586821381417,0.409163530623845,11359.8928027963,11307.4519886072,11379.1119994958
2022-12-03,0.757380759585399,0.75466577246941,0.76012246220234,21063.2665048257,20987.7608936025,21139.5150920347
2022-12-04,1.0029267153228,0.997243472443017,1.00942316625093,27892.0640936506,27734.0093003731,28072.7347477474
2022-12-05,0.410662990255135,0.40956586739567,0.41182381863057,11420.8129767485,11390.301254758,11453.0963918323
2022-12-06,0.47347537805495,0.472122675492005,0.474556031398763,13167.6675770109,13130.0480121824,13197.7212707336
2022-12-07,0.529924254477594,0.52860706584268,0.53096878626284,14737.5486611818,14700.9167624926,14766.5977901529
2022-12-08,0.63059638176884,0.629552969640556,0.631832895251929,17537.307989507,17508.2899989465,17571.6962581572
2022-12-09,0.565763211298178,0.563535104685529,0.566905172689805,15734.2540688821,15672.2889307538,15766.0127805019
2022-12-10,0.397741264800545,0.395778506417102,0.39937741777186,11061.451131986,11006.8655059428,11106.9536426338
2022-12-11,0.515252403641551,0.512128954930645,0.517769954557981,14329.5146566637,14242.6494547433,14399.5294348596
2022-12-12,0.884025217167307,0.881489388124398,0.887495459745589,24585.3337446472,24514.8106395043,24681.8435164333
2022-12-13,0.46301322261484,0.461329736865049,0.464957294488251,12876.7080227035,12829.8891557649,12930.7739643794
2022-12-14,0.474369665960033,0.471780222573683,0.476204171381564,13192.5383229843,13120.5241670191,13243.5571482043
2022-12-15,0.466685074514985,0.464623271940687,0.469363005896794,12978.8246848449,12921.4845734767,13053.2997512667
2022-12-16,0.46618961677904,0.46498147554953,0.466998538162999,12965.0456731629,12931.4464558992,12987.542318973
2022-12-17,0.401753389816928,0.399330176997685,0.403358843930427,11173.031017534,11105.6398450443,11217.6797723722
2022-12-18,0.361033303623187,0.360034950796922,0.361916445297646,10040.5781307353,10012.8132695617,10065.1388925651
2022-12-19,0.660240570603923,0.658128369371537,0.663172473571786,18361.7327479265,18302.9910161007,18443.2709343629
2022-12-20,0.353534166927864,0.351600953626515,0.354897161038869,9832.02211347372,9778.25815596404,9869.92789315092
2022-12-21,1.03818466261592,1.03132235754276,1.04213757657703,28872.6112370116,28681.7659339536,28982.5444234304
2022-12-22,1.23752780374654,1.22753438653496,1.24606313215219,34416.4775874609,34138.5539574276,34653.8507906207
2022-12-23,0.487220838164177,0.48364551256363,0.48956849230976,13549.9380345686,13450.5058335089,13615.227869706
2022-12-24,0.550932350839688,0.546661624540561,0.554610577662663,15321.7979001988,15203.0261396685,15424.0918532165
2022-12-25,0.410016290431327,0.409314918371132,0.410483918981078,11402.8278212437,11383.3221942048,11415.8328846072
2022-12-26,0.292401617739735,0.291985459044297,0.292489962693453,8131.88495079505,8120.31129857405,8134.34188316489
2022-12-27,0.322029074820342,0.321507170701419,0.322168941129669,8955.84438790924,8941.32988459276,8959.7341637071
2022-12-28,0.337769793522998,0.337224326768018,0.338294721970827,9393.60432413081,9378.43452811441,9408.20293606101
2022-12-29,0.497121166476137,0.496162072523084,0.497751712659063,13825.2727999173,13798.5997543182,13842.8087118434
2022-12-30,0.332990264023185,0.331707204846858,0.333632384658904,9260.68240560022,9224.99967002713,9278.5402108154
2022-12-31,0.56976148470335,0.56883105837613,0.570463988978333,15845.4487318392,15819.5729521269,15864.9858465302
2023-01-01,0.603327032662458,0.601479527336818,0.605299640094827,16778.9291155107,16727.5487542452,16833.7886502052
2023-01-02,0.84130585061221,0.838344132081191,0.845065322897361,23397.2795311234,23314.9121538938,23501.8329748931
2023-01-03,0.519163748381696,0.51646661096995,0.520858938235395,14438.2917751886,14363.2825762028,14485.4361411008
2023-01-04,0.83469194675566,0.832630550492224,0.837626520013276,23213.3424323726,23156.0136207817,23294.9548813565
2023-01-05,0.427937740583473,0.425020101843017,0.430118897712125,11901.2353605562,11820.0938718436,11961.89480207
2023-01-06,0.658620128457929,0.657661534554876,0.659705776011314,18316.66716586,18290.0080269864,18346.8597518979
2023-01-07,0.952703447751297,0.949742821925937,0.955475602698662,26495.3213639027,26412.9843755499,26572.4168508293
2023-01-08,0.590713831291692,0.587538831902329,0.592702416202522,16428.1475322858,16339.8486714494,16483.451411364
2023-01-09,0.794020363649931,0.792737673210626,0.795292224416987,22082.2384489573,22046.5659682079,22117.6097492636
2023-01-10,0.780109584511487,0.774710534208859,0.781695446319878,21695.3703584037,21545.2191511569,21739.4742381065
2023-01-11,0.676865468458785,0.673767633753653,0.679148573249564,18824.0822989293,18737.9294396755,18887.57697325
2023-01-12,0.688128298912674,0.685171078847071,0.690843662534986,19137.3091619655,19055.066890074,19212.825244082
2023-01-13,0.630216380768198,0.628239569108005,0.631572981135118,17526.7399070105,17471.7634499226,17564.4678723797
2023-01-14,0.533200889575182,0.531962411446789,0.534041513858627,14828.6740791781,14794.2311724253,14852.0524038695
2023-01-15,0.513615791523689,0.511890302738817,0.514983187732257,14283.9993768427,14236.0123773489,14322.0275818033
2023-01-16,0.655695256299214,0.654453626810833,0.657826791073022,18235.3245109379,18200.7939627519,18294.6039215075
2023-01-17,0.583836060615792,0.58297122121527,0.584846455058641,16236.8721204508,16212.820357125,16264.9718670517
2023-01-18,0.695003143567964,0.693844432762856,0.696591241315038,19328.5031992063,19296.2786751725,19372.6692618624
2023-01-19,0.583222745399452,0.581048243009613,0.584813452256582,16219.8154132534,16159.3410444859,16264.0540370087
2023-01-20,0.706420086810809,0.7050927346018,0.707573180223736,19646.0160421866,19609.1014876904,19678.0843427792
2023-01-21,0.947535190934921,0.946083039097207,0.949276547657644,26351.5886781816,26311.203362373,26400.0169756614
2023-01-22,0.744810872172344,0.741850257421054,0.746709142874621,20713.6895117929,20631.3528314174,20766.4816922045
2023-01-23,0.849428008870981,0.846068420364757,0.85175174899474,23623.1621956005,23529.7297877164,23687.7869657643
2023-01-24,0.968717102404075,0.966202732229771,0.971290172332748,26940.6718318132,26870.7455121874,27012.2306309473
2023-01-25,1.12157937461262,1.11710587935603,1.12610999990654,31191.8740670328,31067.463165904,31317.873792787
2023-01-26,1.02335462461678,1.01957871562775,1.02577470751873,28460.177941474,28355.1673819537,28527.4820688661
2023-01-27,0.560577547404361,0.556497283414577,0.562144944141422,15590.0372806715,15476.5624046079,15633.6276343657
2023-01-28,1.46142670908772,1.4528696290587,1.46945550251,40643.2561973662,40405.278066983,40866.5423231694
2023-01-29,1.81929380827158,1.81136854666382,1.82622206305364,50595.7800607197,50375.3732240632,50788.4594693803
2023-01-30,1.49352639182672,1.48653853477147,1.49968791363466,41535.9698868741,41341.6328990519,41707.3259376762
2023-01-31,1.25723195517113,1.25329604998251,1.2604503354433,34964.4632438894,34855.0030828326,35053.9685561495
2023-02-01,0.976921270570843,0.974449799724965,0.979543171907613,27168.835246793,27100.101986241,27241.7520801121
2023-02-02,1.5177489868383,1.51177475035045,1.52291155887923,42209.6164876231,42043.4689670875,42353.1910759293
2023-02-03,1.42921620600403,1.42217814589574,1.4336859274821,39747.4605198027,39551.7273514303,39871.7664696219
2023-02-04,1.11403788970057,1.11041985455349,1.11563478005307,30982.1403174832,30881.5203353112,31026.5509083887
2023-02-05,0.593247252903328,0.591123562681747,0.59466220060567,16498.6036851516,16439.5424368366,16537.9543290221
2023-02-06,0.901702969112922,0.900635450822087,0.903096233772655,25076.9638735147,25047.2754744181,25115.7114974387
2023-02-07,0.841397171634672,0.840107555114246,0.842222065450716,23399.8192299595,23363.9541302524,23422.7600798102
2023-02-08,1.62874096931631,1.62154180749892,1.63548007741435,45296.3779048436,45096.1643899741,45483.7970174594
2023-02-09,2.00606665153077,2.00248387685029,2.01022819787511,55790.0580030139,55690.418638049,55905.7933958312
2023-02-10,1.24938017462041,1.24345156818653,1.25452559660917,34746.0999646745,34581.2214465202,34889.1975985362
2023-02-11,2.27661469246396,2.273238786417,2.28090239753127,63314.1803370083,63220.2941273808,63433.4242884605
2023-02-12,1.27982544057785,1.2756916642105,1.28304305987986,35592.8032147319,35477.8401235853,35682.2873639022
2023-02-13,1.54732055888889,1.54002171926536,1.55130305843098,43032.0217245995,42829.0361031394,43142.777705853
2023-02-14,1.73461494884238,1.72695953563882,1.73985951502681,48240.8042299918,48027.902058303,48386.6591303794
2023-02-15,2.06902430570986,2.05575895320633,2.07835973629453,57540.9525586384,57172.0342153531,57800.5771396083
2023-02-16,1.8496738273889,1.84571172451894,1.85361815086512,51440.6687524263,51330.4800162942,51550.363031703
2023-02-17,1.11493746223635,1.11213906833956,1.11660436935331,31007.1580325779,30929.332822883,31053.5158366268
2023-02-18,1.05135313664651,1.04769511689419,1.05322144986337,29238.8353250384,29137.1033441978,29290.7943677036
2023-02-19,0.409226454182643,0.408133431639956,0.410317614805907,11380.8619458361,11350.4642564031,11411.2078540421
2023-02-20,1.07387333580245,1.07179417500964,1.0748045010692,29865.1371561318,29807.3143010737,29891.0334862475
2023-02-21,1.05143209930659,1.04269368529975,1.06398504068722,29241.0313295343,28998.0101797015,29590.1370420486
2023-02-22,2.15686815174902,2.15153651677342,2.16130813116969,59983.9487880969,59835.6724462753,60107.4275913673
2023-02-23,2.11761643900602,2.11419524410734,2.12046288919515,58892.3323510368,58797.1866280911,58971.4940384277
2023-02-24,2.46126376247836,2.43941529275953,2.47551048875233,68449.3947220565,67841.7741367879,68845.6057275936
2023-02-25,2.17395464160914,2.16098590105467,2.18424529108034,60459.1355221153,60098.4661559167,60745.3253804876
2023-02-26,1.1173178446642,1.11405360779162,1.12053794182359,31073.3580631791,30982.5774481291,31162.9111232235
2023-02-27,1.87428472330554,1.86726634865682,1.88045599283811,52125.1142615759,51929.9285590272,52296.7414031328
2023-02-28,1.27426008142186,1.2695585706847,1.27939283851955,35438.0268468164,35307.2746823619,35580.7722615697
2023-03-01,2.12447975392835,2.10979523079391,2.13282873111182,59083.2057386769,58674.8193090476,59315.3963894593
2023-03-02,1.2972296664743,1.29483669510717,1.29946051691431,36076.8264008606,36010.2762634215,36138.8678466667
2023-03-03,1.44961154434007,1.44586328471877,1.45201683510485,40314.6685474575,40210.426935384,40381.5612956018
2023-03-04,2.40017926131031,2.38683906889137,2.41020350223653,66750.593807017,66379.5941155281,67029.3746652119
2023-03-05,1.44776953675312,1.4454894931725,1.45104700393046,40263.4410819895,40200.0315419748,40354.5896406813
2023-03-06,2.63167653861057,2.62313838472248,2.64388229404755,73188.6882333741,72951.2364516541,73528.1384721186
2023-03-07,2.06367547872369,2.05544569183131,2.07543318858547,57392.198095481,57163.3222065724,57719.1878865083
2023-03-08,2.65861759961314,2.65040000828741,2.66917983023825,73937.9371951915,73709.4004731652,74231.679907462
2023-03-09,2.69986307259491,2.68575133415678,2.7185539605308,75085.0014406685,74692.544537312,75604.8075604081
2023-03-10,1.05548811917766,1.05233672528081,1.05756001180942,29353.8319604086,29266.1895841387,29411.4526830369
2023-03-11,1.70578874763411,1.69626783298998,1.7151919941326,47439.1282556723,47174.3452387011,47700.6388426546
2023-03-12,2.70503051444627,2.69059551488445,2.7205431881096,75228.7114616665,74827.2644498172,75660.1293125133
2023-03-13,1.31207843465928,1.30493097197112,1.31423424352027,36489.7805954191,36291.0048679813,36549.7350846212
2023-03-14,2.46256994330751,2.45588079031501,2.47332538114048,68485.72048629,68299.6906586381,68784.8364204948
2023-03-15,2.44881577017316,2.44301325283319,2.45344536038029,68103.2077136644,67941.8358177141,68231.9597199795
2023-03-16,3.53050776291107,3.51531870067332,3.54579527524434,98185.7869590719,97763.3689588481,98610.9429224315
2023-03-17,3.68206226638681,3.66261976949272,3.70457145378106,102400.619269393,101859.910400813,103026.614856014
2023-03-18,3.38894539009005,3.37270135585887,3.40624642060152,94248.8424987757,93797.0850203944,94729.9957520888
2023-03-19,3.60976399950702,3.59185977731379,3.63096488485537,100389.956014679,99892.0275964495,100979.566844607
2023-03-20,2.55817320521165,2.54990489865226,2.56801643434887,71144.5112711523,70914.5641244894,71418.2580701848
2023-03-21,3.85355731705684,3.83302409736384,3.87606351061068,107170.011560925,106598.968960328,107795.923886838
2023-03-22,4.15254695678533,4.12576524288396,4.17995490539101,115485.113818382,114740.29640624,116247.34723734
2023-03-23,3.25219795950623,3.22607069973057,3.2683808460245,90445.8048089698,89719.1882046653,90895.8617284751
2023-03-24,2.49197002378764,2.48617934347538,2.49712954269473,69303.3564277621,69142.3137274853,69446.8461063698
2023-03-25,1.97054214274563,1.96369126615375,1.97708745820215,54802.0976059157,54611.5701365813,54984.1272152953
2023-03-26,2.59721973172924,2.58626822555033,2.60961472247067,72230.4213417726,71925.8526154663,72575.1343411555
2023-03-27,2.32113804947921,2.30775875933419,2.33317874641797,64552.4047342259,64180.3177087721,64887.2645855163
2023-03-28,3.87700604037819,3.85198162719986,3.90136522048908,107822.136271336,107126.190570008,108499.581395233
2023-03-29,4.25257747870175,4.2166491193733,4.28248345642733,118267.029671243,117267.837919883,119098.734954153
2023-03-30,3.28016674906402,3.26183028423621,3.29727904414525,91223.6355906703,90713.6862150932,91699.5399851817
2023-03-31,1.53273133668262,1.5234754609609,1.53785130343169,42626.2856776514,42368.873570736,42768.6753842379
2023-04-01,1.76965176792192,1.76583108579238,1.77395729952095,49215.2016495378,49108.9459189738,49334.941368784
2023-04-02,3.03202879022791,3.01947347591278,3.03938914347669,84322.7526585639,83973.5809531509,84527.4490151675
2023-04-03,3.08649082920312,3.07054044611695,3.1002451036091,85837.3784617849,85393.787618545,86219.8940508424
2023-04-04,3.16839896074676,3.146502608471,3.1858310461982,88115.2984931313,87506.3462618649,88600.0964721553
2023-04-05,2.86416808439403,2.84384117334966,2.87832408282388,79654.4339325869,79089.1289137721,80048.1217359755
2023-04-06,3.83762056150211,3.80992664497391,3.85534860397461,106726.799708468,105956.613329934,107219.828450591
2023-04-07,2.35124856857366,2.3396902607388,2.35658066696728,65389.7984496831,65068.3541626592,65538.0876794705
2023-04-08,3.1060615688179,3.09854556110597,3.109348447114,86381.6538463725,86172.6286348325,86473.0641345842
2023-04-09,2.38733813185194,2.37523464742306,2.39169398326136,66393.4733909229,66056.8673774535,66514.6125378196
2023-04-10,1.53173425870054,1.53083726981394,1.53263229937861,42598.556270749,42573.6104086693,42623.5313838541
2023-04-11,2.38923098494009,2.3790844571162,2.39227828080264,66446.1149038551,66163.9331650818,66530.8622440267
2023-04-12,3.43200457326617,3.41626492380098,3.44411604198818,95446.3472402682,95008.6170402572,95783.1753022806
2023-04-13,3.2199350823855,3.20970738571139,3.23147751732021,89548.5525743363,89264.1134754408,89869.5554253692
2023-04-14,3.0451731057816,3.03118176791668,3.05724415960392,84688.3048831578,84299.1964004321,85024.0089797244
2023-04-15,4.4926368350472,4.46702774698261,4.50927675099579,124943.241253973,124231.035352222,125406.008468227
2023-04-16,3.4785316447451,3.46642770385145,3.4846812549531,96740.2962795683,96403.6775715076,96911.321060793
2023-04-17,3.95754709561904,3.94697921782628,3.96562260144803,110062.036994516,109768.137230729,110286.622223656
2023-04-18,2.00752821885928,2.0023446401871,2.01365094569047,55830.7051699316,55686.5463731321,56000.9823064305
2023-04-19,3.24013520269365,3.23159082226776,3.24847970993748,90110.3314578044,89872.7065118951,90342.3977965696
2023-04-20,2.77505660600249,2.76423814745572,2.7857758975495,77176.1839978678,76875.3154153773,77474.2946796354
2023-04-21,2.94313133434282,2.92942041427999,2.95187036750788,81850.4548331827,81469.1449574634,82093.4932022204
2023-04-22,2.47512517741295,2.45864219803936,2.48337943802239,68834.889961018,68376.48725809,69064.4464803995
2023-04-23,3.65763529800003,3.64669435728322,3.66375355476378,101721.288908113,101417.014014389,101891.441729041
2023-04-24,2.99540851620052,2.98818445555217,2.99988457360362,83304.31829572,83103.4123276748,83428.8004518602
2023-04-25,3.6243707068049,3.61340626093327,3.63757478287407,100796.178333743,100491.24974591,101163.392538322
2023-04-26,3.27763421913331,3.26074535509465,3.2900642872507,91153.2042360483,90683.5136085697,91498.892760765
2023-04-27,5.06628203064173,5.04601072375005,5.09617040632136,140896.698588478,140332.939958414,141727.914346693
2023-04-28,5.3675099848353,5.32319416831361,5.402680782751,149274.049871281,148041.597314278,150252.17333205
2023-04-29,5.3797991543266,5.34374093498333,5.40844786608888,149615.819910778,148613.016665377,150412.559784655
2023-04-30,5.33009128354203,5.28487850309112,5.37447801915156,148233.410711083,146976.012986083,149467.835575447
2023-05-01,4.4096669004936,4.37750902635847,4.44529142525578,122635.791769322,121741.459738089,123626.53367777
2023-05-02,5.69745361448126,5.64921107993898,5.74083662118528,158450.00333306,157108.3461163,159656.513823883
2023-05-03,4.40223520501204,4.37642918243348,4.42035823305621,122429.111337412,121711.428554846,122933.124892996
2023-05-04,5.10293239045786,5.06468449278833,5.13755611444243,141915.96965727,140852.269990139,142878.878625377
2023-05-05,2.15369216364086,2.14536103644551,2.16142736643374,59895.6224303281,59663.9281996781,60110.7436039695
2023-05-06,1.43822222566198,1.4345648305765,1.44284428568987,39997.9239621365,39896.2093536996,40126.4665491201
2023-05-07,2.70401103674176,2.697446147966,2.71367347876827,75200.3591034714,75017.7851469661,75469.0780917953
2023-05-08,3.23811759406831,3.22886973958098,3.25236793207743,90054.2204097744,89797.0313787631,90450.531860087
2023-05-09,4.14929194081849,4.1335086999922,4.16559335801394,115394.589642901,114955.647137923,115847.942979975
2023-05-10,3.9200453284004,3.90508512145803,3.93891695832869,109019.087715265,108603.03433418,109543.920390943
2023-05-11,5.17033257086857,5.14202229548993,5.19522427243287,143790.413844684,143003.086113449,144482.668747085
2023-05-12,5.41641685289148,5.38664438771913,5.45069873135633,150634.182648284,149806.190438957,151587.58466339
2023-05-13,5.52505509347572,5.48831917790575,5.56303264372775,153655.48492601,152633.834494366,154711.666050279
2023-05-14,5.97144371218139,5.93818849183571,6.00587883069168,166069.851572537,165145.00160777,167027.515296005
2023-05-15,5.53022932690561,5.48841222947847,5.57258117556856,153799.383825358,152636.422320965,154977.217119999
2023-05-16,4.12030911063258,4.1014301149622,4.14365617369177,114588.557711743,114063.520189842,115237.855182133
2023-05-17,4.21635330586752,4.19932313829499,4.24537148585883,117259.611148039,116785.990774585,118066.626180976
2023-05-18,4.85793127297105,4.82493630371515,4.88757875895021,135102.324385333,134184.712177788,135926.840839539
2023-05-19,5.37190965854467,5.34109320939591,5.40245986547156,149396.407745708,148539.38164234,150246.029474455
2023-05-20,5.0786669988887,5.04499168837549,5.10825745300511,141241.132855573,140304.599901712,142064.063215455
2023-05-21,4.64568309965634,4.62330306278646,4.67255651534425,129199.560441162,128577.156617177,129946.928141444
2023-05-22,3.88175141139718,3.86081952760316,3.89434551773679,107954.108219623,107371.9785032,108304.358757234
2023-05-23,5.25031205490896,5.21227159517512,5.2824307599389,146014.696896426,144956.766217307,146907.939608593
2023-05-24,4.63641689071907,4.60762546534628,4.66015720810573,128941.860960596,128141.152125568,129602.095097384
2023-05-25,3.17465428382467,3.16336469105575,3.18907063971252,88289.2632201148,87975.2920791621,88690.1917388962
2023-05-26,3.20538620110592,3.19049420589394,3.22421328619535,89143.9384355951,88729.7820684458,89667.5322894511
2023-05-27,2.66307206402107,2.65521614763527,2.6710000902727,74061.8188356652,73843.3405361051,74282.3025589203
2023-05-28,3.46515695175756,3.44472821434819,3.48526115563424,96368.337104145,95800.2002258776,96927.4484873728
2023-05-29,4.69590460083561,4.67523739976053,4.7177506914615,130596.254046358,130021.485333733,131203.808467457
2023-05-30,6.2717718621981,6.2290964999642,6.30951196711527,174422.178698151,173235.348274291,175471.756308527
2023-05-31,4.92335423158969,4.90080944999868,4.94553837228824,136921.780709617,136294.79522453,137538.736529791
2023-06-01,4.69897980563408,4.67692655752561,4.72749875788711,130681.777552741,130068.461943218,131474.908727703
2023-06-02,4.44639259585417,4.4274767515541,4.47030877569235,123657.157970093,123131.095663104,124322.282959516
2023-06-03,4.92115395786563,4.90083673502344,4.94405892942669,136860.589622774,136295.554039354,137497.59223232
2023-06-04,5.56999655004638,5.53461827434228,5.59758200944987,154905.336952065,153921.443394953,155672.507065274
2023-06-05,6.01870603477984,5.99177803477786,6.05152742528936,167384.248438221,166635.362711583,168297.033304501
2023-06-06,6.49453418119101,6.45696274239878,6.54191321913484,180617.348079995,179572.46118759,181934.990877654
2023-06-07,5.46876716546984,5.43342390961463,5.50064820220562,152090.079925173,151107.160293529,152976.7129228
2023-06-08,4.08879282315125,4.07005488603735,4.10794109584166,113712.068635331,113190.954046419,114244.594931623
2023-06-09,2.05812733558144,2.05179141853448,2.06309776717391,57237.9005164454,57061.6944171701,57376.1315501113
2023-06-10,4.77177277161973,4.74582531737515,4.79352884849835,132706.198721126,131984.582629143,133311.249799588
2023-06-11,5.36959611835611,5.34011862532926,5.40481755844018,149332.066642577,148512.277806301,150311.598495988
2023-06-12,5.92772868690751,5.89548628326783,5.96153137278273,164854.107422774,163957.42456937,165794.182770818
2023-06-13,5.57651935574647,5.54667384209426,5.60674185977216,155086.740550032,154256.716813525,155927.248641477
2023-06-14,1.39371367518712,1.38976280854017,1.39838040808643,38760.1113447303,38650.2350954905,38889.8963142069
2023-06-15,3.73392275391482,3.71884759157513,3.75223965297559,103842.894183362,103423.643815636,104352.299421845
2023-06-16,5.01555213345324,4.97691973960937,5.04112655447016,139485.86614955,138411.473386129,140197.107937472
2023-06-17,3.98285590475073,3.9715224183244,3.9994220815405,110765.891937903,110450.700084922,111226.608416732
2023-06-18,3.92918362317586,3.91163942074609,3.94082973288823,109273.229817265,108785.313789935,109597.115933345
2023-06-19,3.93185022282923,3.91476389273833,3.94987683088396,109347.389740724,108872.207449995,109848.721791783
2023-06-20,3.72450492364749,3.70933886813948,3.74065064327755,103580.978011994,103159.199844343,104030.00129543
2023-06-21,3.58778882334158,3.57084366062526,3.60149549949856,99778.8116382139,99307.5553067792,100160.003488067
2023-06-22,5.91794871625056,5.87698792339839,5.95028639963407,164582.119884472,163442.972784186,165481.452531407
2023-06-23,5.56619665184378,5.52088155683312,5.60173785796591,154799.659236438,153539.416074962,155788.083997668
2023-06-24,6.04633789486155,6.02247448445052,6.08526604962821,168152.708985388,167489.051549099,169235.327058285
2023-06-25,5.57722794996325,5.55312746795783,5.60051688346838,155106.447030086,154436.196473876,155754.12787862
2023-06-26,5.68827953257637,5.6542869162543,5.71772733040285,158194.865967007,157249.508525949,159013.828959859
2023-06-27,4.81210783308812,4.78663910034095,4.83537898627235,133827.943812277,133119.641285966,134475.130178171
2023-06-28,4.90831589693787,4.87572164349234,4.93255048354274,136503.554544572,135597.086512265,137177.534639567
2023-06-29,5.98546437693778,5.94884720314945,6.01620885272318,166459.775655769,165441.427512651,167314.800131666
2023-06-30,6.39221460645314,6.35475463212124,6.42893916635024,177771.772134094,176729.985143032,178793.106756865
2023-07-01,6.82353477227918,6.77484285925756,6.86709876036728,189767.075007476,188412.920274043,190978.618711881
2023-07-02,6.82621458481867,6.78161223121547,6.8675745645891,189841.602390154,188601.181044884,190991.851146164
2023-07-03,6.31751955086432,6.26622889660054,6.3610908731772,175694.452579104,174268.025110103,176906.200253214
2023-07-04,5.45182050293301,5.4266627199785,5.47831515610571,151618.781882725,150919.12707854,152355.615943621
2023-07-05,5.75186864812397,5.7128413148382,5.7842444856457,159963.321886481,158877.945592501,160863.71562557
2023-07-06,5.26125898713387,5.23184399641736,5.28922347196128,146319.138418006,145501.087812868,147096.849482269
2023-07-07,5.30016667177285,5.26495905222816,5.33302336422716,147401.187202933,146422.039707984,148314.953839956
2023-07-08,5.77195286512143,5.72528029055267,5.80653523450433,160521.877421203,159223.881843462,161483.636290123
2023-07-09,5.3710811295507,5.33673264280049,5.39881726372609,149373.365799122,148418.111362961,150144.726278718
2023-07-10,4.64671070845763,4.62040489567053,4.67485254615921,129228.138930607,128496.556647392,130010.78229716
2023-07-11,2.26424433733803,2.25798973862115,2.26968584142291,62970.1524706029,62796.2078885849,63121.4843459855
2023-07-12,5.36773501172927,5.33447934421888,5.39501342440741,149280.30802001,148355.445619293,150038.938958011
2023-07-13,4.64892992211004,4.62853515147173,4.66708042850825,129289.856749551,128722.664509951,129794.634496576
2023-07-14,4.8194225456565,4.79547634702182,4.83876169615862,134031.370870971,133365.411038699,134569.20560713
2023-07-15,5.76931198676246,5.73524168792316,5.80082134013024,160448.432824179,159500.914980256,161324.729058247
2023-07-16,6.02876150217136,5.99665550856196,6.06215048232173,167663.897725343,166771.0085263,168592.467639921
2023-07-17,5.88175129709502,5.83741171593075,5.91054765181885,163575.445399003,162342.331931364,164376.291322588
2023-07-18,6.44363243337866,6.39732671789187,6.48212253208705,179201.736360046,177913.943379235,180272.171800385
2023-07-19,6.35492204751185,6.30312924449279,6.39744189872979,176734.641077243,175294.248514829,177917.146635529
2023-07-20,6.17936793346259,6.12261966926535,6.22119523594337,171852.363512835,170274.156254009,173015.608826609
2023-07-21,6.19321317644616,6.14839346542045,6.2448094095848,172237.408999,170990.942798142,173672.334821303
2023-07-22,6.48012791184217,6.43630884334256,6.52050734928955,180216.700074623,178998.062413024,181339.679291489
2023-07-23,6.47699565167734,6.42184739157938,6.52435611954196,180129.589820263,178595.879747728,181446.716171574
2023-07-24,5.39198965592647,5.35661330533001,5.43146835408473,149954.84593009,148971.005911512,151052.77498367
2023-07-25,4.4756633221143,4.44387415455502,4.49862500973447,124471.196484016,123587.118429756,125109.776405176
2023-07-26,6.38623716009644,6.33945273450816,6.42944484861276,177605.535344954,176304.4291154,178807.170119483
2023-07-27,5.89904029444732,5.8608594183417,5.93486038910336,164056.264002095,162994.428249573,165052.444840359
2023-07-28,5.40397310843769,5.36730595264812,5.44292753450252,150288.113775486,149268.375599417,151371.462470792
2023-07-29,5.3616998145347,5.31133326566414,5.40349168959399,149112.465141366,147711.737662667,150274.725194806
2023-07-30,5.36063742341237,5.32585825370653,5.40167820580893,149082.919332262,148115.68731447,150224.290995385
2023-07-31,6.02644441183737,5.98509637362379,6.06895492138875,167599.457890289,166449.541236979,168781.703650568
2023-08-01,6.27461119963056,6.22016302050087,6.31728378226885,174501.142575012,172986.902223384,175687.895696456
2023-08-02,5.98338516865244,5.94160362751936,6.02833168318213,166401.951479912,165239.978819885,167651.944171197
2023-08-03,6.05995522923756,6.01183449902049,6.11027473523793,168531.416180438,167193.146423594,169930.83536539
2023-08-04,4.88510103895423,4.85164708849708,4.92030422669816,135857.933785935,134927.557003583,136836.958029534
2023-08-05,3.27334903751384,3.26536120235155,3.27983658353522,91034.0304633719,90811.8834142284,91214.4534660441
2023-08-06,3.7052065152627,3.68949671814374,3.71876362110305,103044.276341423,102607.376355167,103421.308540533
2023-08-07,3.75869322708607,3.73637032162833,3.77986228758101,104531.777642908,103910.962681783,105120.503402334
2023-08-08,3.90833594317466,3.89225266937852,3.92674526320441,108693.441864752,108246.155241808,109205.417392321
2023-08-09,2.43347713681386,2.42271197092287,2.44407978968073,67676.6300403109,67377.2435622932,67971.496922215
2023-08-10,3.75264085853854,3.73338531441994,3.77209605964396,104363.45721743,103827.947630829,104904.519398641
2023-08-11,5.09233296358419,5.05611778513442,5.12625249862807,141621.192492399,140614.024109055,142564.517494133
2023-08-12,4.2403290357854,4.22186642071463,4.26419977874191,117926.392265089,117412.934566712,118590.253624382
2023-08-13,5.60110832062539,5.54805798456256,5.64555180072987,155770.576142325,154295.210743192,157006.579109122
2023-08-14,5.65926010741598,5.61231355713463,5.70134713817503,157387.816305084,156082.201279163,158558.284836341
2023-08-15,5.48420358605908,5.4503753830602,5.52494752920556,152519.377126927,151578.592130573,153652.493491569
2023-08-16,5.35578404110575,5.3174777799976,5.39716267187912,148947.943517679,147882.620724206,150098.71097058
2023-08-17,5.05965967322946,5.01772024949854,5.0988362334444,140712.526390677,139546.162909795,141802.052785567
2023-08-18,4.28083513870942,4.23647233537256,4.30844309792248,119052.894133749,117819.134841928,119820.689981742
2023-08-19,5.23565872630781,5.19814088669238,5.28159454022818,145607.178007673,144563.781744296,146884.683778021
2023-08-20,3.51514461085985,3.49461962263095,3.53319236536101,97758.527404464,97187.7137264002,98260.4475523693
2023-08-21,1.59870520304834,1.59513702853253,1.60184431205957,44461.0631155883,44361.8297909877,44548.3638409561
2023-08-22,2.02295910327337,2.01600866019079,2.03335764952874,56259.8484069437,56066.5519267754,56549.0389471939
2023-08-23,4.19518050079489,4.16858883969726,4.21810020997616,116670.781249398,115931.249333098,117308.193722039
2023-08-24,4.76052789494878,4.72306886908264,4.79664775067438,132393.471164826,131351.710551232,133397.988559327
2023-08-25,3.29965520329802,3.27458580992623,3.32649080668726,91765.6225636725,91068.4259330194,92511.9386785877
2023-08-26,5.0199131085842,4.98117482182575,5.05354438310027,139607.147790576,138529.810074233,140542.456073845
2023-08-27,4.93262304723111,4.90710517545892,4.96517226188513,137179.552684372,136469.883568843,138084.768157703
2023-08-28,4.94744198311195,4.91545676460024,4.98906520343962,137591.677222559,136702.146859923,138749.246874884
2023-08-29,4.50810905873849,4.47677814626118,4.54824771995858,125373.534163989,124502.200490672,126489.817232612
2023-08-30,0.722060626078801,0.721243844072669,0.723824022840095,20080.989921192,20058.2746662112,20130.0311669152
2023-08-31,2.62852248830145,2.62294514318831,2.64116498052228,73100.9719804989,72945.8622750822,73452.5681618942
2023-09-01,4.56724514037933,4.53167344373185,4.60391209494741,127018.148226187,126028.875503013,128037.880806152
2023-09-02,4.54301786462444,4.50831781054887,4.57684326294244,126344.37145083,125379.339691737,127285.078447128
2023-09-03,1.98386668986228,1.9756281107207,1.99376364638738,55172.6621910628,54943.5417838118,55447.9031847592
2023-09-04,2.2644851012556,2.25892304036582,2.27379453162014,62976.8482765054,62822.1636355835,63235.749773929
2023-09-05,3.45557686952958,3.44021170092744,3.4736106319327,96101.908597014,95674.5929607737,96603.4396152955
2023-09-06,2.9610998388862,2.94548529396455,2.97771003427216,82350.1709866502,81915.9200278374,82812.1116521397
2023-09-07,3.94383971916553,3.91536803562684,3.96506722660889,109680.825668947,108889.009068609,110271.176877179
2023-09-08,3.37366805535221,3.35757468014706,3.38884352349154,93823.969581166,93376.4020312671,94246.0095204023
2023-09-09,4.19255980258875,4.16400188709449,4.22370273728775,116597.897875948,115803.683107135,117464.003761271
2023-09-10,4.47325295919776,4.43533207564093,4.50887369205479,124404.162675932,123349.557490433,125394.799128957
2023-09-11,3.51223034592164,3.49027320199937,3.53558976374216,97677.4797434529,97066.8368557559,98327.1208080353
2023-09-12,3.27654258876009,3.26218939971242,3.29637468479777,91122.8452637813,90723.6734571583,91674.3891456456
2023-09-13,2.98612181275289,2.97244998877637,3.00363451484788,83046.0488490868,82665.8262617291,83533.0888309954
2023-09-14,4.35331391031873,4.32958442690437,4.3819748636589,121068.577345962,120408.644509205,121865.657666324
2023-09-15,4.33622699186635,4.30736703283878,4.36795608563393,120593.378692506,119790.763890608,121475.786054358
2023-09-16,4.29580940307451,4.26791790208966,4.32848685863019,119469.338461182,118693.657126492,120378.120399933
2023-09-17,2.44580309620537,2.43031049461046,2.4630107013657,68019.4232315891,67588.5635984169,68497.9782632752
2023-09-18,3.44450362624905,3.42512194481466,3.46590202528096,95793.9542803262,95254.9367304379,96389.0580981636
2023-09-19,2.06673775612051,2.05903769317416,2.07522714967729,57477.3620821606,57263.2181712015,57713.4578063888
2023-09-20,2.64296853142199,2.63234613877739,2.65801010637565,73502.7261211172,73207.3102627655,73921.0424011278
2023-09-21,2.73594724915338,2.7261217740924,2.75026820819095,76088.5265736205,75815.2735273468,76486.802042063
2023-09-22,1.30750779596845,1.30448344402966,1.31098319967101,36362.6680702805,36278.5588160054,36459.3213763915
2023-09-23,2.6289374630429,2.62121325940342,2.64222409747547,73112.5127061659,72897.6974263522,73482.0229141606
2023-09-24,2.1773418692277,2.16863932279917,2.19117728344009,60553.3365922365,60311.3129437944,60938.1087336888
2023-09-25,2.45932992727763,2.44311666792988,2.47804325172468,68395.6134691081,67944.7118608595,68916.0435632595
2023-09-26,1.70531468696811,1.69841082051936,1.71371640188065,47425.9443108452,47233.9431580785,47659.6016332169
2023-09-27,1.18021621430813,1.17744503738336,1.18611455496957,32822.6038761495,32745.5355886867,32986.6406828888
2023-09-28,1.83834057261563,1.83286821914058,1.84528419534517,51125.4833418711,50973.293524273,51318.5901434505
2023-09-29,2.60199080175237,2.59402519947469,2.61353366185714,72363.1079965871,72141.5792588647,72684.1226718843
2023-09-30,0.923007576248763,0.921857375113106,0.924966014670406,25669.4592758648,25637.4714114415,25723.9247608752
