"start_date","end_date","umc_m3","umc_m3_lwr","umc_m3_upr","sny_m3","sny_m3_lwr","sny_m3_upr","spr_m3","spr_m3_lwr","spr_m3_upr","fish_m3","fish_m3_lwr","fish_m3_upr","lmc_m3","lmc_m3_lwr","lmc_m3_upr","Le_m3","Le_m3_lwr","Le_m3_upr","Lw_m3","lake_volume","lake_volume_lwr","lake_volume_upr","resid","resid_upr","resid_lwr"
2007-10-02 15:00:00,2007-10-09,6697914.86043121,2488691.35035014,18028138.76778,34197.8151207589,13857.981546389,81869.7687904091,39822.7081209775,71.5745474636043,7799120.18899349,61160.178833114,5019.68813025072,715715.003463931,2971217.49909191,1496495.95517061,5896289.38097409,246400.066215127,245660.433302579,247344.92524248,833541.406607985,1492340527.15173,1492286982.77471,1492332915.0313,-3321920.67853697,-412087.547779076,-20164205.5951692
2007-10-09 15:00:00,2007-10-16,7225536.83399132,2682615.99350493,19418615.866532,40394.826318131,16619.622783029,95738.4106051525,42965.4572132658,101.400291464089,7799120.18899349,70986.6404768682,6152.43386764933,800201.792063843,3351000.74147222,1692795.76388725,6647555.82233726,407703.67733323,405837.771175664,410527.820613216,21191.7306764742,1493467625.877,1493437528.00896,1493519853.09623,-3707516.35239067,-772284.417320649,-21162945.4986605
2007-10-16 15:00:00,2007-10-23,7453796.0043305,2766287.9412471,20040389.2966796,43135.1528954253,17867.9247916267,101796.138390639,44280.0531982775,116.90992060407,7799120.18899349,75419.1146898118,6670.99614341343,836999.627575681,3516591.1005869,1776119.34082122,6967358.38526874,247832.747270137,246799.412544263,248940.803755254,882988.778186425,1493402480.59448,1493351366.85622,1493375616.32497,-3475863.80392344,-407792.29710369,-21236185.9635219
2007-10-23 15:00:00,2007-10-30,8446467.98675851,3139702.61566563,22774392.8011959,57715.6206670936,24518.7173491351,133069.256700329,50191.3591090346,219.250058292299,7693675.26175709,97710.3690991453,9201.42341716206,1025394.44886948,4323282.58094103,2185302.08112108,8586885.28384558,394744.169854846,393237.416954307,396904.219402758,56511.2818039312,1494661812.046,1494560175.7335,1494618837.82479,-5155335.94550189,-1686713.66736882,-23832670.7974484
2007-10-30 15:00:00,2007-11-06,7943048.06838297,2954858.15530392,21346158.0887672,49180.0915528761,20601.2014172343,114797.298441313,47194.5785923513,153.555636603807,7883553.30066976,84956.6837927207,7618.73147917582,923671.150319384,3873371.19116941,1953551.24281216,7674075.09458253,307971.256632818,306793.095245024,309170.037182666,7063.9102254914,1493497045.96714,1493426758.48313,1493583737.94764,-3073621.87454416,161992.444364875,-21399598.4675179
2007-11-06 17:00:00,2007-11-13,7525846.46158032,2799236.52315908,20196400.1321918,44557.9616544096,18507.8389152496,104825.618103028,44731.6240458181,126.30326381534,7750816.85425292,77535.195234809,6855.60650892972,851705.835108282,3590852.13230961,1811580.27136872,7126878.41032254,199068.60047879,198423.027309828,199826.126846808,628688.010068735,1494373524.97734,1494319158.63227,1494475681.60801,-2974452.5724757,-13183.5385973473,-20578064.5330656
2007-11-13 16:00:00,2007-11-20,8698216.42630601,3232084.72766454,23446323.7880884,61223.6288034914,26060.2909847872,141021.899785617,51442.5429568312,243.383187045528,7578490.08605493,103233.543574228,9868.01134799226,1071737.3571435,4518509.23614239,2281019.21166633,8955560.54462556,136923.540380608,136509.76983484,137312.371703638,798221.855480528,1495930510.92466,1495946826.01176,1495905909.05265,-7118995.32518802,-3754548.44239376,-25983541.4633339
2007-11-20 17:00:00,2007-11-27,8349653.38672219,3107446.60744478,22404855.46078,56578.9880137382,23913.3316318219,130774.030266981,49619.8421157443,209.249141741704,7671623.02245046,96019.2597405356,9032.8148594622,1002579.76965323,4260169.76693259,2146639.8076667,8436084.74014425,203386.282003253,202829.642577121,204269.928845193,91830.8329313882,1493868420.82007,1493906206.61865,1493800309.89742,-3421960.2078877,3555.50903480771,-22038200.8574326
2007-11-27 16:00:00,2007-12-04,7291038.75861895,2704820.75030793,19652254.5250786,41347.1781463642,16984.4578896043,97952.0157573842,43370.7619345991,113.3664054982,7799120.18899349,72548.7472766195,6267.39087736765,808400.235961461,3405317.89302545,1718215.77984446,6742810.28120463,132344.238226159,131825.917918299,132823.01662902,1250312.10991198,1494626606.87277,1494529314.20831,1494686828.79222,-4939981.07904702,-1907232.78480969,-22570034.6040592
2007-12-04 16:00:00,2007-12-11,9252641.09576816,3439864.44135967,24875278.8608972,71034.3697602365,30617.3154157497,161501.961832304,54729.1388018902,333.987552211649,7165489.33777712,117605.648768336,11408.4018363908,1194453.89659629,5014178.57382272,2527866.38364501,9941908.51926883,129358.964201504,128848.83742035,130017.689780094,226045.127215725,1494847581.21836,1494691685.38212,1494908052.38504,-5577116.06649014,-2128987.38258444,-24476292.3982796
2007-12-11 15:00:00,2007-12-18,8328078.2859723,3104514.85007183,22340360.7174652,54782.5573065403,23044.3419983231,126810.862080198,49498.654278133,188.797374615291,7876065.68732897,93562.8630285305,8673.42178228049,991441.662276421,4187530.6504451,2111233.16260085,8303178.76030626,161496.153424661,160953.956869602,161971.928562759,353195.51127457,1493848982.99416,1493766235.95911,1493830619.05477,-4931509.90091015,-1555904.64329119,-23593407.4670063
2007-12-18 17:00:00,2007-12-24,6390396.5099891,2378017.69962453,17188659.256779,37490.3385961665,15548.2716043915,88080.1244897529,37952.6906528214,104.718452112112,6638536.82753612,65463.2115752238,5752.59270642912,726784.647979853,3038127.15155931,1533694.11194136,6019504.03765124,104864.919428471,104474.973176828,105240.168126096,628688.010068735,1493447564.16124,1493395552.24366,1493492144.21451,-4794013.99733431,-2136232.94372789,-19986140.929086
2007-12-24 16:00:00,2007-12-31,7077938.10243268,2631338.94665051,19000316.2236077,38281.6732950691,15693.2575171827,91031.4511710706,42135.6321510615,90.1890546219255,7845543.52345178,67845.9947652191,5797.14588142195,770976.770128933,3228904.13078619,1626365.98537796,6395980.36587321,111016.248210733,110684.879587348,111290.364271153,508601.536235381,1492670548.8538,1492555415.97565,1492745853.47812,-4723937.01288256,-1806733.45490401,-21985808.8660905
2007-12-31 17:00:00,2008-01-08,7397571.64762793,2748216.30660113,19879017.4897779,36366.9724333654,14658.8265921633,87620.5738022074,44028.3443977953,70.0264451485292,8866856.88153426,65526.3233261648,5320.3919114914,786521.676195864,3216662.01410212,1622189.70066133,6377040.12143832,141454.728771071,140886.292452415,141893.455811155,868860.957735442,1492341494.4008,1492278805.88401,1492363590.23359,-5509597.49981748,-2325695.11631149,-24482393.8936763
2008-01-08 16:00:00,2008-01-15,6354497.73845282,2360020.10834705,17087632.8050698,30270.3895714083,12104.3610106602,73326.8246207219,37807.6923788871,52.6606946145682,7799120.18899349,54920.3494240511,4366.25366199851,663962.655069942,2724076.72498147,1372327.67692459,5399935.1123382,124841.663595409,124506.337776029,125124.86153487,565112.818039312,1491886134.40363,1491766355.99213,1491911945.63345,-5278908.81751961,-2648444.33855301,-21604874.3638203
2008-01-15 16:00:00,2008-01-22,5946767.58703342,2212979.04147826,16007352.9588349,26167.5711357517,10315.4752454896,64381.4685195378,35508.968276833,39.2191570582345,7799120.18899349,48334.9948320653,3705.06145598714,610615.953780649,2450748.97417155,1237623.4904061,4859608.96918502,171282.013845443,170592.548565046,171889.420320833,218981.216990233,1490800916.1854,1490825576.94623,1490708323.48195,-2835657.9924513,-223975.622495916,-18999101.121843
2008-01-22 16:00:00,2008-01-29,5550593.34140865,2063750.58665232,14985778.7595376,22295.6305578625,8654.69301980372,55507.0133487212,33179.1445769044,27.8382463292998,7845543.52345178,41823.9888383157,3077.27855070324,546385.242057994,2184004.18505629,1102133.43068389,4328652.19296608,242751.462025239,241256.956569969,244012.991654398,967755.700892322,1491618987.5432,1491495429.222,1491522151.83481,-4174128.80256244,-1443264.8883577,-19805445.6175978
2008-01-29 17:00:00,2008-02-05,5911891.24642861,2189431.2910362,15905946.0575089,25975.4936684095,10234.3660592273,63706.8964891457,35395.20164709,38.9775539220616,7752696.85453519,47945.8991811024,3694.37454947242,600211.583507907,2436179.26348268,1229949.29654802,4822289.47199159,188073.275987266,187372.231654671,188613.637426317,967755.700892322,1491633750.89983,1491518288.65907,1491778762.65656,-4075696.59533775,-1493916.09828841,-19895627.7661856
2008-02-05 16:00:00,2008-02-12,5893832.37753198,2187673.8552158,15877431.1107828,25571.9787135253,10047.4146108783,62954.2386476928,35073.6781875716,37.8635740089765,7799120.18899349,47247.5773806557,3619.31058484823,593548.244971136,2411073.33021146,1214030.76538061,4776299.85486351,155056.226045357,154649.335920995,155402.978632233,946563.970215848,1491922765.30684,1491902074.8764,1492038679.74016,-4828286.83261271,-2285475.8051898,-20809171.9907052
2008-02-12 16:00:00,2008-02-19,6016013.26118617,2235021.95059022,16193227.9249878,26844.1161858789,10596.9386239234,65646.5327124642,35863.7409600208,40.719034132521,7799120.18899349,49274.4210629576,3817.48243211159,616147.014133566,2496445.95805308,1259450.79474066,4953107.4909985,242864.152113842,241980.386960729,243500.963548717,706391.02254914,1491476638.5,1491440817.80581,1491532466.24787,-4222174.93862727,-1592178.37891822,-20409550.8194293
2008-02-19 16:00:00,2008-02-26,5638610.48349675,2093715.9022673,15164576.7023663,23237.1052352791,9062.16667756201,57666.0025836906,33725.5689366239,29.8216395040487,7799120.18899349,43291.997844481,3215.30774656545,562245.590643503,2248608.11142824,1133169.92458169,4455508.90232159,428807.588506088,426944.656160598,431086.879183398,0,1491349540.01315,1491215191.21521,1491394724.80048,-2920289.73194886,-360120.564918636,-18472103.1655819
2008-02-26 16:00:00,2008-03-04,5728171.98286674,2126857.19377919,15420280.5650837,23894.3726876253,9329.50271479585,59182.2124367741,34349.4277166771,32.3810283937323,7845543.52345178,44318.0877710491,3307.87808728075,565117.309430642,2299620.112434,1157094.59929684,4550797.54469798,383727.065391071,382720.565080444,384607.263573477,346131.601049079,1491490699.73678,1491440100.75271,1491580512.85315,-3498117.04821598,-995546.90093128,-19303799.3180706
2008-03-04 17:00:00,2008-03-11,5484718.31564199,2041666.62686097,14772670.1222622,22312.9567091471,8639.88340878758,55255.8611743983,32870.5391622713,27.7215438499887,7659850.1856186,41786.6743142342,3082.65363025472,541880.216522099,2174086.55142002,1096450.0986535,4312807.70646402,505705.02208996,503263.911336421,507442.763044119,141278.204509828,1491486100.98283,1491437151.83782,1491530809.3445,-2578092.46273756,-97394.9343338828,-18034837.802349
2008-03-11 14:00:00,2008-03-18,6082402.83262874,2260636.5929223,16360138.4702129,27208.8460699574,10782.69992402,66494.6648784966,36271.3504457147,43.0640251558662,7845543.52345178,49975.6145257941,3896.69596128791,620937.591639929,2526303.9250995,1273659.24219075,5004949.79558576,536445.562141079,534604.20129409,538048.856669352,480345.895333415,1491951183.63692,1491752998.15605,1492028395.49013,-3698591.38006304,-917283.018561349,-19760822.5485714
2008-03-18 15:00:00,2008-03-25,6072758.49067739,2260361.17307752,16310605.8434931,27198.5529209095,10767.606776543,66306.1905552175,36260.9351133981,42.3800820572755,7845543.52345178,49975.8653254726,3864.72943158224,616337.262719534,2528275.10500119,1273971.35689455,5006480.64036023,537056.337674708,534912.447733002,538856.432758006,120086.473833354,1491866047.30862,1491822637.10074,1492058553.97625,-3193178.0268646,-602751.752823372,-19423928.8957247
2008-03-25 16:00:00,2008-04-01,6029437.26054301,2249162.18209509,16162726.5456792,27010.53124632,10698.9100293796,65878.25112781,35985.9469773127,42.4591992865185,7799120.18899349,49516.2941374404,3842.23126583628,612340.063581715,2507833.78778202,1264900.69742983,4970414.27981191,605374.336093407,602766.948139697,607914.143299383,974819.611117813,1491913818.15695,1491812250.42595,1492042040.782,-3968887.61659656,-1464730.46597783,-20022797.1312188
2008-04-01 16:00:00,2008-04-08,5966702.51106504,2217605.05214486,16016779.1006109,26259.5629702539,10367.775746413,64334.127661731,35502.1715177322,40.0903052728696,7799120.18899349,48333.7578369595,3709.56326524648,601550.62200657,2458451.72062797,1241494.31211728,4869283.14742536,613087.645299841,610430.834708644,615384.926785892,120086.473833354,1491948492.0605,1491826009.53212,1491948208.06416,2078997.24679463,4757019.78894074,-13920020.3488548
2008-04-08 16:00:00,2008-04-15,6715295.94008929,2498703.68120146,18039668.7457186,35677.3541572815,14505.8659612527,84783.6727758039,40029.8613643059,92.8347199032302,7678949.85662311,63391.0915641804,5350.58779574997,732725.311225721,3021992.05799027,1523782.53566795,5996401.91125157,775111.733432393,771633.865419315,777831.26379965,105958.653382371,1497152834.41859,1497023191.62216,1497205111.66157,-3220698.57509479,-411127.587743574,-19879144.2482343
2008-04-15 15:00:00,2008-04-22,11077012.3279788,4112878.78398039,29780073.9424243,104765.444619061,45951.218798014,234828.736103584,65384.3524477466,680.046108287802,5541217.328844,166503.81729507,17261.2327994206,1604839.99935342,6671465.24021922,3364129.22884208,13234584.7173632,542911.180620924,540628.627180569,544391.675076258,77703.0124804054,1497095384.95263,1497011900.4386,1497123179.2958,-2692347.37313085,1200152.0120462,-21780852.5784163
2008-04-22 15:00:00,2008-04-29,10135120.6063768,3765539.16956166,27214129.5375494,85979.2646004488,37478.7608244114,194452.850816613,59492.3507893639,465.980750248079,6446754.38960114,140025.87420238,14181.3593908901,1390850.17546592,5773719.22930677,2913789.59860719,11448050.665731,724568.621946463,720699.801450927,727192.667977818,254300.76811769,1498680030.11348,1498690734.48695,1498673047.74599,5797473.62764631,9532038.46821329,-13356138.2360318
2008-04-29 15:00:00,2008-05-06,16636724.4625784,6194482.50907862,44887530.3042061,264338.989021899,119462.073353297,586350.528270184,97263.8653612434,2749.93275411082,3470573.34268669,380959.269912366,41679.9274209234,3589984.68558938,12906125.9277291,6502591.29339353,25599575.8217786,859874.324969016,857140.095283772,861783.840790745,204853.396539251,1508654134.75396,1508659840.63876,1508642562.85279,-2638225.41952494,2062254.77427089,-25128879.9118023
2008-05-06 15:00:00,2008-05-13,23788383.597518,8845019.61549252,63795541.6757647,578631.510383258,259009.659561245,1306349.13291915,138098.264224567,5350.79539719463,3763808.50878957,772657.037383891,81863.3769333472,7635968.05151785,22856043.5291233,11504780.6893198,45242970.7742525,746272.238680253,744366.585169133,747697.750680713,1003075.25201978,1509834049.06515,1509808893.32168,1509908314.07753,29042184.089924,33686211.061455,165708.762732191
2008-05-13 15:00:00,2008-05-20,32687171.7058566,12201038.5765884,87836685.7259697,1309623.08756736,552471.29531668,3189495.57229166,188755.283475875,5029.57093090798,5832744.69223737,1574947.65749169,140577.990511706,19446954.3846768,39645295.2212069,20002798.9256018,78664705.7355068,896018.394334502,891036.71946833,901179.456855626,49447.3715784398,1541554763.0488,1541488676.18049,1541539696.5639,-2847899.91709864,406024.227264033,-44352594.2222515
2008-05-20 16:00:00,2008-05-27,41811066.0834843,15542659.9944181,112554134.390107,2064664.24252461,854703.879219315,5103493.76164438,240772.118059303,4530.90344707226,7752206.76245532,2404063.87714336,200117.446049619,30905719.9693223,57043406.6744004,28748963.7768621,113195603.339246,524230.152240716,522464.306039143,526455.064622543,572176.728264803,1533975494.62213,1533925524.51263,1534000449.95102,5717162.87528478,7300269.88869235,-47973940.1275651
2008-05-27 15:00:00,2008-06-03,37545484.8202335,13948622.620995,101033872.39511,1599827.98748615,678103.879001295,3866742.2900967,216512.710376554,5109.54298855851,7780737.19258777,1914476.7821364,170714.936462484,22816096.8473226,47593490.296006,24052897.0964968,94223941.2696609,877857.246454537,872461.112632646,882571.612948791,522729.356686364,1529217763.72025,1529117257.59299,1529203480.70821,-7391313.05418827,-4375013.78746419,-55017481.3621639
2008-06-03 15:00:00,2008-06-10,30995683.6215709,11508820.2644274,83601248.1367379,1054770.82563784,458631.38166217,2464542.74316824,178811.333311027,5755.79574892095,6014766.73931404,1317870.96508639,128672.240317775,14433743.5806453,35111606.9938491,17689307.7846902,69469611.8426002,668002.067206926,665591.3396455,671023.232928569,1103277.09667508,1515154134.78052,1515013441.43002,1515228389.04775,9470721.18160488,13395285.9319644,-29016617.5053319
2008-06-10 15:00:00,2008-06-17,29169887.464329,10845234.1859317,78530670.6510375,923348.758556479,404797.997994393,2140293.06405478,168628.737579747,5779.4018936445,5495396.95987782,1168604.6473368,115887.990712154,12481384.482796,31873373.3537093,16068228.0093899,63234775.4417163,795817.636620576,791650.578057649,799509.882487331,438435.215373512,1523495660.74335,1523473767.1457,1523473932.63421,1455971.97152424,5681215.94649217,-34385753.0404259
2008-06-17 15:00:00,2008-06-24,34065880.3401765,12654399.4360013,91509753.13766,1291764.96981201,555272.139762645,3061673.13404531,196244.501927533,5576.06597318549,7411956.14888039,1583585.05469255,148028.507848604,18151097.7479326,40821772.0811833,20606759.0658359,80843507.986119,1174535.08340853,1166856.53345459,1181267.05393089,204853.396539251,1524151346.54772,1524139909.15421,1524105404.78516,-375.651195910526,3608808.51678545,-42983050.4196676
2008-06-24 15:00:00,2008-07-01,31752513.8361516,11797349.4709255,85269866.5944205,1070449.5222981,465508.834535775,2494527.25381608,183812.289041386,6021.89441855882,6321213.43417772,1341814.62021337,131078.373232262,14575388.005724,35879178.2430621,18064414.1392815,71159491.2032464,1212491.24187691,1204250.75249103,1219479.12670069,113022.563607862,1519496991.99508,1519471417.25955,1519508727.24878,-4770240.21401327,-580549.584997421,-43833222.935589
2008-07-01 19:00:00,2008-07-08,28260836.0032395,10501903.5963297,76093866.805091,871814.604569486,381549.081103768,2010244.80095003,163626.357104299,5788.25607272311,5116609.27034127,1111732.5209161,111462.863174401,11862347.9987969,30582171.2947696,15422659.5582494,60647538.4281198,931623.826324179,926477.681817868,936430.596119698,162469.935186302,1512096695.12744,1512033241.84576,1512172493.90873,-4955457.92839193,-776841.056639687,-39504598.828086
2008-07-08 16:00:00,2008-07-15,21747557.7619652,8078012.77579818,58482597.4969432,481764.56108101,216724.763207079,1081227.29916509,126528.334200092,4760.91607516686,3517141.54834334,652865.022455098,70500.8100087355,6332249.50688291,19926614.7074613,10071373.8967377,39526995.4174986,1233657.85299942,1225579.30431538,1240925.25103425,0,1506197921.49897,1506190212.8038,1506209689.34389,-5881913.25563058,-1141438.70287603,-32731849.8322217
2008-07-15 15:00:00,2008-07-22,17182583.6376898,6395220.66327805,46279338.279075,281499.980185494,127390.72259297,621651.237199514,100455.056212333,3046.78521679317,3348886.83419885,403656.170035628,44560.3491946021,3719666.58724622,13568236.4661083,6843412.87153763,26843443.6028165,1150010.33311943,1142397.32671247,1156443.56130771,7063.9102254914,1502164451.36258,1502103658.15438,1502141296.70505,-5488462.90006106,-694534.156617841,-28248573.202851
2008-07-22 15:00:00,2008-07-29,14713700.4553962,5471345.30810042,39502553.6177087,196870.460024172,88674.6409253512,435752.526762995,86147.3765403603,1893.73816671943,3694496.08684028,294728.021888981,32338.3841262274,2743386.43170398,10515765.8209618,5315442.79960823,20796905.5109084,961772.219798891,955766.537755835,967890.201391086,155406.024960811,1499933000.41764,1499831804.63535,1500038234.78069,-5856497.03536978,-1504764.35941533,-26563168.8723074
2008-07-29 16:00:00,2008-08-05,12300569.3708903,4569921.44865463,33018599.7635824,132400.926013933,58919.0050797926,293963.641427526,71903.8182600134,1011.65182685535,4617290.44019864,206335.547605816,21981.8045727109,1953065.65277486,7894863.41572652,3975823.59460101,15673037.6314432,981849.461067081,975410.03436417,987841.101639001,0,1498045817.68032,1498035434.73872,1498011919.18019,-5504559.9224165,-1345675.23028886,-24951194.0186012
2008-08-05 16:00:00,2008-08-12,10837574.0239816,4039028.57963671,29147077.8516507,99890.0799403385,43817.2212115646,225065.482436545,63854.5113794219,617.568191786058,5697474.10460295,160424.900007023,16446.3834949268,1557458.02736008,6450546.96820864,3254588.49520991,12774943.5241039,949450.956931742,942293.508077666,956644.20505586,35319.551127457,1496375754.54388,1496306281.48502,1496366844.23107,-4712957.87553554,-743405.409044868,-23834441.4609279
2008-08-12 16:00:00,2008-08-19,9589398.99002892,3572855.24589775,25707483.0048265,75968.9043822062,32740.3841360523,172894.635013493,56707.9781593394,367.307202191639,7070276.90194535,125341.59990511,12390.9598268807,1259724.901631,5281074.27438958,2664263.63449269,10467156.4430051,996221.867768891,988901.011656855,1003986.34215127,0,1495459861.80964,1495402647.31211,1495561786.1224,-3836430.42396697,-362624.523923336,-23046005.09018
2008-08-19 16:00:00,2008-08-26,9630379.79909045,3586463.20606409,25977167.1902171,77597.5764846913,33579.1275095548,176186.883657212,57074.969598781,391.827402817223,6839246.39781251,127530.164440857,12757.2030151647,1271886.28627151,5356955.53337685,2707129.3998909,10605219.9365234,717192.928133403,712361.42441541,722466.837518905,988947.431568796,1495193552.71599,1495095878.88019,1495164350.84939,-5131541.95288342,-1462512.57351423,-24217028.7604845
2008-08-26 15:00:00,2008-09-02,9437947.39408829,3509623.05271127,25344616.9150133,73068.0323389335,31508.6167739094,166785.152205466,55986.8848723936,344.272533314005,7265740.6546105,120678.98042073,11822.4103880163,1221451.52542904,5144499.04232406,2596924.82222218,10188647.9544913,587224.123285096,584275.214610493,590478.524215503,388515.062402027,1494869392.24278,1494804597.53519,1494904486.24713,-5504613.54883307,-1937074.99648587,-24705679.4123036
2008-09-02 16:00:00,2008-09-09,8256072.26994479,3064005.33619363,22229172.9640651,54637.238328761,23090.3772936399,126352.747936995,48889.7578624548,195.66523354804,7721539.31435093,93353.0187859086,8681.19813040798,992140.281609258,4161131.05935777,2096112.91196899,8271689.06990098,606171.251327503,603355.238724151,609685.293863929,148342.114735319,1493709251.88246,1493706900.95384,1493728024.62862,-4358007.46446215,-1082114.38751324,-22914868.9697227
2008-09-09 15:00:00,2008-09-16,7704074.21069297,2861294.32631829,20757138.3651004,46119.2547815085,19218.0489772852,108181.197284066,45777.8044531438,131.99388144477,7845543.52345178,80029.05541755,7148.60177571949,875727.414803752,3695874.56449796,1865760.5404394,7317492.8691853,819867.883126853,814379.284966349,826490.504703032,169533.845411794,1493185236.50697,1493128205.04305,1493190756.782,-1724437.1762121,1399261.42918124,-19864666.0093236
2008-09-16 16:00:00,2008-09-23,7465683.89357437,2771723.51923088,20133072.195662,43540.780730465,17998.9172404329,102670.249153431,44276.0890931168,123.259196417724,7798496.7726726,75877.357655248,6658.97963338559,840874.680087153,3532635.11568597,1786036.16444963,6988494.83741395,657015.60467627,652556.931422957,662278.786905943,734646.663451106,1494990591.05389,1494875680.00589,1494967205.20214,-5267439.92741211,-2085463.10841967,-23104641.3431963
2008-09-23 16:00:00,2008-09-30,8533079.48911686,3173571.50674758,22908104.1225707,59128.5335925433,25103.8028597112,136443.165351486,50633.3509446287,227.934992794555,7663409.85680474,99699.358705595,9364.78573197424,1032647.61210388,4401664.84948035,2222389.84203389,8732916.5954886,529931.948337976,527303.736045008,533169.484463766,0,1493897525.19062,1493730025.5994,1493974300.3366,-4103861.41139133,-833679.508033334,-22641193.2987785
2008-09-30 15:00:00,2008-10-06,6716242.30176816,2494416.98326068,18066214.7826684,40928.2223845365,17123.698142158,95839.5992733804,40092.1851292047,123.995191386078,6777806.830911,70834.0020615889,6296.32193088632,771329.651755902,3253850.52170223,1643078.52784266,6442088.93227873,444740.625093777,442275.14253795,447831.200430029,572176.728264803,1493604607.71377,1493563350.9775,1493599195.28082,-4201256.70238226,-1341187.35318917,-19902192.1465747
2008-10-06 17:00:00,2008-10-14,8905158.53855772,3316720.62121477,24021468.2958782,55477.2306998146,23290.0386172042,129640.178723487,52847.1102919146,174.24574389931,8816961.00423931,95718.1930473304,8669.41237965903,1036728.03329293,4356335.07683048,2200556.64716753,8632434.61169493,497642.126848303,495587.70379232,499915.467751857,197789.486313759,1493145033.3042,1493054606.29109,1493262791.98404,-4617928.59067177,-1167591.76177946,-25227313.7333709
2008-10-14 15:00:00,2008-10-21,7288946.60031005,2718624.02900264,19626024.9722983,41248.1643887476,17010.9193570537,97861.4984664906,43326.3033505741,105.43155959163,7799120.18899349,72448.375862087,6325.41913882333,811179.914306649,3401751.58170975,1715349.57783521,6744179.3080081,321757.911945919,320656.061675934,323360.61287137,169533.845411794,1492980118.06876,1492897529.47672,1492945699.67557,-3970037.1087274,-861160.962948685,-21538189.0815074
2008-10-21 15:00:00,2008-10-28,7340914.93883567,2738085.3070331,19778423.0690206,41841.1372136258,17285.1719756957,98641.5530903728,43545.14491008,107.593246541644,7799120.18899349,73313.6244262965,6393.21644699595,819996.896728878,3442159.31106207,1734725.08760559,6828297.89590228,345536.870251363,344147.059358915,347170.943715308,28255.6409019656,1492902074.7557,1492795520.89381,1492960132.71758,-4274153.47385443,-1397282.63226991,-21772956.6517678
2008-10-28 15:00:00,2008-11-04,6960077.39612569,2592819.60573849,18717624.5995539,36771.2702340317,14979.0513305383,87918.5765894919,41293.6065310031,81.3721768314123,7845543.52345178,65383.2983505043,5495.05113937969,748717.418685235,3136075.5910912,1579371.2155842,6210687.41548577,315465.022949327,314346.836734956,317475.436987554,324939.870372604,1492368095.58682,1492371532.75116,1492274104.86795,-3602698.0867231,-612146.752748725,-20903634.4469297
2008-11-04 16:00:00,2008-11-12,7825198.35649595,2911214.19924004,20995911.6123685,40884.0704008041,16570.589891716,97777.1371172398,46497.0573859698,88.4791563687981,8913280.21599256,72835.7675620039,6071.18647864263,837276.814413469,3509643.48357871,1769484.17973498,6958840.47690141,170091.680825305,169722.272921002,170500.666323434,1059586.53382371,1492742322.32767,1492664479.44041,1492706555.01364,-1907710.04726454,1453595.7598855,-21253652.3144406
2008-11-12 16:00:00,2008-11-18,9435850.24529536,3525526.90736186,25339395.3774952,90144.9630589837,39889.547686666,201866.497535933,55525.915533885,608.050485966726,4865993.23689485,142882.141901804,14773.0419715041,1385602.83775982,5694803.68805352,2877247.08904529,11280926.2315612,143538.948866212,143143.134361345,143964.830736517,600432.369166769,1496199878.90167,1496185318.29646,1496214475.30946,-6395063.92640707,-3040449.083096,-22933985.2900849
2008-11-18 17:00:00,2008-11-25,9241330.50664626,3438956.32483402,24931152.6447481,69971.9166459962,30070.6198752703,160127.66709129,54440.6235160793,322.459798156625,7329752.74419461,115962.483310283,11323.0106567458,1170377.93784796,4972626.69247858,2511371.42331125,9876687.72106592,209171.760193536,208490.802037269,209880.096437926,120086.473833354,1494291307.9733,1494219732.26293,1494334865.91963,-5520286.87543996,-1985689.98676914,-24744960.1039914
2008-11-25 17:00:00,2008-12-02,7974070.342226,2959687.49710723,21439850.2896794,50009.7553250475,21033.833469609,116468.996715079,47438.1122628444,159.628326813092,7842960.59164003,86091.0191682426,7832.72706731441,926232.101780798,3913900.30146244,1975513.64028154,7756332.1574947,187973.885879483,187459.634168541,188671.504296331,409706.793078501,1493191014.64914,1493099701.80915,1493230072.59651,-4630784.89590861,-1329906.90774942,-22922469.2402627
2008-12-02 18:00:00,2008-12-09,7466053.34192924,2780637.27361449,20072859.8183995,43391.134841022,17993.9875160404,102125.009797393,44339.4170090055,119.403460689664,7799120.18899349,75758.187809258,6628.82178476137,844345.849440675,3527063.29035738,1776674.17289349,6995581.25947607,125349.772051073,124885.713361107,125778.226030312,515665.446460872,1493025671.58795,1492967447.67999,1493135612.89336,-6975046.29172102,-3978332.44729213,-24687574.6471456
2008-12-09 18:00:00,2008-12-16,6840550.15173421,2543290.2946347,18400567.6113809,35991.9210393928,14600.1253735486,85888.8201968132,40734.182270881,80.4792483410184,7845543.52345178,64050.0171539927,5364.09430295415,735764.133248092,3076466.15095302,1553612.61348567,6101047.37214314,114861.561206405,114547.568451899,115277.606026866,572176.728264803,1490543419.76187,1490492629.86043,1490576765.49265,-3489640.12041378,-655496.396046703,-20623864.3165323
2008-12-16 19:00:00,2008-12-23,5587466.23667615,2078463.15306226,15008388.383649,23149.6044472165,9024.19275337777,57191.2857214526,33342.2697219014,30.6321590146235,7706273.5200769,43149.2316093063,3206.47003264803,558188.106504367,2233425.91186838,1127710.25326444,4426352.75740689,144668.504835892,144113.466407121,145178.557518087,664007.561196192,1491415954.92976,1491292381.38227,1491388620.63649,-3911424.68027654,-1353732.428802,-19242896.550333
2008-12-23 17:00:00,2008-12-30,6198949.22763249,2301153.64756142,16615277.8825641,28453.7382452273,11298.2764030559,69393.0161607638,37078.2254814438,46.5572772282461,7845543.52345178,52091.980322156,4065.46324905612,640964.960925378,2609389.66691767,1316781.68401519,5185173.45029432,87428.9665051251,87009.8940737898,87793.3672036401,1660018.90299048,1491477550.73643,1491472002.37416,1491517796.49722,-5524558.5616089,-2809542.30824233,-21788547.6140945
2008-12-30 18:00:00,2009-01-06,5992332.05180614,2224972.25617634,16134564.854435,26780.2544886305,10555.7851070538,65514.5744532316,35782.344955711,41.4982874979958,7752696.85453519,49238.7524402619,3814.43022823072,610065.505849585,2488281.14216908,1256709.69122877,4934483.74801725,106537.574196179,106075.794713145,106971.965288029,1356270.76329435,1491232765.61607,1491241686.22866,1491281045.45837,-2978513.95418991,-354518.082501584,-19046330.8962623
2009-01-06 17:00:00,2009-01-13,7314376.54355305,2728745.24400264,19636264.923972,42676.5147801841,17662.5515655135,100396.433599487,43446.3360455503,119.586294917133,7746679.04522485,74292.2198697232,6535.04807077947,819170.089981121,3461065.11909768,1750534.20616956,6851065.58534893,85781.4738440688,85589.7389331819,85931.3529783517,2324026.46418667,1493119837.1125,1493073012.17166,1493159396.62302,-7774596.24947335,-4717448.35455776,-25216836.5994069
2009-01-13 16:00:00,2009-01-20,7026779.34075884,2609771.72555035,18894520.9557695,38076.1914895352,15544.7971640934,90638.6304921892,41818.5106678501,90.0889683601138,7799120.18899349,67453.8187011855,5779.2204785226,766424.255411499,3208075.47598934,1620176.64634358,6364419.07036515,186671.142906268,185953.861927077,187318.65474264,7063.9102254914,1491597212.34852,1491545715.59089,1491682913.21748,-4382996.75845729,-1481382.462406,-21524316.2310944
2009-01-20 16:00:00,2009-01-27,5978543.82709495,2227288.84890722,16105972.9796516,26207.1419673582,10319.3056995186,64335.0394542402,35632.2460265177,39.1888688928025,7845543.52345178,48236.331032633,3711.27818454636,600983.818997539,2459695.18342659,1240437.51507727,4879135.11694745,256244.218925258,255154.536662116,257407.217934552,28255.6409019656,1491000660.74301,1491027429.57558,1491033649.98919,-3233617.03822163,-709257.006752909,-19425082.956825
2009-01-27 17:00:00,2009-02-03,5862361.78767146,2183514.31499097,15807496.719965,25552.3588593545,10060.2430146425,62630.3295710958,35150.0496221144,37.7630432261592,7752696.85453519,47065.9816575337,3568.44672784772,593682.261953397,2406945.18301851,1216037.70467542,4774221.11546022,263140.452145776,262315.269277303,264012.703117984,332003.780598096,1491167979.48946,1491110895.28633,1491098415.19326,-4186925.09088414,-1459149.0091719,-20015528.4712646
2009-02-03 16:00:00,2009-02-10,5741105.30763426,2136349.40280873,15420512.8861593,24193.4374304037,9426.7904884353,59676.6013711916,34338.0065763584,32.4546390834479,7799120.18899349,44980.0362272542,3371.99361874652,574768.265986133,2315882.63336036,1166729.40047306,4591620.58505687,312046.524729718,310713.169154679,313420.826311035,381451.152176536,1490613102.72182,1490605642.94311,1490690097.75851,-3764264.5977449,-1214603.27122388,-19571766.2153289
2009-02-10 16:00:00,2009-02-17,5473814.01777627,2036468.51287455,14739344.8665987,21581.7152563072,8354.64372527595,53841.7279652332,32840.9251049032,25.4372133234502,7845543.52345178,40499.4992151029,2934.26997176407,533470.455028718,2137081.19062915,1077537.44527224,4238846.82514318,315680.563102278,314549.555120301,316885.99128593,226045.127215725,1490446976.90603,1490364364.4111,1490528683.71139,-3447442.07528693,-980098.818078161,-18922674.556901
2009-02-17 17:00:00,2009-02-24,5199332.42130903,1931564.58325334,13983633.3681434,19503.1440595581,7438.9292346007,49294.3197099033,31117.5819370511,20.5726196408835,7752696.85453519,37027.1748347669,2603.42222631974,502901.919921201,1978881.26025129,998062.450690472,3925561.78846347,378471.975054191,377064.364506633,380100.883274184,452090.25443145,1490341554.36158,1490284202.73803,1490430325.88392,-3001724.08247635,-610740.382898089,-18036900.5935533
2009-02-24 16:00:00,2009-03-03,5341244.85525421,1986944.90256351,14367346.4448888,20581.1049556487,7885.19572752963,51570.8387793756,31915.7903609473,22.9362079347381,7799120.18899349,38861.962779004,2758.23039801222,520325.271302357,2059082.28407825,1036945.8295868,4086498.76220729,316749.580502565,315312.493910334,318022.14192396,1073714.35427469,1490721547.62037,1490682256.18948,1490838176.44759,-4067848.42104362,-1722906.29335473,-19293134.0448575
2009-03-03 16:00:00,2009-03-10,5923601.35752961,2198449.393846,15957289.4075714,25369.8485533632,9907.89280521242,62513.1015472065,35470.530919825,36.5092640601765,7938390.19236837,47017.8131066723,3541.98942316327,592366.619339469,2409565.85911298,1213163.90743738,4769277.34172599,377383.064393807,375524.68667616,378749.156826502,932436.149764865,1490784185.40237,1490796678.33873,1490834337.44991,-4089664.47138751,-1480414.03861969,-20247328.6372288
2009-03-10 19:00:00,2009-03-17,5504808.19481022,2044849.87759411,14843766.0236022,22468.9010735943,8719.02213573866,55725.1221878328,32898.9815270892,29.6161204812177,7659850.1856186,41948.3725512874,3073.54874631085,542877.207099363,2187115.08668733,1102810.28558505,4344837.12044365,560375.268579786,557419.114979903,562894.143541901,261364.678343182,1490871467.70735,1490884318.67354,1490909606.75228,-1041916.88692819,1340943.79887503,-16545057.3937357
2009-03-17 16:00:00,2009-03-24,6000529.20317483,2227642.97908235,16129048.6488108,27152.179595318,10783.4342547992,66462.4275403658,35769.6941108597,46.4126129840259,7752696.85453519,49620.4092667228,3878.57491447956,612619.284746217,2502653.71301485,1262220.705453,4965035.18492216,477473.890906553,476007.04194871,478394.994192457,360259.421500061,1492945549.59346,1492795113.23267,1492908357.89353,-3860605.21902652,-1150397.01978289,-19673312.5055981
2009-03-24 15:00:00,2009-03-31,7447611.87411955,2768176.34238498,19994986.5741701,42870.5596882377,17735.2379690227,101085.883567971,44369.4981810748,115.563101227272,7845543.52345178,75096.9918016129,6585.68168612959,839140.071923519,3505279.10988051,1766763.41355763,6946329.26515143,593067.380841246,590565.250086627,594870.363054647,741710.573676597,1492578147.67816,1492599457.18509,1492622343.94871,-4478084.14102528,-1485919.07342363,-22262086.0189839
2009-03-31 16:00:00,2009-04-07,6826968.41066394,2540699.56391372,18381894.199308,36157.4629140712,14759.5939012935,86259.5337972604,40626.9172941007,81.599845567887,7706273.5200769,64283.7603769884,5448.8958527714,737896.93896755,3083542.33572971,1553658.26398308,6111020.83098414,614233.985516433,611486.006253473,616798.885384946,317875.960147113,1492353376.54388,1492318638.16469,1492313419.61046,5786889.20547004,8642046.71560615,-11096062.2072877
2009-04-07 14:00:00,2009-04-14,10965501.5262836,4078362.38149832,29486818.9117554,110309.953819512,48719.5443958457,247799.773241402,64656.6275080297,826.005607372734,5814383.65466726,172473.617374595,17995.7501880947,1659278.29373355,6736891.57140614,3396840.79573878,13354108.3505408,783893.483494437,781075.470630985,785795.783662097,120086.473833354,1501728401.9395,1501724956.39333,1501669187.66949,344033.109271268,4268576.24568679,-19014527.5324982
2009-04-14 15:00:00,2009-04-21,14958672.2114907,5565045.15265326,40047667.7820483,207386.46117655,93518.6473979452,458126.019963741,87627.4592389886,2013.10190603307,3696771.22555625,306707.218208183,33360.0531581206,2844079.32253108,10863490.4955321,5479244.05938638,21523903.2295744,833563.960790672,829714.375679663,835773.512946903,77703.0124804054,1505984678.19269,1505898891.83386,1506025837.80433,-5724447.18903197,-1220614.26424993,-26618377.9190485
2009-04-21 15:00:00,2009-04-28,22874287.5745224,8521095.82142697,61541824.230647,547361.428114079,243741.805824487,1236021.65979406,132838.079523227,4883.05999860639,3765825.95428439,730994.080899034,77585.6237853637,7233700.72739088,21696871.0781515,10940144.661836,42972890.3137425,716239.861712866,713988.078717817,717954.041032561,550984.997588329,1504201272.90993,1504045184.53487,1504267905.07261,-3823619.59277264,834656.149110055,-31981484.7726996
2009-04-28 15:00:00,2009-05-05,15114371.8239233,5616681.85170427,40707378.6390841,210151.006840396,94690.4919242512,465432.232771629,88897.3964896235,2069.1645161103,3659159.14819894,311238.258860696,34269.1386301343,2875760.41423838,11005590.8007591,5554480.77703316,21814143.0320389,731221.727333185,728280.502474884,733310.950640426,437962.433980467,1502801008.53794,1502701212.9771,1502846719.78979,-1455885.40824231,3110429.06854288,-22709960.7230243
2009-05-05 16:00:00,2009-05-12,17687731.9745091,6592951.38985166,47627089.1323651,300346.977784524,135640.436825063,665998.14826241,103157.964789943,3235.46538250125,3247287.49405974,428419.774595825,47608.9209061812,3963047.34674196,14228213.5069525,7176090.31879999,28184393.8291074,743212.030637544,741101.669912534,745420.184197843,649879.740745209,1505770931.5217,1505589491.13967,1505860060.65958,10765205.9476954,15469421.2337019,-12174977.1012391
2009-05-12 15:00:00,2009-05-19,20614068.9624123,7663468.6947267,55483854.2365271,426600.851737939,190979.585341657,957476.481233981,120062.393208965,4251.85896657696,3464769.73875195,584604.740118501,62915.5884961787,5594709.43977698,18200829.4212832,9170297.60359463,36102553.7551809,771257.097503858,767782.616814734,774972.465915175,1116097.81562764,1520734248.36423,1520638001.8873,1520841605.85828,-1293873.26840804,3270947.67929076,-27242682.2739816
2009-05-19 17:00:00,2009-05-26,29838415.7606107,11092719.9436418,80476480.1188357,983510.113621623,427898.433676112,2293598.24801861,171783.379110686,5723.04449500712,5705780.09306352,1233850.78410613,120314.936596472,13443059.5816167,33286491.8571365,16812828.2666677,65978555.6038329,1023436.85595351,1016447.67495645,1029312.71738687,416770.703303993,1523329723.34014,1523134701.10414,1523212186.86032,1962454.48916684,6148874.16954067,-34856362.6259788
2009-05-26 15:00:00,2009-06-02,35913953.4708156,13329825.1586674,96846715.7604065,1456800.72928238,621649.618731982,3499438.00743329,207419.040155735,5374.67421350275,7652843.59823547,1759495.50766803,160100.070226224,20783696.8963342,44405980.4078587,22361038.2007629,88005346.9870606,1110544.77100765,1103808.93152638,1116873.2702335,0,1523626579.85697,1523606158.90178,1523595212.14995,-6722241.29279552,-3507790.40274995,-52701155.1033953
2009-06-02 15:00:00,2009-06-09,28717933.4038637,10673757.7928582,77254340.2257617,882474.092997517,386557.239575456,2037482.02598388,166120.674379953,5862.38090687442,5178065.45626449,1125542.73558614,112737.829807757,11952262.6061671,30972748.1090973,15640138.9635884,61440137.0664486,1089101.34062972,1081239.73429697,1096956.66992915,204853.396539251,1510725482.13323,1510565477.8035,1510739524.13675,4744124.69424045,9235884.92915786,-30112040.3753985
2009-06-09 16:00:00,2009-06-16,23158616.5293526,8613549.47587859,62044984.1165879,552916.537217851,247059.031617178,1246133.06670675,134743.361538202,5191.14451582076,3708201.22421959,741761.691738308,79284.2108152537,7322679.4227356,22045736.3634304,11118491.3790825,43673479.8785651,966444.954967353,960483.878080841,971493.374698309,14127.8204509828,1514504681.68111,1514543347.40244,1514637799.00771,-3292569.24357021,1319310.39929565,-31420027.0094273
2009-06-16 15:00:00,2009-06-23,25552703.1189281,9523991.85779271,68779426.7501276,677583.549148992,301916.88592127,1540739.74712448,148170.29517014,5700.14727780175,4118034.41486214,887183.753260679,92184.9169744557,8899267.2603018,25633834.7172837,12931625.6413443,50749334.2112018,770433.079661471,767192.436573731,774334.827436896,769966.214578563,1512802097.05944,1512814472.79045,1512837345.83312,-6920663.19118133,-2340783.54732672,-37938715.7351959
2009-06-23 16:00:00,2009-06-30,22204520.5207966,8266335.94534027,59713506.2416194,500830.391932695,224916.371044369,1125463.95578596,129016.329119205,4976.59484234542,3493103.71883946,675922.91226451,73247.3008686758,6542232.85855319,20548093.5171807,10355155.4768381,40672143.6409436,1048429.12624333,1041495.05929612,1054274.68177259,28255.6409019656,1507512773.0024,1507459522.40361,1507491504.23042,-5049839.77710092,-258978.626683602,-32243681.2882639
2009-06-30 15:00:00,2009-07-07,18791971.2426046,6977045.56739997,50534512.3280094,338583.63078041,153315.845659928,751857.939687838,109634.707187586,3704.62411426796,3239955.78365485,476479.631821736,52268.5709709423,4460266.80290208,15549850.7539577,7849726.88050578,30836784.1131768,1241745.82646424,1232695.73199125,1249302.11862113,233109.037441216,1504404956.37689,1504391985.20833,1504433606.9206,-3745322.25052357,1034956.21532069,-27787340.8528673
2009-07-07 16:00:00,2009-07-14,15362193.729324,5710284.2453778,41344876.6820631,220197.720845341,99502.3054088465,485721.906645255,89721.2184677322,2204.67513342271,3498485.49080168,324038.72890766,35679.6490027797,3023706.66141003,11357328.0056791,5732918.91210116,22560486.0053525,911924.481940239,906466.206493098,916704.463354124,706391.02254914,1503817815.79578,1503738260.01536,1503805584.16901,-7760974.54921455,-3245938.04738759,-28824358.0353827
2009-07-14 15:00:00,2009-07-21,15501078.5937323,5758447.79642872,41765910.0216689,221945.18135172,100254.782059774,491158.925493988,90726.4932868626,2245.10750665653,3568904.92997408,327066.918239132,35944.1669813144,3035713.57015505,11452114.0361613,5780759.59150577,22721579.5544604,985383.816699519,980101.297302248,990115.13958953,197789.486313759,1500490131.17904,1500495893.27474,1500474322.9005,-4967636.718993,-415755.778242186,-26486789.6556458
2009-07-21 16:00:00,2009-07-28,12888630.5105635,4800073.44647061,34607178.6022088,149088.874452475,66796.5934862435,331062.143031135,75497.099887828,1243.16496152254,4163416.10557055,228452.893566054,24718.2189737809,2138593.86605713,8568259.81306217,4323523.67886888,16978845.4816108,1083128.85658788,1076118.07928506,1089772.13128758,332003.780598096,1499423603.28011,1499356885.85865,1499392387.57274,-5830239.68947781,-1577433.65736633,-25306964.8623672
2009-07-28 14:00:00,2009-08-04,12076382.7808312,4485482.75828234,32471005.5367581,125571.757388961,55590.2789981884,279858.483241656,71099.9607085204,917.094364848219,4834192.36015476,196971.358947634,20794.377723151,1891715.28962707,7620339.79887278,3839772.8997103,15094029.8393592,1025967.25602677,1019553.54215162,1031619.70568493,515665.446460872,1497615648.08005,1497553557.88085,1497640147.36171,-5764014.53982763,-1640501.35772749,-25294364.3444985
2009-08-04 16:00:00,2009-08-11,10593156.0006508,3940562.14677572,28465846.285064,95443.2536732601,41871.2263757871,215015.279064575,62306.51596414,575.810675189169,5811131.40504667,153692.398030199,15757.4962785038,1493485.92260289,6223467.73561713,3139963.69809717,12351392.9230746,791906.51415804,787705.471674009,796651.813105922,56511.2818039312,1496191017.78966,1496125981.10755,1496218769.51795,-3362478.58708713,429171.819192087,-22347456.3787415
2009-08-11 15:00:00,2009-08-18,10251464.9057409,3803850.98674867,27545853.2500406,88487.4831526261,38603.354411438,199719.536626746,60400.3919751857,494.686746030862,6202359.27163124,143559.618601529,14485.3256710153,1415056.27135683,5898171.18666026,2978987.43776581,11693007.9168129,648917.997291944,645796.250466447,652199.55689439,981883.521343305,1496774274.40292,1496672470.16621,1496775550.12928,-6807611.11122147,-3058775.50932838,-25835921.1694014
2009-08-18 15:00:00,2009-08-25,9839079.21616786,3656767.20350335,26518241.6810668,78074.1336906161,33789.4224457977,177623.595364671,58084.6305723854,382.289243969571,7153315.86162785,128810.731915904,12751.178219571,1285878.56699716,5428693.76425055,2738832.4060835,10738726.1164838,975571.02200208,968793.083456162,982314.59193271,23055.0455784739,1494945370.02856,1494836213.3741,1494931308.80664,-4737582.81418259,-1018329.09326149,-24351141.5945184
2009-08-25 19:00:00,2009-09-01,8132595.04047807,3024853.64854489,21893339.4106886,54267.5822805849,22970.3093582639,125551.632956521,48298.6227150414,199.484163483182,7581298.63563738,92303.7087771317,8565.31172332669,972115.603006764,4114562.0284673,2075011.48377803,8171000.58301093,877654.319347936,871240.224966337,884984.937590091,0,1493930626.18605,1493922145.8218,1493932099.36283,-3756854.5859056,-431327.435725433,-22091127.4251082
2009-09-01 15:00:00,2009-09-08,7779223.73910107,2895560.54140927,20952765.3053374,47602.5553704706,19791.75118346,111087.390763372,46229.9013758057,147.256226804176,7799120.18899349,82270.2330579281,7366.45140981999,892882.488315093,3773081.55849059,1903746.05531122,7486070.33403211,742239.754038731,737186.891274249,747541.789308551,84766.9227058968,1493509020.20658,1493347338.15838,1493611108.97215,-4342394.37523178,-1351833.53066988,-22340303.2964747
2009-09-08 15:00:00,2009-09-15,7130083.88365622,2644081.79004384,19210402.7229291,38333.3911012528,15691.5555589077,90985.4939423162,42438.8587493674,88.2779480008424,7938390.19236837,67965.0146073437,5748.27154925012,780509.146299719,3240732.27759547,1635466.94133803,6412079.13826127,747805.404734712,742874.731500007,753932.540930288,0,1492691397.87043,1492614045.03468,1492625975.41783,-3394370.73442405,-338813.382121849,-20968229.7521779
2009-09-15 18:00:00,2009-09-22,6446088.54697849,2402055.54483487,17368804.9200291,32107.9018388246,13000.5522581654,76909.3903158323,38309.2974140494,62.3218625632361,7613426.85116031,57892.6978011988,4731.81424924533,680390.058966095,2823276.49959809,1422837.47354168,5589216.89360616,665640.410869506,660765.609531446,670625.628826322,105958.653382371,1492587310.60179,1492500091.15885,1492574430.25797,-3686380.44585727,-942843.959304184,-20082339.7107612
2009-09-22 14:00:00,2009-09-29,6388181.04680978,2373498.55467071,17197518.5537952,30499.8399130552,12212.3136559181,73858.3806313932,38126.4241865189,55.241154757158,7845543.52345178,55359.3003297753,4435.71511666233,665166.139131358,2740180.83023059,1380253.99402254,5433921.56457597,749344.099916844,743568.811298187,756081.336271028,0,1492092370.34288,1492003398.79951,1492073792.10218,-3617303.31981173,-860459.709957348,-20069243.6702528
2009-09-29 15:00:00,2009-10-06,5814741.41299245,2162102.69828157,15665640.4287196,24857.1894914867,9773.14506128395,61298.4366535399,34807.0053755927,35.4585177158404,7799120.18899349,45930.6262843989,3461.18851371393,582874.12645428,2362296.32794347,1192797.65815069,4690970.94008416,397703.82084102,395489.527807032,400207.673798037,63575.1920294226,1491497708.70416,1491526238.82542,1491479711.4115,-3841193.57245879,-1315238.87135587,-19749614.1892979
2009-10-06 15:00:00,2009-10-13,5369821.21288685,1993839.40356134,14494718.9784675,20772.2239486405,7986.799927188,52045.7788660466,31988.2401864687,23.5137333892932,7799120.18899349,39157.0849855658,2832.34461179329,519549.21272317,2075066.49086694,1047295.02421664,4110816.29002838,486857.965320947,484823.318880666,489387.632357603,104651.551883953,1490880426.40909,1490857954.39509,1490815133.03659,-2472533.79284372,80646.0907595114,-17860854.7015583
2009-10-13 15:00:00,2009-10-20,5171893.1275678,1921839.77104779,13913628.6403854,19168.8947952667,7322.04115525922,48504.7357547296,30913.1572989939,19.7958472520484,7799120.18899349,36504.9541635631,2534.07239624086,498199.201469786,1957164.38732494,987881.636372674,3882461.76395442,330904.258456341,329666.900945654,332404.545953244,642815.830519717,1491412358.47395,1491366981.48208,1491472994.39797,-1727799.26802385,629824.102342033,-16835334.1635554
2009-10-20 15:00:00,2009-10-27,5827621.45744949,2167826.12370202,15673470.7804122,25058.0602071504,9830.82465589902,61764.2194893324,34831.5953536229,35.5743058359421,7799120.18899349,46345.737291687,3537.69112512472,585165.219449771,2374195.34008957,1197567.84026513,4711774.80348871,279683.273127587,278743.33685032,280762.080365237,1179673.00765706,1493297786.52449,1493219049.60574,1493359801.47396,446756.427928031,3076077.74616967,-15402180.9880281
2009-10-27 15:00:00,2009-11-03,9186431.39478426,3408093.03206404,24698348.8352057,73988.9990752324,32042.9704935691,168307.090488242,54429.5163284477,424.148141858482,6790153.65303802,120525.581868628,11972.4139584377,1214447.920573,5051512.79847021,2546785.7465444,10011736.187201,175373.1991589,174837.853500383,175873.906960443,678135.381647174,1498204194.19716,1498123525.14986,1498320471.26446,-7013022.75974472,-3647713.81114029,-25378651.4111705
2009-11-03 17:00:00,2009-11-10,10072756.6462626,3754020.75754521,27033240.1741242,86227.891965656,37659.9360983395,195386.546717428,59522.352227451,478.227406546269,6302756.43789919,140078.80095921,14109.0147173151,1388360.44822881,5772642.02607697,2912824.7390119,11439888.8111497,248984.472558563,248184.559447659,250054.138005133,190725.576088268,1496077796.31349,1496106656.52548,1496081801.79958,-6098356.5857677,-2327855.66484623,-25063870.7613331
2009-11-10 15:00:00,2009-11-17,8829511.31546243,3282944.76453408,23677646.8457937,62424.2114997742,26647.8567060231,143791.281964139,52348.2957232433,249.333198495808,7693972.12570317,104978.724940301,9931.72831114175,1086381.91259891,4601781.56711144,2320511.66604185,9126694.99326804,198902.881988162,198217.896810331,199615.063512279,148342.114735319,1494507124.49659,1494463311.99805,1494589930.34813,-5211752.64331137,-1831239.43744293,-24247993.412435
2009-11-17 17:00:00,2009-11-24,7662371.86172103,2848834.80679064,20581335.9232568,46374.6524613382,19348.3834683051,108660.004059953,45593.0335472653,140.849262732188,7752696.85453519,80406.628144772,7175.66238308453,889546.844660918,3693919.47444502,1864881.73371552,7307134.36981855,140002.642909408,139570.067640993,140434.291641905,197789.486313759,1493692292.06654,1493639142.80963,1493708077.14532,-4384098.58049376,-1246353.08114192,-22125394.0672162
2009-11-24 16:00:00,2009-12-01,7233571.37263889,2687673.95559766,19547814.8680184,40045.527162902,16421.183772559,95031.6085623793,42933.0359530828,99.7349173650054,7845543.52345178,70552.6570896102,6096.66972591717,794249.764604884,3335006.82072181,1684546.23316734,6599396.94348146,106655.964070973,106211.375417495,106942.028850551,550984.997588329,1493506807.03088,1493596209.19378,1493530561.45104,-6546922.03832011,-3477302.28866694,-24326703.4812638
2009-12-01 17:00:00,2009-12-08,6300386.50744251,2342774.0467912,16979583.4231028,30131.7435283134,12073.9137309394,72646.3686870785,37550.4873570866,55.5398049867756,7752696.85453519,54552.0648247473,4361.09050321537,656336.638598098,2703458.89090536,1365028.74944963,5361869.3482496,161006.522449256,160376.814588835,161640.551200791,113022.563607862,1491456309.7982,1491396791.50241,1491523778.09539,-3079656.5738657,-374011.8050599,-19447038.8870606
2009-12-08 16:00:00,2009-12-15,5749343.59915931,2137400.84265838,15450141.0450413,24145.7629591576,9417.81123039255,59680.8779515479,34249.085144807,33.0662531723384,7845543.52345178,44850.1813442799,3339.15927036513,572492.24705968,2313790.21290154,1168769.49679664,4585201.8008702,155851.94025976,155121.091643521,156513.125668056,967755.700892322,1492047831.17774,1492000528.56443,1492096647.88073,-3305758.37775865,-800470.486784481,-19072938.5982483
2009-12-15 17:00:00,2009-12-23,7301012.94580705,2710186.83469226,19665748.7041606,35122.162549104,14117.9877941021,84938.669968686,43630.938475402,64.6984054888851,8913280.21599256,63533.5041771916,5127.49548687415,762690.461484987,3144469.21369089,1587149.73654256,6236455.65318213,91319.1162892348,90987.5964661566,91560.5212669822,1744785.82569638,1493092774.97632,1493081488.43404,1493090233.38581,-8092689.95973512,-4832924.4222763,-27009031.1742942
2009-12-23 17:00:00,2009-12-29,5124344.98230694,1911174.35730716,13778406.0029927,22760.1990143703,9004.15022501486,55725.9150698227,30599.0210872334,36.5484810981554,6731383.49645271,41724.1981257071,3236.47122648126,518098.585921403,2117602.35844462,1068491.3800532,4205174.49339731,143561.240099939,142941.7826438,144302.500867828,0,1490952382.06331,1490915884.9626,1491053454.4726,-1855663.68572963,285457.334707227,-15576244.2902515
2009-12-29 18:00:00,2010-01-05,5835234.84743891,2173707.78864961,15675462.8588129,25235.5752156897,9914.85750729078,61928.2098444167,34844.4386980168,37.825930407919,7752696.85453519,46656.6421865805,3564.4073470111,590359.143589944,2382535.95471564,1203403.86999606,4724375.58980497,117210.894227456,116779.884971739,117579.4881468,1158481.27698059,1492054983.17957,1492073777.67852,1492050930.17185,-5189362.46690675,-2566024.74751717,-21185748.7067311
2010-01-05 17:00:00,2010-01-12,5545857.54558735,2058043.21364618,14935743.6609056,22633.9143158659,8793.86288236894,56159.4673868514,33179.5081795654,28.9766224823579,7752696.85453519,42262.5963309918,3115.182909212,546671.737184609,2199400.04760548,1110702.0060681,4359953.06520093,169936.849858428,169266.592749519,170716.49498139,120086.473833354,1491466326.64424,1491285002.2376,1491510427.82578,-3028846.08190313,-487256.782585961,-18424369.4840535
2010-01-12 16:00:00,2010-01-19,5815620.31548638,2163795.06143275,15679868.2576888,24849.1743373998,9760.46946651585,61055.3852965047,34857.4365084139,35.1133377827363,7799120.18899349,46162.8915118539,3480.91318503429,586713.781883604,2361770.76119503,1189907.78178963,4688324.35527676,123217.654701671,122924.793766553,123452.789194246,254300.76811769,1491832163.70312,1491741321.38721,1491933270.15427,-4104257.59359514,-1573847.21809344,-19892097.1170391
2010-01-19 16:00:00,2010-01-26,5716517.86461768,2131784.02904045,15396492.7454196,23873.7606665845,9295.16963972418,58967.5644412792,34185.0484075805,31.5878933844012,7799120.18899349,44479.0202182998,3328.87958500817,571090.485613,2293983.38279896,1157729.72841487,4537798.85882065,176475.317576818,175897.027888085,177167.528192197,49447.3715784398,1491418708.27959,1491418505.50768,1491477962.68616,-3768790.89151266,-1249879.25645422,-19584245.101733
2010-01-26 16:00:00,2010-02-02,5392671.73810951,2000801.62104317,14525688.570525,21050.3181681731,8121.88995141626,52621.9041601574,32325.4919984652,24.8166205643109,7799120.18899349,39673.1202342992,2859.61889933099,525534.662767845,2093784.24945812,1056078.76594459,4148970.60316556,207681.785055132,206824.072439758,208574.191213143,162469.935186302,1491047961.75319,1490994412.37498,1491088343.71114,-3500658.60415354,-1114596.11443646,-18863572.1323342
2010-02-02 16:00:00,2010-02-09,5317552.51501041,1980294.41557747,14288580.7032674,20337.3393796701,7796.12904077585,51095.5665437222,31948.9568539738,22.4555151908779,7799120.18899349,38514.5658964481,2760.48240771842,522971.27603698,2046052.981397,1030152.71455083,4063630.86808327,207905.795594353,207175.277468222,208848.092430218,91830.8329313882,1490894027.71822,1490838730.7099,1490885122.64002,-3424920.39474045,-1009709.81385333,-18650711.3733193
2010-02-09 16:00:00,2010-02-16,5142254.25094107,1911839.11945984,13830202.9533812,18691.7715154288,7086.99181164696,47351.3378438833,30787.9664675943,18.4081896891913,7845543.52345178,35696.2393810027,2451.08071981835,490768.303210174,1926310.0620884,969184.389412999,3828826.10554159,196338.227998056,195583.238885734,196977.468109575,226045.127215725,1490715332.75656,1490669138.94384,1490720789.14962,-3902356.78354445,-1527967.31253793,-18960579.0550516
2010-02-16 17:00:00,2010-02-23,4982292.66515829,1845211.46625902,13442246.6717189,17758.246673552,6728.8114280182,45157.6314743189,29907.3036856707,16.7445622786247,7752696.85453519,34074.7752762197,2346.84372732881,474598.370697503,1846419.40760747,929050.625570539,3662851.62399771,326604.569798774,325111.386025158,328059.320668149,84766.9227058968,1490143803.03845,1490122667.56024,1490175494.93618,-2571039.0880435,-224289.109567042,-17443180.721186
2010-02-23 16:00:00,2010-03-02,4932744.66001175,1835600.31527791,13285315.1496416,17210.7159072032,6467.01757362193,43988.446695928,29614.1741563541,15.1312350097451,7799120.18899349,33159.5377677689,2255.50490503555,464902.980785723,1813645.48064484,916742.623389638,3588575.42625396,406410.292739458,404771.836896785,407777.365494067,98894.7431568796,1490548539.8865,1490488042.34552,1490636114.6037,-2177563.47071542,-87529.7207219479,-16967419.6733156
2010-03-02 16:00:00,2010-03-09,5181004.28022665,1926267.60872873,13940749.6308285,19112.2897437185,7290.30330365717,48228.3149884446,30889.298228412,19.2494588994351,7845543.52345178,36380.1796893037,2532.094160166,494737.660125057,1956335.13630712,988906.970212655,3886326.45843952,511659.776315992,509655.439766229,513721.605905578,226045.127215725,1491262544.4734,1491216491.38973,1491170303.13484,-2438001.69614072,107412.087661685,-17598902.6671544
2010-03-09 17:00:00,2010-03-16,5769728.60599869,2143611.15395739,15490168.1040212,24850.0953217762,9733.64226214993,61209.8861300607,34467.1217895836,35.6867809103279,7706273.5200769,45899.6813124644,3488.99566174262,582240.962679373,2352976.04732846,1186828.11501229,4669927.79551427,466404.225436629,464142.016276809,468218.695199071,14127.8204509828,1491849979.03974,1491772844.91484,1491941307.19539,-1765524.54141844,765358.853666029,-17374608.3508053
2010-03-16 15:00:00,2010-03-23,6524354.40375564,2423885.01812111,17526818.1188553,32226.6370813905,12992.8810158553,77824.314920077,38847.2111321232,63.7822656720835,7799120.18899349,58005.1684043688,4732.0919557331,691729.652833911,2845384.59139663,1437491.45910839,5634581.70525091,540353.597520825,537471.548153454,542431.421582892,261364.678343182,1493154147.55043,1493114110.36668,1493226693.21688,714974.662470674,3367029.42535013,-15875708.5331821
2010-03-23 15:00:00,2010-03-30,7801302.65673868,2910410.66477037,20960286.3884775,48707.4305097461,20403.4393576656,113472.04815341,46218.0033473266,161.348564763825,7667863.48276442,83765.5720489531,7657.70162983769,911728.672390367,3811127.15229865,1923668.48332992,7543387.39030605,548413.365929164,546330.354030095,549989.642551035,409706.793078501,1497398182.1227,1497418245.66061,1497321798.08667,-5618539.72132532,-2395447.79960105,-23676171.142107
2010-03-30 15:00:00,2010-04-06,10461374.4344378,3890034.53590536,28132134.2802827,92883.5611077115,40666.7819758095,209257.165675996,61491.0275562294,545.862899934208,6116551.45037917,149435.472768929,15145.1903836987,1466713.94923195,6101742.04488021,3080873.37765036,12092104.5717475,487362.67599731,485654.826640138,488693.289972119,176597.755637285,1495809802.33887,1495711754.87051,1495804691.39711,-5746971.00268041,-1903173.13753153,-24765465.2202777
2010-04-06 15:00:00,2010-04-13,8987844.97412537,3339548.73121343,24173384.6099489,65350.3091849858,27957.2430393569,149753.688188736,53067.5506428293,267.329434573751,7586317.33419204,109365.005940257,10411.7133204563,1130889.36472717,4746350.80784587,2393938.37243308,9400899.48438268,509064.980118997,506991.132209207,510835.719558037,310812.049921622,1494415508.86682,1494466746.38972,1494457980.18209,3323861.52274974,6702470.3266527,-15957462.7578878
2010-04-13 16:00:00,2010-04-20,10001150.3627624,3729857.99047224,26884914.5914546,88534.708775573,38623.3725897296,201072.581608176,59037.6749690177,562.700660149871,6562391.55387455,142360.748480947,14458.8410973768,1415895.49987815,5779680.29862643,2917210.97388558,11458143.5126241,577728.88768213,575624.41684314,579118.692689305,437962.433980467,1502010394.49142,1501948705.47487,1501948518.07103,-90127.0290799285,3641271.58931874,-19193003.6622324
2010-04-20 15:00:00,2010-04-27,22230125.0807856,8263256.616173,59594990.9249,509114.05672972,228378.851641288,1146425.37755078,128922.694054222,4776.2720674348,3596565.15796606,683816.933583025,72913.6655609119,6705633.86159272,20635929.971249,10413384.0640645,40880394.4650066,832900.431863902,828714.286528442,837444.505917153,84766.9227058968,1506291904.205,1506220676.26812,1506318419.60842,-4094263.71549552,639664.737414565,-31312906.7923516
2010-04-27 15:00:00,2010-05-04,18535904.9328899,6911616.48373574,49790919.6876238,329425.466408832,149044.93663731,729408.692147697,107940.774662701,3611.3523363455,3245978.49304727,466434.962576332,51308.8775899446,4381700.63297542,15237865.5666203,7687667.23456656,30168440.0259796,528144.185378274,525532.302950936,530318.265073429,1843680.56885326,1504365555.77425,1504318312.74956,1504370078.32339,-8792612.93321246,-3981170.65215512,-32525694.4990645
2010-05-04 16:00:00,2010-05-11,15625556.1784716,5820104.39164394,41939084.8200942,227241.144279334,102427.660840956,502283.507609,91442.5093939438,2297.93111446607,3479962.85049831,333730.775547408,36719.5057120986,3110082.15067321,11636260.4657357,5878643.50966469,23099096.4317248,605645.191081659,603473.650011679,607704.418183665,409706.793078501,1501090319.79443,1501085548.03409,1501134970.35287,13090061.3612166,17581259.3791065,-8307384.65454476
2010-05-11 16:00:00,2010-05-18,18541541.0447423,6890025.5227396,49904027.9622875,359886.539096551,161413.205463564,808180.387493587,107781.86315311,3291.80803722093,3632858.29697404,496860.897017614,53461.9106470548,4808428.8226039,15753876.1772199,7956136.93176915,31285103.9160896,963560.689920645,958023.583598894,969122.426607658,7063.9102254914,1518626152.8996,1518512482.65159,1518605368.85469,-13340147.3178246,-8688936.46847485,-37327951.9069275
2010-05-18 16:00:00,2010-05-25,27190835.3270048,10113042.3389613,73277766.2136716,812764.127520017,356645.56712506,1876693.45734273,157571.321783265,5450.54863165475,5018941.8510701,1040435.0127481,103634.002565459,11040884.0482911,28849382.78089,14576506.3054979,57153508.4449008,873540.341500709,869271.78136674,877844.153838336,113022.563607862,1508081702.96887,1508090863.78155,1508117528.22796,5211413.00070673,9439620.61695307,-28561038.1608842
2010-05-25 15:00:00,2010-06-01,22575349.6781081,8377165.5561949,60539597.5283133,518561.353661209,232596.232201367,1168244.21126445,131437.427273499,5035.33080673514,3597567.82269006,698393.927428039,74368.966225762,6840458.31088097,21073577.2817589,10633787.0173876,41814417.8831559,569036.588072574,566321.889511338,571441.788795547,1525804.60870614,1512884821.19985,1512825781.15591,1512803165.77894,1331485.19433444,6302799.07627413,-26174615.1974734
2010-06-01 15:00:00,2010-06-08,28773785.8472541,10659666.2133462,77455667.4232177,886380.425292617,388702.461162941,2049450.95001857,166309.329527085,5829.50728916713,5216983.60805071,1128257.19924359,112808.665444636,11956555.8318592,31051134.3509527,15688050.0282737,61547330.2002194,673930.283404713,671015.658163373,676762.478999378,1391590.31442181,1518023239.51953,1517936978.76834,1518120826.64245,-940512.601801774,3335207.71849219,-36112082.2375092
2010-06-08 15:00:00,2010-06-23,55721201.1347199,20715961.0504357,149887693.512238,1594932.50627744,705535.560602103,3652125.92262812,322174.096332108,11985.2332101618,9515452.48041373,2061983.19335356,210348.268937304,21355837.2504115,57997623.2623231,29241723.7865973,114975818.464257,1771305.71249348,1761445.65653126,1781003.64406483,2578327.23230436,1517703985.39911,1517671051.97918,1517655565.83617,-6828673.01147098,2519183.82355898,-74656364.4311736
2010-06-23,2010-06-29,27077780.7996603,10086264.6954602,72868988.3928364,779867.231961066,345325.732998028,1786022.37389689,157146.127820063,5868.54030820266,4621365.83529869,1007976.67433693,103613.678162454,10444966.878933,28285083.0795144,14256984.3338402,56058704.5899974,877717.775727402,872428.735689765,882339.973399682,134214.294284337,1513385001.57581,1513247301.83768,1513393737.56209,-6618772.76695078,-2236596.93287316,-39365198.7586223
2010-06-29 23:00:00,2010-07-06,21508946.7023798,8019168.12889153,57739781.5553929,496147.914325128,222481.901881415,1118896.44663985,124667.0668147,4733.65062438483,3441781.96939959,666016.770495053,71137.6448225424,6497043.79272783,20092483.4551147,10142758.7535865,39774957.578513,905289.749007249,900703.123565267,909647.063609151,536857.177137346,1506760413.08168,1506796616.29091,1506703014.5009,-4101109.97030022,441906.552434479,-30602963.6802354
2010-07-06 15:00:00,2010-07-13,18426434.5580608,6847122.63883693,49673563.8678367,326954.584727254,148106.898048734,724293.079297977,107907.169454797,3595.11326903705,3259213.13422606,463213.024085262,51708.6358070816,4318994.81394157,15145444.7702575,7634959.53876019,30032847.7747455,1090280.59828787,1084241.62093277,1095625.78241562,21191.7306764742,1504994165.53841,1504843408.90985,1504955837.67954,-6442537.29930909,-1466490.31828524,-30107431.8261275
2010-07-13 15:00:00,2010-07-20,15624049.2397861,5818129.3386954,42068872.0180134,225404.625685862,101631.670838927,497540.642059943,91860.3448179582,2310.66096773677,3521289.772997,331550.86096392,36465.7645979389,3072280.26333225,11600783.2663733,5846691.83695417,22984126.8594675,1105578.33918354,1098781.47744922,1111352.3088725,91830.8329313882,1501661603.93756,1501604760.15254,1501841871.2182,-5407646.39890849,-851749.539077936,-26930423.4184838
2010-07-20 16:00:00,2010-07-27,13280722.7791285,4949516.44271076,35569908.725874,160021.678528841,71669.127194496,355961.659365767,78055.0766221131,1396.01756315176,3968828.18372363,243463.712528893,26505.8494140685,2262583.5367777,9019848.15803717,4546269.45348551,17878507.2122186,1008844.71782374,1002936.94614204,1014635.22133686,218981.216990233,1499912291.83728,1499830671.09505,1500095016.63275,-5588335.06566772,-1470346.64062511,-24975788.9837959
2010-07-27 14:00:00,2010-08-03,12054540.7358462,4488792.66006342,32461211.9280931,126196.30794433,56180.1706815269,282526.51928395,71113.9535452601,931.140719518503,4870954.31955543,196716.742679207,20794.7997112992,1862460.33704167,7629548.11997999,3854290.31608688,15112903.988768,919264.516312124,914003.994176903,924222.577770575,529793.266911855,1498276508.35955,1498338003.00043,1498343532.24637,-6033424.94521468,-1927050.14381396,-25706612.9827274
2010-08-03 15:00:00,2010-08-10,10516017.4828249,3919250.01179723,28349987.9248285,93234.6546992191,40686.613520058,210261.036291731,61930.098013231,540.100316939376,6034770.41037805,150337.156980731,15394.4205276565,1466223.82765078,6134627.74443616,3100158.0990195,12165813.887148,849051.105176053,843916.725570743,854001.680376865,91830.8329313882,1496672631.78497,1496601209.82205,1496744679.83038,-4692432.78216737,-901251.504822892,-23791797.8398758
2010-08-10 15:00:00,2010-08-17,10222172.8545417,3788866.2120276,27527330.6425993,82855.6176064262,35864.4244900478,187995.880069431,60327.0587721299,414.49586547215,7139710.66672813,136250.495933311,13583.4043851359,1359953.6187927,5703597.56878387,2875008.80533684,11304785.1828323,844814.598000519,840577.290159606,849522.634327492,332003.780598096,1495909870.37864,1495942670.44673,1495967055.48006,-5370440.53688726,-1588861.91876002,-25450440.9957177
2010-08-17 23:00:00,2010-08-24,8444558.16913881,3128118.28888986,22779628.7577024,61283.4373145739,26076.8541866173,140874.863899164,50084.7673034909,256.843935688155,7122264.27968857,102696.441498643,9875.72490734719,1058523.50219579,4459866.66227857,2250862.11720289,8863316.96631014,932156.10460693,926190.566392248,938099.232319184,148342.114735319,1494824627.48242,1494884916.22264,1494833339.78317,-4256941.12775525,-872459.248239722,-22348100.996452
2010-08-24 14:00:00,2010-08-31,8075305.7797371,3001928.8579559,21695033.1787603,51799.0668738966,21735.6446363342,120540.790111778,47869.0314635233,168.093093411538,7792408.65264568,88842.368293914,8072.65844197101,951310.822436073,4010963.38915669,2026594.74972645,7953215.35910953,793767.30764924,789139.404304575,798670.067698337,303748.13969613,1493982628.51777,1493985032.54578,1494096497.67799,-3679796.62265878,-520118.391632693,-22142069.567612
2010-08-31 14:00:00,2010-09-07,8161807.30594055,3038741.4608147,22008093.4917192,52749.6062773033,22148.2712625084,122914.477816048,48472.9527706337,180.127495816661,7833593.13820852,90212.2618870487,8255.65309652857,962455.156969669,4066728.04991898,2054577.73361519,8070751.83435028,662135.657509838,658513.590544914,666054.515850684,664007.561196192,1494065665.58437,1493954119.13501,1494096298.52615,-4317057.24930275,-1074583.62185558,-22868977.1204986
2010-09-07 15:00:00,2010-09-14,8068668.10059336,3003490.83820599,21700670.7502817,51628.0734641207,21658.3298498299,120133.810224199,47804.464662455,173.398382953864,7791673.30841295,88693.8621516858,8093.26769333192,941210.464613188,3999839.1819615,2016410.4410165,7936382.77600486,499863.278911275,497726.140201746,502566.473131281,261364.678343182,1494036994.31571,1493939399.49022,1494041956.654,813963.622857852,3968359.070173,-17427767.7011592
2010-09-14 15:00:00,2010-09-22,9301238.5663494,3454470.44306828,25068025.1581677,68262.6859952199,29227.5875817518,156769.396951239,54999.5355881429,307.425556721441,7693514.09388051,113485.959642046,10958.0700270045,1164703.58126233,4919663.30424648,2481666.18935877,9738168.7525859,507080.642656255,504836.403204518,509570.398142103,1681210.63366695,1498869414.65691,1498887735.5518,1498790959.65543,-7922327.49015901,-4282228.18278757,-27743305.1174807
2010-09-22,2010-09-28,10677750.7592631,3975440.79443171,28743411.3279369,103739.461349962,45724.8719200983,233027.81340403,62775.8758175489,688.472963193386,5041625.09087624,164031.779090673,17115.0785311984,1576285.79172349,6505905.76438815,3281544.03948393,12887596.1194401,384327.499460094,382504.7640555,386619.810200216,91830.8329313882,1496739540.60109,1496660914.14752,1496698403.03998,-5728436.97326445,-1941680.19437814,-23901509.8530818
2010-09-28 15:00:00,2010-10-05,9548084.54924539,3554400.34829739,25653098.4143252,75387.7789929689,32569.1804301978,171152.279433205,56428.8214876496,360.351827225868,7100572.80121197,124361.465090727,12362.1884911954,1247301.50012852,5254856.85876961,2648093.03166642,10419367.479885,588239.001918923,584939.902783897,592267.217999093,127150.384058845,1495220999.07243,1495171369.22167,1495223474.09284,-4380602.96681702,-807019.866414495,-23561579.4144936
2010-10-05 15:00:00,2010-10-12,8471695.0619644,3142431.8310942,22806723.6550713,57137.421813608,24158.9092215432,131839.630186483,50244.1096336347,209.430801155119,7773788.01487947,97082.1885207565,8943.05496985411,1017279.72940243,4317341.65091198,2179640.68682718,8564609.88076043,310993.073155008,309703.093956828,312566.230045795,211917.306764742,1494928713.2438,1494897430.48845,1494910263.74508,-5384160.63210003,-2061786.09183757,-24217633.4292881
2010-10-12 16:00:00,2010-10-26,15198055.5798894,5651027.87805163,40962828.751691,91069.857798832,37809.7128576499,213719.10939651,90288.3941868157,264.536580293358,15547449.8099182,158195.309674571,14112.6017304333,1731661.06499597,7292771.70300223,3677178.27837429,14465970.7557912,852031.386373435,848297.513617679,857088.277129065,685199.291872666,1493804293.97633,1493744169.28466,1493746794.40531,-6332653.64113665,-135613.358930595,-42101292.4502341
2010-10-26 15:00:00,2010-11-02,7789489.19084026,2904730.1942584,20954817.9725195,47787.0994611127,19926.2674688419,112154.393894476,46386.4145380468,150.339071866353,7779353.96746716,82390.4086413024,7462.65375613215,895526.09722737,3782222.2002651,1905012.70687774,7503573.3940064,173620.411356173,173084.362339243,174108.816334524,1137289.54630412,1495549645.67924,1495460675.82938,1495474119.27548,-438559.826423565,2829563.67031756,-18434715.3946817
2010-11-02 15:00:00,2010-11-09,12912894.1476921,4797816.09420369,34726660.6258632,147362.362372844,65658.1924304163,327315.747029576,76039.9707328272,1230.91987088274,4381098.24152597,226226.834395471,24517.6146021358,2115349.32621183,8533167.02874842,4305435.92485973,16919358.7647456,252485.848509456,251615.754213384,253668.74483747,268428.588568673,1500258585.90098,1500227420.20177,1500295144.87744,-7769779.93850399,-3485982.84585256,-27480679.3293362
2010-11-09 16:00:00,2010-11-16,11681555.9859215,4346058.1970748,31413661.6229299,118696.318404216,52754.4296639819,265458.654244437,68927.0702583899,854.797272647208,5086776.16105373,186781.111246693,19649.1471675594,1790050.72048685,7276084.51952237,3670141.06711994,14427908.052467,154879.62358984,154435.142195543,155350.394011737,437962.433980467,1497334104.98898,1497392565.89205,1497409761.76219,-7663723.77961924,-3725375.86619415,-27045667.6143668
2010-11-16 16:00:00,2010-11-22,8570097.25422376,3188893.31309907,23052774.049822,70587.7900886602,30693.4173082126,159701.584231178,50510.0702726492,372.450577349043,5744446.1813181,115184.667639566,11555.5172434545,1137959.62892531,4804445.64605444,2420030.32496351,9510382.88433252,90956.0372873583,90531.5221256428,91286.8509938036,1116097.81562764,1494733339.98606,1494757549.4239,1494717088.69184,-5101503.27467035,-1953565.26600641,-21693141.5638778
2010-11-22 18:00:00,2010-11-29,7959410.59627959,2964449.20907201,21453379.6923236,50707.1713162353,21312.6625763103,118013.776570278,47260.6009601757,163.468650084402,7740929.46580277,86832.2189172411,7931.31467180868,925989.728141451,3937814.50847207,1989107.8642776,7808081.83979243,112814.642687715,112358.551596738,113235.266137791,996011.341794287,1494658912.6259,1494673717.38462,1494600574.0926,-6706634.62863789,-3539480.75201033,-25075660.8127122
2010-11-29 17:00:00,2010-12-07,8900541.00737379,3304108.25335447,23932269.9432323,54821.1122531981,22970.891736287,128008.249500018,52871.993226914,172.197311614471,8913280.21599256,94573.4606306044,8455.41535549028,1019385.39094529,4329871.67422364,2181914.67511441,8584242.07307191,121649.830228924,121210.803552437,122085.664031348,678135.381647174,1493041870.77537,1492911063.47061,1492949494.92148,-1818399.07696896,1949642.1349018,-22385396.803574
2010-12-07 17:00:00,2010-12-14,7630136.27124338,2830843.77696406,20505933.4150647,46287.5147086821,19291.4012624317,108565.520674363,45263.6455104672,141.996062307795,7692090.5198593,80138.5046036981,7148.06767311847,875141.202711673,3677689.19837884,1855043.23310146,7296661.90546643,88708.7752672814,88235.7571832184,89026.2355795529,2387601.65621609,1496552893.14908,1496490418.11125,1496609853.71712,-7442186.37524635,-4387929.59704318,-25136437.8914
2010-12-14 16:00:00,2010-12-21,9781779.92261699,3635435.76362331,26328214.3073712,80285.0031412657,34834.6510366699,182400.678899767,57749.5869665975,411.861999338717,6857466.46586352,131048.399095226,13043.9667414297,1303606.83699768,5482813.72153297,2768606.23625649,10872846.2290372,137806.411743293,137271.684194076,138307.804333122,310812.049921622,1495533736.39247,1495537624.39333,1495523672.02797,-5747120.92997525,-2047244.82307188,-24961951.0576235
2010-12-21 16:00:00,2010-12-28,8489065.40676564,3154498.97315823,22894609.1278208,56082.4856265167,23614.7400700213,129895.537272762,50381.0830243773,199.059041836995,7990245.66530221,95725.9146855307,8905.52835119214,1017411.38004877,4275780.90730292,2151435.13439053,8467150.99565372,171985.218008299,171259.931393731,172824.902641139,268428.588568673,1494527670.29096,1494547019.64139,1494565087.57777,-5612891.82695967,-2363256.49371571,-24865893.1100785
2010-12-28 21:00:00,2011-01-04,7136762.26898199,2653832.36547575,19220203.263253,40645.3870513607,16804.5228375365,96112.9891315454,42325.6790126654,105.132925987661,7613426.85116031,71286.7368580955,6209.66218466246,801442.468584381,3338705.26295221,1681861.47014767,6620793.56756605,157079.417486395,156568.025595169,157591.025422734,84766.9227058968,1493426695.81736,1493341740.93203,1493334782.90746,-4321555.79817138,-1320346.54861703,-21349610.5433764
2011-01-04 17:00:00,2011-01-10,6162912.0037088,2287083.07326336,16590850.4925602,34604.9162345872,14288.1479457198,81774.954031361,36682.959746589,86.968038339092,6638536.82753612,60774.0883991781,5289.97578588866,678335.14059402,2866049.64093498,1445723.08501765,5683462.99015141,89954.4051506489,89630.6855587371,90210.2081096244,784094.035029545,1492985142.33336,1493029698.2905,1492937725.46923,7538752.00701698,10221895.9228435,-7372100.69026004
2011-01-10 16:00:00,2011-01-18,10077757.9113834,3740686.8928073,27121171.5011072,81426.2500074063,35131.5235452216,185723.991382054,59549.9006678252,498.737106101473,8033139.37836806,132057.281720707,12907.1848706772,1348782.17551255,5503403.98324505,2777954.71004399,10902739.9854241,164669.350784663,163965.515213254,165209.318711597,2698413.70613771,1504646958.29741,1504657515.85173,1504715109.82156,-14246959.6151874,-10461598.4119396,-35174843.014812
2011-01-18 18:00:00,2011-01-25,13296081.8195743,4928815.16574861,35818201.0822049,156325.673347592,69832.9613370318,346836.891638218,78194.9601584383,1329.97111452945,4521337.81953893,238871.597221811,25606.9580315436,2235088.615307,8893299.55242812,4489957.18342281,17594459.2702293,185732.424677791,184990.047868457,186378.416833114,713816.47148696,1497781130.39811,1497801954.28529,1497799229.22883,-8536870.85936304,-4160638.94693749,-29041469.4499937
2011-01-25 22:00:00,2011-02-01,9809964.31053115,3647111.71312412,26377303.8956917,81118.891969192,35163.5069871194,184043.119187916,57973.5433497753,422.599646543779,6540407.08280111,132855.794780866,13282.7601500681,1322595.86581119,5518367.54831504,2787952.0729208,10977365.8843648,184132.858937918,183386.38357467,184691.34181178,946563.970215848,1494648518.08343,1494614928.02841,1494703044.57832,-5389691.84005385,-1850561.13428838,-24215440.4479411
2011-02-01 21:00:00,2011-02-08,8224739.6611553,3052247.56929401,22076177.4991103,56017.9462629731,23761.0083937844,129072.796888734,48727.2194585048,211.631525366597,7513605.30484844,94917.8095392944,8933.92281569935,996158.243508557,4207493.03411311,2120590.88328788,8350342.42336859,292078.626474132,290622.279290318,293515.94740196,720518.843000123,1494584802.34697,1494608344.288,1494523689.53766,-5076620.72732915,-1781014.30531062,-23269459.3898957
2011-02-08 16:00:00,2011-02-15,7947791.42234287,2951727.37844469,21367168.1950156,49927.8025208359,20924.8786897744,116410.743753811,47102.0117427059,155.950599154931,7794687.08984463,85688.1632891425,7738.38777198222,932540.814929469,3902457.46246406,1967675.83152154,7738421.24035462,253192.338694889,251956.773653211,254080.900196639,282556.409019656,1494153531.43847,1494130559.21469,1494137135.0448,-4710844.19336609,-1438580.64022051,-22926915.8857818
2011-02-15 16:00:00,2011-02-22,7703471.85664103,2864142.11205511,20717585.8496449,45694.1711688745,19005.7267111777,107345.631445601,45778.7480910836,128.159701650034,7931961.36434083,79540.7740331852,7058.74396849175,877326.70859653,3681269.47777789,1859443.51254495,7296456.7270589,265544.570141473,264427.157185777,266678.143086602,685199.291872666,1493700103.25286,1493704504.44092,1493742024.80393,-5108686.60281764,-1960434.87912835,-23468156.3873452
2011-02-22 19:00:00,2011-03-01,6913094.89103824,2574620.41080019,18599005.0012735,37218.1609697285,15188.8039602864,88564.329130738,41098.7234111647,85.6822295844142,7706273.5200769,66034.5733582967,5646.41441728617,755685.800728821,3147537.78468007,1587355.82600371,6238181.79464632,297649.447882937,295976.548549014,299079.609270375,1024266.98269625,1493204287.44393,1492992632.02933,1493233253.28938,-4731221.52861057,-1901921.08514092,-21481252.0658195
2011-03-01 17:00:00,2011-03-08,6819403.34383654,2528831.73229758,18329750.4274273,35795.6723169052,14602.5893691734,85614.0167237257,40554.3443361732,79.2202383161347,7752014.40868583,63785.5028579096,5325.56476597876,738083.500547724,3068809.74016796,1545523.2769319,6079523.93278601,307246.208304687,305982.133063718,308312.532402431,777030.124804054,1493109592.01423,1493147914.1935,1493067808.12379,-1860199.79777897,977377.282580446,-18835707.9624802
2011-03-08 16:00:00,2011-03-31,25908223.0106177,9628631.73511073,69721957.17196,161218.656151575,67444.6949947411,376885.230992103,153814.040881819,500.489557861367,25667138.6095761,278226.812339656,25280.1023082959,3004126.180912,12670639.7363058,6392706.00267268,25111299.8973426,1401396.8006546,1395623.99203172,1406490.83440584,2338154.28463765,1495609905.25613,1495606862.24402,1495519549.22785,-8671273.31204801,1956271.50538518,-68470467.0269396
2011-03-31 17:00:00,2011-04-05,10189317.8512888,3785145.21512361,27417559.8688213,128268.311362057,57553.3195959204,283719.742193046,59992.3271006645,1175.95992850058,3121873.27424035,193290.88933833,21176.2592123868,1825316.82884961,7039216.91051508,3561041.12365959,13960004.9484235,263968.870504052,263191.635661971,264475.18473377,1222056.46901001,1501706232.21175,1501726865.96341,1501747502.04514,-7237223.2387009,-4064352.35657879,-22444333.1780469
2011-04-05 22:00:00,2011-04-12,12127505.5482279,4502123.32190312,32640672.1941841,135795.798979159,60464.1630339976,302000.688268078,71252.1855787534,1112.47750363398,4313942.31447387,209506.204823775,22425.8404737493,1969758.66286032,7938327.42310399,4010066.2943588,15760366.9487868,577202.766086976,574661.11440447,579068.785021048,233109.037441216,1498958749.04013,1498928578.83532,1498946024.15211,-4088895.51927977,6021.09742738679,-23006443.4964497
2011-04-12 15:00:00,2011-04-19,12461835.5212568,4626862.95674115,33509859.7754445,135391.522921579,60327.9087648229,301569.158075518,73567.953840542,1059.55994365433,4606716.07385566,210635.059894973,22530.5698754444,1986694.86641612,8042037.3626435,4052486.30177583,15966974.3829849,625356.707747571,622997.320315679,626855.673739699,1349206.85306886,1499131492.10671,1499042182.50229,1499186552.68113,-5295031.23731159,-1057762.49366239,-24922910.204176
2011-04-19 16:00:00,2011-04-26,11694901.2392078,4352674.30827761,31490263.4690513,118453.403784109,52451.8922254053,264877.757414283,68858.71822328,834.262892503793,5002384.57195216,186051.949425593,19503.5278144855,1760198.98775036,7277672.72687998,3672319.68934915,14429642.2639173,685477.150946542,681773.468272173,688234.206955737,339067.690823587,1499399703.70999,1499279488.96825,1499513294.41377,-3484150.25223797,427844.525637755,-22784642.4945387
2011-04-26 16:00:00,2011-05-03,12819175.8294105,4779256.36050189,34475606.201367,146588.726484106,65389.8996980983,325733.005588779,75422.5218248986,1210.83694257886,4237737.89352669,225021.947741562,24139.5175677443,2118009.48162803,8482149.68825286,4279386.74843114,16798352.2765056,656026.256907145,653671.47559519,657401.635788608,1003075.25201978,1500359736.58139,1500233762.47983,1500351577.46382,3615765.46181926,7955809.02554633,-15912443.377726
2011-05-03 15:00:00,2011-05-10,16682456.1193131,6198324.02889277,44825687.9342548,270470.151697854,121970.610174681,600572.976972104,97482.2116068394,2751.49994031304,3595251.28326405,388544.338472813,42574.8603248932,3653044.25437747,13061913.1585405,6583075.70248425,25853451.6038487,692468.805510295,690771.53290952,693355.719237454,289620.319245147,1509106610.37553,1509025727.02394,1509247400.13207,13763167.8974851,18238266.7838659,-8661309.61330749
2011-05-10 15:00:00,2011-05-17,30253289.9014649,11263441.2797519,81331735.9781506,1027774.93008937,446058.389328905,2407707.28657955,174936.559506713,5558.0386982189,5947724.32450545,1280205.14432217,122224.546749197,14233407.3083888,34157902.4359572,17242884.4678896,67688852.8227392,936583.559113339,933873.927348897,937995.653249869,240172.947666708,1526843969.4493,1526781786.85566,1526867060.99912,4946527.11631066,8877460.58250366,-32745485.1580019
2011-05-17 15:00:00,2011-05-24,32983923.5361707,12256107.5722374,88755068.4921817,1197080.59890854,516645.432364771,2812826.24732846,190571.450132565,5731.69581562063,6836528.15219175,1478162.10393307,140973.009466206,16510372.5625265,38608199.4099994,19475473.1206433,76577597.2090188,784473.956144251,781825.67111777,786601.084210494,49447.3715784398,1529672390.05359,1529570201.06696,1529645218.38858,-9564359.97791966,-5628704.89548151,-50617287.5705676
2011-05-24 16:00:00,2011-05-31,33498570.4569506,12460857.7312345,89973166.5605874,1264419.16016805,543191.769746199,3002031.39885972,192816.049373666,5494.32553865405,6819811.14197632,1550643.79265485,144577.717436815,17715617.4975026,39962851.5868886,20146181.5428561,79206104.6874209,580351.842768551,578341.429425919,582948.344563028,1441037.68600025,1516614541.77025,1516552958.02897,1516728119.7828,20221450.1342896,23656114.7595856,-21492647.1573224
2011-05-31 15:00:00,2011-06-07,31323477.0071128,11648285.2552307,84481280.4147342,1082410.85315006,468121.218338919,2535415.24775584,180832.413289478,5833.20155413209,6135120.93336686,1349028.83664884,130435.736927276,14843459.9479194,35754194.7620301,18048424.2562318,70835447.2840897,858116.381300662,853334.59118864,862492.596803429,1193800.82810805,1534240275.62003,1534222922.12459,1534254870.80006,-2681418.92178833,1303342.00849119,-41764978.3528211
2011-06-07 15:00:00,2011-06-14,38901037.7530894,14475382.5923806,104753607.226805,1748217.33513295,734434.75293226,4245813.25003356,223485.100963436,4999.20111918507,7798879.25516143,2077934.49262845,182301.774767863,25583418.7740863,50688240.3140451,25604084.9515583,100454303.262574,659918.96945968,657065.035800322,663301.361732742,466218.074882432,1530076095.49322,1529949081.26276,1530102930.20129,5562084.20528807,8001605.24575648,-44038307.5381018
2011-06-14 15:00:00,2011-06-21,35838431.3794056,13323306.5123054,96431266.6179957,1438559.67703468,614805.5423026,3447885.279979,206224.196192333,5391.4799662585,7661437.91020039,1743779.11871156,159791.276051251,20284066.1462419,44095042.7306374,22252008.7014503,87474900.5429431,511656.933307836,510064.818830424,513781.34738124,890052.688411916,1527706913.1717,1527641105.68132,1527706721.85577,-741802.847270717,2566353.59700317,-45819886.6344544
2011-06-21 16:00:00,2011-06-28,36765842.0656167,13693234.5862069,98875559.0709875,1548958.52658107,656606.336944243,3741065.39799285,211743.07167126,5229.07745099025,7534663.30489753,1853819.01908205,167513.278136478,22043217.8480127,46339709.5053428,23368888.686182,91991473.3044354,959998.660051013,953930.186172417,964709.589394734,437962.433980467,1522475457.72024,1522547245.79937,1522504349.43153,9378165.01599203,12205971.6130553,-36830439.360791
2011-06-28 16:00:00,2011-07-05,35862466.4054351,13345620.5867755,96480300.7580155,1466083.17782404,622373.763485309,3520532.74525328,206699.298909832,5321.28660885785,7572908.53533904,1772129.56916059,159227.536522923,20961475.7893217,44546148.7160365,22485662.1647866,88178560.3571903,1018991.08345837,1012671.20337771,1024422.64606908,113022.563607862,1525372239.68777,1525393091.60062,1525348047.88495,-1448687.87840234,1667163.09253385,-47109710.098628
2011-07-05 15:00:00,2011-07-12,32333692.5764064,12006557.0008634,87190980.3198026,1147784.49471442,496572.17962047,2699548.12939734,186348.265858172,5807.48336810346,6652224.01929162,1424200.54794409,137001.406550758,15825683.2928591,37474115.8912161,18930543.1750766,74314054.8173728,1214562.20112492,1207255.89783698,1220790.86724043,261364.678343182,1517778813.02481,1517728638.89027,1517762443.34632,1388923.62212476,5324917.90242778,-38991581.6008605
2011-07-12 16:00:00,2011-07-19,28152042.7969491,10477148.7917881,75751028.3096513,852509.65522181,375875.398502916,1961336.32730192,163154.594535775,5916.50392805879,4955503.30006364,1088807.1558452,109622.998160188,11438035.8794614,30118890.366268,15197679.9745088,59687235.942891,929245.107108576,923491.258475742,934696.855037867,91830.8329313882,1515832449.11786,1515832012.04449,1515856864.92458,-5940784.16495659,-1557973.86744634,-40190127.9175809
2011-07-19 15:00:00,2011-07-26,24264508.8295535,9039451.10614049,65310795.7902854,605796.699213915,270602.985908093,1369358.31219818,140625.777609311,5321.60367731033,3907013.04538207,802005.059421638,83881.2460889815,8046270.99256578,23554575.7079618,11863212.1726463,46624981.9229297,943998.13811641,938009.728436224,949338.269463333,642815.830519717,1509191874.51501,1509217685.97839,1509238114.34946,-4999211.25760991,-324263.539171938,-34906453.8583082
2011-07-26 16:00:00,2011-08-02,20130014.3425129,7502476.57065451,54114000.6962069,398552.817197789,179988.208201086,886511.2702706,117354.794614625,4279.90522378928,3268223.29709038,552059.324078722,60315.1415742542,5269289.14337116,17458522.0091731,8822379.8779978,34594996.1024379,955934.172782404,949988.547637828,961510.282414154,211917.306764742,1506149841.60764,1506013165.89864,1506154701.68154,-6511220.50356342,-1733067.35428279,-31594512.2208517
2011-08-02 16:00:00,2011-08-09,17053246.3557949,6342722.27495993,45841055.6669425,275473.621184534,124649.75474428,609440.224766335,99821.6734446934,2944.41997402886,3313450.15233297,396662.022853638,43698.4973215211,3695270.80056488,13366408.9129813,6728506.03139963,26503746.5280137,1079427.08464113,1073068.29726807,1085189.90198967,21191.7306764742,1502634063.50729,1502612089.00664,1502608243.03404,-6079728.76507174,-1430419.35684845,-28581327.1059397
2011-08-09 16:00:00,2011-08-16,14076107.8109897,5230648.10342068,37815861.4877627,179379.60896991,80582.2273887399,397931.08606946,82436.7621148541,1666.29026354273,3847250.01904632,269592.444910841,29518.9746577918,2518965.88089132,9813351.53271044,4945644.24376707,19450055.2683953,1012035.48408771,1005544.08926594,1017710.63772308,77703.0124804054,1499954894.14855,1499922234.04598,1499911456.0262,-5904328.7419975,-1532817.1759183,-26139929.0253117
2011-08-16 16:00:00,2011-08-23,11927806.4697557,4446072.61972385,32063704.2726961,123796.075165273,55075.7227372562,275834.96996523,70007.5275496259,922.313045291782,4775658.23244481,194217.938350676,20784.5076252125,1842085.87958005,7516593.37696286,3792641.62312931,14898306.8311754,998199.039850234,991348.329214358,1004688.78876309,0,1497910398.02922,1497972250.6008,1497847569.12546,-4378379.33040831,-279524.416307864,-23826245.0694579
2011-08-23 16:00:00,2011-08-30,11111070.1826182,4137382.80569305,29934219.2415159,105548.177255215,46631.4357766092,236539.93641865,65565.4286183105,685.524196286939,5477716.66089938,168011.200409844,17475.190104972,1612533.65002926,6701601.58024756,3379315.61894445,13277512.301332,918404.846018922,912475.9276703,924561.041162081,28255.6409019656,1497333054.29282,1497200293.26609,1497306909.91994,-5506667.83318694,-1608052.44340802,-24645666.238931
2011-08-30 16:00:00,2011-09-06,10083260.0738659,3756420.5321321,27098452.0931741,85417.5299835208,37121.9742351989,192902.393245331,59544.0434958506,469.978386893824,6455320.55662888,139042.419226744,13979.1439539819,1362093.0834407,5739789.32352088,2897088.9783869,11375210.3916091,789764.901114785,785156.50641933,794910.624409283,423834.613529484,1495684830.66317,1495641818.81443,1495637496.52659,-5133306.18358588,-1385138.31416146,-24215422.0121402
2011-09-06 16:00:00,2011-09-13,8754617.7452841,3263945.8063391,23551485.4941809,62019.1057529356,26432.5881285539,142754.286386565,51809.0049521962,244.154877766413,7680599.27708641,104549.923089715,9991.57736355693,1080531.50580477,4569808.57759558,2307642.61980924,9063537.37857246,892445.430231055,886445.849130201,899682.426549809,0,1494813068.93505,1494788878.52629,1494801938.96986,-3143282.75365226,285188.688680316,-22176521.6677664
2011-09-13 16:00:00,2011-09-20,8172961.51720932,3036142.44693296,22025080.3618087,53304.9616233181,22495.4058993115,123671.752105309,48419.5772408324,182.752989539904,7787047.06714471,91156.3139107187,8456.32554128898,967817.350587887,4094548.75093358,2069624.19947451,8130004.88808192,563835.809769934,560843.919797965,567989.56475571,621624.099843243,1495180527.95265,1495104507.61686,1495193653.31631,-5720008.95263388,-2464625.59749385,-24199095.1103723
2011-09-20 16:00:00,2011-09-27,7875018.12962382,2926145.96716469,21199571.2991631,49162.8967919327,20629.1840094957,114373.905076687,46777.8576323031,156.515893425525,7790481.26355612,84568.429906343,7669.50197205732,915312.795055565,3860780.06577819,1949998.26466152,7645977.99834769,660574.2855761,655748.865748366,665914.52366212,113022.563607862,1493789600.90914,1493732658.68514,1493787460.63075,-4206647.18609814,-1039913.22697753,-22378070.8038594
2011-09-27 16:00:00,2011-10-04,7468630.27508223,2783540.52176587,20079036.7061554,43462.084070716,18015.2109885904,102588.366014386,44407.289517052,119.855222992825,7799120.18899349,76005.8146841309,6634.8480504148,843618.518269277,3533524.49553298,1781954.51610977,7014393.06316295,532941.961994008,529483.730113619,536589.364454331,134214.294284337,1493230149.24925,1493175457.18573,1493209424.00601,-2959266.73563142,171434.458721245,-20595168.5938497
2011-10-04 16:00:00,2011-10-11,7609682.59300113,2827632.00705613,20435600.3585659,45686.4492885581,18958.6313058028,107239.419677944,45190.0951407231,132.161391107566,7748616.27692939,79233.0136479799,7082.57135150769,869852.722802209,3654675.6283157,1845561.30839067,7249366.28600585,297612.543929992,296248.269572003,299190.320856415,1426909.86554926,1493971135.81373,1493987884.23798,1494011944.94882,-4859249.99059192,-1812169.74577114,-22769417.5767022
2011-10-11 15:00:00,2011-10-18,8739724.58239516,3250439.2832805,23480205.5473985,61501.5234991143,26224.1003328153,141362.970577366,51733.4445726214,243.667239972659,7678627.5160377,103671.642897397,9928.26891277302,1076247.47378477,4542965.77822437,2289545.36336903,9003502.57268977,318083.541242009,317172.390024273,319437.907538213,374387.241951044,1494366299.66752,1494258128.69794,1494338680.86174,-2602716.93189901,826354.005206171,-21473234.9488315
2011-10-18 16:00:00,2011-10-25,8220655.67334957,3066667.77277897,22097744.9056345,54643.1690671605,23114.3986179279,126560.361565309,48797.1141595972,195.378152617619,7564461.93850666,93136.5800797872,8672.21421374441,985160.407384894,4152563.36172868,2096352.83078794,8238296.35048366,286482.885996944,285406.814270709,287869.507307987,409706.793078501,1496233551.85147,1496212784.01863,1496219539.67527,-4546560.973339,-1269778.98325313,-22922922.8366882
2011-10-25 16:00:00,2011-11-01,8866542.14558743,3296899.19577315,23856356.4880353,64006.117024611,27368.2283294848,146735.366123262,52542.8392405723,267.480081325158,7563953.46048674,107329.198819871,10328.2841320001,1104301.27891097,4663421.20497447,2352717.39810179,9252976.69301998,317884.678591525,316830.117101213,319174.893714725,515665.446460872,1496074883.96014,1495947329.73032,1496076357.6038,-6402793.49693729,-2864197.68383384,-25299087.3785325
2011-11-01 16:00:00,2011-11-08,8835351.9134828,3287477.6202067,23848520.5355823,62984.156929991,26841.4225926954,144497.986214293,52388.8407275952,258.996013941387,7680746.15216886,105962.875706313,10067.1175596935,1098371.16922759,4622462.18399388,2330610.41263049,9156032.23671957,264646.641573746,263568.757821826,265800.172241677,176597.755637285,1494296870.32677,1494263102.80507,1494393141.03954,-5254814.85321645,-1993159.65399805,-24446381.6668491
2011-11-08 17:00:00,2011-11-15,7625816.18530747,2827655.60108096,20521342.316332,45620.6657053195,18915.2146038779,106964.630269106,45369.9713548161,134.493877520075,7799120.18899349,79252.331388901,7027.83107850612,872089.289179933,3661131.67306239,1846343.26050705,7254194.19288496,167363.716782633,166920.761395965,167931.70942879,466218.074882432,1493388232.19047,1493343622.32809,1493307045.1271,-5094476.14964381,-1766860.04392035,-23046484.8202431
2011-11-15 17:00:00,2011-11-22,6884173.27751473,2550724.25689369,18576305.6663015,36311.8315415915,14818.1759833904,86639.6318434444,40933.0804886949,80.6855354854451,7799120.18899349,64557.0894615832,5426.15825885919,744039.82393461,3105303.85253101,1566899.81415067,6143210.21033984,165610.988904614,164608.006199288,166481.393331208,565112.818039312,1492727537.87962,1492640746.10519,1492846872.2768,-3393029.72291046,-590015.468840723,-20560427.9228515
2011-11-22 17:00:00,2011-11-29,7423730.57323476,2756707.88237446,19991491.3377518,42829.3143355997,17726.5832738767,101150.783619845,44023.0750912025,115.750009341783,7799120.18899349,74816.7231344109,6554.49429311196,826728.68669032,3497369.82034621,1767038.26176638,6941846.20491938,108495.186326831,108041.499391208,108817.636266347,162469.935186302,1493654681.41232,1493541844.70778,1493661511.08232,-4964654.63721912,-1861306.87274951,-22629270.7435359
2011-11-29 17:00:00,2011-12-06,7217282.22154229,2680707.23388362,19420208.8213678,40080.2302937053,16521.8037032876,94982.621142423,42990.0573928116,98.9829865402484,7845543.52345178,70610.1082248263,6110.17434307597,796203.506955638,3335510.28465413,1683252.10177485,6620383.96238553,176576.325488007,175689.873298334,177142.966689897,197789.486313759,1492832031.38941,1492742871.0553,1492868699.09355,-4743292.52450523,-1805214.49525704,-22127572.7068261
2011-12-06 18:00:00,2011-12-13,6403279.57667697,2382379.26411296,17205168.7760245,31088.1884675754,12471.0164457263,75055.9725758958,38068.2298663354,58.0652425387767,7752696.85453519,56124.140903397,4559.81089968227,673581.644259493,2766342.45389121,1395106.93162766,5478084.28219639,179961.93512396,179233.966201699,180684.613352969,77703.0124804054,1492145404.35853,1492172499.37863,1492105770.30445,-3917688.33798946,-1159480.03042187,-20469113.7847561
2011-12-13 17:00:00,2011-12-20,6332224.54098337,2357348.04449809,17037547.5870026,30074.0494303781,12060.4255366098,73007.8661149119,37627.1028813961,52.2384745471774,7799120.18899349,54546.4821837432,4399.03560783542,657014.195977241,2707769.5191683,1366137.63330349,5381469.83871448,126594.215872324,126245.689501124,126985.543519758,296684.229470639,1491887674.77992,1491828822.9582,1491849120.54538,-4234252.93561902,-1462894.11462312,-20666826.1909446
2011-12-20 17:00:00,2011-12-27,5849627.94342822,2163769.45374911,15737957.1462026,25223.0457629826,9912.55880621917,61859.6300782792,34982.6215565945,35.6464879760029,7799120.18899349,46603.7178385907,3539.72253107401,586807.170472345,2386294.552562,1203711.85176601,4735622.34860541,141136.813327963,140695.401202055,141536.78464812,113022.563607862,1491570214.51421,1491516915.45258,1491564387.08154,-2651863.02268438,-36220.560534412,-18509115.7959909
2011-12-27 17:00:00,2012-01-03,6605107.24159444,2452467.70750961,17757904.8645379,33199.7123998826,13411.1262242433,79852.6622035624,39340.8136583363,68.2762458562244,7799120.18899349,59497.8280396254,4877.55262898013,697556.036434792,2903223.64433394,1466843.3637022,5751491.82968002,107789.174240554,107532.230620744,108020.986087812,1292695.57126493,1492460380.01783,1492429407.22269,1492474039.21322,-5258606.16860272,-2495666.82593059,-22033451.1976769
2012-01-03 17:00:00,2012-01-10,6479856.19995641,2405443.25760413,17440705.5505242,31617.4396207212,12711.196291531,76274.4068355097,38689.3721476131,60.5758224176487,7799120.18899349,57123.9610396063,4635.08501555557,677715.047778514,2813082.00193631,1419492.21390921,5580407.33388567,148027.913487265,147650.347293595,148320.832299415,332003.780598096,1492220602.19761,1492163572.53268,1492167517.02684,-4980248.63510879,-2017609.17452891,-21613595.3880848
2012-01-10 17:00:00,2012-01-17,5857411.35700915,2177903.85780656,15805540.7935693,25544.1624567322,10041.9514178983,62845.7622151505,34974.8827300751,38.0246157069754,7752696.85453519,47247.5538180081,3636.71225322178,596358.807775427,2399942.18091559,1209912.74041753,4754302.26660728,180261.684232681,179453.347783455,180764.470718131,310812.049921622,1491218534.40044,1491147067.95314,1491337619.18644,-3342633.5306973,-809384.12983403,-19173128.6184813
2012-01-17 16:00:00,2012-01-24,5775845.32062154,2141768.63372625,15555781.3456861,24578.7445264429,9655.98724329477,60497.5990338946,34547.9194241031,36.0341856667915,7799120.18899349,45578.011121037,3467.51346029873,580527.561237487,2342856.17954607,1182109.09103957,4639859.57485069,111183.448009126,110608.619889139,111585.437327332,996011.341794287,1491571687.01053,1491567126.86535,1491641301.56442,-3222047.23107231,-714320.640021023,-19061528.4346271
2012-01-24 16:00:00,2012-01-31,6182303.18402294,2293578.06899527,16628660.5873412,28401.3382986351,11285.6318355006,69333.4062945842,36900.6803015958,48.3872634091557,7845543.52345178,51851.961274245,4071.90620918041,634075.300450336,2602557.27117608,1312589.82253259,5159237.98205084,169620.387725111,168951.284108375,170059.083367866,1539932.42915713,1492772161.48939,1492746091.45529,1492785202.72388,-6276395.14393332,-3596055.01846967,-22630681.2566163
2012-01-31 17:00:00,2012-02-07,6105038.61147643,2261890.16936177,16464022.04647,28053.2685615855,11188.2233545368,68379.5102616871,36467.4323752647,47.2646627791024,7752696.85453519,51098.6075063996,4023.39470943761,627228.258170924,2567456.31197432,1297621.74022602,5094379.4111592,226549.841837612,225801.080353583,227577.936839538,77703.0124804054,1491562978.27961,1491503658.37995,1491556523.02223,-3470344.16056809,-727931.697199207,-19600080.9230594
2012-02-07 16:00:00,2012-02-14,5867628.28239519,2185109.40288003,15749391.6307347,25161.8082404467,9893.92130656027,62022.2976172268,34999.9576165894,34.9133726968531,7845543.52345178,46540.1558211886,3543.19234903657,589466.376985522,2386300.19674093,1204358.20302189,4731779.62568157,238715.0676839,237608.597229228,239805.978203281,197789.486313759,1491596988.89763,1491571649.79081,1491660020.56902,-3933673.05359234,-1380871.86483108,-19803501.6811883
2012-02-14 17:00:00,2012-02-21,5540424.32938375,2058259.86217081,14912157.2539975,22271.9758248512,8633.04226579326,55446.8752642055,33099.0447403798,27.3293920333296,7799120.18899349,41749.7469463752,3064.58292345755,542176.896448218,2184688.80004853,1102045.64985591,4342684.63150313,265644.867614766,264786.414803174,266478.859108948,727582.753225614,1491210420.27,1491240775.82084,1491233552.82016,-4110833.04026769,-1686989.40750859,-19639001.0720969
2012-02-21 17:00:00,2012-02-28,5771648.79432233,2148867.91943543,15491660.6995878,24508.6722051358,9614.60498854878,60456.4060725064,34585.6090599246,34.5320568887482,7799120.18899349,45300.6170677114,3376.82329159586,580119.75485433,2336130.75029573,1178503.01655513,4627401.245439,222317.480803902,221492.471582296,222879.993138437,1384526.40419631,1491014381.41219,1491029095.22606,1490977298.91797,-3419078.20089177,-851414.715191266,-19363701.1391568
2012-02-28 17:00:00,2012-03-06,5645322.99338958,2097424.04777035,15239622.7558773,23362.0218301299,9131.65961806779,57846.8885613988,33835.403771343,30.9331476045666,7799120.18899349,43493.2385796802,3238.70831542502,569386.517689556,2256565.38367543,1136404.8896514,4482836.1743392,339348.713240947,338011.011307557,340500.104470723,586304.548715786,1492297425.07705,1492130996.30203,1492272308.99861,-2947077.74165002,-470710.929308193,-18506465.0656778
2012-03-06 17:00:00,2012-03-13,6158876.1612738,2286719.17752774,16607564.7243904,28827.7021325329,11513.3734322762,70039.5264730918,36670.1763633458,50.6588391160494,7706273.5200769,52383.4061834607,4135.26867975269,632841.280640471,2615855.85541932,1318861.43995644,5189995.85302684,412076.511596,410354.45376095,413265.612838918,310812.049921622,1493086751.44477,1493053475.85738,1493023312.06591,-380140.373309536,2381889.85832669,-16518541.6425866
2012-03-13 15:00:00,2012-03-20,9078669.87721325,3370498.91602519,24432351.5627217,68730.4171460452,29542.4272037687,157057.833069629,53783.9493384712,330.05107729976,7080266.34348762,113942.124324733,11056.1298601517,1166639.88665013,4879726.34812991,2462364.24887865,9667719.94513563,282407.728502313,281274.550776206,283157.849289481,861797.047509951,1496266248.20032,1496259203.85043,1496289216.55892,-5720378.98561015,-2275533.65105149,-24508628.395074
2012-03-20 16:00:00,2012-03-27,9284895.96673222,3453339.39873401,24991794.6755682,70824.4434928252,30507.010853751,161871.754622749,55133.3784233533,320.868961739242,7384925.38403572,117332.452982733,11391.8721648359,1187910.2427957,5021217.01090279,2533270.09005468,9948043.67632286,389875.387601785,387963.789702061,391109.615375332,1031330.89292174,1495560658.55361,1495497810.33437,1495543268.67989,1499969.71115153,5103366.6579507,-17711730.7138458
2012-03-27 16:00:00,2012-04-03,12863503.5761306,4787533.84220662,34667610.9433732,156053.506219651,69795.4950353013,346159.253170085,75443.2048174461,1383.0815593362,5070238.69346823,236298.751740937,25448.2549773553,2215916.10820411,8681738.79049238,4380373.8224975,17227846.9588892,394883.788612737,393588.482165904,395506.326577517,840605.316833477,1502209053.00081,1502204759.27877,1502252291.50172,-7718545.95013686,-3650348.68249853,-28224913.5402323
2012-04-03 16:00:00,2012-04-10,14268594.5345304,5318878.04114008,38455658.1160711,184531.218031752,83134.3347097606,408134.847637958,83602.4246735853,1734.00232037945,3809625.99439518,277341.47247246,30496.6607006198,2581256.32527705,10024128.2109004,5060086.30855751,19880500.2566041,623158.203379106,620442.56289888,625329.86880137,77703.0124804054,1499585788.82731,1499497022.76812,1499552746.50517,892734.463650919,5411564.47783501,-19719915.5931762
2012-04-10 16:00:00,2012-04-17,17100599.3638701,6355198.10264098,46066883.6453821,284060.700186362,128095.37842328,630341.430849712,99781.0181335362,3036.59991312908,3394935.78557297,406530.974512323,44785.6751782062,3819664.49614101,13569788.8819449,6843416.52324373,26893749.9029598,682336.14231634,679894.726889684,684081.122283385,798221.855480528,1504723009.53887,1504603655.3454,1504795728.1629,12600989.6586382,17287831.3362874,-10054776.8142432
2012-04-17 15:00:00,2012-04-24,20742321.8296156,7703317.14744399,55751675.0071432,444410.481241026,198794.561661221,997435.022536724,120277.075108485,4161.91224545147,3607879.73338437,603693.789302259,64552.0006722572,5858707.48853009,18592669.3963973,9380807.68176124,36925975.1729394,591793.252844775,590500.780814683,592777.108795387,593368.458941277,1521761068.08543,1521681094.71934,1521889585.86069,-8278065.59936651,-3630241.53091845,-34280528.6115509
2012-04-24 15:00:00,2012-05-01,35079778.7703272,13064925.6980607,94635035.2164866,1395181.35106922,594671.950934498,3351129.10918368,202519.066867897,5402.77272214293,7026079.17866431,1693510.59924675,153680.580062171,19885961.1411819,42897649.939619,21668564.5705975,85124488.1047246,652580.840266242,649927.133500849,655484.331800855,1101969.99517666,1516802611.47103,1516690879.53659,1516852229.94816,-4498484.30037251,-1277498.01523774,-48745761.1017078
2012-05-01 16:00:00,2012-05-08,23953538.2973676,8911526.31031536,64408819.5891156,593432.768483209,264621.602636291,1345485.33384924,139302.298690315,5314.40054087281,3860090.50223417,786868.488898836,83247.5466613081,7794252.39049018,23191317.9452362,11701597.6175047,45965956.6483499,592193.115979903,590211.597993771,594455.665343821,310812.049921622,1508226856.17346,1508165320.63905,1508176891.22578,7131205.57973453,11829390.747633,-22012821.5491771
2012-05-08 16:00:00,2012-05-15,24884327.7036858,9277954.08409633,66875053.2461172,647678.421227381,287278.548869927,1472077.15535085,144123.199107989,5528.31461404933,3987659.15213166,852261.210767038,89177.594694242,8581479.61743168,24724923.5762294,12477943.2085554,49040513.491193,1133566.99047512,1126401.33740679,1140575.71396161,0,1517358504.59534,1517311546.64179,1517289994.66799,2157928.1340663,6847029.26370762,-28019829.7525568
2012-05-15 15:00:00,2012-05-22,30847464.3911617,11495371.2447183,83063297.1260099,1042595.5297566,452347.264866124,2432951.44003261,178502.604177655,5857.82695302332,6071948.52839331,1305658.04023208,127292.021301461,14304548.8933949,34824132.6547459,17601544.8596611,68875003.5583084,957083.903243927,951473.238018433,962301.197796567,487409.805558907,1520186332.69749,1520026896.85511,1520192617.92801,-9039572.85103714,-5009495.39894836,-47380801.3547745
2012-05-22 15:00:00,2012-05-29,28097675.4145414,10439017.1557491,75458685.5746434,851680.910756419,373607.765654956,1969183.08590273,162827.927466024,5674.87608758618,5119823.52973517,1085727.35299535,108260.23241485,11478661.8612403,30017761.7549059,15129462.2323306,59478061.4863197,583956.117479995,582179.23868964,585985.923910935,678135.381647174,1509227173.65935,1509168946.53762,1509198382.59478,14087545.7828796,18393786.5887566,-20310898.0013081
2012-05-29 17:00:00,2012-06-05,25760290.7397678,9593516.99731687,69409035.838167,723139.120376037,319092.021246516,1664015.74783183,149668.847719512,5358.23569978795,4596279.74712472,935066.02883568,95147.6995060756,9768481.88196242,26442646.4342395,13334205.9932815,52423270.0797935,607758.104326361,604928.133750956,610667.916223146,671071.471421683,1523589048.55725,1523498490.55925,1523485223.12407,-9535805.18267477,-4903037.64602839,-41401437.367681
2012-06-05 16:00:00,2012-06-12,31761428.0183037,11808718.5718471,85310340.9751294,1134734.97022263,488608.095262584,2680130.01417642,183063.2899353,5561.00517931072,6168480.20740101,1404490.67975335,134001.72304049,15738527.3247923,36852750.0503927,18577617.5096937,73048183.3399696,591244.180176658,587796.220890405,594428.924909706,2083853.51651996,1515242075.04413,1515171999.88206,1515327237.7762,13652323.4764043,17384488.7645147,-25526972.5886397
2012-06-12 15:00:00,2012-06-19,32502522.2985135,12060114.9250749,87657064.839499,1166517.90354498,504283.691158479,2755014.81612129,187606.739564286,5653.31452835221,6539156.27998107,1439957.94248702,136790.993569234,16268704.3818663,37828656.0135213,19066505.3692542,74943641.7415844,849433.508914971,844996.583592669,853694.353425721,2034406.14494152,1528017974.7647,1527983747.06656,1528067055.72198,-630949.763145066,3275617.72189446,-41424788.2193689
2012-06-19 16:00:00,2012-06-26,34537823.5005203,12844444.2018181,92743952.6222168,1330585.58409189,570481.190766846,3170685.1248842,198499.689368022,5528.11541119363,7444964.35471067,1626109.38997814,151253.664499989,18666423.5516944,41664141.0564055,20989692.4488918,82476049.546177,776349.698546096,772480.194978807,780606.016681877,346131.601049079,1526039946.50817,1526015969.21459,1526172420.5603,-5923101.51152569,-2560619.11306469,-49459831.7674664
2012-06-26 16:00:00,2012-07-03,30385931.1604115,11297246.7846018,81770188.270568,1011011.99551241,440978.946543754,2361961.31623793,175842.134684772,5785.91189804359,5799136.27119926,1269702.88861915,123296.193996385,13849940.5807445,34066931.6343876,17203744.0798754,67508975.232205,848013.745574673,842701.826239591,853079.94096183,1229120.3792355,1515715504.0067,1515671639.13882,1515767467.57691,-4513627.62024107,-471455.539830486,-41980850.4841283
2012-07-03 16:00:00,2012-07-10,24601394.8828869,9152855.53221523,66322010.1075116,627306.74990847,280157.811236758,1423228.18221681,142457.711043594,5596.39801140468,3912800.45665874,828014.007862709,87240.9696576291,8313702.17078664,24190900.6399847,12207881.1872785,48022711.3652529,1171741.39267861,1163282.56913582,1178225.89028148,63575.1920294226,1510358539.56496,1510339080.29951,1510345994.34724,-4708756.26239774,68513.510433879,-34646938.4803587
2012-07-10 16:00:00,2012-07-17,21402252.5161459,7963562.65862471,57549228.4627207,457027.374170781,205247.633641203,1021791.34239518,124420.081248985,4707.20329782508,3376671.63251266,624830.64041575,68035.6368491422,5996403.82790378,19272617.6161619,9722985.53377132,38195796.6108286,981092.925674308,975271.122239489,986036.963738058,487409.805558907,1506549889.81363,1506526520.67282,1506632770.00441,-6679383.65597418,-1944895.88827111,-33150130.8816247
2012-07-17 16:00:00,2012-07-24,17649009.6283564,6550633.07008074,47427969.7173847,298989.597448524,135241.899139719,661419.294131542,103131.705526881,3202.24318493041,3294358.93511963,426551.024178515,47305.315120835,4013579.40090605,14171749.8786917,7149821.7518511,28085393.6350971,1013289.13182926,1007208.55949986,1019257.68947864,49447.3715784398,1502712736.03336,1502626061.28772,1502718580.3981,-6318787.80254788,-1725219.9508137,-29280770.1298146
2012-07-24 16:00:00,2012-07-31,13996535.4341361,5201778.91691402,37649893.8425662,176075.73605705,79051.0500811161,389464.968691075,82269.5584051009,1617.54719244505,3897244.39360487,265728.164648442,29137.2784861189,2474736.73507438,9689763.75615275,4893864.43742503,19212036.0092838,1093295.46662184,1086507.24824288,1098901.21376945,84766.9227058968,1499736038.54738,1499687414.55245,1499622160.03504,-5495967.07574796,-895865.150041551,-25938601.6582791
2012-07-31 17:00:00,2012-08-07,11951198.6612454,4433933.4643108,32257909.6902535,125337.592547623,55720.9082170145,279323.114085003,70607.2970783814,945.477543095346,4769513.38930777,195479.982995795,20540.8917651234,1842095.67628706,7566828.70288598,3823810.6628178,15010775.140568,1053036.6625981,1046769.33808255,1059007.64702685,240172.947666708,1498062388.06481,1497933982.53376,1498142274.91471,-5349668.64672981,-1364647.75629251,-24586198.1879153
2012-08-07 16:00:00,2012-08-14,10727913.3695628,3981308.46911286,28844199.3257416,97218.8117614418,42658.1325632604,218578.878684748,63319.2369482447,594.884813349975,5933842.53736593,156262.437588543,16031.6372642325,1524544.39395228,6321677.44994377,3186546.02776026,12530239.7647029,1014316.12889696,1007515.39659016,1020944.73769858,0,1496675650.53413,1496667016.37585,1496658360.84702,-4959055.49787034,-945774.129513262,-24391176.4654129
2012-08-14 17:00:00,2012-08-21,9359879.63707078,3485844.73784452,25175590.0925539,72677.9359587111,31365.4096243502,165723.486252521,55420.8679633481,348.887067355501,7093696.1618188,120136.07410629,11764.5575788829,1212242.23544959,5105361.68753882,2576909.85693006,10120030.041775,1030649.80017263,1022894.88018293,1038260.67262307,0,1495425315.31328,1495245820.54378,1495559118.41691,-4635188.9612978,-1345654.05739208,-23613060.7587969
2012-08-21 16:00:00,2012-08-28,8362660.33080641,3107737.68395005,22548459.2870289,56078.8035957502,23754.6562090137,129770.06673667,49497.0019744692,199.834605538549,7747393.91183019,95350.578122616,8853.08808688543,999813.998183471,4246395.40403729,2143446.49174379,8422477.68494204,846357.166554865,840416.840530226,852612.081123281,70639.102254914,1494262229.37937,1494121721.04666,1494142983.21452,-4533288.93737204,-1100529.92933226,-23135446.9158389
2012-08-28 16:00:00,2012-09-04,7416425.08437197,2753284.48319333,19951845.5994888,42859.6866493354,17770.5589294343,100965.764651343,44058.9371401295,115.837854603545,7799120.18899349,74877.3197835748,6542.22630913772,832394.715744229,3500637.40305883,1766154.03633076,6945926.4664949,932787.690144071,926273.118445768,939471.82706253,0,1493270413.68816,1493207260.73079,1493269774.31802,-3411846.61951198,-351965.221470141,-21030913.8790103
2012-09-04 16:00:00,2012-09-11,6814009.94068623,2540969.02237611,18344171.8384391,35418.8452182283,14442.0398537554,84562.5155653409,40549.8259003796,76.91377904055,7799120.18899349,63338.2696939083,5295.15469062298,734682.879067274,3048161.05915716,1539379.18845481,6048012.59603272,779105.810332225,774067.378728436,784902.728486778,204853.396539251,1493003363.00339,1492975274.8271,1493003095.04806,-4094748.88629867,-1246688.32460541,-21113324.8074148
2012-09-11 16:00:00,2012-09-18,6295221.74016816,2344336.11830995,16977358.377725,29712.8140499564,11895.202489382,71978.9345440773,37531.6149627053,51.8400085703017,7799120.18899349,54072.1938982917,4319.05630834907,656647.847514043,2684191.7518823,1354900.53315346,5315377.97501757,728108.754860556,723088.670216639,733813.886493638,0,1492239517.52564,1492196425.51377,1492208596.68351,-2790970.27852621,62998.7275336954,-19267436.9550956
2012-09-18 16:00:00,2012-09-25,6061516.34515683,2252774.70207798,16311751.2335537,27313.5001647147,10819.4729901081,66716.314307773,36135.128604392,43.0213763898668,7799120.18899349,50085.910765704,3920.05380983666,620429.660474724,2526157.62359203,1275444.97244775,5012789.04619245,689460.047651563,684320.112021384,695579.282019023,0,1492452785.10345,1492384902.04594,1492554208.42479,-3514209.68751812,-919319.89599501,-19598082.4275681
2012-09-25 16:00:00,2012-10-02,5883387.01759996,2186607.26009296,15845826.7082177,25676.023900305,10132.7704466734,62993.3492971466,35089.2012040005,37.903445909941,7752696.85453519,47413.9744651571,3646.79148114124,594203.861565869,2412989.07432713,1215544.51009543,4787629.71547579,606386.106741094,602820.606349954,610950.904464111,0,1491898008.62938,1491876468.68749,1491942680.69458,-3280655.2796813,-762192.641651267,-19153930.9353061
2012-10-02 15:00:00,2012-10-09,5776821.56085248,2144971.56752513,15556568.8703462,24133.734662209,9402.18261519363,59766.271018345,34565.5912981947,32.0471915893102,7891966.85791007,44838.3015728531,3346.85896286873,573840.469031073,2320274.98793476,1170775.33876914,4600326.76067521,558318.401895204,555075.016660935,561991.080157119,543921.087362838,1491589544.3858,1491579677.90586,1491562547.66195,-827387.609288447,1769706.99821226,-16781377.4445062
2012-10-09 17:00:00,2012-10-16,5500679.75113992,2044296.00627937,14806718.7618285,22320.7526394924,8674.73990413995,55455.6399114595,32918.9739394035,29.2794174355337,7752696.85453519,41699.5354097129,3044.83122394427,540014.740457157,2176093.62372072,1098908.98491629,4308835.31932484,396836.11918104,394699.44777603,399701.037477641,1031330.89292174,1494307843.66243,1494262046.17619,1494308078.04839,-3576568.99732862,-1245950.64175419,-18998937.4978315
2012-10-16 16:00:00,2012-10-23,8304052.33528001,3086037.29888679,22362955.5799636,55072.9523490214,23253.656037219,128279.252082168,49202.6872575074,196.973132262448,7761864.98847131,93660.6858219041,8692.59261024048,988244.384718793,4188546.98930141,2116419.19214254,8302376.41527517,278876.612916515,277908.839549624,280188.625050009,1264439.93036296,1494787294.82825,1494740789.21121,1494655894.72369,-1010883.84813335,2453634.45512267,-19542144.3694336
2012-10-23 17:00:00,2012-10-30,7574678.48163044,2811356.99852265,20388087.9286646,46122.1106631283,19221.7775070435,108053.493934206,44794.0743724014,147.470122642427,7608103.55343654,79675.7639564444,7153.27343815551,874631.31835434,3653445.61840636,1842280.41169237,7242340.43754037,179872.865173972,179306.186615091,180540.014400216,1313887.3019414,1499075415.96897,1499121863.93705,1499097821.59815,-46332.1532035831,3129235.65695545,-17696754.4150106
2012-10-30 15:00:00,2012-11-06,15194372.3442733,5644686.14308675,40890530.4836839,210295.709688676,94874.4139070965,464762.895037461,88716.3205164097,2058.11791349264,3652182.10654149,311450.650937444,34434.8510779821,2881500.33717368,11037868.2707882,5569672.47334355,21853836.340819,143042.789855724,142781.822476161,143451.69495341,960691.79066683,1504254923.06475,1504294992.66643,1504357237.47833,-9970457.75731874,-5542462.80974235,-31344061.5787309
2012-11-06 17:00:00,2012-11-13,15224590.5301518,5659626.49439798,41024444.1082963,216087.963790431,97560.5574319791,478379.605770804,89065.4278215031,2148.402614624,3592878.63777274,318162.454884369,35272.9694001366,2954408.10991608,11191811.4830619,5641155.68972374,22222489.4537989,210651.656822017,209735.429532412,211360.729010231,423834.613529484,1499869081.06287,1499803310.66503,1499839065.68942,-6528458.04034383,-1802576.92325811,-27652727.0037662
2012-11-13 17:00:00,2012-11-20,11408434.3780766,4241237.68429877,30678814.0451571,112756.885558365,49736.51287831,253380.476156456,67121.1251767215,798.122715908503,5252061.97198509,178495.613800557,18820.5686130691,1708577.42459189,7013244.87935992,3541830.36463129,13934222.410498,162069.330362896,161524.242200357,162536.083253897,875924.867960933,1498209900.87282,1498190678.55374,1498404040.68428,-4032578.29560023,-146970.84378531,-23311175.0997096
2012-11-20 17:00:00,2012-11-27,14376554.7555506,5338790.03211941,38651473.7026851,189773.84175093,85266.5795344264,421013.676899018,83947.4256153036,1794.92308474955,3793346.718147,283653.309406146,31034.6536115821,2641630.99737875,10199395.4731345,5148126.62965289,20258640.0485842,117163.965429694,116680.912138105,117481.372289959,1398654.2246473,1499644741.23807,1499551503.74613,1499740232.99013,-4027205.20166609,368626.630973627,-24521708.0945529
2012-11-27 17:00:00,2012-12-04,12942128.0008962,4808900.04869604,34759198.3998308,150071.134011669,67100.9505342459,333808.018261095,76070.153108545,1261.63484011103,4424203.20913891,229557.713016815,24650.2579439319,2142966.59826616,8606138.53505686,4337864.90480366,17038490.8631948,117697.970821234,117278.161032341,118096.962978743,1278567.75081394,1501633560.15481,1501559793.55046,1501699592.49231,-7604679.66600899,-3451969.5231924,-27288145.8171775
2012-12-04 17:00:00,2012-12-11,14746486.6253597,5503340.84478267,39572012.2610163,197842.204514676,88981.9285079725,437073.18972923,86365.6285046222,1910.6891461457,3735693.68487225,294944.257390846,32285.1356783375,2754144.79237006,10541429.4395223,5318574.6021932,20870923.5097094,92697.5804501597,92390.5585971006,92953.7728205918,1031330.89292174,1499981438.73477,1500053803.88342,1499972960.54611,-8252793.14015907,-3786803.0269965,-29214248.7816695
2012-12-11 18:00:00,2012-12-18,11687564.4236976,4352589.45176062,31394952.8220223,119644.412302368,53066.4367878919,267136.89117258,68892.774462797,870.070997703753,4982547.71762443,188120.270768844,19704.9681303156,1804534.18754937,7308949.40929758,3688745.39868109,14494404.262928,92874.0002434637,92650.0182021122,93063.2702911428,685199.291872666,1497451488.18333,1497405932.64013,1497433041.84936,-6916787.24053317,-2877953.18906598,-26055330.3593322
2012-12-18 17:00:00,2012-12-24,8474097.1045359,3155487.03967268,22810488.7598132,69913.0507653208,30281.2593489674,158634.543066882,49977.9620796502,359.969293360129,5754624.73695866,114167.942993189,11384.6599921713,1124645.01964014,4765124.76151814,2405433.04710141,9439428.27677313,67687.7691604122,67440.6047624899,67868.2127268602,755838.39412758,1495882298.70636,1495897505.65782,1495885123.46296,-5819207.65322325,-2729454.71679092,-22276264.2168564
2012-12-24 17:00:00,2012-12-31,8563337.08492201,3186747.03157628,23018128.8332713,59109.6964486955,25159.1674749551,136184.551642907,50843.8864735913,221.201843839931,7736115.99258416,100236.665005423,9446.7930374684,1041370.99792223,4412669.75012025,2222757.9607206,8736046.33915143,115328.300825166,114871.830286404,115746.073484592,49447.3715784398,1494694272.97696,1494718176.40507,1494636146.41674,-5073147.17505272,-1624861.08440403,-24057561.0479231
2012-12-31 17:00:00,2013-01-08,8807590.99976396,3267040.04325492,23769339.737849,53310.4176712544,22289.2060321844,124491.48708477,52406.5656770895,157.243241511197,8910262.74862826,92307.499316499,8210.26598589914,1011611.37944338,4250528.95837403,2144636.23588337,8432252.86822118,118886.330454429,118515.94037681,119266.904428883,515665.446460872,1493916102.45539,1493790070.69151,1493944677.10684,-5725890.89076122,-2188765.95147523,-26150214.2938963
2013-01-08 17:00:00,2013-01-15,7310259.22045711,2720844.19914282,19722902.3501212,41583.0193918216,17197.823623072,98428.9952489272,43575.5126358056,110.711899685319,7799120.18899349,72888.325937244,6359.47560321756,813527.762932758,3417218.36160801,1725284.86283704,6769767.98482556,118388.537921001,117942.749834099,118847.271773397,487409.805558907,1493342077.20469,1493419707.42443,1493306121.18408,-4853355.74168192,-1747603.05460648,-22596615.9330161
2013-01-15 17:00:00,2013-01-22,6987015.35227085,2594471.09014104,18797326.8328509,37440.7655808487,15273.2542104129,89184.9835556955,41542.2155086236,86.4597827676555,7799120.18899349,66341.0018100778,5649.57213282791,756235.647603801,3171825.11170825,1602622.04086807,6283093.31887891,201483.051510476,200907.557711948,202126.465145075,0,1492908830.44746,1492855865.33767,1492947212.53263,-3592677.82672157,-682581.596076919,-20683116.9537301
2013-01-22 17:00:00,2013-01-29,6906646.57802866,2565911.58896368,18556706.8325955,36239.0868723086,14762.7280065133,86163.5070537254,41194.8796224558,80.7157879825981,7845543.52345178,64478.7443007832,5387.03248753338,746749.563977679,3103037.50679767,1565715.6201438,6154750.72969895,180624.146308356,180142.866915622,181125.36133523,678135.381647174,1493075183.79269,1493129396.25292,1493076581.71424,-4780683.76251544,-1823077.2913235,-21982935.4410615
2013-01-29 18:00:00,2013-02-05,6634897.12694632,2471475.80886236,17794039.7092236,33612.0855541608,13584.6047388996,80500.83648918,39487.5636312728,67.4124233007331,7752696.85453519,60170.9036042611,4969.52171539277,699043.619217905,2930504.57901001,1477823.27185675,5813517.59143156,210192.395830489,209604.883648063,210678.168327087,63575.1920294226,1492737533.04754,1492723883.52955,1492771923.38275,-4109348.33709498,-1366147.42698465,-20850708.2209968
2013-02-05 17:00:00,2013-02-12,6485669.69339123,2408488.68377808,17451689.2399346,31762.1993315663,12739.5018198123,76786.5201052948,38723.043067183,60.6324187034027,7799120.18899349,57270.0077753546,4598.46299502603,680744.802434982,2819790.79451762,1420511.65523971,5595088.8226517,249364.423083506,248633.288922987,250231.519490833,197789.486313759,1492319230.60737,1492238835.76029,1492272020.34003,-3810060.78457792,-912741.558482531,-20428141.9086794
2013-02-12 17:00:00,2013-02-19,6382700.74727658,2372159.00355068,17220703.8990397,30320.0940530773,12114.7742142544,73237.816767793,38028.6371229265,54.0898097692048,7845543.52345178,55047.8032673787,4396.36483294255,664801.851407011,2729096.64662152,1379223.81292207,5414260.44853841,247053.60182772,246002.378569269,247738.532730157,628688.010068735,1492251229.03507,1492171503.74725,1492313810.60471,-4215832.75532933,-1435892.68348521,-20824539.6532966
2013-02-19 18:00:00,2013-02-26,6178148.66830823,2303171.65149308,16618405.0826503,28672.4494940715,11382.8249847644,69745.467593844,36869.0977776371,47.4608287246024,7752696.85453519,52193.9788114964,4134.3742532073,634484.135863074,2612971.75117861,1319268.86267641,5176544.7896861,261781.250847429,260865.282161737,262648.451795723,614560.189617752,1492194031.32308,1492117940.21342,1492270103.97221,-2618369.03477321,84696.0262406598,-18781459.7531984
2013-02-26 17:00:00,2013-03-05,6653236.87118178,2467161.01185156,17909916.8132651,34017.8243241825,13846.3545074808,81439.2652958629,39571.9064443248,74.4034376615274,7799120.18899349,60771.5343650586,5022.99404282672,712831.676211085,2948096.09162342,1487409.55319104,5849470.04026404,256256.434281901,255477.45765674,256806.902837119,649879.740745209,1493611353.67029,1493587178.949,1493707962.35479,-4340002.10367531,-1526281.54867694,-21161885.3707195
2013-03-05 17:00:00,2013-03-12,7276036.11650356,2702821.96793498,19621466.8739633,41294.6663943789,17007.8635917165,97484.5277437425,43175.5398969918,106.59247246725,7752696.85453519,72307.80054122,6251.38370924696,806975.865185817,3403662.44360484,1716989.69379283,6759983.9921213,443647.741755417,441688.935579671,445375.390841974,218981.216990233,1493504476.91777,1493472204.31969,1493574778.29985,1015579.68542408,4022260.99303388,-16548990.561475
2013-03-12 16:00:00,2013-03-19,10095973.4992952,3759133.76502042,27146545.2050825,89836.8751569856,39220.3741711842,202572.498461439,59471.0455655329,568.04776470671,6164079.91099069,144283.72407444,14707.6864943033,1418255.89303859,5857264.49719002,2955842.66550461,11620264.5428793,330252.411294491,329054.117775044,330879.99893728,1179673.00765706,1498324541.75816,1498215459.71367,1498383529.68821,-7272595.77333474,-3576418.59834802,-25968073.6439337
2013-03-19 16:00:00,2013-03-26,11312581.4565549,4221656.78485145,30477342.2671944,106750.656008478,47021.3038378501,239522.753722117,66625.6324555656,692.59413551332,5746281.37004557,170251.310554784,17669.2934243306,1643758.28240234,6797668.7492709,3427065.31384913,13480075.0401359,501411.154791855,498902.107988052,503286.547651003,240172.947666708,1496433667.22809,1496407368.04315,1496515517.18769,-797442.052707788,3244151.07720123,-20517657.7303342
2013-03-26 20:00:00,2013-04-02,10899301.8098891,4051877.14537441,29302899.9876057,105617.116382588,46619.0471672966,236820.50229136,64423.5414243692,732.815410640109,5494822.93157442,167110.123763212,17479.6618987838,1602001.18783098,6626293.72865086,3346327.48905741,13140949.5364905,702641.575546437,699710.427846234,704937.663731686,91830.8329313882,1500233527.27456,1500253426.34606,1500360913.76697,2722461.43174658,6524601.4349713,-16257003.2927016
2013-04-02 16:00:00,2013-04-09,20084870.2553349,7461224.72504395,54060329.3346088,410218.596793402,184296.934328093,918792.363185785,116710.087132782,4091.87860282388,3465483.35898175,562892.793189476,60982.6330313379,5439511.88790389,17613184.3875421,8875609.62019568,34950383.7365783,518060.831814696,516460.5798077,518940.472175203,487409.805558907,1506955336.8265,1506878911.29537,1507048016.78782,-9166492.49754261,-4583637.8253119,-34460337.5057557
2013-04-09 16:00:00,2013-04-16,17151260.9609987,6376657.76900597,46268420.0308857,282112.96476857,127481.186073981,624678.544864122,100095.70898336,2994.37568079924,3327473.97686685,403895.927119278,44728.9833061896,3758268.3104369,13555430.5755852,6838829.69669835,26888988.1338307,524986.105591224,522114.621393614,526909.708728944,494473.715784398,1501319700.64761,1501320776.3311,1501270314.73907,-5311486.36887775,-614634.193229247,-28046606.1020184
2013-04-16 15:00:00,2013-04-23,14212980.4395519,5286074.29755964,38218918.4237802,182062.225468084,82183.0841418487,402355.504755743,83284.4595427493,1670.7243756045,3824616.88242121,273401.84426804,29977.7952152534,2549227.42576752,9946219.09626777,5023811.37552544,19689407.1413495,641802.865472144,638937.911499451,643627.712824976,558048.907813821,1500359636.87521,1500331586.96536,1500341072.2576,3970505.03671519,8420707.24679861,-16597492.016694
2013-04-23 16:00:00,2013-04-30,16838691.4618713,6267817.59150625,45226558.5250722,285596.528512928,128295.891234321,637079.914702003,98669.986883379,2830.51552052784,3781410.3163114,405412.958252808,44242.2369957695,3851599.92962475,13407665.0000041,6765678.08723145,26521455.7477163,826363.498419635,822178.270402591,829148.309152968,162469.935186302,1509051897.82683,1508954227.23903,1509056985.02648,-1671730.90218281,2882641.62780081,-24316452.5955974
2013-04-30 16:00:00,2013-05-07,19513781.2094141,7251615.90698257,52615461.6064949,372776.17706524,167908.452633401,828615.85029459,113743.314353966,4007.20178548355,3274715.77076645,519143.630816779,56937.3321840445,4919279.22876132,16618618.3398964,8393608.00617347,32931536.6928001,825944.769398655,821281.377814021,830347.714193158,148342.114735319,1510936979.29693,1510946289.20746,1510957426.46709,33684931.0384894,38475263.1256469,8703555.21349086
2013-05-07 16:00:00,2013-05-14,34266975.5607406,12753148.80378,92207100.8241458,1365019.76701129,579320.308531911,3279484.57886,198024.630574115,5358.98494180685,6666195.15270263,1652850.38693771,149328.014075425,19570507.6505989,41790851.4955171,21076952.5991024,82940721.3850482,1094670.92637855,1086717.71412127,1102151.60961741,42383.4613529484,1547845133.67251,1547674374.58501,1547846611.21707,-23249081.100641,-20052530.3628287,-66297761.4642146
2013-05-14 16:00:00,2013-05-21,33636654.4054015,12503656.0074889,90322124.8301929,1302332.21833682,554981.697782512,3107293.2942958,193709.656933182,5447.1972685682,6486708.88246569,1585217.47798413,146674.108717519,18590072.6050898,40433895.8974413,20388910.7799351,80053669.5813518,683237.236957042,679676.406054373,686589.126187528,176597.755637285,1519235783.95659,1519099411.79379,1519159950.1137,833141.034645556,4366465.56130476,-41326078.1244624
2013-05-21 15:00:00,2013-05-28,29722649.3793685,11065797.7116361,80051806.3980836,959502.536869326,419634.109460602,2233462.63748981,171757.480238845,5793.63320597164,5615294.1968976,1211716.21175118,120187.199083153,12980463.0474455,32813546.2540198,16570991.8107852,65021861.8652392,783309.783560418,779130.204937447,787886.109915241,1158481.27698059,1515846303.37113,1515715872.32947,1515845185.25591,1294563.74511186,5548951.7636463,-35226023.5170926
2013-05-28 15:00:00,2013-06-04,28157887.8607072,10473425.4343048,75831909.4307858,838094.317896903,369045.322791875,1922883.01958022,163153.480485717,5962.10679176119,4883524.11526552,1076347.86327324,108780.065552823,11211379.706468,29907244.0756362,15104147.7582593,59205291.6375323,767645.21074489,764595.412236376,770932.76346057,247236.857892199,1516768117.96387,1516719608.39412,1516813908.9342,1453697.56958589,5810040.16220204,-32857489.0033988
2013-06-04 16:00:00,2013-06-11,30177899.8851986,11248375.7865092,81350529.842303,987438.033040146,430819.255272969,2300233.07778506,174163.554950057,5913.10270581049,5690576.75756118,1244595.45460342,122735.439565107,13470927.8427224,33558838.0708499,16914906.1197323,66586329.9269881,1049266.24508266,1042969.15014103,1055254.86274122,0,1518029646.62733,1517982828.11972,1517959655.71324,-3080354.0222398,1199788.0315503,-40366805.3320023
2013-06-11 16:00:00,2013-06-18,26231674.9285151,9751230.05961694,70323746.24381,724094.949680958,321057.391022422,1654168.31096455,152063.887011537,5708.32181129029,4345332.01727721,940683.696504679,96975.5767861693,9665353.41064739,26811753.0519705,13539368.176584,53158846.497221,987800.146159488,981990.057125754,993162.017456678,233109.037441216,1512925285.21695,1512786705.51836,1513009412.05897,-2436825.82637341,2092000.34461173,-33944390.3868125
2013-06-18 16:00:00,2013-06-25,26430586.0319597,9818236.25020255,71245945.5988161,739204.248807676,327866.305446068,1688764.66612486,153326.680356634,5749.87456395378,4452223.73291228,958587.865562418,98342.7626257829,9856960.2994043,27195405.3672649,13731659.2014488,53916848.8768236,757182.099954301,752745.604166994,761424.478111993,1638827.172314,1510970532.6916,1510912015.63701,1510988134.55655,-2116740.71405132,2347737.44636336,-34319224.4657161
2013-06-25 16:00:00,2013-07-02,23597091.9253001,8778494.36788344,63431608.7867861,567942.8825075,253469.815437504,1281974.69672493,137102.180748621,5393.23949707956,3729149.54575636,758530.327917142,80782.960689764,7453978.91873889,22573462.5449715,11383969.2027952,44746097.6749592,859204.214580499,854497.435102542,863606.971624592,190725.576088268,1510821736.50933,1510797239.28593,1510740489.56245,-8216906.58186959,-3471161.53252824,-36828429.6832507
2013-07-02 16:00:00,2013-07-09,20397675.7626575,7590711.22917386,54840482.8553328,416169.228141774,187199.101585674,929273.465625365,118544.065286249,4308.42282555403,3372643.67252087,572702.372987534,62069.0112857129,5462508.88834315,17937526.6318326,9038008.86411557,35495409.094558,1223765.8460207,1215928.33466457,1231213.54212264,211917.306764742,1504423556.06047,1504446542.48019,1504339727.35162,-6141180.75676451,-1263685.88521526,-31776244.4339464
2013-07-09 16:00:00,2013-07-16,15480351.3943048,5759918.63662971,41610624.2035149,222595.394913001,100512.16108367,493025.915506039,90819.0050486418,2256.78556674287,3537018.00938827,327966.975356634,36380.4979026048,3026666.51640893,11464970.7433539,5778092.54670318,22754634.1492647,1172277.8859497,1165005.39884945,1178789.00040823,0,1500838091.56169,1500760501.59815,1500878309.33926,-5366975.25980956,-926064.967560262,-26690362.2870254
2013-07-16 16:00:00,2013-07-23,13132225.1655706,4889335.95250211,35313397.1524443,152374.475236462,68267.9947019509,338001.116433719,77360.7790070659,1284.65206780835,4340224.46990773,233089.14628695,25058.5765446137,2184931.86093774,8749191.11809321,4418972.64760971,17364913.824876,1213900.19803929,1204927.37194329,1221594.39471239,7063.9102254914,1498955600.4422,1498804050.80627,1498908214.50733,-5605770.27207415,-1266756.00667881,-25451706.3889605
2013-07-23 17:00:00,2013-07-30,11315414.1199468,4196029.22962015,30511910.7272021,110981.626436062,48976.2576063541,248365.087480754,66604.459075267,752.774529891389,5208538.87334843,175648.371989899,18360.4824478381,1679805.70245973,6933926.11296969,3496669.05584533,13731517.6296063,1217017.60703097,1208865.96533629,1224824.83837887,0,1496988852.33032,1496949454.70767,1497008569.56714,-3895911.92904732,117857.737147173,-23142175.8075059
2013-07-30 16:00:00,2013-08-06,10415419.141013,3875243.92152646,28008723.0329219,91450.3849676629,40065.4851607361,205715.99656664,61545.5578854491,532.564054494389,6205290.2644429,147777.291845326,14976.6928925456,1439252.87827066,6044034.93065236,3056380.91016667,11981969.8968508,754974.406998606,750687.621204256,758986.678131764,854733.137284459,1496610645.25872,1496499556.82267,1496685011.02731,-5774657.1542249,-2026837.59821756,-24973383.673114
2013-08-06 16:00:00,2013-08-13,9548303.51905735,3552436.97487689,25699633.11768,75331.1150880612,32490.0919828037,171562.882307642,56284.5095848774,363.869715743356,7080361.65306999,124250.616004965,12304.9667355325,1236827.19964704,5255493.4147954,2649069.65319207,10418117.28455,974317.043640583,968102.349066153,980536.253466509,162469.935186302,1495607904.27984,1495498931.88406,1495636656.69864,-4627852.41930566,-1069631.15416928,-23790501.0967444
2013-08-13 16:00:00,2013-08-20,8808014.1878986,3275222.85528039,23655978.4683111,62915.360721303,26780.5438933795,144741.207835651,52081.6571262718,257.949433544062,7566586.39196961,105543.246383459,10057.6598080919,1084917.50430806,4613556.02547454,2326091.86218396,9161962.19117105,930291.404317743,924479.588279977,936401.723189883,0,1494716881.09702,1494660632.03719,1494709919.38071,-4398714.74997726,-849364.214061282,-23279991.0860735
2013-08-20 16:00:00,2013-08-27,7895780.4262335,2927871.18477265,21234425.8586308,49322.0715164069,20569.2309470538,115469.445670187,46930.5800186485,154.219116677609,7792677.10011173,85069.5362688316,7700.95039335705,923764.005934022,3873304.29878341,1956351.32928288,7675379.06658137,904586.304780687,897665.193454087,911480.401913481,35319.551127457,1493802873.36938,1493734500.60918,1493922302.7246,-3850756.52755076,-783227.885310366,-22061327.0793293
2013-08-27 16:00:00,2013-09-03,7406346.71489568,2755322.44721464,19983688.6688433,42669.8875091677,17623.552341333,100583.266776727,44055.4260139915,112.356544664619,7797475.07638588,74635.547090917,6595.143388525,827991.265112953,3488641.76181216,1760250.19832452,6903532.86098224,785720.51213915,779994.560042137,791739.628940245,113022.563607862,1493286648.40343,1493187970.02283,1493276673.45291,-2810194.70805633,276758.41017966,-20462040.1987342
2013-09-03 16:00:00,2013-09-10,7361514.35101817,2734753.50104703,19828867.903995,42557.3615484539,17622.1098849974,100512.13307197,43752.7128088086,112.621932966859,7747070.0805379,74446.8028916286,6509.84810933036,821376.622633321,3471257.66261235,1753109.17214141,6886219.98509788,504261.998815129,501921.685653218,507174.017331949,466218.074882432,1493882821.56054,1493853418.1749,1493905863.16782,-4938609.58998208,-1865158.62803201,-22592400.0922809
2013-09-10 15:00:00,2013-09-17,7203008.8946864,2674022.78899635,19400533.8436172,39840.2468571426,16399.1114935873,94179.4270572872,42832.7676967846,98.6730652992043,7845543.52345178,69996.3425764485,5981.35327293812,785896.162707526,3322667.20354489,1678485.13274744,6574576.52902307,810445.33618738,804828.159391951,817351.499901001,14127.8204509828,1492957181.61228,1492831668.89531,1493010889.83785,-3104333.20014541,-15954.0134598068,-20562717.1870907
2013-09-17 16:00:00,2013-09-24,7271796.48261824,2697761.57809288,19590105.8558877,41026.5755893988,16946.5240717433,97032.8360620107,43135.0009678549,106.84092493031,7799120.18899349,71967.9260609811,6228.4548600111,812750.482229588,3384175.80808786,1707619.04013019,6712326.14707078,485629.825636557,483140.875949553,488377.742265777,1532868.51893163,1493089541.94467,1493017304.45658,1493222252.27953,-652468.791943657,2244851.30404842,-18169123.3319078
2013-09-24 16:00:00,2013-10-01,7978838.53573402,2963424.62957476,21469778.0194224,53363.6825395056,22524.8719934048,123810.489114628,47335.5776018559,219.166218350481,7230650.84667004,90312.7543979422,8425.37189328198,956463.058317562,4015882.08413337,2024485.26444733,7966264.30198689,287181.572975638,286298.508973467,288147.409323655,1087842.17472568,1497528062.02317,1497479355.11744,1497530255.58438,-7291143.42887003,-4158339.62647457,-24982563.4508898
2013-10-01 15:00:00,2013-10-08,9662194.90229486,3585869.06127194,26045837.4710938,77781.0012276883,33676.3842969882,177085.514125437,57180.6114037832,393.039499052389,6848121.40323299,127821.252123297,12622.8978179116,1284312.06874608,5365147.53884001,2707684.97325671,10635856.3397285,441154.946670179,439440.482202075,443711.679848683,120086.473833354,1495191547.66219,1495110924.54349,1495143568.39889,-5306490.73692277,-1626761.62220058,-24374907.1009045
2013-10-08 15:00:00,2013-10-15,8400559.29592803,3126012.81420965,22636919.9391414,56617.6102730127,23919.373513864,131230.989264527,49646.2961632012,205.777231858786,7734327.98100514,95989.9412429609,8919.78840282688,1019879.05591446,4272078.82728155,2154973.2817918,8449668.41029915,339154.20589744,337926.636547091,340945.501360395,211917.306764742,1494123818.68064,1494131892.35404,1494122329.17795,-5147338.56446292,-1819696.82704387,-23954277.2068007
2013-10-15 15:00:00,2013-10-22,7524886.39660561,2803507.25673592,20283980.3412179,43895.1955282627,18133.0471332253,103452.442169013,44661.9132812752,120.787747158612,7845543.52345178,76659.9952225372,6802.18330904668,853845.520517103,3564438.23279001,1797558.66945144,7062111.4806151,430743.25352638,429260.54962213,433127.227242038,21191.7306764742,1493179977.53337,1493121276.50767,1493180707.49269,-4083603.72146777,-792977.001878404,-21996900.6561851
2013-10-22 16:00:00,2013-10-29,7008270.33434688,2607442.06005089,18870372.7372654,37647.8654682307,15409.7161583715,89328.3298623713,41663.6132238212,88.5589813076311,7799120.18899349,66719.1389548178,5682.62427910635,767496.34814687,3186362.57808014,1608022.96853888,6318692.01276358,383092.907804316,381396.869413848,385710.168821907,0,1492812487.5569,1492737150.70166,1493010666.27734,-3670673.75254942,-855635.793496853,-20889174.2476226
2013-10-29 16:00:00,2013-11-05,6757068.41885998,2511638.82652082,18232705.4422366,34485.826967771,13985.7954686343,82827.2587464132,40336.807014574,70.5478410034685,7845543.52345178,61789.2943158552,5108.70443586698,725267.998282198,2997175.23180371,1515072.73619553,5941302.63747835,255203.494913059,254372.272802304,256278.434564623,847669.227058968,1492726659.27046,1492669891.87672,1492794233.60536,-4301094.40858036,-1485616.45227752,-21192874.500133
2013-11-05 17:00:00,2013-11-12,6836209.02652857,2543611.62667765,18391807.3681656,35645.0846872276,14514.1122497799,85014.72443008,40707.5596169618,78.3592584630675,7799120.18899349,63648.9792283677,5348.67759958393,740468.295891292,3064564.05611077,1547201.68304082,6077306.23119931,143117.074145847,142584.694938913,143534.78187282,1546996.33938262,1492914535.70938,1493013449.75432,1492917645.24541,-4766889.86171699,-1902974.09215834,-21901890.6010108
2013-11-12 17:00:00,2013-11-19,7169291.85647381,2667399.34899883,19316829.6539371,39705.2546017413,16336.9733039394,94240.8881905046,42687.276429114,99.7009518090634,7799120.18899349,69915.902652647,6058.57936630384,789456.378539407,3310386.20471602,1668389.92260585,6561598.22046065,139620.39662609,139214.117819955,139922.017242823,1285631.66103943,1493463171.70685,1493454125.0571,1493435433.89044,-5845957.49818461,-2682291.14093456,-23357694.5126665
2013-11-19 17:00:00,2013-11-26,6971950.41379475,2589461.16156957,18787170.2432249,37432.148868086,15320.7321557841,89263.2171636715,41479.1406770767,88.2033052904255,7799120.18899349,66335.3006372212,5611.33229713525,755639.06943925,3164595.97991745,1597275.59887846,6265747.87838066,225584.160359178,224526.12235122,226967.881198066,91830.8329313882,1492774439.55852,1492680189.07743,1492921064.97274,-4022356.676692,-1154422.99874953,-21083838.387864
2013-11-26 17:00:00,2013-12-03,6802100.95630828,2517270.4645032,18302576.1338177,35291.131114293,14381.1687636701,84517.5915159978,40423.5914565597,76.4802397521148,7799120.18899349,63068.2405557417,5280.74067392807,726965.840927076,3041900.75271376,1535149.52092783,6023805.76849423,158915.232691237,158445.938369287,159547.905198337,996011.341794287,1492570930.57846,1492626658.48174,1492647152.51502,-5390172.04483423,-2503811.41855772,-22518570.6493261
2013-12-03 17:00:00,2013-12-10,5482597.27590315,2033531.70067057,14790305.4489881,22110.5197762696,8585.96901189637,54819.829292504,32644.7074273373,28.6349801746614,7799120.18899349,41368.6545530573,3055.48347936718,544192.104515945,2159598.01773721,1089618.70584163,4280949.51883176,199682.825464747,198641.345905671,200697.541881778,162469.935186302,1491916837.80945,1491833925.25577,1491982765.83314,-3104849.931414,-537280.756240818,-18598043.3440928
2013-12-10 17:00:00,2013-12-17,6328656.99237696,2352464.24910401,17037693.670905,30019.0307971854,12036.934082856,72466.3668253245,37736.0205941591,53.3071254117452,7799120.18899349,54462.2873589493,4343.43879840577,661375.077378914,2707338.34782601,1367822.34722095,5364060.02836324,85370.7889027402,85156.2284664242,85552.863621143,226045.127215725,1492193898.12768,1492105142.35794,1492364896.74848,-4281512.06924435,-1676932.74649912,-20686201.0429139
2013-12-17 17:00:00,2013-12-24,5859667.30622597,2177383.75016017,15715530.4785709,25442.9804469094,10014.5338531975,62447.2096776631,35024.4601941134,37.4016515458793,7752696.85453519,46934.8100472593,3599.52614533791,586427.20124407,2396052.37771433,1204503.22808583,4753783.9843246,130222.850511836,129743.760951178,130636.761616969,1073714.35427469,1491796596.38005,1491766028.85436,1491829928.48262,-4887098.6710428,-2404718.80433785,-20742129.322931
2013-12-24 16:00:00,2013-12-31,5743238.33069825,2130637.3118487,15462069.0493196,23974.8560298919,9363.53953121554,59308.619408905,34306.6716828777,31.5119647367548,7845543.52345178,44606.1524949667,3354.46745862413,571069.259863922,2305004.98680878,1160466.22751882,4565401.99019727,124075.540275946,123674.094626992,124439.472436174,218981.216990233,1491424006.39197,1491330294.88379,1491355712.25533,-4285193.19314133,-1628995.66266776,-20048866.0205909
2013-12-31 17:00:00,2014-01-07,5721644.82169631,2127318.94110171,15384252.6627833,24156.4026521323,9483.01632409745,59566.2467613474,34212.7295878387,34.488327531434,7799120.18899349,44818.7278707793,3348.58805315911,570561.256657906,2305296.90420884,1163865.28540826,4562139.79998022,127609.882772772,127049.067952562,128041.706202171,727582.753225614,1490774839.89964,1490748559.0696,1490804944.31831,-2445631.80708127,11238.4884886187,-18155705.9694094
2014-01-07 17:00:00,2014-01-14,5989279.35857287,2229988.1531473,16098755.1919589,26549.9987559993,10500.6158612239,65003.2195383713,35758.8531467005,40.145029148651,7799120.18899349,48789.3712075344,3763.22149408863,601993.501089639,2473685.73283668,1248263.80659307,4901049.1024241,110433.801649938,110051.210591897,110724.015444496,1200864.73833354,1492448716.74061,1492443754.70243,1492393036.24047,-5616817.93094986,-2869629.99600023,-21596227.5663053
2014-01-14 17:00:00,2014-01-21,6032943.75587635,2247817.97501532,16248634.5297667,26990.8338843131,10680.043447281,65992.7816324344,35952.686559843,41.313448162573,7799120.18899349,49541.4398025757,3869.90526852728,615181.447740717,2505334.21486608,1263709.81945312,4954522.92398528,181439.007054806,180908.280440376,181918.846121247,0,1491549021.59519,1491601490.85817,1491610248.10115,-4506265.02699214,-1869412.95948586,-20659192.4619268
2014-01-21 17:00:00,2014-01-28,5661728.15379177,2109934.86036698,15242371.5063741,23468.1905601204,9165.862958696,58233.3580105435,33831.4210554965,31.4869369275271,7799120.18899349,43708.878098791,3242.18937344204,564205.501587333,2264567.22004338,1142717.58504947,4495189.3898617,196002.590005235,195273.975386001,196813.509847965,120086.473833354,1490501412.0624,1490534785.57427,1490558626.27895,-3262358.188671,-771790.691873905,-19060327.4768291
2014-01-28 17:00:00,2014-02-04,5443888.83639946,2029167.71335343,14640729.6255562,21459.881486507,8271.28343359376,53764.9983196701,32350.6304713505,25.3377138016347,7799120.18899349,40339.1806783036,2924.26728845759,530088.320450566,2123628.14854573,1073111.8193588,4208414.19060812,192193.209049803,191201.100532244,193145.433220098,395578.972627518,1490661307.18102,1490566472.22653,1490691304.90011,-2514066.59848769,-113450.204575782,-17857888.1346394
2014-02-04 17:00:00,2014-02-11,5477821.80093653,2042799.16772433,14728290.6785492,21923.0438251983,8490.32822425955,54564.0809959588,32726.4358525771,27.0784768455194,7799120.18899349,41088.0425740932,3004.51307720962,540033.742727303,2150582.18903736,1086146.19730443,4263554.85125641,337755.883904897,335997.373993768,339386.101113266,317875.960147113,1491765036.7266,1491726306.57401,1491749509.35006,-3753672.20680314,-1245292.76905161,-19192082.3359233
2014-02-11 17:00:00,2014-02-18,5997875.50903583,2231423.95774841,16113138.3862268,26652.8061293113,10506.9619205274,65225.8519766843,35936.4594617476,41.0042487983195,7799120.18899349,49008.3054684416,3766.13596317273,607132.112548603,2483490.47529829,1252558.2307757,4914608.12119636,232371.116045284,231658.051808576,233014.563608815,1059586.53382371,1491414461.73019,1491371167.93713,1491454270.05736,-5051916.83102545,-2470819.44942029,-21050704.0920842
2014-02-18 17:00:00,2014-02-25,5806579.55767651,2156106.63919939,15654929.6790017,24783.1515744122,9706.07566404084,61011.0564191926,34654.132204473,34.5497716922476,7799120.18899349,45818.7439639819,3473.05917487811,577586.66687929,2355661.33014391,1188634.73913777,4665188.09288391,273503.742080393,272584.186052348,274371.387893994,480345.895333415,1490815742.92174,1490817044.23381,1490804558.91906,-3339705.30734865,-585351.936443209,-19196957.3346892
2014-02-25 17:00:00,2014-03-04,5697237.24440975,2123368.26578846,15362297.517917,23589.1506037816,9187.43936403673,58501.6944516626,34055.5585596531,30.6547396908824,7845543.52345178,44000.3749164276,3304.11426715305,564370.971752092,2277998.52200911,1149600.91429056,4520426.04438844,393399.335776957,390993.467987815,395855.821113994,1335079.03261787,1491239054.02292,1491253520.90497,1491407654.27657,1828861.7921388,4168491.85513116,-14081689.777988
2014-03-04 18:00:00,2014-03-11,8008302.37417897,2973573.39547112,21525162.6919083,54512.0192593,23084.8792301582,125407.788171203,47456.814227295,237.869694216397,7211819.98018954,91710.6138936314,8607.51741050686,978583.507304825,4062984.50619275,2053440.65334614,8053951.01646939,254223.823940195,253791.792929585,254507.651657547,2182748.25967684,1497530479.31838,1497421342.00167,1497506521.2562,-5871507.63568323,-2651811.73213724,-23374559.4099837
2014-03-11 16:00:00,2014-03-18,11351675.1025061,4227660.1398404,30491748.5958634,110052.481831023,48662.1235184304,245845.697790011,66953.1744691099,730.676240500712,5338457.71388922,174498.112063139,18145.7075299629,1684504.19574795,6920100.51428316,3493747.59134331,13725270.2222657,436617.587671793,435163.429128164,437785.809787082,847669.227058968,1497726493.4338,1497762046.15081,1497735728.99927,-7426643.79982331,-3364377.30690664,-26863822.5821368
2014-03-18 17:00:00,2014-03-25,10468356.0183517,3894486.81418112,28171849.9385406,93255.4727049795,40789.6367216556,210629.324136884,61908.9034794504,564.300734790785,6074615.15686706,150231.044931016,15220.0878402004,1469596.53180999,6116067.22470937,3087782.02666684,12108843.3715749,483967.487494237,481306.925314794,485915.663656624,416770.703303993,1495493979.62995,1495343392.96697,1495585308.54608,-4647690.3228677,-954670.728130182,-23604867.918897
2014-03-25 16:00:00,2014-04-01,9540754.50092421,3549225.55692031,25633702.3200384,75184.1645539446,32596.1028797715,171064.065989735,56458.9860318824,363.13590081816,7159406.52349144,123860.031751173,12158.9196667354,1247171.66305381,5246785.99972528,2644769.22407487,10391031.5394858,530667.705401042,527756.559954708,532484.275649103,854733.137284459,1495436776.73765,1495487227.6675,1495429380.40875,-3122735.64314933,483185.976527524,-22466726.546413
2014-04-01 16:00:00,2014-04-08,9970357.15621251,3708088.72001097,26812982.6682225,82978.4017072157,36022.6991132643,187730.738943123,58869.7143244692,451.74482740865,6578270.67433275,135539.098755572,13563.1357946602,1330078.91223433,5633983.30373616,2839060.9445784,11167314.9759283,610488.452854235,607437.524292183,612854.707198473,169533.845411794,1497187578.20992,1497163063.01581,1497189117.4539,707808.529238994,4414014.84091248,-18453427.9478277
2014-04-08 16:00:00,2014-04-15,16248037.9623332,6030621.84622356,43680387.3036283,253022.397307954,114108.66978047,562119.591605651,94592.351778654,2624.02377216913,3491718.27978451,366336.467790735,40410.5669249922,3399178.41194408,12485386.5241608,6302169.90038805,24757812.0959293,755352.873215773,751284.824783825,757842.807028973,247236.857892199,1502068193.19898,1502008062.224,1502084293.9711,-1271835.56593633,3329511.15111837,-23188706.2547864
2014-04-15 15:00:00,2014-04-22,16467041.0773726,6124650.79317674,44178774.2839966,253895.187961232,114752.551571206,559809.924189284,96397.7151999434,2657.23504505797,3427841.71699235,368686.77586484,40834.6356553613,3409742.05342655,12629952.0558715,6379927.85575031,25043716.5770583,614257.485463231,611151.173887657,615635.504015001,777030.124804054,1504764844.27277,1504684341.51111,1504795352.36164,-4436486.81834786,240526.704365621,-26307847.8207457
2014-04-22 16:00:00,2014-04-29,19161035.9658816,7128689.91608811,51593384.7644597,356200.400820889,160696.966860374,791739.108969119,111807.096954144,3872.01376155996,3245586.26104674,500466.175724279,55234.3432326317,4724833.17042899,16108459.2883699,8125254.4074105,31931089.4606681,537843.032555845,536258.063337952,539120.512820798,543921.087362838,1505047198.79429,1505070339.7127,1505104725.37662,3011328.44301196,7799536.60430295,-21503667.7837385
2014-04-29 16:00:00,2014-05-06,23840648.0623331,8874051.75056837,64124225.777404,603843.754161769,268511.583541306,1374375.94561682,138026.496267587,5015.92937152135,3976512.35216659,797465.399133759,83156.1290814169,8137435.58093325,23249170.295,11720049.2090481,45990064.5996683,854730.715627015,851986.610055607,856430.971636823,494473.715784398,1512085655.64312,1511995926.34774,1512135163.83748,-4596437.70751372,-4432.36634331546,-34007569.9324398
2014-05-06 16:00:00,2014-05-13,23104613.8868048,8552631.08037769,62227386.4256487,541900.102138721,242839.393239211,1218757.16510543,134340.782797895,5273.7684824456,3625114.94417103,726434.397001694,77541.8480230774,7063019.7291756,21819164.7836944,10998218.5252221,43215923.3503901,720235.666884106,717536.617325839,721494.341116152,402642.88285301,1509259774.35266,1509248884.2159,1509283904.76038,11438839.3525826,16287766.3375024,-16919228.4415575
2014-05-13 16:00:00,2014-05-20,29588724.6541222,10986629.5506423,79775235.5520571,978228.385867058,427109.301649177,2288481.09805418,170967.733334768,5570.66997213805,5878856.39871235,1228507.6627609,119521.193528455,13468260.5657219,33000300.2742248,16643275.3546908,65376657.2235612,903375.728432372,898757.60377618,908067.089496703,14127.8204509828,1523069145.30626,1522929159.22979,1523136844.92831,12447329.6847111,16529045.1364139,-24461298.1407087
2014-05-20 15:00:00,2014-05-27,38392781.3339351,14299539.5289239,103166089.069013,1689603.58280574,710902.95098088,4109017.54090572,220508.774217917,4995.59327975488,7648869.53743355,2011929.75935139,176746.507252012,24546083.069792,49432770.6759542,24946893.9230523,98029406.1012088,926915.902141732,922100.712329107,931688.186626238,28255.6409019656,1533593355.24485,1533608098.21102,1533676815.6425,643536.492803936,3194513.64661305,-47956580.6717914
2014-05-27 16:00:00,2014-06-03,35983980.4912956,13344885.6287589,96864956.4751635,1461957.21531216,622250.148805827,3514761.12625395,207428.471937015,5371.51997750932,7642067.8162783,1770949.01379899,161784.449347606,20768878.1685206,44556974.8613451,22477109.7508819,88335667.9179375,900712.895945765,895028.855257142,905530.602936739,550984.997588329,1526220284.25077,1526188738.10944,1526222774.87507,3198319.14871862,6392476.2216608,-42481994.9990505
2014-06-03 16:00:00,2014-06-10,33268628.1262651,12350076.7828742,89379908.9255334,1228564.34269157,529843.539747628,2900840.72833053,191933.629618691,5634.29148589023,7017909.19696672,1510770.35715103,142878.300576862,17110491.7519591,39318726.577798,19841013.4000881,78001667.7134245,982932.302954333,977309.307012777,987796.752997518,275492.498794165,1523936215.83213,1523807193.17332,1523928389.23507,-2510783.51581819,1270909.95601218,-44012973.7114721
2014-06-10 16:00:00,2014-06-17,31102186.3195071,11567079.6425968,83709925.2891669,1044720.70620784,452810.444400643,2441925.99373745,179854.870197997,5894.69864497845,6210027.047687,1311097.49971295,128168.869521966,14246241.8558606,35050424.1368443,17660340.7449239,69456727.1216345,730267.682343801,727109.912498992,733560.606989101,1490485.05757869,1517599162.39008,1517489398.09701,1517684901.89746,6912933.32115345,10954613.7196198,-31647667.7222468
2014-06-17 17:00:00,2014-06-24,34731695.8705657,12919562.3565585,93630866.0203675,1333223.76265322,572650.817377972,3169041.52712877,199587.234040797,5609.92440647414,7343235.37088519,1632825.19545901,152566.701610743,18959316.7910163,41829331.4483513,21094734.3869906,82963332.1858564,769940.169751051,765554.638602624,774090.02890184,1624699.35186302,1523859748.34525,1523750047.89017,1523896503.6724,-2785320.64245936,702025.013716473,-46772167.4259627
2014-06-24 19:00:00,2014-07-01,31598735.2989067,11769796.3489934,85227618.6534232,1096495.27543496,475428.211172142,2578972.95217942,182788.96787868,5768.63326300759,6525988.36026729,1368933.46513016,132338.078379705,15020510.4090519,36184154.1884907,18257808.7605661,71608001.3950474,700733.485819581,697991.964469099,703739.399595029,769966.214578563,1517997187.49927,1517967617.31071,1518013328.81234,-1888461.25977861,2087332.17161847,-41608190.2161178
2014-07-01 18:00:00,2014-07-08,27749936.6165605,10309405.0445902,74671307.2816443,828374.62225352,364851.610571186,1903063.07253841,160343.27809204,5909.97974658898,4783657.93017277,1062419.58975714,107948.367935682,11032750.8175694,29500508.5683892,14861080.8167138,58436559.3028684,1134191.59887457,1126744.34116265,1140600.73401509,14127.8204509828,1514240757.78711,1514170742.88945,1514298157.74531,-3493718.94339054,918521.803131777,-37058502.9014824
2014-07-08 16:00:00,2014-07-15,23716841.78454,8817785.94499946,63733538.3893278,571478.937681634,255106.458534247,1290184.13717102,137701.955959171,5319.54258972056,3763495.44714514,762718.949905438,80860.4316508956,7502134.38018953,22669444.7578856,11436482.7840699,44880933.205104,1226880.43523964,1218691.78912456,1234364.66783906,678135.381647174,1509927540.60357,1509939986.87346,1510031097.21386,-6892661.73014804,-2229843.01026698,-35807369.4649577
2014-07-15 17:00:00,2014-07-22,19680359.5864617,7321175.20981611,52807618.8778801,378073.68107301,170887.813026623,841071.75045986,114785.619830415,4047.82372694965,3293528.79534122,526854.666590613,57710.0576306229,4991489.53639092,16815859.2807496,8486776.52005267,33356538.335732,875044.489644625,870494.953495422,879396.028813472,35319.551127457,1505005430.69003,1504984807.27104,1504983287.38982,-7020199.52165898,-2173960.99721966,-31751707.482104
2014-07-22 18:00:00,2014-07-29,15422365.4742316,5746181.63552649,41415743.5232925,220764.888753812,99677.8679896496,488216.573917424,89987.1572075936,2241.92774716038,3496698.353164,326177.553913481,35993.2117281899,3055741.48302916,11384151.1322816,5743672.96044541,22540795.2954684,951287.45492062,946473.734067103,956712.20374027,141278.204509828,1501029720.50306,1500966193.93559,1501041195.37438,-5115459.17923425,-534123.610908883,-26238775.5588142
2014-07-29 18:00:00,2014-08-05,13234414.463464,4925745.25368389,35618738.7372998,157911.185823683,70921.3389875823,349951.457334783,77599.6312060297,1354.50257496045,4035769.38108704,240500.600015165,26095.943968129,2237511.16750017,8933704.91858686,4501007.83653472,17690161.112202,1045194.85498295,1039147.45802353,1051504.73529467,204853.396539251,1499779396.01524,1499827589.01548,1499842297.91646,-6132326.01281834,-1911247.80956558,-25974656.6769444
2014-08-05 16:00:00,2014-08-12,11774167.598336,4381833.58663402,31600937.9967411,118683.312688291,52555.8980542539,265293.37913574,69328.281902093,830.816820703463,5112416.07905771,186827.798568024,19797.6704935591,1791386.63519556,7310163.08093959,3682802.25641971,14490148.9005557,1027905.33079282,1021655.84786717,1034015.99496825,0,1497583449.5059,1497558090.6308,1497619865.24809,-3853989.98449182,176916.489324269,-23494990.0966863
2014-08-12 18:00:00,2014-08-19,10729211.1221633,3990445.54895059,28908126.7951423,99346.7701453389,43765.1115621037,222890.352544296,63316.3177617728,618.239743465387,5625830.63781643,158461.418593609,16379.5712846274,1523314.0377441,6387814.5263691,3226522.58793008,12665276.2595231,660331.869798402,656669.316546792,664268.029338273,826477.496382494,1497540398.10117,1497308969.72872,1497547341.60513,-6644808.24325896,-2770784.64347637,-25350998.7661882
2014-08-19 16:00:00,2014-08-26,10033352.584237,3730296.06517668,26969071.5104088,82504.5426017276,35841.6988636949,186805.397954082,59123.4417487185,431.542922589694,6805986.87323195,134756.10869969,13354.3044843087,1339448.2528157,5628797.97493831,2843197.20491674,11159308.147061,641317.392463773,638824.784924663,644180.167533047,515665.446460872,1495724256.58679,1495735065.9933,1495771051.0251,-5015386.68048591,-1346143.71747675,-24577747.3000774
2014-08-26 19:00:00,2014-09-02,8569825.11745291,3182941.97963852,23085028.6454151,60346.4418340641,25759.0567904304,138787.213317119,50799.3112499848,233.420859287519,7581430.74196672,101690.795539447,9653.39840592083,1054735.15726749,4453533.5277141,2244182.13189695,8824333.4853677,817953.526404259,813252.718802722,823102.47751063,247236.857892199,1495264156.66265,1495170807.8595,1495238474.37569,-4688368.60816044,-1279310.34514668,-23403699.2228503
2014-09-02 16:00:00,2014-09-09,8255263.53392195,3074493.54890377,22243840.988032,54371.0058243193,22907.4795846617,125972.314051638,48958.7623412897,188.37836110616,7781049.32286687,92748.9874307234,8609.01263074085,979851.190528958,4154008.06367493,2096073.19717203,8229709.11403398,720873.950522253,716746.823041586,725602.674902868,190725.576088268,1494334199.52434,1494226891.28963,1494367553.89343,-4384617.35273927,-1086729.38093497,-22840658.2389908
2014-09-09 16:00:00,2014-09-16,7623482.21550303,2836615.8234284,20513632.9965885,45243.9352016075,18808.5507010092,106410.692525211,45164.1914818707,128.65023828154,7845543.52345178,78862.940868251,6953.47608677707,865543.643219135,3642266.88850306,1838488.92805248,7207349.80139107,660452.370552905,656722.835520643,664920.210469477,423834.613529484,1493716768.02301,1493752360.65327,1493764928.48785,-3957288.86027822,-774842.144070748,-22028860.1764036
2014-09-16 17:00:00,2014-09-23,7130319.66066125,2652111.32269314,19180071.3604518,39488.6026661612,16208.7047393915,93683.9255630639,42370.2488119332,98.5283263632603,7752696.85453519,69472.9546770939,5966.23903877369,780956.426121303,3295366.43236415,1662264.82529797,6528992.24245883,655214.438204755,650836.53059084,660045.463002547,35319.551127457,1493673347.80026,1493606195.93432,1493781215.69419,-3657483.06537497,-779487.288186377,-20860849.1183075
2014-09-23 16:00:00,2014-09-30,7291155.34350507,2711137.3968627,19644538.5900999,40013.7965043825,16402.4763465729,95111.0644337681,43384.7558949731,94.5187597311727,7984813.52682666,70705.640637946,6041.18961231484,803417.812423056,3353550.51954051,1689293.38209703,6649353.87162505,575361.908351544,572999.697076,578714.112525361,381451.152176536,1493382254.88226,1493399037.22835,1493398331.39604,-4079700.61893705,-1028417.98877471,-22001246.1487394
2014-09-30 20:00:00,2014-10-07,6970919.91338483,2590969.95197402,18748830.523919,38367.6261295656,15762.0012099904,90929.6266511405,41488.6995660014,95.14721291812,7613426.85116031,67794.097206746,5843.42312152847,770317.090661331,3207021.24272516,1616756.09114272,6356697.47477201,462007.918401727,459855.180781041,464720.430419962,261364.678343182,1493200352.52415,1493079055.24142,1493222747.06185,-3712405.11721322,-804005.540027903,-20554353.0241831
2014-10-07 16:00:00,2014-10-14,7018527.14027986,2608981.29401506,18871905.2366445,36868.9197108956,14986.1682544579,88034.5383267246,41906.7738555282,81.3456463384875,7984813.52682666,65595.7710517762,5507.00310837575,755228.166229251,3158656.18932308,1590106.88341214,6252217.10444111,474894.542387555,472962.459824439,477697.617387522,87075.2083307621,1493198853.26044,1493188153.08278,1493216165.45176,-3500111.27947832,-570238.298678432,-20974386.2622592
2014-10-14 20:00:00,2014-10-21,6768290.77189399,2517600.92356324,18191101.5743576,35587.5061217042,14452.0567316265,84948.7452554502,40257.9230737351,78.8555650539779,7659850.1856186,63509.9969036715,5331.38620219634,736252.185572785,3047843.68080033,1536832.96170215,6030969.76416547,345278.266468737,343889.989922739,347443.767067627,228242.170159874,1493315165.06248,1493270908.77505,1493299488.8292,-785709.844963801,2195974.13366289,-17661525.9239912
2014-10-21 17:00:00,2014-10-28,9090724.13658275,3386341.47540679,24418494.1751843,69173.3195969748,29806.9298478339,157980.529557189,53815.4491086981,328.423653462587,6977062.45821266,114265.401464028,11109.3673639756,1164191.21719339,4888746.31383834,2463978.21972452,9691228.7930913,240667.693524659,239823.124585616,241886.29984372,762902.304353071,1496272221.6384,1496131364.18079,1496380445.40346,-4723273.8126127,-1365799.97294512,-23318493.1518555
2014-10-28 18:00:00,2014-11-04,9706277.91951519,3607691.24398799,26064383.0620792,77976.5896036256,33806.2921361391,177034.855476286,57517.4062230309,391.038378161908,6930011.34338028,128145.554407162,12778.4789544676,1282956.31886878,5385155.85838007,2719744.08252093,10689364.4291759,194244.309908888,193581.247846973,195049.839264232,1214992.55878452,1496510414.42953,1496360386.6205,1496501332.58683,-1993299.6502245,1735146.39656672,-20998381.3431089
2014-11-04 18:00:00,2014-11-11,12707599.9688748,4727784.41958531,34180793.5727454,144036.116966808,64305.849114437,320390.508575753,74694.1134100397,1181.01350348048,4657548.63885559,221528.932918364,23855.1237804941,2088154.40528042,8340452.78950654,4195924.35574668,16525999.5217267,157636.056594622,157303.620182612,157971.125959599,666872.060224639,1500122624.63955,1500146969.14754,1500192813.26527,-9111261.27203347,-4956804.16952907,-29118775.6883156
2014-11-11 19:00:00,2014-11-18,10654953.9239629,3960501.59545001,28568343.2544325,97899.1510051477,42940.5713004276,219955.674054411,62805.8476688148,612.924474740261,5902660.64953325,156423.020174334,16157.2135422186,1521507.2204915,6315455.38541061,3188370.81960033,12515077.3211011,306425.805731072,305144.029331913,308174.859199666,0,1496328005.71381,1496257981.99722,1496366779.58602,-5252074.5566596,-1528863.39632515,-24253974.6864709
2014-11-18 18:00:00,2014-11-25,9307600.2256697,3471670.63666187,24992555.1592166,70106.6167399571,30184.9230843319,160464.462611684,54982.2086680021,305.992590923054,7523787.35282662,116785.228367753,11354.6191870878,1184884.86022552,5002952.7047482,2524416.63275655,9912878.28245561,150519.400332312,150022.127331131,151119.055719118,840855.612865088,1495426131.90882,1495393221.92896,1495364613.64553,116852.10198,3854055.71210828,-19490088.9854407
2014-11-25 20:00:00,2014-12-02,12626275.7484783,4687329.91284989,33916341.7444415,153794.426526076,68898.7435293713,341952.177988289,74365.3440413482,1407.63270840628,5032619.60577745,231872.005264092,24936.3166140561,2199972.66261047,8528073.18885219,4311105.45175311,16930952.7192876,87914.9776747311,87650.8683116872,88339.1367130787,1739891.14774485,1500779841.79803,1500541683.05309,1500898602.38194,-9417112.28669767,-5453876.79679178,-29162356.9163818
2014-12-02 19:00:00,2014-12-09,11971049.9328471,4449034.86450018,32135392.0695161,125103.041706037,55619.1138493638,278799.360763484,70476.7093683918,923.715889234542,4895199.78528204,195795.949145445,20941.4825348608,1853606.90267404,7567059.1893855,3813240.47312202,14989272.9127086,129624.878443689,129096.859687093,130106.528857721,447835.221894047,1497572940.01686,1497590811.61927,1497568433.01853,-3304032.22046184,872117.188161648,-22808030.2117533
2014-12-09 19:00:00,2014-12-16,11942937.6365951,4422661.06943163,32052261.0106017,125000.323619104,55345.0703784986,278909.33865608,70332.259191545,929.699313206733,4862357.23655844,195686.480408877,20880.5479926464,1851994.78653594,7551156.95982372,3808615.22760319,14962019.0859758,93466.0553071308,93192.7101099539,93647.4914831187,257721.48054972,1499382484.58353,1499274235.30608,1499472567.27255,-6736132.59591353,-2737266.71444267,-25976227.4762431
2014-12-16 19:00:00,2014-12-23,11441654.0482485,4261840.90422589,30770654.7789136,112154.649419824,49430.0096407345,251259.450024043,67480.535116827,766.632936961966,5265139.68301866,177112.484695862,18599.578020436,1694127.8328787,7006945.65031261,3538356.6355679,13866632.0133319,113380.333915924,113073.420870181,113750.541193844,918308.329313882,1497593407.15285,1497545585.10528,1497591030.48806,-8566151.12782629,-4514030.37277983,-27863360.9116331
2014-12-23 20:00:00,2014-12-30,9818978.76907583,3650501.24593205,26460059.1458308,81193.8859166262,35181.7801549418,184407.358975565,57924.5267964688,423.015195642716,6629533.45190878,132489.053274791,13309.8641184535,1321761.4161994,5525125.44128617,2790431.33245546,10945130.5708749,116546.819502401,116125.457688886,116885.394999919,1398654.2246473,1494623640.08759,1494601331.71327,1494674515.51298,-5221308.00144248,-1543250.462944,-24402901.4224769
2014-12-30 19:00:00,2015-01-06,8078097.84212448,3011948.83541366,21774734.3334336,51929.3236638408,21863.9740127231,121006.809291152,47837.8739911883,170.591909884748,7777471.43477059,89116.6549239267,8130.5960569,947426.91232393,4016257.82634674,2029503.4962829,7961684.04860559,150110.419221827,149512.478904059,150739.131503441,1822488.83817678,1495249900.28507,1495130829.92248,1495322778.38994,-6224524.0677217,-2907233.11794301,-24535102.551547
2015-01-06 19:00:00,2015-01-13,8363376.09896355,3108235.07918714,22473728.4367711,56397.0098537879,23852.6507187009,130813.588094873,49486.0363991659,204.203660060171,7705544.11570138,95881.4354416542,8970.05394280426,1006075.6886249,4249772.81422608,2140785.21389798,8421427.33172059,126596.51557551,125817.829851313,127238.949386452,98894.7431568796,1494948478.50466,1494926432.51882,1495101132.13238,-4898527.74747338,-1730982.42061633,-23539079.2217621
2015-01-13 18:00:00,2015-01-20,7957796.27954527,2951157.57755933,21438544.9697202,50235.6872967047,21068.8115231189,117079.864418889,47248.6791552069,159.712837514023,7799104.9874094,86353.539593884,7847.85045876507,922444.04626348,3918870.43400811,1976097.71740395,7775987.18624551,148749.0545289,148407.696994122,149091.698632825,769966.214578563,1494337616.7512,1494253743.5883,1494343703.39868,-2226460.78813251,976035.215890852,-20549615.0610421
2015-01-20 18:00:00,2015-01-27,7954713.60299008,2960959.12085378,21418954.7312158,50554.5943742925,21296.2665909149,117934.241771693,47156.8574813998,165.846744960589,7675267.62537639,86725.7260267758,7864.78796416982,941753.547122766,3926740.24046085,1983954.20453947,7799585.36459027,201140.983389143,200602.959547253,201523.170557957,240172.947666708,1496955136.8747,1496826189.72477,1496945433.36713,-3955728.49659924,-624423.570303804,-21998339.1027652
2015-01-27 18:00:00,2015-02-03,10910931.170747,4064649.40173622,29374680.5129749,101556.532830131,44719.2296687081,228567.241637045,64049.0509485266,638.610316771301,5607615.47523902,162074.241254352,16701.9259003088,1582645.01185488,6512389.41749328,3284595.01804653,12938156.8930016,263045.423192388,262079.819230343,263908.315588344,233109.037441216,1497250850.88279,1497220825.18001,1497366911.60256,3458709.90229425,7185042.03680354,-15601484.0290173
2015-02-03 18:00:00,2015-02-10,13233062.116129,4923740.93923518,35594477.646787,168985.35676723,75412.5432037337,376096.7193074,77727.1626558665,1534.99900244382,4979621.55089521,252451.881422967,26985.2767921132,2386821.39144883,9127818.43854853,4600043.34988266,18096354.89597,165135.227517942,164553.763160085,165492.209196757,1546996.33938262,1505405845.97762,1505443893.22155,1505365097.00715,-8047700.13796118,-3783525.2286732,-28833340.0432942
2015-02-10 19:00:00,2015-02-17,17512432.970651,6527577.41425985,47208614.7853005,292051.988973727,132401.531724828,646745.985450329,102247.105307004,3141.50614210512,3224524.83491342,417467.137007326,46095.8807032743,3897229.31601068,13957866.7454499,7048750.53686789,27687067.2553351,267981.097208449,267384.276651419,268444.591808175,141278.204509828,1503344415.02995,1503232719.72091,1503391644.76305,-8249974.02879045,-3530802.02549065,-31081812.1999817
2015-02-17 19:00:00,2015-02-24,13969302.9451544,5192423.954435,37563842.8969949,179249.341878313,80583.9519172091,397294.568322967,82123.7357825792,1700.22202265993,3890001.94792055,270066.455242601,29603.4725868542,2518675.0477089,9765627.87340436,4932549.5959787,19377698.8045219,402191.23789839,400241.02082094,404159.59065252,134214.294284337,1499334070.56495,1499313788.79997,1499395202.46138,-7190280.73427955,-2773808.57430647,-27447187.3873671
2015-02-24 18:00:00,2015-03-03,11292937.3510691,4195530.56443538,30313652.8931018,110055.837392407,48576.2409479258,246024.441245938,66594.0065052491,754.403540665651,5315214.31497642,174394.170228847,18253.9218029697,1674452.95948054,6892650.37852655,3478342.14971929,13643069.6749949,461240.528031141,458907.060328183,463402.924091857,28255.6409019656,1496610927.49171,1496588771.77266,1496727129.16552,-5182464.68735994,-1341972.22029144,-24361028.1016699
2015-03-03 18:00:00,2015-03-10,9651330.37927367,3592461.94343316,26001034.0878844,77160.374364605,33367.5876281484,175372.407776797,57216.6930817808,380.771378161608,7067717.9919301,126980.453008168,12633.444516156,1279872.25727234,5342847.33083255,2698099.04883465,10579326.2666914,501789.437734614,499037.803911352,504160.533991073,0,1495746808.90389,1495698871.32161,1495739278.50681,21087544.2830891,24690330.6509905,1772511.97437889
2015-03-10 18:00:00,2015-03-17,16488126.1673695,6111315.28017564,44485337.921574,404464.945606793,174046.460374887,954007.078410565,96208.8318385019,1901.86787639591,6527252.7878526,520562.767874008,49545.2901973145,5806246.29895474,15051953.6643043,7607472.06616989,29928462.1721098,409201.207910636,408176.844226161,409935.610047706,1758913.64614736,1520902404.31814,1520911893.24017,1520871316.05201,-17525961.0023214,-13775371.1381955,-42973361.3588719
2015-03-17 18:00:00,2015-03-24,22830404.0235002,8476528.98856171,61493558.3313868,539133.786083103,240485.656618803,1219821.04120962,132975.139517514,5000.688442158,3685918.26370815,721587.801381991,76694.9270357497,7127799.07582214,21549807.3153135,10899586.5567138,42709290.6204923,402363.184414253,401390.526577382,403034.404955343,339067.690823587,1507183564.80244,1507131891.83208,1507176018.54819,457060.471131534,5162473.04852907,-27732812.8374825
2015-03-24 18:00:00,2015-03-31,20050355.0327649,7445442.51430814,54004789.7233671,400889.079562061,181231.409798661,895475.424797256,116601.034175338,4205.75804158079,3331560.72664196,553794.031221613,60412.473752307,5276202.38643166,17444686.7082497,8815813.72277588,34490913.8736279,434432.674466001,433659.271029983,435061.342828359,480345.895333415,1510251623.21515,1510152918.3721,1510175292.46491,-9573360.22553174,-4683442.18807828,-34825503.7641953
2015-03-31 18:00:00,2015-04-07,19737693.5641644,7337828.16482612,53175664.4908612,388883.24733512,175341.242849153,867356.316980792,114923.716359091,4074.83071623243,3294132.1031091,539127.491271863,58806.5493114948,5112194.0130891,17061191.2218384,8624563.64057323,33849565.0507336,611069.847446203,608876.815927543,613564.243583975,324939.870372604,1504401128.67996,1504389813.54802,1504414015.33426,-5702131.2278184,-998446.878124744,-30682164.7135352
2015-04-07 17:00:00,2015-04-14,15513379.6934168,5773488.62418899,41679170.9356199,220633.437699332,99285.3724270936,487342.845027826,90836.2765145384,2218.68332875352,3554556.77456069,325978.265058373,35934.5390203754,2995863.26011209,11424398.5281393,5759496.85314755,22632022.31301,644435.268181985,641859.373383309,647103.215476742,162469.935186302,1502132304.27236,1502018806.33458,1502083118.65771,-2492045.02242408,2093846.30551933,-23781063.6365601
2015-04-14 18:00:00,2015-04-21,14894174.5474364,5539645.65986672,40071875.7609572,203937.887983002,91955.7929423579,450889.337508492,87501.3550195741,1963.5071692688,3599444.96327418,302858.60644494,33439.1190875102,2803653.3627122,10765214.7026636,5430371.93237751,21343616.0002387,879514.581456405,874781.774376574,884802.981180256,35319.551127457,1503884723.06149,1503838020.92004,1503849005.89085,-3179199.34454138,1388372.34898069,-24026314.8885204
2015-04-21 18:00:00,2015-04-28,18037576.4259759,6703289.19778344,48542029.8762906,313977.438354574,141862.38707402,694118.60359588,105545.218651674,3415.84843939774,3274599.70670473,445054.634054049,48939.1645842414,4132768.78363953,14679207.1209068,7405031.77974398,29081480.8107207,750884.398394106,746933.004945022,754958.120484034,21191.7306764742,1504584586.38084,1504544470.02568,1504634548.16327,1389214.70139807,6019669.01198145,-21909599.2292326
2015-04-28 17:00:00,2015-05-05,19838490.9428814,7384659.35589968,53354959.5203037,390012.523057615,175711.722965105,867896.715734849,115701.718257859,4133.38420527424,3276566.37844529,541167.969807818,59302.2990594558,5155185.31165074,17143524.0777845,8661196.00410645,33977465.7048026,1029618.00975292,1023214.32623478,1035520.09750238,0,1509467055.01065,1509463140.56615,1509420950.71912,-6191182.65777734,-1193426.55944832,-31158836.3357894
2015-05-05 16:00:00,2015-05-12,20396417.4260793,7588215.15953964,54917989.3422968,412264.091490275,185766.028757787,921056.509359618,118723.748161127,4317.53275803792,3335596.84852627,569293.830020859,62126.1781512672,5422932.95587241,17873281.9538775,9004403.24009196,35425317.492257,986370.685595642,979655.774261377,993042.878522611,409706.793078501,1505988103.41934,1505945926.35419,1506166920.59146,-3512103.34608685,1117738.11145819,-28993079.5073541
2015-05-12 16:00:00,2015-05-19,17773563.2372326,6608004.57855396,47723398.141159,301148.532384286,136333.398044341,667593.158700831,103832.690465333,3301.35018505107,3254159.71499281,429945.53952181,47471.8830678545,4015642.64490289,14274917.8229689,7212278.18156786,28331310.2329511,669587.152144102,666725.9944287,673072.162183557,113022.563607862,1505522753.32261,1505541768.92519,1505550731.38085,1842490.68133123,6723009.11252751,-21295460.3160987
2015-05-19 16:00:00,2015-05-26,21085112.9990401,7832195.16832412,56750805.7841196,433738.16760736,195063.069821897,966833.144108384,123023.894808213,4535.88835541472,3545076.96124328,595604.81900044,64707.46103392,5730723.12107776,18606790.0403086,9392753.62566284,36932504.2436891,1127429.47045454,1119466.09234195,1135382.27058229,0,1511142251.59204,1511015742.43732,1511302870.09084,585576.353597011,5364585.21894944,-25766707.5683576
2015-05-26 21:00:00,2015-06-02,22809560.4911332,8467823.77718353,61511247.2711386,551538.668975471,246725.849847845,1244015.41232109,132678.961925738,5132.79688915761,3561793.83998093,735593.132762165,77826.5312216316,7189734.12370105,21858513.1843847,11035117.7314268,43339148.3541697,804039.28108711,799596.250855599,808547.084109594,734646.663451106,1514231088.31533,1514174587.36524,1514251737.17932,-3047262.61946606,1619095.26076911,-30859636.0644035
2015-06-02 15:00:00,2015-06-09,24804792.8685774,9210416.03625756,66624590.0747039,638448.599816976,284234.646058588,1452061.96322343,143698.53970004,5541.76710109736,3963722.41124163,841286.417285927,87745.0284591709,8440430.85949105,24493074.2596636,12355179.2625399,48612115.0503986,914967.298508848,910051.612237845,919440.169471112,515665.446460872,1513485291.14864,1513408693.17315,1513568274.0764,-10260015.0936488,-5583344.61450957,-40223862.1324811
2015-06-09 15:00:00,2015-06-16,21400632.3683287,7968835.2561247,57534510.0949825,460950.463359735,207190.746697015,1029830.43816185,124660.58112672,4582.33102397577,3473550.84573839,628511.972355457,67992.2314053877,6080356.41781298,19325148.6735856,9749079.1411255,38275898.2401375,1225976.86032161,1217443.29275094,1232905.29051173,14127.8204509828,1504761126.36866,1504649746.57592,1504823301.51145,-5128436.71210434,-378475.258675578,-31586753.5004577
2015-06-16 16:00:00,2015-06-23,15753916.7247536,5844126.06368042,42358954.5441786,231065.227597022,104264.578099805,510597.701406415,92276.3980377115,2377.18710550409,3520036.54469191,339362.760441455,37334.9548454656,3129821.73463123,11782356.2869518,5947101.07326164,23368610.2410809,1096477.20898256,1089209.0983485,1102667.00812893,7063.9102254914,1501710447.32827,1501686565.16196,1501741032.2046,-4382687.12975084,218963.272263248,-26002798.6442337
2015-06-23 16:00:00,2015-06-30,13653720.4853703,5078509.53772267,36739659.693405,168480.349609417,75668.6929788631,373767.16754969,79809.494688976,1505.41427523435,3913740.82801507,254886.769109363,27731.0734671215,2352763.62332915,9371345.18983561,4731230.84567405,18570495.1638693,1182927.11193835,1175721.82496545,1189114.5051574,0,1500872611.72364,1500738963.70365,1500918851.99921,-6101793.827514,-1810006.45996431,-25978296.2646222
2015-06-30 15:00:00,2015-07-07,12596234.9699545,4688273.1094028,33813324.0492415,138059.344110463,61701.4325690949,307014.401451349,74222.9651511756,1087.41662443375,4675139.55236,213768.109808618,22916.6024460856,1997407.54835881,8152748.07548578,4111354.21371539,16159624.1257588,1061398.07917104,1054496.62350966,1067411.96611301,70639.102254914,1498373442.69313,1498380989.0823,1498385307.58705,-5309760.78346293,-1167144.23118217,-25059403.8353448
2015-07-07 17:00:00,2015-07-14,10408144.6449226,3873101.46869929,28034593.3204595,91987.7220113081,40125.1439254607,207173.01594063,61489.6342157276,535.514535857333,5999200.28885583,148434.120536825,15127.8292451979,1438827.10363068,6061564.07308602,3059636.38954395,12014651.8693656,942267.766318602,935531.148276586,947935.067922903,190725.576088268,1496942460.24629,1496958073.80875,1496896930.18194,-5407285.14756016,-1614329.22517352,-24468428.0796362
2015-07-14 16:00:00,2015-07-21,9203368.54050541,3422285.88169478,24777543.2466762,70039.8035275609,30112.1508198988,159969.582503021,54513.2686430653,321.992102987983,7274432.81800717,116149.359197816,11277.9714339854,1180162.71998178,4970019.40582626,2509630.57231995,9850785.99306351,879144.143469133,873276.598370585,883791.84860571,42383.4613529484,1495432124.9571,1495397578.0968,1495407048.95144,-4443849.24047137,-1017246.34140418,-23454381.076812
2015-07-21 15:00:00,2015-07-28,8345350.21730639,3109119.72592379,22386621.9765376,54946.9852420379,23251.0300343544,127533.437928615,49350.813775538,187.692673485319,7872000.11160882,93767.2919551355,8692.5081973034,1000003.66688015,4197042.41595729,2116969.35813753,8324814.17047204,1015319.12075602,1009054.78744127,1021905.91324936,105958.653382371,1494625566.60056,1494643111.00684,1494513276.89675,-4318622.56355804,-846364.511352532,-22959631.0256162
2015-07-28 17:00:00,2015-08-04,7430509.82335099,2770669.30958185,19961529.4981071,43248.1579100496,17847.2101410631,102004.142215683,43993.4630475634,117.804377622468,7752696.85453519,75422.2619513974,6647.01877489386,844231.043124494,3516162.81703796,1776231.86597397,6975570.46191061,1054594.65962124,1046502.62160204,1062221.88804507,0,1493743956.46195,1493828877.74384,1493788097.85003,-3518662.00958098,-463137.275669289,-21177057.9817769
2015-08-04 16:00:00,2015-08-11,6984008.87382689,2605792.50106099,18812887.9900546,37631.4340335704,15395.5884451168,89552.9012043443,41549.4915038783,89.5016047758587,7752696.85453519,66554.3000940459,5668.91498975969,754183.971995529,3177916.74995274,1603242.73207187,6307401.50114012,894812.03325081,888141.681636371,901179.726125926,0,1493247710.68197,1493274488.95009,1493297507.42966,-3174840.57908461,-305785.082882599,-20460624.5128236
2015-08-11 15:00:00,2015-08-18,6913268.98108165,2565980.22616898,18582409.0381589,36156.2875446616,14730.8125268424,86381.0466703946,41268.9905895242,79.3732044765344,7891966.85791007,64396.681378791,5393.61873169056,747287.401690995,3101761.22967702,1564119.99307693,6149071.89653605,785118.79355286,779616.786213974,790959.502214277,28255.6409019656,1493129885.41914,1493014604.92779,1493127284.43917,-3978603.53571684,-1065593.93575301,-21154169.015632
2015-08-18 17:00:00,2015-08-25,6285019.64197595,2332835.29515588,16909442.9986274,29729.1064151259,11870.7046620193,72079.3531530838,37443.2620854791,51.2794222342934,7752696.85453519,54033.3046963855,4339.84732227404,649140.133891508,2681977.90297748,1352155.64559175,5308466.8242879,894614.31786348,888017.68947944,901358.137181593,63575.1920294226,1492347748.44169,1492256704.49874,1492332393.39566,-3077816.56343145,-353158.937260525,-19372087.9551271
2015-08-25 16:00:00,2015-09-01,6143046.42612645,2282409.28130218,16538523.4636343,27706.6783865,11014.8917288873,67583.3700431866,36801.3890501603,43.5836589105893,7891966.85791007,50683.6952310443,3976.93837610887,628422.406175651,2562839.14865179,1292378.62725546,5081157.46677102,578001.848059776,574520.647595784,582228.089166831,247236.857892199,1492163140.16462,1492121726.11438,1492151733.44192,-3166096.94345461,-458904.851947183,-19535629.5853975
2015-09-01 18:00:00,2015-09-08,5922676.33098062,2199893.28247654,15928369.4971107,26441.5334733715,10464.3737716655,64609.0365404001,35437.1041559568,41.5111222358086,7659850.1856186,48588.6946987774,3762.84788971583,598879.355400286,2457365.51253612,1240212.1842522,4871229.38839897,469435.936100248,467478.71486172,471866.606143879,699327.112323649,1492361677.27114,1492296443.9287,1492370610.86808,-3965786.08508603,-1358490.02438978,-19691440.6715208
2015-09-08 15:00:00,2015-09-15,5958766.7538264,2215563.35298805,15984806.3576959,26290.5427582817,10356.6899007261,64503.9635825745,35543.7454480171,39.3859247306052,7799120.18899349,48467.0299470411,3722.06801507377,599747.117493508,2460800.22318092,1240650.10684175,4881009.82582982,658758.033627447,654528.727776269,663821.463017673,134214.294284337,1492201560.51305,1492212942.44963,1492217919.07216,-3383461.67210567,-644449.811974857,-19420384.4742622
2015-09-15 15:00:00,2015-09-22,5779669.74327395,2156911.67385281,15543700.5148468,24557.6976250866,9604.21743109026,60807.5914064236,34476.2237761733,34.3906974339154,7799120.18899349,45529.3276776742,3489.11930348193,580869.225118947,2339466.29793108,1179013.80973359,4636271.95172684,427518.972380853,425356.152308905,429834.380388907,91830.8329313882,1491901822.9504,1491830118.60857,1492042186.21668,-3647627.19821255,-1218302.86444384,-19531654.1985013
2015-09-22 15:00:00,2015-09-29,5561233.84249058,2069815.59364421,14949799.232732,22479.2679762193,8693.76531464848,55862.8522005496,33279.0651909407,27.6446657934312,7799120.18899349,42082.2906299938,3089.64944860764,548383.784780354,2198923.60939738,1108352.12702561,4365088.83965929,640092.440854445,635737.378054915,644893.845929145,0,1491463274.30716,1491308686.43125,1491481383.62441,-3118711.12365582,-567833.537462596,-18436236.723088
2015-09-29 15:00:00,2015-10-06,5301188.38726534,1972049.4547798,14248474.1590314,19961.7431125267,7626.29746234445,50345.7629984863,31712.6823241252,20.6947209199487,7891966.85791007,37824.1497183318,2660.71398555474,511773.161385323,2022142.87838409,1021420.97415139,4016435.68627497,600234.18388217,596728.370970782,604750.442970135,0,1491164621.59954,1491215633.08128,1491251087.23494,-2561672.37228412,-191489.649106536,-18036945.0590802
2015-10-06 17:00:00,2015-10-13,5128736.7036878,1903094.56616355,13799849.5297078,18719.8700396265,7133.62818769293,47400.44255368,30677.3849337095,18.8437313917877,7799120.18899349,35787.9690464681,2500.74954006746,491335.066731971,1927122.73715485,971641.633165832,3819488.59559479,430911.507794666,428522.650538415,433838.679443138,113022.563607862,1491371259.12741,1491260061.83428,1491423805.40166,-3510521.04830592,-1018271.96458624,-18523713.4094068
2015-10-13 17:00:00,2015-10-20,4945495.28048762,1837280.6448877,13275515.4780322,17491.4081120524,6632.23852115863,44513.1190147648,29668.4901995899,15.9269699206986,7752696.85453519,33496.1349634584,2282.81555692766,468068.014942592,1828846.11040188,920631.340899548,3624055.82327713,426274.277366402,423763.303621852,429480.698160554,0,1490829648.32547,1490733748.94143,1491031139.5046,-2884163.63216453,-846025.892844429,-17564137.4921771
2015-10-20 16:00:00,2015-10-27,4823898.16885371,1799691.62658369,13008856.3055531,16335.6394125791,6103.19676721947,41914.5082043177,28887.875249286,13.6295860573447,7799120.18899349,31662.0747834189,2110.95240631781,454294.516400277,1746489.39646535,881067.305085672,3458104.33994473,364671.686437921,363064.38950637,366883.66244055,176597.755637285,1490716515.6193,1490656868.39434,1490686930.59317,972551.698897006,3312267.07852142,-13737952.2386033
2015-10-27 16:00:00,2015-11-03,5946811.89925603,2210867.50628638,15980490.1269742,28289.270734839,11390.2995305781,68527.2008391265,35490.7844621603,62.1801002206813,7845543.52345178,50963.7970613818,4112.43378251642,623336.087688724,2519847.04689749,1272411.29529643,4986079.12447959,163668.022073501,163275.741256418,164263.630711294,1419845.95532377,1494655287.74923,1494574711.42814,1494739583.13808,-6285477.59536717,-3897850.73138038,-22307386.5590267
2015-11-03 17:00:00,2015-11-10,7056383.55216647,2627796.20146207,18982038.0639038,38680.5589242966,15896.3701830055,91577.9463175509,42056.3334043413,96.1578180971427,7752696.85453519,68284.1497358484,5885.43281760718,772454.709370347,3240439.11536497,1635891.40148613,6439067.45985694,207860.357438545,207385.571995206,208566.340926252,282556.409019656,1493167696.79173,1493054725.0082,1493052323.74517,-2432648.76851711,642627.356360902,-19583024.3906532
2015-11-10 16:00:00,2015-11-17,7217411.27773543,2682434.63343512,19360061.843759,41067.394547615,16954.6384349279,97037.8927834082,42959.5039672707,114.381957177415,7799120.18899349,71787.9907262336,6252.28414150155,804906.842865189,3368321.2792786,1697153.47275341,6686057.92914904,127578.215838861,127182.682622757,127959.701283994,671071.471421683,1494774709.55366,1494705390.79991,1494783904.69935,-5191908.05732062,-2232399.19743442,-22574599.3658797
2015-11-17 16:00:00,2015-11-24,8198528.18852632,3047319.04258838,22031161.8428279,53188.1771035659,22448.7767808932,123267.842251301,48612.4662530018,177.31306202496,7831585.09090146,90960.8605208756,8335.7396026971,972509.175934307,4091953.6574087,2064807.75448647,8117210.49129256,209310.071353698,208428.493715957,210216.650452653,656943.6509707,1494131199.63962,1494048972.04342,1494103996.75593,-6681373.90916224,-3351524.5534721,-25178052.2441605
2015-11-24 17:00:00,2015-12-01,6499785.15185292,2422170.99835404,17444099.7751296,32701.0727045358,13231.2090760195,78587.7233805071,38593.5498878405,67.0985229566727,7706273.5200769,58634.8630416252,4800.65900478815,691732.297346343,2856294.55491518,1440059.9641956,5663497.51130684,210788.313308574,209927.484949932,211946.730911419,56511.2818039312,1492196795.34507,1492158960.2604,1492214460.47726,-2705217.70610688,130535.047203582,-19179544.8233091
2015-12-01 15:00:00,2015-12-08,6368815.36374677,2366519.95893584,17151162.4210852,30445.9375130464,12206.6062708374,73865.6774153542,37849.2499938943,56.5484585108958,7799120.18899349,55175.4682213109,4411.59999570007,664580.829513105,2733213.69012787,1377188.8481262,5415928.4791474,122422.649052858,122080.02546829,122749.811949491,784094.035029545,1493110720.69003,1493081175.79261,1493191789.32208,621811.165366026,3311561.18776407,-15839730.9151197
2015-12-08 15:00:00,2015-12-15,12203139.2241323,4538212.37764792,32856584.700186,134786.223743231,60151.9582466409,300145.504300184,71604.3542379038,1091.74545877227,5014737.7651267,207833.611723743,22060.752175956,1974534.93364613,7890022.10044706,3978867.84289342,15626482.6991912,72730.5041310895,72515.5854585654,72879.5646270612,1490485.05757869,1498153275.57072,1498175589.73843,1498171370.38494,-8317525.00096768,-4276994.30610592,-28162065.4924794
2015-12-15 17:00:00,2015-12-22,9976707.47849313,3703199.6383973,26861737.8214278,82613.6446653769,35830.3472891493,187556.520030863,58875.1225120126,436.286410909005,6765273.23474291,134995.403247816,13509.6594371253,1341733.97586087,5617975.66101611,2836126.77395995,11154328.1261474,113373.288337121,112882.276556495,113750.25419571,1441037.68600025,1495980846.43659,1495950649.94297,1495954994.54159,-7582115.52097542,-3742359.10237814,-26893415.2594697
2015-12-22 18:00:00,2015-12-29,8287876.79153557,3085234.40859404,22381992.8334522,55849.8762758881,23624.8816770995,128821.990805268,49210.8137888299,205.273572350433,7653494.03474468,94654.0901392566,8856.93694715031,987829.649299202,4214342.22060788,2129191.80736224,8346935.14378242,100019.236306213,99722.5071649025,100290.208972656,798221.855480528,1494361611.30118,1494386495.54122,1494457640.00623,-6145726.09692579,-2934117.70040421,-24757877.2670466
2015-12-29 16:00:00,2016-01-05,6947746.91671223,2584428.13446207,18675185.6476331,36649.8698853372,14937.2820340637,87437.1820121565,41317.5087395398,84.8481007604124,7938390.19236837,65302.1628021855,5465.88464619641,752908.714869104,3125781.70842912,1578364.83992381,6201772.5456629,128003.821921889,127537.864445684,128611.934404182,21191.7306764742,1493187337.17456,1493131753.2852,1493210751.34757,-4362285.50614485,-1429270.81168994,-21794774.5195823
2016-01-05 19:00:00,2016-01-12,6793519.02470604,2527228.73969705,18287007.052412,34312.0564347387,13889.7249043986,82317.7514261528,40418.2164580971,69.789625243026,7984813.52682666,61594.0458706271,5076.91483176271,722222.78754747,2996462.64669259,1513595.47000412,5939238.50773257,110388.935831089,109952.724097934,110833.564185708,70639.102254914,1492683474.32688,1492481707.75311,1492701685.71143,-4081608.89611061,-1132546.11201136,-21172683.9996088
2016-01-12 23:00:00,2016-01-19,6199245.63926852,2300485.458354,16593692.4089502,29955.4136251568,12034.0684527568,72217.4555782647,36979.2552158038,56.8175146364827,7520580.18224372,54166.113277168,4377.39113134623,648041.908565138,2673430.87633418,1347984.36499689,5310760.99745717,103456.017590539,103126.114832227,103782.267964189,890052.688411916,1492495496.29397,1492405951.90205,1492562495.67663,-4352104.23037399,-1723020.08659555,-20065532.0893979
2016-01-19 17:00:00,2016-01-26,6222067.11139558,2309698.3157486,16781962.9485359,29119.540333111,11600.3632784097,70614.4397510842,37058.7404503002,49.4581610584642,7752696.85453519,53000.3446356833,4215.09904179959,642739.420162451,2644666.70875294,1332544.15514218,5248814.83268742,116653.719493031,116200.514479872,116917.680677298,904180.508862899,1492576904.27947,1492650461.19098,1492595371.53407,-3751869.37899152,-1058997.42949083,-20096127.3234327
2016-01-26 16:00:00,2016-02-02,6751425.71706888,2510976.67396564,18206848.9738774,34879.1702535514,14208.8133311975,83337.7440833951,40264.2652787702,74.9185416523457,7799120.18899349,62165.5989601999,5157.62110584681,723433.085094264,3009119.9531038,1516305.22379153,5966619.29287292,150894.479103915,150489.895906542,151221.954864627,812349.675931511,1493309140.71791,1493340795.52603,1493317373.18005,-4994674.05799524,-2124972.68406769,-21999754.5453226
2016-02-02 16:00:00,2016-02-09,6643006.74532337,2477778.3218566,17823096.3219297,33996.7538509105,13767.6706040845,81513.3447331143,39508.0551027079,69.0618997221635,7706273.5200769,60907.4130870893,4994.81270904573,712511.669677843,2950813.20389047,1488179.4283886,5855021.05307241,252967.672082292,252246.589538869,253570.057866089,296684.229470639,1492855536.6552,1492848289.40095,1492868373.07916,-495008.892271894,2394541.5022375,-17161008.5293998
2016-02-09 14:00:00,2016-02-16,7267624.94948241,2694138.46003334,19648445.9704322,40993.6217870081,16932.4004932738,96640.9493941681,43093.4969960527,109.72331770746,7874572.73490035,71946.6164710675,6235.95188247869,812891.210367857,3378625.72083712,1700498.12445287,6708573.10392005,276968.645442484,276116.632814869,277707.118915633,1087842.17472568,1496230850.08379,1496198768.8465,1496315782.66001,-3858277.09026261,-981244.649834774,-21522820.1029946
2016-02-16 16:00:00,2016-02-23,11339970.9365686,4218064.73427325,30505220.2404586,106163.872457006,46817.7092209226,238441.900281025,66731.9039966523,684.93196854768,5824960.2818248,169125.139152343,17608.1982591218,1633873.98594476,6791305.26794069,3431335.14674811,13459436.7149096,257458.02794864,256935.88786059,257862.211930007,777030.124804054,1497228479.48671,1497210061.56049,1497163181.96336,-6377566.71238937,-2263709.99459732,-26272557.2641534
2016-02-23 22:00:00,2016-03-01,9402126.53315566,3495648.90454775,25283165.4524116,74233.0746357509,32041.1354796983,169365.48071117,55484.9275970718,359.396763388809,6954533.14428307,122513.544589159,12200.6362648961,1213753.05365203,5166947.32980022,2604116.45545791,10240763.46544,393771.04783437,392127.824374994,395372.986441518,113022.563607862,1496261171.45541,1496199731.90281,1496271406.63268,-2301477.35121083,1276742.16725936,-21197640.6818743
2016-03-01 19:00:00,2016-03-08,9407903.63371345,3493410.26139405,25390004.0107758,75382.6624654954,32669.433064934,171248.355512848,55548.2507208455,376.478021613503,6820960.60456146,124106.918431634,12454.0301168015,1245582.61645289,5214702.3944969,2631486.69022935,10345368.7484002,276457.990116561,275586.456862841,277076.989417881,642815.830519717,1498166356.37015,1498099794.46372,1498205177.15677,-2030287.87110778,1551195.81304505,-20844940.1736548
2016-03-08 15:00:00,2016-03-15,12858257.6755752,4788765.85596399,34597929.2184348,142398.035934485,63425.0461841892,317183.445253961,75566.7644249872,1129.30451672787,4775155.56804251,219716.745598204,23419.53170305,2070780.83684724,8360951.75189382,4223903.4204244,16575133.6697653,361525.279861316,360282.905050091,362360.782894001,1370398.58374533,1500950665.41028,1500903019.97007,1501031025.85584,-8195159.86430309,-3990056.92343881,-28509002.0411844
2016-03-15 20:00:00,2016-03-23,12546582.5338542,4673403.55034322,33725178.4059039,134088.028869949,59655.7106047927,298594.382492846,73634.5161097935,1027.34692968847,4863340.81412839,209120.252233791,22418.2276758481,1982242.87820729,8016375.82941063,4042824.12228878,15872385.7739771,610670.1085839,608197.288406797,612766.103553605,141278.204509828,1498699366.3195,1498587971.12855,1498703920.92904,-5035494.05408314,-786271.583847731,-25080050.1984517
2016-03-23 01:00:00,2016-03-29,11222298.5879858,4173977.10964398,30068503.7468865,112256.893118353,49749.3081276222,251372.241770495,66034.0151004486,784.630353881537,4940579.54184148,176951.353602941,18427.4978911665,1686210.25378467,6947315.3651753,3505034.0101252,13786843.358267,335190.15516567,333755.569299133,336255.28960688,805285.76570602,1498141529.863,1498033403.73781,1498164410.97456,1857551.23631741,5763640.07553175,-16659554.6680152
2016-03-29 20:00:00,2016-04-06,12947438.2257647,4817405.31323338,34839779.8127559,151664.736841408,67644.8959125535,337522.937456196,76031.3167571773,1265.82959272236,5102710.69879646,231216.216730934,24549.1886609113,2197360.84902852,8598916.50599703,4341555.79996311,17058950.893582,651611.847024831,649161.312895682,653331.300816361,162469.935186302,1505099402.19449,1505002701.97191,1505137485.78239,1787464.99601132,5918617.61729277,-18670866.074295
2016-04-06 01:00:00,2016-04-12,18654978.8740023,6919312.89502115,50181729.4742147,367638.256581155,164926.589190817,819804.517541929,108645.116631935,3769.59347462612,3274674.07964463,509129.082856724,55349.9535531017,4905896.03545077,16100102.5033901,8101451.05897734,31876565.5831044,703954.881817446,701743.277857504,705782.070604506,0,1511205159.26876,1511259397.93644,1511138721.44941,-5244410.80058456,-559639.780074852,-29112796.5542631
2016-04-12 17:00:00,2016-04-19,21744361.770583,8079687.68142979,58430027.1347315,473524.51653935,212802.1843525,1059869.0128072,126650.742703402,4779.31195200264,3497530.59775867,645436.509090021,69993.7959925458,6213962.58170477,19759736.8584687,9966488.62770753,39181573.8621541,687426.321074099,683780.971904384,691265.146821764,303748.13969613,1508797082.41304,1508746357.83532,1508919246.36374,4158872.13504085,8850792.09065896,-22679986.0438623
2016-04-19 18:00:00,2016-04-26,26936352.8724766,10007280.6524649,72597049.6299789,787313.412288909,347644.760912159,1808498.47830882,155951.050475968,5572.44854439853,4771576.72308307,1012740.90233973,101791.444562295,10561117.3768446,28259136.2595069,14245709.2893555,55933206.0217015,817420.036324483,811830.954495665,823181.373640904,473281.985107924,1515802513.04715,1515698670.24918,1515790779.96821,-6959692.44059756,-2423830.20394044,-40108388.987801
2016-04-26 16:00:00,2016-05-03,22411745.151811,8340648.04496427,60361054.4586976,508059.350718305,227985.074690882,1140706.47596946,129566.848386453,4815.68955550688,3573648.06862847,685469.147560849,73433.8446334851,6715481.86380861,20738720.0965538,10461996.3662179,41111021.5783611,690753.104944387,687070.731141902,695010.26153719,0,1509131904.53341,1509045418.05936,1509244980.81201,6175963.95511156,10866031.3594755,-21466429.1887659
2016-05-03 17:00:00,2016-05-10,26947519.0900392,10029157.6213674,72423076.2456735,785118.540415287,345917.687647398,1803396.0335576,155722.60921993,5716.71775843146,4624412.65554971,1011589.19329165,103134.861843765,10596086.9551191,28288678.9124607,14265604.8903835,56057124.2999537,1000189.22394413,993884.485224329,1006308.61323327,296684.229470639,1517613235.7855,1517563847.8978,1517608827.72797,-10700781.8818718,-6266531.66960976,-43504316.1815135
2016-05-10 15:00:00,2016-05-17,22374272.5710186,8315984.40471553,60261553.5526883,504968.963833754,226021.580905938,1136077.90451716,130177.716753237,4902.42116304109,3586589.23590171,681535.955806912,72947.5549118515,6664041.05356235,20676668.4825042,10428529.0232761,40973752.9198583,784393.382844477,780374.760718197,788475.167330617,353195.51127457,1506820219.42966,1506739754.92247,1506863417.80084,6782404.95529159,11535405.9240235,-20855064.4035652
2016-05-17 17:00:00,2016-05-25,25032699.8619528,9333691.38442818,67432075.2205203,625396.904891557,279487.801046135,1417255.15786201,145111.350498515,5462.67216746911,4043747.38515796,828767.017776678,86609.2050583524,8246383.68230303,24302119.5651413,12264137.0057431,48180231.8175172,708595.616669232,705210.276013757,712025.499048133,3758000.23996142,1516185713.23829,1516123919.68966,1516162971.41384,-10662811.4634705,-5725708.01294484,-41256671.1627994
2016-05-25 01:00:00,2016-05-31,23838062.2930282,8846136.9163026,64158247.5542605,622799.872930572,277495.976464138,1415595.05365264,138134.583533273,5251.44858576738,3839496.24048905,820340.587897698,85743.094287515,8257389.52242679,23711624.1114401,11975795.9312345,47018085.3232257,714310.119581148,710356.715678842,718011.749733147,247236.857892199,1510902161.96809,1510872452.8961,1510931167.4218,4931606.44829929,9439065.6051612,-24048761.6333324
2016-05-31 16:00:00,2016-06-07,25134515.6098836,9347989.89657672,67682075.7812158,651868.710963486,289754.271757199,1480402.03598727,145887.760215934,5612.85468805762,4083238.47334441,856926.833011198,89673.1199479163,8589488.69417535,24881486.3192972,12559859.9387695,49353162.7513362,1083762.35297884,1077073.74840512,1089984.29477827,98894.7431568796,1517074408.38065,1517005559.41853,1517145944.67358,-9431046.48746512,-4738515.36639209,-39994351.9508652
2016-06-07 17:00:00,2016-06-14,25391196.2466015,9431011.98398234,68185025.8152997,679002.944697355,301317.244630849,1549658.2513477,147194.644755485,5565.41446984165,4201397.1829,889867.898263337,92719.8557318833,8946827.08958175,25549116.671382,12882452.0203319,50570498.5290171,988750.678021027,982989.438132974,994084.24754294,254300.76811769,1508566206.87814,1508502160.14943,1508602420.50614,-4918654.67511232,-502546.707907784,-35705611.3165769
2016-06-14 17:00:00,2016-06-21,18425483.1214684,6836928.71221614,49471615.5405749,319872.46830929,144464.843873465,708942.740849249,107975.956622799,3492.72665256139,3377993.61954988,453710.593766997,50120.2631415957,4224848.08068829,14978806.5894926,7554513.13281781,29748370.1548785,797422.208749557,793066.794521879,801648.599699458,847669.227058968,1504471247.35606,1504369175.16354,1504319347.6067,-3915450.70665439,1052624.43234701,-27582080.8931732
2016-06-21 21:00:00,2016-06-29,18037630.6303931,6686495.15486058,48422035.5548434,298832.026249721,135314.709910481,661506.669581765,105303.363067073,3185.43628275705,3353741.6135876,427591.523949695,46738.1512405283,3982895.97720473,14339147.9683239,7231687.84513733,28409114.0472141,1071495.46749727,1063904.36620638,1077561.34387128,614560.189617752,1504934279.21839,1504868144.72451,1504907067.88465,-6029741.43689618,-1101678.45386833,-29562903.7144097
2016-06-29 03:00:00,2016-07-05,16140801.6903468,5999858.82601756,43475725.1653394,261136.993225632,118254.229309621,577860.039211549,94232.9558847019,2786.55306817552,3115368.11521153,375549.603159551,41735.7154276448,3490077.77117048,12676549.4755927,6395101.86230524,25153691.5819288,1007066.20390011,1000978.60811283,1012773.03039895,0,1502977812.07895,1502853305.62385,1502996090.86135,-3872568.47366374,642010.838105038,-25073937.4028253
2016-07-05 18:00:00,2016-07-12,13725603.4199185,5103036.25367484,36995371.9464344,174970.34712215,78542.3115571274,387263.018189283,80606.1504768422,1635.8789128013,3806345.80072094,263815.832960716,28865.6597835405,2453895.96057567,9579734.59598869,4833853.76921809,18966522.606871,782655.307524567,778873.931786086,786276.318432232,769966.214578563,1502293349.16841,1502271934.69963,1502404656.55286,-7479571.39238366,-3311166.94431282,-27522349.5340257
2016-07-12 14:00:00,2016-07-19,13352660.0921196,4970378.48137674,35936042.6859118,157786.758195335,70646.0503349601,350947.354147467,78251.7889574269,1343.10678669735,4164949.86530131,241025.108275883,26038.9356632552,2248153.29961415,8965262.79302665,4529660.91208119,17785140.4634381,910149.293529017,905019.045120355,915060.306745325,120086.473833354,1499466349.83757,1499409629.1808,1499462808.22605,-5638021.49952577,-1191744.01723346,-25727100.6703846
2016-07-19 16:00:00,2016-07-26,11449328.768558,4255673.34027494,30705475.6141376,114696.098807585,50651.7416066876,256752.134032595,67474.9725751429,808.391149090686,5014349.15992242,180794.141282849,19131.7410812413,1725020.37584896,7091605.76117674,3580706.88744239,14054757.4613979,1098480.22860289,1091203.80316928,1105399.05109662,14127.8204509828,1497902726.47287,1497802507.41904,1498024877.29961,-5058357.35796502,-1205853.21623116,-23919932.802928
2016-07-26 14:00:00,2016-08-02,10453305.4136622,3889139.07307507,28120939.7902101,91411.5838264122,39917.6938319965,205940.600738858,61702.5318236844,524.751570313413,6188771.98489736,147505.588881621,15045.9861361663,1431342.43922977,6052203.36088618,3055608.31536551,11994638.3847572,1097527.34771866,1090610.96838563,1104186.22920403,28255.6409019656,1496480704.9268,1496438143.20801,1496487506.42733,-3838145.79017108,65447.2597256242,-23119142.9451867
2016-08-02 15:00:00,2016-08-09,9218716.54979651,3435659.04839103,24748535.7259965,69090.289034026,29633.392458387,158522.568138766,54714.8349783794,314.408387108767,7460175.68033181,114867.595840218,11165.6804980675,1179280.2252338,4945808.09072095,2495029.2128527,9801509.00530777,880992.345228791,874549.389197636,886995.001463033,339067.690823587,1496275009.18712,1496195426.10484,1496379617.54882,-4131483.36061284,-748373.382487764,-23414390.0001537
2016-08-09 16:00:00,2016-08-16,10257779.2855253,3815651.99376279,27585040.2058811,86845.1134329277,37868.2593448098,196398.847272553,60727.7195071024,481.627221419554,6664248.76575913,140870.329899806,14199.6513326052,1383701.34996318,5837460.892389,2948086.60336916,11575354.0027027,772161.42529904,768218.774040662,776182.127601896,925372.239539373,1496113182.35103,1495978113.98844,1496077505.78484,-6413083.31009662,-2467889.58265136,-25839369.6896207
2016-08-16 19:00:00,2016-08-23,8528751.73293951,3170520.60606056,22992259.5371675,59601.6342935655,25289.57302334,137300.946388035,50393.1608843814,231.192621483936,7561452.43444582,100484.616273816,9549.42124475561,1057662.40548992,4418232.56824309,2230591.98514438,8768663.98976238,1003880.97052423,997031.284677575,1010625.90590254,98894.7431568796,1494562071.41115,1494541969.57693,1494686884.59598,-4460714.44421073,-1216734.13662493,-23144509.1406132
2016-08-23 17:00:00,2016-08-30,7373639.86707201,2742822.84234071,19816686.0903531,42067.7092609593,17360.1715750864,99346.2607263023,43824.2443167424,110.246636443367,7845543.52345178,73759.1264340158,6429.55984015791,819449.537511017,3458103.89211076,1745552.40439211,6860574.67294147,768992.6823651,764786.79689363,773180.137153389,0,1493517369.31572,1493465740.6073,1493547012.72564,-3845570.22054784,-851235.597656616,-21467871.4155675
2016-08-30 18:00:00,2016-09-06,6772164.45038017,2516001.46285786,18259580.6926164,35758.2352633399,14583.7249831291,85264.7022135837,40235.7941000158,81.4277471857791,7659850.1856186,63648.5475770292,5360.95536219736,731975.909332356,3056484.84787187,1543671.12132984,6055914.08900241,633380.345999105,629867.686666965,637563.834666274,169533.845411794,1492977993.46778,1492945139.79368,1492952160.74709,726429.972568519,3624540.62662452,-16022598.1630439
2016-09-06 15:00:00,2016-09-21,15776539.6683257,5855802.25539933,42447804.1663261,100190.605473659,42142.1729899004,233441.070497443,93776.9015535138,380.581667949188,15275975.5374936,171379.823606765,15652.5772353514,1863766.03926026,7727736.58218652,3898261.69182724,15309739.8311428,1222477.87989465,1215323.76237255,1230441.7874542,1469293.32690221,1497095899.11921,1497135269.04216,1497108723.98208,-10789608.9667706,-4324456.17652504,-46922845.4967028
2016-09-21 01:00:00,2016-09-27,8546670.26124663,3183516.41799188,22976284.8333864,63621.5094581243,27212.8269700537,145512.834754209,50595.2012024618,277.033996712833,6951095.09347626,105957.290711582,10222.1426803558,1082305.56426308,4566430.55832805,2302609.62578154,9039773.10551561,358132.749517864,356551.30315417,360132.672842893,70639.102254914,1494967256.01622,1494962522.06734,1495053953.26555,-4853114.76797793,-1585819.46842804,-22785795.3393263
2016-09-27 15:00:00,2016-10-04,7925748.7931526,2948303.43311581,21311520.5657438,48980.5060943992,20434.5318389399,114594.384575251,47021.7383566456,151.062136122313,7890394.74683597,84554.6020264332,7600.55001806055,922128.525169119,3862144.45870192,1946607.56645667,7642893.02361781,582376.974641157,578592.738630502,587133.03195993,268428.588568673,1494027061.30527,1494002658.37779,1494100840.39208,4346030.73035446,7535906.02404954,-14041966.109565
2016-10-04 17:00:00,2016-10-11,9488094.09399687,3519874.99139161,25522972.2070573,86826.4817967796,37881.6023727472,196729.667174468,55989.9352745594,632.024468658587,6827965.86701406,137072.161779272,13759.6557126884,1374102.49401316,5487154.44606682,2766568.12147563,10862591.6193061,267842.949998121,266799.589091525,269006.889925926,2698413.70613771,1502303304.83048,1502237733.02354,1502356464.27672,-1817325.7317303,1512103.18532368,-20612974.2940447
2016-10-11 18:00:00,2016-10-18,16692141.7634179,6218143.31078403,44916601.6043194,274157.773940048,123575.564360137,608920.223580428,97733.1340121271,2834.01152532021,3680774.57434973,392620.074822719,43139.8700428677,3725491.70236656,13126642.3082738,6620931.47790182,26033044.4183019,265369.480928812,264294.996648463,266543.356194155,1462229.41667672,1507197378.08167,1507113344.16166,1507105761.73156,-7477752.92967697,-2886373.8070887,-29958411.8992867
2016-10-18 18:00:00,2016-10-25,18738079.8279855,6977297.73051244,50449534.4414199,344359.277542277,155772.94252819,766878.62403015,109437.681141948,3755.61810131188,3256437.55852836,483522.043155146,53027.4333895943,4569662.47715002,15656585.8026957,7913723.48720636,31021009.5771922,210869.776185434,210252.801026486,211574.273431589,1589379.80073556,1505246495.52566,1505249362.00917,1505184083.62331,-2852502.82258935,2073707.23866564,-26929887.6970704
2016-10-25 16:00:00,2016-10-31,16670979.194086,6178835.3730333,44859904.5495451,324581.915015451,146551.309265378,722547.94910329,96870.3392939513,3449.05239161431,2760091.23400791,450168.9439096,48858.577726189,4276023.6320806,14325745.0781204,7246690.09834029,28385523.0578961,171325.468174789,170754.001733173,172028.707364361,1363334.67351984,1507791315.75475,1507718783.36334,1507913048.09901,-8636407.09288962,-4640926.87285284,-29640128.5412262
2016-10-31 14:00:00,2016-11-08,22615259.5655287,8422108.59426625,61021887.0104523,434165.329591864,196073.908796381,964278.328891473,131887.483402701,4571.47879200033,3910634.26391788,605385.896636435,66258.181996197,5813988.12696462,19301440.4058353,9738779.15147067,38237255.4833573,271336.398299612,270561.226544269,272450.756156569,402642.88285301,1503563773.18139,1503503005.09511,1503595706.11202,-4681466.30055793,875992.317721005,-33590854.4763253
2016-11-08 18:00:00,2016-11-15,15118641.0575391,5628123.4072021,40577494.7092264,207209.272014922,93182.0369016929,457506.430727145,88674.4111140111,2072.03189258608,3666334.5203737,308273.546703208,34051.3941230037,2882312.08226488,10937051.6932196,5509873.35036906,21721075.8030893,258730.088099139,257958.068347455,260095.800373387,614560.189617752,1503498871.23471,1503515874.99235,1503554013.09843,-5875091.09578026,-1342834.05724057,-27024984.8104273
2016-11-15 20:00:00,2016-11-22,16728026.2608398,6226307.46027313,44932021.4409445,262234.980619807,118712.498776888,580407.472416524,97729.9597100248,2760.71544897663,3372789.70620956,380309.712876262,41986.8217890073,3544985.92686754,12935351.8437089,6516903.95549333,25628346.8142632,126922.632999433,126626.545020747,127277.090940378,939500.059990356,1502765356.8346,1502707926.51067,1502815336.68221,-8351291.14731799,-3714053.75805434,-30597049.4255949
2016-11-22 21:00:00,2016-11-30,14227596.4899767,5289919.47344377,38347004.8570893,177209.624194519,79536.7095996618,392431.902191316,83418.9276929329,1636.42825370522,4092251.71951508,268337.16235926,29210.6108255542,2485818.75343487,9807989.19541891,4966556.92587111,19429929.2772515,165364.971145029,164781.484673338,165940.855666393,240172.947666708,1499759592.18461,1499724957.7863,1499787019.97992,-7346355.77115594,-2857119.43830493,-28460754.7485193
2016-11-30 02:00:00,2016-12-06,10941512.1586805,4068581.39980812,29443430.730777,109377.279022363,48399.6367496124,244633.098068925,64385.1983071831,765.782667519568,4815091.66402479,172408.764459082,18153.0476248729,1637525.87482179,6769039.68144119,3414279.07600169,13391870.5228702,87137.9647593495,86821.2309612069,87407.8909859548,868860.957735442,1497436617.39878,1497226013.08476,1497439038.30086,-6657359.74151402,-2936237.54059264,-24697537.9906417
2016-12-06 17:00:00,2016-12-13,9897608.40199589,3677072.39773235,26551976.4128841,81599.190947612,35489.6354771506,184923.727102205,58487.9259912958,423.059887525351,6761457.73453034,133590.463618928,13317.50097504,1325340.17031929,5567094.79083158,2805207.3926534,11047324.6284183,143810.46483478,143096.126755056,144453.140484635,769966.214578563,1496079624.36927,1496058739.00569,1496006461.27789,-5937233.20690592,-2197731.47241225,-25196503.6450817
2016-12-13 17:00:00,2016-12-20,8933010.0057195,3315620.50997974,24087202.7804357,64928.857613047,27722.5863580552,148836.277151379,52985.1105469937,272.148640683285,7609484.58887672,108905.392984263,10346.4413804208,1119236.46104554,4725998.79357812,2387026.12147406,9377638.85157246,136728.680332335,136062.909302055,137297.939023853,367323.331725553,1495372738.10383,1495264121.85112,1495356695.09472,-5475704.21766891,-1920611.23512824,-24607193.0797384
2016-12-20 17:00:00,2016-12-27,8351906.03302017,3107444.73193551,22501763.6095248,55963.4535167574,23663.9941968413,129379.374024037,49504.175940941,201.638540404521,7739763.35427978,95207.3048367889,8815.83588884537,1008341.60582512,4240888.69701657,2137527.50594978,8403477.77413533,91836.3331762351,91475.7698025107,92138.4807702461,593368.458941277,1494561459.11084,1494474075.42002,1494634279.8469,-5994642.97067312,-2675719.65888062,-24441039.3236495
2016-12-27 17:00:00,2017-01-03,7709541.1200175,2874347.44354757,20743690.7399057,47157.180782865,19675.6154127487,110312.828055611,45831.917413254,138.000870462085,7752696.85453519,81609.571222282,7311.75795861992,882887.290154826,3741253.52596452,1886955.1856045,7415813.9713199,107689.733415019,107383.873669137,107943.849826661,543921.087362838,1493380040.53623,1493510036.24406,1493463051.57177,-4134641.19208928,-1156295.79442858,-22136032.3246377
2017-01-03 16:00:00,2017-01-10,7578354.36906342,2820688.71968087,20370794.9000581,44261.8710782937,18374.4174888818,104132.929434717,44934.7878120391,121.179758588408,7891966.85791007,77368.8035112378,6811.08879002164,855081.590558552,3591919.0793495,1810944.01859639,7111434.52697621,194188.651350674,193288.426134067,195100.999349382,755838.39412758,1493824516.96156,1493883754.89829,1493757810.62322,-6017642.76424245,-2859335.37824542,-24142705.7798734
2017-01-10 18:00:00,2017-01-17,7121122.54309346,2650545.89469713,19138921.5312824,39166.0268587818,16075.8265795071,92669.8190560932,42299.8482438436,95.3287342529306,7799120.18899349,69104.5924290465,5967.06304873676,778434.921684206,3277723.1252553,1653027.2156741,6494457.48332235,196211.549971879,195282.675840577,197125.557684711,21191.7306764742,1492521524.69221,1492412328.26418,1492496076.60009,-3435494.33750443,-348143.767271547,-20710532.6586454
2017-01-17 18:00:00,2017-01-24,6992522.06520601,2599754.97876082,18767745.1230841,37931.2651423073,15556.5381490773,90023.2751519637,41669.2053936748,90.746958294072,7752696.85453519,67127.9252347291,5758.92599146376,760983.305381799,3197214.2552412,1613364.08784113,6340392.46801587,169972.34232925,169339.598774032,170559.713918094,240172.947666708,1492904980.42078,1492840550.75622,1492993498.78504,-4702130.19117299,-1883885.82363121,-21805704.7703458
2017-01-24 17:00:00,2017-01-31,6594523.77907889,2451293.0966179,17746032.0965013,32465.7251529012,13052.7015242278,78295.4351671512,39269.3290617885,62.8057030582229,7891966.85791007,58592.99995383,4766.79430331763,696697.971361591,2872751.42309109,1447589.36343025,5691885.27171783,216494.186274023,215742.832640641,217280.18358347,42383.4613529484,1492215087.04068,1492135515.30976,1492188243.41232,-3762565.34369515,-849925.506800521,-20594936.001452
2017-01-31 19:00:00,2017-02-07,5825256.62298992,2164522.85356213,15695681.251373,25130.2419435487,9901.90753547724,61733.0800603474,34767.1502832755,37.7277354867474,7799120.18899349,46410.7037917964,3543.38024063177,584634.117112152,2372132.98532608,1195502.84934038,4703012.07298266,265649.784145588,264268.959433962,267084.922888351,1130225.63607862,1492130511.38222,1492086789.6753,1492186544.56895,-1925438.48768554,553404.683351983,-17768752.6629066
2017-02-07 19:00:00,2017-02-14,7350128.90298968,2725670.72950731,19767370.3234049,44471.5702004871,18602.7025209653,104262.906845471,43475.8926774657,140.691453431538,7550049.70298649,77161.6089152041,6900.45991704559,848584.349191562,3533489.72288946,1781382.29270639,7005704.51558394,250619.283517746,249647.303955992,251388.201175756,1165545.18720608,1494629080.48015,1494619334.29014,1494588408.94868,-4986046.93386173,-1905746.13294232,-22309636.2465448
2017-02-14 14:00:00,2017-02-21,8185370.52452308,3046602.21522241,22004896.928201,53313.2594542434,22454.1237378635,123521.70435851,48679.3118911125,180.079641974075,7792326.8472235,91176.6906264588,8411.88604924579,969111.954135725,4097756.27538939,2066070.61283175,8115586.62879224,293606.229230714,292316.982049913,294724.250732902,904180.508862899,1494539707.70187,1494488417.79647,1494568492.98968,-4039043.83940774,-820480.153442891,-22508510.6544764
2017-02-21 14:00:00,2017-03-01,9895388.67097762,3686757.02984392,26598123.9895067,75298.8456384139,32293.4879534835,172395.078608644,58559.1136336682,339.850618010677,7818840.75465318,124959.770210046,12263.3936911187,1266803.62805858,5349392.07962853,2702500.38109861,10607975.2277937,418285.42181201,416618.7108906,419667.915123392,628688.010068735,1495392021.6532,1495363634.20525,1495371454.05487,-5736234.63809781,-1829038.51875593,-26238740.6635488
2017-03-01 02:00:00,2017-03-07,8129962.04511261,3030434.88592346,21881255.3351168,57055.8054869154,24306.0412824001,131654.807320658,48216.213299676,225.341245309424,7197855.16465814,96091.3460140268,9109.93823494157,990756.721605687,4219238.16528594,2129412.83693762,8355989.56859059,256090.937948785,255122.577816498,256758.010142899,868860.957735442,1494671003.92419,1494582101.85968,1494783638.2163,-3952796.50880395,-864211.142387419,-21690437.1711331
2017-03-07 15:00:00,2017-03-14,8231297.73767994,3061707.32919928,22168079.6541404,55387.6039948077,23424.4622269443,127878.187982156,48724.7625229468,204.616198352116,7618812.63992261,94033.7172340553,8741.67423653882,991825.482845839,4188696.11506905,2113824.89898993,8314357.8801515,381328.38888287,379679.82561935,382346.367323272,1264439.93036296,1495443064.6798,1495349300.09625,1495467828.82358,10196232.8494072,13378711.0094152,-8023756.30952928
2017-03-14 12:00:00,2017-03-21,20138302.746958,7510653.83855954,54085880.5292446,435701.366837724,195171.047797985,982605.936102367,117173.939782918,3958.35228444664,4323685.41284585,589610.513099448,62322.278485866,5795612.351166,18054805.2454926,9117249.11669582,35802337.7989749,361415.511661508,360115.82545081,362080.774345515,1391590.31442181,1510763156.77705,1510799875.4345,1510711553.12061,-9284579.93702593,-4708098.56716291,-35533670.4665902
2017-03-21 15:00:00,2017-03-28,20729291.87967,7689452.93969219,55886921.9225476,418303.330346282,188696.782481284,929991.298611118,120956.664374257,4361.64431158129,3392254.55279857,578040.471667586,62585.7795079396,5529641.66571262,18149725.1075269,9159430.85122125,36025649.5965445,553420.187540079,550929.51141869,554948.031171102,713454.932774631,1505734734.96397,1505681160.93837,1505689785.44285,-4248164.1155657,627446.860682203,-30194423.3103689
2017-03-28 18:00:00,2017-04-05,19207042.6996448,7140001.67383409,51560180.8510959,343911.162126027,155415.979093247,762950.861251043,112221.229129252,3774.97106734008,3345078.30393222,485480.757047577,53253.7289127901,4560595.44805292,15873106.6650949,8015492.6612379,31508270.49363,581404.23274626,579456.407871332,582350.583523929,699327.112323649,1505343472.83217,1505358404.37273,1505265424.01966,-3504014.07305033,1498048.3162881,-27935775.7409018
2017-04-05,2017-04-11,18027177.9450461,6689533.08825301,48524167.8691542,329495.35221342,148899.032689501,730035.03141305,105434.719003304,3570.0126284952,3126875.00308048,463495.780503963,51137.1633282991,4351687.47900524,15035765.1392568,7581440.0787205,29793128.3567636,443983.933090793,441813.618500971,445272.625262897,621624.099843243,1506232930.82155,1506260140.13133,1506220296.73207,-5809389.01848224,-1184145.79309108,-29029095.7141097
2017-04-11 17:00:00,2017-04-19,18871829.5329025,7006587.98284563,50897509.3765551,327289.630508267,148252.409731723,725208.89352079,110044.835935002,3531.94783130585,3411867.96022693,465713.997255877,51402.9563122019,4360011.73864802,15334574.2044679,7732158.51357553,30379231.95475,628132.570898311,626071.151081778,629712.354004188,671071.471421683,1504491020.62733,1504347032.91769,1504527660.6385,-205115.833467111,4756814.46718489,-24662560.9420283
2017-04-19,2017-04-25,18688322.4469101,6965933.68733337,50366703.6917916,357271.630706555,161758.535744476,793638.395910583,108995.258239555,3859.28225277938,3135421.78239503,499201.553949166,54852.2863003259,4721282.73756545,15923000.37077,8029777.88725657,31464938.5912683,538680.010630208,536940.137469249,540036.574382329,911244.419088391,1508769147.48652,1508741197.10728,1508807092.20917,-5271383.53480367,-695481.580533591,-29128037.2968304
2017-04-25 17:00:00,2017-05-03,22099117.0657522,8243424.88914566,59494108.2689991,460814.433836682,207740.315624147,1026756.84856769,128581.619866898,4801.08395896005,3496549.80576652,633820.173687265,68856.7553533464,6041395.02361972,19686786.2572626,9928038.64053015,38987250.7431012,663223.848611866,661514.231068555,664993.233378586,1101969.99517666,1507601118.87921,1507536475.67155,1507642540.81463,8920402.24898483,14031668.1889998,-18586321.1420201
2017-05-03 02:00:00,2017-05-09,26331878.9829795,9800620.01632984,70827922.7367565,831378.684064067,361259.498668419,1938176.97843383,151933.981939929,4907.35358405708,5098808.94922591,1050174.85055401,101767.482112385,11457144.914355,28561759.4950183,14408006.454567,56563295.5379075,576432.005512336,572965.196973169,579588.928373647,268428.588568673,1520595814.31064,1520458690.49518,1520711449.17129,-5654181.58600558,-1836933.08275313,-38492048.1161587
2017-05-09 17:00:00,2017-05-16,31909474.0903769,11875076.8111402,86057591.4232888,1114467.97177123,481860.068997158,2613533.42628823,184461.134689328,5779.5175015952,6370276.49352995,1385949.50240605,133412.731066589,15475715.9751939,36659479.3353756,18502106.0933364,72726828.8288191,829257.374107503,824400.932155748,833652.968969471,162469.935186302,1514437236.31221,1514414240.08008,1514430527.37626,7723829.47436314,11710098.3342803,-32194808.8082687
2017-05-16 19:00:00,2017-05-23,24831139.9383565,9219042.60617967,66676462.2204225,653273.726742698,290514.676286379,1485122.4777465,144035.322686332,5487.02838307217,4060921.70499728,859334.431313766,89800.1923488442,8660378.67822522,24783500.6529279,12502138.7670131,49144020.4343018,736405.491310083,732859.402859473,739664.760527612,21191.7306764742,1519429151.71152,1519338536.72751,1519472717.74894,3333765.12304229,7882169.02284804,-26573359.1226485
2017-05-23 16:00:00,2017-05-30,30733543.3541749,11431600.7711798,82599929.2292884,1047385.51490546,454337.066542506,2447263.29714113,176536.505773086,5701.32180246809,6022028.52846354,1306739.89043795,125700.561025258,14377278.8383357,34870504.6473858,17588663.7379655,69242859.8259932,1075538.64333144,1069306.3812299,1081673.3587244,360259.421500061,1523751985.8401,1523785569.2221,1523745924.83579,866925.338465729,4796680.75054534,-37033094.8273713
2017-05-30 14:00:00,2017-06-06,36131696.7132045,13424969.7250217,97205954.2800973,1402028.34940605,599757.621123214,3330885.82275275,208620.29184326,5798.99434178088,7844718.17376883,1706989.44074907,157245.64910059,19621600.1912496,43713606.7776092,22054541.4253539,86765553.4861591,898074.883441022,892548.789657725,903361.618052591,261364.678343182,1522297332.57464,1522234700.52474,1522262234.60919,-4516452.79712589,-830935.556298884,-50008811.73975
2017-06-06 21:00:00,2017-06-13,28976715.3248474,10767065.6101817,77989730.0794482,936652.949444802,408367.891188539,2183867.82797934,167966.971045457,5639.87513676122,5591928.44844175,1181250.07174938,117587.242249991,12761429.5312323,32010755.3341274,16149288.3792687,63394361.973011,940259.952909684,934413.769864177,945755.070678991,360259.421500061,1512879897.59001,1512821496.82699,1512933345.50581,2927257.58978009,6962561.44861591,-32888181.3433415
2017-06-13 17:00:00,2017-06-20,27565971.7969871,10236956.5707123,74136655.4776627,837084.493948989,367490.621974458,1927749.45176933,159462.527146143,5716.14547478042,4940367.15050215,1071751.49454382,107715.757847325,11268314.0270127,29567600.4778617,14926045.7538918,58569231.2481068,732791.206082749,728873.836702487,736586.147030986,1631763.26208851,1514478984.63134,1514480413.74856,1514471124.84555,-6193488.81290028,-1874658.77459319,-39817763.8981675
2017-06-20 12:00:00,2017-06-28,25355223.5414466,9425503.18003178,68024807.5038145,613914.144823875,274264.851107775,1384675.394416,147289.490847657,5706.17149188026,4033735.42797371,816162.981821733,86879.7072437668,8047366.35636969,24286233.9329849,12266608.5135231,48162534.4766117,1281177.8204672,1272534.79468513,1288318.03980452,218981.216990233,1509251137.70921,1509261681.82429,1509291188.83846,-4763260.79900783,403820.571512867,-35544441.696908
2017-06-28 01:00:00,2017-07-04,18282347.5780873,6789290.35695255,49200580.9045912,352795.692414015,158658.042252397,786522.208044566,106563.080634664,3771.43214450129,3044258.44644521,492306.82298819,53985.8221563711,4652815.03712997,15656598.7256976,7904157.23472588,31010981.3000373,967130.9947631,961458.818787825,972242.048412056,28255.6409019656,1506072036.53268,1505975953.51053,1506167201.22863,-5924863.55053544,-1578625.55653406,-29064188.6431237
2017-07-04 13:00:00,2017-07-11,16913346.7457689,6275250.4760232,45558849.0758738,270665.286590303,122144.648630675,597921.814166438,98701.2329678336,2900.13351074464,3303788.05107313,390247.163881273,43284.348476248,3622804.91009237,13200647.3248449,6675772.67292788,26171503.58392,1261812.66277527,1254072.1618132,1268641.78718768,0,1502785712.07671,1502640973.75607,1502756920.91299,-5826806.29575823,-1156805.17069992,-28043339.940758
2017-07-11 13:00:00,2017-07-18,14480564.6297386,5379194.38645959,38977790.7317663,183867.832776238,82390.0006325929,407146.907216671,85230.9917278543,1702.75821217283,4044690.25342759,277287.627472461,30306.684499549,2583952.84575653,10093873.6422083,5106800.43400111,20008317.5061875,1090302.33451271,1082897.2496022,1096457.76988904,7063.9102254914,1500169406.22254,1500240852.29541,1500113850.51419,-5781927.91981946,-1248721.20332603,-27056713.204596
2017-07-18 19:00:00,2017-07-25,11521131.2906567,4272972.97341221,31064330.0486435,115784.067321929,51146.869327969,258930.651269667,67805.8769171035,811.855889172946,5067050.89291799,182591.314099071,19150.5868407457,1746275.08942295,7148169.4985626,3607567.4691095,14156070.108547,1229950.34916122,1220999.89804263,1237382.31256583,0,1498237317.31794,1498100008.46313,1498176089.36729,-5122953.17924089,-1094613.61581796,-24168838.3557011
2017-07-25 18:00:00,2017-08-01,9921407.85841363,3690059.83171438,26712668.9735154,85342.6302491827,37294.400205146,193136.974685416,58554.1974167147,472.497535518636,6229473.37232578,138651.045544848,13942.3974513888,1371207.83173109,5694996.22419525,2869120.88247536,11277228.3089073,1210022.37053326,1200601.26269597,1218687.61838011,0,1496623556.83997,1496674304.36857,1496596990.66979,-4413075.85786601,-674932.623595107,-23140052.5899702
2017-08-01 13:00:00,2017-08-08,9208627.48443991,3426867.76510197,24752742.7563454,68031.3112687887,29124.4906779462,155889.006373001,54448.2524619237,285.315974339489,7637871.31058856,113861.499340248,11038.8149505254,1170636.38213346,4902284.7567124,2473861.94439244,9711302.7440044,1020665.83530827,1013192.87019216,1028679.8605708,28255.6409019656,1495509418.119,1495544823.00357,1495594105.02793,-4401368.53096225,-954313.508192219,-23930756.8072972
2017-08-08 16:00:00,2017-08-15,8181427.6072583,3035901.82112093,22004865.1511201,53710.3531103394,22652.0156527072,124548.800635259,48643.7576050273,190.063869705275,7742591.76889344,91886.2941735829,8462.65500552097,982183.093178617,4106983.86180661,2069564.3113235,8130080.91492864,692071.393117271,687125.209745246,697547.506379499,138524.948162097,1494658323.18443,1494619478.68804,1494648308.73276,-4652635.95018532,-1324597.13864222,-23129238.0356814
2017-08-15 15:00:00,2017-08-22,7301388.68030435,2713015.87251111,19625926.2642568,42027.1673022991,17338.5382399641,99053.2046154093,43423.3867720005,112.37331842565,7706273.5200769,73503.8333790967,6420.23175106691,816900.664416718,3438100.07880327,1732591.08513836,6830599.42148433,920977.239868417,914453.577142904,927537.435317514,695.2667544775,1493720824.93963,1493655325.99304,1493772753.57686,-3534676.34847046,-601011.789003772,-20811958.8988685
2017-08-22 13:00:00,2017-08-30,7309310.45328933,2721799.95615189,19691796.6747408,38318.5334737583,15622.6847257582,91683.9771254605,43371.0306673275,81.483354883482,8309776.86803473,68306.529791081,5748.00728608455,790757.530845563,3285915.08276759,1655023.58217257,6514862.89330187,1047603.15996861,1040078.37694051,1055615.25888031,56511.2818039312,1493288109.607,1493334079.15749,1493262279.40815,-3557379.54432923,-433685.59123935,-21955327.0046683
2017-08-30,2017-09-05,6271861.75854342,2329325.98481405,16887681.6891434,31315.2321434724,12622.8695389987,75304.1700473894,37534.7812122916,63.6242448464268,7427733.51332713,56046.7469547725,4580.08574220676,657974.689761642,2750833.53211746,1387262.51134676,5459685.49286518,700423.190414191,695582.22588946,706245.040595526,0,1492913029.64896,1492748800.33319,1492933255.27112,-3396110.37539239,-710450.824044016,-19315310.2998488
2017-09-05 16:00:00,2017-09-12,6341796.62409216,2359639.79238457,17010724.7110035,29906.9456124903,11939.4910108504,72565.5098765902,37694.5014892379,52.2947478234328,7845543.52345178,54342.2427378445,4326.32822853096,663734.333417479,2702532.73547897,1362009.94420979,5361786.05621374,553323.785002131,549839.331290703,557687.099558732,0,1492462421.06989,1492316253.56216,1492486552.27418,-3431530.3803306,-686509.636251197,-19878543.6491168
2017-09-12 17:00:00,2017-09-19,5937497.11790205,2208023.94947437,15926090.7977619,26248.332398721,10355.8483485211,64385.4748605179,35448.4822486505,39.6325400961944,7752696.85453519,48229.181260338,3699.32839074297,594507.059575028,2448501.44595775,1236427.26217779,4852634.88215007,609640.483673995,605997.262973971,613909.576738472,339067.690823587,1492238774.48301,1492110804.83502,1492264151.2688,-3903889.56391161,-1328767.40430566,-19638740.8038079
2017-09-19 16:00:00,2017-09-27,6175356.19024152,2296782.18942885,16608537.452594,26921.4979990598,10612.1094340499,66021.8388546185,36909.93731593,39.9939117770181,8170506.86465984,49599.6554666492,3817.61109790604,617128.01801619,2534524.96459357,1278448.8527372,5028265.27955799,407763.512993603,406015.511777751,409968.078856365,642815.830519717,1491663233.7941,1491682267.44988,1491654145.78892,-4107106.94897578,-1312624.22346736,-20908556.6636298
2017-09-27,2017-10-03,5427394.28457252,2017782.83512355,14646067.7166594,21973.0153365927,8520.55366417927,54642.1550404925,32455.7075431199,27.0958170445116,7613426.85116031,41126.5029304375,3033.65692386131,534835.361629535,2146924.34665767,1081504.5744608,4263157.42739953,463753.603474841,461075.425746277,466950.177454545,275492.498794165,1491545441.47908,1491440487.43248,1491611124.93533,-2922797.51515432,-537421.218715654,-18259695.5767398
2017-10-03 20:00:00,2017-10-09,4696820.63109766,1745096.82503528,12620803.1547268,19521.0132543565,7616.0969033332,48425.5923542344,28111.9941185674,25.4940332864872,6452843.48970294,36373.6040068631,2681.05057260545,465962.681922872,1881481.33083333,949412.236941719,3734394.40251562,402517.154561726,400364.109364341,405053.525968979,155406.024960811,1491810408.02297,1491575148.83417,1491835980.35673,-3137101.52666305,-1027472.02195927,-15952076.8606332
2017-10-09 15:00:00,2017-10-17,6741935.50702621,2505729.68272807,18153228.6948914,28427.3831872942,11124.7195653946,70314.2393204997,40301.1268502152,38.9461376987541,9145396.88828403,52866.3066164328,3984.68626655488,675240.252822665,2720586.62319351,1371717.63601867,5390599.20841066,423430.776258878,421705.799406164,425465.64130593,487409.805558907,1491325541.27835,1491227064.98872,1491369557.47997,-2355254.23980669,626373.198298311,-20745688.4838407
2017-10-17 20:00:00,2017-10-24,6126704.92842632,2278925.99399474,16471989.6686242,29189.5643739857,11693.4074489347,70748.382210126,36565.0815502406,56.0377985022086,7613426.85116031,52868.6189354272,4250.42758710235,638333.524302357,2620182.27212108,1322335.39364903,5188053.38373313,271699.723246735,270639.697566759,272988.255719405,1433973.77577475,1493177209.76833,1493196901.53604,1493210795.0831,-5230730.39306308,-2602692.85681842,-21260719.8571093
2017-10-24 16:00:00,2017-10-31,6867926.59924172,2556849.23154839,18474570.8755814,36020.0881298978,14618.9746946773,86159.6341661267,40895.7449842553,79.0074554750212,7799120.18899349,64093.3019917842,5386.37342927413,732808.415781743,3088482.67838394,1559749.50529336,6126670.81612598,373471.728339262,372057.602795992,375600.004381413,49447.3715784398,1492733899.34896,1492703612.24155,1492744026.77767,-4318499.28495276,-1416128.72569677,-21365174.2385039
2017-10-31 16:00:00,2017-11-07,6683876.31730912,2476601.4521629,18049019.5664893,32942.231681692,13251.3363841512,79214.9620186924,39829.7012471988,65.076086696058,7984813.52682666,59364.9728941277,4891.26723668503,707857.304522064,2912424.09802481,1469642.03362919,5782793.91904624,163981.865239167,163498.859537724,164612.290725018,939500.059990356,1492011828.76321,1491978273.66864,1492022471.90259,-4486783.28588863,-1565587.61733387,-21624408.4546458
2017-11-07 20:00:00,2017-11-15,6338371.35634621,2355489.76633696,17050631.505562,29076.1863404782,11500.0143248672,70684.3798792623,37759.5231524372,46.6537184694292,8031236.86128496,53185.4594515253,4158.92247837283,654689.672884459,2665715.689128,1347090.23540262,5280907.87509928,167193.456206161,166588.965941182,167786.643876221,303748.13969613,1492204152.79718,1492166864.42407,1492258052.58395,-1879151.37693264,712384.146488987,-18632506.1672513
2017-11-15 01:00:00,2017-11-23,7017252.16028637,2611688.04193249,18866907.0798937,32388.5886246476,12926.451424499,78704.9583362868,41760.1943454342,54.8292534804999,8866856.88153426,59097.3894578236,4650.94524788022,723739.135707363,2959755.08461491,1493272.87402915,5865787.71340082,168350.57099662,167817.291599922,168820.44883603,1328015.12239238,1494254232.9399,1494196654.29715,1494131701.02565,4882877.83621488,8125555.48757827,-13655219.2882869
2017-11-23,2017-11-28,17087000.2590772,6353140.67821671,46012159.3178219,381177.397168035,169779.348932315,860922.678660477,98711.4843865407,3319.70513057803,3276109.21825169,512310.565562724,53845.5509737389,5091374.75266147,15548869.6157297,7847994.99508536,30861141.5574573,89023.5753940743,88881.9291745805,89191.5919227755,1003075.25201978,1504487518.57561,1504371050.02449,1504553501.73785,-9214072.55796049,-5489595.34994317,-30927884.0643653
2017-11-28 19:00:00,2017-12-06,14644977.8629271,5455245.25010173,39456351.3442248,191230.399088145,85810.1363808528,425267.530938,86113.4408176661,1801.18461480968,4028123.55138715,286921.356812864,31277.0292597089,2674560.32687837,10318131.3686077,5203753.23424339,20422838.3651071,144455.705327684,144178.257763792,144740.669425377,348467.697344123,1498717827.78474,1498736474.03016,1498710189.99892,-7852564.39415442,-3401355.86536402,-29244028.0339197
2017-12-06,2017-12-12,9899493.39948708,3678787.53449102,26689765.5824396,88047.267079127,38577.5868192414,198758.601704724,58573.6477870704,532.62529374803,5868427.39190829,141900.26794647,14470.4887912205,1398052.9767577,5771934.5863637,2915899.24793244,11433493.9500114,121575.613509961,121243.789135752,122026.88281015,500.5920632238,1495960387.07364,1495857637.41248,1495883503.93925,-4794115.97163949,-987280.922190195,-23068707.9226523
2017-12-12 15:00:00,2017-12-19,9036571.86707504,3356214.15370998,24298216.5401394,66054.878914663,28258.5799862679,151557.621034237,53570.0339235915,278.960431742488,7636040.52320609,110389.202748074,10538.3837115449,1132467.6057198,4790068.95704905,2417330.87643915,9488953.1287264,114731.849423456,114402.573767074,115152.409394761,939500.059990356,1495461276.07649,1495388913.80188,1495591948.80745,-7140892.65060912,-3716529.38091367,-26263866.5208287
2017-12-19 16:00:00,2017-12-26,7985919.92343233,2969715.73051296,21486073.1424214,50299.2395129066,21108.7818924928,117579.381402978,47405.0312046868,164.497137897496,7821797.97913359,86423.5573919846,7852.33481074295,928086.31031749,3923110.64927371,1981828.33230605,7760900.11675514,106211.514293266,105762.598721967,106680.57206525,1695338.45411794,1493621668.66206,1493678724.09302,1493678476.11416,-6045016.36693293,-2890554.96646403,-24532378.5850831
2017-12-26 18:00:00,2018-01-02,7057775.63695527,2622458.71243059,19024490.6006573,39513.2265388691,16303.618431876,93296.1222415098,41986.4465021696,99.5759180675584,7613426.85116031,69337.3613284127,6008.63747814598,780524.319728333,3276526.91040801,1650660.43153172,6493869.53463323,126769.127063383,126198.223901875,127267.511453353,2281643.00283372,1493412716.33722,1493327640.08651,1493394510.01514,-5648738.38585711,-2736437.37989881,-22765665.8249544
2018-01-02 14:00:00,2018-01-09,7369504.93975417,2733237.17170584,19894369.3891869,40708.6795951921,16696.9475356339,96561.9793986083,43892.7028535128,101.845600071438,8031236.86128496,71927.8802969395,6134.80264358529,817460.650063438,3400454.21031055,1713901.57621486,6738076.79293282,118981.585392075,118622.102660116,119402.874234091,565112.818039312,1493850937.58805,1493734218.11209,1493807727.5269,-5191426.59405628,-2123538.85275948,-23059795.6918463
2018-01-09 19:00:00,2018-01-16,7174029.89289149,2662564.44775852,19309264.5161223,39149.0484088928,16047.6984008181,93363.2666908663,42697.4633823758,95.5250829655083,7891966.85791007,69162.9165040874,5931.61487187731,782748.755765965,3288302.35647902,1659572.68083007,6520312.83327272,111224.779255312,110758.56878543,111616.876354477,1193800.82810805,1493231222.21883,1493221684.45105,1493172948.58079,-4998175.28124073,-1866091.43090688,-22424775.4274802
2018-01-16 21:00:00,2018-01-23,6941783.53582461,2577147.64341463,18695119.0718639,37840.1803174254,15507.2421817819,89810.9466008401,41201.8742599673,90.9998165834925,7659850.1856186,66980.4247892958,5776.85153005015,762949.559491747,3178331.43575334,1603798.7482243,6309386.30883856,150166.306389807,149821.240765828,150548.861873689,172148.048408629,1493352359.95115,1493436123.53854,1493414966.01449,-3518349.23043668,-633111.666291334,-20606852.3051113
2018-01-23 18:00:00,2018-01-30,6948123.39398216,2581158.60938637,18723873.829716,36404.4369400223,14880.9381079048,86855.7872557154,41400.4959239064,81.621658593916,7891966.85791007,64944.9773270618,5432.75092769871,749251.131459927,3120772.75333637,1572541.81538765,6196807.60047975,155188.863726856,154780.159368732,155540.794357807,1709466.27456892,1493765467.04217,1493749213.8747,1493798905.14456,-5513599.42237887,-2526414.74999321,-22915293.1720933
2018-01-30 20:00:00,2018-02-07,7394959.16801914,2749597.43370801,19922651.5864965,40946.5836548108,16836.193268949,97044.6114515688,43895.9795176721,99.8050258270554,8031236.86128496,72278.0793963463,6208.91849036628,818699.764191523,3414599.20028213,1725038.98764686,6773511.03708126,203431.637677038,202303.298577515,204158.002613187,1271503.84058845,1493776245.58147,1493642986.18868,1493856188.61446,-2560059.07570728,599390.187832768,-20457479.1690285
2018-02-07 01:00:00,2018-02-14,9376623.34030255,3485933.29398613,25218484.1101008,72822.0854406402,31380.2471438096,165903.646841254,55623.3196645451,354.984834485225,7074134.80979484,120497.216839539,11924.8896704293,1225736.77730145,5105885.69206648,2575172.22267733,10121117.2911602,277279.16787183,275473.964355031,278793.527871873,1031330.89292174,1496421739.31898,1496348974.64397,1496572482.70715,-6826457.06385067,-3364609.18268432,-25864841.365428
2018-02-14 02:00:00,2018-02-21,8728002.26056237,3255927.17148243,23461785.8949984,61714.1750736954,26324.3548261134,141942.403475639,51692.1834170451,247.896612105057,7641956.09514151,104161.778057423,9986.7907264347,1080755.21696414,4538302.11002008,2296819.31793674,8997272.40676265,281860.532600761,280425.611952546,283012.551286857,2161556.52900037,1494869014.25036,1494799812.69647,1494918151.64599,-7388821.94514,-3991324.00822802,-26312646.0285805
2018-02-21 02:00:00,2018-03-02,9801610.80408791,3643092.65084053,26358930.6234121,58388.648998619,24277.9880766417,137068.531476732,58188.5790921659,167.303557300004,10070704.2045704,101597.122351816,9054.59958504094,1120065.14342318,4694510.9213098,2367068.02194927,9302678.13951479,449310.592796707,447445.700028004,450853.480637424,685199.291872666,1493767156.58871,1493694877.84942,1493803625.45052,-6051614.23825685,-2044312.37679502,-29093362.5508329
2018-03-02 03:00:00,2018-03-07,4858587.70832391,1802696.52916321,13064503.3843015,25759.5920449804,10531.73436519,61755.4004314306,28826.4144822678,57.7912686290587,5477953.46607876,45663.2470540262,3866.30227943169,518241.231208609,2196620.63421587,1110340.39512163,4346792.92801737,227932.870619211,226799.455384409,229123.303551769,303748.13969613,1493276705.28275,1493219951.47319,1493306591.18568,-3250271.75946617,-1221227.19504652,-15212714.7656973
2018-03-07 01:00:00,2018-03-13,6414077.23202019,2383822.78306074,17278739.4093092,32581.8795973632,13194.2811554846,77998.3546537935,38177.4352151749,67.9090147480916,7474156.84778542,58465.0712857693,4829.34567298552,684895.268870458,2834696.61583448,1429933.78274827,5613297.39549528,383766.457098296,382061.376306704,385376.277967539,374387.241951044,1492864465.12005,1492857522.09764,1492869124.6369,-3082392.87940666,-370758.160600064,-19320198.9469771
2018-03-13 18:00:00,2018-03-21,7045369.3214784,2621975.26176902,18936725.8412834,36600.8184913897,14856.2137757021,87527.5757825463,42050.2937557925,80.1153628017186,8077660.19574325,65396.2535009158,5481.90524382144,751520.357192773,3150809.47835462,1591205.21556792,6253829.9905961,571639.191321467,569196.382687691,573574.124383953,317875.960147113,1493481298.02778,1493428826.59977,1493462672.8781,-3068252.81761757,-70267.9044727158,-20634509.4073991
2018-03-21,2018-03-27,7048457.98922574,2618296.30560482,18955688.5277932,40638.9358907159,16832.8997135236,95806.1175422489,41858.1487503811,110.58357976899,7427733.51332713,71105.6925679282,6229.75838480554,786309.425025665,3317144.79999681,1672958.24642837,6585354.29100128,374816.907769562,373005.270919156,376040.088317517,416770.703303993,1494197889.18786,1494138223.00754,1494192272.83167,-3551601.89906235,-626684.006009308,-20284818.2752433
2018-03-27 16:00:00,2018-04-03,8013216.16404003,2984782.86522307,21550545.6920272,50443.0367232224,21197.8351540268,117285.448925104,47733.5677170163,163.081243977731,7844064.74089457,87116.8363097256,7958.47131682197,940501.696984653,3941179.7096561,1988997.81216831,7807080.29236604,523592.681873961,520770.075741613,525417.324206489,713454.932774631,1494573157.05077,1494574318.63997,1494577865.5589,-3748055.00785455,-394845.445772806,-22142833.2695738
2018-04-03 17:00:00,2018-04-10,7823455.40125803,2915182.94327063,21004931.5418593,47986.453770071,20028.765719092,112362.232359669,46415.7945750162,144.856128333205,7837791.47098657,82963.9544527331,7453.59536432887,897405.502007561,3802322.63899651,1916546.68602282,7541569.5337306,420894.344910244,418831.184489519,422353.367380128,529793.266911855,1495272294.18895,1495264840.26543,1495400809.41093,390076.970189028,3330879.42587829,-17665496.5889042
2018-04-10 18:00:00,2018-04-17,10339443.3659007,3842241.53004336,27826902.913788,92516.6479135787,40529.9769327728,208321.818813869,60991.5975263484,569.609263747283,6083858.65789896,148936.277543817,15190.9838526521,1447450.16171684,6037680.68445971,3046991.09570523,11965468.7496901,435037.618436767,433733.783910035,435566.641017087,960691.79066683,1499969769.0462,1500017704.78954,1499868914.39369,-966572.619794765,3015693.99267584,-20162610.5046773
2018-04-17 16:00:00,2018-04-24,14507245.0705488,5404189.93083083,39080531.304684,191364.124134982,86078.0955135668,423926.918890804,85287.3569596842,1830.15369496553,3918565.47314631,285810.738343691,31470.4089543686,2652829.29974673,10274337.0937035,5183163.77500937,20365735.259266,717391.224343445,714814.267824812,718994.250468859,94027.8758755371,1504133057.80306,1503981284.23704,1504263107.39751,9719977.1456842,14055204.5574049,-11121984.1312685
2018-04-24 18:00:00,2018-05-01,24753326.2186354,9198622.26921711,66684312.8221548,675756.821877253,297746.875934636,1550826.49417313,142889.952024474,4910.78005116165,4469888.79007668,876242.871430034,89483.9815953581,9101343.63939157,24950452.5902073,12593951.2258839,49473768.4340521,933836.440203293,930519.384906274,936539.601281114,105958.653382371,1518025041.79656,1517944451.46838,1518037930.37695,16307158.2505811,20799785.5536296,-14472857.9619152
2018-05-01 18:00:00,2018-05-08,32571596.557987,12117797.1557067,87428972.4778587,1192854.3237755,512472.953137093,2823831.85724594,187900.215796955,5513.16049422671,6361959.01720829,1469796.41446226,137426.756944476,16524739.2986482,38176759.7472126,19242777.8899601,75651587.702875,785927.322954771,783632.836925037,787998.263823752,69999.4568407947,1535002085.53408,1534973615.87031,1535009967.87997,-132445.514215167,3586894.14790177,-40285933.5469233
2018-05-08 18:00:00,2018-05-16,40068456.8631213,14949160.7275741,107699667.316506,1791252.28061153,754857.227062914,4358490.60759863,230823.459286989,5162.65788540348,8070082.11296237,2127922.34528756,184630.715498315,26039056.4200522,52068579.8059286,26258811.6491902,103306246.98551,922816.617734967,917691.622185685,927900.837901311,423834.613529484,1531399099.91856,1531457598.46449,1531413660.78411,4894774.1755567,7507168.59229561,-45901946.8924182
2018-05-16,2018-05-22,36040900.6092269,13399900.6470029,97187413.7096996,1553882.07318114,657372.097050734,3757333.20810694,208054.502250337,4855.02268648463,7369949.51577382,1860873.97233313,165528.452411066,22571409.6603142,45929859.3282991,23156025.1194665,91194509.188257,682399.878193764,678228.002904194,685961.20292834,91830.8329313882,1527944767.23229,1527912634.81931,1528061972.04658,10469481.8395399,13084274.7403881,-35524056.3573505
2018-05-22 17:00:00,2018-05-29,38361640.1148574,14278939.9118426,103346286.60184,1717537.06058638,720391.950854591,4176827.61222562,220077.183531168,4835.03361144515,7658628.67162691,2037719.00550347,176822.408453162,24929189.1148284,49869595.2520594,25109086.3557194,98972718.8637844,1003532.33928974,997916.458658531,1008549.42503296,494473.715784398,1531557531.85526,1531486044.9976,1531631480.71668,-3345366.55130354,-974110.66705826,-51998155.5457785
2018-05-29 14:00:00,2018-06-05,33112151.1720157,12307139.1786032,89209820.2941611,1205878.8873735,519244.277683911,2848803.05250927,191032.166877402,5749.82744488573,6725215.70084531,1486786.27606408,140649.331181845,16732532.4528996,38807075.1326049,19585406.7732131,76799964.9144313,946892.655239984,941452.82425147,952034.078491254,452090.25443145,1520170484.79287,1520112026.87931,1520225830.25579,-4493590.25678726,-684696.906050808,-46079689.5573742
2018-06-05 16:00:00,2018-06-13,30278295.6062639,11265968.3585715,81387529.1742353,916469.130151509,402611.898701915,2118621.34850223,174734.101547962,6290.75847183468,5351756.0184902,1169545.28367981,117270.295488451,12212473.9422633,32400590.9171056,16352609.217379,64223208.2399365,1050217.4529299,1043869.26988685,1055742.33776012,558048.907813821,1512370865.505,1512248800.08386,1512439146.62162,-416671.184381612,4208083.21812846,-37026277.6858581
2018-06-13 03:00:00,2018-06-26,47814460.5380484,17758377.0178348,128652894.888781,1224679.49800872,545469.009696411,2773002.28566365,277224.982958684,10685.6329245082,7666524.91361361,1617446.29949268,170621.836691313,16185487.1063415,47151129.8684505,23803620.8169712,93401019.2569348,1466459.00035782,1459380.02355804,1473158.60856484,367323.331725553,1511600478.98004,1511572001.21161,1511600941.57153,-8629689.48684571,469467.450296585,-66693676.470096
2018-06-26 16:00:00,2018-07-04,21647313.5725013,8048867.98907798,58260021.2324096,438548.170264321,197671.441185764,977477.158033731,125950.595172864,4641.34286542994,3501712.96210718,604939.397532703,66201.2756186424,5741546.23862256,18985027.2787956,9573945.11811393,37631209.6732368,935042.489310818,930437.106727977,939215.009119864,162469.935186302,1505654335.27462,1505649379.40214,1505659885.01017,-4832651.26683104,314075.70863783,-31927302.1378927
2018-07-04 02:00:00,2018-07-10,16199365.4151749,6017304.6449408,43612111.702213,262790.334672561,118894.227447905,583140.148733243,94459.8750325859,2778.36658494893,3142936.97952776,379210.845558134,41714.3127910538,3526144.76117534,12743643.186309,6438916.21674454,25212662.1310383,949972.971831445,943733.076486092,955397.166217566,0,1503880835.91034,1503794880.10825,1503949430.4779,-5661530.55893773,-1283747.39479412,-27075056.4912633
2018-07-10 17:00:00,2018-07-17,15508554.9142419,5775921.85358751,41806818.4949317,216846.171508962,97566.3938144602,480050.342273324,90886.5425470125,2169.99916618967,3669611.17466584,321578.123299,35552.998561455,2973857.55192065,11328855.8606975,5704442.30493475,22452752.0235248,1174000.31868416,1166017.6342854,1180439.67414755,0,1501461515.6637,1501416097.91138,1501463725.34164,-5986920.90607541,-1489396.42031939,-27666886.8685291
2018-07-17 21:00:00,2018-07-24,12544000.5824809,4667342.54725987,33747277.1965336,142479.111525985,63631.1064705464,316771.739005017,73879.108920156,1163.96279438613,4373569.45322772,219270.50978053,23545.803493729,2068967.51551731,8266723.97665775,4168445.88173363,16388211.8675381,1243938.97095782,1236448.1238557,1251267.48099173,0,1499109604.32984,1499046356.90897,1499015080.22723,-4631331.69242188,-346999.770369293,-24024525.0754237
2018-07-24 18:00:00,2018-08-01,12462409.9871973,4646892.27182401,33437597.8269599,118033.065031097,51994.9525839315,264807.411088788,73436.9163772083,755.790362376592,6205140.34629592,188521.698331078,19602.0487485452,1820852.88432072,7512101.2800815,3793773.94491066,14908330.1113491,1207578.33377785,1199514.9826215,1215344.7527052,275492.498794165,1497947239.00251,1497888938.3893,1498018869.87129,-5852457.42319148,-1562317.21668075,-27313502.1211852
2018-08-01 15:00:00,2018-08-07,8552569.82851178,3180477.47507667,23003415.5148705,70109.386029246,30471.5249476479,159382.963129268,50636.8081284441,360.490186410417,5870894.66891929,114716.749133531,11469.9678179889,1133434.60979601,4791181.95728174,2418131.41726655,9502324.62069358,840852.015760789,835044.954377553,846446.426376199,0,1496492996.13119,1496455652.37152,1496458001.28939,-4050548.11432057,-775438.110124661,-20721534.3822754
2018-08-07 17:00:00,2018-08-14,8984048.7369007,3343784.23913899,24194953.0453889,64777.7109647245,27594.3948084788,148570.622777823,53313.1990503934,267.204242564558,7761482.75247822,108852.000940486,10407.0475516459,1122020.69526042,4730426.71668914,2388787.15413721,9362144.29909029,967443.462136686,961052.332316415,974082.769930724,0,1495598446.81563,1495552474.69889,1495652166.26565,-4323278.43851052,-921060.901748049,-23787527.0697344
2018-08-14 19:00:00,2018-08-21,7855302.3234564,2915413.83221068,21177667.0486014,50133.5567653173,21115.6707554265,116850.967921465,46805.9908128027,166.254057055979,7610371.89492413,85925.3353566826,7868.49332605495,919355.850699463,3891306.47894164,1967606.9538073,7704546.26801286,806650.69789163,801080.11450715,812635.259234795,42383.4613529484,1494788289.84615,1494655747.67604,1494763318.76319,-4066980.5806309,-930353.240187805,-21970153.1011318
2018-08-21 15:00:00,2018-08-28,7423732.62087702,2759555.96055958,20002375.8593918,42436.8174741462,17562.3732628849,99994.8455646943,44137.2098649003,111.642675511655,7845543.52345178,74416.002465367,6466.15300052171,828317.441603572,3481714.07618504,1755194.42355361,6925140.74140847,663815.872469655,659202.636363416,668602.945791198,289620.319245147,1494103902.75643,1494035042.27116,1494051226.16639,-4801180.0658018,-1648587.54021645,-22435048.8703871
2018-08-28 16:00:00,2018-09-04,6823275.55466936,2536357.67164152,18362448.262019,35310.0423099921,14367.0461633676,84688.9383401438,40637.1994085798,75.4816490723338,7845543.52345178,62978.8239908652,5252.53857757043,728544.26340353,3047225.55491037,1536178.72651136,6042518.79116623,721602.174111546,717155.04562047,726240.778642156,0,1493031535.7119,1493072101.70283,1493061558.015,-3580798.41478698,-715174.377699841,-20898200.5150561
2018-09-04 17:00:00,2018-09-11,6424789.20202916,2386674.72168134,17295485.3183603,29704.8077370456,11815.2209118072,72135.0818452563,38305.9359923927,51.1280830311143,8077660.19574325,54199.2236285774,4279.66035913564,663333.778872696,2712959.62750319,1369231.12542417,5375184.00648006,800184.093378043,794612.156278723,806193.261892691,0,1492644111.18847,1492426366.60518,1492649102.6032,-3571755.46901591,-814379.442742297,-20289947.2329787
2018-09-11 23:00:00,2018-09-18,5757183.92415056,2139773.5423927,15511688.8613193,25069.3970914625,9887.85392957417,61497.8493770114,34269.3348999155,36.1476166647109,7613426.85116031,46281.6176597785,3496.91805592741,584101.913177317,2360949.28640921,1188751.21923874,4683498.59685508,509117.770798078,506577.205260841,512159.141648428,127901.272153681,1492106211.16796,1492063656.47865,1492073700.60979,-3240295.16669801,-751961.749859077,-18722066.2073443
2018-09-18 19:00:00,2018-09-25,5548600.84658168,2063555.4659603,14913836.7834605,22589.4654515201,8795.83632838767,56067.601056009,33164.5607876868,27.9948476839146,7752696.85453519,42255.009655553,3088.72273589455,551112.780675022,2200179.95547062,1110130.88447961,4360654.02497416,538307.664770403,535459.735948044,541765.177602307,134214.294284337,1491986554.49001,1492044549.27999,1491907506.16958,-2940760.03911973,-277551.698539043,-18526741.4326545
2018-09-25 18:00:00,2018-10-02,5360480.39181443,1992179.47128399,14404164.169034,20829.1704627298,8033.80016611464,52230.4388840461,31973.4188210629,23.5529225591485,7752696.85453519,39174.9242884357,2819.71215744361,517339.15375684,2076451.78691628,1045017.76541099,4112826.78327834,471993.267038687,469773.889949873,474958.313287609,621624.099843243,1492088131.00741,1492023316.95877,1492194046.16477,-3134963.59382493,-820955.572182325,-18323931.3172375
2018-10-02 17:00:00,2018-10-09,6726478.78301066,2500262.33575654,18079900.1475393,33983.039750332,13739.5321900487,81770.1315505459,40051.2886019308,71.1692324206445,7891966.85791007,60956.5901852235,5008.9216259481,716427.666191007,2963424.23288331,1493577.99704502,5879020.58451605,349624.301475041,348136.110192584,351286.62267183,353195.51127457,1492478804.36486,1492459655.26102,1492482979.5736,-4687193.04139443,-1694317.99504193,-21693993.8143775
2018-10-09 19:00:00,2018-10-16,5726946.86589471,2128709.39533909,15413686.7562086,24784.5993447814,9771.21492481545,60962.2315129811,34101.3614917042,35.8304652077826,7613426.85116031,45718.3661607946,3478.59534489183,572412.484743493,2339111.34153841,1178338.91889054,4642287.8855152,421461.355194388,420053.361155929,423461.710679847,0,1491693228.00193,1491658614.55392,1491819224.9414,-3175739.5993191,-831570.214457584,-18781255.8950603
2018-10-16 15:00:00,2018-10-24,5731255.60713101,2133631.43649364,15399466.6850077,22568.1150085274,8734.13446978308,56406.1294229763,34332.5984231592,26.752875036088,8216930.19911814,42516.1186431859,3072.36677762939,562564.982781708,2236007.41723121,1127409.70794775,4427102.35432551,582242.255074608,578912.356294266,586797.730978136,0,1491588466.89877,1491472097.38629,1491531257.48297,-454978.284810072,2114181.35474603,-16664623.2156369
2018-10-24,2018-10-30,5666732.75564026,2104239.68237129,15281074.0014989,25965.359393446,10308.09230933,63271.5605544528,33771.0257364776,46.6447258785553,7334886.84441054,47360.431763108,3761.8854643774,586033.024674498,2374784.04018583,1199301.92550234,4708511.65775347,229382.994401328,228547.793213536,230463.394440803,0,1494145911.38086,1494028942.08168,1494084581.46409,1314452.73797378,3968413.94072479,-13746654.5320642
2018-10-30 14:00:00,2018-11-07,10662247.7521765,3961516.15245119,28725932.7783166,92868.4111378018,40578.9047036083,209955.802431772,62896.4387445445,569.289318996322,6712431.75587454,149591.159818906,15131.5143208301,1475380.49311869,6113492.26999709,3086132.06452528,12096142.0090606,151431.046912454,151180.93322188,151759.466894105,1517600.46100331,1498630026.65678,1498608577.92856,1498743501.99097,-8974867.17024161,-5188495.64082061,-29128321.2318103
2018-11-07 03:00:00,2018-11-13,9414239.73273905,3505424.68525051,25291575.0948375,81626.299909574,35734.0234145627,184061.287368075,55562.9474866834,465.831341831949,5870487.87350007,131933.119742054,13319.73331208,1288105.13954913,5424044.28936497,2744236.11426057,10745085.7799719,160834.493595828,160208.921255853,161576.252258063,300383.048604459,1495875440.39251,1495873656.51154,1495853089.6742,-6041078.37403089,-2514681.66148712,-23648898.9000492
2018-11-13 13:00:00,2018-11-20,8467075.69233805,3151911.0910462,22821091.6025462,57641.4662781654,24442.0777350172,133231.426486819,50115.9600647009,219.457755942937,7704657.57070269,97527.7937540325,9148.6147164973,1021381.91537578,4327735.90191738,2180652.74666627,8576486.45759935,208859.008173509,207917.335040005,210077.044920899,141278.204509828,1494233228.384,1494252708.02312,1494289290.29912,-4775786.81738402,-1447730.34374705,-23594865.528281
2018-11-20 13:00:00,2018-11-27,7476851.59833463,2781851.4974837,20094173.9565304,43308.5713969512,17929.2189387447,102112.058831534,44665.4460099086,119.679148452108,7845543.52345178,75717.626109742,6643.39290953824,840748.911606366,3532412.07489964,1782336.85032481,7003155.18431222,182375.207675265,181706.745412928,183291.033020743,77703.0124804054,1493734485.77347,1493692919.71194,1493779989.31943,-4639592.3226767,-1692862.9390433,-22395199.2932076
2018-11-27 14:00:00,2018-12-04,6978944.83010796,2595081.53693605,18769257.5468125,37630.6439630845,15348.2711067939,89564.7892605109,41508.9958032222,89.6360011181028,7752696.85453519,66709.3789309312,5666.216111795,762020.512500675,3180013.65560581,1605897.56179001,6304013.77085045,95131.1871398492,94892.2865718908,95390.1608153547,226045.127215725,1493098352.42255,1493071555.6643,1493007329.58561,-4746618.41989516,-1699480.5344595,-21937292.2642687
2018-12-04 13:00:00,2018-12-11,6011776.74548979,2237536.80062842,16161074.124073,26789.9550167447,10614.0123241158,65737.9843048073,35963.434721362,43.4579725536385,7845543.52345178,49240.2016347818,3825.80939803244,608997.935856131,2489834.39272031,1256474.48277081,4936667.34470181,130387.095444499,129831.691053236,130984.226463436,63575.1920294226,1492427428.13593,1492334444.29869,1492449289.99016,-3911131.65915743,-1216575.6270684,-20005555.39003
2018-12-11 14:00:00,2018-12-18,6097126.85493765,2261529.85896235,16414894.9918404,27907.9192080673,11071.9337136983,67958.9028818744,36600.2011705901,46.3830320945402,7752696.85453519,50898.2712770743,3986.35388449278,624500.121548551,2561783.21615187,1290618.10632081,5080353.39226005,95075.7847336671,94789.139021841,95384.2011896421,418439.343514739,1492083420.5175,1492006166.09721,1492162003.46162,-4989263.49047247,-2301393.24411489,-21148734.2595911
2018-12-18 13:00:00,2019-01-29,34054266.2479451,12657309.929148,91591742.6851059,142408.80657498,55672.8146953522,351861.959499649,203430.946422263,197.33942906178,46841144.4684192,264442.784650081,19778.2203204721,3393054.82058364,13661463.0219896,6889612.98823629,27086020.5070506,788133.42350656,785286.400287956,790792.825041647,3454252.10026529,1491068270.61625,1490960184.45849,1491170276.84527,-24447136.9142016,-9402108.13607389,-118556251.949171
2019-01-29 14:00:00,2019-02-05,5096891.69732859,1894134.91238338,13717545.7730432,18748.9687228982,7154.21978760731,47325.9299011789,30511.3914687069,19.7152403091149,7799120.18899349,35672.9949939955,2496.40125967868,485764.901901226,1917937.48594526,967979.410972631,3794460.24847148,231091.682639675,229815.77664397,232026.514066031,437962.433980467,1490290338.14241,1490159175.2111,1490280479.72453,-2585964.16231967,-316118.325404789,-17414435.5465522
2019-02-05 14:00:00,2019-02-12,4817176.13320805,1791855.79199292,12976505.1866987,16372.3879929736,6132.57265117849,41905.5151034351,28908.5584930235,13.4313244650393,7799120.18899349,31704.4022362711,2103.73536341089,451655.436259645,1745099.02811055,880600.654995761,3460447.84651391,277095.556376435,275880.782917318,278372.828417563,727582.753225614,1491175132.298,1491205972.12983,1491108333.89416,-3817043.81463895,-1393702.46950447,-18569870.7498792
2019-02-12 14:00:00,2019-02-19,5514017.63267718,2046337.7261795,14865963.3213131,21653.812142545,8369.7565834843,54122.8772136224,33079.1854324533,25.3076467457562,7938390.19236837,40723.0934431021,2953.24134347726,535975.855965552,2145978.54723411,1081788.53366223,4251076.26508937,292234.773750214,290590.940672714,293551.966273269,826477.496382494,1490957638.13403,1490894049.7853,1491085838.2713,-3913671.30952364,-1489675.42700094,-19573360.9314204
2019-02-19 17:00:00,2019-02-26,5055745.77163732,1881751.3660808,13618988.7767571,18200.9439572023,6903.75031848999,46231.5863427553,30298.6540195846,17.2071473487461,7799120.18899349,34750.2645780432,2388.53947432428,478833.753705416,1884635.32630216,950510.74519951,3739864.90836599,379896.128877814,378098.046502043,381734.260003171,374387.241951044,1491041704.7236,1490996990.36576,1491107946.8981,-3786693.72171324,-1458212.33932031,-18704907.6909107
2019-02-26 17:00:00,2019-03-05,5148097.13266028,1911209.96627162,13821968.6624553,18276.6096533938,6891.30621432833,46607.3935374204,30853.637955551,17.1714325911604,8031236.86128496,35007.3938849801,2383.93428853987,489739.867780057,1906153.53622613,961368.530451931,3783914.13150401,385685.535204608,383412.137314664,388020.114230212,111687.651439266,1490503862.42285,1490488045.05423,1490586573.87205,-3156649.67419271,-808693.7817599,-18516266.3275628
2019-03-05 22:00:00,2019-03-12,4715004.12999024,1752354.26360999,12679294.7659448,15898.1654105583,5951.01886760362,40708.5118266696,28320.0490815082,13.1378940292504,7659850.1856186,30704.1085941451,2025.55139001668,441932.256379898,1701707.71018851,858230.684032258,3372539.83592487,489259.846005536,486407.960521633,492032.169575579,8259.7690431927,1490399296.10282,1490301084.91743,1490465289.45217,-2561153.46440563,-333932.394030742,-16976984.9687527
2019-03-12 19:00:00,2019-03-19,4787343.53262257,1779360.3859793,12901879.4557929,15862.5294538657,5903.2670734042,40753.7425571747,28665.7670255049,12.3696957649863,7891966.85791007,30764.2168311133,2014.74340620399,441444.278644587,1714306.73320182,864391.269408771,3402186.33712964,481096.054982459,479046.336890539,482790.332901064,390795.537356713,1490445361.30434,1490289573.43199,1490555322.15439,1783014.4251146,3904166.42965784,-12797197.3636606
2019-03-19 21:00:00,2019-03-26,6484366.28329053,2410179.35801817,17490147.1546864,35106.6815689988,14373.0535184552,83595.6453107713,38507.1098111231,93.6170669758967,7500418.22179224,61905.7273696373,5322.05936023867,709019.640272517,2941961.52614854,1485749.6857223,5832344.8196061,713361.302698392,711282.403149023,714883.936914974,68219.5739493323,1495286404.52456,1495274239.27056,1495294137.28126,-2314710.7360527,421596.686978172,-18543334.1700403
2019-03-26 15:00:00,2019-04-02,8982034.43716901,3343846.94642096,24096478.7103395,67111.4769048826,28902.8370685429,153675.801300769,53221.7495711232,296.665103722914,7351116.11057236,111798.259631967,10847.4888217859,1136764.92599285,4810193.21404237,2424081.86075194,9559067.10447987,615477.058666649,613000.317620192,617329.867076938,73920.7613360478,1496004476.33565,1496035076.58001,1496016889.54128,519266.197496022,3950017.24945106,-18329725.1290247
2019-04-02 12:00:00,2019-04-09,11543512.9128866,4282380.7805298,31042644.6377283,113992.44612309,50324.542031736,254325.394564361,67922.0029404717,799.421056984409,5701946.95573955,179376.285260957,18751.9379788143,1712522.88552772,7075868.43376666,3572641.60333554,14055630.4979899,508603.266937572,507259.164769192,509565.510576065,840076.914100074,1500386158.94505,1500340910.78897,1500387639.31111,-5427446.54681683,-1217586.67314273,-25324034.2985941
2019-04-09 16:00:00,2019-04-16,13394797.8807627,4964536.47387844,36113141.2632218,165304.185580196,74156.3214232373,366415.784065448,78721.3847018033,1492.6955005054,3917427.7394032,250468.304937634,27281.8065972525,2325623.51745791,9199615.6680058,4634386.35196244,18272090.5905618,431911.809447925,430891.331826586,432637.741908124,597845.976840113,1500119121.25884,1500003197.26947,1500282485.46556,6072550.26756122,10111799.8631895,-13659058.6526985
2019-04-16 12:00:00,2019-04-24,19224418.625567,7145282.22077767,51769813.6346622,364740.157653133,163353.233257433,817997.963478957,112635.197726474,3458.16755231998,4178707.61756873,506508.525038658,55083.4869642929,4913412.585994,16138878.7818986,8150880.13180308,32051833.1508349,666670.567670584,663504.227875428,669434.831493607,366294.336928926,1511047281.78177,1510959864.56529,1510994320.9192,-7631103.89636485,-2763233.00367218,-33114865.0626044
2019-04-24,2019-04-30,22397043.8973686,8329756.7342167,60232643.5327029,560236.366932643,249986.672652933,1265797.97870987,129907.055566374,4988.02821034563,3597646.79600562,741394.243497416,78314.3496549797,7355608.69520101,21811307.6233404,10996394.0296896,43213754.1395767,555918.507703417,553432.031832706,558110.674105968,231746.31460244,1507185225.37875,1507169957.65899,1507150175.00133,-4456198.57569383,-29396.2610549965,-31707294.2857791
2019-04-30 12:00:00,2019-05-07,17790282.4620142,6609043.99647179,47748237.8466869,294281.972381707,132886.335855973,650627.931831302,103946.941975952,3177.93937587852,3338975.25281999,421607.956091997,46342.5978932038,3941263.16649961,14116559.5605819,7122032.16807389,27964380.4039982,787373.789662636,783275.524506322,791547.555890313,353445.807306182,1504422128.54998,1504374241.87675,1504465744.77809,14843362.7572045,19610361.9534571,-8428678.44850544
2019-05-07 16:00:00,2019-05-14,22005736.9804219,8189546.72793645,59145158.6135262,534629.294762053,237489.055038249,1219140.21201455,127847.569611628,4561.88822725905,3851181.24689831,708428.431039572,74278.090358445,7115080.30754587,20967326.1815099,10574772.3915034,41521940.0006456,933879.009983996,927707.479047048,940005.015228852,10818.3506996699,1523325123.09671,1523222185.4735,1523315695.71587,-13821735.5443709,-9312125.38286959,-41206604.9805202
2019-05-14 11:00:00,2019-05-21,30519664.8790536,11333866.1092725,82069857.053178,1029344.44645906,445208.159957599,2413507.65033574,176127.43841666,5706.61689625115,6074324.63131365,1285968.74651381,123968.257759974,13996047.5349857,34412352.1110809,17339505.4648077,68288131.0196578,700052.356829002,697395.645266981,703239.51984539,275325.63477309,1510989642.98738,1510895014.20779,1511017784.57471,7589691.47024355,11547293.1555153,-30046944.5715429
2019-05-21 11:00:00,2019-05-28,23065035.5152553,8594021.24197222,62075720.2484376,550495.368946059,245679.016400082,1242346.59542513,134129.382479147,4992.36411134158,3715757.42431624,734082.3004935,77573.5748641783,7281838.31849668,21878602.764323,11041371.0582057,43325467.8811685,681345.01633151,678279.673702725,684982.025676099,21191.7306764742,1516753361.13493,1516685761.60133,1516712251.39881,2536571.7593841,7395711.96699414,-25810345.4829675
2019-05-28 11:00:00,2019-06-04,29338391.9651872,10926788.6408099,79128103.5508853,925920.633240325,405826.931881128,2147335.02845847,169520.835722065,5914.24288421142,5382777.21780215,1173929.62455928,115911.749321615,12644593.3856085,32067308.4440653,16158407.4029265,63513722.3009826,1002740.77218806,996562.01724132,1009191.93919418,0,1521234919.41151,1521201820.52887,1521331770.56192,-10502765.0061653,-6306701.49670903,-46827713.6398779
2019-06-04 11:00:00,2019-06-11,27459839.3068539,10198307.3618997,73915477.4693739,784222.566756726,345835.683193804,1798922.38982632,158474.348466825,5794.72131371582,4779914.26861801,1012469.35724631,102175.476059387,10512535.7200798,28496517.8500706,14387987.9651014,56422986.6409171,918623.796103172,913696.551746039,923450.289929398,1349206.85306886,1509269868.2478,1509154001.83157,1509324541.20994,-1959259.971749,2679072.10965195,-35475803.9514104
2019-06-11 15:00:00,2019-06-18,22241524.1946841,8286432.18911911,59587692.5523281,509958.172815635,228324.799608245,1147334.95377499,129215.487492648,4980.40180165334,3435862.16020788,687206.068530972,73541.2669121892,6713728.24996161,20759990.5861068,10481621.9363413,41154186.0944268,1055485.88805283,1049255.55677454,1060929.12763431,77703.0124804054,1508659679.06227,1508687817.65028,1508703248.89828,-3226489.66616407,1430810.56932421,-30220797.205492
2019-06-18 12:00:00,2019-06-25,20105374.6453361,7464983.41046614,54029842.5080108,386432.396328116,173730.533163727,859689.319317462,117270.909609143,4185.74479907676,3322926.38074008,538235.074053858,59045.9078238409,5109583.29837791,17188505.9501558,8695292.53012239,34027176.0211521,751407.916413794,748422.357260596,754427.139925318,1179673.00765706,1507263319.85795,1507214226.15148,1507274163.64441,-8203648.83517478,-3353835.27603685,-33427570.9101458
2019-06-25 16:00:00,2019-07-02,17738277.1953124,6621237.58852989,47690966.7454517,298987.665492278,135100.672328419,662429.499783312,103754.3788686,3257.16739797492,3333247.52513164,426473.411706565,47164.7693090381,3983944.40539218,14199767.993388,7177549.11242176,28105585.999512,1006316.38058209,1000594.00265845,1011254.41818931,332003.780598096,1503446743.18919,1503506766.59436,1503358232.0849,-5684232.77150788,-852039.809163183,-29125482.0795756
2019-07-02 17:00:00,2019-07-09,15170654.659762,5642776.11779852,40827519.505119,212522.138038542,95768.4513326149,471747.91117073,88977.5153540858,2128.67922301365,3598267.97858506,313701.702326663,34587.8888305693,2903991.78784662,11093851.7613801,5597573.35332568,21995644.4290394,880360.731947093,875430.691010134,884963.147986758,791157.945255037,1501455922.47569,1501267036.05344,1501466813.13882,-6480232.404319,-1847662.30151379,-27412030.8606502
2019-07-09 17:00:00,2019-07-16,13133834.5518143,4889603.25680484,35254175.3889346,154820.116352134,69322.889989463,343261.807700516,77319.1519344362,1326.27842572834,4199713.98419547,236770.823404122,25615.5312032904,2212612.68697385,8813555.38007764,4452456.54466784,17507204.4732592,944755.516526908,939401.686507253,949783.68726531,416770.703303993,1499578491.53878,1499567082.74374,1499712565.87541,-6554415.5980645,-2415870.84846242,-26333043.0238139
2019-07-16 16:00:00,2019-07-23,11231286.271446,4171012.63363888,30135734.6434541,110930.678997182,49083.2914710415,248234.157559337,66189.3333030362,763.054874834747,5099805.98455224,175402.291703941,18406.0847868955,1678135.83578016,6903183.84543568,3478727.44514403,13669144.0957263,852757.151520653,847403.145343759,857562.336221614,141278.204509828,1497285280.39092,1497203586.13051,1497307475.4555,-5066886.95640363,-1107062.52910355,-23802925.0891678
2019-07-23 13:00:00,2019-07-30,9989491.88782605,3721194.05023636,26898220.9161379,83191.3142303723,36212.9880907158,187943.164225372,59200.015500948,445.284596139302,6730453.57084004,135687.488205921,13668.2349890828,1340732.49586046,5640757.8708165,2843765.04400335,11188504.8778344,1048212.66996419,1041260.0923964,1054749.40080005,14127.8204509828,1496187539.21752,1496177143.43525,1496254825.60519,-4695866.64483357,-1076751.56335368,-24093513.5869804
2019-07-30 13:00:00,2019-08-06,8988716.65035522,3335356.48675069,24177354.4663758,64410.5190074862,27474.6078676731,147355.531360191,53171.4773174123,260.70003128635,7777056.47137244,108244.921103468,10388.1546846875,1122577.92753248,4716002.49568772,2380410.19993842,9343615.02817257,1177099.7856794,1168749.70217486,1184315.73629974,0,1495084400.55812,1495011853.53715,1495078697.2838,-2639474.15365642,878353.448269019,-21978642.6423784
2019-08-06 16:00:00,2019-08-13,8098888.33747709,3009913.35715517,21764222.4341703,53303.3705698901,22420.8263196615,123958.576032675,48043.8019210577,182.799463214211,7642512.73417578,91023.6241709772,8509.8401647552,964241.277701018,4073828.92909053,2054114.73009048,8079389.55973312,809044.719277189,803869.743574941,814008.469952365,381451.152176536,1495766367.69088,1495729624.52694,1495781370.77929,-5288042.21714786,-2072386.60383397,-23418558.479981
2019-08-13 13:00:00,2019-08-20,8223916.12998656,3065153.60957264,22135688.3165137,53890.8324307546,22660.831665476,124926.46032714,48835.1706351129,189.406992168468,7751096.69149545,92106.8519475343,8504.47010013815,977314.930473765,4125761.9310447,2081800.54178901,8172552.47437926,776280.423642476,771859.331463968,781228.360293051,324939.870372604,1494268162.11168,1494294054.19153,1494273477.67707,-4232172.26514548,-1011720.74880992,-22770697.3908304
2019-08-20 13:00:00,2019-08-27,7778210.92396805,2892506.37200262,20952612.6881173,45244.3540322944,18698.9123897102,106296.569549738,46248.5552679063,123.143524681401,8124083.53020155,79183.0347408014,6971.65328654481,876727.595418442,3677837.06347315,1857271.80667694,7285297.29127303,801715.560441119,796375.290583873,807389.503086543,169533.845411794,1493877636.34722,1493883542.23521,1493829545.24371,-4288443.20848651,-959426.496684563,-22883061.4736492
2019-08-27 20:00:00,2019-09-03,6613687.61117408,2459879.26656377,17790715.7734164,34962.8971894209,14218.3413300971,83429.1455536831,39518.6968435425,79.6297196451899,7474156.84778542,62146.2725170728,5250.31190676557,715403.609224668,2983916.26969418,1505692.79103336,5912414.26270103,813832.749788625,808233.230666177,819770.529114311,49447.3715784398,1493228061.22824,1493137048.1959,1493304305.57638,-1075355.9069298,1565683.39947091,-17394465.9335131
2019-09-03 13:00:00,2019-09-10,6728051.06885473,2497575.90027216,18158169.1451574,34540.352950291,14031.0355890085,82717.6465345753,39957.3176218842,73.0662850770242,7798429.68704345,61787.2081758584,5152.69089908113,718722.553137316,2985371.58170541,1504758.9794787,5923180.23870161,700537.981749979,696570.984256027,705613.54649237,988947.431568796,1495154719.15113,1495123550.21813,1495084937.87525,-6053052.92472615,-3209418.86597946,-22983194.1987378
2019-09-10 13:00:00,2019-09-17,7596389.91946511,2819339.37083357,20451967.3595848,44596.93222644,18517.6357318553,104892.493754219,45281.4384237564,126.920903656965,7935652.29844173,77694.5531897369,6843.91774070653,844245.511789742,3609549.90715206,1820349.76120277,7143759.12164724,535748.186219771,533158.683731479,538851.607906229,35319.551127457,1493269040.04212,1493258548.69764,1493179969.17015,-3153855.23721074,168473.400596998,-21253715.8023345
2019-09-17 16:00:00,2019-09-24,6683155.06494986,2487925.71376504,17985118.8953817,33848.0917835914,13705.8196626967,81169.1701994625,39673.6988219386,69.5663723392361,7799120.18899349,60677.5508242027,4981.42807044063,714610.916743806,2952550.44102762,1491387.77760485,5852678.64138118,433714.104253748,431683.323019089,436174.48206297,508601.536235381,1493769169.10597,1493694299.38045,1493875081.52215,-3569029.54745362,-747125.793582021,-20496348.4632696
2019-09-24 16:00:00,2019-10-01,7967837.85229413,2968045.89276414,21459747.2098582,48652.4483480664,20345.1643170138,113710.975355659,47354.2770517035,147.03790384596,8028626.60190224,84241.6808719475,7532.66389569032,918463.15346048,3860851.35364681,1948512.08327524,7646182.37831562,357779.059039473,356130.294802525,359551.578967987,416770.703303993,1494139830.95585,1493997718.50129,1494220168.69205,-2954429.19061346,183174.300723078,-21439357.7509071
2019-10-01 21:00:00,2019-10-09,7644168.29946811,2840334.20484778,20603695.8390294,44764.4328655779,18521.575718872,105198.277674845,45365.9426046973,125.066662218348,7938390.19236837,78120.2912769648,6941.15559368067,859358.911148057,3626905.84923761,1829204.4004403,7188392.01816592,467405.323541849,465142.035429072,469853.879075471,762902.304353071,1495531628.31442,1495489945.43698,1495511542.07688,-4129032.72883884,-904122.882036278,-22302803.7249324
2019-10-09,2019-10-15,9302724.02439544,3456688.31926452,25031783.3158601,75808.1538622868,32949.4059648765,171750.423251871,55068.8568007227,386.333332973419,6530424.82326094,124190.774845596,12377.1073263086,1246839.48551033,5200018.53208883,2623504.08067193,10293250.2954727,372472.894437489,370462.827118574,374784.908783885,70639.102254914,1495883605.68337,1495798441.33938,1495941897.06615,-4241623.51266288,-802173.714552978,-22435246.1776716
2019-10-15 16:00:00,2019-10-22,8966857.300286,3336504.59094245,24227765.4800094,65257.3248724302,27939.4563378039,149582.586589611,53038.5393588901,270.015032419126,7586631.058397,108960.351209132,10494.7538106674,1114701.86186129,4739139.90953794,2386054.29106491,9398389.10984871,288739.91414743,287809.575026992,290162.18777289,424196.152241812,1495697921.65634,1495746597.10759,1495718796.71195,-4288763.04634288,-901764.671553401,-23653894.1898874
2019-10-22 16:00:00,2019-10-29,9261949.46950098,3429853.78341077,24928711.9072593,69543.1404580146,29906.4337360858,158783.342056372,54984.2358296824,313.056834807072,7542356.04088042,115460.713571161,11109.8107193499,1175101.35721824,4975050.28952524,2507997.13016714,9864502.19336047,303022.910062536,302052.753767044,304242.866725484,275492.498794165,1495999588.45428,1495907028.75918,1495942573.14267,-7014847.91028613,-3340032.37859093,-26461916.0777927
2019-10-29 18:00:00,2019-11-12,16498464.5010515,6132345.48928348,44440525.9614963,108829.569131923,45905.8175319206,252625.751690037,97992.2415411795,378.370752817204,15504385.5954681,185837.754053622,17189.1876057516,1981451.46005688,8299938.71397304,4179533.72895006,16458132.5252009,592394.783591251,589752.368512867,595467.702366291,141278.204509828,1493484097.40256,1493356812.76751,1493539166.46364,-7332606.62215386,-785775.628690931,-44348570.9564939
2019-11-12 18:00:00,2019-11-19,7175499.06102104,2666414.64452733,19322803.888424,41166.0885395625,17041.9738327949,97347.1061733804,42627.9151324672,109.866041375476,7567003.51670201,72054.0963890952,6286.73135548617,796332.814772008,3368134.436919,1697332.81054261,6675015.79830662,147093.326022035,146594.538744391,147635.886941593,515665.446460872,1494291559.55313,1494274908.55667,1494321201.80717,-4069859.78777184,-1006630.21013073,-21241371.2974839
2019-11-19 13:00:00,2019-11-26,8063332.30452401,2995776.69326814,21608025.262718,51688.822753563,21738.6758164305,120191.978670858,47827.4284336492,171.102153054124,7798603.50220632,88504.9076219222,8111.68165132682,942937.142733952,4004920.60469204,2022596.09064487,7938022.12797657,158442.724737961,157890.2016304,159054.363541265,628688.010068735,1494553484.60996,1494510038.34647,1494676162.90997,-5257556.03875204,-1999484.20832247,-23592716.1197202
2019-11-26 13:00:00,2019-12-03,7334077.71568051,2719179.33845745,19766868.2587302,40285.3165271631,16542.1956563284,95553.3038291886,43719.5809333464,101.470513957487,8077660.19574325,71067.4408647945,6115.81703038863,810072.780371792,3370504.47505189,1700187.32279663,6690023.78541043,155457.917288779,154813.15654638,156114.875352713,204853.396539251,1494012606.71518,1493918691.63163,1494150678.57233,-4652371.75063442,-1606777.35431429,-22593543.6678305
2019-12-03 19:00:00,2019-12-10,6971946.73430177,2585393.48211165,18753537.7117562,39085.2216911136,16123.9193791831,92544.5055615712,41391.5029252048,96.4028949269694,7520580.18224372,68610.3858442983,5854.83020656873,774054.733910091,3236462.33172937,1631187.17442839,6415961.68729901,87004.8144509001,86773.6352130572,87262.6244833535,614560.189617752,1493528276.02275,1493434017.23825,1493635692.95687,-4963591.42497975,-2199646.20327861,-21802624.8520569
2019-12-10 13:00:00,2019-12-17,6837428.03671701,2543266.94366461,18461395.1233112,36001.0916686234,14599.1963354294,86133.3469888476,40767.4086308081,80.5273714986887,7752696.85453519,64120.9356070401,5414.12611333405,739391.93957323,3081160.721202,1554769.29668075,6100175.16468225,103689.135473389,103387.377630253,103954.742709808,536857.177137346,1492976811.48597,1492883445.3975,1492940114.76816,-2722043.3285855,257165.324608733,-19817966.2674139
2019-12-17 12:00:00,2019-12-24,7148314.28097907,2654223.64710868,19225303.9561268,39643.8976286486,16312.4266063065,94170.2405347626,42627.3125888162,104.195713587723,7845543.52345178,69702.4090657609,6010.21119407932,790342.545756206,3297987.63416558,1664099.27358012,6536605.44672866,98740.6077010272,98364.7764908599,99023.601025847,685199.291872666,1494585092.95047,1494437823.66424,1494639341.38908,-5556060.23475822,-2524349.27590449,-22918107.1061677
2019-12-24 13:00:00,2019-12-31,7441334.65428705,2759634.81328318,20034672.0817376,43583.3963415389,18073.9251528574,102505.766669369,44313.5525610916,119.699699092606,7749632.55338989,75936.9131982452,6688.94326598039,842972.962287886,3528949.23344703,1782946.94236071,6983252.99681918,94255.6372129345,93971.4285967787,94580.8918076779,77703.0124804054,1493617791.66598,1493524647.06806,1493714377.8356,-4071473.92228842,-1058495.36859401,-21824862.7797781
2019-12-31 12:00:00,2020-01-07,7168633.32844872,2664039.79370443,19252344.6203739,39672.1643018618,16279.1034762704,93971.3845029732,42507.2177160071,97.9609144431682,7799120.18899349,70031.4957538466,6036.6191903887,787451.846226129,3306373.04533406,1668811.14734736,6558916.96348926,84040.1037421501,83862.7498367093,84223.8991193131,1426909.86554926,1493605984.4019,1493429436.77622,1493641184.48993,-5567022.88337349,-2568047.6336607,-22836217.7984772
2020-01-07 12:00:00,2020-01-14,6735003.11907681,2508907.56815943,18152718.0368702,34767.6320366378,14097.0224555037,83256.9537139813,40200.3575958192,75.7603425662324,7799120.18899349,62064.7111231555,5135.53854064839,721184.822925354,2997442.43928318,1512190.89563146,5927123.6546797,100866.50349624,100407.923326163,101214.439269145,1010139.16224527,1493396302.44122,1493309876.02078,1493433826.30192,-5344842.29458831,-2530590.86579571,-22242747.2670895
2020-01-14 12:00:00,2020-01-21,5978311.25917766,2228119.85304108,16059562.8698531,26584.7435759453,10501.2592511637,65142.604818561,35645.9054701464,41.1768013273178,7799120.18899349,48707.2553734202,3756.23555621482,605632.428802951,2474202.08631987,1248697.57658092,4899593.15586883,154068.186334594,153312.672255059,154811.157746682,381451.152176536,1492835326.18593,1492805209.82449,1492828991.66891,-2794930.96198921,-137700.862420469,-18786233.7863293
2020-01-21 12:00:00,2020-02-04,13515397.2840496,5032516.28054613,36313011.7876674,69902.8327680954,28415.0363790152,167420.678744279,80417.4468770949,154.283118436481,15598240.377987,124770.562070892,10438.8266465006,1451678.12313328,6024332.97204135,3038697.1301337,11931887.2487986,284269.140746668,283326.39040226,285159.525627528,1313887.3019414,1493882825.26706,1493875480.96919,1493913150.23448,-9186906.95023896,-3515629.04818532,-43006487.1603471
2020-02-04 12:00:00,2020-02-11,7315475.64541317,2721530.86778525,19671849.3669151,41503.5359886223,17115.5974078909,98090.933862097,43489.2824307971,106.24494232609,7799120.18899349,72809.000779065,6321.81041637242,816723.298039259,3415484.89614318,1721687.94380156,6768284.48332342,215394.563349272,214487.113300714,216207.240876442,289620.319245147,1493491691.63174,1493496185.30389,1493460909.39439,-4695748.05325453,-1452876.66307487,-22347171.5846052
2020-02-11 12:00:00,2020-02-18,7020337.93524207,2613502.54096323,18864681.0662111,36599.5957216163,14857.2920289682,87348.7764941438,41819.9809748961,78.0546431887452,8031236.86128496,65290.3663820802,5416.16773493652,758240.488930641,3150252.08156486,1587788.54517079,6254594.20498252,244355.518846113,243505.776303745,244947.14272967,501537.626009889,1492927961.90285,1492839926.10214,1493106552.51401,-4468524.31930959,-1594049.50504561,-21858674.0778383
2020-02-18 17:00:00,2020-02-25,6185503.15327357,2302083.05647267,16656835.269225,29506.8626049425,11815.3454788358,71307.075967706,36908.9787079271,52.7926278803292,7567003.51670201,53463.4760240981,4312.08335649081,645859.033723105,2652048.9239436,1340475.08084905,5258005.38836813,389839.330787195,388162.641733673,391721.720208277,225822.641854292,1492730415.48746,1492724755.49552,1492816600.36887,-4112130.93501384,-1505964.64240742,-20168730.7815659
2020-02-25 12:00:00,2020-03-03,6067335.7707676,2255519.27102438,16307921.2648785,27342.6940918011,10794.9751608311,66767.5587961364,36259.2985566494,42.2191995340952,7799120.18899349,50079.1559726746,3900.41084625498,617515.379717328,2529904.06633811,1276664.33832897,5022905.0093892,327056.622750004,325931.605055599,327899.984266535,78175.7938734501,1492107601.41018,1492073125.14285,1492126083.92367,-3129901.1600941,-481120.265909934,-19323192.8409231
2020-03-03 12:00:00,2020-03-10,5993649.99434109,2234011.57899567,16124214.80129,26857.2060897053,10627.2229166905,65699.9397899265,35764.6772555011,41.7724101931492,7752696.85453519,49306.0592620224,3845.28749658975,607370.119037191,2490049.9475161,1257055.34541562,4934492.22469972,373314.585580158,371666.203697568,374544.335738958,22304.1574836382,1492379932.27426,1492268627.49453,1492390800.38448,-3394277.28056563,-728886.458729531,-19365700.5881572
2020-03-10 11:00:00,2020-03-17,5913153.36846471,2204445.50725052,15888549.3783054,25745.7594952066,10136.6286224717,63101.2165067204,35312.4516556957,39.0349546476136,7845543.52345178,47457.6811066437,3636.21321113167,599388.715295354,2423331.63035809,1223786.51298071,4802214.26329906,464441.634977294,461882.822179834,466585.672524379,180101.900079852,1492250172.55503,1492166176.21807,1492304022.39594,-3017215.15191691,-448402.001768026,-18889772.1523057
2020-03-17 12:00:00,2020-03-24,6001983.62890091,2225025.18278722,16148385.5894746,26627.165589257,10513.2009445822,65242.8928432763,35737.7912148107,41.0027597941439,7799120.18899349,48951.8581144839,3808.73748155523,609459.896266069,2482530.37411197,1251146.59943044,4921723.25888904,733012.170365861,728526.36995526,737210.270968604,106320.192094699,1492546955.29858,1492584288.86358,1492568310.34313,-1905569.15487617,733878.766457723,-18138461.9837546
2020-03-24 12:00:00,2020-03-31,6591142.55902968,2444600.86316999,17705577.4159586,31747.2916567876,12684.792336577,76859.5931295592,39240.9715726741,58.6634802354253,8031236.86128496,57388.2941848781,4575.47502314763,684778.956874307,2839073.67613453,1428677.3951196,5631714.96400288,440496.505720278,439096.154376855,441683.52438947,508601.536235381,1493645464.23514,1493515422.10964,1493668224.45627,-4235469.96795475,-1360324.2499688,-21094451.7921503
2020-03-31 17:00:00,2020-04-07,6860925.57450368,2549832.13410742,18449771.9661892,36214.6184673509,14749.6558802721,86307.4369511695,40693.7767169884,80.5348531046211,7752696.85453519,64539.8302112882,5445.7605781741,743175.297488329,3095083.42396466,1560119.75350248,6149794.49522267,418244.487272421,416024.556484877,420038.081940981,918308.329313882,1493358544.73801,1493354626.19258,1493410647.98705,-1635067.0822661,1169852.25695457,-18671804.1851542
2020-04-07 16:00:00,2020-04-14,8552929.08173053,3182309.95343166,22992565.673328,58910.4656130851,25117.1238086079,135830.446945718,50746.6037727645,236.523563013359,7627209.67644153,99594.7167862879,9420.13933047693,1037883.1308674,4390198.79488476,2215158.63938228,8705841.21771919,709066.904828589,705554.903715515,711499.267247401,0,1496130831.87372,1496063249.31474,1496092772.34875,-184258.302539137,3228269.59781391,-18847916.222646
2020-04-14 18:00:00,2020-04-21,10069536.1457863,3742054.44402763,27091911.9414484,85542.7534564789,37129.3664658136,193793.695462949,59351.6837912404,475.282194314262,6504196.71587863,139245.752695421,14155.8511495331,1387092.13169127,5737293.02134936,2896471.61909855,11374450.5934054,785476.086657436,780767.451668008,788787.624550279,169533.845411794,1499609488.73937,1499591481.53471,1499617412.1436,7784650.15426536,11399733.6782174,-11421761.8982673
2020-04-21 18:00:00,2020-04-28,19480691.4626699,7264238.32262065,52269026.9540474,388042.760364174,175036.755951904,864822.142161326,113194.741422487,4049.35094041762,3324462.18765557,536615.34599271,58178.7251223138,5154026.73728107,16898675.0791484,8508521.19118111,33508794.4064363,768929.149325676,767182.95338947,769853.289166836,543921.087362838,1511394579.96677,1511353009.74838,1511303255.5403,-951570.013757985,3743101.70786269,-25510938.6043151
2020-04-28 15:00:00,2020-05-05,27831010.6430668,10358498.8216094,74880954.8637413,832533.709803242,365529.833015114,1920918.67853077,160896.594884159,5738.83951930928,4956441.5039552,1067285.85121286,107284.000885675,11249292.5560162,29586800.6119307,14915469.5400889,58661564.5933437,769872.583917978,766237.953838884,773577.036925572,141278.204509828,1513837871.12235,1513719682.55697,1513816077.34559,-3785005.98633824,700718.59025827,-37737062.0597839
2020-05-05 15:00:00,2020-05-12,23921151.5533455,8889001.99375763,64563586.9366275,586562.737733731,261902.280804309,1322682.36153378,138359.323968473,5426.40527022833,3717964.27720738,780319.419807851,82605.6365464688,7702758.49019194,23085680.5130785,11645728.5614491,45733717.7501082,768797.594621234,764648.747389942,773177.044684505,381451.152176536,1509729196.94364,1509696364.67367,1509813418.14146,6262888.81921769,10901501.682334,-22941082.5659646
2020-05-12 15:00:00,2020-05-19,23329611.290781,8704896.12748908,62542568.0037257,559076.350998541,249478.323653305,1260543.44740585,135402.054988463,5219.7396047377,3693291.21041076,747922.480329156,78741.1107933364,7394949.90663314,22222676.6112641,11194370.9625718,44125683.1358781,744795.463742348,741222.956880002,748564.303773823,621624.099843243,1517945451.84219,1517936830.53065,1517924929.98351,-2493446.1534041,2284585.73702813,-30780188.6035765
2020-05-19 15:00:00,2020-05-26,31636146.0382135,11765315.796778,85325382.1646537,1085873.0658636,472086.95279165,2542448.08258071,182445.275555871,5899.5355492259,6175332.2245303,1350762.48745286,130284.449396537,14860902.4945757,35998563.2268807,18146012.4412332,71327890.4329341,551242.737154077,549106.496304944,554026.711039317,1087842.17472568,1517878169.89072,1517795371.15544,1517933881.20247,11288788.1390934,15415938.5024169,-28044324.5564727
2020-05-26 18:00:00,2020-06-02,35682681.9062444,13273009.4761608,96033291.4276716,1468617.11111302,622781.837743543,3525644.09171838,205573.662486095,5276.73151188885,7341924.81713357,1766518.44990109,160215.574622384,21140413.0220345,44393873.8229339,22399843.6696255,88055127.7954833,916995.528324845,910914.903092654,922268.114877979,536857.177137346,1527960221.10759,1527861036.59606,1528116129.67659,-3976372.27513324,-1088464.84189779,-49271473.227994
2020-06-02 16:00:00,2020-06-09,31847018.3466548,11831444.7974309,85577199.8027178,1124059.47404707,485870.015604023,2637678.62546672,183820.03544139,5778.53339129889,6548956.77447398,1396935.21689568,133089.412464835,15516870.3416718,36790825.5993081,18547422.3025331,72827152.6895661,820959.946145226,816997.26941278,825059.36731039,1356270.76329435,1518333227.78808,1518190297.9934,1518315047.05915,-1222731.31450992,2670141.18362057,-40845221.0781682
2020-06-09 15:00:00,2020-06-16,29113333.7418821,10842559.5135067,78344718.3880844,907438.324306711,397284.241028048,2102770.16772686,168801.986585564,5906.93705824696,5410812.41022557,1152880.46316133,114848.228948959,12188193.537029,31630798.2958759,15955262.3231589,62799378.618141,807046.783250687,803028.757443765,811966.219400158,282556.409019656,1515406814.76445,1515329841.16598,1515433222.19301,859855.052531229,5172807.69309095,-34593982.9334143
2020-06-16 16:00:00,2020-06-23,26844474.481315,9974014.13588283,72376583.2818034,757823.123488466,335380.127606712,1733457.18440917,155074.555187614,5828.40955924734,4456911.79310013,980598.335841496,100610.579527988,10082700.8408634,27766205.666977,14001506.9764514,54955920.3584478,723821.264483777,720767.728214258,727065.272166186,473281.985107924,1515453835.66281,1515453564.30711,1515490894.13506,-2546660.85882977,1994283.92297083,-35214654.4217001
2020-06-23 16:00:00,2020-06-30,26214462.7966054,9772376.71406679,70573611.8689491,718907.016365045,319491.540516147,1633935.2009132,151922.746716628,5718.97179159056,4342870.98418882,933929.825432453,95681.8589515266,9498877.73188474,26713876.5438044,13470148.9437082,52918323.4539298,1034687.69407468,1028539.71825975,1040450.64176221,812349.675931511,1513628400.35346,1513678859.34008,1513652018.59105,-4904773.779272,-430368.01507944,-36822750.0914254
2020-06-30 16:00:00,2020-07-07,25771758.0236561,9613376.69498578,69609376.8177528,703138.622684804,312067.772546339,1607087.32869294,149172.810608069,5563.54222749828,4325356.63393204,915959.59921168,94666.9538005608,9388506.06373447,26178050.0682946,13214972.2313944,51918137.1634462,788553.81281669,784475.686000682,792500.394795784,692263.202098157,1509806634.39736,1509758980.61483,1509728580.67526,-5818936.47872768,-1246074.54380338,-37500806.3143484
2020-07-07 16:00:00,2020-07-14,19784490.5794607,7366382.28168494,53191578.0815482,382113.108957686,172454.460559993,849548.115831233,115229.055696192,4071.64696444694,3330566.77595498,531772.416631846,58178.1114890117,5030086.54723719,16938978.5073819,8566206.11610648,33612977.8674745,960500.753616215,955156.854573202,965063.085567814,649879.740745209,1505253386.29578,1505170126.78845,1505200996.37972,-6573366.33395359,-1724637.84730391,-31404471.4227144
2020-07-14 17:00:00,2020-07-21,15781192.8962224,5885953.05470487,42390236.112625,233607.38664854,105369.374438863,517549.217007875,92693.2782144859,2420.97356273663,3472919.82099515,341931.990251445,37364.9114103407,3186048.11039424,11856271.1764827,5984363.21603354,23567171.7053646,1114777.16213719,1107803.30100342,1121088.95231592,21191.7306764742,1502244025.60232,1502239273.67401,1502205961.80318,-5765546.06108338,-1192474.31203639,-27318841.8661183
2020-07-21 16:00:00,2020-07-28,13697427.6108792,5091799.86000745,36854904.821804,169036.808421541,75802.9907794787,373808.338545456,80547.1644788541,1502.17964401102,3986092.21584654,256104.787916187,27830.5105712608,2380022.89950153,9406364.40605639,4752113.24028732,18667698.2200118,1164589.58710274,1156994.02705307,1171493.29231826,0,1499978048.48463,1499820116.14191,1499973621.0189,-4886367.45606681,-590381.453751758,-24906210.9582875
2020-07-28 16:00:00,2020-08-04,12129963.4340478,4508746.3029717,32548840.1466737,127541.930785961,56692.9415859978,284245.470048218,71456.6663263091,960.726179257662,4815518.68496327,199149.093258678,21176.5504272734,1893474.9826615,7687998.00324019,3873843.89388942,15218934.0692562,1120649.10748988,1112702.63611091,1128452.59727854,49447.3715784398,1498723843.4071,1498669541.94699,1498671067.83881,-6038133.34188705,-1800187.82827225,-25472001.4975305
2020-08-04 17:00:00,2020-08-11,10504879.78337,3901196.88060964,28192079.6507622,93695.5779709156,41081.6127733114,210772.032858903,61962.9801855268,547.5360909712,6027642.93835829,150897.555880878,15377.2156054261,1474944.25540533,6140521.23540223,3099207.84692899,12192373.9851148,938891.153410214,933730.159802038,944288.490712903,141278.204509828,1496454621.45048,1496441680.43885,1496521357.37328,-5023630.97375467,-1325712.32093829,-24102552.4043269
2020-08-11 17:00:00,2020-08-18,8931973.40900939,3320091.69113269,24089793.206974,65405.5217084278,28055.1555059776,149999.012301626,52940.2572398045,275.305197810422,7531107.30790035,109502.065232127,10557.0809105915,1129786.72520975,4739850.87134727,2393490.10376608,9397029.57251812,987271.225909799,979909.254277492,993569.106017199,0,1495304292.18983,1495249182.64059,1495262188.4952,-4065721.51552273,-460592.743453361,-23072644.9732605
2020-08-18 16:00:00,2020-08-25,8471795.94595211,3152684.06988722,22804703.5615066,57234.0963347428,24221.783207906,132205.451185874,50141.8971458026,208.53187441519,7815453.20932913,97218.6300121122,9152.71258299563,1012412.34568164,4312357.21959524,2176705.83362464,8556470.78593433,889959.180826131,884813.780381594,895648.940170954,0,1494671269.83024,1494686625.24118,1494787175.62645,-4561239.29565346,-1304706.59564643,-23554153.064218
2020-08-25 17:00:00,2020-09-01,7580577.13795532,2809812.90121593,20397859.7484739,45400.7164678246,18893.0875028656,106584.838663423,44932.7842953997,129.018759297672,7752696.85453519,78876.3250914144,6963.59817834919,863295.4926783,3639115.8147895,1836463.10178098,7198009.31452166,926426.140849301,919731.90512899,933190.744177644,28255.6409019656,1493584104.70361,1493445127.01856,1493607216.51435,-3608498.85001302,-535747.391318424,-21345578.1863834
2020-09-01 16:00:00,2020-09-08,6903129.48568651,2572377.548862,18550265.2248181,36141.8313206026,14701.6511846189,86527.202131657,41155.6015394407,79.2924890381542,7845543.52345178,64462.1385023627,5404.78727034908,743949.860144851,3098905.508624,1562405.76916114,6157468.6005319,801849.149379761,796552.21336954,807688.466580973,7063.9102254914,1493188106.50267,1493117041.34873,1493179328.36268,-3857835.75037077,-890538.084990871,-20951953.777949
2020-09-08 17:00:00,2020-09-15,6677732.29501418,2485475.33956049,17978905.7122591,32440.9307486199,13054.3227571009,78324.3335487927,39826.4796052422,60.8982965946498,8077660.19574325,58768.4896525197,4758.89094154713,700005.249724509,2890415.21233277,1460713.01575468,5729033.69577714,720150.252218118,715350.719098444,725535.680494477,0,1492481469.06157,1492433280.22444,1492529459.48519,-3047734.88469956,-149850.901042617,-20321391.3357442
2020-09-15 23:00:00,2020-09-29,12233084.8716492,4542439.66006696,32975624.8016049,57322.8486912349,22882.322255852,139349.135838008,72805.3000810674,100.264427968351,15273277.0367789,104186.397292928,8250.53359057637,1265863.73054238,5196660.84983536,2617783.68487485,10315023.4072624,836458.357699159,832164.569428857,841482.918756133,939500.059990356,1492631936.90734,1492492215.0037,1492706894.30085,-7918530.40386043,-2607791.10625782,-39886750.7719359
2020-09-29 16:00:00,2020-10-06,6164359.6880249,2294054.47293279,16561391.0941617,28360.0938298614,11283.0643587558,68986.6140779362,36801.4612320336,48.3561693280391,7799120.18899349,52008.7657718769,4104.60271365337,640835.53568987,2598294.49829595,1308591.32428118,5152257.45541272,601683.748184848,597867.569051647,606639.736177347,0,1492087186.77365,1492042572.6705,1492162327.78062,-1859391.46664776,826935.099388267,-18089560.6948029
2020-10-06 16:00:00,2020-10-13,6232345.4534954,2314857.62803325,16783946.379931,28744.0791513721,11452.3611553972,70013.2439116708,37223.8900900033,47.4453087591018,7891966.85791007,52339.5276698984,4108.19939260502,645915.232906945,2626871.1966191,1325246.14385078,5197427.05876143,463518.185781309,461137.562812033,466384.019453453,1031330.89292174,1493309347.06938,1493264448.21703,1493392294.48285,-1880810.68099812,739646.566251046,-18421561.5896766
2020-10-13 18:00:00,2020-10-20,7792609.61124851,2894374.97541521,20949581.8760494,47973.1507908232,20059.9611034264,112050.40655828,46251.0396251112,145.942355275407,7795651.1992299,83054.038015572,7462.56408357178,905924.891323965,3790165.97484704,1911990.48943549,7502421.09642108,261150.80328535,260159.979254102,262056.7879946,1928447.49155915,1495720130.84931,1495602248.15672,1495707353.86925,-7536921.57304667,-4306099.42370706,-25603735.846115
2020-10-20 18:00:00,2020-10-27,8309485.34205391,3080831.96697122,22353324.3068668,58206.5808423388,24748.7224587781,133623.176123299,49196.2474160484,231.574794028009,7285393.88942088,97979.300903408,9273.31751543915,1022215.30773087,4302598.5887218,2173917.30424947,8527785.52016443,263469.822152855,262530.903136771,264590.839351412,402642.88285301,1494030227.82937,1493925690.29091,1494079594.91137,-3300152.08381405,-63127.8431563704,-21225467.0360989
2020-10-27 12:00:00,2020-11-03,8098114.04458161,3016692.59103738,21770359.4324639,50712.2323927591,21267.71292146,118521.86024047,48055.2741970784,160.886749068834,7974529.89028115,87362.0915321072,7866.26422887008,938857.435590994,3973775.00296683,2005087.1189486,7889343.33425645,282476.940119996,281628.017152658,283510.39169288,28255.6409019656,1495081517.68875,1495105046.45829,1495097747.32542,4212137.41167118,7370784.59524255,-14416652.5107392
2020-11-03 16:00:00,2020-11-10,16982829.4652775,6324799.61196571,45668571.7180278,300648.548505854,134958.850292151,674138.56837977,99040.759844189,3010.07490650461,4323363.58793684,421273.284807572,45539.6630324663,3994580.39529694,13768315.8682833,6940682.1268094,27250009.6105108,156549.703512295,155975.510060387,157202.658590706,1455165.50645123,1503349902.44094,1503346064.48108,1503256059.8804,-9247466.5243408,-4621909.85485823,-32671255.670781
2020-11-10 18:00:00,2020-11-17,13004748.5419985,4844572.45974802,34868282.0453676,156950.153582897,70537.3705472483,347832.954088697,76258.9240916858,1381.14783667209,4017157.11792804,238499.684257528,25751.9202022456,2234011.27344569,8827420.00885327,4453586.07533939,17494527.3397993,127699.598929947,127255.954707368,128048.712811566,1391590.31442181,1499436527.90969,1499383416.31729,1499500966.09532,-6784129.51098905,-2624787.42848923,-26103964.075301
2020-11-17 13:00:00,2020-11-24,12969605.6117724,4812272.6429344,34934462.5479413,140233.106875709,62507.3625931169,312330.876334456,76237.1256541636,1105.61441316234,4853590.73908447,217428.564246476,23154.6789572716,2048698.16878803,8334137.49799996,4206038.32183628,16546703.9504192,168371.199063104,168006.384772621,168714.005278776,275492.498794165,1498565326.40927,1498515749.89463,1498629169.84954,-7124744.46106999,-2857872.82629316,-27493624.5830243
2020-11-24 22:00:00,2020-12-01,9958213.95759655,3705462.57737385,26800384.5431756,89526.2715347734,39215.8387241346,201750.301403636,58869.6881536283,539.515605817486,5734638.53934193,144244.906226744,14825.7704270444,1409726.79389277,5839959.81339488,2944067.1050992,11588612.6825274,132947.484030114,132564.633558283,133320.923852077,117138.542794369,1496617070.15848,1496731282.18685,1496571785.11433,-5228285.10125092,-1562644.86608786,-23498025.541319
2020-12-01 12:00:00,2020-12-08,9188633.07577521,3423016.85793968,24690722.7071787,65941.7422197642,28142.3408867259,151362.709882682,54514.757182592,274.745899857223,7866542.9336263,110586.244827301,10440.8937029371,1138618.39958825,4817961.39371984,2428540.328057,9535260.27138053,214665.9512818,213825.906031896,215816.083727209,0,1495783871.12611,1495774961.75976,1495809690.75451,-4965775.3563833,-1406069.62667011,-24760854.0089681
2020-12-08 19:00:00,2020-12-15,8729105.94480462,3248465.79440379,23520232.592321,62024.3285582008,26440.0726702464,142712.032691683,51569.871028279,247.088623578397,7598735.03644447,104330.227485368,9872.84357386189,1082272.74303928,4560964.37558605,2298892.74526796,9032103.75125426,108016.481907964,107677.735708965,108365.992332974,84766.9227058968,1495205144.24473,1495110278.14596,1495223129.73218,-4210382.78386841,-830757.244210525,-23064478.2912553
2020-12-15 18:00:00,2020-12-22,8253862.9183035,3068372.91946437,22148596.6162717,54801.7192945537,23167.4836088545,126905.219602984,48965.6540907787,194.80115350386,7736575.9163943,93476.4917885048,8668.53649205481,992193.58424309,4170914.73678997,2105021.1168205,8271085.05998779,93387.303192748,93212.2528754916,93533.9111302935,1292695.57126493,1495357577.89795,1495334049.43832,1495355594.72897,-6506463.92464954,-3194001.78761771,-24875943.7264588
2020-12-22 17:00:00,2020-12-29,7809401.28892255,2900734.95147637,21031383.6858683,49987.4060092103,20997.5339741765,115999.233423156,46295.7205148134,162.861751775747,7554296.52215745,85958.9741985427,7865.18952170501,924139.478644726,3874167.03955423,1956202.70032489,7687939.22543242,134607.028334789,134035.385061438,135105.504148809,388515.062402027,1494330614.28806,1494390453.64852,1494356458.88364,-4202177.08755802,-1083958.99291982,-22055099.9899945
2020-12-29 12:00:00,2021-01-05,7752705.43683749,2882344.46219924,20867032.3622906,47157.6926569664,19613.1156589936,110538.100760666,46013.3126662413,142.102490572108,7799120.18899349,81672.2911160244,7338.92770296492,884857.476276332,3749437.4957638,1886910.52902488,7429406.88920663,126313.61779838,126028.703264058,126567.279033225,812349.675931511,1494499821.58466,1494526642.91144,1494500537.40446,-5644966.80156622,-2446170.50629421,-23785120.9806726
2021-01-05 12:00:00,2021-01-12,7500310.77933008,2792112.34608304,20185212.7406091,43859.6153270001,18186.2870636103,103153.244108411,44583.9545811791,121.109404842121,7799120.18899349,76543.2359158663,6747.28560271409,849965.818472939,3554141.41762014,1793836.20734999,7037682.79674354,134458.878211293,133981.066057366,134945.846429429,211917.306764742,1493719002.07874,1493659445.56678,1493763215.94986,-2451175.61987731,388652.557608294,-20286828.5381557
2021-01-12 12:00:00,2021-01-19,8857168.4791909,3305532.02866962,23802175.0883386,64011.0400832897,27421.852327952,147297.74827695,52380.2434056714,265.975480085436,7545565.45148308,107603.00371375,10368.78147546,1109847.39012179,4667443.07042484,2352683.60514042,9267475.92702881,146645.775180223,146152.586924297,147032.123051999,1299759.48149042,1495456441.05495,1495349357.6844,1495253135.56898,-7154894.31613905,-3544557.58888881,-26061500.4190001
2021-01-19 12:00:00,2021-01-26,8397633.02403431,3124113.30170725,22600672.0417101,54568.3409213069,22978.4211456182,126708.471289868,49822.3580734904,187.536941146257,7995160.82293583,93370.9733921203,8642.54171891626,999299.792161749,4194008.6657165,2119446.60049604,8306289.87751052,217697.993222029,216834.830320375,218570.95410632,0,1493868380.14109,1493777994.37503,1493853089.90747,-4265913.37686272,-894960.606746408,-23235838.5921006
2021-01-26 17:00:00,2021-02-02,7315026.30841333,2716299.85037211,19673328.8930313,43151.5070008221,17891.2537481551,101471.221694601,43542.9197047689,120.779518795812,7564822.66475745,75119.6419676612,6609.72598763921,825532.535527763,3484757.27944208,1758951.48173234,6900390.67335757,170357.445701828,169763.406591346,171149.274198259,388515.062402027,1493786154.80171,1493739136.07941,1493777769.67142,-5445300.06926461,-2308226.79828505,-22608888.7513674
2021-02-02 12:00:00,2021-02-09,7064361.82827058,2627678.97078674,19004260.3534749,38625.4823593667,15800.9256239288,91893.6124064451,42224.6861973602,92.5337311382366,7799120.18899349,68329.9525045313,5839.47551212786,779018.06884605,3241020.62245918,1636422.25148289,6418762.59196972,187489.122384053,186484.194997641,188207.371351122,953627.880441339,1492551095.44679,1492612377.7579,1492670264.65684,-4004201.24263001,-1303092.05461489,-21372520.9064414
2021-02-09 12:00:00,2021-02-16,5982660.91592529,2227369.94944677,16077352.9030696,26541.7146038406,10471.4839614705,64857.492369378,35733.6568725251,39.9393825283986,7799120.18899349,48859.1722482769,3751.33020960524,609738.343018159,2477418.06936356,1248962.03078342,4913404.06138715,381510.855268281,379187.473092102,383590.468211941,63575.1920294226,1493285554.28909,1493260806.9923,1493147305.94184,-3149698.72252733,-384543.703924165,-19217960.416641
2021-02-16 12:00:00,2021-02-23,6572011.37827145,2440628.38167593,17716136.4207127,32656.4723371987,13220.1911754954,78457.8999093916,39324.7596999399,64.6510425165395,7799120.18899349,58886.6516326821,4792.48938637907,693831.907046383,2876400.78289784,1448213.05094958,5700126.96447403,272071.45038798,271093.579978522,272997.441879113,635751.920294226,1493434297.29361,1493360496.16554,1493439820.62907,-5130330.2744497,-2183167.1268165,-21804393.2355531
2021-02-23 12:00:00,2021-03-02,6464778.63657411,2408812.00051883,17404730.9310402,31511.5598839762,12663.272375298,76112.0937992885,38501.3272117703,59.7021322210213,7799120.18899349,56762.8251054701,4622.72872777493,676064.558838271,2800303.4985225,1411806.66433292,5549880.73782302,290227.552491462,289103.990579591,291037.578975096,381451.152176536,1492494125.96811,1492506276.86059,1492631804.5049,-3961455.7285579,-1388660.00340802,-20594152.8248998
2021-03-02 12:00:00,2021-03-09,6344660.7707707,2355146.58805247,17090405.4552338,30195.9046890601,12087.7234464174,73047.0265452043,37712.971679667,52.6640412238816,7799120.18899349,54699.9934951584,4370.77800393085,655854.496377854,2717944.89549133,1368017.21430465,5395403.82694476,411073.750287566,409565.96312506,412259.28157823,0,1492415144.68949,1492408684.64374,1492349842.70251,-2418183.79002576,323885.453775489,-18925831.4444873
2021-03-09 12:00:00,2021-03-16,6506770.17415163,2414023.21643971,17563428.3483333,31068.6817991339,12421.6366093095,75085.3325563838,38817.0295185156,55.3441505688551,7984813.52682666,56295.4127764524,4547.46888956432,680731.204743417,2792703.70157834,1407944.60155629,5539337.15242402,608605.178148238,605834.490327145,611308.691813937,0,1493335211.89432,1493293617.25788,1493267802.7324,-659389.881569277,2264296.97034422,-17595361.6703117
2021-03-16 16:00:00,2021-03-23,8359621.06106551,3118001.23530734,22546233.7329486,56866.0806880475,24125.6014643519,131302.200096829,49546.7174557652,216.63331805684,7573496.74529399,96483.9934790275,9019.8980853358,1007892.44906372,4271663.32515073,2154527.66568156,8466636.89324243,525119.128003662,523081.423714476,526493.899558533,303748.13969613,1495907464.43127,1495851668.15579,1495949368.27695,-3719545.45318005,-303856.29882505,-22208451.4625183
2021-03-23 16:00:00,2021-03-30,8970652.63758383,3340052.52836473,24096373.5980624,65090.7180529566,27848.0830414597,149320.939751091,53166.2543790421,268.638857825566,7641670.26467964,109091.647900916,10531.2585142642,1121224.43513409,4737312.8228192,2387928.13075854,9406675.70896509,420046.527974398,418602.355139266,421225.49783754,339067.690823587,1496257402.51732,1496212759.16757,1496423014.3966,801194.424373295,4042011.90614586,-18368736.9611983
2021-03-30 17:00:00,2021-04-06,10610750.30477,3948535.18111306,28541316.8211928,99771.7238469907,43876.1456737328,223768.904653298,62554.9351986362,666.544928801867,6002961.39525671,158575.579165091,16298.989917574,1535254.16647791,6332215.18334884,3188777.21898949,12569864.6366331,631934.14280237,628909.778448779,634044.584725807,91830.8329313882,1501438306.53964,1501363777.92802,1501376264.01645,-5147287.60442078,-1327359.01971617,-24319324.0858433
2021-04-06 16:00:00,2021-04-13,14262215.1118186,5308538.69534793,38405864.7528935,184942.043643744,83274.6437287914,410046.612358217,83631.2768128884,1719.74034098928,3805532.44448307,277517.327408251,30447.7087191625,2569254.30305734,10040732.8446885,5066377.40151727,19918964.313093,675058.352634123,671457.537857751,677540.895214689,98894.7431568796,1500350352.98498,1500235676.74133,1500332425.69386,-4009843.33074793,557715.940621117,-24597195.3010113
2021-04-13 16:00:00,2021-04-20,12377078.8235426,4614472.93032644,33376561.7757725,134600.861403087,59860.828328418,299429.698740277,72819.4160984773,1067.00086160764,4519709.91403994,209122.741060564,22508.1777745818,1974196.51255493,7978699.72658814,4030815.87377069,15814277.3745992,842462.95049027,838021.909447577,847155.336903315,70639.102254914,1500531918.95975,1500331569.08796,1500675182.2264,-3735007.91621107,300448.285142354,-23030699.8790002
2021-04-20 16:00:00,2021-04-27,13511411.252747,5031047.21569338,36435599.8748616,163094.78115786,73159.2025483986,360026.211717801,79199.3944613678,1418.54570340128,3997833.39646653,247251.376854739,26532.4156513337,2321675.11445337,9175391.24830584,4629207.20598233,18171533.4842385,687156.263670513,683942.759362108,690502.132684669,727582.753225614,1500840009.31082,1500879973.50082,1500875340.76787,7319237.66856979,11603462.1403925,-12855984.9512116
2021-04-27 16:00:00,2021-05-04,21196863.9073279,7879821.61537656,57128364.1832295,494310.018584453,219264.808670097,1127317.39148255,123194.412720256,4058.17926869736,4123714.73505679,658551.628905931,68610.0756114515,6618119.34079003,19696417.8782448,9940274.68447566,38967042.8417977,760709.355404621,756670.243244461,764903.77632212,91830.8329313882,1513025239.02586,1513004670.28341,1513025393.07574,-6179982.14766062,-1637056.32779829,-33544669.3387005
2021-05-04 17:00:00,2021-05-11,24415528.3179294,9063604.45488188,65786101.4649858,613786.498088026,273006.980175827,1384988.45194408,141230.383325856,5414.10816775404,3886473.20070157,813107.33818689,85744.1881499787,8181638.01059414,23827141.8060339,12015094.5224915,47160415.0638037,768058.814084365,763864.929434952,772131.151867554,247236.857892199,1508952880.44502,1508817400.81008,1508954977.33208,11573558.0844659,16266061.4969988,-18291600.6995265
2021-05-11 17:00:00,2021-05-18,23572999.5560451,8772312.92336178,63398148.2600552,588293.510759606,261814.966837254,1334390.6190892,136735.167279671,5145.90595341379,3886691.32842706,778162.386284319,81678.9145127241,7822651.35420714,22836402.1137423,11519714.1966985,45389416.5040537,918012.49404207,912323.926515858,923389.568100112,190725.576088268,1522162127.30479,1522079691.881,1522117085.96642,-11755712.0636627,-6969187.95451894,-40540659.8707232
2021-05-18 16:00:00,2021-05-25,24953503.01283,9275598.92083324,67036049.675699,685380.86945806,303117.079807832,1570467.00602289,144968.745192144,5271.35007094682,4317788.92753868,890146.102109815,90876.1792721834,9129872.67014376,25343219.4021824,12781487.1145078,50292938.961352,756001.396195774,752323.295386122,759416.310906135,833541.406607985,1511918916.8298,1511858833.07599,1512027538.17544,4634835.61632032,9033169.95708163,-25740925.783924
2021-05-25 12:00:00,2021-06-01,28402948.9041957,10556658.9044961,76431566.6754321,828071.424510555,366018.387642387,1900404.57261995,164094.388768012,6027.15424390976,4858250.94214696,1067295.11448485,109149.406736458,11083513.5718446,29812291.0330949,15027142.9124429,59132768.8066911,817151.977657531,812522.31328228,821571.224609325,176597.755637285,1517962071.78394,1517953271.70582,1518035302.65922,-3558296.31007404,880062.181548995,-38066276.9740406
2021-06-01 17:00:00,2021-06-08,33655998.456594,12505507.1120776,90650951.5334495,1237395.72601574,532821.710567281,2936087.66629257,193914.203883304,5780.32443118824,6846866.19407228,1520607.59322963,144116.618709014,17282027.1764256,39621704.6610203,19974492.4138255,78448387.6962288,1087802.72464318,1081533.09557255,1093779.84716455,56511.2818039312,1514413340.05071,1514382988.21816,1514290151.2238,6258867.2337871,10173217.3371791,-36066980.0334305
2021-06-08 21:00:00,2021-06-15,24599325.9067357,9148211.68462722,66219157.5805157,634216.633295987,282571.904991455,1442067.44775378,142491.42231687,5515.21167241632,3888251.35205907,837033.58537832,87300.6304268963,8365847.27310288,24345636.4443539,12289528.0458857,48207920.3338161,796648.152557483,791532.626564959,801385.613225042,1094906.08495117,1516627127.16036,1516546284.49338,1516652080.09917,-8983212.7414368,-4392661.80916856,-38671984.7446214
2021-06-15 19:00:00,2021-06-22,23715092.3573802,8819695.70170924,63766590.0443449,611479.141250766,273424.099209456,1384361.13866061,137476.006368057,5258.88488259863,3831479.30081739,804249.187601005,83611.543216529,8112449.94258446,23442862.7792246,11837128.5599049,46413732.3499726,1051729.91646112,1044362.01011506,1057608.55642674,339067.690823587,1509809603.45469,1509875223.5401,1509796863.13422,-3727881.57142775,791373.117488747,-32693938.2710516
2021-06-22 12:00:00,2021-06-29,21483989.3337163,7996105.34384689,57859703.8508266,438175.698486534,198149.815244062,976932.994205108,124631.011910156,4568.75691145239,3468736.66077229,602644.204138257,65630.330324688,5725636.32921938,18910942.74848,9532126.15735471,37564065.5925741,1140095.03989957,1133203.88540139,1146207.0309052,346131.601049079,1507194493.571,1507143892.47988,1507227803.60153,-7656055.61093092,-2759165.25993017,-34429132.5646233
2021-06-29 19:00:00,2021-07-07,18921085.76913,7039329.33437822,50966231.2565996,310079.676851186,140276.665894411,684729.199566807,110644.349808929,3321.50587174722,3721917.91423332,444958.040490824,49038.7593183478,4164476.4686417,14937861.172065,7529587.02089594,29595089.2051302,1475668.00437422,1465406.57119004,1485727.29191969,98894.7431568796,1502482972.02099,1502381628.72785,1502413894.14622,-6158285.90783847,-936294.103013667,-31141269.0128285
2021-07-07 12:00:00,2021-07-13,12333706.4077604,4569135.98600551,33242552.0280879,150493.018804496,67590.6203530649,334417.681309373,72508.8023524506,1334.19944448853,3682086.64550357,227515.885619342,24679.8806919777,2117290.24008955,8422437.47532857,4253622.13937466,16720250.727672,1006196.45850062,999600.698253433,1013015.61073323,0,1499796819.51615,1499795792.80017,1499813467.45974,-5384525.95175751,-1416117.51313687,-23740440.569715
2021-07-13 21:00:00,2021-07-20,11264841.6072022,4189450.95851529,30315240.4038782,112039.743788071,49604.4034458956,250866.444034573,66320.484953474,776.676207528264,5084549.03796218,176654.442199718,18533.628660536,1681418.30837435,6948716.02203001,3499555.03041793,13763380.0841851,1179277.07172937,1171031.27919985,1186933.41408478,0,1497767883.7451,1497698432.48704,1497806867.79547,-5173077.33732415,-1315379.24697149,-23960954.1791595
2021-07-20 17:00:00,2021-07-27,9903263.61219617,3685101.80594749,26594036.6986409,82406.640713844,35698.2157117099,186591.109296289,58612.7148862401,441.312792166203,6638839.96228339,134597.963082338,13571.1763277576,1328985.62588459,5594383.31004451,2822868.09798517,11088168.9517171,992810.201401021,986099.392578013,999723.21262274,0,1496086669.59216,1496119239.00386,1496079267.90571,-4011480.38271302,-249181.209975905,-23232723.6215053
2021-07-27 16:00:00,2021-08-03,9348512.87960426,3473192.63455283,25089724.1264733,68653.4272731376,29431.4342928593,157139.93448769,55478.3901677962,295.195058398877,7856355.02655441,114890.9945973,10994.2471580336,1184881.04059929,4963503.607939,2503245.28256547,9834144.73844468,937279.589751315,931192.331495421,944021.210323814,56511.2818039312,1495666876.62888,1495547076.61412,1495755931.71595,-3533938.74864624,-48638.5313251512,-23251877.2452402
2021-08-03 22:00:00,2021-08-10,8464183.28848252,3152120.86688994,22814574.4350458,59905.6580087689,25437.9261794619,138092.359358281,50138.7438884317,237.988515893126,7397797.74324556,100668.075265152,9518.4319114419,1043506.10223334,4414590.13027087,2226813.20315294,8744691.8193737,688767.987681567,684716.566060585,693069.984471772,635751.920294226,1495876201.65599,1495861644.83003,1495843280.36343,-5678163.91023653,-2328667.47252741,-24021711.1857217
2021-08-10 17:00:00,2021-08-17,7892107.13725474,2933048.37245597,21212311.7390294,51597.8668067189,21811.8580559291,119725.399401621,46954.3302498789,177.453931791329,7504422.87040149,88280.3493106559,8187.93357843764,935023.129462679,3957025.17571132,1996079.30985524,7853139.10513361,915140.574186559,908550.528350738,922348.144948749,0,1494405327.31374,1494431894.40064,1494426150.25548,-4002101.20577403,-884254.887106183,-21873270.0965828
2021-08-17 11:00:00,2021-08-24,7768763.76822926,2884078.62715081,20940351.4231159,45305.4169777933,18751.9616407845,106922.048305982,46030.6682295349,124.147769027625,8077660.19574325,79285.7703987681,6995.41144923078,878857.892025861,3675796.18782466,1853691.46680961,7283254.5712992,535515.621287452,532607.394636004,538831.666474338,218981.216990233,1493610000.04169,1493554620.19227,1493600491.14819,-4446657.65084361,-1275409.80538452,-22842566.0298377
2021-08-24 17:00:00,2021-08-31,7188181.42603718,2675801.08075576,19363315.1339269,38432.7404210443,15642.7868529846,91662.1939191476,42814.1858654107,86.4192456953431,8031236.86128496,68227.309694539,5801.08838243989,786138.527423232,3263628.92273926,1647172.94013678,6469888.27604185,803833.142227686,798657.100642846,809194.678215525,289620.319245147,1493110397.42256,1493112740.70084,1493067713.84636,-4235752.87237633,-1109139.62059225,-22032438.205672
2021-08-31 22:00:00,2021-09-07,6335644.31221806,2348451.85929616,17022609.2037936,30545.4014249742,12269.5243257031,73689.6192173315,37659.6871901864,56.9252509052008,7706273.5200769,55307.6997579062,4451.01520005853,661739.075018259,2728645.3487554,1376766.29907511,5408755.15225807,829491.016260054,823889.134493528,835402.678280296,0,1492434458.46648,1492363192.57671,1492499695.87947,-1640434.33344579,974303.568545751,-17912356.1860177
2021-09-07 20:00:00,2021-09-14,6610312.0510841,2454100.69509494,17827177.2636138,34628.7471775766,14117.4314968154,82799.5645867503,39402.5258746725,80.456208019074,7611698.65490806,61618.0629095398,5184.46645731806,719012.3832589,2962065.8597437,1493251.19380629,5868234.65244668,581308.54069768,577855.224373529,585438.686005477,543921.087362838,1493695044.86861,1493670989.97826,1493638573.33852,-3782393.97379721,-909687.920940216,-20453641.1817881
2021-09-14 16:00:00,2021-09-21,6970914.63891951,2594601.67039831,18728200.3533897,36589.2785706657,14946.1058970835,87224.7766450342,41587.9061406824,81.4277373398938,7938390.19236837,65054.9329549069,5461.47201037423,748895.397091171,3134448.82655428,1583195.31695616,6221908.91336384,520165.600132004,517013.768290596,523329.480588036,543921.087362838,1493659158.96878,1493548284.41175,1493675183.13602,-4901168.16082239,-2063573.45664902,-22092806.2741354
2021-09-21 19:00:00,2021-09-28,6539122.68818543,2431235.74686622,17619497.9333597,34348.7154773502,13985.7716294284,82061.2908719843,38957.449324759,77.075818491313,7427733.51332713,61210.0825887734,5148.30429929054,710875.943674308,2942623.24701067,1483141.29304638,5842341.3610234,639697.080701239,635654.123953467,644606.044660446,0,1492761444.22522,1492756871.55052,1492670412.35753,-3818152.11617449,-994132.228493641,-20042327.1129292
2021-09-28 11:00:00,2021-10-05,6462979.89510738,2402533.5333759,17404456.0538849,30163.0790965193,12031.8802360933,73356.765655814,38558.3968687417,51.9906178262398,8077660.19574325,54932.8965970399,4353.54539923363,666870.886315461,2739624.49519822,1381377.84945348,5418488.54807822,454288.405287825,451896.339267991,457192.64213231,141278.204509828,1492034610.71691,1492067765.71314,1492007931.61065,-4028774.04762344,-1173340.72563746,-21007684.0633687
2021-10-05 17:00:00,2021-10-12,5690156.95265516,2113426.24730388,15319690.3442795,23703.3206721882,9248.32683666326,58698.2689997734,34023.6882587348,32.1224662750181,7799120.18899349,44117.937246839,3285.78048073624,566346.128895744,2281499.62806947,1151326.22415101,4518933.64075277,466844.667155087,464025.814781092,469928.023670186,56511.2818039312,1491539836.24098,1491548022.56567,1491561565.85043,-3708718.94956216,-1119881.22802937,-19531544.5897096
2021-10-12 17:00:00,2021-10-19,5273065.18136447,1957215.66741861,14181931.3921539,19953.0668058339,7628.41723979302,50120.6558294342,31462.0591415926,21.8475914697838,7799120.18899349,37820.9380974608,2690.9492137961,509859.698281627,2017509.2427868,1017941.18860929,4001626.4037216,397218.436588948,395733.695414871,399657.909736021,56511.2818039312,1490931286.17683,1490827982.52451,1491008836.34236,-1988635.79826769,329543.85611656,-17090276.4655247
2021-10-19 17:00:00,2021-10-26,5320252.55217999,1978567.68575104,14348610.7588858,20298.8194447683,7815.85962101777,50984.6246331602,31756.8331417285,22.2144756584552,7845543.52345178,38310.9237578318,2711.6490358095,515780.88759708,2041036.70608852,1027830.57531356,4043658.51190031,327535.354942144,326110.330388072,329621.992607923,1080778.26450018,1491946735.2264,1491933964.96259,1491948773.47772,4228888.55796622,6646164.84573794,-11103682.4020897
2021-10-26 18:00:00,2021-11-02,11468796.838932,4260942.6568213,30851937.4973992,145743.418225146,64863.5695090372,326096.930549604,67648.3306044766,1377.9550189667,5380981.87645451,216236.265742479,22892.4487011621,2082541.90385787,7792435.50959538,3926828.04252499,15483554.3125362,231373.532722058,230650.746375985,232316.38079192,1575251.98028458,1500298449.11636,1500298700.11506,1500310893.09114,-8406207.87997128,-4732083.43216401,-27468453.9483179
2021-11-02 16:00:00,2021-11-09,11597290.5560491,4315509.27201862,31093796.8077184,115094.135596997,50900.9713548548,257109.060455524,68440.9256714475,788.798029516974,5334058.40612883,181643.792566572,19052.6333777863,1750001.31495311,7144786.25399267,3599234.11176041,14175119.6527771,197019.843938432,196351.890131024,197811.718803071,543921.087362838,1497342109.02786,1497331185.66196,1497346659.48041,7008629.46970416,11181877.1841476,-12570308.8409784
2021-11-09 18:00:00,2021-11-16,13466866.0045384,5001987.84852234,36339216.7095041,190033.296599086,84872.2120838599,425845.301888515,79180.3998762821,1680.09630713078,5293776.38575369,278036.287959136,29518.0112583112,2694476.50842961,9660615.6436431,4869632.00938411,19154631.690285,132497.150662637,132159.085051279,132851.868178422,1349206.85306886,1509515322.89688,1509366832.12602,1509663123.42481,-14636069.907236,-10752692.2819551,-35830842.6097613
2021-11-16 18:00:00,2021-11-23,16209688.2815744,6022963.67173947,43683457.0693147,252958.749308806,114106.687256677,562188.761804973,94958.2418285568,2600.07618752959,3527199.17564259,365081.235117486,40467.8741081384,3375583.50843593,12448505.7719658,6285075.9044387,24640583.3604614,145961.611784648,145525.714724374,146421.269510801,353195.51127457,1500449463.03738,1500351027.71644,1500375905.06966,-3424268.19442329,1282873.01020677,-25478639.0326504
2021-11-23 18:00:00,2021-11-30,12439770.4500963,4620966.68717904,33429913.2505309,135916.891931079,60577.3917051595,302300.590225774,73142.4987102603,1077.99551086471,4576798.06576311,210759.160346704,22545.2929161525,1987980.29340519,8033523.9574905,4044822.88923537,15926734.924771,125498.390575018,125205.399863163,125798.417930669,1426909.86554926,1501706609.47831,1501587008.08029,1501761510.28127,-4738613.66084822,-531828.429092051,-24340298.3966025
2021-11-30 18:00:00,2021-12-07,17164328.1142297,6375978.41114545,46337711.3061816,287904.578033483,130215.56079873,638900.230823696,100284.80907786,3036.72491639037,3335936.81910243,411413.9707757,45351.2907012302,3832899.52472585,13694279.6600058,6901413.83968487,27125944.5838878,93303.1504649486,93060.6575867435,93515.4271502885,1073714.35427469,1503095472.33603,1502918078.40646,1503191730.79594,-8778995.07969071,-4156567.81120487,-31261540.1821202
2021-12-07 16:00:00,2021-12-14,14082307.7148538,5245139.76561042,37924971.8422836,176586.702281486,79227.9801954311,392328.941199433,82453.1782318797,1588.29833503657,3991513.75034137,266821.328894205,29259.9360190984,2493874.13340125,9728850.50971333,4907615.85288638,19302319.80911,86322.0139162384,85957.7761848977,86547.7868029257,882988.778186425,1499566540.27226,1499656240.44841,1499668984.8293,-8304087.69039825,-4038257.72508507,-29176936.6092594
2021-12-14 19:00:00,2021-12-21,11176089.6717669,4166568.8484974,30091866.1960205,105067.394034982,46191.4033346874,235586.152154389,65950.2843018491,684.755059776794,5677773.69182606,167540.621793695,17349.8672295054,1614329.35310069,6703697.79712978,3388766.45149553,13294457.7000996,88016.7974125038,87468.480329205,88396.2657260035,1285631.66103943,1496938437.76068,1496776113.68865,1496875358.23349,-7960218.43047464,-3927153.02707597,-27298991.5274053
2021-12-21 22:00:00,2021-12-28,9202223.18890064,3418063.59404692,24752348.9541242,71964.0201500448,31097.8893242361,163989.280077968,54360.8198465927,348.265912688283,6820515.79139304,118896.699235836,11737.2781242957,1206531.91556806,5031218.01541748,2538056.34518135,9970985.08662918,77981.5398544581,77659.282762873,78308.2279544869,1080778.26450018,1494986784.3686,1494999455.24956,1494988396.80975,-5607407.62353121,-2048437.75165421,-24104498.8404198
2021-12-28 18:00:00,2022-01-04,8278094.39123694,3081084.47241267,22212382.4207827,54636.6156888472,23002.1234993682,126787.150507033,49138.6175112733,192.646232551116,7786192.11983163,93061.217463773,8649.8524726122,984595.94388367,4167025.27734689,2102816.41285975,8257032.72837465,135427.898215571,134839.758051574,135895.04877888,240172.947666708,1494798400.18243,1494869827.30022,1494866268.72206,-4939233.97738504,-1738004.06870258,-23613781.0406483
2022-01-04 18:00:00,2022-01-11,8029733.74932635,2986664.38698438,21624518.2639995,51508.2494808696,21610.1593982372,119820.742560336,47710.628529038,171.652297385129,7738693.92871608,88320.8541837573,8053.83023026224,941118.884475191,3987224.90229501,2012108.11813484,7897691.36281278,104984.5801201,104523.102612682,105460.120456032,1391590.31442181,1494271816.81905,1494213249.06509,1494243710.52473,-5279639.51231679,-2038577.87548444,-23577889.227574
2022-01-11 17:00:00,2022-01-18,8030665.74228242,2989326.13817568,21578566.7970859,51917.9169587037,21842.1215700706,120607.584290019,47666.9567141555,176.282497019259,7699869.55540271,88991.9893107031,8197.69086918983,957783.104915585,4005062.15935127,2017947.78740844,7943180.75527067,138332.74822062,137857.579772649,138674.372760449,543921.087362838,1494508831.62026,1494447950.48842,1494496591.77183,-5413913.91282688,-2174162.71654382,-23635158.289886
2022-01-18 15:00:00,2022-01-25,7682338.84428539,2857562.63760572,20611147.8814354,45625.4292991969,18942.499680056,107231.297378541,45477.200737883,127.613606658472,7888458.19818293,79331.6284641985,7102.08264373342,874445.41315151,3672336.80884547,1853790.89929175,7273161.90112631,187806.424919021,187093.038961314,188455.651738474,558048.907813821,1493714686.49249,1493631685.19956,1493730087.00858,-4867410.54572615,-1783365.3407568,-22858315.9574572
2022-01-25 17:00:00,2022-02-02,7243759.60335648,2692473.32161808,19489955.7964604,38640.6063353112,15779.5557236838,91982.6350769917,43112.5033475643,87.6718026419266,8124083.53020155,68681.8525752858,5829.37276442536,790406.062093976,3283617.83551725,1658012.62424405,6509483.83685257,235369.984143409,234461.806074868,236165.364590545,381451.152176536,1493397954.7236,1493351083.3872,1493347621.47092,-4568559.4378005,-1400035.90659647,-22362539.7280565
2022-02-02,2022-02-08,6282827.61486988,2339906.15577502,16859109.1616557,31427.618952942,12682.0623424825,75698.0402005387,37545.2338257547,63.1236897472753,7427733.51332713,56621.3803182753,4632.42924828322,671385.819339344,2760888.83028908,1393639.30515147,5474318.11658335,180114.302794444,179262.544567154,180687.348265198,332003.780598096,1493086053.18393,1493120773.63371,1493150732.20809,-3924889.96531147,-1388365.63137503,-19912585.2680221
2022-02-08 16:00:00,2022-02-15,6640519.43193194,2469119.66290929,17840175.7396175,33311.0883183761,13481.9264097046,79877.3586169545,39522.7376952715,65.7326096324506,7845543.52345178,59963.8164366044,4917.60628763679,703165.067926567,2919539.69748568,1467488.16492466,5793974.37772422,346257.761104209,345001.092482142,347375.155195838,63575.1920294226,1492960585.7141,1492919113.21596,1492878752.27865,-3603553.57994172,-514820.001948974,-20371848.6166522
2022-02-15 17:00:00,2022-02-22,6459125.0364396,2400796.03889895,17395033.1992331,31414.0245435608,12602.5503731629,75934.9172024335,38531.1363041204,59.657173082728,7799120.18899349,56781.6292756911,4599.26252387951,677445.804314333,2797984.35421036,1413062.9177954,5540984.2889817,201744.950956872,200962.360946838,202492.771363545,1603507.62118655,1492928126.94198,1492938251.94803,1493102603.13954,-3921978.8666023,-1339165.88588323,-20602831.5792746
2022-02-22 17:00:00,2022-03-01,6108109.19381928,2267249.43691466,16401892.8229878,28029.6475754151,11111.3974365617,68258.6352335643,36405.8107917432,46.268977946269,7799120.18899349,51235.5447767362,4006.70815898221,630157.283195294,2568320.17366371,1294823.32506971,5092942.34025575,436917.208413004,434845.76909015,438637.79053376,1970830.9529121,1494195778.21796,1494142985.03934,1494170977.10507,1226359.97696148,3916710.82716944,-14885033.2286127
2022-03-01 17:00:00,2022-03-08,14455427.4142221,5381473.36529945,38853590.8107321,191087.717944773,85982.4006545553,424005.1414175,84707.2902844714,1809.59741073614,4406357.90554887,284602.389237254,31110.955913664,2666483.31787843,10207249.4356949,5155256.32571783,20243495.9572162,299786.971554502,298456.524115281,300703.726687182,1426909.86554926,1500611511.96272,1500596631.56326,1500611263.60248,-8653204.42611828,-4147040.12168455,-30012977.7778427
2022-03-08 23:00:00,2022-03-15,10811921.1665834,4012929.35858968,29103153.4342012,104470.074965648,46124.9160438637,234303.313039303,63708.1657690352,703.661729228962,5146598.11848789,166015.603842471,17267.0660859427,1599660.91553069,6579257.11854773,3321077.74686084,13044340.3933869,544969.07548743,542145.90975563,547113.421586701,452090.25443145,1497894005.80659,1497816801.14264,1497937796.81579,-4611724.54441696,-823330.40762363,-22996804.8739571
2022-03-15 17:00:00,2022-03-22,11162565.2231601,4140435.94262247,29915085.4379608,102670.973495487,45113.9669948,230423.67301387,65972.2978985184,644.87213682034,5787708.35219068,164339.949869813,16828.1979579298,1588765.49654568,6627751.51244934,3345257.19973009,13160823.149042,411241.247690421,410093.502226814,412107.618326053,282556.409019656,1497756260.33373,1497764348.4894,1497780358.00843,3304246.80878625,7324686.96246524,-16214664.7188424
2022-03-22 22:00:00,2022-03-29,13288718.9251378,4927859.29274007,35778995.7646855,168488.054699151,75637.3847150846,374862.483129554,78097.0938557109,1542.95431216675,4200141.29349303,253390.579585403,27710.4520380362,2391417.35752399,9214825.79839019,4657312.27204992,18289746.7189312,555171.317046752,552880.740477345,556460.840211897,35319.551127457,1505799619.23582,1505781292.37192,1505835273.65767,-7280027.12526857,-3102628.9259856,-27292747.3675966
2022-03-29 17:00:00,2022-04-05,16818062.4962591,6261568.97875769,45112742.9652049,270753.338753745,122329.543329028,599533.405959717,98353.7416583567,2882.47485667473,3341064.55025356,390750.453401494,43215.9476861135,3642605.59985936,13162588.9824728,6640117.49438433,26071155.3311146,539420.77601516,537232.369023096,541001.553023468,409706.793078501,1502573609.19952,1502423073.89514,1502590521.35409,-5147532.92750334,-503816.495720496,-27353473.0303278
2022-04-05 16:00:00,2022-04-12,14239062.1280487,5285994.03602508,38318046.525741,184036.165297209,82830.118945347,407895.095434777,83517.9738674528,1733.25540701029,3790451.35257294,276331.918271928,30296.9592656499,2575546.03837015,9999353.54994128,5036748.27521784,19834859.7063128,562908.473384035,560567.397422464,564427.121946427,162469.935186302,1501711693.33668,1501563097.29503,1501749058.73267,-6998038.97881625,-2558532.77234917,-27379780.3945661
2022-04-12 16:00:00,2022-04-19,12546106.7953976,4667013.91924104,33738807.6835429,138870.573114767,61904.4163017794,309484.188906769,73689.7191076172,1114.0245739198,4556865.95918218,214971.62779393,23127.2851658734,2019669.06916047,8154339.6969797,4114643.50513713,16149856.2674493,688196.379464785,684800.582727596,690929.248614618,367323.331725553,1499096810.45521,1499038439.01951,1499156534.59251,-3542912.78956503,558943.08324649,-23181832.5455839
2022-04-19 16:00:00,2022-04-26,11154549.5724185,4155588.66425132,30010350.3181263,107283.721305886,47169.1434476233,240574.059700713,65834.7596367678,712.356324696137,5418805.42281885,170665.944513444,17844.9304288653,1638351.14460095,6767779.53406321,3415928.95917569,13404968.9046642,677564.054401105,674880.230851955,679375.660417434,190725.576088268,1500052323.63634,1500007971.19038,1500036516.5649,3924344.80160154,7842095.45675703,-15135435.2168436
2022-04-26 15:00:00,2022-05-03,16183645.4285352,6008634.40299188,43533765.3536338,236932.902254486,106719.447006436,524874.963248717,94742.216761098,2395.93465747462,3761600.12584161,347123.441118412,38008.5543734922,3251236.05906256,12066693.3367437,6089625.75011765,23885174.9674207,613325.311325459,610904.970004284,615804.295397525,77703.0124804054,1508220384.42344,1508286997.92979,1508199843.50217,1186222.71812951,5915996.91610213,-21371130.4524889
2022-05-03 22:00:00,2022-05-10,27254163.0910421,10155441.2119542,73510407.9330947,843263.644383751,369069.018465359,1954709.81234242,157716.104607107,5377.52311915493,5097956.22840392,1071639.56960817,107546.043217934,11429027.7505397,29390150.2283287,14834305.0948821,58249046.1095557,666500.446718958,663900.630148737,669729.789232639,932436.149764865,1513666735.49465,1513564067.72875,1513648771.04966,739794.983761818,4849182.59038943,-33010852.9197072
2022-05-10 16:00:00,2022-05-17,22967523.1876241,8533071.5564703,61784972.5423694,511734.056886341,229602.754004583,1150185.59107745,133329.567091037,5110.90865401991,3672417.18415867,693751.541702353,74345.0767400511,6755396.88626666,21101141.0002477,10648011.0920812,41827499.2403633,746338.090039303,743002.336989957,749286.220763016,98894.7431568796,1514609098.36277,1514558976.7844,1514569617.86154,-7921210.20018371,-2918023.18291482,-36229045.0793628
2022-05-17 23:00:00,2022-05-24,23782855.9621406,8856724.43133431,64005559.8939631,610032.861963556,271255.3185646,1385708.74646093,137262.285639199,5204.88807222866,3828857.12868818,803311.302690086,84326.4424515189,8139647.00972818,23424273.5558241,11801309.2243228,46391292.5664772,688389.17995358,685064.313180492,691345.464587094,480345.895333415,1509245642.16876,1509215013.19094,1509201606.28858,6680098.39311086,11181552.0630273,-22479895.8097095
2022-05-24 17:00:00,2022-05-31,28711302.0662381,10653898.2992913,77426201.5558154,875752.026721748,384488.921644496,2033701.24504915,166033.462776873,5784.66545875518,5345718.00242615,1116597.22160697,111320.743473013,11882872.6319668,30756564.5333751,15535529.1735084,60906007.0790158,604948.787163603,602112.022424585,607811.09058382,649879.740745209,1517626886.13386,1517492598.02434,1517594641.78986,7206713.28571968,11662760.1422202,-28348785.5845529
2022-05-31 22:00:00,2022-06-07,29148794.2409356,10847650.9322892,78415555.1153486,965518.361806789,420388.533356084,2246569.76762426,168080.919901614,5588.33870351207,5589912.66399083,1214432.85446419,119282.16169956,13254412.7676779,32634167.9192907,16453786.8010563,64625416.8958437,722271.574056057,718130.535208783,726139.668392448,720518.843000123,1524991650.61713,1524968367.44619,1524925133.10676,7539415.21662836,11598691.1505865,-28367517.3912657
2022-06-07 15:00:00,2022-06-14,36914148.7050068,13723850.7837927,99300458.8575313,1559031.15937152,658739.460586243,3772052.7654553,211899.476763066,5197.08965990933,7342893.76129875,1866112.76350039,167274.464347828,22516228.1079232,46504022.5172627,23488314.091524,92024071.5246929,735561.473435851,732689.356503507,738447.591927047,2882075.37200049,1531391971.56052,1531476262.64833,1531465335.73013,12952176.0428763,15881598.6078403,-33987074.325659
2022-06-14 16:00:00,2022-06-21,37478264.6970904,13944984.3571946,100605211.020861,1605657.08533867,679005.182505627,3892711.49924319,215463.755331572,5175.96533623014,7717740.94177439,1917674.50034678,170210.622372628,23247340.8560981,47591212.3395256,23978689.733461,94298292.9466181,751254.407209064,747233.178250854,755612.658534414,1907255.76088268,1540537831.08934,1540540378.07026,1540563068.06033,-16213097.7444554,-13360464.4147599,-63845303.5270666
2022-06-21 16:00:00,2022-06-28,35723104.8000071,13309221.7792382,95917892.6185167,1471946.90682111,624335.618841172,3552219.05840597,205963.68607079,5337.30635515409,6997372.26571433,1769417.74295606,158985.847712568,20901541.7432959,44425399.9326678,22397964.3621936,88259344.021098,1026134.75609557,1019895.41283371,1031200.98647972,0,1519106582.39714,1519011429.0169,1519183312.62215,1613110.53330836,4599291.79314021,-42715072.9242554
2022-06-28 16:00:00,2022-07-05,28228211.0521429,10490088.7734226,76013100.9298239,844782.783831256,372037.77947111,1945131.77820654,162491.89201356,5911.83618216982,4905124.42440667,1085791.41636808,110672.676093322,11277044.0781943,30069488.9722679,15177405.7133962,59498533.9521492,1000227.45726561,993672.163248017,1005917.4434689,353195.51127457,1514438591.37754,1514374836.771,1514462625.19241,-4653063.12927689,-206773.203659578,-38934905.3095578
2022-07-05 17:00:00,2022-07-12,24473882.7517049,9089834.08311672,65763794.4309562,608079.461475736,271305.249485979,1373583.13087098,142078.299417842,5602.97697476491,3840246.62786284,808107.205356964,85306.9070266311,8061279.45366901,23772995.5670596,12000723.2972018,47162587.5447375,976105.028985702,970882.409718109,981244.85714094,21191.7306764742,1509390284.47436,1509429076.78773,1509416680.68855,-5124893.5534066,-420634.036740722,-34813776.701737
2022-07-12 19:00:00,2022-07-19,19467238.5940752,7235013.07738961,52379172.1566048,376424.817428076,170075.22767913,836317.460141906,113077.10373877,3997.90253250056,3219432.9566328,524328.253355487,57730.3489382473,4947974.06983414,16686219.3246646,8411525.99891919,33103346.4416347,1149387.41602716,1142060.58587172,1155726.43416098,155406.024960811,1505569629.77354,1505531563.05815,1505497681.89217,-6173348.43047652,-1290690.46805935,-30771782.9576089
2022-07-19 17:00:00,2022-07-26,16147010.9644027,6024115.33259816,43335534.5789931,244677.560007304,110565.094123007,542462.072099548,94242.8743535179,2536.10142839294,3442339.77742773,356193.734569769,38989.7105633134,3313901.55236572,12262338.6681775,6185390.46162004,24341589.111542,1070522.55211815,1064366.49942675,1076473.05657603,63575.1920294226,1502197149.39593,1502039009.89292,1502275627.42082,-5706919.5584372,-1258421.34540551,-27213066.2598275
2022-07-26 17:00:00,2022-08-02,14028669.9092463,5223698.27301262,37794168.8878349,178147.221903765,79972.1243123558,394580.382246662,82494.3279080398,1652.71522962775,3851890.38170439,268134.660847237,29343.7806783421,2495296.44009945,9763523.42453319,4919548.9362597,19332418.189067,1122369.89876718,1115239.6268833,1129434.42367721,0,1500063068.94256,1500105694.63789,1500007230.54511,-6044781.77047503,-1709128.61633005,-26476319.4795313
2022-08-02 17:00:00,2022-08-09,11703987.2987237,4348309.25648737,31564906.0508566,120124.79853006,53104.7503288269,268363.009739654,68932.8878236777,871.541142620523,4936462.08168983,188134.456383996,19681.3516102375,1799170.62286654,7334516.44356922,3700983.76190065,14545568.1208879,1077654.24478662,1070595.9535783,1084431.33617888,0,1497689839.96869,1497703458.6375,1497597980.25887,-5065898.27793545,-1099428.67704007,-24350313.7092559
2022-08-09 16:00:00,2022-08-16,10351424.9964382,3854838.02221412,27876892.2001049,89964.2013988233,39209.4139123683,202888.62230181,60952.9922150538,516.020295967199,6119042.6882658,146012.85581878,14947.080645758,1425768.15190457,5973488.91732054,3013087.83665168,11835086.7420726,915757.717915144,909101.774160939,922099.12053153,7063.9102254914,1496292950.44386,1496292047.23633,1496148938.76592,-4466285.81910067,-607250.039771068,-23744346.9669786
2022-08-16 16:00:00,2022-08-23,9328971.13133723,3469022.57439435,25114357.5238645,70882.0654829802,30470.0066117482,162034.107256997,55183.8355400791,316.897904977969,7427795.5922153,117558.732982605,11404.9255321771,1201860.82548945,5038896.31181333,2543207.37244362,9973593.51562121,952929.216691679,946628.342880062,959518.936999048,14127.8204509828,1495592836.94562,1495422169.97955,1495536073.56263,-4565293.62660884,-904274.465240433,-23704320.346387
2022-08-23 17:00:00,2022-08-30,8605128.96973883,3200119.28505796,23188813.1710268,60663.887684141,25859.2177661726,139850.789373847,51006.6313876189,240.671736187559,7623068.56248655,102505.004280495,9687.14016663337,1073602.67788705,4480983.32286043,2263409.31821204,8891721.57000774,701253.004050183,697699.597270429,705327.986069414,204853.396539251,1494622441.3763,1494704913.04982,1494667305.60696,-4844701.48949971,-1559645.62445376,-23846386.7196662
2022-08-30 15:00:00,2022-09-06,7952529.53226341,2960163.16810667,21396221.3508442,48835.43671319,20356.3418400422,114496.356109133,47186.7398638633,146.596525614584,7937447.33165472,84379.3838160224,7573.60562568212,920215.963825871,3862455.31520028,1944857.2790705,7661397.39028028,875893.672634149,869733.663563183,882525.307134326,0,1493619661.44952,1493491665.37139,1493587310.77829,-4384077.47417225,-1161640.09205444,-22857482.8153994
2022-09-06 18:00:00,2022-09-13,6919779.66004645,2574395.80628498,18578389.1973759,37332.9784971155,15284.7842692126,88649.0990864041,41066.5212795483,88.9827492592359,7706273.5200769,66295.3967366947,5592.07046297365,758267.201652326,3157578.82390465,1591292.05964944,6262245.44129716,790632.216019957,785382.163688715,796681.525213367,14127.8204509828,1492630166.08017,1492458640.86101,1492599319.4557,-3616245.57189607,-675999.220889286,-20457914.0898621
2022-09-13 16:00:00,2022-09-20,6365898.7524776,2372873.12217587,17144204.1336964,30444.6427589651,12205.8857169452,73608.9955586751,37919.017112584,53.8584143383996,7799120.18899349,55135.0139831868,4416.85236735158,663296.361101309,2730719.20361783,1378950.14978868,5416406.13177975,530830.414928887,528041.276955117,534056.649826077,0,1492144311.84536,1492087506.64328,1492156135.47569,-3209698.76362572,-433588.491740502,-19745336.3834241
2022-09-20 16:00:00,2022-09-27,6210441.48083781,2308591.84184762,16712994.4073654,28866.2159947745,11485.6358510596,70068.7564553424,37109.8669962222,49.0070521421914,7799120.18899349,52626.5366425515,4162.97445156295,644653.526395619,2628191.60565985,1324940.46395171,5211163.47670234,567770.459248964,564282.400193742,571723.348924149,671071.471421683,1492162460.88952,1492071937.1576,1492205105.27588,-4062745.92198419,-1412164.82131875,-20395534.6711349
2022-09-27 16:00:00,2022-10-04,6024923.67252182,2239798.20668494,16188169.384062,26936.2381394964,10649.7738273593,65977.4085266071,36006.4995010455,41.5683678094384,7799120.18899349,49362.912469916,3791.91894017431,610461.23589422,2503311.96958227,1262729.14736788,4978543.73827088,534558.586645238,532101.841647677,538118.906834123,120086.473833354,1491903868.47452,1491791424.01147,1491899078.52104,-4248899.34097808,-1627674.36726802,-20156709.4427048
2022-10-04 16:00:00,2022-10-18,11084253.6750944,4124135.47780501,29804326.5703182,44374.7181053896,17188.5602244606,110641.298857965,66173.6342724577,53.9423886597211,15691087.0469036,83266.0331926116,6090.15038737253,1087873.7320306,4357600.61635898,2199503.50448945,8646854.55140877,1144105.88622237,1137549.59685826,1152808.27791662,63575.1920294226,1490874414.37378,1490901866.61497,1490850941.10641,-5345378.33069297,-165036.372237146,-36451579.8379542
2022-10-18 18:00:00,2022-10-25,5257375.80795809,1949795.53397793,14111262.7146438,20127.3100930535,7753.94251373188,50379.3598522756,31346.1769844674,21.9405189064485,7706273.5200769,37990.2768018435,2720.41226424354,506851.847543924,2021025.11783351,1019267.69273465,4009006.4675107,325138.275387618,323556.039703706,327541.32649643,882988.778186425,1491368972.7932,1491408127.78783,1491559894.95566,-2136208.22862282,75906.5851869704,-17213877.0527562
2022-10-25 16:00:00,2022-11-01,5315982.59664814,1972107.69103523,14319751.2371267,20439.808056454,7829.91018449291,51344.2671155167,31825.6871704971,23.3844525366668,7799120.18899349,38699.7144621555,2788.4886277417,516364.136946618,2047361.94962099,1032001.48834686,4054893.22332904,155809.273307233,155450.142409855,156237.785990324,614560.189617752,1493116429.52138,1493115459.16137,1493136258.41587,-4786151.03049666,-2350454.98856103,-20100490.6736408
2022-11-01 16:00:00,2022-11-08,7042579.48231672,2618736.08034937,18929115.4384574,38139.4613563087,15660.2849311053,90576.8296835339,41937.5251840413,90.8513326072599,7799120.18899349,67375.7329372442,5732.6848908769,770892.461062016,3214594.41109583,1620648.3630139,6380304.86505687,148367.084964841,147936.743521268,148814.028799145,1377462.49397082,1492148615.26391,1492104977.49821,1492195661.46047,-5552045.57558447,-2532518.29684962,-22838195.4695711
2022-11-08 16:00:00,2022-11-16,6645463.69062073,2473241.4908433,17852393.9523432,28430.2049573888,11121.6300054717,70218.4387987078,39772.5263766007,40.9231352338372,8913280.21599256,52644.7075470098,3952.93421244623,665031.251388076,2700759.86104573,1362123.42590639,5358893.41180229,212964.97001897,212209.550893674,214067.40047462,35319.551127457,1491801102.88803,1491704830.54695,1491912240.45256,-4576456.8905546,-1758549.89568376,-22671693.5390432
2022-11-16 16:00:00,2022-11-22,4275188.87966027,1591930.08838528,11485717.1315283,15199.0141969782,5735.88909037433,38656.1570320171,25534.3761017422,14.3533463409831,6731383.49645271,29104.8212091929,1982.11263454178,405396.849518936,1581579.34188843,799306.670096553,3130299.17365936,194331.890068765,193279.537260495,195516.1226733,7063.9102254914,1491112551.84704,1490996419.60528,1491103034.1094,-3222025.86917651,-1189602.32692491,-15934944.6897948
2022-11-22 17:00:00,2022-11-29,5305995.88025473,1971590.87270661,14315028.7862635,20415.9648620369,7848.17780278237,51260.2804696044,31737.6815157918,22.8231266264048,7752696.85453519,38650.5432353404,2768.22163826582,517557.254245432,2047014.13006576,1030481.34428915,4059749.50462113,161656.635458678,160987.740574958,162174.22004814,522729.356686364,1490466705.7473,1490403877.16391,1490527571.9288,-3436702.05585981,-1131968.56746661,-18605282.9772908
2022-11-29 16:00:00,2022-12-06,4856331.90831849,1801182.72719738,13104638.8242171,16063.1544215492,5978.39639329371,41420.2519778923,29043.2160801944,12.6010306743671,8031236.86128496,31267.6360757475,2046.32078038678,456261.296188215,1737325.03548771,876721.557457628,3449067.97877116,108773.443328187,108256.983389353,109216.673662407,600432.369166769,1490740862.35247,1490735942.99415,1490709093.72843,-4662136.77734686,-2406432.96056144,-19783076.6043413
2022-12-06 21:00:00,2022-12-13,4851663.16153757,1801554.0632729,13046067.7939911,17056.1289838631,6421.24562825328,43387.5599200956,29012.995526923,15.3122602952136,7613426.85116031,32800.1812160632,2217.64538899208,466189.374054897,1787710.66709572,901262.677867796,3542754.60910969,97988.55706198,97651.3599198194,98261.6075688713,105958.653382371,1489765765.38037,1489628571.34021,1489727334.64159,-3987830.79443903,-1669470.2460852,-18490253.7646503
2022-12-13 17:00:00,2022-12-20,4586933.75801889,1701839.56722644,12315484.2604329,14691.8276566265,5430.03452885412,38099.3931261376,27511.2281316346,10.7818868468487,7799120.18899349,28731.5462507876,1827.63311071603,424285.851871899,1613990.43250518,815006.66882094,3197105.09073121,97812.0595966121,97436.6081062702,98179.835364194,388515.062402027,1488928726.48242,1488772331.59139,1488975117.27765,403231.885611768,2534535.43261225,-13845142.6013108
2022-12-20 17:00:00,2022-12-27,4761365.34801812,1769527.13537734,12816977.9251071,15827.8461218076,5927.72827777986,40604.9554087527,28583.9402892235,14.1585367091638,7984813.52682666,30614.6921263318,2006.43419539422,439735.761958605,1702464.70001053,858642.065759893,3381318.06318297,131757.407441884,130938.423230828,132404.746649095,2175684.34945135,1492666539.29839,1492597408.82081,1492694832.51249,-5160281.98486426,-2957255.5731979,-19829921.2169606
2022-12-27 21:00:00,2023-01-03,7076707.55382319,2629163.99017224,19033993.5176092,39224.9541976119,16129.8442147852,92751.1799370326,42120.2345325925,97.7689287647508,7706273.5200769,69233.7930846641,5916.17658944296,782539.629966069,3267477.54918476,1649000.860059,6484251.42537948,82191.6667157025,82010.7968419986,82322.4024023272,381451.152176536,1492684111.38208,1492711581.31277,1492701156.25614,-4638681.46245415,-1627804.12851067,-21878269.9690437
2023-01-03 19:00:00,2023-01-10,6335983.67162335,2359950.77586293,17025217.88112,30118.6745537599,12050.948896903,72929.7115677147,37793.9755857891,53.3105174002097,7799120.18899349,54548.6811101404,4369.94019461442,656955.615739869,2713254.94288283,1367730.65841489,5379695.39826757,134190.285161289,133697.143296708,134646.846813512,105958.653382371,1492304498.39154,1492263746.51571,1492375099.40281,-3996849.58588131,-1200611.32279267,-20345778.8136126
2023-01-10 19:00:00,2023-01-17,6038441.26056075,2247401.48276848,16246881.7314642,26859.4659182188,10622.6963538305,65710.742927237,36078.9681296959,41.0612507202404,7845543.52345178,49386.479728889,3790.82233892964,615635.191164078,2500791.04605332,1263712.41769124,4958904.80269181,128378.413631287,127886.788448811,128696.034062755,141278.204509828,1492024607.23387,1492063807.50782,1492155443.90716,-4187583.66281273,-1602052.64636167,-20456365.5560425
2023-01-17 20:00:00,2023-01-24,5702751.63243392,2121166.59418553,15367261.6693251,24509.3490349182,9621.52542753415,60221.372891361,34061.4631552299,35.897641491185,7613426.85116031,45391.067997225,3442.2612920911,573733.960981455,2323427.69939262,1171414.41335506,4617257.29600457,136731.80947601,136420.891721016,137040.882098075,28255.6409019656,1491499898.49022,1491434890.50854,1491564926.32188,-4994319.9369446,-2480714.83034257,-20574908.8564074
2023-01-24 16:00:00,2023-01-31,5280662.83505698,1965585.88207998,14236003.7564297,19987.7423236964,7648.25182418306,50222.0307530295,31677.2272608005,22.6825056244571,7891966.85791007,37866.2144436376,2705.23293713545,508371.976721029,2015405.53743638,1017382.54743596,3994600.47691294,217044.959574678,216080.319543416,217834.00288528,162469.935186302,1489880388.19793,1489748582.96929,1489938898.10591,-2220885.34947037,105025.288976056,-17386989.0308519
2023-01-31 18:00:00,2023-02-07,5288782.76960848,1967060.37996913,14178495.6781176,19950.0241140241,7626.67613229716,50334.4031824146,31648.0572055929,21.5868216862215,7845543.52345178,37818.8239078365,2681.01452742677,513474.116961514,2015799.40446869,1016762.21995386,3996456.61228121,233107.089387617,232212.997058791,233792.5093569,148342.114735319,1490959716.30572,1490998194.01564,1490948892.51244,-3618955.60803494,-1192626.7608531,-19010067.5160405
2023-02-07 19:00:00,2023-02-14,5106811.75306336,1899865.24747896,13712502.032443,18704.7481929554,7105.12441634196,47283.8056271638,30482.4925640979,18.1751922181771,7752696.85453519,35656.579608533,2474.89896184786,488758.259982637,1921202.31244824,969049.19118847,3809083.08138241,283216.302527746,282477.16833018,283932.971241438,296684.229470639,1490618395.9934,1490494067.21441,1490633022.30676,-2868378.61405365,-524904.983501378,-17659430.7402247
2023-02-14 18:00:00,2023-02-21,4951032.89848591,1842383.10529613,13292851.0399534,17121.0901620409,6445.47014517283,43780.0694375287,29533.3299732329,14.7445326374986,7891966.85791007,32984.6790060491,2215.96881495085,463243.489650104,1809139.08870383,912528.589914243,3588573.03793578,271881.302569108,270776.352816574,272635.895065916,1151417.3667551,1491033938.56727,1491039545.60362,1491062738.63926,-4769990.60508934,-2516088.2813032,-19746071.3146544
2023-02-21 20:00:00,2023-03-01,5945109.62129128,2208772.60386173,15990180.7633327,22427.6301659332,8595.40062511213,56518.6444398361,35555.346916095,24.1991563029207,8820433.54707597,42529.7927495223,3000.97599925218,571032.898568268,2268299.06563661,1143587.01178707,4499560.39163066,390089.452193727,388290.929855002,391610.675792529,360259.421500061,1490365016.93529,1490275524.17967,1490365822.07077,-4100296.69126262,-1345884.69969037,-21290468.6807438
2023-03-01 18:00:00,2023-03-08,4247969.1214376,1580914.50477706,11404159.841721,14105.3940874456,5242.84318473534,36348.8448012976,25516.490769661,10.9822148226571,7009923.50320248,27359.8692405581,1792.1447999723,396976.928560495,1521163.60341664,768100.571684953,3011157.65647962,351115.450656192,349733.659299372,352328.700571309,211917.306764742,1490012213.53882,1489892309.70642,1490068712.03058,-2287140.71741718,-330512.400147037,-15229844.5791489
2023-03-08 01:00:00,2023-03-28,13823159.4620956,5133563.81239139,37174433.0581244,45342.6335474462,16832.8217494752,117100.120854406,82910.6566695729,35.4393917488915,23025973.8913141,88244.9120807936,5744.75591772818,1284255.16303772,4921434.15808052,2484262.59928391,9760187.35046829,1507322.03878126,1500330.7439858,1514605.04637848,118223.158931354,1490379661.94963,1490358305.19527,1490420243.18119,-7451161.52966289,-1110267.26972193,-50124468.8895853
2023-03-28 17:00:00,2023-04-04,5062441.60809698,1880478.80479134,13635134.472994,18307.7772698004,6948.31370476716,46241.8500461319,30310.1152924568,17.4756244007711,7752696.85453519,34968.5179099654,2425.25161086035,480692.44633597,1890146.73670377,954820.449483957,3744136.80644335,558029.446253228,554739.432856617,560816.186688273,49447.3715784398,1490657625.04643,1490679029.3011,1490599782.55658,4953153.47572934,7338251.89306073,-10088012.574618
2023-04-04 16:00:00,2023-04-11,6395019.02929835,2375806.55399217,17182480.9663993,32157.7324176143,13049.1587670405,77203.9967071072,38075.9894892234,84.5288286693974,7927712.98475859,57164.4510169815,4696.66829819971,677673.566444257,2779268.3121391,1402915.30636984,5507147.2319501,578498.83628295,575243.726299061,580613.705061438,190725.576088268,1498358077.72935,1498250276.72884,1498367791.78461,-1458345.49643859,1245264.84339455,-18077897.3624462
2023-04-11 21:00:00,2023-04-18,12840480.3762138,4776085.84900955,34479805.2465302,151970.393103375,68014.7941289628,336531.067803433,75722.5766410103,1308.05365716294,4065209.8167107,231618.062015296,25063.983190104,2185661.01820993,8633429.18502242,4361402.62221478,17108705.1010945,600411.413405908,597944.183413611,602148.462864275,98894.7431568796,1500255107.8628,1500140415.51978,1500219260.08131,-5213435.93141183,-1041141.32262435,-24426675.9521322
2023-04-18 16:00:00,2023-04-25,12254079.0456772,4567159.05295583,32977764.7652231,131424.48948186,58519.5835416936,293103.363597936,71969.6406309742,1003.6165495051,4595767.42770225,204258.432043406,21772.388914823,1950153.36289371,7838214.56336566,3951674.20935783,15516288.0525347,585585.891322433,583465.351761076,587153.678417952,466218.074882432,1499206517.48409,1499168987.8961,1499188139.3762,16780707.9684821,20907239.0015245,-2682759.20287688
2023-04-25 16:00:00,2023-05-02,18633520.1777477,6934762.29219159,50155805.9469946,371297.140972919,165678.327774436,837732.374629347,108609.075574292,3293.72560786735,3920801.12491558,509069.621913162,53859.2714088491,5022020.33820315,15984981.7336117,8053175.46221308,31645133.775584,863273.679947131,858241.742606307,867951.568789792,0,1520691374.6806,1520665793.95657,1520674911.53345,-5393863.10268912,-758132.363063195,-30135748.4937088
2023-05-02 16:00:00,2023-05-09,34015851.3554572,12649944.3375048,91599621.0856098,1254299.74896444,539644.763322963,2964967.68786249,196268.645562254,5751.74755048428,7165051.99033154,1545591.5808808,146924.920670385,17369682.6496581,40151378.6527219,20261302.8077609,79639824.7751509,720524.781593,715991.427099718,724801.339264911,720518.843000123,1518071752.18056,1517953319.90323,1518162955.58255,2956936.56372997,6623034.18952182,-39518697.4291561
2023-05-09 20:00:00,2023-05-23,60214328.090462,22424010.5375687,162213109.515046,1950379.94113617,851886.960133122,4531417.64622033,347775.246054161,11900.6639342667,11330345.9212415,2464556.86210337,241858.975811172,26619892.5108884,66649906.3248527,33686088.5221246,131974280.683447,1869204.80887237,1859035.60912982,1880117.39014177,162469.935186302,1517889315.48384,1517889838.61612,1517871480.14926,-2953326.2035169,5577097.55872079,-77287579.1430634
2023-05-23 22:00:00,2023-05-30,25503414.9015064,9509334.52707364,68641654.4706578,678036.853374831,301344.454451812,1545810.26528654,148182.451676748,5666.14265681231,4135333.75695028,887594.981326303,91550.6293943125,8948748.02570037,25596603.3561441,12885786.7015228,50826725.2064522,730774.023672165,726818.511755666,734381.868537851,204853.396539251,1511556388.22154,1511605096.92805,1511595580.64936,-5045676.14468714,-488985.440577192,-35984977.3349743
2023-05-30 22:00:00,2023-06-06,21101922.1216426,7835962.92598333,56789895.5057124,447216.72893024,201415.275256813,999703.501684231,122697.868903601,4627.84907848296,3335781.53616116,611753.373190569,66582.8150004924,5895579.97258184,18914909.906486,9556748.90208895,37475154.4243249,988045.075551799,982968.183873183,993181.592290588,14127.8204509828,1507605417.28146,1507535412.43322,1507606739.14562,-3873764.79247033,1067709.92554189,-29962670.481765
2023-06-06 21:00:00,2023-06-13,19898141.8498297,7419252.91616312,53443564.3376445,386014.034812606,173760.057767794,860284.298411089,115745.977309296,4145.33097802228,3327644.87258759,536476.787818018,59051.749410176,5099542.97414197,17085884.1892553,8630075.31613426,33856576.1401999,953079.910958868,948064.493091735,958452.311882265,367323.331725553,1506126415.42007,1506139494.27143,1506257448.67097,-5844768.14216099,-1176212.89497873,-31028695.4737986
2023-06-13 22:00:00,2023-06-20,17129410.7103216,6392935.14562818,46105537.4535607,286140.982145778,129038.645431034,633807.104879717,99999.1929107352,3079.6418221927,3203585.66243162,408792.877900098,45185.8485497452,3815989.58983195,13681786.7866704,6892427.75289792,27094033.7810572,822068.841405616,817935.507555007,825984.459435896,946563.970215848,1503546385.15919,1503394130.16006,1503526629.35281,-9443434.71227798,-4868696.74466402,-31801954.5535667
2023-06-20 18:00:00,2023-07-04,26783013.0361158,9945839.62617863,72097615.1990525,319237.497574624,143155.165592472,709568.32748401,157400.915841326,2757.79397512976,8551739.18853005,486004.69097074,52712.7057985521,4570469.57290478,18056993.3802751,9099354.20743242,35791121.9225623,2107714.70403866,2095398.34978203,2119042.58856543,77703.0124804054,1498470002.55233,1498377641.14692,1498464372.59934,-9195953.73374918,-511578.881290738,-49517513.0548739
2023-07-04 22:00:00,2023-07-11,10092569.9145715,3755075.03724299,27146849.9017885,90569.7498469141,39693.9330032031,203705.427612562,59476.9118945042,542.763455472115,5633153.16678328,145581.720014827,14918.796873945,1409385.26220768,5920326.74759842,2986150.12879601,11721411.8026992,1090892.12518957,1083630.21850842,1097165.69771347,28255.6409019656,1496932699.88725,1496957058.88137,1496980209.46486,-4655313.83867173,-1052270.56276315,-22832316.4980014
2023-07-11 14:00:00,2023-07-18,9771972.05530505,3631874.9516334,26347867.8917637,77706.6710993871,33633.1081712859,176558.179356259,57850.1846946054,391.686334571354,7090069.10234472,127855.275887782,12585.9295554105,1281014.26909336,5396303.46735357,2725968.95608021,10705617.2719101,932912.157591264,928008.209210476,937452.242403031,21191.7306764742,1495682621.11302,1495727514.28225,1495696644.72627,-4631927.12260848,-908416.750120337,-24304220.7739511
2023-07-18 17:00:00,2023-07-25,8609948.88775748,3192978.59201954,23108253.5258761,58916.7001763348,24944.9790186375,136195.798666173,50990.7960278578,223.851945636853,7821726.93392876,99855.5809353208,9340.59665942152,1041721.19599915,4415603.74014442,2231459.41970959,8753791.95766898,1223947.88524301,1214409.56503833,1232039.94886948,7063.9102254914,1494778054.28313,1494696925.16722,1494833928.21723,-4222398.45214504,-908829.821050883,-23148292.2414073
2023-07-25 19:00:00,2023-08-01,7798449.05211896,2899224.40491978,21009738.9647064,46903.0002685581,19554.2663246381,109780.442166112,46232.7560554291,135.638533337873,7938390.19236837,81430.6629963338,7238.77743486106,884028.050996235,3746507.7988332,1892223.61732949,7412763.56750028,1064571.34001027,1056952.7822828,1071892.64500967,0,1493742880.08072,1493677762.38397,1493713781.3413,-3636628.34078572,-520682.376870357,-21751864.1977772
2023-08-01 22:00:00,2023-08-08,7171054.43670991,2670381.01851583,19289817.0650841,39965.0503402947,16440.5760041308,94800.4208428446,42636.8301569628,99.6289728718442,7752696.85453519,70267.0249956045,6055.19055867606,794504.200421506,3319930.54458499,1674373.24240022,6573420.63933106,1006970.20871638,1000216.38547682,1013525.09891972,0,1493268188.07253,1493383179.62392,1493170075.65203,-3588773.00464142,-422549.045644461,-21084257.7311227
2023-08-08 21:00:00,2023-08-15,6684251.07883262,2493603.50833579,17999535.349569,34989.4841135025,14249.431905107,83414.1194691703,39912.9852772707,79.1297833632277,7613426.85116031,62180.4307411417,5174.46220462605,723251.712031911,3000397.40552912,1515201.20468521,5951518.09341911,800583.467665214,795684.478535672,805363.287343148,204853.396539251,1492676437.65679,1492643794.69543,1492765913.39256,-2414138.84362949,359756.001182829,-19090335.2605475
2023-08-15 17:00:00,2023-08-22,6564056.5628466,2440528.61929169,17630783.2086802,31980.3881061202,12845.0220805763,77203.7164539478,39116.0788886585,59.8464819343572,7938390.19236837,57827.5196067411,4669.15413781144,683255.42893461,2843530.67771108,1432394.95303139,5638032.2519867,961986.262886253,954660.207356361,969077.363396189,741710.573676597,1493487505.31547,1493421059.48289,1493532743.63929,-4573735.51986726,-1771331.35479086,-21485006.7518207
2023-08-22 20:00:00,2023-08-29,7084072.25245393,2630890.06694367,19084788.2494372,38351.2248209255,15667.2488642619,91648.1307152354,42055.7630296798,90.4591183770477,7891966.85791007,67843.3989093046,5781.91145278511,775638.588440337,3231242.29951142,1629397.5286779,6403991.29246167,718337.486975376,713779.461178189,722942.747979652,734646.663451106,1492542943.97813,1492400286.2358,1492574170.33978,347657.391791812,3331518.42006591,-17066086.5378727
2023-08-29 22:00:00,2023-09-05,10396704.4786183,3868250.95041254,28007439.8102855,97617.4325562499,42839.3858293603,219158.03252096,61311.256581802,653.583973787736,5809455.9988481,155083.677312675,15888.2236038218,1520464.5144031,6196980.5289915,3128220.65050586,12283236.5530351,664682.355156319,660560.24127045,669592.525874345,1737721.91547088,1496907990.8861,1496785954.14744,1496949588.11982,-7949099.47910207,-4261775.00307416,-26581872.2283991
2023-09-05 20:00:00,2023-09-12,8816038.51622117,3283208.59811893,23729278.6903308,64809.6044957609,27732.9842865467,148551.064195464,52329.1970468668,278.107660062804,7336428.81550198,108259.034438653,10536.0793577777,1103163.96945122,4678864.20326884,2357912.27145401,9281180.64375689,685935.783662163,681831.328321639,690027.290329173,14127.8204509828,1494545667.28339,1494545493.11166,1494564386.28426,-5061175.45291242,-1710721.94276874,-23798758.2093142
2023-09-12 17:00:00,2023-09-19,7482400.31747069,2774742.88377176,20144734.4629253,43555.3725899681,18046.1613905187,102522.998657515,44530.8130232873,121.21433658536,7845543.52345178,76002.6459982723,6677.95117392941,839853.301827142,3543764.91749475,1788328.98126725,7018246.44712884,700997.09158756,696937.965699365,705752.141168567,0,1493175256.0162,1493107077.32819,1493149804.33159,-4322383.94500999,-1196871.19376609,-22107242.1111944
2023-09-19 18:00:00,2023-09-26,6664716.32599009,2477263.5535428,17939963.953369,33066.3420687831,13328.9410597692,79732.5187816402,39736.8849471987,64.7682924652184,7938390.19236837,59634.3571080173,4888.00729750183,700875.098730912,2917040.88190896,1471349.50417712,5790610.16047285,472891.086425907,471028.307877904,475389.813371984,155406.024960811,1492254599.21119,1492208490.91556,1492267254.40153,NA,NA,NA
