"start_date","end_date","umc_m3","umc_m3_lwr","umc_m3_upr","sny_m3","sny_m3_lwr","sny_m3_upr","spr_m3","spr_m3_lwr","spr_m3_upr","fish_m3","fish_m3_lwr","fish_m3_upr","lmc_m3","lmc_m3_lwr","lmc_m3_upr","Le_m3","Le_m3_lwr","Le_m3_upr","Lw_m3","lake_volume","lake_volume_lwr","lake_volume_upr","resid","resid_upr","resid_lwr"
2007-10-02 15:00:00,2007-10-09,6693897.47610077,2482294.68650847,18004772.6076438,34849.2457716878,14115.2204229353,86943.4019687632,45193.0825058,92.7702855023256,8015302.2138616,62880.1848267155,5201.4493895331,787901.111023819,2970677.40589273,1498526.72036466,5888224.63640081,246400.066215127,245660.433302579,247344.92524248,833541.406607985,1492231211.02794,1492290719.39964,1492336627.9769,-3374513.22253513,-547642.77862722,-20601341.9531627
2007-10-09 15:00:00,2007-10-16,7220525.96451758,2674625.04482553,19480148.8682746,41073.3162973647,16942.915110281,100730.049014369,48112.6461063598,128.397341851493,8015302.2138616,72880.437712716,6260.7779050107,873523.483411405,3347676.4744687,1687461.52908897,6632234.49445902,407703.67733323,405837.771175664,410527.820613216,21191.7306764742,1493309981.72911,1493282268.62594,1493380043.57782,-3730748.6162886,-742265.459484656,-21550054.0619763
2007-10-16 15:00:00,2007-10-23,7435951.58627361,2764069.9777171,20054440.8062183,43877.4606601128,18102.8207430508,107480.664733879,49283.674172949,144.644110909599,8015302.2138616,77312.474085611,6772.58622749137,920830.843995821,3516056.05575793,1772173.60082082,6978930.46276239,247832.747270137,246799.412544263,248940.803755254,882988.778186425,1493227637.05633,1493180348.59413,1493263627.68393,-3433837.76648053,-235986.467259908,-21403111.2729585
2007-10-23 15:00:00,2007-10-30,8458072.70350297,3130843.87815397,22764160.0167124,58515.0232733606,24744.0516630812,139570.556732221,54942.2480699012,259.485078615081,8015302.2138616,99923.6273224107,9230.82744022701,1102784.15226315,4330800.58035835,2182433.84911965,8595914.49135244,394744.169854846,393237.416954307,396904.219402758,56511.2818039312,1494519324.4602,1494530409.36165,1494680747.01029,-5247876.66287935,-1969405.20519584,-24324785.4435982
2007-10-30 15:00:00,2007-11-06,7934523.37806829,2946944.4618289,21442629.9158868,49942.4469632367,20830.919550855,120929.359835621,52274.799320182,187.465506157207,8110722.47831234,86482.7452731822,7766.87375283626,992353.11277245,3872727.78530679,1953876.8774106,7678340.64428082,307971.256632818,306793.095245024,309170.037182666,7063.9102254914,1493273867.93108,1493291133.42867,1493357260.06316,-2948510.35595086,295814.753031482,-21705696.2001792
2007-11-06 17:00:00,2007-11-13,7518898.05442628,2791105.4826086,20219988.3335435,45274.7287178912,18757.3870655024,110067.894415802,49923.2550209808,155.908977963808,7967592.08163624,79415.47431469,6996.71214669811,934262.151432122,3589055.61695952,1808120.89462987,7135265.26901297,199068.60047879,198423.027309828,199826.126846808,628688.010068735,1494274945.81304,1494271625.32406,1494375198.4744,-3107431.56739026,2206.62055224821,-21086904.8977366
2007-11-13 16:00:00,2007-11-20,8688358.50740469,3231707.7076996,23311338.8661081,62079.614887261,26297.479698676,147587.76926423,56562.8610703462,289.482585789779,8063012.34608697,105201.809218674,9804.53324861277,1156620.44856692,4517816.17019437,2277399.57703314,8960826.66611271,136923.540380608,136509.76983484,137312.371703638,798221.855480528,1495701589.55076,1495710227.50156,1495816564.67388,-7181591.10943662,-3833360.28271539,-26449971.7669003
2007-11-20 17:00:00,2007-11-27,8356954.42780417,3098330.46975492,22544346.082872,57386.6745486268,24211.5653661821,137256.200078534,54480.1213847298,247.814402848018,7967592.08163624,97925.1465787749,9115.38227435021,1081790.04598466,4261062.73728835,2149635.74287817,8436645.45027483,203386.282003253,202829.642577121,204269.928845193,91830.8329313882,1493575683.37881,1493638897.98235,1493635616.10301,-3253189.01095599,122622.087365551,-22342294.8056028
2007-11-27 16:00:00,2007-12-04,7280713.39963289,2708945.64046472,19660183.1246377,42031.8162525121,17304.6272899782,102827.910440728,48649.5097889336,135.682202099926,8015302.2138616,74167.8919104402,6413.28306988139,879970.950621562,3404518.89547945,1718113.00288375,6749236.58974115,132344.238226159,131825.917918299,132823.01662902,1250312.10991198,1494516622.55181,1494478503.04113,1494629508.86965,-5087312.17148127,-2021108.03532655,-23028016.3929935
2007-12-04 16:00:00,2007-12-11,9241667.66455897,3426430.00323108,24935201.6357295,71905.3668767889,30877.9637606636,169324.467373203,59253.674594082,378.014723361436,7952958.58103643,120038.318821199,11644.5545661544,1288288.96557828,5014255.5806417,2530240.52835553,9942664.91673637,129358.964201504,128848.83742035,130017.689780094,226045.127215725,1494588321.97412,1494477023.35124,1494741573.25646,-5366486.0727735,-1859837.37017102,-25215264.4798265
2007-12-11 15:00:00,2007-12-18,8332906.63618933,3088427.97128055,22410167.5417365,55586.062533244,23371.7243708067,133177.390062477,54402.7123136756,225.170154487479,8110722.47831234,95374.045338647,8769.01604008471,1074680.08720371,4189173.65604889,2109730.97224964,8304053.15094842,161496.153424661,160953.956869602,161971.928562759,353195.51127457,1493797131.50857,1493760895.04183,1493918022.18401,-5152991.63167593,-1902839.57558139,-24180207.3547285
2007-12-18 17:00:00,2007-12-24,6386556.3895544,2364913.80774684,17210466.9547832,38125.4382410502,15736.3437203467,93228.0926255576,42314.5453054842,128.056511479501,6822548.90822744,67074.7425794113,5813.10610302155,782830.40785697,3039426.24096486,1535981.84150748,6025660.33868105,104864.919428471,104474.973176828,105240.168126096,628688.010068735,1493184935.03507,1493196605.61618,1493218487.07243,-4796496.32497561,-2049878.34670609,-20146051.1835947
2007-12-24 16:00:00,2007-12-31,7074012.22497021,2625331.9810592,19000640.0438899,38935.2915242947,15896.875594337,95913.7100487427,47339.9865892637,114.093792415019,8063012.34608697,69522.6253371796,5871.69004026234,847573.371947078,3230294.17764578,1629496.12734271,6413068.92042008,111016.248210733,110684.879587348,111290.364271153,508601.536235381,1492406906.67545,1492457416.29934,1492543431.23519,-4501515.27862001,-1608007.62291152,-22054630.0830868
2007-12-31 17:00:00,2008-01-08,7398450.02192694,2748217.68536268,19921904.7852434,37014.1988664356,14897.2703372195,92794.758708616,49962.2011434898,91.2214641257701,9112635.25504504,67384.4878758008,5458.85299933306,851383.428414132,3220969.94507417,1625237.43833668,6392528.74744753,141454.728771071,140886.292452415,141893.455811155,868860.957735442,1492302492.63563,1492394167.93977,1492351058.78207,-5399553.11097281,-2199321.35083968,-24716378.8749279
2008-01-08 16:00:00,2008-01-15,6348011.65634868,2364470.15212308,17106922.0355347,30863.2705958716,12330.3111067225,77872.008096942,43144.9419413574,72.2517993071956,8015302.2138616,56510.5859194674,4543.96104075871,721638.73834605,2722897.04046796,1372421.11781112,5403754.62632905,124841.663595409,124506.337776029,125124.86153487,565112.818039312,1491962186.71836,1491990946.04673,1492023139.68834,-5661017.65238136,-2893641.43236187,-22532960.8892847
2008-01-15 16:00:00,2008-01-22,5948774.77313205,2213014.45456251,16030162.5375675,26721.5672093094,10588.0353273262,68494.9345004839,40787.670687492,53.0695476131029,8015302.2138616,49633.1682692907,3861.53726031848,657710.179265426,2452510.10214388,1239216.95689668,4868814.50267018,171282.013845443,170592.548565046,171889.420320833,218981.216990233,1490497073.63476,1490415953.48346,1490579100.2945,-2690951.54609906,-111253.887646362,-18963373.7281642
2008-01-22 16:00:00,2008-01-29,5542389.87781534,2053923.18244497,14945816.5347579,22779.3648706074,8844.42537274615,59286.428201474,38415.5576947865,39.531330918508,8063012.34608697,42909.054129145,3183.70187426476,595377.027138751,2185177.74037797,1102350.12121726,4341220.72263519,242751.462025239,241256.956569969,244012.991654398,967755.700892322,1491467228.36896,1491402526.91449,1491504535.21508,-4095252.45215895,-1577684.76707789,-19755776.7958478
2008-01-29 17:00:00,2008-02-05,5913021.54376941,2196597.10731265,15917051.6527871,26522.501698845,10495.7534418315,67835.1298648452,40590.8282692615,53.2715770011533,7967592.08163624,49389.321483001,3787.89133803986,663085.39301335,2435195.22823279,1232118.18674769,4830757.78589979,188073.275987266,187372.231654671,188613.637426317,967755.700892322,1491558296.2698,1491692764.44143,1491616989.91213,-4096686.75011265,-1480802.62223958,-20344642.994458
2008-02-05 16:00:00,2008-02-12,5889045.5916773,2190751.962612,15859190.9559092,26078.3332628145,10274.094142696,67166.7503707538,40397.7575143385,51.1883515127708,8015302.2138616,48565.5522232513,3756.54032824472,651035.163342739,2410200.90462534,1214129.07717568,4773125.08531852,155056.226045357,154649.335920995,155402.978632233,946563.970215848,1491835620.91158,1491912069.98184,1491895386.59605,-4730774.70415288,-2086908.86651374,-20967736.9470992
2008-02-12 16:00:00,2008-02-19,6009968.28481701,2230318.44473467,16228395.5283625,27374.2833826462,10835.9740707404,70123.7362267797,41016.0851116378,56.7354201624884,8015302.2138616,50704.4642924748,3937.80703979617,670672.738834056,2496922.66490028,1258114.59338065,4957366.66512166,242864.152113842,241980.386960729,243500.963548717,706391.02254914,1491490240.28165,1491555064.02449,1491591097.07209,-4274128.20073875,-1715363.35035309,-20681759.0005637
2008-02-19 16:00:00,2008-02-26,5634494.51991824,2092173.44675154,15253522.8006216,23727.4716985675,9261.06639107097,61569.3853275081,38934.0903519869,42.5121189884872,8015302.2138616,44560.4531395931,3335.12132296502,616797.827433579,2250584.44947576,1135110.32187481,4469254.8339719,428807.588506088,426944.656160598,431086.879183398,0,1491311779.40405,1491363322.63509,1491327178.72521,-3003658.61774656,-470220.83761916,-18966696.9112991
2008-02-26 16:00:00,2008-03-04,5732894.24162076,2124707.9715935,15410729.9109282,24384.0764911388,9546.2154397863,63053.9032838469,39531.2787399362,43.4887501317352,8063012.34608697,45708.0014081735,3416.05858264073,628987.629424623,2298374.21271809,1156983.6997515,4558433.21070832,383727.065391071,382720.565080444,384607.263573477,346131.601049079,1491370445.28343,1491443476.23788,1491399715.05614,-3497667.37249006,-895546.497123095,-19669583.9808809
2008-03-04 17:00:00,2008-03-11,5491564.90472853,2032700.68134419,14804038.4267702,22800.9272705641,8867.36761772829,59365.8695498298,37992.112765505,38.769377034267,7872171.8171855,43076.0050883267,3234.32838640864,596046.041666755,2175047.79180386,1097479.68279223,4307705.24313136,505705.02208996,503263.911336421,507442.763044119,141278.204509828,1491379325.83214,1491342767.17349,1491448309.6296,-2691771.29769879,-179783.421896694,-18324778.2119168
2008-03-11 14:00:00,2008-03-18,6074237.99632953,2255896.45017239,16365778.4065792,27752.6982088581,10977.6864731775,71018.7669089548,41480.5089311317,56.9552852573325,8063012.34608697,51357.989278537,4029.28040963169,677901.619708964,2525200.36653528,1271271.55251561,5014891.16246728,536445.562141079,534604.20129409,538048.856669352,480345.895333415,1491743513.87491,1491675741.31508,1491853901.96481,-3570808.38533532,-957338.130674011,-19945382.2803208
2008-03-18 15:00:00,2008-03-25,6073250.4674226,2258736.54339112,16359367.8340011,27773.6044869762,10974.9091041386,71062.3876257081,41416.8013876162,57.2856522555442,8063012.34608697,51406.9882793678,4025.4878892346,677188.536960684,2526924.5208579,1273892.89546427,5006298.57854649,537056.337674708,534912.447733002,538856.432758006,120086.473833354,1491786234.64898,1491835476.05024,1491841994.348,-3317258.41999731,-664366.07476289,-19747758.6033233
2008-03-25 16:00:00,2008-04-01,6031794.46708297,2243908.27674259,16236644.5478483,27562.5595085149,10887.7150770002,70291.9733059208,41296.9276972863,57.299929109141,8015302.2138616,50961.7495704629,3988.66270639821,675982.344056434,2509006.33774119,1263419.90517532,4979398.52667089,605374.336093407,602766.948139697,607914.143299383,974819.611117813,1491718929.70586,1491833280.01412,1491762703.62991,-3974794.1551524,-1454116.9181979,-20474865.3253398
2008-04-01 16:00:00,2008-04-08,5955985.41669625,2212953.26805819,16012650.3719127,26787.9941124913,10577.6499189751,68438.7530874373,40848.8179326555,53.5855258289497,8015302.2138616,49826.6106208178,3843.13985034255,662207.400273252,2460313.30536565,1239494.69552188,4882132.57383307,613087.645299841,610430.834708644,615384.926785892,120086.473833354,1491756190.19185,1491744142.709,1491676061.42397,2047945.59252993,4864376.3492938,-14071654.5986194
2008-04-08 16:00:00,2008-04-15,6716437.14764671,2492541.03444431,18095447.701859,36315.0961291401,14803.4606938877,90113.500408659,45192.1199065216,116.505513942201,7967592.08163624,64908.0777483178,5454.63928565029,800848.350629845,3022485.59597172,1523973.2871453,5996645.57798346,775111.733432393,771633.865419315,777831.26379965,105958.653382371,1496924270.14691,1497053655.82273,1497038026.36022,-3121288.62348886,-308090.567405595,-20289467.462613
2008-04-15 15:00:00,2008-04-22,11077438.7367069,4106243.44733099,29869448.9667857,105915.323367192,46159.5268819715,244940.40133107,69612.2435660834,730.428656469965,7495491.51681364,169340.947919461,17159.6403647528,1725351.67049874,6664384.99194442,3361555.79164893,13250382.8983039,542911.180620924,540628.627180569,544391.675076258,77703.0124804054,1496974195.28883,1497049671.80625,1497053202.93357,-2658500.6248948,1329222.93039496,-24148720.9913196
2008-04-22 15:00:00,2008-04-29,10108270.7641948,3745921.71143318,27236063.9117567,86978.1680778993,37603.4889360132,202881.090826916,64689.7822152132,534.183300343179,7884428.99097722,142270.551582568,14069.0850679939,1488107.58231187,5777143.87319339,2912133.63675533,11462047.9235778,724568.621946463,720699.801450927,727192.667977818,254300.76811769,1498608408.75541,1498519111.80946,1498728237.50085,5749880.38512169,9448612.67636119,-14923530.5087348
2008-04-29 15:00:00,2008-05-06,16605880.0978827,6157372.005652,44661089.030052,265272.582468275,117228.94470769,601877.675671882,99194.6453592838,2720.65780641073,4097886.30568543,382587.036793796,40416.3989282446,3685214.08028326,12902314.0014311,6511382.484574,25606687.6318962,859874.324969016,857140.095283772,861783.840790745,204853.396539251,1508513086.67958,1508472123.05316,1508596445.97586,-2775127.20551321,1762095.21027417,-25718113.650045
2008-05-06 15:00:00,2008-05-13,23750309.1793765,8806268.81632771,63936000.5211312,577556.583476826,249908.759496346,1333861.24658588,135091.992950932,4848.02154127285,3808143.04770961,769418.045274722,78693.8983949586,7670155.21099653,22864695.9418893,11561107.7256098,45259377.8841389,746272.238680253,744366.585169133,747697.750680713,1003075.25201978,1509533558.90671,1509536458.41866,1509512610.00991,29341928.663751,34320785.1498789,165374.227416744
2008-05-13 15:00:00,2008-05-20,32733488.4676513,12165105.9632198,88206600.4745908,1297922.14795076,521197.78349842,3226819.68642634,176538.212343175,4122.9120983192,5932429.45336038,1552103.55477319,133317.014386351,18628222.9812953,39642106.7679174,19974547.757881,78578166.9080744,896018.394334502,891036.71946833,901179.456855626,49447.3715784398,1541499970.44299,1541445992.2897,1541670715.59679,-2994251.48601504,145564.115318035,-44240969.7560712
2008-05-20 16:00:00,2008-05-27,41844589.2881242,15546277.6004509,112674443.060334,2040619.05799118,802704.179930446,5152233.95259751,219738.775238975,3132.18062504787,7967592.08163624,2365886.88027896,190703.49511416,29729009.1497406,57093674.7653058,28810719.1785736,113172137.271097,524230.152240716,522464.306039143,526455.064622543,572176.728264803,1533777093.54902,1533769196.13595,1533823886.27954,5809223.56610829,7488483.92057727,-47362965.7687432
2008-05-27 15:00:00,2008-06-03,37500550.3614306,13952779.4602508,100971658.480673,1585645.11045519,638662.69794184,3916149.88981226,199653.000345661,3819.03824193495,7964694.45864883,1890776.2656541,162344.614359656,21984872.8407918,47591318.0564721,23984951.5776927,94207807.4130391,877857.246454537,872461.112632646,882571.612948791,522729.356686364,1529011422.92748,1528803093.00406,1529094180.89989,-7329691.29082536,-4492072.85297516,-54179763.7748047
2008-06-03 15:00:00,2008-06-10,31004650.5416293,11536049.3371727,83465689.8787152,1046305.17895114,437103.580283943,2505278.27289241,169427.528764952,4707.3418240369,5923655.35338515,1304277.60757194,121555.972324642,14262212.2729889,35116441.9722415,17694492.1675193,69579627.9683034,668002.067206926,665591.3396455,671023.232928569,1103277.09667508,1514911910.4283,1514893055.22988,1515025030.52407,9692403.65060622,13589449.8224143,-28490674.752395
2008-06-10 15:00:00,2008-06-17,29126880.3611803,10802286.0652173,78457766.8266578,917656.195127969,387262.924760495,2183450.53223826,159888.868766321,4795.41614256571,5335527.60974162,1158201.3783731,110764.252902043,12351359.1193676,31852700.299363,16080453.3753153,63212119.3507018,795817.636620576,791650.578057649,799509.882487331,438435.215373512,1523447807.99305,1523411842.15091,1523457090.1676,1351441.86690238,5612147.54211704,-34390079.1278795
2008-06-17 15:00:00,2008-06-24,34092980.1779263,12633557.7706346,91989317.5241478,1281832.16126481,528049.535241078,3108795.59292765,183282.740251151,4273.6301204382,7203797.11877549,1565390.88760375,142020.167188674,17622888.0076315,40780644.3741473,20514974.3845943,80872994.4690609,1174535.08340853,1166856.53345459,1181267.05393089,204853.396539251,1523951793.94279,1523776673.09322,1523940677.63074,-30747.0630295097,3573332.25507496,-42550628.0597198
2008-06-24 15:00:00,2008-07-01,31767996.3228146,11808270.41398,85612738.1955895,1064008.98126367,445154.02296523,2548281.16524981,173458.738308414,4833.92797074963,6135715.50505083,1328766.13890708,124158.804942164,14292437.5372696,35866131.9295317,18047463.1506357,71183777.9122583,1212491.24187691,1204250.75249103,1219479.12670069,113022.563607862,1519294206.78579,1519301435.15053,1519344933.46749,-4659547.81662291,-566248.26270918,-43719278.8722186
2008-07-01 19:00:00,2008-07-08,28229757.5330187,10462842.8060741,75934645.1007595,868253.914638862,367942.025214406,2049661.56025104,155612.025614781,4822.17269617056,5027245.05885342,1104369.14687079,106044.95998995,11702999.3612777,30556160.5039024,15390058.9004892,60654230.1191959,931623.826324179,926477.681817868,936430.596119698,162469.935186302,1512003288.54266,1511881094.20612,1512022411.03512,-5005072.63607282,-705973.503343849,-39090015.9205223
2008-07-08 16:00:00,2008-07-15,21765121.1849517,8077647.16211493,58703751.8670711,481133.40827007,210098.868101962,1103788.15906221,124672.763359791,4335.69965572209,3704606.66446749,653520.282337604,68125.2052646213,6438680.16668874,19924106.7399472,10041345.279338,39499336.2283989,1233657.85299942,1225579.30431538,1240925.25103425,0,1506030894.13169,1506077438.58661,1506104022.84863,-5883267.75744266,-1136638.12098389,-33253416.1104664
2008-07-15 15:00:00,2008-07-22,17203902.3423132,6399808.73564057,46344915.8299406,282329.538327853,124481.857159872,639826.37119518,101732.097712691,2948.58724900177,3813030.08297788,406512.5249494,43345.1468604991,3870365.89686445,13572767.2276769,6844653.95495235,26847621.0796063,1150010.33311943,1142397.32671247,1156443.56130771,7063.9102254914,1502014309.42022,1502034587.854,1502060667.07913,-5536879.93265216,-805910.539540588,-28969283.1672098
2008-07-22 15:00:00,2008-07-29,14716570.7404908,5468097.15943813,39647584.8093907,197929.969386771,87606.0148687731,450490.131307595,88846.0736035905,1893.94094143917,4637170.19621456,296233.627173459,31634.5201740956,2852173.31474087,10518928.1086606,5311140.49027409,20831923.649581,961772.219798891,955766.537755835,967890.201391086,155406.024960811,1499756192.3403,1499736442.13708,1499845353.49506,-5870113.8546161,-1380963.15408327,-27830697.5151824
2008-07-29 16:00:00,2008-08-05,12295057.5082925,4562999.80993063,33089891.9214748,133705.055491312,58924.7207502681,305955.953499483,75909.1357843686,1099.17446156536,6212778.29137968,209014.565764966,21712.8139562644,2072354.3257859,7889445.72136513,3979733.73129297,15646232.5729305,981849.461067081,975410.03436417,987841.101639001,0,1497860364.59284,1497848755.24754,1497942120.97333,-5573914.19206093,-1387487.76394155,-26908204.4115505
2008-08-05 16:00:00,2008-08-12,10838339.6380817,4017341.52174174,29151471.2718267,101114.435020193,44090.6463034704,234219.65638394,68256.1816506464,677.616541724144,7675788.07793776,162521.406270701,16357.0464225191,1654291.02586984,6445776.55735334,3245286.71303937,12800700.5048492,949450.956931742,942293.508077666,956644.20505586,35319.551127457,1496128841.48368,1495987457.65356,1496244225.96283,-4712845.33073555,-861761.134399961,-25787592.5907306
2008-08-12 16:00:00,2008-08-19,9580245.35077917,3544694.42456453,25790800.1046866,76833.2241941274,32979.7473722445,180558.018475728,61404.0136634641,419.561929547471,8011408.03563105,127085.389846379,12423.6048184835,1338012.9427609,5284073.9906768,2662889.74174826,10477921.2646863,996221.867768891,988901.011656855,1003986.34215127,0,1495226319.85081,1495193609.93607,1495308670.98945,-3769843.19667758,-90577.0572995932,-23988104.6989966
2008-08-19 16:00:00,2008-08-26,9643225.19984755,3574346.67618642,25975190.5852056,78632.0158877829,33815.3269106687,184262.214863166,61574.9309569484,446.820763902136,7939937.36119767,130056.08833676,12685.0400348637,1362675.18061279,5358711.22082262,2698654.96638443,10614733.2690947,717192.928133403,712361.42441541,722466.837518905,988947.431568796,1495021748.77417,1495044376.73179,1495156820.51743,-5157148.57473162,-1503966.67112499,-25387430.6355845
2008-08-26 15:00:00,2008-09-02,9448670.2069622,3511918.03982262,25455706.5349349,73966.4143640663,31725.5488705642,173878.092220261,60689.4843176813,397.196603448291,8055002.9986992,123461.414840416,11847.6837648319,1307815.88960441,5144753.31027875,2593177.85203205,10220964.6460667,587224.123285096,584275.214610493,590478.524215503,388515.062402027,1494691131.71708,1494770758.76304,1494852078.75097,-5429909.47702269,-1936301.9144009,-25590277.0849386
2008-09-02 16:00:00,2008-09-09,8245347.10519599,3048453.59820444,22263376.9893289,55533.9688840311,23360.4434749778,133599.090681123,54036.2218570042,231.568683243856,7967592.08163624,95243.5372194434,8796.53736922089,1068913.56784906,4164736.2858903,2101254.13685428,8261030.18395052,606171.251327503,603355.238724151,609685.293863929,148342.114735319,1493624547.38938,1493749957.08568,1493682727.30139,-4490954.1051339,-1163485.24388865,-23552228.8909762
2008-09-09 15:00:00,2008-09-16,7696026.65775463,2859364.12879391,20759444.6330492,46869.7981118244,19465.9881898463,113616.184193375,51072.5505014324,168.715862637068,8063012.34608697,82347.1087062101,7292.96656624057,952564.861168723,3694662.5565658,1860139.70676589,7321528.06334556,819867.883126853,814379.284966349,826490.504703032,169533.845411794,1492961188.69492,1492908836.56112,1493043816.94439,-1672631.66213325,1395649.46180769,-19983557.5390615
2008-09-16 16:00:00,2008-09-23,7463844.60361937,2775916.82515265,20099156.6554822,44262.5342121489,18288.2059173704,108190.196499645,49409.1522039123,149.71654136355,8015302.2138616,77808.2954692047,6812.13596304136,920744.237325146,3534202.34891551,1782869.34088702,7015044.04970754,657015.60467627,652556.931422957,662278.786905943,734646.663451106,1494819876.55358,1494835432.32392,1494820773.05929,-5396227.98339397,-2296597.95060552,-23390777.6391563
2008-09-23 16:00:00,2008-09-30,8536303.59777405,3163215.25423661,22973662.9040334,59916.1290590292,25384.1665560656,142908.892053031,55660.516439532,271.574147655569,7967592.08163624,101791.111478519,9446.04836114717,1128015.69615986,4403036.8176393,2222532.47538806,8715080.54708724,529931.948337976,527303.736045008,533169.484463766,0,1493602401.86555,1493645371.81477,1493624562.3834,-3982800.31727399,-538807.684818265,-23122491.9187215
2008-09-30 15:00:00,2008-10-06,6724752.97118357,2500062.71898297,18148655.5441043,41540.4384427544,17260.4141168489,100841.599653524,44399.3612114939,146.934138982697,6965679.30490354,72431.7356990066,6481.37521616612,829434.171744334,3255542.68873612,1643279.46502311,6460219.52186649,444740.625093777,442275.14253795,447831.200430029,572176.728264803,1493440304.13705,1493486809.43838,1493534235.53045,-4198695.92306171,-1393484.6520588,-20149160.1952039
2008-10-06 17:00:00,2008-10-14,8908767.82032869,3300661.45501718,24051972.3367656,56367.6710149835,23482.2183454374,136583.301953225,58660.373664503,206.839696780102,9064925.12281967,97897.6950211823,8667.32045851818,1117791.12180951,4358157.2793088,2194993.77174458,8644718.30763524,497642.126848303,495587.70379232,499915.467751857,197789.486313759,1492996626.13496,1493046385.86955,1493151324.44155,-4568283.48449606,-1029121.16813468,-25670997.2570246
2008-10-14 15:00:00,2008-10-21,7291021.43437516,2705102.96985208,19663425.4089583,41949.3512315321,17246.1244706469,103006.041027794,48423.9215047051,132.372041638798,8015302.2138616,74205.6807262003,6373.95850725209,883435.217946736,3400148.8834322,1713054.25774393,6735685.18286901,321757.911945919,320656.061675934,323360.61287137,169533.845411794,1492892026.29065,1492799816.2068,1492962429.11771,-4184940.33231121,-1119412.5661437,-21959612.5964058
2008-10-21 15:00:00,2008-10-28,7338264.492072,2726642.63219533,19781546.13673,42579.7130884604,17551.7577478826,104293.531422089,48773.7576541721,136.060471366138,8015302.2138616,75284.7698581145,6542.5578475207,896211.596362145,3442058.64155803,1736278.69355639,6829880.6910664,345536.870251363,344147.059358915,347170.943715308,28255.6409019656,1492610313.39621,1492615860.54186,1492707695.50243,-4199842.63949531,-1199748.62381882,-22183205.6350862
2008-10-28 15:00:00,2008-11-04,6948137.09451354,2574114.03926427,18741608.1246272,37427.6925199097,15276.3536783546,93178.7672212738,46689.9462093462,105.373622097396,8063012.34608697,66891.5434118015,5616.69377875111,812392.205430478,3139970.86210942,1584733.61707221,6221638.29565803,315465.022949327,314346.836734956,317475.436987554,324939.870372604,1492156033.61848,1492081212.39127,1492206649.77486,-3616319.86764845,-648545.890338797,-20957053.6585628
2008-11-04 16:00:00,2008-11-12,7820005.52440616,2904127.13358013,21074622.618214,41631.9558821477,16936.6736854272,103555.742673082,52582.1837291807,116.20143746896,9160345.3872704,74729.6214719265,6254.56874308041,922498.705920738,3509505.25513481,1766463.33081092,6960771.55993902,170091.680825305,169722.272921002,170500.666323434,1059586.53382371,1492508364.0128,1492620176.3138,1492579075.76143,-1826610.61036302,1536830.90963216,-21717799.2053396
2008-11-12 16:00:00,2008-11-18,9432888.09573898,3497384.55919506,25464557.986689,91024.6583748613,39627.4385549951,210532.371698821,59461.3710351715,654.441294712594,6215736.06109022,144846.954091894,14634.6669502563,1470291.89576407,5692489.20233164,2873067.14653789,11288923.4635552,143538.948866212,143143.134361345,143964.830736517,600432.369166769,1496050692.28579,1496091713.8701,1496166742.1786,-6369480.75555977,-3057920.66105251,-24457208.6729572
2008-11-18 17:00:00,2008-11-25,9233068.86708922,3421850.20285851,24846915.236367,70906.2422366709,30371.3261423378,167479.692859571,59495.489440166,362.50029530364,8013659.63687062,118436.338981635,11333.4170335844,1271802.44892992,4975025.46974184,2512906.86448813,9883518.42994183,209171.760193536,208490.802037269,209880.096437926,120086.473833354,1494173836.82744,1494163167.58726,1494245344.71181,-5502235.48920564,-1947569.34762778,-25539638.1866006
2008-11-25 17:00:00,2008-12-02,7969888.64032099,2963025.36829304,21494776.4522232,50771.4845645849,21165.4583083894,122980.382068934,52514.8996369662,196.075056000544,8063012.34608697,88004.2221196153,7859.05736151319,1004928.18206978,3916211.48569929,1974967.24649582,7768668.59088195,187973.885879483,187459.634168541,188671.504296331,409706.793078501,1493089397.51988,1492950074.36314,1493160381.61782,-4807645.25599198,-1565945.79314309,-23444147.7214293
2008-12-02 18:00:00,2008-12-09,7460993.04006023,2766684.19169158,20113919.840709,44083.5329461419,18259.0696920035,107383.35800077,49712.7854970597,148.120609867269,8015302.2138616,77543.7704697955,6779.89420955888,915098.99208872,3532855.11515063,1781043.42613812,7004736.01907338,125349.772051073,124885.713361107,125778.226030312,515665.446460872,1492748452.93203,1492643990.70206,1492833961.69611,-6978829.26513241,-4004959.80558462,-24833848.1847772
2008-12-09 18:00:00,2008-12-16,6834648.42774634,2535169.80334977,18381681.2952645,36622.1088033031,14955.6751376727,90926.4325510137,46027.7892510149,104.994337689911,8063012.34608697,65714.6680494145,5474.47274025652,814514.857016192,3076845.85738297,1554462.35391632,6105269.08070846,114861.561206405,114547.568451899,115277.606026866,572176.728264803,1490259417.35513,1490346998.1233,1490230609.47369,-3259800.76994543,-206348.240541925,-20657155.6917982
2008-12-16 19:00:00,2008-12-23,5589288.42731597,2077302.19791492,15070031.075564,23660.7901981709,9238.1282851402,61393.1777816577,38672.9595793712,41.7114094110888,7919881.94941087,44396.5691627502,3329.73311849559,609153.739551338,2233993.0822838,1128059.02136143,4425768.30948385,144668.504835892,144113.466407121,145178.557518087,664007.561196192,1491363098.88871,1491391607.40395,1491483132.98461,-4054730.34894289,-1685836.43861562,-19873745.468922
2008-12-23 17:00:00,2008-12-30,6202748.41164511,2299439.06499022,16761355.1627993,29008.7098267636,11569.9252148614,73743.5469405638,42217.7863798229,62.5433499874994,8063012.34608697,53480.0836898202,4230.61051075251,699260.906632819,2607167.83964787,1315345.67394787,5170942.67107524,87428.9665051251,87009.8940737898,87793.3672036401,1660018.90299048,1491289733.2601,1491271382.57153,1491279043.39015,-5467352.28016887,-2653265.22238466,-22153132.6222214
2008-12-30 18:00:00,2009-01-06,5991064.92750662,2225735.71743035,16113698.8650911,27322.8236721252,10820.8167056441,69706.710196174,41146.3887000826,57.5489388920261,7967592.08163624,50721.3600696636,3954.024131087,668727.339108499,2488896.08241344,1254968.31251609,4929120.1427334,106537.574196179,106075.794713145,106971.965288029,1356270.76329435,1491115258.06831,1491116904.77648,1491198743.6468,-3084781.06924323,-520465.530471076,-19321851.9560749
2009-01-06 17:00:00,2009-01-13,7319418.4375487,2719576.21126253,19721659.0225558,43393.9134101923,17988.3277479245,105986.87678183,48772.1555999207,150.933589688952,7967592.08163624,76070.8917192121,6616.24550338269,894185.496565785,3460667.55985942,1746292.44950355,6852116.23230295,85781.4738440688,85589.7389331819,85931.3529783517,2324026.46418667,1492901569.6057,1492934956.47171,1492914072.8796,-7633806.33664118,-4574327.05383361,-25401283.352595
2009-01-13 16:00:00,2009-01-20,7024866.58003823,2601602.73998487,18931805.2909807,38728.5874229336,15874.5240145389,95926.4878421659,46981.4568451844,114.932604519078,8015302.2138616,69033.9815085586,5806.97625367811,833910.289170993,3211838.19941583,1621520.5879641,6375716.96431184,186671.142906268,185953.861927077,187318.65474264,7063.9102254914,1491532996.09782,1491609075.47556,1491576221.81962,-4531961.44471845,-1519939.56528173,-22023290.6061564
2009-01-20 16:00:00,2009-01-27,5971999.88592243,2217784.54278796,16131866.2055392,26729.5790834266,10559.7732818693,68247.3260477831,40939.8783741977,52.7788096381275,8063012.34608697,49757.4044078315,3835.21369143897,661626.622228737,2458160.87742035,1242668.24154903,4881826.18103621,256244.218925258,255154.536662116,257407.217934552,28255.6409019656,1490789199.82682,1490906757.44243,1490879270.88753,-3318215.39276424,-814474.57744187,-19733331.419774
2009-01-27 17:00:00,2009-02-03,5861024.16122404,2170606.51914898,15797470.2714491,26098.059543412,10319.7134116734,66890.4069522905,40304.301647512,50.6462909070414,7967592.08163624,48582.1742262485,3746.71626057393,653184.088551143,2408856.11530279,1214803.34439988,4793707.9657082,263140.452145776,262315.269277303,264012.703117984,332003.780598096,1490874261.7264,1490987200.76449,1490827461.48135,-3954873.05181074,-1113041.50919301,-20239521.0784306
2009-02-03 16:00:00,2009-02-10,5737319.86155227,2129216.62413391,15438172.327513,24694.7680864985,9646.50277179773,64052.8173662736,39403.4957139664,45.2645642373718,8015302.2138616,46244.0825297937,3488.77199243673,620439.732867798,2317604.77139402,1167296.46777492,4596232.1507,312046.524729718,310713.169154679,313420.826311035,381451.152176536,1490555404.58438,1490507099.64642,1490754028.73419,-3850536.41958527,-1385383.7751494,-19902644.7008741
2009-02-10 16:00:00,2009-02-17,5472040.77065782,2032360.25755652,14759070.3765933,22045.9496848332,8509.54416484438,57656.0860530555,37774.9444999925,35.5429897513021,8063012.34608697,41868.583381717,3066.68820363962,592032.771441255,2137376.6923504,1076050.65943564,4240062.20083132,315680.563102278,314549.555120301,316885.99128593,226045.127215725,1490304330.22873,1490214220.21232,1490414483.63775,-3439869.75041739,-971609.513754387,-19126261.2244031
2009-02-17 17:00:00,2009-02-24,5195845.49664924,1925258.05018917,13992392.654916,19945.5306844456,7672.54167533168,52704.2092975867,36195.0884781864,28.7127416821708,7967592.08163624,38168.4243300716,2741.89935913351,548936.600918991,1980502.03510796,998718.663803091,3917670.96109164,378471.975054191,377064.364506633,380100.883274184,452090.25443145,1490211178.5983,1490228827.50319,1490322291.06957,-3009648.41653113,-663394.591797065,-18413345.7452045
2009-02-24 16:00:00,2009-03-03,5339963.42704859,1984133.90384304,14389080.0798583,21035.2928635143,8121.2494400831,55389.9936094971,37070.9609723968,32.6335015464241,8015302.2138616,40073.2530056076,2893.29315222774,565670.146912187,2061386.1464063,1038922.15873495,4093387.09734642,316749.580502565,315312.493910334,318022.14192396,1073714.35427469,1490584800.96618,1490531425.71482,1490670904.90786,-4030835.46223593,-1516283.93499629,-19541368.6896158
2009-03-03 16:00:00,2009-03-10,5927863.90329234,2199780.37767231,15953212.2169686,25881.1971662866,10181.0499007482,67042.3674826081,40742.5337787744,49.8559504168899,8158432.6105377,48417.4460644789,3675.46920564945,654642.808027279,2407921.64303919,1211958.02311361,4773469.25744023,377383.064393807,375524.68667616,378749.156826502,932436.149764865,1490687687.0652,1490677804.57445,1490869281.75443,-4161331.58084389,-1717898.97431423,-20613192.3623144
2009-03-10 19:00:00,2009-03-17,5500832.47513724,2044653.12399433,14868616.1042586,22935.4918381617,8916.6499926849,59507.170808581,37958.994021409,39.850232210938,7872171.8171855,43224.0440083858,3229.75246856223,595064.440931203,2184550.87195395,1103098.71367728,4331579.73709346,560375.268579786,557419.114979903,562894.143541901,261364.678343182,1490716392.00699,1490678159.95065,1490710022.97282,-1074142.76644459,1563475.86388624,-16788127.1680917
2009-03-17 16:00:00,2009-03-24,5994781.77297241,2230200.7170472,16140611.3320087,27679.7140556359,11034.2431857521,70338.565337411,40944.7843883527,61.3466888230263,7967592.08163624,51069.6217848496,3991.35993125567,670935.661985785,2501729.33246351,1261986.60142963,4956836.97963396,477473.890906553,476007.04194871,478394.994192457,360259.421500061,1492763638.78336,1492652283.11345,1492931185.06308,-3854960.39267134,-1348401.36281475,-19962090.0156719
2009-03-24 15:00:00,2009-03-31,7447667.41450901,2764342.07551492,20090130.2780729,43607.1772288623,17949.4891483602,106430.109832654,49475.6286768646,142.584269335858,8063012.34608697,76747.2077866874,6702.4868418977,909271.221857618,3509210.98854315,1772226.22609626,6961936.06441811,593067.380841246,590565.250086627,594870.363054647,741710.573676597,1492404210.48202,1492464698.18642,1492450337.14524,-4416552.00437343,-1303598.4056284,-22539952.205644
2009-03-31 16:00:00,2009-04-07,6828287.65334477,2540651.92038349,18379730.4451034,36778.7405621584,14971.0099344989,91377.2558100801,45975.697824678,104.761849530265,7919881.94941087,65819.1859877823,5517.66693565812,805490.311803167,3085392.04125934,1554469.52297024,6119777.58366161,614233.985516433,611486.006253473,616798.885384946,317875.960147113,1492244588.11014,1492278494.08283,1492314794.47288,5651578.84727915,8648328.02811346,-11599362.357178
2009-04-07 14:00:00,2009-04-14,10974310.42388,4077041.01845466,29603274.2155601,111207.688276257,48486.0422809326,256295.92817113,68962.2133004385,857.078341123782,6808253.8225039,174712.557002052,17818.0897700729,1769155.38687666,6737108.05626239,3407799.77296518,13346076.7262062,783893.483494437,781075.470630985,785795.783662097,120086.473833354,1501491278.16851,1501456911.17888,1501676288.29102,632059.790254742,4461654.06420617,-19853671.8070068
2009-04-14 15:00:00,2009-04-21,14958486.573487,5543810.82179745,40227861.4744437,208492.791374663,92169.5402780936,474758.497464514,90473.7765462108,2053.35926941308,4500210.07747014,309886.157100522,32979.1357126539,2974032.46868908,10874837.3140441,5484321.04772167,21567195.0631577,833563.960790672,829714.375679663,835773.512946903,77703.0124804054,1506051615.7753,1506028432.68895,1506213355.81431,-5921405.53060418,-1750510.30618665,-27822807.0934833
2009-04-21 15:00:00,2009-04-28,22882068.7633613,8487545.69437954,61697703.2130999,545866.644366571,236248.004722274,1262620.36212699,130427.923295275,4355.05637384206,3971836.64195722,728134.398335638,74237.6289199156,7301431.8436259,21709056.6255805,10939177.958693,42919789.4452931,716239.861712866,713988.078717817,717954.041032561,550984.997588329,1504066851.28085,1504057222.54991,1503897525.95426,-3854527.8145637,1103419.42160669,-32510993.8510928
2009-04-28 15:00:00,2009-05-05,15143658.6410141,5632081.98029754,40889783.0273402,211207.207140434,93766.7685617965,478884.653444581,90953.4617413685,2044.53482753881,4372463.28214035,313535.663462457,33486.8868112996,3029063.46808451,11007377.0000484,5552925.66633842,21824962.5950752,731221.727333185,728280.502474884,733310.950640426,437962.433980467,1502624509.70594,1502693062.27089,1502701150.72044,-1292336.46457729,3328818.84517482,-23461635.8623545
2009-05-05 16:00:00,2009-05-12,17666035.7075758,6562398.10673448,47641264.113338,301177.699870096,133286.795684064,682945.92476962,104445.046322671,3154.14928964684,3697737.46607191,430624.538738454,46555.6533166785,4107991.40069803,14220431.6363181,7174476.98918672,28175321.2511597,743212.030637544,741101.669912534,745420.184197843,649879.740745209,1505790891.92132,1505881309.72781,1505948106.00128,10561328.2516234,15213484.142809,-13161034.6627151
2009-05-12 15:00:00,2009-05-19,20588777.5701949,7635718.6686978,55315068.2829081,426387.316724134,186519.758225794,979964.095985026,119297.980119302,3890.04390241828,3798599.40472667,583925.35053706,60837.0589418011,5717328.55277444,18192217.9792589,9174755.01047444,36068285.3874214,771257.097503858,767782.616814734,774972.465915175,1116097.81562764,1520540739.23924,1520579352.27536,1520641285.93076,-1155513.92988015,3632322.20958375,-27397514.9364155
2009-05-19 17:00:00,2009-05-26,29858821.5988683,11073814.3312927,80364242.4473341,977460.187330467,408154.403845846,2338413.32455397,163731.029247537,4714.56052607905,5672919.05926152,1226516.33665579,115631.535899893,13255671.0094913,33280288.693545,16787467.2583237,66074251.3690732,1023436.85595351,1016447.67495645,1029312.71738687,416770.703303993,1523256236.2658,1523265637.63763,1523334133.85845,1764420.8841724,5911059.29451172,-34937866.5727149
2009-05-26 15:00:00,2009-06-02,35941016.9772969,13318417.0958412,96835693.4003712,1443155.80815392,588038.099252324,3521821.7330791,191914.689385678,4045.76036994551,7669483.16900896,1739347.52534138,152559.09727967,20204286.8433477,44452402.1745075,22394888.5552641,88242367.3175238,1110544.77100765,1103808.93152638,1116873.2702335,0,1523360231.45588,1523272223.5224,1523460363.75455,-6565646.2178325,-3390378.95475252,-51724148.1273396
2009-06-02 15:00:00,2009-06-09,28727080.847436,10679290.6524426,77392808.2350625,877533.470535898,370623.23039001,2075218.82504106,158448.136670227,4852.28483432727,5143454.25554165,1115586.98540618,108286.344550311,11692272.2215099,30935040.1190407,15593730.7707392,61382200.1700162,1089101.34062972,1081239.73429697,1096956.66992915,204853.396539251,1510547073.29271,1510420119.95311,1510634347.36575,4693050.21024278,9020122.43417961,-30198316.838499
2009-06-09 16:00:00,2009-06-16,23157737.0111229,8593900.57962113,62152262.7258102,551901.428044504,239689.70148421,1272783.56311864,131724.772909499,4660.71870468622,3765818.79637205,736709.037981158,75266.0829868863,7359814.79863128,22026709.8474902,11079293.6768786,43620729.2413935,966444.954967353,960483.878080841,971493.374698309,14127.8204509828,1514299484.87987,1514251253.20836,1514347405.20365,-3497837.12964135,1228564.19484142,-31900137.6987014
2009-06-16 15:00:00,2009-06-23,25571109.0316346,9484382.2335468,68804233.0340041,675320.893603287,290603.809733006,1569670.07505891,143493.560420883,4909.04077584947,4177506.91209956,882969.295389084,88232.8191291454,8940069.64677788,25657064.3079126,12938385.2170236,50801722.7352179,770433.079661471,767192.436573731,774334.827436896,769966.214578563,1512400693.01828,1512323700.59795,1512463836.74678,-6547862.06738249,-1753725.24626605,-37568349.5980244
2009-06-23 16:00:00,2009-06-30,22202210.5051635,8251249.54246715,59598197.8118873,500352.201079408,218238.103778714,1151270.16999884,127261.571670281,4522.14089206846,3641057.79433655,674908.347941119,70156.4696921114,6665418.61366097,20555797.0013065,10368669.8700608,40711562.9752661,1048429.12624333,1041495.05929612,1054274.68177259,28255.6409019656,1507468192.55895,1507440739.31979,1507642627.96468,-5063651.59077651,-417822.241084907,-32386554.0584668
2009-06-30 15:00:00,2009-07-07,18781759.8080649,6986054.75036628,50659045.6385799,339323.599277461,149365.519933971,770200.249453996,109387.874625053,3479.57989076077,3562433.83590089,479519.475443384,50752.5059328096,4619075.43365389,15552238.9847687,7852870.59775942,30771879.8979799,1241745.82646424,1232695.73199125,1249302.11862113,233109.037441216,1504333303.10738,1504372547.63507,1504387062.69197,-3708729.57854908,1104239.00370554,-28326766.188199
2009-07-07 16:00:00,2009-07-14,15345362.1158199,5689706.42835834,41389065.4317068,221131.612316196,98079.1308814931,502081.775534024,92238.4609006501,2223.46578561167,4228497.37032305,326895.750547684,34702.124782959,3168411.43393078,11349907.5006978,5721748.03874815,22532318.341862,911924.481940239,906466.206493098,916704.463354124,706391.02254914,1503773688.51245,1503868463.6253,1503828496.75949,-7820109.95167536,-3304778.89668621,-30039682.3924376
2009-07-14 15:00:00,2009-07-21,15497052.6681015,5758522.34899086,41735584.4340829,222879.836069149,98524.3937689524,505601.156616685,92888.8136897414,2213.69505601655,4284625.98976092,328904.042010959,35004.4163373336,3146622.46660402,11452410.4587081,5780162.73800242,22731478.4753481,985383.816699519,980101.297302248,990115.13958953,197789.486313759,1500383765.54027,1500374205.46169,1500426605.78992,-5157679.01818754,-583821.085052319,-27280561.4226306
2009-07-21 16:00:00,2009-07-28,12889169.5474211,4795865.07551903,34675516.2117541,150299.719533527,66269.169797627,342730.759776272,79122.3112653911,1306.7762053913,5466702.35639473,230377.252052068,24179.6531563039,2256652.83766365,8571846.85915923,4324194.84907971,16981688.2346614,1083128.85658788,1076118.07928506,1089772.13128758,332003.780598096,1499127807.09286,1499242273.9575,1499174575.01003,-5626186.72993304,-1415975.0448317,-26661310.8098679
2009-07-28 14:00:00,2009-08-04,12090569.6098612,4486952.89167029,32576919.6902249,126733.042444197,55484.1857763694,289409.216835658,75221.0537099361,995.801712828183,6637019.15918187,199410.616614164,20488.4040407681,1992761.41127563,7622331.87055745,3834618.98046745,15131039.3779344,1025967.25602677,1019553.54215162,1031619.70568493,515665.446460872,1497527617.25805,1497583108.72787,1497577911.49211,-5830466.34278608,-1660380.85216196,-27444436.8485097
2009-08-04 16:00:00,2009-08-11,10578045.1035843,3929341.42619526,28510939.6670255,96425.6901188853,41849.7433109008,223305.643079715,66886.5146219264,629.240664844808,7724772.81350192,156122.370006475,15721.035790207,1598524.8409641,6221872.25785949,3132743.43608552,12336683.7077914,791906.51415804,787705.471674009,796651.813105922,56511.2818039312,1496056451.55777,1495987787.71972,1496142944.84699,-3547763.12077812,245608.082594204,-24507624.5958979
2009-08-11 15:00:00,2009-08-18,10261772.9854248,3802969.19156456,27689000.9741164,89504.6853497768,38722.1539560973,208846.921072376,65262.1520336815,551.087768081304,7950309.82660063,145798.955185814,14454.2362466659,1511984.05975182,5897166.50469388,2976185.16965823,11697272.3640829,648917.997291944,645796.250466447,652199.55689439,981883.521343305,1496448900.62511,1496460881.8493,1496512156.74959,-6575278.68964142,-2743346.25858395,-27562624.7915771
2009-08-18 15:00:00,2009-08-25,9833149.36004326,3643642.26701066,26531246.2824535,79100.1483808193,33896.693050084,185921.592710265,63251.9969901204,439.027936478107,8199238.38687579,130693.611913665,12611.5252166324,1382055.74685921,5429489.15583498,2737167.83952129,10765844.6571888,975571.02200208,968793.083456162,982314.59193271,23055.0455784739,1494871759.73282,1494890810.43963,1494985409.26176,-4799089.51549936,-986743.44025489,-25723994.6554758
2009-08-25 19:00:00,2009-09-01,8132038.86004643,3018389.21738544,21948131.5429351,55100.1818806509,23192.2360415111,131983.933912089,53115.6993096612,227.474694996278,7824461.68496014,94535.9132293594,8729.12309029724,1051275.08298539,4116848.18548717,2077287.82308932,8171685.72174291,877654.319347936,871240.224966337,884984.937590091,0,1493796860.20239,1493740173.58951,1494006349.45732,-3897538.59181092,-857874.347766562,-22280367.3120296
2009-09-01 15:00:00,2009-09-08,7775020.60148235,2891441.17162072,20935625.3651507,48312.1158062611,20108.7814090878,116955.455620118,51464.8721996071,175.502588462702,8015302.2138616,83936.5691078405,7502.56064163691,965791.119356025,3774032.34464212,1902632.76021151,7482236.81295112,742239.754038731,737186.891274249,747541.789308551,84766.9227058968,1493239609.76021,1493358987.86294,1493250485.11271,-4376934.64317122,-1142898.18470996,-22801732.1272247
2009-09-08 15:00:00,2009-09-15,7123714.41771232,2639678.80084226,19253693.7987295,38995.3548395993,15942.7565000198,96472.5055928043,47709.4258917243,115.125346128868,8158432.6105377,69753.3622586893,5945.70830785311,856768.666955296,3243649.35373919,1633817.55381513,6428829.73483345,747805.404734712,742874.731500007,753932.540930288,0,1492389904.09966,1492445918.21015,1492471762.21548,-3283155.15096829,-196064.260121291,-21149712.2793115
2009-09-15 18:00:00,2009-09-22,6434037.97088822,2388185.87739267,17402820.1127742,32718.6536201346,13196.1373688864,81854.3624946574,43532.126837848,82.4499682770611,7824461.68496014,59432.857599867,4878.96109220834,750583.995924151,2826836.53215576,1426435.98188389,5609515.60635488,665640.410869506,660765.609531446,670625.628826322,105958.653382371,1492395466.75092,1492478811.23689,1492560688.06104,-3825246.61878313,-1076775.72296898,-20564408.9298743
2009-09-22 14:00:00,2009-09-29,6391109.50987643,2370290.77862551,17197622.5977473,31074.7948965099,12470.6315449308,78337.2261436997,43277.8133201228,71.908646384002,8063012.34608697,56820.9328786762,4587.0158278027,732932.939276645,2738867.75611747,1380629.53987406,5427637.19472687,749344.099916844,743568.811298187,756081.336271028,0,1491753423.45144,1491799939.88137,1491909012.82586,-3473679.48853751,-776982.922442461,-20412263.1812269
2009-09-29 15:00:00,2009-10-06,5809075.37617355,2153177.91095047,15662416.0436049,25377.5800039208,9971.35862963261,65102.9534037824,39904.261084617,47.7860823303725,8015302.2138616,47476.1099280131,3618.61057388553,637920.840076523,2363184.41557344,1190269.02751081,4683091.7072813,397703.82084102,395489.527807032,400207.673798037,63575.1920294226,1491313815.15784,1491275863.2784,1491395251.88689,-3859640.48885499,-1291288.28923787,-19845820.5791668
2009-10-06 15:00:00,2009-10-13,5367054.22479203,1992409.92043208,14461388.2476759,21245.2520814668,8195.47683494638,55681.4929751855,37351.4667699168,33.5367958692203,8015302.2138616,40472.5949449987,2946.77035538065,569466.922799452,2075239.00711905,1046029.19459217,4123662.62571021,486857.965320947,484823.318880666,489387.632357603,104651.551883953,1490678694.95179,1490791060.56113,1490748595.9006,-2473681.87735238,16128.1269506789,-18171618.1769283
2009-10-13 15:00:00,2009-10-20,5166766.28314256,1916829.1418822,13940187.7661378,19603.9955105034,7508.12089947323,51843.9713512448,36178.2540391585,28.4537959014435,8015302.2138616,37604.3500249183,2681.77710007832,543712.400489517,1958245.59827971,985232.765677826,3881388.65969972,330904.258456341,329666.900945654,332404.545953244,642815.830519717,1491213691.19247,1491212882.55533,1491342108.77038,-1765601.79882092,552007.991846133,-17168269.393417
2009-10-20 15:00:00,2009-10-27,5831729.06302322,2161799.75039629,15735274.5219959,25559.8091397572,10086.0785637335,65717.2759763383,40039.2260851221,49.8914172509509,8015302.2138616,47779.4705573523,3660.72377962178,639765.642479227,2374789.84814703,1197267.53541966,4707533.39592856,279683.273127587,278743.33685032,280762.080365237,1179673.00765706,1493061908.25015,1493024682.13862,1493149080.4198,396175.871482035,2876239.49442586,-15702281.6899462
2009-10-27 15:00:00,2009-11-03,9194193.30187226,3418086.01930394,24807791.2768554,74889.3681658683,32054.9946026789,175778.456550422,58897.6828396754,467.64541701507,7440028.59645128,122396.991491389,11902.8813836366,1304434.92861823,5054285.27584138,2544730.19902832,10019913.6058772,175373.1991589,174837.853500383,175873.906960443,678135.381647174,1497928391.57682,1497969837.63435,1497904578.49377,-6895667.27653593,-3362616.4387156,-26222329.493745
2009-11-03 17:00:00,2009-11-10,10069434.5475653,3739313.14038301,27075819.2697049,87167.8583096159,37635.681570128,202421.038642805,64200.877968555,548.813902031198,7779930.25981341,142188.401351689,14137.9696698036,1479219.24961772,5769971.98029132,2909622.68010557,11432936.8055137,248984.472558563,248184.559447659,250054.138005133,190725.576088268,1495931578.5513,1495957889.26789,1495963040.92488,-6265261.63939361,-2548883.31088997,-26822648.8703982
2009-11-10 15:00:00,2009-11-17,8847105.75840403,3300045.774097,23845413.4943502,63385.1624132875,26840.2115494521,150712.519113459,57486.7383230356,296.635976769814,8110722.47831234,107327.298538661,10159.7130316536,1178985.42163031,4601709.25732205,2317126.98241845,9123972.38715624,198902.881988162,198217.896810331,199615.063512279,148342.114735319,1494201077.72034,1494180364.84784,1494238711.55605,-4996732.22056422,-1493430.34108145,-24689512.2213533
2009-11-17 17:00:00,2009-11-24,7661206.66366751,2846748.46567168,20634263.2932689,47103.8406647734,19622.9509224583,114140.863759262,50458.6674352061,166.19149709755,7967592.08163624,82191.4827916766,7316.83548251218,946848.36742763,3698825.45075835,1861833.50205434,7322939.11978085,140002.642909408,139570.067640993,140434.291641905,197789.486313759,1493627380.43288,1493601441.20396,1493715620.78513,-4661518.9185352,-1624677.5185722,-22771753.0772531
2009-11-24 16:00:00,2009-12-01,7219896.63309204,2681726.25699163,19455813.0762311,40717.7766748046,16693.7082682126,100289.525296961,48134.8760995529,122.481427381988,8063012.34608697,72266.0475146845,6216.50633381117,872501.711134875,3337534.94891478,1683984.92852389,6615902.78696528,106655.964070973,106211.375417495,106942.028850551,550984.997588329,1493165783.56155,1493226948.80769,1493161183.62675,-6383313.33690347,-3349461.65066794,-24396889.8817223
2009-12-01 17:00:00,2009-12-08,6298402.37334625,2338457.14046734,16976913.6091048,30697.7355876462,12309.6904044338,77296.4900145094,42744.1165063771,73.3057112599706,7967592.08163624,55981.7017974985,4487.76665899956,717309.174526765,2703714.89061281,1362501.70318373,5365301.93066621,161006.522449256,160376.814588835,161640.551200791,113022.563607862,1491270279.64263,1491149815.76649,1491277269.62275,-3083841.26346372,-336835.918817482,-19657501.7618432
2009-12-08 16:00:00,2009-12-15,5747068.22734661,2135669.74868165,15484576.2739296,24634.8005034395,9655.49542967625,63649.1903914378,39557.8081583263,45.2545548678024,8063012.34608697,46126.5662585984,3489.28304504367,635306.873591606,2311801.39170684,1163726.90506346,4592191.1561687,155851.94025976,155121.091643521,156513.125668056,967755.700892322,1491862565.45695,1491817505.44167,1491885905.65301,-3386203.44128266,-805486.903956413,-19450138.9692552
2009-12-15 17:00:00,2009-12-23,7297146.03103299,2709480.03044615,19670342.8968242,35787.3606092314,14347.1103062435,90129.1734019985,49423.5330800145,86.1377429716482,9160345.3872704,65224.0933309794,5261.96389270163,829171.367475035,3146523.34816187,1584992.90745655,6252387.68360023,91319.1162892348,90987.5964661566,91560.5212669822,1744785.82569638,1492833851.78686,1492832962.57547,1492878186.23495,-7972781.56330852,-4784082.6454918,-27108042.6769008
2009-12-23 17:00:00,2009-12-29,5122206.37441247,1899524.55137245,13792743.2622238,23216.4230610206,9213.21276430044,59344.1102085086,35112.5685666993,48.7208805577655,6917969.17267817,42975.2697209759,3320.76299389714,571498.887530021,2118978.60224296,1069672.74008044,4207847.42272289,143561.240099939,142941.7826438,144302.500867828,0,1490815594.60285,1490875746.34437,1490892084.15362,-1756377.29669819,559820.272463085,-15808927.7397996
2009-12-29 18:00:00,2010-01-05,5819800.12567525,2154044.59064623,15680928.1659644,25738.242066336,10148.5467318203,66082.9497309409,39901.0331699539,49.1598783613735,7967592.08163624,48022.5110840003,3692.21789242745,650723.567400896,2380397.41278256,1201288.5640645,4720924.15452047,117210.894227456,116779.884971739,117579.4881468,1158481.27698059,1492020188.09957,1492056224.11362,1492151397.15137,-5223536.34316612,-2696676.25901321,-21289374.1505159
2010-01-05 17:00:00,2010-01-12,5550853.67429019,2058840.96344564,14943528.2546686,23130.1854824864,9050.05307839438,60204.8383780248,38367.2961206456,39.9698582764333,7967592.08163624,43587.1004981925,3249.93814471442,602439.870279853,2201231.16778772,1108848.84027275,4367588.36766226,169936.849858428,169266.592749519,170716.49498139,120086.473833354,1491390986.63837,1491452154.36215,1491463068.23545,-3216505.31480879,-699732.207348226,-19055438.9816524
2010-01-12 16:00:00,2010-01-19,5814984.38760366,2160813.8817711,15697332.291052,25365.2300149662,9962.02832350273,65576.3727618601,39908.2580411374,47.0347735423877,8015302.2138616,47398.7958131897,3629.90177704091,641389.866006921,2364277.94505238,1193287.22590681,4698325.75056575,123217.654701671,122924.793766553,123452.789194246,254300.76811769,1491579338.03614,1491552262.03665,1491676487.99344,-4021717.46221661,-1422203.42820938,-20061491.56011
2010-01-19 16:00:00,2010-01-26,5710986.80470216,2119380.89655993,15333213.3844934,24358.8253121492,9533.47045582349,63023.6022430455,39406.3261988626,44.5229124629718,8015302.2138616,45657.7971134711,3425.52650516836,622176.215395257,2292751.27553902,1155269.29221061,4548782.5991619,176475.317576818,175897.027888085,177167.528192197,49447.3715784398,1491252082.41376,1491342893.44858,1491366826.16032,-3684668.81232924,-1196474.24841307,-19892003.8245277
2010-01-26 16:00:00,2010-02-02,5395701.38072857,2000769.41193373,14504588.2382703,21497.6985261612,8298.23627474013,56242.3132984391,37339.6243337787,33.1486384447589,8015302.2138616,40892.7132735548,2994.86704048261,577270.879152597,2093994.56624685,1055870.03259016,4153920.74442964,207681.785055132,206824.072439758,208574.191213143,162469.935186302,1490968044.13322,1490808102.28427,1491021017.37982,-3678001.68453636,-1213792.70092387,-19196524.3643266
2010-02-02 16:00:00,2010-02-09,5316894.46775807,1971916.55578548,14342089.8092388,20816.4875002226,8023.26293311025,54864.4181095197,36967.0243528578,31.9119267058968,8015302.2138616,39733.5526712389,2855.64655235252,569883.025155009,2045882.65434219,1030315.93895721,4054032.35921715,207905.795594353,207175.277468222,208848.092430218,91830.8329313882,1490646267.44943,1490564956.56407,1490719096.17294,-3409902.28471731,-948451.000283716,-18923699.3103688
2010-02-09 16:00:00,2010-02-16,5136100.05337291,1902772.79944653,13853357.6755934,19111.4078228399,7297.3301060564,50708.6223224277,35921.3052143473,26.7882572409399,8063012.34608697,36813.9605806737,2600.13560122511,541752.724523392,1927557.16097948,973045.523863325,3819233.57107474,196338.227998056,195583.238885734,196977.468109575,226045.127215725,1490488819.07999,1490452347.10135,1490607812.16636,-3858223.84051888,-1597373.74101762,-19328825.5944076
2010-02-16 17:00:00,2010-02-23,4981622.28203805,1847753.0875383,13427855.4697558,18139.7704260718,6889.79013806648,48556.1691135739,34883.2117106053,24.133860315994,7967592.08163624,35153.2219660494,2460.59293024862,522104.584910203,1847729.83963751,932190.36325721,3662131.68633726,326604.569798774,325111.386025158,328059.320668149,84766.9227058968,1489960691.7047,1489842186.9635,1489980551.84322,-2628752.65641045,-339035.512230416,-17525746.3217764
2010-02-23 16:00:00,2010-03-02,4933029.03330804,1829258.29531636,13310774.2094387,17616.0235109987,6673.00703995411,47352.1178437621,34790.5735119566,22.5530148304176,8015302.2138616,34225.6789848548,2346.85423016132,516438.397818792,1812501.90496492,914247.439940983,3599445.80623957,406410.292739458,404771.836896785,407777.365494067,98894.7431568796,1490312170.0477,1490377124.86284,1490326109.10888,-2165201.33647831,111731.877359459,-17305025.6943261
2010-03-02 16:00:00,2010-03-09,5183621.05617721,1919774.24755383,13985223.4252234,19547.9415456104,7501.54987311053,51816.7476827634,36176.9601479249,27.4844381810177,8063012.34608697,37544.421809127,2670.00430033464,547516.506378555,1957668.00417944,986053.314389702,3885240.17715676,511659.776315992,509655.439766229,513721.605905578,226045.127215725,1491046612.56599,1491053637.6789,1491056017.16216,-2373234.83752015,38495.049314715,-17964158.562755
2010-03-09 17:00:00,2010-03-16,5772535.33020929,2140424.53401292,15596534.6162763,25344.2615540273,9983.90506953797,65388.3175011562,39731.4171805401,49.3034748571352,7919881.94941087,47340.8532203295,3655.4383306035,638924.645444701,2353223.94938039,1184417.41613794,4676197.30190177,466404.225436629,464142.016276809,468218.695199071,14127.8204509828,1491706985.45487,1491564131.48567,1491754821.8707,-1831280.69862814,753865.923225909,-17727919.8460132
2010-03-16 15:00:00,2010-03-23,6522598.09028656,2420638.76698606,17581617.9657275,32817.8039244341,13244.531252872,82432.1381530415,44111.9103076935,82.2236883616962,8015302.2138616,59478.2363369609,4795.00208957532,758986.451144468,2842008.32669984,1435408.9635095,5631105.32442599,540353.597520825,537471.548153454,542431.421582892,261364.678343182,1492955156.26404,1492926652.99164,1493028369.36285,883966.405781725,3720957.25436292,-16021616.713521
2010-03-23 15:00:00,2010-03-30,7802601.251674,2890239.90891732,21087763.8356736,49384.5133976105,20526.5469371898,119388.013255031,51486.6428134689,194.026187492474,8012240.05924688,85560.1399511886,7734.82202691386,975092.208599058,3810982.73961008,1924468.1341074,7558648.83690299,548413.365929164,546330.354030095,549989.642551035,409706.793078501,1497377131.4648,1497431202.97934,1497476571.30791,-5757840.22452534,-2654512.69761985,-24216281.999579
2010-03-30 15:00:00,2010-04-06,10474782.5550956,3893956.50282927,28257410.7100113,93811.0245105214,40722.6108286783,218546.547608262,66218.0695916462,605.493732742191,7756588.63611687,151803.981362077,15199.0089967341,1546920.39467233,6099330.34305096,3076907.80145321,12083317.8761283,487362.67599731,485654.826640138,488693.289972119,176597.755637285,1495658634.47565,1495710473.41016,1495679662.2193,-5774198.54144878,-1929156.29559142,-26828310.0529258
2010-04-06 15:00:00,2010-04-13,8985708.04179981,3335759.08800922,24269667.863675,66159.8292973763,28088.4758791957,156834.466395126,58214.3055917126,323.186215520858,8063012.34608697,111253.267242185,10497.2079777235,1210825.69023968,4746458.83967354,2392323.84734482,9416846.0379478,509064.980118997,506991.132209207,510835.719558037,310812.049921622,1494260956.30135,1494266216.23518,1494315024.66764,3331763.90744967,6794602.85558085,-16492263.4506924
2010-04-13 16:00:00,2010-04-20,10009021.3400075,3709654.80858599,27010450.9083882,89332.9974587706,38551.1830922574,207667.039591913,63650.6126813309,592.09037322072,7334661.21485817,144188.071681927,14363.4132217087,1491713.73177378,5783888.03567311,2918668.5283665,11456934.6562963,577728.88768213,575624.41684314,579118.692689305,437962.433980467,1501869343.88286,1501857423.4433,1501895792.55167,-168188.73080466,3665632.308266,-20219427.3971069
2010-04-20 15:00:00,2010-04-27,22236930.1407591,8275183.33930281,59978336.6065648,508486.447879083,220758.017520975,1170465.23062478,126754.981516756,4296.64044775129,3816795.36837771,683147.117672166,69886.5431035809,6774038.84695627,20674956.1635461,10415958.4870311,41056756.5317543,832900.431863902,828714.286528442,837444.505917153,84766.9227058968,1506083693.68451,1506084398.0258,1506268255.84398,-4067461.088203,495904.588598594,-31861611.8015581
2010-04-27 15:00:00,2010-05-04,18529256.8062481,6888456.87106615,49892423.362016,329577.406984588,144931.087616415,747653.163610609,108868.035864962,3427.6099475641,3614371.78092397,466344.491327646,49869.2978384913,4494594.08007308,15241484.4134601,7675045.90759252,30202823.7769463,528144.185378274,525532.302950936,530318.265073429,1843680.56885326,1504148461.61143,1504152988.1618,1504174379.1221,-8698394.96858009,-3841848.50502849,-33088151.6502372
2010-05-04 16:00:00,2010-05-11,15630714.2064606,5806176.44717213,42075105.2041517,228347.661588352,101024.965781341,518606.433145021,93631.796676461,2318.29454861614,4175193.72161134,335486.165609006,35642.7196064737,3183671.61635683,11632859.9803033,5869521.56764951,23059659.2099544,605645.191081659,603473.650011679,607704.418183665,409706.793078501,1500958165.35329,1500924417.42502,1501062317.84185,13014704.214002,17556143.7867741,-9136159.84054531
2010-05-11 16:00:00,2010-05-18,18518212.9042331,6896595.54462167,49802345.5462343,360196.586589149,157285.856535996,824403.682390676,108268.688818019,3088.69216258518,4174624.89051199,496770.33982945,51615.8766313825,4872941.97023322,15744535.4293156,7936411.78556843,31281356.8417886,963560.689920645,958023.583598894,969122.426607658,7063.9102254914,1518432251.01932,1518483177.72468,1518500335.63115,-13190522.5805989,-8635805.75588976,-37836908.6964694
2010-05-18 16:00:00,2010-05-25,27251950.8137947,10142767.1042388,73509911.061816,810011.231248592,342311.966782183,1913807.97227178,151081.139208491,4646.61160010757,4998554.91530139,1032318.86651942,100228.971782727,10915963.8902883,28855447.4903531,14556907.9999848,57243220.4207573,873540.341500709,869271.78136674,877844.153838336,113022.563607862,1508024144.74918,1508077169.75941,1508085744.38627,5077211.35537463,9488724.07612981,-28745880.0284797
2010-05-25 15:00:00,2010-06-01,22599021.2743708,8364721.67968602,60829288.0497362,518261.036529753,225615.614495133,1190714.26143237,128999.277623475,4574.01352843419,3704375.48165673,695746.330303012,71932.9112964428,6893273.97371735,21076112.9982541,10625324.6024911,41850364.0733929,569036.588072574,566321.889511338,571441.788795547,1525804.60870614,1512730752.88708,1512661485.55962,1512851265.89906,1247877.91119353,6001604.46341022,-26613681.6219301
2010-06-01 15:00:00,2010-06-08,28755620.409426,10682068.5599818,77324600.3136759,881784.28787933,373024.973241235,2082164.62704131,158430.206552855,4923.70737336258,5086505.74247459,1123147.60884478,109387.789308192,11939571.3313198,31073440.6948217,15655431.8817489,61592901.8210935,673930.283404713,671015.658163373,676762.478999378,1391590.31442181,1517801313.73948,1517769454.45075,1517853872.69818,-913788.862258366,3359826.52293598,-35873350.0567807
2010-06-08 15:00:00,2010-06-23,55738302.0482282,20696203.0721969,150012580.62021,1588526.81181888,678219.351481554,3725150.7839955,309086.96180806,10201.558095426,9320736.74740423,2051412.4376288,201630.863715923,21210634.5284572,58006564.0128571,29229222.6013442,115148688.369037,1771305.71249348,1761445.65653126,1781003.64406483,2578327.23230436,1517450726.72612,1517450872.42281,1517448247.02553,-6652565.39711785,2652540.56584114,-74162349.5382694
2010-06-23,2010-06-29,27080203.0391684,10050489.6852436,72927326.7132232,776564.21194218,330818.375007318,1822759.43528852,150699.373295137,4977.32008042138,4507636.76999,998973.437377684,98653.2124850026,10379541.5780566,28277859.5047284,14273773.0262321,56141548.3885376,877717.775727402,872428.735689765,882339.973399682,134214.294284337,1513285947.09544,1513206260.78381,1513274701.41129,-6667776.57459174,-2023484.98432876,-39326560.4066452
2010-06-29 23:00:00,2010-07-06,21498413.3230353,7966154.91962872,57976822.1293654,494998.840074289,215358.391928752,1140783.84282736,122324.934461352,4305.58287518745,3523330.02793078,664506.784264202,68262.7899164038,6554532.60154558,20077100.6110362,10131826.7575515,39845119.1264634,905289.749007249,900703.123565267,909647.063609151,536857.177137346,1506603247.59646,1506627290.80607,1506724167.55214,-3934048.51115915,550225.988430374,-30528472.042594
2010-07-06 15:00:00,2010-07-13,18444552.4078812,6852546.07168942,49548560.6259608,327441.899072069,144122.80655913,743756.45165173,108028.215255145,3403.06285671528,3622829.25903236,464353.313640553,49649.109338442,4464566.50316409,15147714.0827765,7637001.63678204,30065625.2627099,1090280.59828787,1084241.62093277,1095625.78241562,21191.7306764742,1505003909.78423,1505076378.35221,1505032802.52094,-6590454.16866117,-1891901.02022534,-30761791.1024799
2010-07-13 15:00:00,2010-07-20,15639306.359505,5799988.30238837,42109585.8271607,226679.499850919,100492.427632981,513604.585921982,93663.6622133027,2280.26572603314,4193610.2743415,333374.90061166,35422.5639667307,3212989.91598763,11597598.7723573,5842436.77232365,23001125.8709956,1105578.33918354,1098781.47744922,1111352.3088725,91830.8329313882,1501541028.50103,1501554240.77509,1501490571.02412,-5351865.97102148,-563086.890862758,-27715958.9603951
2010-07-20 16:00:00,2010-07-27,13292913.1552774,4950346.02166492,35814085.9108058,161211.474555786,71368.0232856264,367313.752496273,81581.3876818121,1465.24053129586,5077489.48108082,246366.081557551,25957.4718370019,2421154.48216921,9014873.30847166,4552103.96892801,17869236.127388,1008844.71782374,1002936.94614204,1014635.22133686,218981.216990233,1499870840.67358,1499847425.07117,1500016280.27613,-5775522.10866726,-1588719.4158591,-26915382.4474475
2010-07-27 14:00:00,2010-08-03,12066059.060117,4473371.208483,32446624.2542266,127245.825679143,55871.3679541394,291970.000895462,75360.7958271501,1013.86303839796,6588737.6483831,199627.3273955,20690.0474303833,1983928.72319341,7621134.53954326,3846836.22700035,15091935.8093808,919264.516312124,914003.994176903,924222.577770575,529793.266911855,1498072653.85468,1497947196.11854,1498140637.91951,-5991495.40142525,-1827701.00500042,-27274452.7095389
2010-08-03 15:00:00,2010-08-10,10509897.2140532,3898377.62638141,28339735.7900171,94340.9218485841,40858.7999456953,219542.564416287,66766.1664358116,610.459341450361,7821731.20133071,152756.739019044,15179.6283412594,1574758.04238441,6131675.15775377,3092832.94845795,12154319.0871363,849051.105176053,843916.725570743,854001.680376865,91830.8329313882,1496538845.67333,1496497638.91546,1496632836.44715,-4659415.09683825,-805379.348062418,-25783275.7761869
2010-08-10 15:00:00,2010-08-17,10225707.1106573,3795886.94819148,27562161.7787537,83915.9991742124,36046.665216488,197007.255286168,65454.1514130312,470.973910452442,8392959.42306373,138306.878782199,13519.2878007499,1463363.90789515,5701880.86730602,2869018.89002682,11307871.8324624,844814.598000519,840577.290159606,849522.634327492,332003.780598096,1495814296.18785,1495753640.80284,1495937564.772,-5426409.14031822,-1692454.04415081,-26811579.3791569
2010-08-17 23:00:00,2010-08-24,8448054.72882207,3140202.33611202,22707124.9251484,62140.7367523487,26413.8889540792,147481.386650355,54630.2036557418,299.399349125383,7585911.0238333,104766.296089845,9831.80021717145,1135762.73200962,4459445.58678402,2251869.50100698,8848942.93498042,932156.10460693,926190.566392248,938099.232319184,148342.114735319,1494686579.50285,1494732163.10249,1494713442.20338,-4350709.74086441,-1005081.14700849,-22838850.9949274
2010-08-24 14:00:00,2010-08-31,8074978.18500644,2991447.42590225,21807492.5793436,52544.5798317782,21945.4085547378,126816.296500815,53185.3195651858,209.770482659648,8015302.2138616,90613.5241214152,8231.05972858759,1027709.97846263,4011474.86906286,2022292.75013137,7958246.70189988,793767.30764924,789139.404304575,798670.067698337,303748.13969613,1493762202.15065,1493830892.12264,1493855390.52834,-3696187.06793877,-424908.50232849,-22527924.0900165
2010-08-31 14:00:00,2010-09-07,8162203.02358274,3028308.62210498,21993984.9121369,53497.2408312974,22454.7993509321,128685.972813094,53385.2342270462,211.953071448026,8063012.34608697,92199.6754540422,8316.58298135752,1049313.97813665,4073053.79738934,2052292.37314344,8069507.38865403,662135.657509838,658513.590544914,666054.515850684,664007.561196192,1493835842.65422,1493827120.47089,1493944631.67594,-4194829.29582235,-958612.330086504,-23080199.1871551
2010-09-07 15:00:00,2010-09-14,8065569.53445611,2997942.32385102,21717862.7440481,52408.0263885366,21907.9547614297,126096.658837668,52972.8024179504,205.097899559692,8015302.2138616,90349.3533422057,8199.89935210977,1024658.25188118,4002693.42321096,2018320.1074944,7938298.78767649,499863.278911275,497726.140201746,502566.473131281,261364.678343182,1493931116.63879,1493910364.1496,1493998512.90087,864050.070704271,4127499.48636875,-17782746.5845241
2010-09-14 15:00:00,2010-09-22,9294824.63055958,3442013.06720194,25083878.6064587,69169.8120040161,29489.6442408115,164143.402977478,60362.3682446202,350.20213648186,8300791.10122805,115905.217648195,10958.7347191363,1262709.6509142,4919282.25605447,2478353.91015511,9758168.39111382,507080.642656255,504836.403204518,509570.398142103,1681210.63366695,1498815274.40232,1498832036.85124,1498899586.09375,-8041576.23773257,-4385239.08388561,-28422769.5049794
2010-09-22,2010-09-28,10679304.2964732,3962402.02061663,28793335.6816927,104719.601133734,45668.7676564443,241484.93992138,67017.9818851341,752.193072380968,6743354.47695562,166398.606940131,16932.4427640196,1692749.40460117,6504462.09821799,3274575.83132791,12908961.6713894,384327.499460094,382504.7640555,386619.810200216,91830.8329313882,1496568807.928,1496634261.95225,1496695178.97847,-5824851.26993549,-2106704.19004763,-25847222.3334928
2010-09-28 15:00:00,2010-10-05,9546645.25312971,3545029.18118328,25774255.8137956,76238.0600482482,32681.6866603629,179107.253674896,61133.2403751369,416.70212594996,8007468.2103352,126551.27339077,12280.1076279374,1339047.6664954,5251029.28060209,2648837.04646107,10413435.040222,588239.001918923,584939.902783897,592267.217999093,127150.384058845,1494964438.37975,1495054213.47327,1495048980.45008,-4303651.33678162,-752291.355521347,-24660269.0826189
2010-10-05 15:00:00,2010-10-12,8466317.86726846,3140540.37914011,22827269.9752147,58065.3312836875,24495.3366298749,138656.065886641,55174.1290785144,252.289160754856,8063012.34608697,99385.7408976456,9188.97023510682,1106581.17900298,4319387.04046896,2178232.42981036,8560748.75251105,310993.073155008,309703.093956828,312566.230045795,211917.306764742,1494759236.97145,1494815271.46079,1494780470.20697,-5337838.86589924,-1906700.05202336,-24627045.1183891
2010-10-12 16:00:00,2010-10-26,15188773.025052,5647896.6559292,40861309.2373656,92546.9842171789,38369.2298265949,225378.923529268,100414.837483567,323.744560687909,15982894.2954978,161525.617725966,14314.2762098615,1895253.94819068,7292304.92552248,3679718.82449122,14462498.793796,852031.386373435,848297.513617679,857088.277129065,685199.291872666,1493681878.36722,1493662348.2328,1493772228.91311,-6415115.34123549,-238223.099190057,-42583082.8128209
2010-10-26 15:00:00,2010-11-02,7783294.35836991,2889035.20651912,20993926.4661807,48479.2498791595,20219.7304204337,117305.393172127,51229.4161359639,177.760415812974,8015302.2138616,84550.0675448848,7555.9939808307,982703.117477913,3780539.91372835,1908908.88046456,7504225.50301798,173620.411356173,173084.362339243,174108.816334524,1137289.54630412,1495350886.47044,1495409714.04551,1495392092.67421,-358723.043719354,2831132.99746352,-18768250.391174
2010-11-02 15:00:00,2010-11-09,12913738.9182426,4785111.49985319,34813788.1070895,148629.055591216,65413.7971008123,339478.007569075,79566.7476159295,1282.04188836612,5741196.421134,229745.064572891,24110.0670269407,2257812.3550418,8534039.93737199,4304324.854875,16909248.0399884,252485.848509456,251615.754213384,253668.74483747,268428.588568673,1500142845.73987,1500209656.07198,1500195510.66651,-7661802.26754002,-3389704.13405975,-29161621.1647673
2010-11-09 16:00:00,2010-11-16,11677704.5748542,4343603.87855314,31413930.5069608,119760.78536087,52463.6499746876,275134.701766412,72896.912448923,908.616329590897,6814067.50557463,189022.39980635,19384.9969800398,1897580.34201882,7282195.93133551,3673892.61070169,14433496.5898041,154879.62358984,154435.142195543,155350.394011737,437962.433980467,1497334626.06104,1497305821.60179,1497394211.9178,-7834221.8529755,-3819091.33850064,-28923299.0210553
2010-11-16 16:00:00,2010-11-22,8564598.39354893,3181006.28873252,23085247.5614896,71387.5945694096,30733.0164726047,166781.035108801,54617.8244509904,409.014821338026,6912243.21664255,117397.096113463,11512.2200826669,1232302.62039229,4809815.97946397,2427437.80458363,9534962.90578765,90956.0372873583,90531.5221256428,91286.8509938036,1116097.81562764,1494560675.75959,1494632351.08722,1494601116.40222,-4950157.726089,-1690721.61121754,-22988723.7370795
2010-11-22 18:00:00,2010-11-29,7967390.92858631,2964744.56582438,21481252.9853921,51495.3888539898,21535.2911454861,123782.167559573,52216.1328773224,200.039051557736,7967592.08163624,89033.9089027912,8010.43416964335,1024872.02037325,3936517.18702541,1984885.65423032,7803974.26661756,112814.642687715,112358.551596738,113235.266137791,996011.341794287,1494633844.74106,1494530049.84262,1494732183.82003,-6969115.8762416,-3724998.71420827,-25415019.60781
2010-11-29 17:00:00,2010-12-07,8904174.74481454,3301297.75075387,23969712.4953057,55712.7807996918,23246.5140834657,134967.45666498,58740.7582111814,206.825939508522,9160345.3872704,96863.880546348,8666.96253384375,1108301.73375986,4329269.45242543,2182300.18765525,8593257.24188915,121649.830228924,121210.803552437,122085.664031348,678135.381647174,1492771544.73612,1492791331.29881,1492900442.57198,-1661752.01441458,2050126.30719992,-22670121.5685175
2010-12-07 17:00:00,2010-12-14,7628969.27907633,2829824.6559812,20538589.5692209,47027.0420822758,19541.5718932743,113792.251337991,50337.1315152795,172.716075292327,7967592.08163624,82028.6102640138,7270.0650378967,953766.818663265,3677638.39021727,1852848.89083677,7293402.1634295,88708.7752672814,88235.7571832184,89026.2355795529,2387601.65621609,1496452500.98507,1496457329.27902,1496658611.32293,-7580556.88471935,-4602381.98772382,-25797178.6393356
2010-12-14 16:00:00,2010-12-21,9800803.09268883,3634783.373795,26438088.5006973,81150.0154784546,34899.7248621239,190638.391468161,62545.3676853961,476.333785207779,7949658.47043295,133513.191688817,13074.9387942368,1408980.15979882,5483097.89075723,2767484.57992244,10873042.5012505,137806.411743293,137271.684194076,138307.804333122,310812.049921622,1495301560.65402,1495239064.61775,1495359555.35239,-5723077.04305273,-1948608.90525162,-26216457.5877151
2010-12-21 16:00:00,2010-12-28,8485969.33661565,3142804.8591678,22895366.582074,56924.5592826819,23911.2417176169,136818.094171106,55803.9780938972,239.5502278974,8253852.87498844,97678.1948544961,8919.84706972687,1102716.97319176,4280264.09614227,2156187.73143624,8501190.7689564,171985.218008299,171259.931393731,172824.902641139,268428.588568673,1494346403.02593,1494309434.29677,1494500236.60418,-5619432.90709473,-2304091.67791192,-25003756.8179965
2010-12-28 21:00:00,2011-01-04,7133968.83734854,2653386.48958888,19268812.6471511,41343.3658791744,17032.4546371006,101159.348912093,47480.0967792519,132.438869930141,7824461.68496014,73092.5149241284,6289.32011479167,874913.150022154,3338186.1976335,1683499.54701513,6617678.20058812,157079.417486395,156568.025595169,157591.025422734,84766.9227058968,1493239525.4621,1493288844.92017,1493313001.35019,-4245016.24395703,-1343168.85876627,-21808667.1266606
2011-01-04 17:00:00,2011-01-10,6171470.1575358,2287557.09995564,16623059.0857317,35180.3582366679,14539.8355169794,86333.6523478349,41224.0827823015,109.765729615137,6822548.90822744,62378.186476249,5387.29155102683,743974.305969569,2866800.46820217,1445633.40435676,5694647.9103865,89954.4051506489,89630.6855587371,90210.2081096244,784094.035029545,1492879895.34066,1492859022.32125,1492891372.54473,7493039.26435207,10048409.3062228,-7579717.66885997
2011-01-10 16:00:00,2011-01-18,10078497.8274714,3749068.20598698,27083596.6482337,82214.2039125963,35234.1047577711,193672.293637511,65106.2113013349,535.998840858618,8681235.9731043,134349.13954094,12850.4066174834,1456008.58703227,5495381.23320147,2776093.90550198,10908262.1596041,164669.350784663,163965.515213254,165209.318711597,2698413.70613771,1504510526.55172,1504554456.5212,1504496205.78882,-14338981.1357677,-10448538.6485856,-35956471.2145197
2011-01-18 18:00:00,2011-01-25,13309560.8909046,4957546.08858264,35820599.1634931,157498.512104304,69421.3802713284,359280.856136572,81744.4074574724,1361.82491940338,5967028.51983307,240549.85825691,25300.1314903268,2335639.2545372,8892692.42879585,4487883.73746815,17646071.0002638,185732.424677791,184990.047868457,186378.416833114,713816.47148696,1497570075.92033,1497637441.03651,1497603710.14186,-8575544.61568673,-4121938.70716415,-30576381.1075801
2011-01-25 22:00:00,2011-02-01,9819303.3695958,3643827.68917046,26485142.0193389,82084.3810513421,35320.0986729907,191806.050472081,62534.6458087292,483.414527053977,7861505.74871005,134782.901665063,13241.4014042157,1398315.65839453,5526001.79240751,2789321.18407005,10941516.7196832,184132.858937918,183386.38357467,184691.34181178,946563.970215848,1494419276.59138,1494424974.77732,1494576343.54611,-5503751.40404113,-1833283.02174578,-25923037.3848764
2011-02-01 21:00:00,2011-02-08,8221968.64211537,3053725.5798214,22129805.4156596,56879.6725432912,24015.2300074301,136171.12922069,53572.1140405931,245.060847624785,7776751.55273477,96907.4756454331,8887.84760078204,1077071.30254248,4206857.34675159,2123690.86431059,8337842.89163588,292078.626474132,290622.279290318,293515.94740196,720518.843000123,1494250659.80433,1494259062.77808,1494409789.53071,-4815193.5816092,-1615621.32528639,-23420661.5500099
2011-02-08 16:00:00,2011-02-15,7945310.54345571,2950453.79491915,21436767.8590593,50629.9804452659,21110.3828430272,121855.762635701,52233.531589282,192.861752211792,8015302.2138616,87620.2967607887,7860.65494981866,1005929.2029847,3906257.17154947,1968928.94201613,7740030.756017,253192.338694889,251956.773653211,254080.900196639,282556.409019656,1494086376.99684,1494047360.63219,1494187247.6231,-4738430.44387646,-1619206.19783449,-23322936.5434073
2011-02-15 16:00:00,2011-02-22,7707742.74497095,2856113.01584228,20798754.1624622,46456.0396960719,19220.3463761313,113306.250008641,50925.8961060131,158.709892678614,8158432.6105377,81420.0261730812,7151.46344783412,952097.062141205,3680971.9812066,1856595.60853703,7300817.07707768,265544.570141473,264427.157185777,266678.143086602,685199.291872666,1493606847.80399,1493592723.88013,1493609329.81308,-5131461.3948007,-1900837.5355688,-23654794.1809282
2011-02-22 19:00:00,2011-03-01,6916040.16035283,2577346.25468416,18607268.7935314,37859.808605655,15478.5669080937,93392.8682675696,46300.9760933829,110.502901082734,7919881.94941087,67679.0634569758,5771.29765190198,828537.367585908,3146859.79075488,1586294.62605749,6242494.43202476,297649.447882937,295976.548549014,299079.609270375,1024266.98269625,1493100613.85666,1493078223.85606,1493155312.33922,-4869447.20316719,-1903302.82337506,-22205102.0388669
2011-03-01 17:00:00,2011-03-08,6820467.50132181,2532847.35013549,18345328.542829,36412.571041049,14828.6897670334,90539.3108708874,45884.8295918583,101.900373897582,7967592.08163624,65376.1218558964,5444.98099862937,802568.759809017,3068126.2420277,1548071.74016247,6076869.40796255,307246.208304687,305982.133063718,308312.532402431,777030.124804054,1492878804.40606,1492804895.73739,1492992711.94608,-1878893.87806229,892584.189177107,-18986362.0292143
2011-03-08 16:00:00,2011-03-31,25896649.1993301,9611530.7175464,69761215.6618359,163787.040029629,68316.8347632351,395979.205174117,171264.229054501,619.797499469219,26383703.1206278,284313.714903773,25348.4659177689,3270521.25928178,12671575.3248458,6386144.64372975,25155471.6282095,1401396.8006546,1395623.99203172,1406490.83440584,2338154.28463765,1495369709.22628,1495416410.58776,1495361495.30811,-8580393.45537531,1991512.77122702,-69350262.3461018
2011-03-31 17:00:00,2011-04-05,10197529.5492736,3796801.6877988,27477272.7302141,129094.937578192,57317.9388958119,293337.396439963,62193.3584765328,1194.59001199133,3886007.41758601,195173.44574937,20589.0489600731,1900498.57887493,7050607.9924801,3554759.09707104,13971755.891162,263968.870504052,263191.635661971,264475.18473377,1222056.46901001,1501570512.11336,1501653759.3106,1501615209.54394,-7329581.16459342,-4029872.8399938,-23491565.2375194
2011-04-05 22:00:00,2011-04-12,12141000.7707108,4509776.02116138,32713364.3302398,137061.352949934,60241.9691112276,313391.193792751,74739.4407407681,1143.84875661454,5605404.71672499,212234.45152488,22190.4145673607,2064944.10905728,7940470.15748979,4008632.30217442,15780193.0107839,577202.766086976,574661.11440447,579068.785021048,233109.037441216,1498732401.84587,1498705135.58931,1498865345.70589,-4156567.16061092,-169358.756918789,-24399972.1683909
2011-04-12 15:00:00,2011-04-19,12460332.3795213,4623487.25140975,33562731.8372115,136763.30561609,60282.3175433541,311852.644528726,77239.096938672,1125.60727724214,6063428.48855388,212724.540538818,21953.697395391,2123094.0341391,8042821.32369375,4062164.02148565,15952453.0100246,625356.707747571,622997.320315679,626855.673739699,1349206.85306886,1498856306.81505,1498876115.01237,1498939154.82343,-5241568.37818234,-1002490.44025334,-26477817.7704777
2011-04-19 16:00:00,2011-04-26,11690071.7367845,4327257.75384514,31435090.1212547,119573.730047783,52127.9334484342,274044.351360601,72983.2609632356,906.32872566759,6783425.54932883,189061.99689106,19585.9753691795,1886849.44813318,7282644.17424724,3679176.14439369,14446088.5330555,685477.150946542,681773.468272173,688234.206955737,339067.690823587,1499182826.58111,1499229302.41563,1499307558.76807,-3487701.34888636,607938.579553921,-24676978.0229197
2011-04-26 16:00:00,2011-05-03,12833044.3091376,4763720.61244091,34463340.713275,147683.414426566,64973.8870647038,336466.970364165,79069.7351297064,1282.90247660762,5615209.55635855,228089.31522453,23943.9469007426,2249972.68224176,8480727.5977824,4279144.65533809,16819904.7505253,656026.256907145,653671.47559519,657401.635788608,1003075.25201978,1500137762.32254,1500136478.8136,1500293493.41717,3574469.44544133,7744078.1589704,-17482993.2535354
2011-05-03 15:00:00,2011-05-10,16698783.6455932,6209869.12015815,45007838.1770752,271321.345517407,119874.216882811,616752.035833293,99041.1158721675,2716.96578975954,4169502.03416955,389634.649190061,41342.3979606921,3746247.21737789,13059897.2494218,6593418.6618935,25915110.0390195,692468.805510295,690771.53290952,693355.719237454,289620.319245147,1508866439.93923,1508844244.34801,1508961752.04611,13880490.2975042,18421898.9127266,-9424929.57605422
2011-05-10 15:00:00,2011-05-17,30275356.5322137,11230802.3516231,81575549.0089247,1021072.25734842,424714.444528106,2454095.74731819,165071.150627488,4488.78239566485,5871573.37903012,1269011.18279286,118003.880746778,14007756.8165973,34136143.8756546,17214902.2594716,67660913.5980777,936583.559113339,933873.927348897,937995.653249869,240172.947666708,1526742965.25722,1526640808.7974,1526762883.78407,4908110.12918872,8833625.22872014,-32639464.6992294
2011-05-17 15:00:00,2011-05-24,32985791.1443483,12255326.6031405,88838969.5838883,1188419.36696828,491751.694815839,2868282.72315589,179034.015309688,4537.03932798911,6709957.08935847,1463126.04424521,134423.542416883,16310868.8162612,38624441.942203,19479992.9836287,76658295.1912163,784473.956144251,781825.67111777,786601.084210494,49447.3715784398,1529549032.02229,1529551582.74638,1529465915.23293,-9568037.01280259,-5645195.66249308,-50339955.7994757
2011-05-24 16:00:00,2011-05-31,33505589.4499401,12446195.4443857,90121300.4101559,1255274.55544694,515683.158763587,3051186.63669663,180554.779889615,4357.2368026323,6929647.55169302,1535899.73365885,138964.909376484,17244284.9279378,39946206.0051561,20164146.8559162,79308163.7614659,580351.842768551,578341.429425919,582948.344563028,1441037.68600025,1516437897.05359,1516544256.25572,1516494387.16697,20184153.4440989,23713499.9064135,-21389412.8767947
2011-05-31 15:00:00,2011-06-07,31359011.2799632,11640048.4130109,84442047.8138936,1074767.88961093,446765.629292541,2583506.59552847,170454.236944372,4670.02361216464,6085091.84895582,1332409.31175649,123028.881910464,14535805.398198,35789358.4442971,18040760.1617975,70988062.3400437,858116.381300662,853334.59118864,862492.596803429,1193800.82810805,1534013848.8547,1534051188.48538,1534011637.22337,-2501767.69536536,1393046.54549193,-40987864.1898668
2011-06-07 15:00:00,2011-06-14,38939966.1357801,14496500.8479387,104759430.641251,1731279.019479,691611.02295336,4300441.4496277,205333.062189776,3591.40391081182,7981028.94856063,2049957.83477109,171963.36774058,24817932.8463366,50646887.3292704,25568255.8900847,100650637.965031,659918.96945968,657065.035800322,663301.361732742,466218.074882432,1529995049.88012,1530053021.84335,1529918902.79181,5527113.69044772,8197392.68213915,-43463521.9645746
2011-06-14 15:00:00,2011-06-21,35868473.0581502,13340076.8723063,96605639.8008295,1425460.28996396,580487.887922776,3479734.42063843,191646.451360903,4091.88565504832,7674074.57241453,1717677.42865815,151520.496280202,19728777.6355872,44098154.5116206,22220316.8051041,87549076.0044946,511656.933307836,510064.818830424,513781.34738124,890052.688411916,1527608111.39894,1527600612.51267,1527720859.26549,-871437.538596866,2312870.41779822,-45699789.7838058
2011-06-21 16:00:00,2011-06-28,36807654.1946748,13675364.5854759,99472681.7451533,1534900.72677847,619802.209484317,3777484.33833011,195980.406969322,3897.23919315216,7550616.37332157,1827165.59815777,156794.185285424,21477078.1285495,46336671.0984011,23396441.8328601,91844186.2274247,959998.660051013,953930.186172417,964709.589394734,437962.433980467,1522220172.33196,1522216244.49487,1522269577.88993,9487131.14980119,12564644.0873232,-37027496.3645757
2011-06-28 16:00:00,2011-07-05,35913730.4006583,13329088.061887,96944491.6717764,1454253.90284993,590706.71691512,3567807.29394449,191919.902082677,3992.03842482697,7650892.84217358,1748245.86124805,152832.112035745,20237281.3107387,44618594.3962952,22524729.0842701,88407352.9996356,1018991.08345837,1012671.20337771,1024422.64606908,113022.563607862,1525214297.08387,1525095675.33281,1525377670.61164,-1390287.60954312,1691613.54201738,-46588924.1123663
2011-07-05 15:00:00,2011-07-12,32371063.334623,12029760.8425228,87127825.7017026,1140491.86780799,474527.134615843,2747193.89978818,175774.195232257,4642.90250103514,6604807.02953245,1409020.75958043,131293.673529632,15495831.4500707,37461044.173034,18877960.1396263,74268141.2520212,1214562.20112492,1207255.89783698,1220790.86724043,261364.678343182,1517607596.62502,1517588471.25698,1517721525.35888,1426802.87763216,5242630.74343075,-38640974.1218153
2011-07-12 16:00:00,2011-07-19,28135507.1207373,10453779.8965495,75820863.4553819,848162.123793171,359734.107236183,1994727.4052092,155222.466781719,4846.13284828452,4870328.92319227,1080931.12721091,105001.609816885,11286212.4717008,30157706.7927063,15196820.2801437,59748800.5669727,929245.107108576,923491.258475742,934696.855037867,91830.8329313882,1515716507.96408,1515695587.77534,1515780529.29636,-5986456.06319981,-1601051.97705284,-40071920.6965051
2011-07-19 15:00:00,2011-07-26,24263262.2359872,8999471.8938735,65482231.6557845,604766.704816726,260885.118862605,1402444.44467156,136981.436706486,4819.57393157684,3980456.33673756,798643.07538491,81671.8298302579,8020961.45160216,23571037.4006191,11882388.4509466,46800346.4834928,943998.13811641,938009.728436224,949338.269463333,642815.830519717,1508954753.67252,1509004132.74524,1509074358.36007,-4846413.2228194,-162948.760814904,-34673854.2112093
2011-07-26 16:00:00,2011-08-02,20132224.9153602,7459019.9338688,54275809.0702747,398833.759794483,175326.884992493,911899.93533889,116432.530984771,3969.74076008591,3495816.28613092,552331.833176652,58222.2219698123,5324985.87862958,17466384.0472577,8806091.59614541,34622150.7657549,955934.172782404,949988.547637828,961510.282414154,211917.306764742,1506039774.19438,1506109503.50039,1506080675.66689,-6663917.15931094,-1809983.5297227,-32376285.8534697
2011-08-02 16:00:00,2011-08-09,17062881.6879014,6345008.43458976,45838630.4483182,276289.199538681,122363.727248882,627512.272141668,101280.097964795,2863.15302148637,3838096.14551573,398540.013959561,42507.7320286434,3825097.40805614,13368616.5276223,6753783.139688,26539747.3352793,1079427.08464113,1073068.29726807,1085189.90198967,21191.7306764742,1502365279.16111,1502369985.07589,1502423068.08174,-6008586.72989738,-1224785.21680914,-29048118.8370794
2011-08-09 16:00:00,2011-08-16,14076692.460024,5239753.51645718,37858069.2270248,180517.156827466,79891.8970494643,409957.478822432,85509.80163492,1707.27667254635,4853093.47430398,272128.028774518,28830.422641512,2635960.06631924,9811296.99744374,4949524.34206812,19471571.0065276,1012035.48408771,1005544.08926594,1017710.63772308,77703.0124804054,1499768831.54899,1499847457.00625,1499905366.20554,-5856701.20516985,-1509272.31110711,-27370459.2665702
2011-08-16 16:00:00,2011-08-23,11912224.8199253,4421200.74687358,32171247.821837,124848.388674744,54653.5071996183,286613.795645781,74265.1160564821,968.594208871378,6522559.29819146,196074.757445613,20316.2545235579,1950564.99507271,7510838.04776903,3783455.32638114,14922293.1599173,998199.039850234,991348.329214358,1004688.78876309,0,1497781348.32203,1497822499.35438,1497868911.5884,-4362890.59215299,-327496.956169898,-25561873.4906165
2011-08-23 16:00:00,2011-08-30,11103086.7327986,4113821.10900004,29856972.9260847,106580.429412916,46482.6447984027,247271.577367763,69793.5779181123,746.020928306806,7472096.66357604,170612.605078004,17216.3613151238,1723779.38901888,6703793.52121341,3376705.50441388,13287619.0061001,918404.846018922,912475.9276703,924561.041162081,28255.6409019656,1497216833.72436,1497264629.82583,1497263750.07944,-5782431.01455723,-1792511.33319979,-27199736.7608873
2011-08-30 16:00:00,2011-09-06,10075386.0125635,3742499.2368174,27125300.6197001,86274.4399435685,37253.4849316461,201267.433294985,64443.1925314941,524.031092857676,7928486.08266202,141257.753641595,14016.1547793529,1471591.81422036,5741311.47262328,2893481.44815146,11381238.4370791,789764.901114785,785156.50641933,794910.624409283,423834.613529484,1495290533.32868,1495181089.21463,1495388579.0911,-4842053.03740167,-1102491.10682,-25552273.0957384
2011-09-06 16:00:00,2011-09-13,8757422.72724986,3252589.48810499,23653595.4196676,62883.4379873004,26689.8603236434,149225.990685292,56900.6162220508,291.171360405408,8015302.2138616,106552.904725937,9961.59182784518,1166661.60632657,4567566.98983194,2307302.83902883,9050611.99202143,892445.430231055,886445.849130201,899682.426549809,0,1494708599.92975,1494603147.62081,1494825577.55086,-3216056.29367213,199803.692632206,-22623792.3561
2011-09-13 16:00:00,2011-09-20,8183127.43385073,3037518.9986349,22005721.4356702,54110.6968952576,22701.5179782872,129679.663046487,53691.896697939,222.675344725124,8015302.2138616,93330.8642691216,8487.81376912468,1057474.52359612,4092994.42119779,2066046.13121102,8124473.20198492,563835.809769934,560843.919797965,567989.56475571,621624.099843243,1495016290.9022,1495013846.07668,1495121164.66695,-5774138.34222857,-2431876.43076125,-24576137.7857369
2011-09-20 16:00:00,2011-09-27,7888216.02069423,2929466.54219202,21289314.5081596,49887.6357408333,20882.6698107819,120323.059142066,52010.9643540538,190.2729787104,8015302.2138616,86676.6477385715,7740.03701269086,1002125.13042573,3864123.98988372,1949976.12894653,7664982.40943922,660574.2855761,655748.865748366,665914.52366212,113022.563607862,1493591207.32056,1493575047.46022,1493752953.29075,-4258351.41740567,-1181806.83234723,-22681240.3122357
2011-09-27 16:00:00,2011-10-04,7461843.90698747,2770065.35831946,20062902.0229793,44137.6563322577,18210.1601176508,107661.690947743,49630.6085292762,150.436062441263,8015302.2138616,77644.7439259852,6787.11155527322,918422.04832819,3535554.93157233,1781923.09800958,7012260.5418224,532941.961994008,529483.730113619,536589.364454331,134214.294284337,1492997971.45983,1493102997.69008,1493036723.54931,-2827612.42877312,294788.148324118,-20833083.3421344
2011-10-04 16:00:00,2011-10-11,7599813.59251338,2819949.6539176,20526783.1090479,46461.1287140253,19292.4140984812,112874.13192908,50260.9505299749,165.439814825258,7967592.08163624,80978.7465019978,7157.68606524829,942625.738210256,3653694.37082502,1840242.76152174,7257967.59995751,297612.543929992,296248.269572003,299190.320856415,1426909.86554926,1493869333.34755,1493959566.71207,1493949532.22985,-4979859.62458351,-1831525.53277172,-23295752.2145089
2011-10-11 15:00:00,2011-10-18,8736243.12195045,3241862.62200155,23555062.3631021,62318.5489264043,26402.9727728672,148146.480117879,56841.9384236853,279.702399202805,8063012.34608697,105758.801321971,9872.41913178177,1161124.7874633,4540597.69359659,2287847.26023215,9006123.03046661,318083.541242009,317172.390024273,319437.907538213,374387.241951044,1494142591.09202,1494083441.50312,1494254990.72543,-2647755.27711496,717718.191429916,-22071956.6813865
2011-10-18 16:00:00,2011-10-25,8226758.04185964,3061217.30915619,22196196.6567512,55440.1427162652,23325.8796453628,132963.612351581,53779.2908866002,238.39298943943,8015302.2138616,95051.5257788388,8726.4353231763,1061152.30760566,4151020.90369697,2091714.87945724,8219832.91580812,286482.885996944,285406.814270709,287869.507307987,409706.793078501,1495971704.23264,1495987657.10245,1496020494.22486,-4513118.8197359,-1231000.67244469,-23458941.6514823
2011-10-25 16:00:00,2011-11-01,8874795.4751805,3294658.87092239,23877062.9690626,64854.4990577036,27634.3873899823,153696.602082123,57618.4905261482,307.375359468273,8014188.70694048,109686.275504154,10422.1542945726,1187479.88474878,4666581.78338602,2354675.22301338,9260434.52790008,317884.678591525,316830.117101213,319174.893714725,515665.446460872,1495861817.41753,1495836334.6115,1495915586.66888,-6399670.54498184,-2910528.30586274,-25886035.6837302
2011-11-01 16:00:00,2011-11-08,8831978.4831011,3291434.04366618,23809098.3158841,63889.3330953111,27150.9796272742,151272.630425803,57384.469399963,302.310012037815,8063012.34608697,107921.084941932,10072.3100906878,1184735.11649033,4623256.11889408,2336946.42224487,9172929.82330128,264646.641573746,263568.757821826,265800.172241677,176597.755637285,1494100300.5973,1494118783.11545,1494182241.25733,-5259057.97250784,-1820625.10183673,-24961370.5627715
2011-11-08 17:00:00,2011-11-15,7628962.26698823,2829461.773969,20585856.9096475,46384.9425613848,19184.7105892625,113130.697783677,50667.254268954,164.747483526472,8015302.2138616,81258.3118897119,7203.83363889384,952511.492851436,3662773.32727992,1848468.19111257,7260430.27674279,167363.716782633,166920.761395965,167931.70942879,466218.074882432,1493191110.9905,1493103398.72166,1493266658.37446,-4982704.94189818,-1761194.66437461,-23184022.710405
2011-11-15 17:00:00,2011-11-22,6887231.12845809,2556054.04695111,18602028.249582,36958.3993159917,15087.8885619385,91659.660090049,46308.1564714307,105.583594199659,8015302.2138616,66303.0094322344,5592.30845421697,812806.044508272,3104614.49772041,1565724.08622693,6162410.87487184,165610.988904614,164608.006199288,166481.393331208,565112.818039312,1492651759.85513,1492624033.41411,1492812307.89814,-3576542.76334206,-730635.555674615,-20994310.287458
2011-11-22 17:00:00,2011-11-29,7416919.65932336,2759543.99245052,19969002.2580825,43584.6537527211,18046.006313708,106527.683117635,49326.7104563804,143.238667504556,8015302.2138616,76880.9245597158,6741.6901019466,907416.236019481,3499316.40373229,1764995.44873748,6928358.03259432,108495.186326831,108041.499391208,108817.636266347,162469.935186302,1493406905.11688,1493387739.84453,1493493292.89564,-4911684.73155931,-1863703.77802108,-22853662.396827
2011-11-29 17:00:00,2011-12-06,7214972.67598473,2686209.82757312,19464106.8814192,40757.7650978556,16711.1185964235,100538.996043218,48277.8854153809,127.104210027845,8063012.34608697,72433.4233423978,6198.90752585026,871725.428345605,3334309.77521001,1682482.54024475,6603706.74210776,176576.325488007,175689.873298334,177142.966689897,197789.486313759,1492636590.67854,1492657620.10511,1492703497.03221,-4801096.65085604,-1869296.22049615,-22637329.496011
2011-12-06 18:00:00,2011-12-13,6398538.89743023,2371546.74409589,17238389.6486201,31677.7976913632,12722.6511045898,79761.8164638483,43358.0986433051,76.7735329838228,7967592.08163624,57778.9858452121,4679.3427127006,738514.681410538,2767763.54302484,1394633.54318262,5484427.69306912,179961.93512396,179233.966201699,180684.613352969,77703.0124804054,1491898839.16314,1491936614.03851,1491883064.84239,-3891016.51496172,-1031843.34644238,-20682779.8238992
2011-12-13 17:00:00,2011-12-20,6332492.31624311,2345611.40676617,17047317.7786109,30633.5133522515,12245.3690681024,77346.4993989632,43050.2813844556,71.1898324674013,8015302.2138616,56085.1364050915,4489.29862944446,716134.346564391,2710401.36540518,1364790.03704323,5372138.19440234,126594.215872324,126245.689501124,126985.543519758,296684.229470639,1491669153.96212,1491690683.1488,1491744082.51049,-4165079.17575802,-1326975.78576237,-20899876.7107544
2011-12-20 17:00:00,2011-12-27,5850161.06140292,2167989.73184103,15778395.8079364,25719.0953053579,10112.0299277622,66215.4539051694,40153.2308090322,49.6116955447302,8015302.2138616,47991.0582377354,3628.3456672063,643261.95643525,2385807.88622849,1203014.9593285,4729234.49630601,141136.813327963,140695.401202055,141536.78464812,113022.563607862,1491426024.68194,1491444467.76803,1491585172.49195,-2700117.01201665,-128334.55737883,-18966946.8712619
2011-12-27 17:00:00,2012-01-03,6597819.59626999,2451584.67478486,17748723.5184347,33809.0791496103,13629.8827874842,84913.8384507334,44475.2762060618,86.9767102461612,8015302.2138616,61160.4851539988,5033.56647056262,760943.663199401,2906572.2820527,1466318.84003822,5763861.92673342,107789.174240554,107532.230620744,108020.986087812,1292695.57126493,1492276009.97973,1492222947.61156,1492407929.85678,-5105591.51582118,-2251193.10940908,-22111506.8247503
2012-01-03 17:00:00,2012-01-10,6483052.93719027,2404331.79781832,17451590.5526454,32219.7754216218,12995.8108122241,80752.3169383436,43867.1817546923,78.063000776386,8015302.2138616,58635.7634226573,4750.93367175906,750457.867413928,2810954.53757846,1416781.14420327,5575572.68874634,148027.913487265,147650.347293595,148320.832299415,332003.780598096,1492186017.01566,1492142136.6792,1492345916.34873,-4927331.23193169,-2246531.24791445,-21770459.9880915
2012-01-10 17:00:00,2012-01-17,5852049.78159546,2166698.03696012,15758027.6623213,26060.6429424326,10269.0369119077,66784.7922464477,40237.0247528975,50.9806950998875,7967592.08163624,48382.6991127304,3764.03658046845,646971.414574072,2401975.09153597,1210417.5207395,4760242.0835579,180261.684232681,179453.347783455,180764.470718131,310812.049921622,1491249482.77105,1491277889.90152,1491289113.99522,-3563331.20148644,-896434.48009631,-19665623.2040835
2012-01-17 16:00:00,2012-01-24,5778567.83581497,2148318.62042431,15569324.9831166,25060.4951300543,9826.68937789375,64588.0872059386,39800.0129410746,47.0555674544031,8015302.2138616,46878.7827852072,3534.31168590334,638394.266449482,2338927.43389483,1176745.02885326,4647537.51128874,111183.448009126,110608.619889139,111585.437327332,996011.341794287,1491381456.99212,1491421448.14386,1491494402.78767,-3095094.82086178,-619708.653727332,-19135428.8827819
2012-01-24 16:00:00,2012-01-31,6180497.03056196,2299001.31769647,16664952.0281825,28954.4204274725,11567.4882995457,73508.60160834,42234.9202361201,63.2666613050628,8063012.34608697,53343.5069275261,4209.40057946418,697313.33927397,2601951.24800972,1310344.6650326,5152295.02669827,169620.387725111,168951.284108375,170059.083367866,1539932.42915713,1492722569.75782,1492810517.20489,1492745078.50405,-6501529.59473521,-3774526.46559302,-23181373.1149628
2012-01-31 17:00:00,2012-02-07,6106839.37349117,2262184.27596545,16446416.5397401,28586.0302424101,11398.510408731,72488.5447298339,41737.0492987974,62.8546936644377,7967592.08163624,52442.4604146337,4138.89291951196,687768.186355251,2569194.51129324,1296953.42689855,5103153.89811796,226549.841837612,225801.080353583,227577.936839538,77703.0124804054,1491294430.83466,1491345508.72417,1491346029.99171,-3436096.58812664,-743389.6719156,-19986533.5186843
2012-02-07 16:00:00,2012-02-14,5864309.57305228,2178023.40535403,15788408.9626158,25680.0444695925,10082.483322206,66036.5975609316,40318.7778781481,48.3137139547654,8063012.34608697,47948.6957465269,3662.22598283533,647773.737870554,2387523.73068509,1203891.54207373,4742482.82877378,238715.0676839,237608.597229228,239805.978203281,197789.486313759,1491369897.81933,1491280211.73547,1491435373.35901,-3841720.35905118,-1292111.94672381,-19934109.3341709
2012-02-14 17:00:00,2012-02-21,5534367.81425623,2047443.44238469,14892822.4148663,22760.5716283947,8867.1495218398,59168.9280477589,38265.0493875952,37.8733359955727,8015302.2138616,42949.8601546524,3156.47703326159,598958.997561946,2183181.44079311,1101742.62010981,4331854.38227369,265644.867614766,264786.414803174,266478.859108948,727582.753225614,1491077985.23937,1491126834.72477,1491091367.18767,-4158501.71885465,-1662265.73708836,-19947868.4368907
2012-02-21 17:00:00,2012-02-28,5778031.80851423,2140867.6940861,15578809.6282658,24999.4296553517,9835.39809366112,64473.4567005396,39839.6656042386,47.4893221685491,8015302.2138616,46692.9804863813,3579.56802505576,635579.160532316,2337571.14603562,1179493.8277218,4636243.83737723,222317.480803902,221492.471582296,222879.993138437,1384526.40419631,1490836583.26076,1490874468.35406,1490849660.11117,-3582606.26130696,-1019859.82413923,-19727894.228281
2012-02-28 17:00:00,2012-03-06,5646179.06026802,2093592.84329245,15206822.9632655,23850.1707352428,9309.1588511892,61848.23400504,39075.6780116614,42.8486150797684,8015302.2138616,44840.7562575257,3329.6487490713,618323.183637907,2255698.37546993,1135968.88720552,4471538.41618851,339348.713240947,338011.011307557,340500.104470723,586304.548715786,1491968178.66107,1491966141.15882,1491967670.54145,-2835642.81630738,-178842.90711054,-18945175.0316466
2012-03-06 17:00:00,2012-03-13,6158205.78796706,2288191.60881196,16605668.4669031,29375.9967741221,11703.2533535515,74135.7637445905,42026.3582826997,67.4923244606853,7919881.94941087,54002.4647656508,4258.08492840314,695988.104475482,2617938.56494822,1319613.84560841,5196317.19030698,412076.511596,410354.45376095,413265.612838918,310812.049921622,1492877738.97004,1492697528.75,1493007426.78405,-517325.369177055,2109813.5877193,-16791339.6873998
2012-03-13 15:00:00,2012-03-20,9081043.26495383,3371172.02198378,24477657.9714708,69654.7519500322,29712.9926867344,164362.775016822,58706.2207080583,370.854916630734,8030236.46987233,115976.484952521,11126.2715580142,1261785.97127229,4878653.61187021,2457555.52752898,9684574.84933959,282407.728502313,281274.550776206,283157.849289481,861797.047509951,1495924821.18203,1495903092.59391,1496002304.56174,-5685984.98427183,-2163855.72983983,-25571683.7046631
2012-03-20 16:00:00,2012-03-27,9275613.08639515,3449639.94365186,25008440.6117455,71698.6748871414,30622.8324821877,169639.435146267,59719.5162089031,369.755630982312,8015236.19448918,119534.183328042,11503.7954204314,1280753.57729126,5019531.55538427,2532183.22936601,9955096.12539479,389875.387601785,387963.789702061,391109.615375332,1031330.89292174,1495264952.62746,1495159516.42576,1495373797.94225,1718365.63662506,5270637.21924085,-18191955.1343639
2012-03-27 16:00:00,2012-04-03,12852089.9220808,4777691.14659574,34645359.3704558,157137.38670734,69223.2514225484,358238.206072795,78940.3730552362,1421.96703581526,6020151.59744354,238498.048928143,24829.7162963962,2329859.72014195,8681678.54664181,4382509.19658078,17232096.1454454,394883.788612737,393588.482165904,395506.326577517,840605.316833477,1502131807.67484,1502126756.26222,1502247755.36253,-7865481.95267045,-3767354.66974728,-29378600.2150346
2012-04-03 16:00:00,2012-04-10,14255241.6995203,5301908.96450648,38348705.7094665,185830.372829013,82503.9861924349,421502.17460931,86666.8666166891,1763.99067667633,4734257.40795514,279102.601319107,29583.4751100818,2684687.25863411,10018610.9260315,5060362.5846575,19895590.1024172,623158.203379106,620442.56289888,625329.86880137,77703.0124804054,1499357034.43452,1499314767.78611,1499418074.41222,1070265.16369501,5521416.90896039,-20306519.3004469
2012-04-10 16:00:00,2012-04-17,17102260.8703435,6347625.90921909,46081616.6730263,284678.210508013,125949.827741865,648206.993707429,101170.46645161,2911.23765297126,3989502.14199988,407764.376548857,43277.99995778,3946587.83267449,13569564.09414,6844541.37741214,26925854.8760916,682336.14231634,679894.726889684,684081.122283385,798221.855480528,1504670075.02157,1504754184.07759,1504752149.60259,12432303.7397139,17125451.9781895,-11074420.7583237
2012-04-17 15:00:00,2012-04-24,20759829.1539882,7702882.65124427,55902272.4069706,444281.339646637,193682.336295659,1025843.1692173,119322.018785103,3862.35350531315,3779934.50721981,603905.985036674,62132.8164965263,6003852.92640826,18621877.6570696,9370013.68026639,37002261.6033011,591793.252844775,590500.780814683,592777.108795387,593368.458941277,1521544574.30416,1521533962.81778,1521671152.30653,-8316569.48988365,-3628653.96250203,-34622881.9730807
2012-04-24 15:00:00,2012-05-01,35073459.904019,13040767.21612,94177975.353269,1382733.80571416,561827.93642974,3386918.88404903,188915.343426168,4201.76833483165,7114006.84069635,1666322.81120634,147173.229800264,19356870.9566831,42933419.2867366,21656163.2965708,85240736.7962587,652580.840266242,649927.133500849,655484.331800855,1101969.99517666,1516535040.86076,1516621313.60136,1516637912.49943,-4316977.56328944,-1034108.8793397,-47783381.6182745
2012-05-01 16:00:00,2012-05-08,23982685.9951318,8903965.56023731,64466974.0806065,592414.33450888,256120.736969121,1371328.88055065,135672.728706743,4697.56439242545,3932627.61777543,784424.317626128,79688.3375663414,7797479.56376979,23198431.8219048,11716231.7120122,46152545.8932523,592193.115979903,590211.597993771,594455.665343821,310812.049921622,1508045465.03001,1508079452.8849,1508153653.33588,7141404.98744954,11869407.5498191,-22027085.132518
2012-05-08 16:00:00,2012-05-15,24879580.9285373,9216273.00906397,67194000.150202,646222.245065774,277379.82927507,1499725.31809375,139655.477873543,4875.07587183553,4106838.49482241,846866.654539046,84362.218732533,8595700.52868825,24727690.1488316,12480837.8762295,49091222.6716591,1133566.99047512,1126401.33740679,1140575.71396161,0,1517202254.50547,1517184588.38641,1517271901.82478,2100401.26307101,6792923.55618294,-28366044.2247857
2012-05-15 15:00:00,2012-05-22,30843784.5745152,11458393.1389714,83054106.7208604,1036693.19926825,432859.830302452,2479314.01499519,167777.898192483,4666.12096512291,5907286.66528409,1295329.70487676,121218.756816339,14095863.369565,34846484.363247,17607612.1663004,69127154.9494506,957083.903243927,951473.238018433,962301.197796567,487409.805558907,1519953723.93525,1519983010.26781,1520040476.30027,-8933229.67413064,-4851221.72112542,-46872599.5654067
2012-05-22 15:00:00,2012-05-29,28130267.865043,10431811.3852085,75908682.1917425,847533.073966725,358112.909704966,2013002.25152905,155421.360227417,4790.84355767985,5031054.38633184,1078737.6534431,103544.980042196,11463463.4834314,29992155.7341847,15111719.2219897,59369820.5965609,583956.117479995,582179.23868964,585985.923910935,678135.381647174,1509047921.17704,1509044935.13142,1509134716.82744,14033225.2634373,18418712.3017587,-20824043.27275
2012-05-29 17:00:00,2012-06-05,25762867.8932131,9567834.60909097,69214279.1579524,720078.41966228,306742.152750698,1690758.38973861,143635.901877275,4601.63281463055,4539917.84428602,928667.959519875,90988.8685521533,9722862.06846895,26453377.0670123,13336098.3258889,52473577.1935969,607758.104326361,604928.133750956,610667.916223146,671071.471421683,1523395129.92314,1523359423.03288,1523435926.16868,-9446420.34851559,-4881620.13373017,-41047710.4052776
2012-06-05 16:00:00,2012-06-12,31737386.0354784,11774111.1049842,85513579.28036,1126556.01233107,466188.730102631,2716331.19954885,172538.026754479,4535.41122256815,6197826.83914121,1388679.71934587,127698.410563183,15409356.6794678,36855960.8444483,18587020.5868549,73087518.6549381,591244.180176658,587796.220890405,594428.924909706,2083853.51651996,1515113896.04898,1515066356.44965,1515254518.30994,13642924.3861252,17366539.2096828,-25411200.6364302
2012-06-12 15:00:00,2012-06-19,32482912.4875372,12066397.1129247,87525738.7303602,1157971.07941025,480179.091093512,2785187.48107592,177115.336305372,4590.30367447661,6505166.93030399,1427467.39720614,131800.054230198,15774098.7940502,37818185.098486,19076832.1592487,74980547.253213,849433.508914971,844996.583592669,853694.353425721,2034406.14494152,1527818628.72091,1527894155.74841,1527902627.88527,-603896.915619484,3271948.89542678,-40840391.4311629
2012-06-19 16:00:00,2012-06-26,34491319.6247545,12841041.9694363,92866188.5020889,1320386.80213708,541479.27783476,3215402.47950705,185326.462305816,4173.67317802769,7362565.37787365,1604034.77028889,143484.731201327,18191041.4102476,41648091.3689126,20959700.7762412,82641752.9831417,776349.698546096,772480.194978807,780606.016681877,346131.601049079,1525826985.64329,1525844120.79134,1525970120.74472,-5696905.77390681,-2418785.80702933,-48759871.2235128
2012-06-26 16:00:00,2012-07-03,30375924.247167,11266700.1049907,81836646.1489343,1004312.25030061,421321.098596174,2391468.83221896,166710.954940994,4722.58390511019,5804595.90826737,1256605.20893687,118888.95151581,13549692.793928,34085616.4453956,17216598.6607633,67599587.3413543,848013.745574673,842701.826239591,853079.94096183,1229120.3792355,1515652838.06246,1515643219.93877,1515695465.21917,-4516584.19718068,-361730.800930565,-41804359.331848
2012-07-03 16:00:00,2012-07-10,24616474.5761014,9148723.0217978,66296183.9055466,625315.907844667,269901.774284111,1447624.83326256,138772.163950159,4812.16603725881,4015109.43149421,825640.920864618,83191.0859950263,8329632.90272907,24174931.1851824,12217045.9246961,47939366.472438,1171741.39267861,1163282.56913582,1178225.89028148,63575.1920294226,1510235296.71489,1510197717.38719,1510315187.04948,-4721923.40913943,-31545.7972317336,-34709221.9067026
2012-07-10 16:00:00,2012-07-17,21396263.1415125,7944061.89228562,57784868.1906056,456746.991784161,199846.038829089,1045863.99686908,123046.603213635,4378.68107574491,3590641.42226411,623325.317129436,65039.8338386718,6100417.48615749,19284183.4515971,9718933.84404859,38211167.9829049,981092.925674308,975271.122239489,986036.963738058,487409.805558907,1506436479.48868,1506523029.38283,1506473515.99856,-6743915.45783718,-1876267.44726985,-33842215.8448221
2012-07-17 16:00:00,2012-07-24,17638783.4393009,6549034.12852208,47490041.920338,299406.816284395,132558.381635166,679449.983761174,104023.157120621,3137.83327738044,3742753.52975982,428069.448237564,45820.1639195,4117741.36724175,14168211.8833965,7151932.42244385,28077782.9513836,1013289.13182926,1007208.55949986,1019257.68947864,49447.3715784398,1502514079.51277,1502492809.49282,1502603779.83659,-6275914.97845612,-1662939.739789,-29877556.4842069
2012-07-24 16:00:00,2012-07-31,13981693.3011769,5194059.34709484,37618521.081881,177192.459379045,78335.8395599115,403352.275750584,85448.1428365267,1659.70844825146,4987882.35063928,268164.108247514,28441.7934327206,2583617.03290881,9697104.5669418,4881475.72375221,19240363.9915643,1093295.46662184,1086507.24824288,1098901.21376945,84766.9227058968,1499576393.75161,1499597646.54043,1499561696.99379,-5571273.84092228,-1037509.31959636,-27150573.3826818
2012-07-31 17:00:00,2012-08-07,11955532.0414017,4444610.3865567,32147646.9630908,126482.490035699,55639.0517663756,289975.174382932,74563.8257646152,1005.67503002842,6508035.70348813,198127.328939947,20404.2632423499,1985495.25537913,7570648.64223751,3823119.03138195,15006483.7611665,1053036.6625981,1046769.33808255,1059007.64702685,240172.947666708,1497811984.81147,1497785947.6163,1497943468.31344,-5282348.61254311,-1242538.9847478,-26427918.9784245
2012-08-07 16:00:00,2012-08-14,10734402.7151012,3979126.52576726,28933386.7193355,98272.30503734,42610.4544577478,227595.384659947,68169.9965573784,657.260919816853,7801079.60198874,158550.47080126,15910.5149928459,1616761.53524618,6324725.75398658,3193553.35776125,12549774.6377171,1014316.12889696,1007515.39659016,1020944.73769858,0,1496500829.5279,1496463863.27369,1496592873.28349,-4995718.4020337,-1147815.86405615,-26160350.8668146
2012-08-14 17:00:00,2012-08-21,9361154.1708257,3474877.52283255,25145181.9274403,73653.883932362,31507.7043136152,173299.224202782,60001.9668125027,388.386690132976,7965745.48179933,122623.997891682,11817.6651334273,1309753.7692356,5105512.969303,2576702.67723733,10102547.5958069,1030649.80017263,1022894.88018293,1038260.67262307,0,1495225464.73048,1495311616.27269,1495282293.42122,-4608428.04486652,-997087.408459627,-24661342.3383582
2012-08-21 16:00:00,2012-08-28,8359714.18571237,3101944.25616949,22560062.2403977,56909.7350155002,23957.3184490557,136297.428512118,54497.2333460054,241.89694490434,8015302.2138616,97324.2366725112,8933.00844834937,1095382.98393271,4242711.48200713,2140669.21540458,8427928.21217055,846357.166554865,840416.840530226,852612.081123281,70639.102254914,1494098307.9356,1494103446.06858,1494204199.73431,-4409826.66780928,-1093696.70955182,-23406344.9175952
2012-08-28 16:00:00,2012-09-04,7415405.34047471,2750073.9081496,20004937.976905,43561.5518312611,17941.7404790841,106304.706642352,49184.6888222069,145.465098392973,8015302.2138616,76862.7002511688,6731.01517856005,906641.531539552,3499788.11959301,1765548.14254247,6944330.43681324,932787.690144071,926273.118445768,939471.82706253,0,1493238497.11223,1493294244.82665,1493335132.55109,-3491150.99933244,-420769.234267343,-21448606.2167027
2012-09-04 16:00:00,2012-09-11,6812337.84449646,2528345.46258489,18328965.090983,36040.1325769572,14692.3098650082,89425.7757843443,45785.32002129,97.0407462238473,8015302.2138616,64958.7109656644,5388.81092903784,808933.387859365,3051345.0947577,1536216.72067064,6057040.39911826,779105.810332225,774067.378728436,784902.728486778,204853.396539251,1492899784.58454,1492995022.77502,1492997434.18474,-4035209.13842953,-1065028.28846547,-21492607.9669123
2012-09-11 16:00:00,2012-09-18,6296285.1959065,2339054.6937865,16965959.9403315,30252.5924790864,12083.4032060391,76476.3144417604,42792.3245427406,68.3373947473628,8015302.2138616,55399.7014504797,4407.85044515279,715423.540197615,2685816.38274313,1354395.797258,5321653.07604836,728108.754860556,723088.670216639,733813.886493638,0,1492198099.94562,1492107951.54553,1492375498.81754,-2967772.97585526,-196664.606967713,-19678027.3449605
2012-09-18 16:00:00,2012-09-25,6064145.80961288,2249348.47173321,16351185.9949511,27833.9323647109,11056.6182476417,71230.0773503331,41343.8708394364,58.0750957912956,8015302.2138616,51467.7317836397,4017.71591393619,674020.630006482,2528368.69680455,1274572.16528453,5016096.64776805,689460.047651563,684320.112021384,695579.282019023,0,1492241131.64654,1492147619.24686,1492456964.02793,-3511094.11494438,-947961.707234626,-19831166.4035125
2012-09-25 16:00:00,2012-10-02,5882971.17386975,2182920.16288459,15886121.8774753,26226.3011276446,10307.0391560669,67368.4965124162,40419.9991491846,51.6764484493613,7967592.08163624,48690.3424381241,3737.98798502606,646394.898008231,2414303.63226576,1217501.76980109,4791750.24122464,606386.106741094,602820.606349954,610950.904464111,0,1491697000.13174,1491716515.82973,1491814590.92438,-3129567.96804788,-529522.725173256,-19271102.3457835
2012-10-02 15:00:00,2012-10-09,5782829.38634958,2143523.17824374,15593002.2068114,24617.4098542224,9646.35160752934,63583.7141377806,39776.0812550145,44.3601371760253,8110722.47831234,46158.98155484,3487.57720163442,632647.318430116,2319312.17804937,1167100.31020319,4610229.20893125,558318.401895204,555075.016660935,561991.080157119,543921.087362838,1491545050.24127,1491610189.69189,1491661762.68953,-1044118.05682203,1507251.31220127,-17299856.196556
2012-10-09 17:00:00,2012-10-16,5499288.36962408,2038630.54059114,14817936.5109507,22794.2789429844,8873.77350929255,59260.0813168181,38070.9133069833,40.1746990287585,7967592.08163624,43035.1140922893,3203.39406185923,599627.502171342,2175784.24471389,1096987.97176303,4323503.09315404,396836.11918104,394699.44777603,399701.037477641,1031330.89292174,1494060604.55088,1494081990.0113,1494147461.22942,-3721575.22450317,-1248860.55061403,-19416958.2991552
2012-10-16 16:00:00,2012-10-23,8295492.28357773,3073339.9505007,22373342.1253427,55845.5217979552,23478.2968338817,134104.367185144,54357.7587245481,236.256198044485,8063012.34608697,95794.1820762999,8783.98915508659,1083821.65461805,4189702.89642207,2117051.2020643,8316280.65105472,278876.612916515,277908.839549624,280188.625050009,1264439.93036296,1494400928.53137,1494417574.65051,1494488992.03505,-764762.870120864,2583700.34623345,-19875070.1664013
2012-10-23 17:00:00,2012-10-30,7566446.48168768,2808995.86477474,20405421.4984815,46853.1944789842,19532.9387382744,113800.524299868,49948.5411512715,176.908681028786,7909981.70674777,81324.5297581748,7223.75668384251,941637.897615278,3655884.52402596,1843123.80953042,7254340.8884531,179872.865173972,179306.186615091,180540.014400216,1313887.3019414,1498933515.82845,1498864755.6316,1499048010.76272,-168370.502857563,2907262.92363613,-18153635.9385724
2012-10-30 15:00:00,2012-11-06,15181858.1618151,5629355.34276732,40904280.4597677,211187.488612691,93402.8651309244,477640.484725778,91587.4061686913,2096.34038343318,4468440.82291994,313028.375460149,33144.6653817778,3031996.4487658,11028937.5196244,5581547.85518639,21881806.5654504,143042.789855724,142781.822476161,143451.69495341,960691.79066683,1503987847.98541,1503960967.71926,1504082660.46103,-9967196.83267337,-5411452.00854773,-32132063.0648322
2012-11-06 17:00:00,2012-11-13,15226261.4816616,5644374.3669478,41055776.5297078,217194.301714994,95948.6688366454,492280.598542527,91760.1625319387,2183.27242184187,4488804.5604957,320111.838384976,34003.7349295711,3059318.86418591,11192197.0069616,5653255.05512125,22197510.1800145,210651.656822017,209735.429532412,211360.729010231,423834.613529484,1499607024.06598,1499646696.40087,1499665569.77915,-6470440.91798932,-1957518.42878158,-28731959.1017769
2012-11-13 17:00:00,2012-11-20,11420395.3537008,4241767.85695003,30760237.9770905,113790.534266694,49677.4244410418,261151.849508295,71013.6963191772,831.342606909825,6985059.56559753,180432.471182597,18239.8793775028,1813374.73006423,7013678.9567037,3542674.76380436,13914351.7308573,162069.330362896,161524.242200357,162536.083253897,875924.867960933,1498012896.88203,1498025881.55653,1498045405.52238,-4154437.97239365,-140625.536151699,-25324262.1948302
2012-11-20 17:00:00,2012-11-27,14393183.8151299,5341987.05820636,38873386.8703116,191056.267341376,84417.605965819,433459.312980434,87218.3424850482,1828.08870680735,4743610.73889315,285848.614461267,30390.6678072941,2759492.73107879,10197852.5468517,5132949.93748846,20266066.0012261,117163.965429694,116680.912138105,117481.372289959,1398654.2246473,1499344267.546,1499320480.53781,1499387022.35156,-3917826.69366342,544643.052092767,-25633794.3659352
2012-11-27 17:00:00,2012-12-04,12946858.0467617,4803194.16013478,34796412.8819049,151258.270723457,66780.3997197167,345352.861976312,79704.9468261979,1300.14502941243,5828310.39683264,232593.694487391,24412.3909465374,2260478.81355797,8609791.33683416,4332390.66661729,17077739.3970713,117697.970821234,117278.161032341,118096.962978743,1278567.75081394,1501467385.60412,1501511742.67627,1501539312.19936,-7684562.68572735,-3385715.73773474,-29116223.3925059
2012-12-04 17:00:00,2012-12-11,14740030.3526961,5459517.58471546,39761282.1965938,198877.954884877,88142.4123791993,451385.601053845,88985.89598791,1935.88231967814,4613147.68245113,296793.504135112,31500.4383098173,2852839.60493034,10545267.9585454,5315820.76717469,20913579.260694,92697.5804501597,92390.5585971006,92953.7728205918,1031330.89292174,1499744316.32035,1499708805.6288,1499878182.48062,-8219047.08583015,-3646518.2367239,-30089729.8330863
2012-12-11 18:00:00,2012-12-18,11673459.9813744,4336497.46928691,31506705.5457665,120830.672457045,52951.7602364474,277711.843557527,72918.6418316851,921.810357353427,6765829.16543079,189990.638283521,19558.5735277179,1887208.57369079,7309175.71249901,3676238.45650491,14478476.1074118,92874.0002434637,92650.0182021122,93063.2702911428,685199.291872666,1497243322.29615,1497322528.74015,1497435880.12877,-6832897.03203681,-3034076.18508423,-28040593.8662652
2012-12-18 17:00:00,2012-12-24,8494615.80744295,3156016.14844504,22847618.0847254,70701.2261126133,30402.5068533949,165395.1806607,54258.8783990142,409.181312815169,6856685.92787165,116313.91085501,11460.3906811086,1216547.13176373,4771623.41783475,2407653.24072082,9453705.31998597,67687.7691604122,67440.6047624899,67868.2127268602,755838.39412758,1495750774.77719,1495833049.9165,1495728044.37426,-5808061.09281203,-2500844.99987652,-23598138.1537364
2012-12-24 17:00:00,2012-12-31,8578940.46093232,3183821.7670138,23128368.1175141,60034.1680762571,25407.6842174597,143405.130267104,55810.6158172561,262.374877111125,8015302.2138616,102019.234934209,9456.97350196127,1136915.32047409,4411722.81265683,2223264.41674425,8727051.52745161,115328.300825166,114871.830286404,115746.073484592,49447.3715784398,1494595130.71432,1494555422.9492,1494706232.15032,-5081624.09098635,-1728598.10025813,-24338154.3643291
2012-12-31 17:00:00,2013-01-08,8800959.78802952,3267097.86160778,23697529.1251475,54207.9916846299,22550.6958747139,131846.432408762,58327.3625386475,194.983587814863,9160345.3872704,94548.2020397017,8341.85631176784,1101202.52442454,4248393.41773055,2139381.30042619,8429520.27230833,118886.330454429,118515.94037681,119266.904428883,515665.446460872,1493832707.36119,1493847909.13763,1493907893.97422,-5935842.0841884,-2224027.98178001,-26931202.8114348
2013-01-08 17:00:00,2013-01-15,7299302.38539422,2713291.12389143,19657861.0401259,42242.6549146946,17395.9353514577,103802.697705145,48503.1203580542,134.778832357458,8015302.2138616,74463.2200732017,6443.98170782912,886046.506875946,3417128.31139102,1720791.71868245,6781559.89242739,118388.537921001,117942.749834099,118847.271773397,487409.805558907,1493053294.31957,1492974508.06517,1493239819.59548,-4711219.85984711,-1838639.27301539,-22367358.3816269
2013-01-15 17:00:00,2013-01-22,6979440.47040392,2585544.2808442,18806249.7097364,38101.9715223872,15569.880495661,94427.4709988523,46598.6699212847,109.62378369736,8015302.2138616,68097.4448645038,5702.12450763731,828356.877085784,3172554.23104344,1599757.44928283,6286554.01174461,201483.051510476,200907.557711948,202126.465145075,0,1492758478.79671,1492857164.78347,1492787121.47929,-3749354.82090825,-767940.468526486,-21294965.8113427
2013-01-22 17:00:00,2013-01-29,6898473.57453076,2556541.34751022,18643296.615477,36913.8263474895,15043.1510630487,91528.5419673096,46258.027074431,101.884907812233,8063012.34608697,66218.760692453,5550.77218328334,813421.974508148,3105410.22852403,1565197.12598683,6157821.94688021,180624.146308356,180142.866915622,181125.36133523,678135.381647174,1492767325.24996,1492817854.76692,1492825441.9134,-4638773.1403199,-1646580.12874894,-22268750.3866412
2013-01-29 18:00:00,2013-02-05,6623584.90187881,2457851.62464567,17848021.6482714,34218.5141267705,13861.2265773325,85437.1957955249,44771.9088638704,89.7930438054581,7967592.08163624,61833.8453027661,5073.41885252375,771475.90139575,2931585.84051661,1475183.26418083,5810907.2096087,210192.395830489,209604.883648063,210678.168327087,63575.1920294226,1492568517.3051,1492499551.93175,1492688894.32906,-4094309.84177451,-1281342.95894983,-21085213.3244327
2013-02-05 17:00:00,2013-02-12,6489478.04248267,2411225.13626884,17490286.6372055,32360.7234148289,13010.0104971661,81216.5898981818,44119.1481151327,80.4324003332988,8015302.2138616,58917.8404853406,4801.27678455431,748756.324483974,2818834.25701024,1422659.04803859,5596774.06389993,249364.423083506,248633.288922987,250231.519490833,197789.486313759,1492160413.58918,1492128855.24851,1492263214.47743,-3706518.46270793,-930603.799223121,-20673698.5826422
2013-02-12 17:00:00,2013-02-19,6369289.2985392,2365709.70611015,17151305.2389061,30883.5986537437,12383.429088296,77979.3116864376,43324.6499865984,72.688233252086,8063012.34608697,56474.8827666612,4492.66234913005,728309.427926893,2730836.00005937,1374968.4301827,5419226.80530922,247053.60182772,246002.378569269,247738.532730157,628688.010068735,1492208361.68719,1492141502.33424,1492288224.68351,-4208066.45063781,-1576996.15352754,-20841918.1570457
2013-02-19 18:00:00,2013-02-26,6179380.49467237,2290528.31845923,16649813.4570796,29250.130294835,11632.3384249797,74422.5372408995,42036.9105385483,64.5877405504575,7967592.08163624,53783.6348674489,4274.89845486493,701325.165349449,2612172.29270201,1317217.22882946,5182386.65662131,261781.250847429,260865.282161737,262648.451795723,614560.189617752,1492151066.07468,1492281913.17383,1492101604.21708,-2675188.82713149,170841.688903691,-19287936.2223868
2013-02-26 17:00:00,2013-03-05,6643079.65244521,2463787.79883805,17917700.4024414,34624.3446764633,14014.6987923405,86459.2796534267,44863.0545321554,95.9658360116219,8015302.2138616,62414.3386593086,5179.39324658513,769758.438795615,2947615.57612406,1486827.52874535,5840386.3208955,256256.434281901,255477.45765674,256806.902837119,649879.740745209,1493520935.06399,1493556655.27395,1493615423.72769,-4393025.11602254,-1536141.80267598,-21495919.1749946
2013-03-05 17:00:00,2013-03-12,7274612.8665779,2699498.58606741,19604378.7617143,42019.820179646,17388.1963156278,103002.663545544,48547.0331413956,134.193089376181,7967592.08163624,74134.4445998449,6456.77788966779,878743.85650623,3401594.78683467,1715420.24388633,6743721.81036923,443647.741755417,441688.935579671,445375.390841974,218981.216990233,1493358899.06862,1493402642.95072,1493469934.53607,1077421.41200104,4116548.49041351,-16656818.8397014
2013-03-12 16:00:00,2013-03-19,10095858.3799588,3748469.3979741,27208199.8764194,90873.4125981988,39350.2351084329,211333.719390586,64063.4757493168,615.298996130329,7276538.27279178,146615.785121598,14624.2720669685,1513753.75377328,5863603.30857013,2955790.43823012,11626470.5453771,330252.411294491,329054.117775044,330879.99893728,1179673.00765706,1498249373.33352,1498329425.4902,1498371832.81737,-7394833.74743026,-3880387.34025745,-27463378.0425578
2013-03-19 16:00:00,2013-03-26,11294789.7187467,4205545.53363308,30416452.9883216,107776.276406436,46892.6102504816,249121.318648922,71026.591959449,750.268772045602,7609105.76048137,172422.70467692,17373.4402205795,1738900.70407637,6797994.49713273,3430518.01501431,13491972.3836242,501411.154791855,498902.107988052,503286.547651003,240172.947666708,1496237767.92731,1496298195.53336,1496189333.13291,-739190.21804168,3458856.62738943,-22714042.9901497
2013-03-26 20:00:00,2013-04-02,10899180.0139125,4057825.27098619,29410252.9657065,106577.679359513,46535.5773719087,245860.97048775,68542.376700577,756.400295441015,7101666.93189418,169164.065667298,17135.4645525623,1705156.85788676,6623478.41015283,3332252.50293319,13152926.6686661,702641.575546437,699710.427846234,704937.663731686,91830.8329313882,1500085360.2968,1499842647.33113,1500229504.43784,2698858.23115804,6380197.13254194,-17688481.9939589
2013-04-02 16:00:00,2013-04-09,20074268.9701031,7443940.00143052,53955191.7462168,409965.490858924,179547.478101532,939250.622952356,115948.662399751,3791.62605091366,3790965.04751624,563326.456120146,58609.0019374426,5527222.70880276,17618990.36504,8888881.30787924,34907106.99264,518060.831814696,516460.5798077,518940.472175203,487409.805558907,1506793393.51083,1506851069.56368,1506791822.18574,-9125748.22023598,-4381484.03226241,-34890737.1812919
2013-04-09 16:00:00,2013-04-16,17125527.6101034,6352415.47329495,46055332.3808425,283082.956789066,125204.125919,643617.801372997,101551.734808995,2955.22222180287,3772665.67523413,404651.878497381,43244.0200131603,3881277.98994971,13567347.5458136,6856061.02024222,26923733.5420051,524986.105591224,522114.621393614,526909.708728944,494473.715784398,1501181513.47878,1501234324.84862,1501178294.17887,-5328173.61301832,-582497.870297473,-28542544.3476496
2013-04-16 15:00:00,2013-04-23,14220004.7665415,5283215.27622548,38242063.456466,183023.933605359,81001.319921623,415352.928449771,86407.443736939,1710.29506357251,4803386.77732516,275396.506031916,28995.3287396432,2664277.87864438,9939758.63508369,5010701.42061436,19671687.4878351,641802.865472144,638937.911499451,643627.712824976,558048.907813821,1500170294.11034,1500088504.81342,1500235913.22417,3959663.27182632,8404516.11348979,-17681917.974129
2013-04-23 16:00:00,2013-04-30,16853610.3478879,6228267.74177051,45515467.6996509,285963.801053551,125708.597686452,651167.25601754,99903.9523013068,2702.86040005669,4380962.64835437,406775.500276542,42598.0691561826,3962604.99586361,13398117.7608744,6752090.20841385,26550799.6554809,826363.498419635,822178.270402591,829148.309152968,162469.935186302,1508871277.43934,1508774401.58733,1508943761.13331,-1624088.56043156,3083794.5576968,-25307397.1113091
2013-04-30 16:00:00,2013-05-07,19497698.9459555,7237948.68554035,52788571.0962198,373591.473856741,164376.150878871,851239.473215239,113274.254871756,3766.60906140351,3518584.14906694,519627.520580993,55072.9267865574,5004494.10701356,16617722.9822653,8376793.30299494,33026276.1303984,825944.769398655,821281.377814021,830347.714193158,148342.114735319,1510831431.15632,1510759729.04646,1511015034.41639,33698577.2227437,38475236.7334965,8558328.29603072
2013-05-07 16:00:00,2013-05-14,34272853.253652,12708110.3630115,92298156.5030439,1352582.7027347,549458.472978972,3327272.16848128,184196.245058034,4187.58887385615,6671344.09723926,1629173.49808057,141652.24309624,18856598.2744311,41836286.6889444,21112363.0002639,82811310.3189509,1094670.92637855,1086717.71412127,1102151.60961741,42383.4613529484,1547738874.9374,1547772664.43815,1547901702.95608,-23318891.1829955,-20107050.3096484,-65994208.0055301
2013-05-14 16:00:00,2013-05-21,33623478.8811977,12490281.1409176,90618207.4546396,1291857.2912702,526116.567289034,3161074.85749605,181172.095859524,4283.55287585733,6449057.7879697,1563466.52563245,139030.940544364,17870539.8642808,40453621.7956089,20423026.2415859,80264592.0115815,683237.236957042,679676.406054373,686589.126187528,176597.755637285,1518970215.29996,1519060749.0086,1519041364.06136,1084063.32680888,4584806.76559628,-40618939.2567645
2013-05-21 15:00:00,2013-05-28,29731191.6859479,11034079.7732251,80375747.7409583,954071.064692366,400280.98472515,2272014.67073599,162815.116694767,4774.5189200473,5458419.15141489,1201656.10301469,114461.912361735,12881079.1360328,32830687.7863921,16571678.9385158,65175441.4922065,783309.783560418,779130.204937447,787886.109915241,1158481.27698059,1515753992.1438,1515766106.33409,1515859778.13658,1288816.75795207,5497133.80489064,-35306835.1168309
2013-05-28 15:00:00,2013-06-04,28187672.2523959,10461524.3993625,76086737.0297639,833889.161673037,354790.883664758,1962140.88916432,155885.48006981,4984.46340707078,4804064.25673234,1066908.08170097,104468.070626941,11173689.7958548,29916404.9173241,15094539.2799425,59322846.0548393,767645.21074489,764595.412236376,770932.76346057,247236.857892199,1516637026.57913,1516641685.59126,1516718181.26423,1559933.16377714,5997023.34250535,-32832576.8936977
2013-06-04 16:00:00,2013-06-11,30173876.3048819,11220912.3364287,81426234.4564265,982190.153512362,411779.624788647,2338234.99659687,165678.339011259,4824.03051693825,5624400.61283303,1231813.18782449,115969.330951134,13284770.1825301,33587657.3855381,16931743.5933319,66622430.0494095,1049266.24508266,1042969.15014103,1055254.86274122,0,1518004501.44857,1517989198.70867,1518029074.58951,-3254445.97053935,1020529.06531753,-40338361.7792257
2013-06-11 16:00:00,2013-06-18,26268763.2524635,9759592.15696183,70654401.4607946,721628.010310575,308798.32037285,1687320.59700273,145987.552943336,4890.87238806379,4332745.40218825,935471.976036433,93183.7491403552,9498582.72623356,26831009.3784005,13503166.5747125,53306188.3492986,987800.146159488,981990.057125754,993162.017456678,233109.037441216,1512666689.83264,1512646792.26568,1512828376.23404,-2326659.47578504,2234394.78789406,-33938705.1880152
2013-06-18 16:00:00,2013-06-25,26426518.7982396,9797214.29254768,71264526.4258403,736082.593735223,314221.96984308,1722630.306513,147892.406213231,4904.0354702767,4417882.181447,953436.801514145,93743.7950377945,9770477.72057959,27191128.7744348,13724513.2138869,53881166.0106704,757182.099954301,752745.604166994,761424.478111993,1638827.172314,1510826180.66149,1510814895.93457,1510977188.5264,-2053455.12358716,2412001.18692096,-34250762.6884915
2013-06-25 16:00:00,2013-07-02,23619666.7668283,8784378.15505646,63439651.3677989,566843.601519853,246306.50155948,1305019.70240621,133850.204549898,4781.00835008447,3785141.36266868,755337.49402042,77458.3733900557,7498111.99961237,22574613.0183494,11408324.4915436,44962409.3247499,859204.214580499,854497.435102542,863606.971624592,190725.576088268,1510727172.43553,1510735886.56399,1510760842.16048,-8278507.38681673,-3490370.71040817,-36808101.80215
2013-07-02 16:00:00,2013-07-09,20397904.2617752,7602555.7393298,54838010.52658,415788.088445265,182326.282606321,951292.309209233,117965.887970137,4007.33869801183,3619629.14508199,573058.609047716,60100.7183377819,5547629.04609333,17924417.5181525,9046809.44222349,35593778.9844291,1223765.8460207,1215928.33466457,1231213.54212264,211917.306764742,1504281271.45879,1504320418.47404,1504311299.13787,-6294205.36240987,-1447766.69943859,-32151333.3966875
2013-07-09 16:00:00,2013-07-16,15474095.5177011,5731407.68956315,41751978.7057107,223779.654936153,99122.5673837874,506851.710366134,93178.6751192683,2250.35222923205,4228278.49723067,329738.577927882,35420.3284825515,3191961.89745461,11466785.496525,5782237.23401152,22739273.0611061,1172277.8859497,1165005.39884945,1178789.00040823,0,1500555516.88621,1500512570.88453,1500661702.04728,-5318000.18163961,-854285.733687734,-27664635.6348779
2013-07-16 16:00:00,2013-07-23,13128884.5674625,4870328.45946262,35310220.515574,153486.758031514,67729.8028953461,349641.962597442,80922.2984651406,1333.46039475872,5522560.88481061,236481.853490245,24838.3547765807,2321370.7005688,8746966.77528705,4418005.95047192,17359330.1670588,1213900.19803929,1204927.37194329,1221594.39471239,7063.9102254914,1498719245.74778,1498608943.9989,1498728374.61839,-5471662.78536868,-1206052.17350971,-26628756.3960451
2013-07-23 17:00:00,2013-07-30,11311652.3127992,4205406.6740954,30418046.1768254,112050.523775881,48982.1334757081,258012.244250191,70747.3889966547,806.404813077385,7005788.39995271,177977.241861767,18116.0575793706,1783805.85236983,6939798.42931885,3494986.60297428,13773800.0853137,1217017.60703097,1208865.96533629,1224824.83837887,0,1496893555.37676,1496910121.01486,1496870683.11022,-3988683.67828374,-31977.5542230445,-25029695.4521854
2013-07-30 16:00:00,2013-08-06,10401341.6696006,3864030.07628366,27994989.6566168,92489.4744621405,40057.1388266113,214872.362165025,66076.7625025195,591.55794249455,7861744.83030339,150252.321050181,14912.0519111435,1539546.13416802,6039115.25287085,3043053.76524645,11972043.414741,754974.406998606,750687.621204256,758986.678131764,854733.137284459,1496420483.12956,1496347453.31238,1496408164.25765,-5615679.58512047,-1699814.72919761,-26548059.9772549
2013-08-06 16:00:00,2013-08-13,9541759.45680317,3545051.26671154,25717766.7149544,76289.1348640411,32804.0967207922,179084.917528847,61252.5610422241,418.454339999771,7997618.67301734,126305.917905912,12291.5053908139,1336909.06118211,5255076.13889976,2652745.84178527,10420793.6890823,974317.043640583,968102.349066153,980536.253466509,162469.935186302,1495575607.24947,1495534249.36279,1495688932.10425,-4801964.48177127,-1238235.72726804,-25058486.4533303
2013-08-13 16:00:00,2013-08-20,8807155.16606686,3279972.32537956,23695708.0167347,63758.6731588706,27044.1074681161,151470.457431591,57126.5484497905,295.148065819493,8015302.2138616,107686.90904186,10043.3068222558,1183274.32406491,4614089.23774168,2325691.69032581,9163248.46448093,930291.404317743,924479.588279977,936401.723189883,0,1494512326.59096,1494468282.26878,1494582883.44448,-4359313.39723789,-949025.521459873,-23784153.5864919
2013-08-20 16:00:00,2013-08-27,7892666.82186894,2930117.26052445,21282079.9639365,50114.4861209751,20933.1729312547,121550.147230455,52069.5650348622,186.707720637119,8015302.2138616,86977.7892610277,7743.57592824009,991984.40335575,3876864.93087682,1954833.76998736,7694115.4569723,904586.304780687,897665.193454087,911480.401913481,35319.551127457,1493644359.84838,1493630233.50671,1493701041.53215,-3773779.52825591,-509524.558250514,-22232500.493826
2013-08-27 16:00:00,2013-09-03,7402773.77588499,2750723.54106905,19991366.6696081,43379.3190424897,17896.3403797768,106097.908538587,49187.8621301411,143.514011864291,8015302.2138616,76493.5339145511,6673.31161942341,900752.384561736,3490082.76933498,1760234.55667777,6920075.13613332,785720.51213915,779994.560042137,791739.628940245,113022.563607862,1493206277.29788,1493238373.43351,1493333318.27869,-2839237.7397459,159137.357651739,-20858763.2000944
2013-09-03 16:00:00,2013-09-10,7360238.30571297,2739479.08321394,19879639.5270853,43278.5920815943,17902.0919764363,105764.85731855,48919.6255630713,145.221684564283,7967592.08163624,76158.3940833736,6648.6589187384,892693.139405299,3472995.0668847,1755062.56315846,6874976.11689959,504261.998815129,501921.685653218,507174.017331949,466218.074882432,1493776093.33124,1493794337.20852,1493840685.79031,-4896134.74320367,-1846125.48326433,-22865148.0071263
2013-09-10 15:00:00,2013-09-17,7200138.5442251,2669926.24528863,19392364.727188,40514.756823883,16575.2174445627,99388.6334537865,48045.4578660752,121.049089690083,8063012.34608697,72028.5454236557,6163.28809423614,876639.43465664,3323538.26253162,1674697.14339935,6595908.64984706,810445.33618738,804828.159391951,817351.499901001,14127.8204509828,1492897514.51466,1492858946.74749,1492967969.18891,-3164508.49477063,-130054.004096904,-20945165.9880381
2013-09-17 16:00:00,2013-09-24,7260364.12537511,2701777.6849196,19591406.354844,41664.5044125174,17204.4862242584,102155.153424131,48585.9507158225,133.473514073359,8015302.2138616,73746.8070213656,6405.32712828533,881401.752013693,3385063.74044003,1707050.45243935,6707680.81006045,485629.825636557,483140.875949553,488377.742265777,1532868.51893163,1492973877.54596,1492946053.57154,1493065303.50239,-633515.650129703,2427167.93590118,-18433509.8705789
2013-09-24 16:00:00,2013-10-01,7982404.85288856,2972330.44772446,21498746.8530814,54156.9370365968,22756.2331869461,130061.501685533,52377.379555541,245.777608240494,7911109.12419952,92179.0136467747,8434.32308972534,1039746.0126056,4019311.62982235,2028856.01825686,7964696.08602242,287181.572975638,286298.508973467,288147.409323655,1087842.17472568,1497426898.23621,1497439619.14171,1497560669.60062,-7395871.68295538,-4255427.94937483,-25754838.5499018
2013-10-01 15:00:00,2013-10-08,9665661.84297629,3585078.23358594,26095692.4828733,78755.844073726,33852.1307679312,184887.316375675,61955.7084075327,450.339046951047,7973919.49560149,130198.934091386,12705.3752253297,1371199.70313739,5367769.57597836,2701981.4535212,10641436.1335108,441154.946670179,439440.482202075,443711.679848683,120086.473833354,1494993493.70831,1495099442.76276,1495081696.08035,-5294189.92800372,-1748913.00080615,-25949505.9509117
2013-10-08 15:00:00,2013-10-15,8402418.29699917,3124781.58110137,22671939.5998691,57439.7339117557,24262.5384059758,137478.941763401,54933.0065986182,248.855055715214,8015302.2138616,98379.9480304083,9111.80902838577,1090290.79288277,4279521.32759241,2154884.28406633,8503588.50960892,339154.20589744,337926.636547091,340945.501360395,211917.306764742,1493947038.06104,1493810574.47031,1493943533.69628,-5214055.33325484,-1892130.98388285,-24047580.6967223
2013-10-15 15:00:00,2013-10-22,7517160.80299546,2786445.95756338,20212693.154674,44584.8541280714,18388.8116779444,108741.95217136,49890.0281968148,147.033551603604,8063012.34608697,78427.6972145582,6830.12597739162,921805.399112709,3565482.23112593,1797752.36058213,7071043.53141436,430743.25352638,429260.54962213,433127.227242038,21191.7306764742,1492939395.4866,1493045388.61776,1492928913.88214,-3995513.70032901,-866841.582922449,-22181674.569285
2013-10-22 16:00:00,2013-10-29,6996221.74538761,2592164.52961108,18839676.4156511,38307.3127672304,15578.0289871028,94751.2684939959,46726.7306381708,109.711132053256,8015302.2138616,68468.126014503,5765.84068641807,832122.545012682,3189136.46845472,1608141.81565841,6315040.9403929,383092.907804316,381396.869413848,385710.168821907,0,1492658911.41483,1492686987.87254,1492668063.04846,-3712429.9751885,-639316.560424499,-21199008.8616246
2013-10-29 16:00:00,2013-11-05,6762445.7807551,2515103.74298392,18230050.6267626,35133.1471419481,14252.8427487147,87657.4075909786,45679.5830001785,93.4520793762021,8063012.34608697,63295.1700832959,5238.96982535699,787372.68414526,2998181.80697843,1511374.82171366,5939695.61949797,255203.494913059,254372.272802304,256278.434564623,847669.227058968,1492523975.97819,1492569080.34472,1492652825.91338,-4233431.06480788,-1422354.77356031,-21614833.7428221
2013-11-05 17:00:00,2013-11-12,6832547.90182367,2531449.29169294,18390972.7359563,36335.9996267809,14809.3863719779,90307.9761633635,45957.5083852685,99.2683079644048,8015302.2138616,65259.8279193348,5452.79604177735,807919.962798883,3065534.12890367,1543425.02461074,6086509.29954661,143117.074145847,142584.694938913,143534.78187282,1546996.33938262,1492791382.51953,1492774034.83948,1492847082.28,-4749611.13496816,-1712942.44035761,-22162522.6491232
2013-11-12 17:00:00,2013-11-19,7171235.12041043,2670894.40761711,19330042.2079808,40361.6570510674,16578.7327685164,99495.5040328076,47818.8678574936,122.199965005164,8015302.2138616,71813.5387105953,6133.09351217326,868353.277559825,3311130.59633289,1670411.43365474,6567557.10701279,139620.39662609,139214.117819955,139922.017242823,1285631.66103943,1493360217.75865,1493232967.3371,1493546937.20189,-5786666.0543002,-2970672.55005749,-23394286.5509888
2013-11-19 17:00:00,2013-11-26,6962373.03876259,2579365.43011483,18809263.945526,38048.0624021786,15561.0670578652,93854.3945050956,46539.5876983562,112.846549978196,8015302.2138616,68027.8524302789,5743.81250015068,824569.319278105,3163925.32333041,1595134.18721427,6282403.74147594,225584.160359178,224526.12235122,226967.881198066,91830.8329313882,1492739661.55646,1492730026.52633,1492745999.19526,-4116856.25436506,-1087045.21445886,-21614312.2818482
2013-11-26 17:00:00,2013-12-03,6809195.28651953,2524133.97732932,18380016.662557,35889.5078270962,14538.1165113769,89176.3831447823,45675.8998731821,97.8082001937059,8015302.2138616,64657.5543793337,5390.01073888737,801343.677295902,3041472.34485717,1531894.89215205,6035985.51453766,158915.232691237,158445.938369287,159547.905198337,996011.341794287,1492440115.19263,1492441163.32791,1492531907.66039,-5468406.241405,-2555707.45773269,-22853965.0709776
2013-12-03 17:00:00,2013-12-10,5476393.24646968,2032807.94597654,14719224.158741,22587.2199098559,8796.34806940336,58496.7637020437,38095.0291955115,40.1915602728252,8015302.2138616,42616.6612764318,3171.91142577186,591532.820207196,2159767.33160921,1087818.58752174,4288372.64256126,199682.825464747,198641.345905671,200697.541881778,162469.935186302,1491722750.96407,1491673515.11585,1491826030.62671,-3099521.0046438,-787741.423060697,-18724961.8185751
2013-12-10 17:00:00,2013-12-17,6329239.56235039,2348646.90514113,17052296.5224408,30585.933052837,12225.1582527679,77359.6302775116,43020.8983078858,71.2674613987113,8015302.2138616,55934.8629585084,4475.95589160323,715569.660726994,2707158.16054895,1364930.90840987,5374179.39647636,85370.7889027402,85156.2284664242,85552.863621143,226045.127215725,1492005941.89439,1492006509.00453,1491959115.60244,-4197329.02487369,-1228660.54905637,-21052541.9205351
2013-12-17 17:00:00,2013-12-24,5849091.16538643,2168673.70289536,15789440.0781175,25950.9007852803,10240.2368752716,66743.715741714,40095.2802051711,50.5238826075206,7967592.08163624,48310.9790215713,3723.58541435528,647749.64942427,2397836.5025158,1210667.21298697,4758010.1735081,130222.850511836,129743.760951178,130636.761616969,1073714.35427469,1491700910.30395,1491580807.97842,1491871832.33047,-4960984.23205556,-2430879.5639242,-20982069.3632095
2013-12-24 16:00:00,2013-12-31,5742323.96891672,2130745.12067563,15488340.1041499,24476.5638259773,9609.4268872406,63289.2386642529,39550.2171917006,44.7385256342641,8063012.34608697,45993.823353106,3446.66897589222,626762.183920446,2301884.28348976,1161436.66098646,4563535.43303686,124075.540275946,123674.094626992,124439.472436174,218981.216990233,1491249029.39854,1491255331.55928,1491356944.19595,-4309444.04961211,-1842907.29467128,-20369974.1723587
2013-12-31 17:00:00,2014-01-07,5721844.09457991,2125992.59340147,15386019.2222914,24627.7090946971,9618.10364874099,63579.3938516346,39491.505928827,47.2791096318613,8015302.2138616,46104.3046235305,3464.16397687024,625480.412746289,2308047.69504542,1163812.78070881,4581305.71039724,127609.882772772,127049.067952562,128041.706202171,727582.753225614,1490584951.31544,1490657767.57126,1490591753.31772,-2409430.10291425,176285.093229205,-18357700.3524172
2014-01-07 17:00:00,2014-01-14,5975563.32865764,2216930.83582756,16127163.5063556,27073.8096277144,10712.7419409535,69174.6566992172,41001.2314415856,54.6821403786599,8015302.2138616,50118.9068112951,3888.81208165307,660542.67814443,2475735.47337068,1250580.88370704,4917479.82561566,110433.801649938,110051.210591897,110724.015444496,1200864.73833354,1492299514.00216,1492408683.79822,1492343881.45565,-5612509.16511122,-2861503.03582528,-21948782.9619042
2014-01-14 17:00:00,2014-01-21,6033425.43061398,2243952.17566695,16273983.2817723,27552.7512491497,10935.4151297305,70208.451054022,41145.7592134277,56.7111143914389,8015302.2138616,51018.9685282059,3999.23973448931,675282.362918037,2507708.50736769,1264208.68117278,4980594.56708351,181439.007054806,180908.280440376,181918.846121247,0,1491395457.5769,1491504744.78865,1491554198.13585,-4590701.51034225,-2118301.34975224,-21114996.5392812
2014-01-21 17:00:00,2014-01-28,5654601.16181935,2099180.69005099,15251970.2324728,23951.8365853851,9360.68130946399,62102.276460275,39127.5241264045,43.0445933888198,8015302.2138616,44987.6288715019,3397.44605266461,613583.098543955,2263673.55938556,1141104.4503881,4480612.25849069,196002.590005235,195273.975386001,196813.509847965,120086.473833354,1490268751.46174,1490262011.14577,1490249723.36613,-3231683.4986652,-622815.501115914,-19177290.6292033
2014-01-28 17:00:00,2014-02-04,5444464.04422662,2016097.32604543,14703471.7279523,21905.0775941112,8500.68360925252,57213.7775154667,37650.1443070418,34.9782411736328,8015302.2138616,41621.0441332627,3024.9183757602,589472.5032211,2122802.79516297,1071458.55558398,4211683.81171421,192193.209049803,191201.100532244,193145.433220098,395578.972627518,1490460146.43892,1490470339.0434,1490522597.77508,-2400509.16968583,56007.8252970553,-18043871.1911938
2014-02-04 17:00:00,2014-02-11,5471672.91096973,2028533.93617444,14761421.6152919,22388.7829847477,8699.39586597722,58274.0362304001,37936.0568045477,38.5684994843694,8015302.2138616,42284.7520285631,3099.23921065221,590054.682953222,2152584.54660891,1082888.59744245,4269800.80481701,337755.883904897,335997.373993768,339386.101113266,317875.960147113,1491685860.54791,1491782677.80245,1491739182.82316,-3952575.30475094,-1359279.03402147,-19828955.1804639
2014-02-11 17:00:00,2014-02-18,5998651.47539529,2220676.93718278,16188105.773159,27214.4275068396,10785.9515390447,69711.6302318693,40999.3548954817,54.7977027912006,8015302.2138616,50342.1603721804,3897.92649699847,666583.69871634,2484547.72136011,1251298.799494,4938287.98698138,232371.116045284,231658.051808576,233014.563608815,1059586.53382371,1491135103.27558,1491087464.22454,1491319264.9176,-5044813.54714807,-2524079.9750127,-21343600.5857824
2014-02-18 17:00:00,2014-02-25,5806416.94214618,2157673.67876356,15629963.2092642,25296.2346793594,9940.5399072907,65092.0274714152,39861.4323072476,47.3778812130043,8015302.2138616,47335.1418028626,3592.47507562454,643787.585381187,2357924.65246514,1189558.90083348,4677653.9371125,273503.742080393,272584.186052348,274371.387893994,480345.895333415,1490550164.84302,1490571850.93796,1490607230.23803,-3318389.88828349,-831916.539935176,-19431409.2399751
2014-02-25 17:00:00,2014-03-04,5701914.13763599,2117812.55953334,15380807.3612247,24088.2509405947,9406.5516464055,62475.2101047469,39355.1028392214,43.0729108253531,8063012.34608697,45342.7797775686,3417.66558535658,618433.45146092,2282301.08868077,1150776.49101615,4539397.54102837,393399.335776957,390993.467987815,395855.821113994,1335079.03261787,1490999602.20646,1491022907.30429,1490964770.57817,1739194.53702641,4433760.34689015,-14265130.9666629
2014-03-04 18:00:00,2014-03-11,8002308.87101956,2968014.78046649,21585026.9516082,55284.7078428324,23362.9516181932,132060.513929229,52632.9004479731,262.882933652219,7793956.28839856,93820.2208642373,8608.55470268186,1045687.02436009,4066346.46248117,2052455.75656482,8062626.95008694,254223.823940195,253791.792929585,254507.651657547,2182748.25967684,1497208875.62284,1497282330.37698,1497322519.84835,-5818894.34501993,-2615918.0654334,-24212074.6684286
2014-03-11 16:00:00,2014-03-18,11345286.2463056,4203249.32048263,30591643.2463159,111081.105954884,48378.0072332587,256525.492384903,71320.9399800996,813.367432916593,7350301.88577052,176854.879098838,17939.1787937317,1781204.46691482,6919554.83945491,3491679.30427871,13717190.5704291,436617.587671793,435163.429128164,437785.809787082,847669.227058968,1497456205.95125,1497492600.14478,1497583351.66282,-7325996.40489166,-3328395.4296147,-28828163.1124187
2014-03-18 17:00:00,2014-03-25,10465678.505667,3884940.2701127,28164001.771816,94318.6539186268,40793.1085687724,219317.763370501,66411.7228273862,614.029424104774,7658820.1891308,152914.695176457,15325.7394765348,1572310.94284288,6117393.24305431,3085471.44467542,12136776.7220341,483967.487494237,481306.925314794,485915.663656624,416770.703303993,1495326249.51763,1495336804.97059,1495446162.6008,-4688026.83550501,-874961.340386051,-25525369.0585037
2014-03-25 16:00:00,2014-04-01,9546869.97522395,3539316.88316817,25701746.7985413,76138.8470940129,32605.9576556482,178917.539117188,61266.2926751541,411.785036782473,8014727.54720919,126119.875203445,12134.3439152005,1341149.10723736,5250561.57226332,2649805.33188866,10407316.6394754,530667.705401042,527756.559954708,532484.275649103,854733.137284459,1495232956.23247,1495219964.89686,1495362866.74131,-3043081.25068674,457273.35543321,-23395059.4682449
2014-04-01 16:00:00,2014-04-08,9979389.85833886,3717716.62007805,26881568.7500427,84095.2122066826,36225.3052322912,196748.682523273,63617.5538215069,501.205212278457,7956698.59072891,137789.778221906,13461.6088913305,1445722.78140527,5636919.16663281,2839400.57049622,11187508.725715,610488.452854235,607437.524292183,612854.707198473,169533.845411794,1497073773.8316,1496976378.64288,1497081780.31196,641523.099036323,4424487.59495268,-20035366.0060085
2014-04-08 16:00:00,2014-04-15,16236997.7494412,6031481.51760965,43759630.9077245,253939.113487268,112101.702346389,576580.321055261,96852.9835106477,2624.30026823688,4204801.21749429,368322.292637512,39371.3126603814,3555174.14594378,12487664.1850878,6295186.49493491,24755101.7265907,755352.873215773,751284.824783825,757842.807028973,247236.857892199,1501902315.55915,1501790921.85407,1501996868.39695,-1291204.42949522,3308934.46330176,-24175630.7668102
2014-04-15 15:00:00,2014-04-22,16504555.5509438,6117885.81633985,44383679.7732789,254886.331492471,112845.518927566,578856.179582772,97965.7166919357,2587.5125852012,3975262.04701235,370402.878543265,39400.8926399136,3547712.50013463,12637670.0752669,6368383.12713639,25087315.5895938,614257.485463231,611151.173887657,615635.504015001,777030.124804054,1504571443.06832,1504445770.00375,1504692147.23131,-4481324.60984541,94834.3693774779,-27261038.310454
2014-04-22 16:00:00,2014-04-29,19155509.0479854,7123127.4455679,51547863.0080805,356658.887785018,157031.576677896,808246.199142736,111912.562255032,3659.55721491018,3582586.53209931,500454.118376876,53144.709425825,4802873.95916963,16099213.037154,8119645.97470135,31883314.427846,537843.032555845,536258.063337952,539120.512820798,543921.087362838,1504843031.50022,1504744321.2245,1504857197.16496,3198444.03603457,8097176.16275005,-21641726.0897382
2014-04-29 16:00:00,2014-05-06,23813917.4159827,8843073.24598915,64224119.7069789,602132.117188792,259129.495443432,1402915.90988675,134488.556702798,4434.68589786329,4148892.43640945,791523.326383076,79198.3188651202,8008166.2614569,23244083.5226956,11717675.3358996,46032133.9100546,854730.715627015,851986.610055607,856430.971636823,494473.715784398,1512072875.17031,1511965650.97995,1512179353.66592,-4837378.19007914,-326468.168104816,-34455463.138125
2014-05-06 16:00:00,2014-05-13,23109910.5296477,8579861.16745879,62152372.9763124,541167.822402813,235389.064577339,1248545.84602811,131183.431510307,4705.19515639316,3712171.68945896,724835.813589846,74583.7634435922,7173925.27755507,21800739.4179696,10984439.9934819,43222401.2076682,720235.666884106,717536.617325839,721494.341116152,402642.88285301,1508973217.87395,1508900190.99065,1508963533.01384,11494787.72652,16376604.5303487,-16734007.2730931
2014-05-13 16:00:00,2014-05-20,29600973.1561663,11039215.4568145,79461086.4370242,970913.105070089,404096.624025491,2320228.23364831,162032.21429073,4602.92885326006,5735280.514896,1213575.15512764,113812.620030168,13134920.8133651,32997794.9512289,16633996.2222604,65418626.7780254,903375.728432372,898757.60377618,908067.089496703,14127.8204509828,1522856770.99562,1522911946.84098,1522935343.00687,12625419.1471854,16547185.841342,-23634898.2451125
2014-05-20 15:00:00,2014-05-27,38382389.1470987,14260779.1599067,103496999.210989,1672397.29017491,670162.650973802,4143607.51086388,203754.40457033,3685.16857228641,7798605.39471684,1977073.75454207,168693.342884702,23348891.7338335,49442430.0293892,24953213.4019542,98238378.8941984,926915.902141732,922100.712329107,931688.186626238,28255.6409019656,1533542640.91425,1533615998.54773,1533525630.47235,606341.059903142,3426471.83023406,-47264460.5386109
2014-05-27 16:00:00,2014-06-03,35982096.3508065,13384419.8493414,96951535.7126182,1450753.33552234,590931.864528361,3558400.72556026,191883.000853128,4028.7663742584,7616802.02758611,1743321.24840403,153498.049393909,20244859.5178898,44541852.0951814,22442723.1180781,88351472.4452738,900712.895945765,895028.855257142,905530.602936739,550984.997588329,1526043506.27991,1525997830.4196,1526208364.15154,3165134.30558278,6263869.41559909,-42000589.0090723
2014-06-03 16:00:00,2014-06-10,33278546.0107701,12342016.8271841,89577014.0280455,1218544.76522476,502303.533243175,2945424.09458493,179922.978248751,4434.13895786071,6905991.80097964,1495675.90311812,135704.417083551,16602020.0063195,39301235.2609951,19808037.8924908,77840352.242691,982932.302954333,977309.307012777,987796.752997518,275492.498794165,1523685114.52754,1523662821.34356,1523818345.12103,-2325136.47389645,1296625.85131077,-43573243.4774251
2014-06-10 16:00:00,2014-06-17,31118642.4409654,11530343.9140283,83748730.1768914,1038708.45387047,434390.378239291,2482425.84276595,169784.668418348,4734.16737643502,5889014.66184904,1296199.33536358,121545.652123188,14033075.9167629,35114501.2698155,17738865.5385759,69548500.16701,730267.682343801,727109.912498992,733560.606989101,1490485.05757869,1517523992.64585,1517567371.29917,1517589575.1881,6880382.55173294,10870946.346519,-31249973.103789
2014-06-17 17:00:00,2014-06-24,34754255.2095119,12901929.8516775,93607716.7968794,1321582.41068188,542530.441140205,3203515.61961139,186659.526044806,4387.2618657984,7324325.76502981,1609734.72647635,143812.83537188,18135789.211351,41825549.6813851,21106817.8820737,82877660.3971633,769940.169751051,765554.638602624,774090.02890184,1624699.35186302,1523673426.20162,1523679069.07723,1523576045.25289,-2813698.11680186,889482.684147703,-46132457.7641593
2014-06-24 19:00:00,2014-07-01,31601178.568756,11742808.7515744,85266824.3247686,1089837.57187986,453952.91142983,2611362.6311096,171730.264611395,4645.54596807986,6315860.8800202,1352422.3183158,124518.005365588,14816159.2272702,36189959.256011,18259903.4506959,71610788.0835482,700733.485819581,697991.964469099,703739.399595029,769966.214578563,1517761169.45826,1517790907.63174,1517810515.15828,-1912802.5018912,2146620.62297877,-41198686.6708339
2014-07-01 18:00:00,2014-07-08,27733435.7087804,10314174.0766653,74851788.7893392,824097.771928233,350228.853253442,1941473.94152988,153728.190014641,4888.14018978494,4732021.82141069,1051585.09184844,102539.506510283,10980557.9058479,29497287.2865791,14860182.7566529,58637404.97989,1134191.59887457,1126744.34116265,1140600.73401509,14127.8204509828,1513942809.15268,1514057866.75551,1514095131.79501,-3453669.44813884,844830.439095757,-37211881.4994336
2014-07-08 16:00:00,2014-07-15,23712835.4680744,8832129.89189943,63921785.9658684,570238.118014455,246621.274714603,1317128.51938775,134584.959857329,4802.38021114612,3828778.74119941,762157.522703825,77882.0525303831,7627480.14713618,22672617.0038583,11427489.4129957,44968803.0838127,1226880.43523964,1218691.78912456,1234364.66783906,678135.381647174,1509634635.40211,1509587949.82075,1509738993.53336,-6835904.83430935,-2116494.40514249,-35883954.9904572
2014-07-15 17:00:00,2014-07-22,19700801.1265714,7323468.7205068,53052981.4759729,378471.070119628,166548.717844032,861383.479926169,114502.639480705,3841.79063298851,3584680.26743363,527229.38962678,55643.4717211828,5120519.31569319,16820625.3583472,8486058.56030534,33319606.3586036,875044.489644625,870494.953495422,879396.028813472,35319.551127457,1504757184.579,1504874135.83388,1504815888.9071,-6981802.34473426,-2184447.26361163,-32595988.102366
2014-07-22 18:00:00,2014-07-29,15408748.3266111,5726350.23633087,41510424.5233073,221843.559856333,98064.6874038036,503080.924055529,92743.6209976294,2214.37113796229,4316900.51667985,327250.606577299,34702.765092859,3156669.25921961,11392905.7147589,5749960.65851335,22611976.3215291,951287.45492062,946473.734067103,956712.20374027,141278.204509828,1500836036.1632,1500734029.43425,1500859710.38152,-5100403.2180825,-469190.87006501,-27252313.0358328
2014-07-29 18:00:00,2014-08-05,13210192.2275987,4905326.38939596,35594789.6228509,159226.398505653,70488.5587855245,361744.311091639,80975.5382350182,1430.35257935987,5207205.98557568,243621.682738239,25771.2797634683,2366026.07298261,8935023.167996,4501146.11419522,17736259.2810253,1045194.85498295,1039147.45802353,1051504.73529467,204853.396539251,1499583304.09399,1499541381.30092,1499696695.38335,-6000437.06274809,-1737668.24186473,-26939113.3258602
2014-08-05 16:00:00,2014-08-12,11778406.2211484,4379468.37504749,31744479.2045205,119809.665285997,52620.7813307521,274468.652455762,73477.7527665496,907.105402248982,6855210.55123735,189525.662696557,19439.5131882953,1902932.83690391,7312824.27040891,3687720.67504394,14503708.5887636,1027905.33079282,1021655.84786717,1034015.99496825,0,1497501518.25188,1497549123.34778,1497626603.54633,-3952666.21623563,125169.86743223,-25513897.4803055
2014-08-12 18:00:00,2014-08-19,10740178.7612189,3981912.73423278,28967391.6025344,100330.121453523,43646.6850565362,232144.113929508,67444.9643043112,668.720051605668,7525418.60941691,161160.926745443,16235.8524106239,1644152.73119459,6392655.09084834,3220328.1901087,12699294.4493768,660331.869798402,656669.316546792,664268.029338273,826477.496382494,1497369341.73634,1497274592.52886,1497494832.66582,-6679389.33426802,-2812085.87186847,-27540817.1925328
2014-08-19 16:00:00,2014-08-26,10035847.8371386,3727367.22916977,27030248.4841663,83466.7809859635,35971.2653910572,195035.4237399,63996.5579533987,488.170631686028,8096368.98752283,137096.14664313,13520.5953495117,1448173.51299291,5631105.16466565,2844746.33252301,11171349.515304,641317.392463773,638824.784924663,644180.167533047,515665.446460872,1495532557.71153,1495565797.41107,1495674690.77543,-4967057.67613242,-1303966.40319511,-25964396.2147058
2014-08-26 19:00:00,2014-09-02,8568033.89480634,3192264.25401041,23105662.7535642,61174.8270131413,25930.406584972,145552.534213987,55686.9115988871,282.241886720987,7872171.8171855,103825.338618545,9700.3080641308,1137634.83002239,4458754.69618116,2247345.36463049,8851088.96492453,817953.526404259,813252.718802722,823102.47751063,247236.857892199,1495129150.24745,1495071363.36841,1495180165.96179,-4800119.64679387,-1334240.60105523,-23880091.1688933
2014-09-02 16:00:00,2014-09-09,8257641.40733753,3060666.23934597,22217693.6714405,55180.9467059544,23229.3974315508,132433.308111573,54056.6304096224,227.815327830949,8015302.2138616,94685.616028119,8675.10146513163,1061370.35882287,4153002.09339051,2099545.62885513,8245098.40203543,720873.950522253,716746.823041586,725602.674902868,190725.576088268,1494088280.208,1494025339.54996,1494260741.34574,-4353027.49201671,-1156933.37037206,-23148128.7641164
2014-09-09 16:00:00,2014-09-16,7627870.03687303,2835539.86000011,20549662.3705375,45974.4708479358,19084.9305159522,112010.423629505,50506.5251312302,160.407469319402,8063012.34608697,80608.1415978294,7057.39525835403,938292.289930419,3639642.03923137,1838050.86786256,7214620.88656331,660452.370552905,656722.835520643,664920.210469477,423834.613529484,1493513666.84864,1493524034.83723,1493571039.65313,-3953885.26204509,-754644.972870053,-22242403.7764609
2014-09-16 17:00:00,2014-09-23,7136366.85597189,2647710.76252284,19193681.2115158,40222.3542483884,16489.8912097617,99118.6329022881,47544.0615422726,123.17446549592,7967592.08163624,71249.2170855195,6141.58847236329,855566.865619191,3296463.7745873,1661410.51824547,6536585.14693962,655214.438204755,650836.53059084,660045.463002547,35319.551127457,1493488480.96479,1493488902.00745,1493607298.18365,-3623023.35771368,-638925.808111508,-21189872.196499
2014-09-23 16:00:00,2014-09-30,7282281.18541177,2703302.0308577,19632821.1843369,40704.1247300851,16670.465088084,100257.24119841,48594.3245897971,121.54952326235,8206142.74276307,72434.4238422775,6129.93628641006,873690.798342184,3352921.06580207,1686577.7669026,6638881.3259651,575361.908351544,572999.697076,578714.112525361,381451.152176536,1493244481.43426,1493253677.54381,1493361910.2945,-4068859.2266567,-1076835.25488357,-22184855.6357166
2014-09-30 20:00:00,2014-10-07,6964444.79726608,2585552.04648905,18777092.6106336,39042.0782033456,16009.4620244681,96152.212021394,46594.7192458536,119.01445157051,7824461.68496014,69320.2947206241,5881.97665176363,833855.641960255,3209905.55304279,1621109.74242569,6366808.60760795,462007.918401727,459855.180781041,464720.430419962,261364.678343182,1493072804.4442,1493045589.58842,1493133172.70957,-3750355.36234462,-749316.550053304,-20942487.8983707
2014-10-07 16:00:00,2014-10-14,7030932.71718844,2613521.47514106,18964175.2308993,37519.8449345005,15232.6084992487,93182.4913873097,47153.2427082591,101.970348556612,8206142.74276307,67281.0893121324,5631.96003468462,831992.314668045,3159242.22611133,1593034.18495616,6255137.24947013,474894.542387555,472962.459824439,477697.617387522,87075.2083307621,1493031302.17819,1493064499.47994,1493171818.41427,-3468780.40889515,-675592.969353611,-21298693.5276806
2014-10-14 20:00:00,2014-10-21,6760680.51351537,2508813.55536668,18242923.6272742,36258.2238217623,14752.4137619335,90022.4072263939,45476.8785332953,102.075837402054,7872171.8171855,65040.9076381027,5478.08596617752,806591.212610588,3046237.09452941,1535176.90599384,6039881.78793699,345278.266468737,343889.989922739,347443.767067627,228242.170159874,1493198347.10327,1493215539.07345,1493151792.02249,-947556.998000427,2123311.37057443,-18031094.622642
2014-10-21 17:00:00,2014-10-28,9097812.67653766,3380879.42611657,24471401.3021426,70123.9824749633,29980.8831713102,165533.222813529,58698.7325517436,374.83845625874,7994919.76708568,116491.25100551,11116.4014038747,1268781.34790502,4893939.73613285,2463799.78520322,9713023.76666558,240667.693524659,239823.124585616,241886.29984372,762902.304353071,1495994973.43794,1496037070.13026,1496153424.79824,-4658704.34066523,-1175179.16991212,-24407659.5130106
2014-10-28 18:00:00,2014-11-04,9695354.84159804,3595076.77093836,26188397.5462512,78940.5378689895,33897.070677997,185559.757757414,62120.7538783073,435.103350766041,8002622.83871772,130239.338472696,12685.1734533036,1384751.37708471,5384099.20402203,2713146.07172813,10685096.6239049,194244.309908888,193581.247846973,195049.839264232,1214992.55878452,1496307690.61454,1496338038.49504,1496459876.57204,-1981991.43926165,1577241.44455998,-22500361.2759462
2014-11-04 18:00:00,2014-11-11,12703547.3059538,4702374.04303815,34172070.2506413,145216.36784957,63902.8098529649,331365.830141695,78428.2865381369,1237.6169027334,6096636.18435794,224365.756110649,23302.8846888928,2221363.02534978,8346549.74915751,4195650.16368785,16545198.0934785,157636.056594622,157303.620182612,157971.125959599,666872.060224639,1499929003.69195,1499933854.83452,1499987477.37423,-8971618.46216471,-4831204.0230269,-30461312.9462773
2014-11-11 19:00:00,2014-11-18,10658042.7452784,3959290.44771213,28759380.977354,98985.3603234434,43017.7994350079,229507.194018314,67272.9369621146,680.786230280814,7423538.58703283,158944.886190379,15986.6701898079,1624959.39744996,6313711.55191087,3191303.04549281,12520673.814486,306425.805731072,305144.029331913,308174.859199666,0,1496271629.20071,1496257680.01952,1496261008.98204,-5446633.50325252,-1489248.84493236,-26285292.7119494
2014-11-18 18:00:00,2014-11-25,9309412.7047943,3452722.41606398,25073291.7259331,70936.2940511452,30251.9452443021,167244.101677174,60163.3682470214,360.855627042276,8109901.32848627,118800.005305475,11425.8345709442,1272555.13677066,5004597.71322455,2526651.9960221,9932101.6795128,150519.400332312,150022.127331131,151119.055719118,840855.612865088,1495188104.26857,1495180924.78974,1495294288.76585,213661.45643385,3822397.07595169,-19914740.5990705
2014-11-25 20:00:00,2014-12-02,12618437.3419123,4677086.6583439,34004495.5594922,154819.998295966,67990.8005526495,353635.776574786,77389.8743615751,1379.52971774677,5822248.2233191,234240.924566265,24294.1133094581,2317538.64064426,8516305.00080826,4292705.44971771,16861637.6911876,87914.9776747311,87650.8683116872,88339.1367130787,1739891.14774485,1500646816.59671,1500646811.36117,1500775628.38282,-9452465.39526787,-5453173.81196905,-30507846.8151444
2014-12-02 19:00:00,2014-12-09,11964352.1146117,4457479.82387142,32295846.7539769,126307.629721676,55335.0143386632,289889.986987079,74135.1127271814,981.664964836784,6512131.01789674,198377.564207231,20554.4686165786,1979349.03017968,7572357.5116706,3816905.43027382,15028419.207631,129624.878443689,129096.859687093,130106.528857721,447835.221894047,1497414910.50984,1497426797.0659,1497452740.50249,-3367236.70945748,828890.176885398,-24634934.2559259
2014-12-09 19:00:00,2014-12-16,11933786.1128737,4435520.6335431,32098022.4575168,125988.337083382,55193.7908847685,289418.237176971,74332.7789504065,983.229618155002,6575824.0343452,197570.546146136,20489.8992120331,1948969.23711098,7549952.2945954,3803903.37363245,14979726.480686,93466.0553071308,93192.7101099539,93647.4914831187,257721.48054972,1499156699.05343,1499158389.08442,1499317814.5831,-6752360.59069094,-2673902.29714536,-27841967.5515405
2014-12-16 19:00:00,2014-12-23,11439846.765595,4258597.99687112,30786174.3455259,113305.6669843,49593.3567350483,260883.991929996,71715.2643593403,837.364070579372,7196638.75874589,179927.24920791,18367.8014428956,1805606.91171811,7008982.30933393,3540667.59475017,13882847.7966213,113380.333915924,113073.420870181,113750.541193844,918308.329313882,1497350319.36844,1497413003.00741,1497516725.23602,-8420272.99111038,-4527411.21071329,-29981925.0345286
2014-12-23 20:00:00,2014-12-30,9826183.62853823,3645544.08355164,26495482.9247442,82175.701157168,35486.4701235063,192216.540710437,62852.2721956217,481.940947062576,7921083.92496778,134753.806889822,13187.1516213631,1409199.26703982,5526124.04154021,2785705.13822264,10957666.6177022,116546.819502401,116125.457688886,116885.394999919,1398654.2246473,1494530787.00954,1494402091.9723,1494581277.85812,-5268063.18874567,-1544252.07167935,-25607615.3625975
2014-12-30 19:00:00,2015-01-06,8079123.96353368,2994169.71877457,21781378.0407129,52721.7838047532,22056.904187262,127379.025181947,53055.9656503235,205.903151789555,8015302.2138616,90740.9153897198,8234.296639714,1030422.3550164,4012382.20878217,2021686.92416095,7969663.41847936,150110.419221827,149512.478904059,150739.131503441,1822488.83817678,1495124672.59318,1495136561.47911,1495228549.06142,-6271944.88280127,-3009991.27665512,-25040094.2148667
2015-01-06 19:00:00,2015-01-13,8356555.56140687,3103161.51536585,22563127.0336412,57221.7004802326,24124.4561038595,137090.840130973,54485.0931008,245.819779948024,7967592.08163624,97648.6409839791,8991.30559930222,1085042.32856691,4253464.03526068,2148154.80609227,8432883.58746956,126596.51557551,125817.829851313,127238.949386452,98894.7431568796,1494788366.54893,1494753035.18721,1494894514.04263,-5050716.35957248,-1712179.14143231,-23995639.8596362
2015-01-13 18:00:00,2015-01-20,7961674.85661064,2961440.67722332,21442856.2746175,50965.0026868096,21313.0357597895,123042.628374256,52321.2027879393,192.984790039623,8015302.2138616,88330.948777917,7938.40650486194,1012645.6348213,3922104.00268706,1979068.2246963,7765383.78985338,148749.0545289,148407.696994122,149091.698632825,769966.214578563,1494022395.37765,1494049019.81785,1494143780.10526,-2233840.984126,944203.540733918,-20846710.0283671
2015-01-20 18:00:00,2015-01-27,7951755.2977739,2950600.16888932,21458609.7755955,51270.7641825547,21492.3881032612,123538.962110786,52356.3254869871,203.949218318665,8013174.45553272,88527.4278493479,8005.82074960435,1000359.44445728,3924368.69278379,1977405.24403864,7780858.85974356,201140.983389143,200602.959547253,201523.170557957,240172.947666708,1496640959.56175,1496651647.26725,1496721359.04316,-3730410.83871656,-589162.138141368,-22248561.1273016
2015-01-27 18:00:00,2015-02-03,10915716.6490596,4054452.47344598,29469240.4179387,102573.459294059,44615.2069959142,236702.944864673,68780.9406043508,694.594032342212,7580496.84063665,164191.682518856,16505.6192975422,1665603.65593103,6510618.0349455,3282488.88744674,12922723.4655167,263045.423192388,262079.819230343,263908.315588344,233109.037441216,1497169121.80982,1497256559.69501,1497174663.97606,3480606.08614975,7513349.62300422,-17889167.1687473
2015-02-03 18:00:00,2015-02-10,13235945.8373573,4901980.86446545,35691309.2948486,169859.173161285,74747.668996169,388376.649976453,81340.4075984805,1566.76919457061,6229788.64703298,253888.11623266,26617.4314398851,2503432.01898756,9129226.60951693,4605713.91410093,18098046.8955521,165135.227517942,164553.763160085,165492.209196757,1546996.33938262,1505360436.20675,1505365913.64197,1505492821.8236,-8158720.23856744,-4059306.31764779,-30244812.3834094
2015-02-10 19:00:00,2015-02-17,17505680.3046426,6522020.03922067,47047728.0554346,292969.515213909,129842.451486053,664445.873646992,103606.985214672,3093.23597869046,3686102.35304131,419872.660533718,44933.8097749299,3988861.972395,13966993.5257269,7040398.3691545,27696566.1722513,267981.097208449,267384.276651419,268444.591808175,141278.204509828,1503195384.00488,1503217465.10404,1503215156.90217,-8176635.43790929,-3358855.53459424,-31465345.1370382
2015-02-17 19:00:00,2015-02-24,13983785.7910619,5188591.33046709,37713120.1149108,180429.276566754,79781.0263262145,411036.797924761,85155.8775427033,1689.37971210041,4961544.00709683,271915.411204116,28801.942486241,2643903.83506434,9777145.02055027,4926286.09327709,19381908.0940505,402191.23789839,400241.02082094,404159.59065252,134214.294284337,1499247181.61415,1499315525.66197,1499389686.46274,-7416719.66329115,-3168317.33511794,-29023819.4478779
2015-02-24 18:00:00,2015-03-03,11311108.3368526,4200681.32885146,30417307.2449545,111123.962918696,48672.6295830542,255642.391014722,70812.2760508535,810.986463473373,7183671.98172818,176952.862358741,18090.7422838358,1783360.86077745,6892836.62370835,3474652.49456405,13684200.2441093,461240.528031141,458907.060328183,463402.924091857,28255.6409019656,1496306626.34307,1496369457.57867,1496327919.9868,-5008849.91516347,-980344.563121421,-26223174.1643557
2015-03-03 18:00:00,2015-03-10,9652966.85891803,3581052.59139612,25996507.6801494,78126.7197764687,33528.5647839943,183698.959783652,61909.3113585735,427.273709320261,8004244.84232088,129233.973206491,12570.2522031282,1364107.20438281,5348248.59209446,2696829.59444644,10607148.0390461,501789.437734614,499037.803911352,504160.533991073,0,1495641952.35525,1495666918.36549,1495710527.19687,21087715.3378296,24818279.6244252,662760.086400473
2015-03-10 18:00:00,2015-03-17,16534779.1799,6121929.40234022,44648903.1745666,402704.051141466,167072.928175573,977143.867802912,96114.3347430197,1647.56000340046,7364726.13122524,514372.647462142,47157.3793118422,5704893.06585729,15063533.6985082,7585653.79942403,29851745.737688,409201.207910636,408176.844226161,409935.610047706,1758913.64614736,1520801866.52651,1520766928.56549,1520960518.10503,-17538579.2087051,-13846792.8982983,-43832688.0109837
2015-03-17 18:00:00,2015-03-24,22822883.5962133,8466740.95417767,61550803.3969825,538455.944048867,233328.369748864,1244144.11793636,129551.05259108,4437.75317607734,3834618.49285254,718000.030538584,73300.9814526777,7110821.09748606,21573371.7996062,10875085.6434201,42750990.8121434,402363.184414253,401390.526577382,403034.404955343,339067.690823587,1507097436.27078,1507127139.09237,1507216615.47906,355078.164444898,4943863.33450877,-27970094.7832123
2015-03-24 18:00:00,2015-03-31,20074518.3187645,7458106.25056848,54130921.4807694,400351.216280117,175774.585891863,913831.241258376,116737.905190375,3857.85276096296,3685134.76797032,552566.943997794,57844.8215204667,5377976.45251808,17430405.7970688,8788190.86473002,34498630.8966568,434432.674466001,433659.271029983,435061.342828359,480345.895333415,1510024737.76542,1510082473.88814,1510000878.39295,-9611550.2533413,-4656171.07016517,-35582145.1501344
2015-03-31 18:00:00,2015-04-07,19725858.5134154,7329873.9702021,53158298.0158668,389071.344193859,171197.460921591,888664.581803518,114643.346378203,3828.03692193817,3598305.81857214,539800.1805039,57225.0858880368,5256957.81691905,17055258.0607584,8600230.66556608,33789401.804869,611069.847446203,608876.815927543,613564.243583975,324939.870372604,1504172869.32011,1504154846.33637,1504298786.5931,-5592801.38017938,-872203.125862805,-30968792.8500312
2015-04-07 17:00:00,2015-04-14,15496313.0225766,5765647.80151858,41691244.1935649,221934.767840532,98477.0616446464,503113.881154084,93230.0049808795,2237.50775294634,4287791.14895756,328053.722540165,34987.1756725054,3139701.44359627,11425704.7980121,5749903.89346393,22638607.8872435,644435.268181985,641859.373383309,647103.215476742,162469.935186302,1502008053.28659,1502010253.54142,1502104540.41005,-2473014.63639046,1983282.14707225,-24645369.1838287
2015-04-14 18:00:00,2015-04-21,14893431.8378345,5524826.10202192,40058778.5549321,204922.763872944,90713.098373755,464933.018016874,89809.812577948,2006.31319650434,4458009.30832413,305307.400271526,32556.030154568,2917389.15941844,10767114.16832,5431971.60739664,21348620.9467174,879514.581456405,874781.774376574,884802.981180256,35319.551127457,1503766900.03713,1503863493.85733,1503759878.77205,-3260570.17125803,1337219.04817907,-25193148.8508615
2015-04-21 18:00:00,2015-04-28,18000810.4368047,6694988.31147241,48382924.0782068,314927.646830125,138924.282728914,714298.276522136,105600.741491357,3222.30852456462,3594382.23146596,447399.187604148,47397.4423421999,4310757.17451113,14691807.7761408,7416152.5546055,29116504.8104143,750884.398394106,746933.004945022,754958.120484034,21191.7306764742,1504388492.48178,1504371350.67039,1504475765.53333,1422045.63067807,6083608.24786598,-22275877.1115442
2015-04-28 17:00:00,2015-05-05,19825042.0422234,7406743.00973386,53329196.6450785,390718.071380779,171762.646283947,892998.245884031,115102.473582368,3930.32063606672,3543056.6503998,542608.368703861,57315.3665433382,5273818.08453633,17149891.6901566,8648575.87089395,34007297.9835151,1029618.00975292,1023214.32623478,1035520.09750238,0,1509257775.68133,1509247564.11933,1509302012.29739,-6181222.79527089,-1360812.7910284,-31357036.2812811
2015-05-05 16:00:00,2015-05-12,20395836.7365771,7573277.22494006,54863611.1171408,412202.660695241,180438.023114087,940477.679571455,117746.37903968,3994.11605268002,3547481.0968309,569072.466633768,59643.6011607227,5530351.14113437,17855941.5862405,9011861.25424268,35449835.1538119,986370.685595642,979655.774261377,993042.878522611,409706.793078501,1505770514.14204,1505886779.38293,1505909160.65243,-3436503.75803807,1337380.31806799,-29311924.1213517
2015-05-12 16:00:00,2015-05-19,17774450.7360398,6586378.67714443,47974445.1022608,301844.299605132,133452.740493792,684519.295942187,104527.877223811,3121.69303447138,3701801.60809225,431792.466114347,46179.2234225459,4131908.18978035,14274317.7119147,7202147.82454367,28276702.4897609,669587.152144102,666725.9944287,673072.162183557,113022.563607862,1505396263.14819,1505423605.057,1505482083.70034,1739703.1237779,6488740.78349933,-22227009.107039
2015-05-19 16:00:00,2015-05-26,21084734.4849211,7837585.98747564,56858627.7744842,433859.897978342,190081.936778408,993421.452038239,121902.169481194,4120.42784816431,3789389.19140177,595188.314736418,61953.1962840961,5787640.51988858,18596348.5279121,9378787.38565516,36914258.3962111,1127429.47045454,1119466.09234195,1135382.27058229,0,1510917699.3505,1510852518.0577,1510984105.56257,693747.299299426,5572981.78471071,-26066434.7801193
2015-05-26 21:00:00,2015-06-02,22819321.8244042,8472719.72769616,61731538.8798638,550958.772615124,239642.815761753,1271623.60058676,129207.100560026,4641.94058569095,3650195.39940745,732975.14824242,74574.8443073703,7272161.63941704,21871390.0503808,11029740.9073388,43314180.5764583,804039.28108711,799596.250855599,808547.084109594,734646.663451106,1514123353.51855,1514165521.5486,1514152575.41767,-3182863.82838489,1502652.11369232,-31484468.3887981
2015-06-02 15:00:00,2015-06-09,24816833.5430487,9204680.96147854,66859109.3946155,636708.262836268,274490.724915622,1478721.88874938,139617.112457509,4827.68954304255,4038289.97067309,837102.373981887,83630.3406479527,8507552.19151304,24507311.9762404,12346020.69387,48493989.316057,914967.298508848,910051.612237845,919440.169471112,515665.446460872,1513232169.86797,1513218491.68196,1513352116.36497,-10017668.950846,-5446330.63978823,-40581734.8410638
2015-06-09 15:00:00,2015-06-16,21393030.0182822,7975076.66612197,57608101.3331736,461275.974986665,202410.495849875,1056574.86204602,123333.921850996,4239.12147845127,3720694.33361434,628234.517952182,65633.5194668046,6157664.70884779,19329966.2217391,9755106.76769346,38356691.8355547,1225976.86032161,1217443.29275094,1232905.29051173,14127.8204509828,1504738148.38116,1504622666.24738,1504733008.58212,-5207620.10108227,-315718.814213522,-31947841.3147064
2015-06-16 16:00:00,2015-06-23,15781241.2575459,5848699.31999465,42527330.0761379,232023.425334038,102835.154312566,524905.983571657,94128.426031996,2343.18584068734,4092478.90179839,340453.56234124,35984.7405949053,3259821.68854015,11776523.0502826,5933494.45002086,23334808.045329,1096477.20898256,1089209.0983485,1102667.00812893,7063.9102254914,1501594587.45154,1501642390.86474,1501706227.33083,-4480097.71944344,73912.3715210492,-26911455.9404456
2015-06-23 16:00:00,2015-06-30,13668255.102456,5078253.50693761,36761373.0743159,169509.597506928,74905.4041295745,384446.106736409,83532.3130284562,1561.79888106901,4996419.81228,258089.829215839,27309.895280381,2513256.88831798,9369733.82231515,4728465.85732125,18598628.8260495,1182927.11193835,1175721.82496545,1189114.5051574,0,1500696400.05431,1500705060.43111,1500754362.46495,-6150209.15036387,-1818685.103282,-27467438.8163132
2015-06-30 15:00:00,2015-07-07,12598494.2419203,4679849.13605212,33943262.2072797,139161.038928959,61045.9007016204,317792.901717485,77939.4118123069,1161.63720939955,6150125.57338687,216493.759458299,22665.8725654449,2134571.14979374,8151433.52972525,4107630.44039764,16163526.0408351,1061398.07917104,1054496.62350966,1067411.96611301,70639.102254914,1498172916.8119,1498105374.16524,1498213520.28461,-5261133.14611848,-959491.808736224,-26853134.5731746
2015-07-07 17:00:00,2015-07-14,10420795.510278,3866955.49613612,28125442.0494197,93128.9962488867,40423.7939933392,216812.38362542,65930.9194033652,590.708149618484,7812168.20394961,150691.106883741,14930.7681081638,1551118.74098208,6060190.90076153,3053310.66167691,12026860.3851161,942267.766318602,935531.148276586,947935.067922903,190725.576088268,1496801679.61126,1496637692.51955,1496927263.06075,-5507033.02442198,-1770131.66087203,-26304507.8585361
2015-07-14 16:00:00,2015-07-21,9195480.51144169,3409235.75963826,24790661.327062,70894.558429874,30182.3806701886,167461.304725573,59266.6785349344,367.720110127537,7966036.62645412,118592.200159692,11295.9312349401,1282339.7089115,4967170.62995531,2509127.94886022,9845482.27713215,879144.143469133,873276.598370585,883791.84860571,42383.4613529484,1495213460.02866,1495254656.16204,1495281915.9324,-4364363.02522475,-903230.120275663,-24278626.7382982
2015-07-21 15:00:00,2015-07-28,8342854.95566617,3099188.54085717,22538400.3211345,55758.5164288504,23410.6081763271,134124.083044412,54713.0251838232,231.230810433514,8110722.47831234,95900.4628485341,8859.36666074892,1074533.55717194,4201310.21668296,2118630.19742012,8332154.59458304,1015319.12075602,1009054.78744127,1021905.91324936,105958.653382371,1494489399.63993,1494495637.72651,1494489746.5179,-4303009.80206077,-907498.136135769,-23423997.2446231
2015-07-28 17:00:00,2015-08-04,7431839.61249503,2760233.01028946,20086405.3416737,43952.164881755,18163.6588144287,107304.942696071,49142.2897488775,144.720401221075,7967592.08163624,77203.2391941989,6728.007025153,908031.529760076,3515316.61301229,1772670.01156294,6984806.57980239,1054594.65962124,1046502.62160204,1062221.88804507,0,1493624946.11394,1493681319.0671,1493692211.79679,-3630751.56213634,-638334.479535115,-21676761.9615785
2015-08-04 16:00:00,2015-08-11,6979753.89785534,2591396.76203054,18824210.252866,38287.5477765931,15671.7123318448,94562.8135833708,46813.5530642556,111.351806841797,7967592.08163624,68520.6373623995,5780.44441500386,829754.154721952,3179976.28137257,1601692.24982984,6306543.47733226,894812.03325081,888141.681636371,901179.726125926,0,1493026420.58549,1493026862.53344,1493019974.08062,-3231172.88056516,-147915.687358159,-20835702.6331495
2015-08-11 15:00:00,2015-08-18,6917497.54175156,2564351.03404491,18627992.6683976,36760.2095500841,14994.2111371799,91375.6172116207,46605.2278355659,100.572442979411,8110722.47831234,66237.5658648001,5492.05993507276,817880.59782329,3104543.21110645,1565171.43500465,6158809.20072256,785118.79355286,779616.786213974,790959.502214277,28255.6409019656,1492853835.02636,1492699555.99964,1492995184.73238,-3828842.19593459,-974734.17049349,-21137180.9064
2015-08-18 17:00:00,2015-08-25,6275004.51663377,2332640.83032726,16917946.0215467,30324.8551396613,12108.3547012785,76666.4943453701,42690.8283377436,69.228699710662,7967592.08163624,55568.4089195445,4409.75275973934,712623.284712393,2683208.4081334,1353087.48039624,5320458.33082924,894614.31786348,888017.68947944,901358.137181593,63575.1920294226,1492230687.01167,1492288833.39295,1492288855.85913,-2892547.75411346,-155478.262861668,-19575295.0540992
2015-08-25 16:00:00,2015-09-01,6145561.20215339,2290090.92853128,16510208.613595,28265.5611810436,11192.7977480082,71898.4738652828,41919.1684542751,59.4890797199404,8110722.47831234,52369.9724982144,4085.49672141894,686596.913869758,2561575.11364037,1292121.6631903,5077883.55327634,578001.848059776,574520.647595784,582228.089166831,247236.857892199,1492227480.33262,1492230124.94511,1492305075.78491,-3423272.29930882,-712769.658706463,-20015923.2681815
2015-09-01 18:00:00,2015-09-08,5918382.75999818,2200897.7411362,15963414.1339088,26988.6490555616,10688.2364847387,68767.6809064198,40536.296936617,56.6794592668875,7872171.8171855,49867.751881349,3886.18711530486,652451.949675172,2457375.29936711,1238526.71183477,4879776.15695199,469435.936100248,467478.71486172,471866.606143879,699327.112323649,1492179983.83379,1492180753.37202,1492278329.38539,-3760101.948488,-1216881.90363272,-19802740.2143338
2015-09-08 15:00:00,2015-09-15,5968586.63650229,2214816.05968774,16071085.7679381,26812.4107851322,10595.2350164483,68747.4938510322,40891.2488545623,53.8740978237018,8015302.2138616,49773.3520270286,3847.1778002435,661815.555077121,2462257.45435032,1241201.27671523,4882775.77547644,658758.033627447,654528.727776269,663821.463017673,134214.294284337,1492228173.22003,1492282503.08859,1492270298.01158,-3678613.50576562,-891235.349075186,-20051695.5408979
2015-09-15 15:00:00,2015-09-22,5786546.07871894,2150882.40832337,15579455.8839759,25067.3386041099,9850.00606862375,64426.5660205207,39746.9081310213,46.3388939121039,8015302.2138616,46990.2169211898,3593.12842087427,635550.795643196,2340238.91211533,1179730.73625439,4638657.51983336,427518.972380853,425356.152308905,429834.380388907,91830.8329313882,1491648822.16874,1491635375.63421,1491846859.2989,-3546792.83582052,-1204655.5812147,-19643553.7841504
2015-09-22 15:00:00,2015-09-29,5559793.28794667,2066413.30644254,14980151.6272953,22985.5805389809,8934.0228529606,59747.9419031033,38368.0270019246,38.751651904585,8015302.2138616,43362.6134287544,3216.2558946649,608272.946790753,2198582.41907779,1109925.94549966,4362509.96906494,640092.440854445,635737.378054915,644893.845929145,0,1491324452.82373,1491309896.24227,1491293319.54376,-3196513.45736398,-551844.157517623,-19109790.3677068
2015-09-29 15:00:00,2015-10-06,5309950.50392253,1968568.57988532,14320767.7779581,20417.7094973086,7820.68177573787,53917.150151204,36925.059765036,29.8551349143815,8110722.47831234,39096.1676558421,2814.84241599172,566793.881758411,2022714.87493436,1018905.26656091,4012311.45496707,600234.18388217,596728.370970782,604750.442970135,0,1490953774.01535,1490856176.78942,1491074414.39953,-2603247.78223432,-264860.391430103,-18101451.8657627
2015-10-06 17:00:00,2015-10-13,5119894.32356445,1900398.10327401,13805766.8662444,19155.4979381621,7308.22337028954,50722.0019809722,35774.29321346,27.3025248529153,8015302.2138616,36901.7664408274,2596.46471492676,540897.205951578,1926257.47759017,972582.740497638,3816907.91660799,430911.507794666,428522.650538415,433838.679443138,113022.563607862,1491133966.61514,1491189864.3139,1491173154.32978,-3376966.20649983,-1108824.46243596,-18709944.7932154
2015-10-13 17:00:00,2015-10-20,4949991.26537351,1840818.16268542,13329968.2391318,17883.8787955021,6784.6513547144,47738.6720406093,34727.8941297483,23.1029831328492,7967592.08163624,34658.2925628529,2384.03905428092,518075.484462853,1829732.84468702,923870.556432582,3630041.84742274,426274.277366402,423763.303621852,429480.698160554,0,1490724579.86802,1490754883.77628,1490686577.1338,-2973866.05833817,-660744.625123058,-18116078.005328
2015-10-20 16:00:00,2015-10-27,4822357.43419258,1787646.37238758,13012433.9568081,16733.0891718703,6285.65485343392,45109.2940728725,33930.6431508603,20.1518956007378,8015302.2138616,32755.0287762005,2212.47878082178,502022.706925971,1745679.01240243,881092.277194952,3468377.78065202,364671.686437921,363064.38950637,366883.66244055,176597.755637285,1490531968.01849,1490442657.70264,1490528208.6047,920364.166741474,3248924.39491649,-13913863.8106634
2015-10-27 16:00:00,2015-11-03,5957540.6635751,2211536.53465887,16038152.0124821,28825.6526649434,11608.9479942443,72860.3570858381,40522.3489780834,77.239855906299,8063012.34608697,52355.291460586,4236.038640318,687052.431002286,2521828.90193751,1272468.28206203,5001447.48771353,163668.022073501,163275.741256418,164263.630711294,1419845.95532377,1494424355.43732,1494444998.37619,1494505738.74647,-6398142.74103155,-3822191.46865472,-22642215.5069162
2015-11-03 17:00:00,2015-11-10,7047912.05219562,2619129.87488883,18979463.0866611,39316.4262953696,16096.9259487233,97192.9882687547,47179.9199958563,119.278836715846,7967592.08163624,70047.1317726122,5944.54221766715,851567.273507187,3237227.887305,1632316.87382976,6415786.11665763,207860.357438545,207385.571995206,208566.340926252,282556.409019656,1492839805.68428,1492917994.85283,1492895107.97097,-2167399.83906539,694559.601733402,-19737044.732609
2015-11-10 16:00:00,2015-11-17,7218778.06741698,2675223.91666818,19463964.0259405,41718.020481815,17137.9296312264,102397.107920762,48146.0053743762,138.34229171827,8015302.2138616,73429.0607439357,6328.85366640183,873420.202767066,3368082.72234614,1697604.30701017,6676573.93262231,127578.215838861,127182.682622757,127959.701283994,671071.471421683,1494714329.53975,1494734969.50173,1494673812.15779,-5275331.80926378,-2154484.82275615,-23105213.7313753
2015-11-17 16:00:00,2015-11-24,8195641.67930856,3046948.91847754,22087422.851094,53996.7309650382,22646.862545487,129846.699752492,53912.3445718214,218.269169776446,8063012.34608697,93001.5630121534,8469.46266705126,1043351.33068636,4090837.9438647,2062498.11434811,8115973.83002995,209310.071353698,208428.493715957,210216.650452653,656943.6509707,1493996479.41774,1493951377.15836,1494064440.85908,-6597495.85463994,-3263631.95818653,-25374676.3018379
2015-11-24 17:00:00,2015-12-01,6502750.87454625,2413933.669334,17485222.5283474,33299.9435333127,13462.8084931351,83399.4480503594,43879.1886488728,87.2795086635937,7919881.94941087,60171.5451238652,4920.41665766896,752833.933916921,2858820.86326695,1441576.86412943,5661025.38410959,210788.313308574,209927.484949932,211946.730911419,56511.2818039312,1492152331.51671,1492231087.25463,1492265109.45666,-2915754.93048077,-95095.6817481196,-19818550.2118387
2015-12-01 15:00:00,2015-12-08,6360432.99648913,2355539.06098342,17113868.500354,31010.3803093623,12418.8656579647,78204.5442734171,43257.7501624514,71.3571757744118,8015302.2138616,56701.7605897015,4541.76535256193,727423.707251545,2732513.89776033,1380077.29898732,5426924.72845324,122422.649052858,122080.02546829,122749.811949491,784094.035029545,1492863580.24331,1492837414.0693,1493007424.88163,804159.113043061,3523313.02500632,-15902546.3629674
2015-12-08 15:00:00,2015-12-15,12196149.8497097,4533757.37917749,32762480.0243866,135888.36024739,59701.1321207725,310851.853253302,75488.4937105095,1133.75729369214,6212062.53337288,210364.354674664,21818.7313953036,2099226.86410353,7888012.30835868,3980830.11579568,15651426.9226779,72730.5041310895,72515.5854585654,72879.5646270612,1490485.05757869,1498088299.73212,1498104086.1667,1498185245.66638,-8345874.51628131,-4215182.66587153,-29262308.9679399
2015-12-15 17:00:00,2015-12-22,9975804.78514454,3697811.97946944,26937207.2722767,83575.0616626568,36058.3647432836,195424.152472651,63562.5633841143,491.248690203523,7963359.36253183,137384.347455809,13493.0169828028,1435374.6237956,5623427.13648516,2836958.74075018,11144421.8714655,113373.288337121,112882.276556495,113750.25419571,1441037.68600025,1495890058.51927,1495992577.04415,1496023613.35682,-7669983.59551505,-3978084.92721946,-28617472.300406
2015-12-22 18:00:00,2015-12-29,8282596.24432863,3074314.48665573,22348553.3993029,56677.9542980388,23944.7789065653,135432.307595252,54079.9630171657,242.381945759551,7919881.94941087,96795.3418887087,8885.62933421338,1082154.79847513,4214869.28345382,2126465.90716775,8351611.13559678,100019.236306213,99722.5071649025,100290.208972656,798221.855480528,1494184638.94258,1494089335.71516,1494284579.70818,-6110991.51296291,-2819024.45267008,-24863356.3946651
2015-12-29 16:00:00,2016-01-05,6958424.69866756,2584563.24741935,18736220.0020161,37326.3495803368,15201.8351644276,92531.1959648303,46629.0046728385,106.402996572091,8158432.6105377,66760.3089314932,5614.19277766093,821772.098178016,3128669.06792143,1576743.69995609,6205957.53304923,128003.821921889,127537.864445684,128611.934404182,21191.7306764742,1493047130.26887,1493058322.28619,1493144975.9735,-4431945.30526545,-1556785.02886279,-22030889.3207697
2016-01-05 19:00:00,2016-01-12,6798711.48712202,2532183.05879556,18322562.2372128,34937.4532491811,14109.8760040239,87329.3294961312,45929.9829009371,89.8818859230499,8206142.74276307,63278.0153649886,5169.41379847012,785547.375542662,3000243.66905862,1510734.20448517,5948865.12773074,110388.935831089,109952.724097934,110833.564185708,70639.102254914,1492488844.16629,1492523011.13534,1492510586.78927,-3957058.32655247,-1038611.7137857,-21512604.2563332
2016-01-12 23:00:00,2016-01-19,6201680.00362226,2305873.14197834,16710277.8459093,30534.9819078751,12248.5516048194,76928.2660797255,41920.8389771544,72.4193737369206,7729041.4205094,55720.4668697097,4511.5397874855,706751.940044123,2675297.2780923,1348500.46811509,5315506.36807293,103456.017590539,103126.114832227,103782.267964189,890052.688411916,1492434649.27574,1492422928.97436,1492473479.47964,-4395277.80378601,-1730654.03259897,-20761304.5540173
2016-01-19 17:00:00,2016-01-26,6222199.07086234,2304124.12297374,16772397.5870619,29686.4100719068,11828.6726487065,74940.0885455545,42162.3351379667,66.7150409619436,7967592.08163624,54419.3066689244,4332.75692769587,705416.20938362,2643880.81368984,1333494.86251099,5249366.51859506,116653.719493031,116200.514479872,116917.680677298,904180.508862899,1492480527.15606,1492355387.94526,1492503957.20525,-3898372.36275108,-1112301.09102317,-20344540.2756678
2016-01-26 16:00:00,2016-02-02,6752407.70609679,2510136.17278884,18205310.2905816,35508.1825580398,14410.7478992633,88161.2618909936,45502.5143577727,95.8075939564064,8015302.2138616,63829.4056310472,5313.57093187775,789639.259938951,3010682.35658493,1515369.1585231,5968862.66510767,150894.479103915,150489.895906542,151221.954864627,812349.675931511,1493074267.89173,1493069089.94581,1493166493.51369,-4880078.65005647,-2082806.4121058,-22038030.2163225
2016-02-02 16:00:00,2016-02-09,6649291.86073875,2469371.67376462,17929990.8426314,34627.817649011,14066.2935205869,86021.3030532812,44767.3121335183,92.464595782866,7919881.94941087,62496.5187548147,5204.95585258595,783938.979766131,2950768.00435889,1489837.18599548,5863751.70468726,252967.672082292,252246.589538869,253570.057866089,296684.229470639,1492742209.89056,1492821737.81172,1492760134.0223,-635134.222365483,2288953.47388022,-17850213.3101389
2016-02-09 14:00:00,2016-02-16,7265731.47828327,2705198.58999196,19589202.9661576,41697.6132306771,17152.2308219008,102410.794011948,48513.3392641828,136.053481004629,8110722.47831234,73883.1491348825,6379.52291618072,883161.740703756,3379128.340829,1702636.5997081,6703481.8109744,276968.645442484,276116.632814869,277707.118915633,1087842.17472568,1495991207.7305,1495870720.04336,1496092423.33785,-3632853.94017712,-645959.474773754,-21458704.0835914
2016-02-16 16:00:00,2016-02-23,11338449.4377125,4199502.44327749,30494613.042706,107447.006794473,46867.2985219191,248129.084928095,71528.9406274585,750.746953605399,7758386.59766635,172061.956510407,17383.1721639506,1749273.18499533,6789018.26492126,3427275.03997107,13444606.4710626,257458.02794864,256935.88786059,257862.211930007,777030.124804054,1497219924.55869,1497204167.18379,1497284419.20249,-6613692.35053901,-2585937.56576938,-28561182.2417771
2016-02-23 22:00:00,2016-03-01,9393903.47909429,3482462.61031797,25352607.3296783,75081.2001635912,32188.8418234522,176801.779839598,60279.3253294404,405.093792812831,7862395.02813425,124595.83197117,12144.7347510887,1325391.8701102,5171818.80074629,2613006.33879686,10252110.1267213,393771.04783437,392127.824374994,395372.986441518,113022.563607862,1496026273.38173,1495967948.29412,1496055804.49461,-2283505.80489565,1343171.20520856,-22166034.7677674
2016-03-01 19:00:00,2016-03-08,9405290.79803602,3498083.26655308,25327401.9908173,76331.8983881067,32787.3653956034,179070.941767231,60271.7233034181,432.159381552121,7751888.09256843,126107.440432893,12242.6460373271,1334130.76707991,5215742.35554314,2628654.38380868,10343437.2392073,276457.990116561,275586.456862841,277076.989417881,642815.830519717,1497944060.12842,1497984648.98456,1498034065.38094,-1860404.08096067,1687535.81015426,-21654363.6492675
2016-03-08 15:00:00,2016-03-15,12862044.473852,4757587.9403939,34602432.9742073,143753.380264728,63371.2679467482,329069.126052029,79722.6153726741,1211.99016873658,6407437.43897901,222514.810265811,23196.960399244,2178563.03519055,8358451.21326723,4214303.88893705,16594472.670345,361525.279861316,360282.905050091,362360.782894001,1370398.58374533,1500902273.39248,1500945078.72942,1501003721.61831,-8196677.55798188,-3856127.74453689,-30258337.6426751
2016-03-15 20:00:00,2016-03-23,12543827.2285108,4666335.65424032,33830406.4248011,135191.565987434,59327.6483765631,309624.734654449,77898.6204086568,1075.69519065557,6456073.45827906,211658.506674294,22026.4338339537,2099077.1624637,8016503.9631578,4042009.11092341,15901867.6858671,610670.1085839,608197.288406797,612766.103553605,141278.204509828,1498664053.20487,1498617808.79168,1498788773.82244,-5168618.76148928,-999396.046821058,-27106911.9198775
2016-03-23 01:00:00,2016-03-29,11226430.0330415,4164299.06059134,30219925.3939895,113226.834649067,49480.6176651406,260495.27943663,69979.9355381717,832.402047859532,6689212.64003637,179352.690333979,18364.7781678942,1783934.32188094,6941182.78282579,3504780.45770849,13745821.1975362,335190.15516567,333755.569299133,336255.28960688,805285.76570602,1497978114.49773,1497832723.06709,1498029215.01244,1871808.59354267,5754662.89377948,-18439992.2086066
2016-03-29 20:00:00,2016-04-06,12959561.4857395,4819122.24687481,35017044.5849823,152635.04045752,66953.6451803736,348201.495882678,79813.5762346439,1315.36921226918,6617439.28474819,233250.67645024,24311.4778647579,2310880.16376176,8602050.7800501,4336534.88547617,17095001.4279411,651611.847024831,649161.312895682,653331.300816361,162469.935186302,1504967825.41255,1505069507.77239,1504983604.50339,1538697.37736668,5802387.35994316,-20925271.8350937
2016-04-06 01:00:00,2016-04-12,18654681.1494818,6930147.59192902,50274695.2567166,368055.797493828,160862.717690474,841191.788328973,108490.502133138,3468.3672178185,3541037.42516966,507912.075969773,52524.278210698,4932645.87432352,16100337.914278,8104504.07399469,32020863.5185868,703954.881817446,701743.277857504,705782.070604506,0,1510840590.87691,1510851938.6731,1510874468.33928,-4994943.08571301,-466753.750655806,-28944247.0698575
2016-04-12 17:00:00,2016-04-19,21760854.2638868,8083571.53052473,58516087.9364981,472881.011655866,206863.508132069,1082932.86830121,124854.292847449,4423.6784880335,3657131.01033634,643333.472318776,66959.4292604067,6305958.8542024,19771660.7910713,9974137.48871871,39190492.7095907,687426.321074099,683780.971904384,691265.146821764,303748.13969613,1508680494.52018,1508770616.35859,1508748470.19182,3960535.61945045,8697952.47760181,-23190218.6061016
2016-04-19 18:00:00,2016-04-26,26922249.1989114,10020429.899605,72630060.2204393,783465.652090723,332977.81529265,1846923.58293496,149556.46924496,4719.30449132569,4666424.52675405,1005339.23651483,97723.8006460113,10454684.262558,28254477.5274504,14225876.0875825,56035453.9626574,817420.036324483,811830.954495665,823181.373640904,473281.985107924,1515487614.20789,1515564498.70511,1515454070.4949,-6747966.9599451,-2338150.13342462,-39741295.560176
2016-04-26 16:00:00,2016-05-03,22396841.4594851,8319952.55767698,60326067.3792541,507279.07307226,221175.809794223,1166715.08446689,127555.634294527,4425.71263679967,3762959.02882027,682816.700061792,70239.5107646279,6779929.38088272,20739311.7936762,10456316.1698467,41113086.7124837,690753.104944387,687070.731141902,695010.26153719,0,1509001642.22604,1509035942.38643,1509007346.12454,6165428.47400701,11092848.7806558,-21885216.0830731
2016-05-03 17:00:00,2016-05-10,27011529.535123,10036728.4093834,72634789.5880386,782391.928932282,333094.152576266,1843559.79599901,149724.220642248,4832.58796440324,4646974.1762241,1007199.17312239,99175.8265643717,10442689.8767126,28307799.4403397,14259527.4780531,56117688.1792003,1000189.22394413,993884.485224329,1006308.61323327,296684.229470639,1517451498.66834,1517378300.20276,1517572601.59508,-10693060.9328267,-6314847.08723154,-43416165.4849815
2016-05-10 15:00:00,2016-05-17,22343919.1043559,8300720.93440847,60132585.0692737,504786.564656646,219349.903472105,1159203.03865096,128213.300151633,4424.02061670942,3831328.62956215,681187.77853952,70948.3097132725,6744222.75410991,20676680.784074,10398174.4023685,41019504.1024556,784393.382844477,780374.760718197,788475.167330617,353195.51127457,1506697978.15852,1506702835.59179,1506774857.75053,6851490.87627013,11617657.2899917,-20934165.7024248
2016-05-17 17:00:00,2016-05-25,25033915.3491902,9300517.11068624,67379466.7228796,623544.00166616,268415.332331206,1450504.48508087,141646.968030354,4849.66839258092,4160461.7189334,824301.950136804,83384.3169520792,8250562.99688615,24333417.0854564,12273825.4692731,48240695.7229904,708595.616669232,705210.276013757,712025.499048133,3758000.23996142,1516099697.12685,1516181225.62245,1516162604.55692,-10783609.1629491,-5867447.92425665,-41605053.011613
2016-05-25 01:00:00,2016-05-31,23821703.3620552,8816646.85969294,64244900.6566957,620779.433072719,266961.210601657,1443683.03092693,133688.359912323,4662.61411023335,3862252.17878111,813323.958066921,81597.9301995421,8269823.45442102,23711039.5275072,11974041.0850758,46976572.5122739,714310.119581148,710356.715678842,718011.749733147,247236.857892199,1510655483.77076,1510622447.55254,1510731287.5557,5197412.09846903,9688645.44487787,-24037084.5400701
2016-05-31 16:00:00,2016-06-07,25079925.6959801,9316887.42612513,67348467.6178312,649781.31315375,279335.233432004,1509331.59940362,140803.547138966,4915.68998209258,4133695.96111526,853520.867894889,85604.1276030624,8645189.93376729,24904582.3487459,12521553.8728502,49401217.3013934,1083762.35297884,1077073.74840512,1089984.29477827,98894.7431568796,1517064278.19314,1516958674.92918,1517152640.67232,-9540912.07067992,-4818944.14562372,-39811203.1661925
2016-06-07 17:00:00,2016-06-14,25430573.4650578,9421278.40827752,68598663.0753108,677284.962181161,289992.406016133,1578978.86922514,142763.891093799,4818.41341634912,4231120.77707176,886290.047352055,89674.1708373204,9025759.08150294,25546779.6287179,12864515.5335434,50656070.6975195,988750.678021027,982989.438132974,994084.24754294,254300.76811769,1508357947.58806,1508391850.02209,1508520706.12574,-5142012.64737341,-519463.417908543,-36395208.1139858
2016-06-14 17:00:00,2016-06-21,18438285.7428275,6844739.65074628,49826853.4296832,320765.59955925,141591.46121755,728677.153665555,108020.543838349,3335.36727516184,3719286.13832838,454652.511971722,48169.7895115421,4348376.28257184,14972319.1869135,7543654.98781017,29705472.2789875,797422.208749557,793066.794521879,801648.599699458,847669.227058968,1504071617.76775,1504035309.53427,1504213801.90282,-3566662.33649278,1227802.25843256,-28040944.8413011
2016-06-21 21:00:00,2016-06-29,18036932.8795746,6717254.04349715,48647786.1679013,299691.807294681,132693.30196119,679165.635429547,106683.254587306,3127.60966585519,3809207.20566463,429990.014135599,45969.3325403275,4131744.55067052,14347580.8172966,7232401.85308061,28352517.4905854,1071495.46749727,1063904.36620638,1077561.34387128,614560.189617752,1504904607.66085,1504958106.04559,1504990387.87473,-6062994.40130609,-1315354.2322053,-30390830.4503269
2016-06-29 03:00:00,2016-07-05,16167152.831865,5992035.51064979,43692668.6473113,262157.334021493,116273.907118478,593370.783054672,95685.2985415242,2733.31029524718,3604295.90904189,378137.532188622,40675.0649118987,3617827.9991109,12672497.1513458,6389311.39136491,25114688.8974722,1007066.20390011,1000978.60811283,1012773.03039895,0,1502910395.11996,1503019660.51009,1502892331.90052,-4036694.13608067,423775.943492299,-26287050.1192677
2016-07-05 18:00:00,2016-07-12,13742807.9168215,5101307.03254914,37089866.6450158,175979.676336306,77920.7157265409,399773.358511171,83453.4386617476,1671.52445835758,4669108.56231031,265643.943306298,28052.9234700412,2564568.36154919,9569737.58705128,4832431.98908554,18967798.1711337,782655.307524567,778873.931786086,786276.318432232,769966.214578563,1502097270.62525,1502113311.80147,1502077535.63751,-7585049.61329865,-3096173.52768105,-28654595.1213892
2016-07-12 14:00:00,2016-07-19,13349788.4434031,4955606.46072668,35994327.8305268,158789.809588074,70155.9603970736,361172.147765164,81887.3019379487,1402.14611744457,5445760.07126516,243378.942517386,25561.2635478068,2381873.15161459,8968902.48320499,4521779.42590106,17772233.0871042,910149.293529017,905019.045120355,915060.306745325,120086.473833354,1499197679.30708,1499197925.33248,1499348974.59974,-5616614.44972594,-1390430.96479101,-27121007.2073854
2016-07-19 16:00:00,2016-07-26,11438681.2564193,4256337.44899336,30819347.8737967,115781.978299312,50694.7536866197,265641.991844403,71449.3921812646,862.553665309349,6768259.55272326,182955.303874767,18751.4324789468,1837594.57837415,7090150.89691705,3576765.52932243,14059117.2999194,1098480.22860289,1091203.80316928,1105399.05109662,14127.8204509828,1497655944.0519,1497692844.40625,1497704557.46855,-4928707.07117551,-903615.380033437,-25862172.4728835
2016-07-26 14:00:00,2016-08-02,10449752.9107273,3882808.75777779,28102954.9994935,92394.1509878292,40024.1825695614,214784.984075776,66279.0377562217,580.025251537236,7897021.42000247,149999.417801668,14965.8236562184,1548736.88975471,6052388.30226338,3051428.49028754,12000619.4527854,1097527.34771866,1090610.96838563,1104186.22920403,28255.6409019656,1496361601.60643,1496371127.39954,1496473746.7653,-3779556.18353286,99222.1408560709,-24849310.3915989
2016-08-02 15:00:00,2016-08-09,9211605.91674437,3423296.77320581,24836457.963241,70053.3320274749,29963.4394459055,165345.621455364,59739.7065986284,355.381974703273,8063012.34608697,117196.551011781,11125.8809262663,1262353.59222784,4948280.73589874,2492853.89387781,9802164.04018628,880992.345228791,874549.389197636,886995.001463033,339067.690823587,1496218810.93109,1496208765.26018,1496397563.87764,-4206329.2929384,-781807.71925073,-24307752.8327256
2016-08-09 16:00:00,2016-08-16,10251911.9883227,3801445.22001878,27675929.294169,87903.4127873123,37918.3878604743,204759.494048473,65416.293624954,539.717963269092,8016758.2016915,143598.289243618,14123.6692800579,1495050.55168305,5838205.11341113,2943904.38865495,11563838.6354865,772161.42529904,768218.774040662,776182.127601896,925372.239539373,1495980871.75423,1495878090.59964,1496052162.04169,-6555894.9900878,-2701241.03169649,-27603621.9402828
2016-08-16 19:00:00,2016-08-23,8537843.15506264,3170602.27988237,23019265.8492178,60432.0022144251,25637.4427722353,143478.162471943,55513.4096490817,267.857737400059,7919881.94941087,102505.11449173,9527.22652723536,1133609.5300731,4418222.49688674,2226555.14944492,8766913.60016806,1003880.97052423,997031.284677575,1010625.90590254,98894.7431568796,1494288812.44895,1494252317.6774,1494418197.08196,-4339526.31557391,-1044001.54857367,-23346536.2730801
2016-08-23 17:00:00,2016-08-30,7383607.27385354,2736778.71633021,19893814.4916394,42818.039692591,17586.0278874458,104697.956399343,49141.4248747697,138.162630690781,8063012.34608697,75642.1265851136,6560.67966201286,897089.857383558,3458933.6112621,1744648.86036259,6855273.56354897,768992.6823651,764786.79689363,773180.137153389,0,1493382371.09054,1493443372.13258,1493455538.64934,-3862701.54086886,-822148.780544131,-21938570.2037869
2016-08-30 18:00:00,2016-09-06,6774613.4075462,2511969.51931305,18236968.5759789,36416.3106093106,14861.7496000957,90161.1698897241,45447.2021335296,101.756847881055,7872171.8171855,65321.7562335024,5452.85829480867,805074.624429353,3057866.90065175,1540518.79718319,6069839.88860188,633380.345999105,629867.686666965,637563.834666274,169533.845411794,1492842952.12105,1492834962.8796,1492885017.79805,804283.377746673,3751698.44872252,-16258837.6515172
2016-09-06 15:00:00,2016-09-21,15766618.824799,5862545.76090812,42454925.6955785,101812.74188741,42648.5788619409,245989.88203086,104155.549707685,444.629421546298,16287802.3446811,175269.475957832,15799.2265660924,2019498.86606471,7730749.77273392,3899082.15848876,15323439.1641362,1222477.87989465,1215323.76237255,1230441.7874542,1469293.32690221,1497047320.77408,1497042631.53771,1497168249.49239,-10868420.1127056,-4514483.81408841,-48123841.8114469
2016-09-21 01:00:00,2016-09-27,8549682.85341952,3175184.27770353,23094499.5265644,64363.2580691014,27421.0476412764,152238.86894009,55273.5162884449,329.748519437695,7526796.76831341,107960.914998979,10213.3621684586,1173208.65226428,4566838.29365823,2306415.19011856,9053169.28026637,358132.749517864,356551.30315417,360132.672842893,70639.102254914,1494842822.928,1494842418.88993,1494930091.2801,-4965389.42708475,-1672473.39891508,-23656197.6842577
2016-09-27 15:00:00,2016-10-04,7925795.35281649,2940438.36882127,21360497.2280668,49695.8249738198,20664.6431236668,120045.445922054,52270.8427926336,181.436031273209,8110722.47831234,86639.0182931849,7781.74963913695,1010039.29375942,3863156.87080457,1946208.6107766,7677954.25287763,582376.974641157,578592.738630502,587133.03195993,268428.588568673,1493800382.10277,1493790302.1709,1493878438.9262,4351682.39825086,7582849.05140325,-14380804.3642917
2016-10-04 17:00:00,2016-10-11,9488013.90436383,3523808.64913838,25535233.6050629,87636.2810231378,37670.645762208,204798.430757774,60483.0689235117,640.771439893571,7229660.71324955,139231.497922216,13758.8085756161,1473831.50805446,5480460.04788316,2765095.60070914,10859728.8130392,267842.949998121,266799.589091525,269006.889925926,2698413.70613771,1502089360.28302,1502014143.5564,1502173981.41438,-1736985.5263091,1724013.28517685,-20880982.6829173
2016-10-11 18:00:00,2016-10-18,16695913.9701777,6196903.03129189,44969220.2584904,275304.392513571,121484.409441933,625629.685675677,99048.5254651593,2726.27180908194,4359716.07838156,393803.715400251,41672.0227691378,3800707.89331954,13138270.7203953,6635011.19586894,26052557.3393619,265369.480928812,264294.996648463,266543.356194155,1462229.41667672,1507077850.2172,1507146363.13378,1507140392.09081,-7601078.49267922,-3035214.7199315,-30992562.7807078
2016-10-18 18:00:00,2016-10-25,18749067.8458057,6961260.07050239,50555650.7129375,344895.622466862,152125.964584154,784659.304583579,109402.750852826,3536.26878103144,3496540.21418229,484081.696842549,51257.9140980408,4649338.93032733,15668331.1271939,7913706.61307494,31071218.444541,210869.776185434,210252.801026486,211574.273431589,1589379.80073556,1504999431.54343,1505052202.99006,1505030886.33035,-2889122.15821429,1995358.87781045,-27479906.1294337
2016-10-25 16:00:00,2016-10-31,16669194.5793045,6204938.58316069,44862342.9862136,324842.499285875,142530.448310169,740498.409344213,96695.4344720654,3206.68523997792,3024969.07608497,450817.178316708,47480.7509165324,4427048.81323576,14328272.7432548,7222546.31291016,28492108.1513293,171325.468174789,170754.001733173,172028.707364361,1363334.67351984,1507507936.19854,1507365073.10542,1507659845.81276,-8542807.71921926,-4534845.54668391,-29730802.3330548
2016-10-31 14:00:00,2016-11-08,22626067.5972009,8408762.83938736,60890168.6746245,434503.164929143,191305.80271679,990765.209522883,131775.522926071,4275.99905628566,4255363.79054902,604764.565290467,63815.5380551502,5856151.32761102,19295770.9793219,9728612.59421317,38292100.4203626,271336.398299612,270561.226544269,272450.756156569,402642.88285301,1503370414.63279,1503388327.87207,1503493191.09258,-4569907.72776805,985538.560878661,-33842242.1833512
2016-11-08 18:00:00,2016-11-15,15115822.8408586,5615568.75323657,40780296.0169787,208458.211524319,92529.2557712836,471901.004392502,91312.7999500475,2067.21878646696,4460131.00954601,310075.398629645,33156.0370597799,2974097.62938388,10934574.1636134,5519698.91135095,21679022.4864478,258730.088099139,257958.068347455,260095.800373387,614560.189617752,1503433153.2606,1503376626.39736,1503550358.89477,-6020653.32805803,-1485824.26642326,-28213604.3791077
2016-11-15 20:00:00,2016-11-22,16714689.1497899,6192254.27980254,44972123.5716484,263033.745880257,116418.685473651,596471.677257952,99582.5295913135,2731.79727153231,3913837.69354361,382471.231962623,41210.2106703294,3689455.35340699,12933345.3716102,6527360.70106262,25650137.3156684,126922.632999433,126626.545020747,127277.090940378,939500.059990356,1502559425.12141,1502524889.58135,1502644759.10312,-8416595.94897458,-3846037.11897509,-31291047.4033286
2016-11-22 21:00:00,2016-11-30,14207499.2395038,5288741.99309766,38298545.3893239,178488.114451435,79086.5652516968,405489.137097753,86697.4155728285,1653.49326231974,5239426.01058982,270331.521227884,28227.1358472254,2635293.91207725,9805722.17564185,4950217.54440243,19405280.0906477,165364.971145029,164781.484673338,165940.855666393,240172.947666708,1499481837.88504,1499567816.12726,1499436849.77127,-7177900.4069758,-2584207.79647,-29530019.5575714
2016-11-30 02:00:00,2016-12-06,10931125.6574942,4061569.53422287,29359280.7292363,110458.639545896,48294.6513655403,254617.742976594,68439.9153499187,825.0214136136,6566789.38123363,174524.561578962,17971.323508935,1742007.23563612,6766556.92442025,3413209.98538504,13404925.2993386,87137.9647593495,86821.2309612069,87407.8909859548,868860.957735442,1497316039.5697,1497285503.02013,1497375525.08085,-6733727.89083489,-2959427.41789005,-26634294.2757734
2016-12-06 17:00:00,2016-12-13,9896562.17542673,3671369.58583863,26702889.862333,82570.5129336956,35590.7218616044,193514.863787994,63059.4891635819,476.39238591894,7968309.34588441,135682.458643562,13375.1731572499,1422543.95937311,5565154.99577819,2806221.61600651,11043847.3292339,143810.46483478,143096.126755056,144453.140484635,769966.214578563,1495882026.52139,1495950431.60085,1495913587.93486,-5932562.46203306,-2157782.5157104,-26555221.6290187
2016-12-13 17:00:00,2016-12-20,8930946.95115942,3313424.5586084,23970234.1590841,65883.1996400298,28104.3615450748,156802.555220435,57995.4154289057,320.32205376524,8015302.2138616,110748.685214676,10413.8677546439,1209056.3328085,4723266.6892166,2380317.99793071,9368251.81692971,136728.680332335,136062.909302055,137297.939023853,367323.331725553,1495188339.44949,1495264133.74807,1495297265.76421,-5595865.05610961,-2069315.48283467,-25230817.4462266
2016-12-20 17:00:00,2016-12-27,8361871.53848329,3109231.82580062,22529262.2039534,56867.3882149487,23948.8183611477,136305.502982377,54762.8989277333,240.525528523345,8015302.2138616,97087.8122628708,8876.15730054156,1071208.98751153,4242465.18994314,2141969.28159934,8397743.55754818,91836.3331762351,91475.7698025107,92138.4807702461,593368.458941277,1494265376.607,1494246485.13859,1494431155.81583,-6019268.1242109,-2719904.58153014,-25274127.4834718
2016-12-27 17:00:00,2017-01-03,7721162.23363508,2865465.18717602,20786207.6403203,47933.979658578,19914.0836652292,116535.648781301,50999.6290996893,171.947506226249,7967592.08163624,83478.5111029225,7385.52178969572,968866.846862569,3744145.46415448,1890616.18058457,7435305.99319734,107689.733415019,107383.873669137,107943.849826661,543921.087362838,1493075765.0565,1492827922.98405,1493213471.96883,-4005851.08164968,-1001501.11080647,-22058769.1920391
2017-01-03 16:00:00,2017-01-10,7568750.09864529,2815994.10433103,20376293.5759741,44966.7762388964,18594.3057245479,109624.60192726,50330.8746349824,151.854613617713,8110722.47831234,79219.1621283641,6909.67686888762,934359.256425132,3594907.33932474,1811346.6439202,7137424.47208717,194188.651350674,193288.426134067,195100.999349382,755838.39412758,1493665574.21814,1493609027.25395,1493650828.63127,-6125222.13094948,-2932561.68077133,-24320363.35807
2017-01-10 18:00:00,2017-01-17,7121852.59312282,2644721.79582055,19215561.5989028,39834.828157416,16297.0568585295,98089.8416775323,47527.4110825733,121.83136303814,8015302.2138616,70883.580752693,6064.2405113785,850103.234408555,3276674.67068967,1649973.45756874,6501717.31716515,196211.549971879,195282.675840577,197125.557684711,21191.7306764742,1492250361.40229,1492242976.73121,1492311120.21611,-3346742.86616054,-310595.522780529,-20936606.7387772
2017-01-17 18:00:00,2017-01-24,7004301.97856145,2604975.83139821,18879236.7558516,38612.9785295741,15812.176779045,95344.6348249237,46890.4412125088,114.586668296156,7967592.08163624,68720.6187580206,5835.91504380783,833642.807068997,3198378.41242838,1612597.25745937,6350939.08391455,169972.34232925,169339.598774032,170559.713918094,240172.947666708,1492732022.45926,1492807775.73711,1492843665.21515,-4766168.30636064,-1754620.14119268,-22391886.3621458
2017-01-24 17:00:00,2017-01-31,6601737.36527891,2450742.18740688,17793282.9785728,33090.2199048225,13328.1667659536,83020.7044917405,44663.1812099279,81.5080432944879,8110722.47831234,60031.6465670475,4847.95190968823,753359.682005155,2874397.67439529,1450983.10619051,5696852.0070584,216494.186274023,215742.832640641,217280.18358347,42383.4613529484,1491996202.36287,1491910379.80418,1492174019.67528,-3585956.31723441,-793714.061487779,-20637517.2009631
2017-01-31 19:00:00,2017-02-07,5820802.56054875,2167197.67770445,15674883.0683392,25646.1057956824,10103.6411933091,66027.5367521151,39940.8697680713,50.5959929423058,8015302.2138616,47771.5539952713,3645.69279206495,644436.830824098,2374258.26641128,1196084.40881791,4708293.5414446,265649.784145588,264268.959433962,267084.922888351,1130225.63607862,1492101260.05928,1492141499.71731,1492224962.95044,-1957049.64728943,620958.8938906,-18187412.1329626
2017-02-07 19:00:00,2017-02-14,7353943.89567506,2724567.31727367,19796809.0819633,45163.4466931507,18790.8489091343,109479.107859943,48701.0658888157,168.063449413817,7776751.55273477,78955.3030774647,6990.78779570798,916842.171411193,3531930.29619809,1780759.10843653,6994316.30791007,250619.283517746,249647.303955992,251388.201175756,1165545.18720608,1494568689.08762,1494509584.40587,1494696791.71984,-5095329.87531468,-2152593.81748143,-22658460.7931094
2017-02-14 14:00:00,2017-02-21,8191333.96088067,3049294.96680424,22054320.0346585,54164.2706069514,22710.5304572757,130165.443222943,53695.5978597526,219.459424874406,8015302.2138616,93270.8259824123,8558.15710421765,1053983.99557967,4096087.6492681,2065850.27372195,8112004.718927,293606.229230714,292316.982049913,294724.250732902,904180.508862899,1494383118.53113,1494370846.20485,1494429853.6946,-4017451.63079403,-810427.316671644,-22896755.0449656
2017-02-21 14:00:00,2017-03-01,9896082.14549934,3679324.94510953,26660706.0879543,76267.4377374357,32624.265210073,180004.02962063,63762.9893442488,398.858461127254,8585207.81325601,127453.899721683,12310.3087188565,1371967.98684053,5348193.29625975,2697164.79677761,10597157.6368704,418285.42181201,416618.7108906,419667.915123392,628688.010068735,1495272618.18603,1495225314.38641,1495246222.74481,-5744499.49250965,-1775271.17957033,-26986822.1442064
2017-03-01 02:00:00,2017-03-07,8125912.76334643,3020593.01644459,21852348.4567275,57892.729381102,24507.216003713,137749.640352765,52944.2835146965,262.725017810009,7490490.75938257,98239.4663970212,9215.65013434841,1085260.91062924,4221023.2126887,2128324.59794428,8366910.67185412,256090.937948785,255122.577816498,256758.010142899,868860.957735442,1494553894.45782,1494648240.61795,1494710514.44514,-3997450.49983716,-859644.721774939,-22149407.6250704
2017-03-07 15:00:00,2017-03-14,8235307.08539904,3055493.2033414,22214747.4647455,56236.4798252914,23695.7527922657,134555.088215848,53649.9763119742,239.049122568475,7872171.8171855,96322.8607336246,8862.49875229192,1068572.70781973,4186301.43993016,2112988.01615222,8312581.1502009,381328.38888287,379679.82561935,382346.367323272,1264439.93036296,1495283180.00772,1495309875.03571,1495390862.11294,10080570.0558201,13280094.1579999,-8690793.73236535
2017-03-14 12:00:00,2017-03-21,20153469.2322004,7490825.16617916,54472023.5965604,435209.96638813,189012.681094677,1007919.86099562,115998.872488413,3568.32313245492,4684938.95786462,587452.015032187,59667.3477656571,5830342.15708029,18055946.7345171,9107613.22477051,35855205.7978247,361415.511661508,360115.82545081,362080.774345515,1391590.31442181,1510502076.56736,1510478640.79415,1510531018.86354,-9347327.78020222,-4785114.22531244,-36328472.3353126
2017-03-21 15:00:00,2017-03-28,20708070.7531392,7692343.34404891,55841670.5667536,418128.433862935,183886.714781695,953203.098151838,119578.420472374,4156.25342939981,3586808.38674665,576986.944113349,60650.7528090593,5601112.08987694,18150480.6263026,9148523.44448816,35993546.736422,553420.187540079,550929.51141869,554948.031171102,713454.932774631,1505421106.94151,1505319696.77359,1505412839.4206,-4095576.70622966,839565.784973179,-30136157.3820306
2017-03-28 18:00:00,2017-04-05,19213910.1234858,7143377.84842414,51836877.2200851,344425.667667107,151563.498683199,782374.501285587,112466.634385888,3617.86353495995,3699595.85240039,486832.619837676,51956.354797004,4670855.37028944,15860396.8729499,7996195.2564684,31413678.1848306,581404.23274626,579456.407871332,582350.583523929,699327.112323649,1505157848.9058,1505331293.69827,1505207444.24751,-3451168.52181402,1450952.90803693,-28906531.3748597
2017-04-05,2017-04-11,18040755.0846683,6703041.42490857,48548114.1376229,330217.498753126,145920.476519986,749709.505945077,105265.350301188,3389.06041531303,3435191.31692645,463917.708236744,49037.0552890881,4499505.18881542,15028913.094808,7571731.34684089,29847179.4230211,443983.933090793,441813.618500971,445272.625262897,621624.099843243,1506121841.43599,1506117763.61144,1506132588.16897,-5760689.91147391,-1051968.31724441,-29175783.9059989
2017-04-11 17:00:00,2017-04-19,18859212.725427,7018021.54921796,50799496.2508933,328220.399874626,145098.672352499,745009.199679443,110916.220550274,3445.56725753348,3801733.07106426,465814.640279246,49549.6515548227,4475443.14365311,15337784.6930454,7728799.64904376,30415493.4112806,628132.570898311,626071.151081778,629712.354004188,671071.471421683,1504450034.23842,1504503671.90631,1504590087.00336,-437884.595859228,4423897.95902097,-25400676.390027
2017-04-19,2017-04-25,18674385.9573664,6923414.33332247,50240724.281068,357677.276180013,157612.488538302,814865.741033985,108853.334445088,3635.22852893329,3393510.62298298,498174.659091935,52839.5651703858,4818622.11497286,15919623.2043385,8033227.71616999,31605429.3547968,538680.010630208,536940.137469249,540036.574382329,911244.419088391,1508481467.83617,1508550542.88771,1508546301.07406,-4950610.81402301,-199476.508809278,-29050082.0611272
2017-04-25 17:00:00,2017-05-03,22134022.6851372,8225892.12737862,59583975.0901853,461039.000663087,201668.989440072,1057863.64574056,127328.535566743,4451.94561122916,3767655.09905748,633117.891926515,66541.3607321374,6191003.23254676,19692700.0998656,9943912.66557246,39033259.9772308,663223.848611866,661514.231068555,664993.233378586,1101969.99517666,1507622889.45335,1507533962.07655,1507825402.74626,8732213.20959729,13698788.8196323,-19152662.6908374
2017-05-03 02:00:00,2017-05-09,26317131.1633138,9782731.83570178,70928986.4837188,826321.574487547,344839.448369239,1968358.84796368,145021.817806089,4050.91097347184,5091771.31504538,1039442.38851585,97351.7143066065,11289716.7096475,28568191.9621036,14419855.2086029,56623047.1539728,576432.005512336,572965.196973169,579588.928373647,268428.588568673,1520456656.82294,1520385513.23781,1520519289.08759,-5735352.62425595,-1819231.86143367,-38512682.4130674
2017-05-09 17:00:00,2017-05-16,31954245.8188521,11847822.4802117,85918332.3174191,1106726.64458702,459747.596797766,2656966.30591873,174177.511209303,4743.48825772845,6210193.20511678,1368707.83224828,126927.785875583,15060253.0864049,36620214.2066578,18491825.7152986,72606065.7592292,829257.374107503,824400.932155748,833652.968969471,162469.935186302,1514173025.76376,1514217456.68734,1514204639.3185,7854611.12829222,11920378.9322453,-31432199.2853071
2017-05-16 19:00:00,2017-05-23,24813653.1513334,9231410.77238745,66749146.9036923,651492.533217807,280629.387290653,1510947.88201121,139741.036012072,4848.28627396722,4076442.88375901,852976.417859423,85773.7845237265,8639034.03732447,24779341.1293348,12500257.7807683,49151179.4724036,736405.491310083,732859.402859473,739664.760527612,21191.7306764742,1519344493.05337,1519353753.52388,1519410502.88962,3225293.07080554,7895170.23396532,-26840688.6186723
2017-05-23 16:00:00,2017-05-30,30693121.5477145,11433816.9034304,82547073.7589424,1040875.06166486,432777.921790286,2498685.39350719,167355.029013581,4637.49968963248,5922228.32221028,1294948.3343813,120228.733453874,14028984.128252,34878369.4220792,17637305.5873447,69211683.7424037,1075538.64333144,1069306.3812299,1081673.3587244,360259.421500061,1523533094.37263,1523618984.10974,1523696409.90111,998151.941276551,4867670.56745049,-36638213.1179338
2017-05-30 14:00:00,2017-06-06,36172996.6992359,13407561.2855322,97359156.2436751,1390442.84518789,569426.860552641,3381185.84399106,193883.628150533,4422.87192547837,7753038.79785907,1690155.90909902,150990.567830655,19248716.7843186,43735109.6405372,22051940.7346651,86794130.5819651,898074.883441022,892548.789657725,903361.618052591,261364.678343182,1522133897.64277,1522044644.91509,1522209188.97985,-4509616.52416829,-734488.059291473,-49660760.4089795
2017-06-06 21:00:00,2017-06-13,28973697.2366642,10769168.562451,78065329.6577359,932431.218625035,391550.403452471,2211734.47866407,159366.003585661,4669.46742013668,5448861.27384182,1172215.81863166,110823.189716677,12450216.1798031,32007372.3738209,16129066.2555544,63477093.7163865,940259.952909684,934413.769864177,945755.070678991,360259.421500061,1512699940.35464,1512689854.65428,1512923977.66042,2932724.06627396,6802246.15806831,-32427598.8227494
2017-06-13 17:00:00,2017-06-20,27574878.6448319,10244454.2053497,74132314.5926568,833450.366483282,352382.015512681,1968431.77366141,152407.297146678,4792.13345603842,4758294.32097098,1061472.31293117,102757.73163325,11230923.2376335,29575212.6306245,14907109.2284802,58663142.6142548,732791.206082749,728873.836702487,736586.147030986,1631763.26208851,1514283001.79319,1514375808.05601,1514299214.83761,-6100288.75819432,-1864085.29270749,-39641868.0204355
2017-06-20 12:00:00,2017-06-28,25370451.1581245,9414830.94761467,68323419.8836862,612701.508097432,265073.019057833,1420107.17434302,143949.227391439,5102.99728326231,4130919.29048744,815210.713282609,83414.193426441,8118214.18267899,24285126.647236,12256563.1149487,48201870.5886643,1281177.8204672,1272534.79468513,1288318.03980452,218981.216990233,1509128681.08177,1509055938.4613,1509135295.82776,-4885132.98425288,264889.922651487,-35891280.2049269
2017-06-28 01:00:00,2017-07-04,18262759.3772742,6772235.66415242,49107798.42894,353275.319652337,155526.882107297,804401.456690243,106709.299620304,3615.41702170264,3334851.32728375,492711.052432609,52307.8677897745,4785166.2411118,15663461.502823,7904224.98742434,31049369.1879875,967130.9947631,961458.818787825,972242.048412056,28255.6409019656,1505838537.4537,1505886111.37609,1505858490.21515,-5873545.75004528,-1386672.46245122,-29285820.7933482
2017-07-04 13:00:00,2017-07-11,16928306.3515885,6278303.0929443,45463902.0985046,271220.104892036,119899.032897941,613430.428695694,100109.107992435,2796.48313499435,3849843.97570659,391841.23556739,42027.8273713202,3756107.72032121,13208623.5831204,6660364.64591451,26190512.3346924,1261812.66277527,1254072.1618132,1268641.78718768,0,1502578109.89595,1502639152.44127,1502618075.41846,-5966390.35289486,-1305849.7245507,-29051192.284338
2017-07-11 13:00:00,2017-07-18,14511869.3107179,5377088.8731072,39067878.4267269,185165.14062072,82053.5527964735,420022.270877897,88531.010567766,1715.2894688487,5073067.21427372,279596.559831934,29514.6809303664,2702548.63080738,10095079.330077,5082603.41321258,20028913.0021117,1090302.33451271,1082897.2496022,1096457.76988904,7063.9102254914,1499832760.0972,1499812090.25828,1499840815.32253,-5653693.15003403,-1073740.45579375,-27749370.2981406
2017-07-18 19:00:00,2017-07-25,11525189.7498872,4277452.59146959,31091738.5315372,116803.72202123,51120.2470484807,268091.065485235,72218.5629935065,885.44702059084,6879527.95621041,185074.122958846,18932.6383092484,1864357.84723733,7147265.41721416,3605483.50454838,14186650.5031076,1229950.34916122,1220999.89804263,1237382.31256583,0,1498065911.21454,1498207929.64105,1498099010.51045,-5205230.10727541,-1201092.78257678,-26545993.4605969
2017-07-25 18:00:00,2017-08-01,9929376.36762428,3683466.40995045,26755120.7495794,86280.7800800968,37407.3884626954,200975.762424149,63187.243887063,523.567342522393,7677508.10710613,140448.342241739,13824.2908649035,1444929.55394861,5698022.47685803,2871182.92671357,11318087.3315203,1210022.37053326,1200601.26269597,1218687.61838011,0,1496382751.49875,1496341618.76525,1496419825.24913,-4473476.98249191,-852381.051361108,-24702098.9315578
2017-08-01 13:00:00,2017-08-08,9196716.99615836,3422778.21586694,24786114.4764706,68943.0096975183,29307.7722580719,163229.619572425,59673.2362645548,341.499750053124,8154168.82712872,115776.632286763,10973.7439612597,1262012.39381613,4905292.12786915,2474999.14196501,9727517.02652544,1020665.83530827,1013192.87019216,1028679.8605708,28255.6409019656,1495220522.4027,1495181279.05685,1495230881.66498,-4194904.39765177,-551412.159980968,-24102926.7645936
2017-08-08 16:00:00,2017-08-15,8178994.78893411,3039017.92887819,22061498.9412221,54563.6483331238,22961.0659508919,131014.364096742,53606.5979726576,223.566494701459,7967592.08163624,93724.0083046845,8571.80561141685,1054803.44753943,4109002.49455819,2072819.09413165,8141940.67340863,692071.393117271,687125.209745246,697547.506379499,138524.948162097,1494569025.55718,1494715936.36305,1494682934.36558,-4658832.45663106,-1478858.20926041,-23570564.8849184
2017-08-15 15:00:00,2017-08-22,7299945.54113214,2704381.95763391,19707562.1328148,42740.3894081652,17676.9350915324,104502.86893737,48483.6593513939,141.353777023257,7919881.94941087,75296.8546252525,6553.63438696269,890575.809259138,3437855.88935318,1730558.74738336,6816827.68382566,920977.239868417,914453.577142904,927537.435317514,695.2667544775,1493628533.20458,1493659317.081,1493653431.16754,-3667013.41516993,-640941.344277766,-21399927.6904837
2017-08-22 13:00:00,2017-08-30,7303176.72718139,2710636.94382604,19640290.7211039,39021.5669787225,15831.1529531502,96873.6449904406,49053.9629970388,108.343126376547,8540113.66834064,70177.3855484233,5864.17683992353,864275.358073151,3285001.30141377,1655661.21040276,6514391.51944722,1047603.15996861,1040078.37694051,1055615.25888031,56511.2818039312,1493069848.37146,1493138242.29855,1493096926.64638,-3444752.54630708,-338032.716916128,-21964736.6262845
2017-08-30,2017-09-05,6267407.77598134,2329607.86480492,16923981.908979,31880.7692294087,12863.8230926072,79681.9897599971,42406.6753110919,80.5029746809067,7633621.15605867,57787.7454976155,4700.36161539137,724792.55237939,2753421.89937438,1387541.56542234,5456142.06913129,700423.190414191,695582.22588946,706245.040595526,0,1492810432.28828,1492801563.56825,1492852106.24067,-3243990.49460094,-598906.199605874,-19458820.2960702
2017-09-05 16:00:00,2017-09-12,6332133.23305211,2351410.73644245,17085575.6845025,30468.2905294443,12211.2679334384,76946.4655380078,42970.5896728105,69.9227399159275,8063012.34608697,55878.3660606944,4470.172795453,716275.78376423,2700708.15786215,1362583.12335342,5348514.78723528,553323.785002131,549839.331290703,557687.099558732,0,1492512079.66991,1492542433.76963,1492517328.80224,-3614522.51845065,-733995.963436962,-20475860.8217476
2017-09-12 17:00:00,2017-09-19,5937481.77207841,2207976.165939,15978305.2249191,26745.1894394449,10533.6528757233,68217.9794734627,40720.6621118938,54.2467185954808,7967592.08163624,49639.5174777212,3831.32506503527,658347.455826517,2450078.68018336,1234534.87809749,4856462.98587471,609640.483673995,605997.262973971,613909.576738472,339067.690823587,1492104975.68791,1492102181.34098,1492239072.48407,-4008653.43551379,-1350291.51707048,-20224289.3256157
2017-09-19 16:00:00,2017-09-27,6182694.87914985,2292491.22110215,16651960.3161921,27481.3178945566,10825.3911718686,70504.2500587683,42449.8045890975,53.701433665185,8396983.27166454,51241.2628060731,3927.61510663275,691159.45148374,2534222.78317071,1280512.90371018,5025244.56846752,407763.512993603,406015.511777751,409968.078856365,642815.830519717,1491430257.92047,1491419049.88543,1491609711.90735,-3943855.33397508,-1390005.22833612,-20903796.4858051
2017-09-27,2017-10-03,5435332.30061841,2018455.87599115,14682161.6034824,22447.9101084812,8742.80712229288,58507.9526889625,37566.7348601933,37.9941638344718,7824461.68496014,42368.5953799787,3159.94219300525,589382.092280478,2148767.36974717,1080677.0456145,4270260.74523257,463753.603474841,461075.425746277,466950.177454545,275492.498794165,1491491099.38529,1491533463.87222,1491483292.02286,-3033425.36751907,-434323.294173635,-18656855.1976391
2017-10-03 20:00:00,2017-10-09,4693193.73278962,1744210.14509854,12656169.0621971,19907.9311025896,7783.27337505511,51490.0633963134,32361.9100954079,35.3874206894265,6631708.37932597,37454.6425196633,2805.79644473354,518133.765093567,1882012.32361646,949831.908177186,3736485.57635625,402517.154561726,400364.109364341,405053.525968979,155406.024960811,1491658361.08431,1491569403.5841,1491813105.37559,-3152187.27717993,-1178154.94325845,-16224631.3469686
2017-10-09 15:00:00,2017-10-17,6740960.713781,2503009.27428995,18118668.1444976,29054.7899573032,11397.6164640879,75146.1670525915,46475.6223096397,53.6541055716961,9398896.04839724,54219.0754223919,4104.88156865764,735750.462943833,2720780.64809378,1368831.81488549,5410298.72012128,423430.776258878,421705.799406164,425465.64130593,487409.805558907,1491159968.57042,1491216140.42978,1491194995.04209,-2467049.53910654,506406.91853457,-21174839.8966431
2017-10-17 20:00:00,2017-10-24,6125027.43423896,2275006.58517166,16492123.6128546,29732.8649570105,11906.9839523988,74950.0793821514,41436.167418986,71.0715299765021,7824461.68496014,54354.0867895393,4335.53159976848,696864.624852792,2618206.59238238,1320363.47610949,5196808.41433553,271699.723246735,270639.697566759,272988.255719405,1433973.77577475,1492906827.61399,1493021406.80016,1492916839.57832,-5080507.03681024,-2416232.73195243,-21589359.0257194
2017-10-24 16:00:00,2017-10-31,6874664.12090618,2561102.79428739,18539041.7537669,36685.131266055,14907.8760948054,91195.6912931139,46195.4488888266,103.260005908764,8015302.2138616,65827.6860298591,5480.44980725084,803515.655475949,3088387.60046661,1556555.39280559,6124901.74057933,373471.728339262,372057.602795992,375600.004381413,49447.3715784398,1492620938.59073,1492484624.88221,1492634897.62072,-4480308.59782342,-1504011.02215221,-21664361.2020753
2017-10-31 16:00:00,2017-11-07,6681471.79254486,2489433.56506682,17970091.4283119,33540.4242675838,13499.0563505717,84054.3218173466,45135.2470091516,83.412439449821,8206142.74276307,60936.6974105296,4954.01968869787,772201.701464779,2912282.82440193,1466951.85927962,5778411.92188514,163981.865239167,163498.859537724,164612.290725018,939500.059990356,1491751590.42277,1491818264.62115,1491833315.35474,-4489459.08559129,-1827909.70387854,-21910137.2994373
2017-11-07 20:00:00,2017-11-15,6340153.08445976,2350800.98670048,17045982.0924155,29645.2787524992,11773.328974495,75107.4864725292,43190.2911777089,63.6290805091455,8253852.87498844,54616.2219158491,4318.11000211086,708981.423858199,2668139.35566085,1343546.92183216,5297122.10472567,167193.456206161,166588.965941182,167786.643876221,303748.13969613,1491946450.86876,1491937093.36345,1491822425.04558,-1771520.63898515,1274317.67306977,-18750243.4243488
2017-11-15 01:00:00,2017-11-23,7019597.54295516,2605717.67753173,18890083.8420203,33040.8549314823,13141.6215413964,83974.4033939339,47714.1426323598,72.1050118447681,9112635.25504504,60891.6232844186,4830.70134911769,792033.32318649,2961355.07368519,1493081.91279651,5877168.70609742,168350.57099662,167817.291599922,168820.44883603,1328015.12239238,1494110950.43391,1494109613.20793,1494257311.02533,4868904.95484622,7850875.69087989,-13899184.0544048
2017-11-23,2017-11-28,17069829.5720393,6324066.04159739,46074535.6257892,380554.06515874,164756.631796487,880275.221322479,98067.8244791,3079.72078818022,3562456.71986724,512030.049419722,52282.8242057645,5114285.94849448,15548744.3480345,7842175.1521409,30849846.7732779,89023.5753940743,88881.9291745805,89191.5919227755,1003075.25201978,1504339409.03027,1504371181.94463,1504399064.73964,-9138240.86029809,-5352991.57164207,-31370211.1938525
2017-11-28 19:00:00,2017-12-06,14631668.7267536,5443195.80347822,39354809.7869463,192450.129386676,85237.5412449418,436726.652726071,88807.7715070001,1799.43518551281,5166355.29098828,288736.849430972,30747.639942366,2774654.47756193,10323380.7122086,5206644.87576602,20472885.8048502,144455.705327684,144178.257763792,144740.669425377,348467.697344123,1498626957.00966,1498696561.15307,1498662276.55709,-7988501.38968618,-3507593.10163534,-30425308.1060911
2017-12-06,2017-12-12,9901928.27452536,3666110.87186176,26702354.9319417,88983.2234425822,38645.1674790122,206305.249532904,62646.1305500927,579.24220316354,7200222.2744297,144229.50080174,14387.2311901173,1479350.9377626,5775649.61928054,2907835.47045524,11451921.9220126,121575.613509961,121243.789135752,122026.88281015,500.5920632238,1495720750.37686,1495734640.47827,1495713308.43912,-4789706.92105233,-1079874.13681629,-24430006.0885274
2017-12-12 15:00:00,2017-12-19,9038408.78520736,3358429.56216357,24354221.1132597,66958.9473282784,28512.9312620638,158243.152239794,58380.1453556338,321.783801087294,8063012.34608697,112848.685085471,10708.1339328911,1222756.90119185,4792011.51494285,2418368.68421828,9503152.36627742,114731.849423456,114402.573767074,115152.409394761,939500.059990356,1495232105.9444,1495319419.57065,1495324578.14751,-7129601.78046092,-3675688.12444477,-26989361.6533465
2017-12-19 16:00:00,2017-12-26,7981326.76946499,2967537.66133515,21506895.4685701,51072.6245364643,21380.6638326148,123352.580002323,52610.7561306846,198.552892018683,8110722.47831234,88401.7060045024,7950.23417798648,1007354.45402922,3924934.60031692,1978500.33227896,7784388.91135198,106211.514293266,105762.598721967,106680.57206525,1695338.45411794,1493411857.42254,1493449486.7144,1493453591.23623,-6085302.94826438,-2835673.36124471,-24776981.0779048
2017-12-26 18:00:00,2018-01-02,7052919.32401821,2614472.35468906,19041768.1188886,40175.8627133416,16537.1113064356,98422.0937092712,47049.9594069165,125.969213250541,7824461.68496014,71378.1822065148,6134.57870610543,851894.933158587,3276155.72036465,1649879.52141778,6490613.08564333,126769.127063383,126198.223901875,127267.511453353,2281643.00283372,1493164158.66992,1493225099.58811,1493226060.51034,-5634868.89618072,-2640060.29851899,-23191113.9961835
2018-01-02 14:00:00,2018-01-09,7363458.76452082,2734913.63880307,19839224.4541767,41406.9917867431,16967.1638673623,102057.550684403,49260.8998756989,125.786771965927,8253852.87498844,73768.4178283682,6289.37985921993,891956.030161866,3400183.12906358,1717286.08174312,6738369.91750397,118981.585392075,118622.102660116,119402.874234091,565112.818039312,1493619531.25749,1493514294.82838,1493728835.48325,-5101250.56908527,-2087897.80250764,-23113548.1897128
2018-01-09 19:00:00,2018-01-16,7176255.12901399,2653768.22288576,19352587.9147157,39853.500204554,16309.7223969398,98357.3731084142,47992.5280473951,119.972873972302,8110722.47831234,70889.3483351666,6040.37132058229,860125.692719616,3289099.78411197,1654717.78992353,6517560.18748777,111224.779255312,110758.56878543,111616.876354477,1193800.82810805,1493092123.866,1493195177.57498,1493128438.28368,-4892224.1852417,-1869942.85265638,-22748497.253902
2018-01-16 21:00:00,2018-01-23,6947516.02947841,2582224.12123927,18737884.437695,38518.6753845575,15798.5838620499,95169.0083683481,46451.8741388092,113.731135728994,7872171.8171855,68484.9994077873,5801.00685611561,828218.947680283,3181664.16582298,1605192.61573424,6313672.15051831,150166.306389807,149821.240765828,150548.861873689,172148.048408629,1493328366.4511,1493433097.5442,1493363058.1899,-3620862.12992551,-730096.860521628,-21037542.5579856
2018-01-23 18:00:00,2018-01-30,6949775.18928434,2574899.44405477,18784785.5305743,37069.1261307062,15105.1501429311,91999.9393629569,46721.8465907477,103.422957321392,8110722.47831234,66537.0529332507,5576.33776293902,816677.280301338,3122756.13669818,1575014.28074808,6200598.88993091,155188.863726856,154780.159368732,155540.794357807,1709466.27456892,1493648793.47578,1493636926.23316,1493654032.96438,-5568819.93671286,-2479389.60528007,-23194881.6880211
2018-01-30 20:00:00,2018-02-07,7388814.99222624,2749580.1955872,19893094.3248249,41649.5197825825,17108.53751047,102394.846117624,49453.4289060008,126.42394054515,8253852.87498844,73958.8157310025,6387.13666687518,890474.618884249,3414651.12837599,1721022.09225134,6781007.45391487,203431.637677038,202303.298577515,204158.002613187,1271503.84058845,1493611598.02815,1493599556.36397,1493749999.54847,-2623838.15273137,443343.289235384,-20858960.0059257
2018-02-07 01:00:00,2018-02-14,9365745.29238906,3484623.66823451,25214254.4278171,73807.4529790794,31691.7472382061,173925.637071983,60471.1935804122,401.069342133612,8047601.64850524,122733.087565286,11846.0265084559,1301874.55470665,5108472.60203175,2576584.41688236,10145730.4833497,277279.16787183,275473.964355031,278793.527871873,1031330.89292174,1496195057.7066,1496166751.40692,1496314723.58117,-6614623.57599202,-3110255.45769764,-26643789.621141
2018-02-14 02:00:00,2018-02-21,8720336.60614757,3238792.19359146,23515429.3512168,62533.5752677808,26504.7428223059,148591.625215735,56546.5970902698,292.675205702181,8015302.2138616,106090.879552435,9950.10354916329,1180128.15391261,4545577.69472911,2290001.70609805,9001924.80920342,281860.532600761,280425.611952546,283012.551286857,2161556.52900037,1494848770.28014,1494867424.93558,1494912303.14648,-7693952.9782985,-4173855.31959846,-27236699.9562069
2018-02-21 02:00:00,2018-03-02,9808280.15822919,3641784.04694384,26439842.8016462,59318.8233378412,24613.1225173672,144559.539181081,65011.660296489,206.726383068957,10353098.6929046,103896.206572146,9144.08601214346,1204650.15862741,4692229.87711285,2365376.43348652,9298365.64487112,449310.592796707,447445.700028004,450853.480637424,685199.291872666,1493434443.26157,1493366795.49209,1493605116.753,-6048441.96513874,-2124296.12094461,-29509689.9195435
2018-03-02 03:00:00,2018-03-07,4863566.64300856,1807595.77530947,13099087.7466308,26236.7403297354,10679.3692692722,65287.1767560851,32646.8419566607,73.9875381265385,5629795.60259327,47038.1050531693,3912.72167823471,571590.540799967,2195579.52627904,1107567.11811414,4357406.3624885,227932.870619211,226799.455384409,229123.303551769,303748.13969613,1492966166.96683,1492935236.93127,1493028945.77227,-3034267.10420599,-996237.459082606,-15259632.588876
2018-03-07 01:00:00,2018-03-13,6409040.56106771,2381214.72105258,17257769.6475929,33178.6426391535,13458.0936481078,83037.7818056904,43198.3986430451,87.028111997252,7681331.28828404,59911.2442999064,4960.63697936542,744427.287971087,2835207.88079788,1431519.7677032,5618981.16696647,383766.457098296,382061.376306704,385376.277967539,374387.241951044,1492781623.93577,1492758583.88283,1492824351.73318,-3116004.68508474,-334635.85133329,-19462685.3587706
2018-03-13 18:00:00,2018-03-21,7045383.75877861,2616865.85816715,19030471.2594132,37253.1341977106,15079.4894906222,92533.4613632669,47390.1636992706,99.190044505135,8301563.0072138,66939.3797358295,5622.48367996022,821061.322361421,3155052.1659815,1588819.81792052,6253584.93461982,571639.191321467,569196.382687691,573574.124383953,317875.960147113,1493366361.00139,1493432494.32673,1493450242.45958,-3032358.33969564,-5028.30888120423,-21015261.6304851
2018-03-21,2018-03-27,7047326.85005059,2604462.68310299,19008357.3880234,41324.0002421897,17052.1149730472,101484.578598189,46856.948655588,133.819725080033,7633621.15605867,72725.3313463587,6391.38738760762,857292.148490876,3319486.39556491,1676138.47143973,6581657.46281122,374816.907769562,373005.270919156,376040.088317517,416770.703303993,1494122153.70095,1494153578.64774,1494242740.93162,-3699675.34734427,-864319.960503813,-20894041.4361063
2018-03-27 16:00:00,2018-04-03,8007280.78666668,2975337.68306478,21555454.1161949,51197.9388616502,21379.0395723041,123209.644239858,52787.207118468,200.402126670158,8063012.34608697,88813.922803632,8019.1970110203,1013366.69591367,3944103.59124225,1986639.07544655,7823461.8984088,523592.681873961,520770.075741613,525417.324206489,713454.932774631,1494353178.88387,1494319365.63498,1494374087.93725,-3726792.92313864,-423661.817421075,-22428260.4775248
2018-04-03 17:00:00,2018-04-10,7825812.26093796,2905841.16100841,21065049.0143248,48780.6837681168,20259.7512916389,118231.009325077,51704.2075190063,175.715314707937,8063012.34608697,84852.7915533781,7558.77258148912,978415.938314059,3801434.21094042,1919011.26580589,7537545.08598469,420894.344910244,418831.184489519,422353.367380128,529793.266911855,1495072224.47584,1495010723.67005,1495161408.22319,450328.96703015,3642556.07134716,-17913627.939378
2018-04-10 18:00:00,2018-04-17,10333728.1137968,3834719.23498453,27807709.288157,93522.2367037342,40559.4698119014,216866.733708126,65214.7269263443,608.44054809678,7440292.5779382,151247.008561938,15095.1421103273,1557991.95985088,6040712.53306336,3042151.13137332,11985696.4202147,435037.618436767,433733.783910035,435566.641017087,960691.79066683,1499841168.09771,1499891698.85227,1499929750.51135,-923584.47240538,2748786.4952718,-21511782.7237292
2018-04-17 16:00:00,2018-04-24,14503115.8794891,5375217.94650075,39138012.7841606,192420.285058982,85052.7380586074,438696.12215353,88138.3721686719,1836.48456937028,4978864.16216281,288312.822015342,30427.5250555792,2806379.36144535,10275470.1285482,5181906.5332816,20369386.2670596,717391.224343445,714814.267824812,718994.250468859,94027.8758755371,1504046237.35046,1503942205.41763,1504054326.16946,9661796.33534386,14239194.9137565,-12443047.8930995
2018-04-24 18:00:00,2018-05-01,24765942.2497794,9196437.41531378,66734009.106982,673376.235030631,286703.29562169,1580228.04967611,138905.411395054,4275.80745088635,4572577.07225371,869433.629467007,85235.2895204521,9024120.40068684,24971824.4356024,12605287.3883376,49610204.4837495,933836.440203293,930519.384906274,936539.601281114,105958.653382371,1517881187.56752,1517866757.3128,1517983362.85217,16306720.9982613,20829606.7134246,-14420802.7665403
2018-05-01 18:00:00,2018-05-08,32536801.9495517,12072645.5734318,87456723.8104076,1185063.8930527,487938.01113912,2870618.0423575,176189.688322965,4330.59154947207,6354400.97014402,1450799.32295508,131046.98805738,16363188.5701794,38190287.5445282,19304459.018823,75737825.5470447,785927.322954771,783632.836925037,787998.263823752,69999.4568407947,1534835863.86903,1534916103.74421,1534955773.25364,33610.7035397706,3800636.42369953,-40206400.9643509
2018-05-08 18:00:00,2018-05-16,40163566.331258,14905513.2841339,108182734.54477,1771954.60299842,709392.601947377,4408975.63166975,212870.964666566,3751.54561579038,8232814.07776592,2094897.2920459,175718.603211272,25112626.0106714,52047372.9213914,26236666.9240455,103174006.310807,922816.617734967,917691.622185685,927900.837901311,423834.613529484,1531312114.01581,1531298809.81892,1531434278.44261,4827002.83970786,7405288.25131331,-45720802.0679686
2018-05-16,2018-05-22,36061152.5270617,13392503.7759393,97014125.876465,1539869.81987815,620164.139705218,3813163.07938906,192184.844543047,3621.38938680456,7492960.65079462,1828777.50319684,155890.505097243,21619934.9223787,45956972.0295655,23160630.4062022,91181542.2190949,682399.878193764,678228.002904194,685961.20292834,91830.8329313882,1527836051.12089,1527837085.48065,1527903418.79613,10626708.1779582,13294626.4412964,-34518373.7943354
2018-05-22 17:00:00,2018-05-29,38381216.622438,14255297.0186919,103012060.023741,1701102.2580579,678443.060317099,4231755.42118507,203346.155660284,3479.71365600087,7855460.24295059,2007647.72810426,169575.96531919,23965793.7248201,49877136.4031135,25166278.8831812,98776615.0675137,1003532.33928974,997916.458658531,1008549.42503296,494473.715784398,1531537202.9187,1531483223.62625,1531623197.47138,-3361515.11257154,-873773.239998784,-51148857.9436949
2018-05-29 14:00:00,2018-06-05,33128940.598285,12302656.8214079,89357553.3704104,1196947.1124053,493453.483852366,2890521.33679472,179962.161976985,4656.82144914722,6580261.72288009,1470674.23195004,133184.663151937,16410169.1297614,38784110.3554882,19547567.403782,76947253.639556,946892.655239984,941452.82425147,952034.078491254,452090.25443145,1520082805.54377,1520108744.31849,1520186498.36331,-4535333.20475065,-695682.804489299,-45569672.378281
2018-06-05 16:00:00,2018-06-13,30259856.4634254,11256145.4638214,81427971.7856345,911355.599106257,386285.14801291,2157116.58999431,166895.530832732,5244.38518012185,5289288.93724762,1162733.38973326,113194.890840702,12239821.5696767,32380369.290604,16293291.7100631,64189957.7398812,1050217.4529299,1043869.26988685,1055742.33776012,558048.907813821,1512245083.68734,1512330380.03644,1512387837.37508,-438865.194037572,4015739.81764083,-37344831.9346056
2018-06-13 03:00:00,2018-06-26,47845848.7669462,17775109.1901595,128653416.583497,1220883.31071382,526053.917794862,2828418.90592756,268619.335922162,9367.92205345786,7683523.41994627,1604890.34982302,162077.595938462,16183988.1369732,47157420.4304013,23776179.9298888,93460977.9820103,1466459.00035782,1459380.02355804,1473158.60856484,367323.331725553,1511434521.64068,1511412095.81456,1511385335.00844,-8646708.46903174,563158.755564962,-66742780.9141339
2018-06-26 16:00:00,2018-07-04,21635152.9190129,8045283.40252093,58127097.5374884,438913.233559763,193120.146489632,1001903.79508199,125100.562077173,4280.53016095121,3801606.60042516,605804.900784303,63758.4440750438,5935701.84372782,19004755.2481668,9579249.89968344,37663320.5069418,935042.489310818,930437.106727977,939215.009119864,162469.935186302,1505471498.83602,1505451848.68792,1505552865.76823,-4727749.13992288,403501.935788546,-32090498.901958
2018-07-04 02:00:00,2018-07-10,16210612.8617011,6028195.3052252,43600990.5478593,263687.652235858,116559.85088901,597890.292464657,95764.9954315963,2752.0843871169,3535450.73152016,379981.189971633,40361.9316239641,3621884.27690913,12742616.6860411,6430889.22739774,25269767.7604275,949972.971831445,943733.076486092,955397.166217566,0,1503771393.50924,1503787593.98181,1503915593.15604,-5754073.04073757,-1381379.06890145,-27635322.2701283
2018-07-10 17:00:00,2018-07-17,15538550.2303365,5790889.26201613,41828855.7718657,218036.970935288,96577.305558455,495455.525551357,93468.9460163678,2194.67100640466,4460669.08685148,322867.242688939,34361.7178953534,3113479.23140199,11332020.8889872,5716161.60757536,22456139.5869199,1174000.31868416,1166017.6342854,1180439.67414755,0,1501274777.50997,1501283322.63379,1501347460.95538,-5970262.00955567,-1409785.66646552,-28496668.965353
2018-07-17 21:00:00,2018-07-24,12549795.4783024,4650784.88339456,33879096.180345,143528.87216402,63239.7249480119,327286.523690273,77464.2072495089,1229.94426086535,5665578.27357553,221559.330895849,23002.0305814662,2176950.72563209,8262566.30670395,4172820.8176958,16391937.1029411,1243938.97095782,1236448.1238557,1251267.48099173,0,1498971417.68272,1499048534.02304,1498979519.00353,-4760504.86296989,-519129.813023462,-25768065.3802501
2018-07-24 18:00:00,2018-08-01,12469637.6689524,4625055.81004179,33585695.7754359,119368.645122937,51985.2819990634,274603.679284042,78208.1662700104,827.042837376238,8273644.45385823,190777.743500133,19199.4625123492,1927967.89701435,7510717.61273634,3788520.77146653,14900610.8092436,1207578.33377785,1199514.9826215,1215344.7527052,275492.498794165,1497696755.4307,1497686175.7621,1497789376.83214,-5658800.07055544,-1244247.51384678,-29384854.7024279
2018-08-01 15:00:00,2018-08-07,8564457.09667182,3170547.94688841,23054751.0118091,70874.1899066196,30425.2804678875,165320.499199613,54757.3523855582,410.703295561784,6931299.32686675,116695.994620007,11390.9502526037,1227159.44159144,4800627.41073962,2426606.13026481,9527575.13553549,840852.015760789,835044.954377553,846446.426376199,0,1496453144.13627,1496522769.80211,1496529653.66039,-4098578.9749936,-933169.806841927,-21964774.0122651
2018-08-07 17:00:00,2018-08-14,8981503.30252155,3343159.05246383,24199488.7510036,65637.1848821048,27846.0328067248,155798.056532764,58429.1310411398,311.891129754326,8110722.47831234,110621.900954871,10435.6449687783,1206803.38967237,4730327.8563471,2387475.99470751,9368619.89653685,967443.462136686,961052.332316415,974082.769930724,0,1495519870.36836,1495562504.5074,1495547607.64981,-4446310.54429585,-943614.428035281,-24374031.7045734
2018-08-14 19:00:00,2018-08-21,7860250.17722824,2911905.31514797,21163202.6161602,50869.9960097685,21317.4264855026,122534.912207533,51745.3877287671,199.143331287194,7824461.68496014,88024.8551602669,8019.04939151455,1002662.06480845,3888904.96369704,1963386.02098763,7715987.96811152,806650.69789163,801080.11450715,812635.259234795,42383.4613529484,1494591980.02498,1494518582.81188,1494637217.51612,-3957508.16179129,-654149.645284287,-22166255.7279029
2018-08-21 15:00:00,2018-08-28,7409586.39588684,2749253.27826961,19991668.2040191,43178.0904538086,17829.2736949101,105691.946306235,49419.6682276795,142.137593423725,8063012.34608697,76273.0288177524,6679.03205316427,903478.0235198,3478406.70239589,1756690.98143922,6901540.01943118,663815.872469655,659202.636363416,668602.945791198,289620.319245147,1494032190.07908,1493978948.59612,1494202426.13105,-4922233.8271459,-1999545.38309372,-22942861.1794449
2018-08-28 16:00:00,2018-09-04,6820978.20582808,2532066.73075535,18353908.8605537,35923.2525573238,14605.745986647,89188.9161710947,46005.7617414177,97.9852141600322,8063012.34608697,64593.8555299334,5356.44011125314,801477.65112408,3046882.36230448,1535570.46803338,6039584.63628037,721602.174111546,717155.04562047,726240.778642156,0,1492835811.1797,1492819415.29063,1492850511.17101,-3523183.33249057,-558778.682733666,-20815241.0456833
2018-09-04 17:00:00,2018-09-11,6425227.09488223,2389511.36064907,17308768.6352237,30312.8915905027,12083.0872607766,77043.8354079823,43840.2625884431,66.7869682365578,8301563.0072138,55741.2579984442,4406.44560936725,724625.024882274,2714736.05052733,1368695.74680729,5388800.78441096,800184.093378043,794612.156278723,806193.261892691,0,1492511644.38645,1492545936.60396,1492591133.87669,-3665270.60383423,-842171.683331242,-20758716.0399641
2018-09-11 23:00:00,2018-09-18,5754573.1186206,2136896.57855674,15522931.646313,25585.95213831,10105.945599591,65823.8348834449,39418.7843623641,50.336567166921,7824461.68496014,47733.6663653114,3684.15355949391,642226.483849903,2359739.71983822,1191755.02801179,4684368.51518786,509117.770798078,506577.205260841,512159.141648428,127901.272153681,1491886575.14577,1492004227.02042,1491991721.97076,-3221630.76689404,-733016.804814131,-19185498.0111038
2018-09-18 19:00:00,2018-09-25,5556054.29986668,2065440.80334456,14976883.1636353,23067.9015869893,9008.12407785078,59965.4677683271,38412.066107061,40.3901113004501,7967592.08163624,43539.0320931081,3241.86200241192,605844.263762155,2201466.85089971,1111862.4916095,4366582.86343,538307.664770403,535459.735948044,541765.177602307,134214.294284337,1491791299.68188,1491805546.27464,1491839011.21911,-2929687.12293818,-432478.994552969,-18851305.7924241
2018-09-25 18:00:00,2018-10-02,5349557.53569186,1987426.29933005,14408107.7601014,21298.5853728764,8237.98873727393,55907.1964825014,37170.8911436796,33.3047956345813,7967592.08163624,40568.416237373,2950.41324369053,574754.795421264,2076482.81657802,1047885.30090903,4118436.54181811,471993.267038687,469773.889949873,474958.313287609,621624.099843243,1491917125.63721,1491790391.71227,1491971155.47082,-3104695.99795221,-806962.109710887,-18382929.987259
2018-10-02 17:00:00,2018-10-09,6724519.32525748,2497462.14103784,18073240.3380262,34588.3703858184,14039.4021800396,86353.0591409543,45278.3132645835,91.0694269662904,8110722.47831234,62579.1816220107,5170.94936337585,783793.804862834,2962736.96205231,1494716.89017959,5873641.58357262,349624.301475041,348136.110192584,351286.62267183,353195.51127457,1492334173.08393,1492442052.80339,1492266806.2762,-4570832.0836371,-1563675.7032307,-21946033.5088424
2018-10-09 19:00:00,2018-10-16,5729453.3745517,2131002.92726129,15447365.0337271,25292.9483152047,9977.78880831147,64910.1422814219,39451.7901209422,49.0891123267497,7824461.68496014,47143.64319428,3631.9088675264,636409.270802329,2340103.36798488,1178256.47553038,4646139.2089193,421461.355194388,420053.361155929,423461.710679847,0,1491671140.43857,1491678396.27992,1491730236.64588,-3433602.3153329,-862305.295983013,-19284039.4921818
2018-10-16 15:00:00,2018-10-24,5732060.56473777,2126793.51157994,15444572.6237048,23078.4327367263,8931.26838652463,60275.8969878676,39772.7988958193,36.8256655797575,8444693.4038899,43827.9950685704,3227.07469238403,613053.613266775,2234925.16273809,1126814.92438634,4435714.31386398,582242.255074608,578912.356294266,586797.730978136,0,1491317315.15624,1491297901.99991,1491414283.22726,-309621.627566291,2302001.60213598,-16780227.1231173
2018-10-24,2018-10-30,5663504.41584214,2105782.7619167,15260513.3273182,26491.9919203352,10592.3167733951,67289.9056356487,38561.3370120456,59.8454827848883,7538200.89160794,48695.224688112,3809.87043868751,641524.926781854,2374425.14418212,1198435.78835376,4702185.25804955,229382.994401328,228547.793213536,230463.394440803,0,1494029265.9023,1494057758.3698,1494149546.22904,1279907.27741102,3691429.37694587,-14081300.3727533
2018-10-30 14:00:00,2018-11-07,10660700.6438293,3961581.28573354,28724410.7344434,93809.443307355,40315.4240434784,218495.877828916,68050.1355349308,646.19600817816,7939235.89370586,151856.127273694,15172.0112934385,1584996.33170895,6115963.0537279,3084569.23141453,12119518.8556827,151431.046912454,151180.93322188,151759.466894105,1517600.46100331,1498482618.01059,1498551338.3959,1498534236.81903,-8984144.95781844,-5041219.69747555,-30627305.4818037
2018-11-07 03:00:00,2018-11-13,9408978.00152095,3488746.55946862,25319065.2272796,82421.6063841471,35725.7839528898,191586.746221418,59810.8662683972,505.97016674829,7191857.21336725,134473.195645404,13404.6638723628,1396547.86339921,5424816.0510364,2736705.39674286,10762644.6791581,160834.493595828,160208.921255853,161576.252258063,300383.048604459,1495723095.76308,1495637493.89021,1495792582.335,-6129398.72232098,-2711548.60789647,-25132878.5100857
2018-11-13 13:00:00,2018-11-20,8457393.81750538,3137110.25979417,22836403.4154275,58474.9472358969,24682.1442583209,139650.33748892,55295.8905680178,252.249676888698,8015302.2138616,99726.72436224,9184.04498228765,1111016.43359545,4327647.13732712,2181340.40436559,8590193.72953146,208859.008173509,207917.335040005,210077.044920899,141278.204509828,1493994113.21455,1493979834.54758,1494022885.43517,-4765923.25713071,-1364284.14323584,-23940795.2123708
2018-11-20 13:00:00,2018-11-27,7479037.45050088,2772086.09790515,20135040.2339474,44003.5538819573,18135.5777715762,107286.752278415,49769.3677064228,146.481220699062,8063012.34608697,77517.9645083299,6746.37023060293,914689.228085502,3533064.77983942,1777820.63007288,7009647.66431944,182375.207675265,181706.745412928,183291.033020743,77703.0124804054,1493503853.3961,1493482419.16564,1493581850.45575,-4521707.93191325,-1489899.6650527,-22593054.7575585
2018-11-27 14:00:00,2018-12-04,6974285.02340978,2591290.08039541,18796775.1643833,38325.1173081805,15602.4345750631,94682.3869599168,46647.9333508015,110.790343600246,7967592.08163624,68460.1696344153,5827.04654370333,835438.505627114,3180514.87720233,1604889.56063505,6300182.24355599,95131.1871398492,94892.2865718908,95390.1608153547,226045.127215725,1492994736.82575,1492994157.28362,1493007240.95482,-4876213.00502681,-1897497.00670659,-22445209.1810611
2018-12-04 13:00:00,2018-12-11,6001363.05123493,2225467.43246878,16177664.4298241,27327.3526655706,10828.113644498,69882.1124110484,41099.1191878021,57.6077737812573,8063012.34608697,50640.6350211974,3924.47858932402,672092.924634979,2488929.07697734,1255122.42580841,4934046.33701752,130387.095444499,129831.691053236,130984.226463436,63575.1920294226,1492196641.1273,1492073908.96401,1492248837.57998,-3687840.34214723,-1097554.15991396,-20022896.7363156
2018-12-11 14:00:00,2018-12-18,6097715.15823098,2261862.17242643,16440094.286256,28456.8240158936,11314.8502529473,72259.9727429063,41471.5127468751,61.569136009772,7967592.08163624,52626.1208933118,4204.18914087466,690167.845039063,2560373.6403613,1290901.09947482,5090906.43856486,95075.7847336671,94789.139021841,95384.2011896421,418439.343514739,1492073489.96287,1492032208.6692,1492070182.12771,-5235964.90184672,-2499548.13570445,-21647526.0537344
2018-12-18 13:00:00,2019-01-29,34047958.1312132,12648432.2698542,91793068.4593314,145276.871928443,56976.6431129211,375615.067856305,234639.58819238,269.727506474836,48139523.415395,272462.363873161,20549.366996705,3724641.06728894,13669393.6405219,6886690.40525449,27118390.5305538,788133.42350656,785286.400287956,790792.825041647,3454252.10026529,1490820784.59533,1490786945.5049,1490880825.87798,-24417158.1790338,-9281344.83695315,-120342014.749071
2019-01-29 14:00:00,2019-02-05,5097730.44808192,1899300.60328544,13743687.6516169,19172.4389778866,7342.85740199024,50653.1588687291,35603.6561839925,28.2913878980852,8015302.2138616,36788.957132808,2586.4766765465,542328.131032002,1917922.55434806,967097.382952202,3801739.48339368,231091.682639675,229815.77664397,232026.514066031,437962.433980467,1490100688.40774,1490022847.51037,1490107984.34322,-2583108.55030942,-171881.621936099,-17797276.6845599
2019-02-05 14:00:00,2019-02-12,4820776.00120078,1784537.87370281,13003615.8731262,16767.8185982643,6333.80043888992,45380.7126115016,34023.8120287347,20.3916200448834,8015302.2138616,32749.3510033602,2203.6811100119,496044.803358112,1746059.38908692,880477.515874282,3467514.54702616,277095.556376435,275880.782917318,278372.828417563,727582.753225614,1490995823.5548,1490981738.41771,1491086410.22442,-3784120.17171337,-1549771.92177572,-18811317.9285693
2019-02-12 14:00:00,2019-02-19,5512596.63800947,2049106.24928081,14865831.5017441,22105.9290266129,8563.49427542233,57882.9348034229,38304.4614710806,35.9105354045856,8158432.6105377,42105.5810798301,3075.81897760882,599810.152813799,2146274.59711803,1080916.63718139,4256890.98377033,292234.773750214,290590.940672714,293551.966273269,826477.496382494,1490820448.17368,1490712459.46988,1490900958.50395,-3786505.45554139,-1357081.97921766,-19564135.518008
2019-02-19 17:00:00,2019-02-26,5051775.35033262,1872484.1951607,13607427.3319248,18627.8890373037,7076.66688066456,49623.7729961243,35279.3625566128,24.9981796820869,8015302.2138616,35996.1465798405,2520.5491027556,530312.517768771,1885226.84642854,952237.152568314,3736894.86776427,379896.128877814,378098.046502043,381734.260003171,374387.241951044,1491037023.45324,1491106315.69811,1491059627.91633,-3834476.86365108,-1527608.23520448,-19271174.4125149
2019-02-26 17:00:00,2019-03-05,5140318.74010917,1902352.4706198,13859812.9749317,18693.7948337048,7097.44363893736,49947.9914860372,36062.4707500266,24.6428250068236,8253852.87498844,36215.5841796918,2499.46276262236,542332.873683642,1905594.79158531,960028.69221995,3777471.80276713,385685.535204608,383412.137314664,388020.114230212,111687.651439266,1490453489.60474,1490293565.23633,1490458178.13333,-3359539.92182184,-946799.026951232,-18816032.7443418
2019-03-05 22:00:00,2019-03-12,4709682.58971893,1749605.99993002,12696608.6383394,16249.3440554575,6102.05942206628,43981.6649994642,33333.0649803258,19.6750483712294,7872171.8171855,31832.4326158449,2159.52108301569,492945.014779371,1703174.06627805,857542.336922796,3386488.65863208,489259.846005536,486407.960521633,492032.169575579,8259.7690431927,1490145647.59744,1490129674.94152,1490191599.94813,-2536697.10616029,-281959.896282176,-17163011.2148092
2019-03-12 19:00:00,2019-03-19,4787967.95571552,1780988.39519147,12893316.5313496,16242.5130266062,6082.99712533255,44010.478954589,33913.8671635707,18.6258498345726,8110722.47831234,31902.5693132363,2118.67430383433,490336.353264639,1713289.40520068,862767.342339423,3400884.04498155,481096.054982459,479046.336890539,482790.332901064,390795.537356713,1490215873.77941,1490202109.80285,1490331836.77893,1702304.47902754,3909615.35815283,-13098697.8618554
2019-03-19 21:00:00,2019-03-26,6489832.05977967,2416321.7176954,17476607.1666552,35722.3446156561,14642.6250997763,87988.2781257504,43455.1878675116,117.33025625481,7729041.4205094,63314.3252660173,5377.44095231592,768099.010980826,2941902.69332536,1482922.81944095,5838751.89481235,713361.302698392,711282.403149023,714883.936914974,68219.5739493323,1494984615.24083,1495148918.94235,1495079642.68768,-2096582.51731431,593166.483406938,-18784832.5124632
2019-03-26 15:00:00,2019-04-02,8987161.59043386,3336264.85692254,24238168.9043617,68058.4800852099,29020.454889576,160990.142383137,58187.0196303526,342.925936098901,7872171.8171855,114199.26743753,11015.2866943953,1231648.70900457,4810410.16872303,2425673.62167908,9541464.21939692,615477.058666649,613000.317620192,617329.867076938,73920.7613360478,1495933312.21897,1495940406.04838,1495983282.63645,327791.260876709,3824187.66891054,-19153155.710317
2019-04-02 12:00:00,2019-04-09,11521049.4288411,4281000.93515265,31042356.9093692,115136.93049145,50182.7344807386,264566.742680816,72304.1253902031,854.856097380885,7195217.00116627,182341.474492453,18587.6593868653,1844351.34779869,7074441.83919178,3568791.29023311,14040237.4160313,508603.266937572,507259.164769192,509565.510576065,840076.914100074,1500136743.37138,1500205356.58586,1500219360.65184,-5381381.85929604,-1376237.97789533,-26903476.8410576
2019-04-09 16:00:00,2019-04-16,13390579.1904156,4992755.73429848,35951360.1422417,166381.987258879,73541.7770620125,378085.292025884,82038.1137239095,1536.97633973275,4955616.66699185,253161.287462773,26814.3838806551,2451189.22713488,9200621.02578351,4636862.85329556,18254145.0203348,431911.809447925,430891.331826586,432637.741908124,597845.976840113,1499903225.27927,1499938645.73331,1499957775.31816,6175036.29521028,10490878.5077112,-14606260.7239915
2019-04-16 12:00:00,2019-04-24,19227808.443217,7138900.62170868,51856417.3327852,364735.960805675,158820.95965037,838750.029820426,112965.063223322,3197.59369977192,4885821.31703574,507382.248445669,52573.9793620168,5018354.81101363,16138876.9206989,8154248.00892677,32006124.9083784,666670.567670584,663504.227875428,669434.831493607,366294.336928926,1510935735.29495,1510979699.55231,1511073394.48917,-7647775.09104095,-3006132.76065776,-34187973.6772319
2019-04-24,2019-04-30,22421637.1535595,8319535.22932003,60351709.7037555,559112.264981756,242365.715029796,1294013.59699972,126486.092108774,4376.07685604127,3691131.57152635,739694.454972712,75602.2109165192,7477539.71566938,21813425.0288621,10996726.2387184,43280629.1227361,555918.507703417,553432.031832706,558110.674105968,231746.31460244,1507061598.76816,1507081803.96279,1506969296.98306,-4456445.6498996,52123.7110065612,-31949933.2365514
2019-04-30 12:00:00,2019-05-07,17788572.7474294,6607601.34390876,47981455.0675018,295453.607625269,130931.705133593,671278.064503496,104992.215055539,3081.05036062873,3849291.1744548,423989.954083599,45471.2583173004,4089126.23375643,14121236.2578957,7130960.05324224,27954812.4467384,787373.789662636,783275.524506322,791547.555890313,353445.807306182,1504314485.86192,1504339271.83195,1504344887.97024,14972778.6432583,19869654.889492,-9211646.553074
2019-05-07 16:00:00,2019-05-14,22007802.197471,8149435.48278537,59345167.5879073,532890.480035347,229057.080843847,1237993.64138909,124714.592859073,3987.70231480477,3928924.50113223,704997.964999104,70323.8682326002,7102736.10893411,20969593.0157621,10575223.5193246,41556161.2084906,933879.009983996,927707.479047048,940005.015228852,10818.3506996699,1523345108.78912,1523325861.62377,1523440838.44701,-13892972.9408179,-9414383.37007462,-41532666.9859131
2019-05-14 11:00:00,2019-05-21,30575438.7999948,11342052.0243517,82424025.3098295,1022352.30710009,427343.746832854,2442757.22874614,167107.289122186,4634.78877955859,5935301.70807367,1274840.30265785,118602.952683608,13861081.113917,34385513.7136395,17388767.931914,68291098.412276,700052.356829002,697395.645266981,703239.51984539,275325.63477309,1510929887.40862,1510922668.6042,1510987146.56344,7716532.95552035,11830112.56392,-30028467.0152079
2019-05-21 11:00:00,2019-05-28,23060817.0614592,8566574.2864066,62071478.2808424,548991.363147745,237434.61043552,1266343.27794932,131258.461812045,4514.82977152441,3852417.27477918,732147.931377983,74296.9054776748,7365023.76204771,21891120.5321703,11058474.0161234,43358258.7362411,681345.01633151,678279.673702725,684982.025676099,21191.7306764742,1516875918.62732,1516838354.65221,1516899054.6976,2374694.95059822,7133166.88932853,-26146948.9754678
2019-05-28 11:00:00,2019-06-04,29333368.6909784,10870915.4137853,79137349.2994983,920345.537699094,387400.048017139,2182540.75880584,161384.334883892,4885.71435442735,5265734.33040905,1164276.29630915,111683.868360158,12454563.3930552,32069555.4769358,16177801.8784199,63629048.3550613,1002740.77218806,996562.01724132,1009191.93919418,0,1521172554.57789,1521224619.24112,1521199480.25987,-10460098.9182565,-6068327.74923569,-46401600.0733629
2019-06-04 11:00:00,2019-06-11,27454826.607737,10206616.5128986,73977445.4611515,780766.958911414,331124.959721328,1836697.88162429,152678.432202463,4945.93926246881,4746923.67350196,1008269.66942291,98535.6626095617,10492436.035994,28501086.1686877,14380901.1468733,56585853.6368951,918623.796103172,913696.551746039,923450.289929398,1349206.85306886,1509219534.27038,1509224966.65527,1509331673.65949,-2111715.24582187,2384596.85391852,-35837148.9406463
2019-06-11 15:00:00,2019-06-18,22259343.1787349,8269678.5065154,59943849.9424827,508832.270962215,221585.497199177,1170448.95049435,126730.584209416,4580.20427568218,3589978.18096359,686107.856572203,70412.5414323503,6827916.1071015,20764673.0763804,10460933.0918014,41241573.803766,1055485.88805283,1049255.55677454,1060929.12763431,77703.0124804054,1508433857.58111,1508281223.69314,1508412102.74235,-3248170.97498584,1536826.32406273,-30537128.2212823
2019-06-18 12:00:00,2019-06-25,20112904.9360379,7475033.46521829,54099087.6315031,387069.53318561,170347.786700978,881301.792469256,117277.426800744,3884.65747789488,3680309.23426911,540869.465254592,57366.6864541243,5239852.69199304,17193731.7143369,8679358.03666068,34096751.8387257,751407.916413794,748422.357260596,754427.139925318,1179673.00765706,1507024244.54465,1507051488.73398,1507082700.17974,-8181186.65935518,-3107139.74684713,-34084848.1807504
2019-06-25 16:00:00,2019-07-02,17728780.1172655,6587613.1148283,47745714.7713865,299799.294967038,132920.427687948,681158.413374282,104460.395750653,3095.59534208556,3743338.48240817,428625.156036963,45741.2689147187,4106865.51847092,14210437.5409414,7164050.8269692,28111069.5024266,1006316.38058209,1000594.00265845,1011254.41818931,332003.780598096,1503235712.62348,1503195685.93247,1503434085.64248,-5596109.24239477,-1117773.48130346,-29365726.9935322
2019-07-02 17:00:00,2019-07-09,15191345.289096,5650563.32979324,40912741.6677645,213679.771157725,94649.5839528344,483710.892050762,91484.3825188834,2116.08748572986,4326095.55456434,316751.202231426,33774.8724235853,3044431.90988502,11092961.8922746,5580091.3334778,22008822.8750377,880360.731947093,875430.691010134,884963.147986758,791157.945255037,1501316518.20418,1501316715.98456,1501253041.51892,-6598230.20163731,-1869256.87248241,-28561717.8566852
2019-07-09 17:00:00,2019-07-16,13141271.7761728,4873266.82215147,35332352.0142491,156094.300941312,68670.3305391383,355982.999463373,80737.6290079751,1387.30194465357,5512897.32553272,239130.922889184,24973.8399034054,2336503.93578417,8814297.56017478,4443702.07827899,17472155.9188062,944755.516526908,939401.686507253,949783.68726531,416770.703303993,1499349383.96858,1499419350.07437,1499500524.44086,-6369226.50139361,-2227667.86475646,-27751925.1229819
2019-07-16 16:00:00,2019-07-23,11229404.5535358,4177739.064178,30269134.2131726,112079.652454304,49102.72285324,258226.597029414,70284.3433563697,833.670048518174,6896932.13379072,177697.459797021,18039.3152428186,1790164.13248711,6909847.32077394,3488688.24339577,13695530.6423257,852757.151520653,847403.145343759,857562.336221614,141278.204509828,1497255109.7228,1497199992.32365,1497274821.80916,-5110594.46710872,-1052873.8101228,-26052427.1123121
2019-07-23 13:00:00,2019-07-30,9987693.62049556,3706342.6058074,26934304.4002585,84221.0391774858,36325.8085568138,196319.863998774,63663.9576391594,492.610887941007,7957353.98226407,138179.467639467,13576.2312569055,1437578.79689296,5642373.28613042,2839270.5390836,11204389.0780719,1048212.66996419,1041260.0923964,1054749.40080005,14127.8204509828,1496112654.99705,1495950207.51378,1496272849.58713,-4759345.24312819,-1157439.79269021,-25277232.0345535
2019-07-30 13:00:00,2019-08-06,8997293.79277981,3341565.91171311,24279702.4274345,65300.1883262392,27778.1133454609,154663.888364478,58186.9896181577,308.511000135169,8158432.6105377,110300.456187614,10354.1427345949,1202781.45361001,4718645.41633118,2381284.36560227,9338891.74110155,1177099.7856794,1168749.70217486,1184315.73629974,0,1494950609.70323,1494953521.86422,1495005744.23992,-2512716.2569211,1058970.00594389,-22451302.4641053
2019-08-06 16:00:00,2019-08-13,8093382.10051074,3005966.73411726,21793537.9829942,54106.5970156495,22757.989524338,130301.960007813,53157.0022175119,225.62710112248,7872171.8171855,93030.1761337825,8522.15639164548,1046535.13967505,4075816.87441756,2052314.61694611,8089926.82890899,809044.719277189,803869.743574941,814008.469952365,381451.152176536,1495773229.67121,1495774592.30266,1495894686.85688,-5477996.04451958,-2283464.16862976,-23900434.5255178
2019-08-13 13:00:00,2019-08-20,8218338.17970225,3052184.81997667,22128258.170518,54753.0923598372,23012.7754574602,131906.339897339,53914.0605008204,226.071967007696,8015302.2138616,93958.1161585854,8574.40673120794,1056811.97033509,4129564.29693375,2083036.12935992,8190618.77197272,776280.423642476,771859.331463968,781228.360293051,324939.870372604,1494085499.06105,1494194220.53032,1494173961.98704,-4264147.4651079,-1030308.38966117,-23138668.3356887
2019-08-20 13:00:00,2019-08-27,7774283.53706892,2883289.1275711,20941458.6287904,45963.9958870497,18971.8305355896,112123.306955836,51565.6675558582,153.978638471387,8349273.13943917,80855.8595217778,7064.96268249212,943565.48622058,3680960.25017626,1857968.32729992,7294981.6385915,801715.560441119,796375.290583873,807389.503086543,169533.845411794,1493661410.19446,1493740923.62735,1493697696.08106,-4237705.75252784,-1064063.57506552,-23104826.0184798
2019-08-27 20:00:00,2019-09-03,6621418.21817019,2463720.73230113,17822362.3043816,35586.1845623326,14551.2369178286,88403.8673278519,44508.5628395962,99.8467384581281,7681331.28828404,63653.3856745321,5290.52865531575,778863.358611806,2986297.74778877,1506097.30820225,5917822.99886538,813832.749788625,808233.230666177,819770.529114311,49447.3715784398,1493063231.53676,1493049680.87401,1493058302.63295,-1126850.96574767,1730358.30468714,-17745357.3507142
2019-09-03 13:00:00,2019-09-10,6720659.42303846,2497186.2227887,18117909.4280555,35163.5490753022,14251.0761413336,87831.7411524811,45408.7601257237,97.8511651587323,8015302.2138616,63403.9944777567,5267.08658709268,792054.594823456,2990400.73768443,1506171.56369428,5935007.45855208,700537.981749979,696570.984256027,705613.54649237,988947.431568796,1494950863.79626,1494987138.1855,1495007440.11496,-6032078.78640178,-3197605.54948069,-23269648.6740073
2019-09-10 13:00:00,2019-09-17,7608634.39657534,2828503.32823071,20507888.105943,45322.2323715393,18681.9159005868,110831.088232248,50524.0459164232,153.831933242823,8158432.6105377,79593.0145001959,6942.54803661468,941249.39896219,3610329.50382696,1821478.5603113,7163756.27820505,535748.186219771,533158.683731479,538851.607906229,35319.551127457,1493081429.44871,1493078913.91591,1493112841.68578,-3236679.6836041,-34009.1946757893,-21551704.6279513
2019-09-17 16:00:00,2019-09-24,6679357.03907599,2482718.52747689,17972526.2780119,34503.5945436055,13996.0905459529,86411.8899001909,45101.9756812796,90.2046294990423,8015302.2138616,62454.7729252982,5132.29148493026,782088.861326952,2951562.35628143,1487253.45108075,5856257.28809789,433714.104253748,431683.323019089,436174.48206297,508601.536235381,1493518065.31555,1493578322.15665,1493613796.42229,-3422964.13193641,-568548.81116284,-20637605.5227553
2019-09-24 16:00:00,2019-10-01,7975800.20054421,2961433.88737128,21496385.2946916,49416.2676870551,20549.3503323387,120139.662346178,52574.7997648971,181.163395998472,8253852.87498844,85974.8775417497,7641.83538262742,999271.26259632,3860503.22349535,1948277.44459837,7660612.97654498,357779.059039473,356130.294802525,359551.578967987,416770.703303993,1494039843.64154,1494013215.64307,1494136849.4874,-3005947.13227702,165700.178554525,-21852403.5053635
2019-10-01 21:00:00,2019-10-09,7645495.83338153,2832697.05948522,20624346.447724,45565.2458766583,18850.1237342678,111066.221350524,50590.8168677816,154.352736141286,8158432.6105377,80158.6778254243,7027.52270883627,941574.105467022,3630723.89249435,1832453.10659382,7209889.91120585,467405.323541849,465142.035429072,469853.879075471,762902.304353071,1495396151.07557,1495427067.38012,1495404718.86634,-4200733.00016843,-1022774.00681465,-22710938.7741911
2019-10-09,2019-10-15,9307041.78152748,3456029.52799687,25085428.5956005,76698.5575439804,33078.1269252398,179537.111014141,59680.4708077179,446.630414222613,7584276.86087015,126520.694671748,12309.5853837247,1341390.94785918,5203080.70418006,2623471.50575343,10306806.8352449,372472.894437489,370462.827118574,374784.908783885,70639.102254914,1495682001.73767,1495634706.50508,1495705981.08052,-4254354.96753817,-697284.491953007,-23700122.2795403
2019-10-15 16:00:00,2019-10-22,8954241.64808149,3325324.35456007,24190345.5900941,66135.4782105667,28191.6883781966,157223.140627375,57985.5410509783,320.9339937061,8015302.2138616,111356.808909438,10434.4116946877,1213879.45306266,4738690.34014694,2387722.96686542,9412428.89236835,288739.91414743,287809.575026992,290162.18777289,424196.152241812,1495492673.77832,1495514265.09911,1495587265.22867,-4325638.38315992,-840153.473336049,-24059726.5039263
2019-10-22 16:00:00,2019-10-29,9262002.76013048,3437419.33925841,24887036.4367002,70431.461619564,30027.051768124,165713.549949377,59938.5631051101,357.596172991743,8105957.84812699,117963.962619011,11265.8947869349,1264371.99459278,4976024.65989894,2514484.75818374,9873652.87855382,303022.910062536,302052.753767044,304242.866725484,275492.498794165,1495753520.76936,1495752894.06493,1495860046.75431,-6996009.54950704,-3445025.05275976,-26951061.4429041
2019-10-29 18:00:00,2019-11-12,16481434.8179353,6124158.2851134,44469362.3637498,110443.931694943,46400.2451639865,264908.186708162,107947.792017223,460.065484774515,16030604.4277232,189540.717739584,17273.012471139,2118502.34832706,8297357.56067536,4183201.74628732,16450771.4356097,592394.783591251,589752.368512867,595467.702366291,141278.204509828,1493264292.89616,1493322509.20491,1493353046.57038,-7195590.61499012,-686742.218452903,-45001116.8369721
2019-11-12 18:00:00,2019-11-19,7163495.3974106,2652974.32509346,19312248.2410611,41858.9181436273,17349.9159094442,102601.511957497,47836.5015447301,138.068756506859,7776751.55273477,73713.2212339689,6384.95934545333,873268.366691797,3369855.8448581,1701211.6179242,6696771.97472468,147093.326022035,146594.538744391,147635.886941593,515665.446460872,1494209595.4008,1494299808.76098,1494222920.04987,-4211184.92142375,-1244540.84253705,-21622248.9498796
2019-11-19 13:00:00,2019-11-26,8059418.59274837,2995179.41440432,21703605.1703555,52464.8067215669,21995.5846387385,126338.635257181,52936.6603630785,201.089977553321,8015302.2138616,90481.7587167122,8203.74864141049,1024307.88311411,4006786.37220751,2022086.07060635,7935073.07054038,158442.724737961,157890.2016304,159054.363541265,628688.010068735,1494324030.79329,1494413687.06834,1494323085.76623,-5248198.36328291,-1898068.09319421,-23996572.2438955
2019-11-26 13:00:00,2019-12-03,7334780.35207452,2733926.04920606,19724158.1703264,40979.8878585892,16825.6751417929,100762.23400635,49110.7723538676,125.964022261553,8301563.0072138,72980.9925651061,6275.64084503137,888264.059599014,3370604.67876822,1700649.42710211,6693896.85374075,155457.917288779,154813.15654638,156114.875352713,204853.396539251,1493794593.16168,1493821229.30302,1493899309.24853,-4592932.63491441,-1540164.65290579,-22810502.1341513
2019-12-03 19:00:00,2019-12-10,6973832.05404424,2591292.67161606,18769095.6568362,39669.8112586362,16311.3157682598,97355.8793805298,46477.1080942413,121.900337104773,7729041.4205094,70328.0415457608,6058.01304322311,840571.516069863,3237240.41509361,1635542.51234941,6415231.65245016,87004.8144509001,86773.6352130572,87262.6244833535,614560.189617752,1493378303.3321,1493380316.30746,1493465688.73773,-5011274.79519607,-2000154.96229991,-22199303.3505802
2019-12-10 13:00:00,2019-12-17,6840713.96161609,2536455.01185318,18402492.9025035,36642.0127267828,14967.5456013445,91095.9412411618,45955.971986674,101.965025206219,7967592.08163624,65744.5177881125,5499.95035522602,801505.742851194,3082289.01701643,1552312.45821223,6114437.47110098,103689.135473389,103387.377630253,103954.742709808,536857.177137346,1492787650.51192,1492729143.34236,1492971561.71825,-2659019.33708519,76940.2674701268,-19910676.8393388
2019-12-17 12:00:00,2019-12-24,7153531.84640085,2657222.44087898,19278464.4693123,40319.6785847166,16560.3947948076,99365.3179156932,47839.1320765679,128.400581038922,8063012.34608697,71598.7315992292,6152.33925283927,854684.06273123,3296194.79106255,1658985.40877616,6531674.78957621,98740.6077010272,98364.7764908599,99023.601025847,685199.291872666,1494468566.6636,1494399618.13458,1494486683.79985,-5656722.69607042,-2697096.67632332,-23226081.3022266
2019-12-24 13:00:00,2019-12-31,7443747.48343628,2766969.37385171,20107864.3486057,44275.9781864566,18278.10704927,108061.863086761,49318.3466826028,151.404790893562,7967592.08163624,78011.4943063778,6878.79127899687,920239.839338685,3532252.01301525,1781700.01477699,7017208.88858186,94255.6372129345,93971.4285967787,94580.8918076779,77703.0124804054,1493415397.2493,1493523563.92967,1493397499.80564,-4102737.25486385,-896492.233017413,-22156834.1655583
2019-12-31 12:00:00,2020-01-07,7164730.61444069,2660589.30936863,19295878.2152163,40321.1782292175,16562.2313685833,98990.9404884966,47977.7184467249,124.204794635261,8015302.2138616,71737.5847806224,6159.61792664662,866297.263350352,3307904.62975261,1668532.29906702,6550169.31333526,84040.1037421501,83862.7498367093,84223.8991193131,1426909.86554926,1493379208.6593,1493436401.12887,1493495316.8187,-5682063.65711187,-2716851.091954,-23428206.8150015
2020-01-07 12:00:00,2020-01-14,6732080.64342284,2493473.28512111,18163739.7158693,35399.6923165985,14340.86672175,88334.0394602741,45298.3428658078,98.3647551653088,8015302.2138616,63708.5512001881,5345.23631018098,791288.105049657,2999643.87568681,1512312.06323164,5957926.01834801,100866.50349624,100407.923326163,101214.439269145,1010139.16224527,1493056877.23014,1493077179.59988,1493136415.90685,-5307760.33613774,-2432908.45536579,-22622721.6151488
2020-01-14 12:00:00,2020-01-21,5972649.30707306,2218231.8800368,16139475.4477579,27101.6254470084,10753.1801149635,69351.3786360884,40896.6079995508,55.8516279676043,8015302.2138616,50343.4618938263,3924.86995223384,663732.795143753,2475041.09343325,1246676.25986699,4916460.26271064,154068.186334594,153312.672255059,154811.157746682,381451.152176536,1492535232.90687,1492464120.7636,1492614184.38008,-2525149.03619194,65267.1157036032,-18862804.2490987
2020-01-21 12:00:00,2020-02-04,13488075.7918821,5011981.22008325,36361207.0838381,71142.5361825066,28887.5128592464,176682.741855842,90915.9866842195,198.522848491771,16030604.4277232,128120.413745854,10680.1972189279,1585934.79940741,6026514.54521358,3042528.89100583,11954940.4662799,284269.140746668,283326.39040226,285159.525627528,1313887.3019414,1493853416.7455,1493799358.08162,1493893879.49757,-9204906.65160596,-3422192.91663319,-43582434.0690985
2020-02-04 12:00:00,2020-02-11,7308760.24529605,2709856.88179553,19731965.9410584,42227.4015473059,17382.6817168747,103472.651628528,48818.4863684096,134.227060346006,8015302.2138616,74710.8922109029,6478.38736265886,896520.884406114,3419596.48877862,1723252.70176381,6779300.82324253,215394.563349272,214487.113300714,216207.240876442,289620.319245147,1493429868.43837,1493445140.37538,1493511466.05448,-4771618.93764981,-1781862.70050621,-22685673.4840408
2020-02-11 12:00:00,2020-02-18,7030177.03875829,2608350.80517533,18942462.9832885,37306.519377085,15190.2485914408,92919.934974771,47212.7462961296,103.184476252017,8253852.87498844,67152.0525356481,5612.71733588322,828530.853288765,3149445.84613832,1588969.98392457,6239801.56686462,244355.518846113,243505.776303745,244947.14272967,501537.626009889,1492787395.79326,1492800840.83742,1492815336.03609,-4591001.85741278,-1540628.29719032,-22317756.421066
2020-02-18 17:00:00,2020-02-25,6175278.55131387,2291600.02688416,16616985.9713477,30065.443368897,12085.2137095356,75866.127740289,41693.2769321728,69.2360209924381,7776751.55273477,55175.3624978922,4423.53104386764,717147.006681745,2652083.43927785,1335812.80967243,5269378.7818314,389839.330787195,388162.641733673,391721.720208277,225822.641854292,1492485978.55384,1492617639.97931,1492573026.56026,-3885658.47296193,-1111739.54349683,-20255416.4843493
2020-02-25 12:00:00,2020-03-03,6066601.09619067,2252430.80869946,16313750.4511489,27869.0092680964,11032.2782030517,70896.6943546216,41392.169522149,58.1761740771778,8015302.2138616,51522.0948640346,3984.5152527416,685937.773053862,2528815.36159823,1272279.85140721,5027001.84756217,327056.622750004,325931.605055599,327899.984266535,78175.7938734501,1492086432.58678,1492113696.29328,1492271312.21487,-3331055.83198023,-923649.292459878,-19873201.4203836
2020-03-03 12:00:00,2020-03-10,6001519.42543233,2229063.55591556,16156302.6335878,27343.2569178457,10859.6460113151,69989.1868481121,41015.7232088147,57.1255932651664,7967592.08163624,50716.3596655602,3951.44631840618,676039.956342138,2492469.88733465,1258746.9847267,4934078.65634084,373314.585580158,371666.203697568,374544.335738958,22304.1574836382,1492165064.93417,1492049655.96736,1492095133.03815,-3475998.06028347,-698959.863078047,-19600588.3819581
2020-03-10 11:00:00,2020-03-17,5908806.09285676,2196384.83869803,15920715.0815477,26274.4782672598,10375.6624129545,67436.2790988951,40602.4979028828,53.7659707332373,8063012.34608697,48867.0507900867,3778.46587603223,653369.359676577,2423980.729167,1222749.60283957,4807592.34086994,464441.634977294,461882.822179834,466585.672524379,180101.900079852,1491966181.32368,1492032672.60922,1492031995.91797,-2964437.79458249,-374203.429838077,-19256178.1962157
2020-03-17 12:00:00,2020-03-24,5996248.08444262,2225860.62308225,16100244.9499245,27163.1040030149,10744.1490689878,69436.7596397198,41093.0505867614,55.149021501509,8015302.2138616,50499.1609664055,3948.87045558918,667842.153539195,2483302.24639538,1253522.49095445,4923307.34501496,733012.170365861,728526.36995526,737210.270968604,106320.192094699,1492317973.18485,1492386951.3661,1492363854.69615,-1893163.76690217,739981.605296526,-18313772.3181262
2020-03-24 12:00:00,2020-03-31,6588469.86184878,2441410.62554968,17774552.2350832,32351.9024472348,12998.6055922492,81440.8448382558,44754.9109770679,76.9191293948756,8253852.87498844,59038.6394865681,4762.93442672717,744362.194446974,2839007.59096019,1429281.48225387,5630844.04190841,440496.505720278,439096.154376855,441683.52438947,508601.536235381,1493429818.59328,1493371807.70105,1493468716.42426,-4211489.79680457,-1304458.40303248,-21445476.7111644
2020-03-31 17:00:00,2020-04-07,6849463.71794295,2538010.62933018,18507181.6609863,36906.465751922,15023.5720054615,91539.4242806941,46027.558094304,102.976548173093,7967592.08163624,66073.5468962893,5476.53192969713,811178.302749577,3096919.19966431,1559268.7796954,6144587.85203769,418244.487272421,416024.556484877,420038.081940981,918308.329313882,1493172041.55079,1493216613.10918,1493263731.00553,-1732760.8766028,1113695.82416275,-18921656.8678979
2020-04-07 16:00:00,2020-04-14,8543009.30301679,3174540.89921558,23022398.60209,59804.9879498962,25340.5468104426,143104.778959648,55733.4447801048,270.790501076769,8110722.47831234,101422.358568662,9335.32091325199,1123917.71818582,4389012.26121426,2212783.72484808,8697119.88264318,709066.904828589,705554.903715515,711499.267247401,0,1495840896.60525,1496026130.10627,1495879055.53264,-16399.4227925478,3368643.67646325,-19617122.8253372
2020-04-14 18:00:00,2020-04-21,10061618.7744098,3741746.89948564,27077084.6060443,86528.7502350224,37339.2833374991,201491.741372033,64070.644451567,535.177496120496,7790301.73989991,141226.189294344,13904.4762118994,1474663.6682283,5736027.76585203,2890537.89578065,11372479.2016938,785476.086657436,780767.451668008,788787.624550279,169533.845411794,1499486388.11073,1499400531.70859,1499538848.13798,7613568.06501705,11409452.0529957,-12823225.5331122
2020-04-21 18:00:00,2020-04-28,19481972.5842326,7217831.29509523,52376205.1748171,388347.460211213,169770.943500595,887982.017814597,112882.188974847,3719.30895991192,3735918.79059875,537219.529134125,56424.6012965207,5250090.14790992,16917091.6488369,8544250.00059451,33591004.1832574,768929.149325676,767182.95338947,769853.289166836,543921.087362838,1511101430.52704,1511129114.95019,1511240054.52547,-863831.475872964,3825052.24677894,-25965962.4430691
2020-04-28 15:00:00,2020-05-05,27857793.3198534,10352667.4349973,75117473.6894965,828660.341680246,351219.75143345,1952845.63625441,154174.62036956,4908.64920632554,4896194.27426688,1056474.37848498,102731.494145134,11024284.2168162,29584239.5798067,14933012.7404308,58600345.9216093,769872.583917978,766237.953838884,773577.036925572,141278.204509828,1513615921.10292,1513596412.2532,1513745341.05448,-3796115.14560346,657586.243337577,-37971717.9997388
2020-05-05 15:00:00,2020-05-12,23956446.5723634,8891778.47326949,64525292.2210449,585637.112843369,253692.70069124,1351548.02539372,135496.54548727,4843.27823453778,3864281.6167641,777392.569177877,79555.9768564483,7756849.57023883,23098763.5897337,11665152.0156423,45809085.6019179,768797.594621234,764648.747389942,773177.044684505,381451.152176536,1509504074.65849,1509382847.31627,1509656482.13784,6198092.93709656,10938243.5982941,-22961624.4906757
2020-05-12 15:00:00,2020-05-19,23306753.473516,8636016.85884241,62780745.4430133,558367.954322392,242213.342959742,1293090.31832657,132131.937581273,4548.37681329242,3830027.40510166,746656.156750403,76645.4176843183,7467017.61840771,22208661.4998512,11212742.4545517,44067024.5768874,744795.463742348,741222.956880002,748564.303773823,621624.099843243,1517671030.36328,1517718382.76461,1517776246.55433,-2321075.23124974,2518385.60694854,-31143373.2452813
2020-05-19 15:00:00,2020-05-26,31686158.1192838,11766349.1537675,85470906.2514106,1079294.49037107,448878.446345996,2593283.20246926,172693.158234658,4725.18129789813,6128335.99138799,1341135.84174836,123985.297160764,14705587.7347503,35987594.8007392,18159095.9227966,71472585.8854565,551242.737154077,549106.496304944,554026.711039317,1087842.17472568,1517762031.79045,1517751925.52336,1517921714.84599,11118107.0444695,15097719.1906639,-28011678.623368
2020-05-26 18:00:00,2020-06-02,35650717.9015003,13204549.7629477,96020253.3467313,1455406.34198239,587103.62493565,3572980.28376508,190619.658651521,3960.4855937583,7335326.83192234,1743463.3502234,151953.318035826,20405881.8207621,44390556.4538846,22377911.7244024,88124884.4360951,916995.528324845,910914.903092654,922268.114877979,536857.177137346,1527708425.08139,1527699589.65824,1527743011.87085,-3828349.26708532,-711814.044655444,-48336647.0130152
2020-06-02 16:00:00,2020-06-09,31866224.5755877,11837324.5303654,85805090.338268,1115920.40901278,461519.451584055,2683829.4679915,173247.429635404,4570.71547682056,6360338.0563106,1380082.44524661,127509.1281435,15241704.8455379,36786377.1360654,18510331.4261752,73036791.0711902,820959.946145226,816997.26941278,825059.36731039,1356270.76329435,1518149588.26159,1518187089.55457,1518226795.56735,-1289173.82893607,2569048.16228388,-40724125.4929917
2020-06-09 15:00:00,2020-06-16,29121953.6228051,10790824.7578476,78489624.6312726,901247.175303572,380084.119910027,2131395.08209986,160090.697424464,4852.46961306204,5151022.54681765,1144213.24691801,109158.311849108,12132101.9576103,31580664.1785831,15910827.2030883,62560221.3776938,807046.783250687,803028.757443765,811966.219400158,282556.409019656,1515144822.97322,1515048347.09448,1515255709.62291,1055165.73263277,5282764.27153257,-34472901.2191761
2020-06-16 16:00:00,2020-06-23,26855647.0715956,9992112.71304947,71953765.9679762,754678.437952407,322262.965835403,1768806.99257855,148876.80837525,4938.90908086552,4450185.34789892,975333.35337706,96927.7994351527,10100813.0703094,27778404.0875803,14024933.1890413,55039742.3344828,723821.264483777,720767.728214258,727065.272166186,473281.985107924,1515422338.89549,1515389958.90503,1515392094.00215,-2777999.20922413,1955566.57976661,-34973145.224402
2020-06-23 16:00:00,2020-06-30,26196891.5757668,9723292.32211454,70664746.5099613,716011.179521953,306345.440780549,1667542.26536718,146959.432770949,4996.59843993824,4313882.26280434,931027.595724192,92839.3614418895,9507566.72308466,26728889.8681075,13464587.2569356,52965392.5126294,1034687.69407468,1028539.71825975,1040450.64176221,812349.675931511,1513349931.99061,1513396859.43785,1513491484.03717,-4730770.13747319,-221771.067813063,-36676554.0141774
2020-06-30 16:00:00,2020-07-07,25801005.4256419,9569041.60409447,69649961.9385648,700581.465486719,299943.804262204,1631229.32786221,144364.866359964,4839.27140117568,4369006.3027444,909671.961433863,90109.2899310576,9265290.32321622,26193135.6507286,13226061.2793003,51867598.986331,788553.81281669,784475.686000682,792500.394795784,692263.202098157,1509658823.75067,1509680549.70643,1509716409.39287,-5819360.85278524,-1138969.36930597,-37672557.4957289
2020-07-07 16:00:00,2020-07-14,19772216.3166426,7332278.86436451,53275988.6538458,382599.388370533,168930.067020561,871533.776692188,114585.988861761,3836.41719040921,3528720.24432619,531104.227930426,56617.5137415475,5099146.39404011,16946740.1595286,8546539.83412462,33642311.2467006,960500.753616215,955156.854573202,965063.085567814,649879.740745209,1505105660.35536,1504955643.92406,1505223100.23005,-6615029.2214457,-1824603.98767454,-31760035.8576711
2020-07-14 17:00:00,2020-07-21,15786375.195798,5866321.54771045,42453288.7997258,234687.542852227,103931.117755298,531154.707181266,94453.5616139145,2371.92968291895,4061823.73477693,343442.165648479,36646.1495062534,3290462.96723169,11862611.8377067,6001353.42372886,23486981.9771363,1114777.16213719,1107803.30100342,1121088.95231592,21191.7306764742,1502033775.88332,1502013502.54377,1502108342.15674,-5865112.06425527,-1344725.7848191,-28022111.4662399
2020-07-21 16:00:00,2020-07-28,13709356.6470507,5092545.12097074,36916027.8166098,170224.970352387,75070.7393469022,387544.299062679,83589.7784552152,1564.53937957473,5092056.24877903,258511.897567622,27474.5344135325,2496083.83151534,9406601.29554749,4736764.97566446,18655135.8106307,1164589.58710274,1156994.02705307,1171493.29231826,0,1499671425.01581,1499741242.08767,1499684922.12252,-4748164.55614566,-272212.04305322,-26367679.105578
2020-07-28 16:00:00,2020-08-04,12133750.4156074,4497375.30954075,32667949.9346418,128540.200342889,56358.9070665306,294843.850929843,75206.7281618291,1012.38116852082,6409669.3238915,201743.42871407,20873.0134735188,2005058.71427054,7694666.44534729,3882802.50019878,15233538.838014,1120649.10748988,1112702.63611091,1128452.59727854,49447.3715784398,1498573752.87044,1498438646.07511,1498715606.01086,-6048509.79287736,-1962714.96821811,-27225016.2321497
2020-08-04 17:00:00,2020-08-11,10518683.0762529,3911791.68737314,28392138.1216769,94583.9445321305,41045.6095587954,219428.14512186,66709.9592985349,616.209097988876,7723422.70471622,153430.21396634,15319.5362096951,1579476.2110863,6140591.20468742,3096071.27252719,12172286.8590626,938891.153410214,933730.159802038,944288.490712903,141278.204509828,1496298615.66913,1496278607.60298,1496382452.88916,-4968069.56903223,-1195097.05766011,-26006011.8073654
2020-08-11 17:00:00,2020-08-18,8936216.10422373,3324411.80189093,24080067.4938928,66310.9183902595,28234.0179025132,157257.717451658,57804.0585533331,321.870419095568,7967592.08163624,111241.165443182,10530.694699386,1206476.49320814,4740798.96344005,2392136.67426066,9406315.13133747,987271.225909799,979909.254277492,993569.106017199,0,1495225749.14056,1495211763.83295,1495267605.64592,-4160236.97044053,-641193.846693835,-23703175.0268343
2020-08-18 16:00:00,2020-08-25,8470922.74830563,3150336.09486128,22808943.4793836,58007.6607448598,24512.098259558,138724.568360146,55250.5341062147,247.639817610136,8063012.34608697,99280.4692388073,9130.10399157502,1108273.16278769,4312308.07428864,2173576.95215127,8567529.5914389,889959.180826131,884813.780381594,895648.940170954,0,1494509014.22738,1494520098.35495,1494617864.2556,-4390664.73171072,-1000166.56398722,-23663768.8210386
2020-08-25 17:00:00,2020-09-01,7584832.36236224,2817693.72189339,20476443.249963,46125.1719244631,19161.001381135,112108.961000647,50383.0905476912,162.728775782951,7967592.08163624,80576.4890914819,7089.73799507073,933775.490461176,3639298.06643696,1829287.12380496,7220275.97753323,926426.140849301,919731.90512899,933190.744177644,28255.6409019656,1493599543.65295,1493512104.55892,1493743532.89601,-3847085.89627168,-786363.342663288,-21900295.4599621
2020-09-01 16:00:00,2020-09-08,6900939.82019558,2567861.97509874,18505210.8136954,36814.2790849041,14994.2469532049,91559.1501477164,46213.3601827126,101.101544439327,8063012.34608697,66131.3151253048,5541.3955050395,810374.154661804,3101395.55705691,1566792.99995997,6142389.52191986,801849.149379761,796552.21336954,807688.466580973,7063.9102254914,1492976906.30422,1492976517.80121,1493080513.35536,-3885715.57837723,-996919.858117479,-21274520.0620963
2020-09-08 17:00:00,2020-09-15,6677154.78848518,2478737.82021256,17987186.530963,33063.3696051212,13274.7965697028,83116.241043941,45322.6854594805,79.7538700315046,8301563.0072138,60282.2095233158,4894.83855114327,765149.731374698,2891686.87186105,1459296.23965425,5733726.40234296,720150.252218118,715350.719098444,725535.680494477,0,1492245108.70422,1492229140.12543,1492315810.91324,-3092720.99741411,-173590.914360663,-20576457.835068
2020-09-15 23:00:00,2020-09-29,12229763.6143511,4541668.44495665,32942207.0207134,58406.5139572717,23352.459982755,147668.148753894,83075.6793713755,131.414953441236,15696633.5021456,107193.932383094,8485.01326151825,1385995.90630011,5196894.9986756,2619793.68506398,10305064.507024,836458.357699159,832164.569428857,841482.918756133,939500.059990356,1492356373.6358,1492330435.71812,1492464560.24933,-7795988.86368824,-2606025.71759204,-40270923.9719833
2020-09-29 16:00:00,2020-10-06,6167461.46758624,2291598.69901753,16634916.2471644,28913.6002905938,11500.8084155743,73426.2406579974,41945.2939172808,62.731824705082,8015302.2138616,53271.7940031366,4214.63778083657,696361.453699546,2598802.12469333,1311098.46366942,5149369.66495644,601683.748184848,597867.569051647,606639.736177347,0,1491944971.21579,1492024968.95826,1491919713.67039,-1853141.41220918,1107702.58369265,-18676653.7907697
2020-10-06 16:00:00,2020-10-13,6232297.79530796,2316144.32217875,16785896.2771525,29296.4563850806,11688.9026948184,74477.2507584037,42347.02880182,65.080429854316,8110722.47831234,53952.2238910354,4262.81062340048,708990.207081481,2627189.124616,1326705.1839875,5207887.35734065,463518.185781309,461137.562812033,466384.019453453,1031330.89292174,1493182936.0865,1493012311.92174,1493425827.0984,-1916595.24379022,681135.289340899,-18554282.6672225
2020-10-13 18:00:00,2020-10-20,7791229.80118831,2891229.26052766,21011430.4269158,48716.6981111941,20299.2614334639,117883.856775086,51417.9225231617,178.238045406477,8015302.2138616,84593.437486262,7473.67663133043,967783.730912601,3790022.15844626,1910506.661831,7506017.17228242,261150.80328535,260159.979254102,262056.7879946,1928447.49155915,1495564857.92962,1495495174.98395,1495682611.64979,-7462700.86395661,-4274704.37526193,-25767373.8020673
2020-10-20 18:00:00,2020-10-27,8302658.27725607,3086885.30845546,22347229.238631,59079.5507850806,25073.4422080494,140902.365754431,54193.712428385,275.188204277363,7729041.4205094,99844.5659212263,9262.92995544459,1089008.67936277,4304248.14704389,2168830.143286,8545925.56499019,263469.822152855,262530.903136771,264590.839351412,402642.88285301,1493955389.4548,1494000574.94163,1494084868.56164,-3540091.54274685,-416413.755903585,-22041653.517549
2020-10-27 12:00:00,2020-11-03,8099115.51807767,3011290.60032333,21876367.9656418,51504.7044665921,21503.8149645384,124056.117521388,53332.656177055,197.920412614075,8206142.74276307,89490.5112544328,8124.55089840423,1027902.87432241,3974537.30464924,2002729.22726222,7872584.17329643,282476.940119996,281628.017152658,283510.39169288,28255.6409019656,1494765998.9321,1494857229.60685,1494761233.51099,4336724.32858135,7626156.8889242,-14796076.8991913
2020-11-03 16:00:00,2020-11-10,16991989.467337,6295924.22566669,45755365.8380288,300836.905794472,131893.788569706,689207.604667518,100291.150752555,2881.48723746592,4775087.29420896,422375.714280663,43633.1850647217,4142299.93454396,13778679.4809082,6957509.17889473,27332993.6047734,156549.703512295,155975.510060387,157202.658590706,1455165.50645123,1503167408.04679,1503167783.48382,1503172405.683,-9298227.18849535,-4660126.64594478,-33248284.9550463
2020-11-10 18:00:00,2020-11-17,13003596.0791455,4843087.68447923,35048176.9812137,158056.950720215,69812.7471013116,359872.341854323,79460.4492580776,1428.74961270291,5229813.9752763,240887.432786066,25357.9541071324,2347974.24440931,8821869.15757119,4443171.07475371,17508783.7412985,127699.598929947,127255.954707368,128048.712811566,1391590.31442181,1499204610.41849,1499246428.44331,1499328292.54109,-6742240.0843604,-2695519.84547112,-27472134.9168853
2020-11-17 13:00:00,2020-11-24,12975389.3429456,4828394.82783611,34974042.1479904,141420.741733249,62103.9782168856,323837.052734597,80450.1098522596,1154.30011550031,6514855.26257304,220629.304509034,22874.3925381272,2192833.45282053,8334239.46049755,4208385.40751053,16514364.05432,168371.199063104,168006.384772621,168714.005278776,275492.498794165,1498386392.80396,1498514888.92949,1498393623.11588,-7208315.00946372,-2810625.99801759,-29756168.458444
2020-11-24 22:00:00,2020-12-01,9961350.72393881,3697687.75071857,26916799.9131122,90468.7716933569,39353.0006166235,210246.714254536,63159.3870525873,595.988855737422,7252531.07673041,146759.45025636,14599.5286008378,1504706.79561153,5849322.34340578,2951940.70551231,11605302.6217586,132947.484030114,132564.633558283,133320.923852077,117138.542794369,1496368849.13277,1496356702.82636,1496396625.32308,-5216856.00023964,-1548626.73091551,-25129067.8074925
2020-12-01 12:00:00,2020-12-08,9185508.71885922,3416872.66964683,24765634.2080635,66751.8519609461,28318.9682951617,158744.056411849,59610.6842001063,316.953607232207,8349273.13943917,112644.487764838,10498.1895284796,1227922.77846236,4819746.43143308,2426550.14055762,9573513.48201014,214665.9512818,213825.906031896,215816.083727209,0,1495548600.18083,1495490434.51576,1495632868.06468,-5021657.54225016,-1413473.40406817,-25209686.4448594
2020-12-08 19:00:00,2020-12-15,8724322.78435278,3242115.8326832,23481619.418595,62922.8381073181,26674.8798836887,149746.917757418,56633.8223332029,290.514018614969,7967592.08163624,106701.796515116,10013.2912074905,1169222.74957454,4561241.62692946,2300046.50423929,9050900.98662861,108016.481907964,107677.735708965,108365.992332974,84766.9227058968,1494917045.99865,1494992992.68754,1495035025.3951,-4153671.61053696,-729027.60629066,-23739041.1149774
2020-12-15 18:00:00,2020-12-22,8254886.96814456,3064656.32461797,22212527.7664885,55632.4750122735,23405.6789454998,133495.200391352,54080.7194778768,232.374017851555,7967592.08163624,95683.8231586316,8778.2235596963,1083428.52631204,4171138.5721915,2100187.83106555,8276464.68637693,93387.303192748,93212.2528754916,93533.9111302935,1292695.57126493,1495129464.44329,1494947632.68387,1495262134.98936,-6476217.71399405,-3164908.13071507,-25081482.4655659
2020-12-22 17:00:00,2020-12-29,7808353.79818992,2899830.54128116,21078071.7849327,50744.4665708545,21238.174829535,122279.22386878,51335.0218321031,199.668723839476,7776751.55273477,87771.2588613165,7937.12468542975,997915.952562996,3873721.91760588,1951625.29889512,7688319.54246164,134607.028334789,134035.385061438,135105.504148809,388515.062402027,1494141700.41097,1494185890.76689,1494293594.94711,-4252301.2419355,-1224730.32433533,-22476500.4375108
2020-12-29 12:00:00,2021-01-05,7749143.60600622,2869242.84947856,20905464.5180563,47911.6310102393,19967.7783447579,116361.625030097,51125.0022867298,172.820121848663,8015302.2138616,83383.2202754696,7373.90622583283,954212.839772492,3747364.71808861,1888128.97465807,7428355.1731106,126313.61779838,126028.703264058,126567.279033225,812349.675931511,1494267789.83095,1494249498.85927,1494300924.51074,-5551102.31162327,-2332194.4135405,-23775017.5051682
2021-01-05 12:00:00,2021-01-12,7488177.72482255,2781764.85367441,20170462.7670047,44570.249938853,18459.5461943566,108571.694919812,49713.1135708213,147.538660705852,8015302.2138616,78180.4300182519,6847.5567212927,917385.297953284,3551349.67409835,1790549.18869919,7035214.46438323,134458.878211293,133981.066057366,134945.846429429,211917.306764742,1493586922.31895,1493723249.77461,1493663679.44938,-2391027.11830557,628038.472281119,-20576501.1528916
2021-01-12 12:00:00,2021-01-19,8858827.30280204,3288422.56258962,23860244.7261459,64823.988808966,27555.9298040421,153831.882141632,57314.2722391572,306.293800875975,8015302.2138616,109310.983523944,10317.4445065873,1207210.15868955,4664085.08771592,2347737.55371525,9261802.91592127,146645.775180223,146152.586924297,147032.123051999,1299759.48149042,1495382645.47345,1495400227.59141,1495386324.46892,-7278129.66010829,-3677217.09900208,-26903186.8228958
2021-01-19 12:00:00,2021-01-26,8390613.97670477,3117325.93284668,22582954.1439485,55430.054320929,23249.2482764949,133141.625214651,55145.25879277,225.029713723823,8253852.87498844,95697.1579552534,8825.4976811355,1086017.7601742,4198600.58007961,2114373.45346078,8328415.19931668,217697.993222029,216834.830320375,218570.95410632,0,1493683820.97931,1493624554.19187,1493841578.94147,-4128682.26870221,-908145.978036776,-23384673.2482328
2021-01-26 17:00:00,2021-02-02,7319355.06572212,2721421.45838299,19760155.3264167,43805.6543510752,18112.8562122461,106929.369056236,48349.1386477885,150.57243343273,7776751.55273477,76927.030832216,6767.44628813402,901259.523453976,3483118.05460469,1758622.82546083,6908031.37680917,170357.445701828,169763.406591346,171149.274198259,388515.062402027,1493735726.58508,1493748861.19454,1493751850.38817,-5556798.42386865,-2437518.88155668,-23237329.4870762
2021-02-02 12:00:00,2021-02-09,7069178.02716123,2623748.56549487,19047151.758676,39342.4902323142,16125.5402190508,96919.1565392977,47308.2956362341,118.70730212536,8015302.2138616,70051.3411046845,5947.15108731064,850412.119636897,3242330.45971349,1635942.10205991,6433583.46282808,187489.122384053,186484.194997641,188207.371351122,953627.880441339,1492402404.61286,1492365961.89052,1492520912.67028,-3999285.14371834,-1064948.03109706,-21500331.504826
2021-02-09 12:00:00,2021-02-16,5980718.570929,2222137.99187235,16071282.2313931,27075.3711559592,10719.6831581615,69053.2928501707,40963.9299598617,55.3137804248951,8015302.2138616,50160.5488990693,3856.54056640617,663613.692702166,2474438.64446531,1247657.75190942,4907843.6305908,381510.855268281,379187.473092102,383590.468211941,63575.1920294226,1493152807.92162,1493207252.68067,1493233106.18667,-3129594.2168295,-567071.616885304,-19531066.3803836
2021-02-16 12:00:00,2021-02-23,6573718.69917059,2438241.41737581,17706080.6420504,33277.2523871618,13413.2501593068,83604.9609484583,44439.6251780628,84.9282028848622,8015302.2138616,60380.2178775694,4950.2184356558,762229.556757463,2879503.71899467,1452315.28261224,5711183.57369171,272071.45038798,271093.579978522,272997.441879113,635751.920294226,1493329757.81803,1493267578.82432,1493339534.06619,-5059712.94992507,-2206530.92374723,-21966042.1983214
2021-02-23 12:00:00,2021-03-02,6464151.83283892,2401983.42791734,17415268.128431,32129.4689702051,12961.9727902184,80907.8865913066,43817.5019595598,80.3284834794306,8015302.2138616,58303.5688192055,4721.85440332493,737013.846642747,2802819.64911654,1412116.31477228,5565821.04281718,290227.552491462,289103.990579591,291037.578975096,381451.152176536,1492466037.41363,1492520324.90434,1492502036.01432,-4106578.39719637,-1275197.77109891,-21035075.8917609
2021-03-02 12:00:00,2021-03-09,6347959.43956315,2359414.89119025,17107354.8621046,30810.9114598281,12339.9438777608,77745.8538320074,43132.900547935,72.225073772568,8015302.2138616,56402.219570338,4537.8940837462,731043.856610264,2718389.23023265,1373939.0198648,5392523.67122314,411073.750287566,409565.96312506,412259.28157823,0,1492246265.33959,1492258333.61849,1492326816.67364,-2347322.94778103,347223.09939441,-19046892.671197
2021-03-09 12:00:00,2021-03-16,6501236.1751914,2411525.33232007,17499804.9693286,31667.79304288,12686.4844387992,80021.3760342392,44020.9349897351,73.9002791205744,8206142.74276307,57890.4264102295,4613.14787367556,743778.11425259,2794298.84469906,1408969.37081473,5539266.37930648,608605.178148238,605834.490327145,611308.691813937,0,1493247784.88243,1493338104.7809,1493266899.74427,-616442.981616913,2258379.45914015,-17940938.6967581
2021-03-16 16:00:00,2021-03-23,8375079.16676048,3108403.91188208,22591703.2479874,57722.7355132801,24331.9163832559,137960.658787798,54838.8888116082,255.996526342745,8015033.13328166,98281.4325087629,8967.78387388413,1103202.99688791,4273482.5113077,2157447.6030769,8458053.15075587,525119.128003662,523081.423714476,526493.899558533,303748.13969613,1495863253.2076,1495776338.2154,1495939374.20718,-3945042.17681899,-529446.578550396,-22975742.9281865
2021-03-23 16:00:00,2021-03-30,8963706.29939299,3326389.23634817,24200216.4598719,65972.9655182664,28046.2690738987,156498.125939907,58276.4625649446,316.837314574021,8063012.34608697,111145.991886168,10530.587501374,1211185.56586717,4735992.21401158,2391347.99785405,9395055.87012782,420046.527974398,418602.355139266,421225.49783754,339067.690823587,1496009279.75476,1495967696.41354,1496175106.3502,960661.793139978,4211652.36674169,-18706493.248034
2021-03-30 17:00:00,2021-04-06,10608872.333161,3938576.55648043,28527862.2342415,100736.373605581,43887.2270408299,233100.372568159,66842.2812053677,706.319644524709,7056133.60811075,160707.028017561,16248.5123225927,1644342.50968116,6334215.71037233,3190667.35593017,12532789.9568159,631934.14280237,628909.778448779,634044.584725807,91830.8329313882,1501352072.2161,1501414901.98613,1501281158.98501,-5354536.9089962,-1371195.65441076,-25688845.6392913
2021-04-06 16:00:00,2021-04-13,14270197.5084793,5297559.95506017,38444548.0248349,185983.015965759,82334.8427339703,421919.932773844,86466.1540943365,1779.87626468952,4715981.07703457,280031.749079973,29593.543793296,2728974.55016614,10042753.5463846,5064065.93330414,19888365.9477382,675058.352634123,671457.537857751,677540.895214689,98894.7431568796,1500060374.30285,1500112491.36283,1500181635.64464,-3765094.93452756,529075.375112845,-25383724.8462033
2021-04-13 16:00:00,2021-04-20,12382078.7564428,4607919.11926056,33360881.777418,135741.21606181,59908.458985717,309168.29563056,76722.488257289,1116.02027415717,6130521.31801771,211119.322200333,21852.4729710038,2076671.11819676,7982627.36913513,4025090.73771173,15811937.6221354,842462.95049027,838021.909447577,847155.336903315,70639.102254914,1500499040.64008,1500573178.00164,1500485350.5096,-4026591.97712173,189946.835003096,-25283908.0568794
2021-04-20 16:00:00,2021-04-27,13512774.0439654,5013097.05874946,36381945.5113425,164149.147108222,72463.2322743292,372889.937874239,82472.6723062283,1471.20522133716,5180141.86971925,250621.553853709,26399.3289043139,2431502.97818388,9177458.36859054,4629157.54672522,18243189.9994709,687156.263670513,683942.759362108,690502.132684669,727582.753225614,1500523659.22855,1500578058.59724,1500573619.87119,7429576.67782198,12017886.4228421,-13972312.9811
2021-04-27 16:00:00,2021-05-04,21187851.1788084,7903994.36166781,56946820.709593,492892.605472635,212064.092404428,1143827.90800258,121495.683187742,3606.16774900221,4586561.19702594,656461.716557511,65960.2095731864,6609632.69301277,19679137.5601217,9930568.12777945,38988616.8460336,760709.355404621,756670.243244461,764903.77632212,91830.8329313882,1512826221.44457,1512766116.53433,1513119419.56632,-6203453.48375152,-1918189.63041195,-33609057.9340698
2021-05-04 17:00:00,2021-05-11,24418005.7874675,9078379.82051135,65679264.9009555,612302.880728565,263769.142168574,1417654.57724291,137503.983958752,4798.41531185365,3912060.51501523,810621.681649199,81843.9011476111,8206215.96611375,23834264.4577396,12018631.9913583,47251089.8017464,768058.814084365,763864.929434952,772131.151867554,247236.857892199,1508733453.06225,1508782211.31847,1508791447.22921,11629662.3369678,16396044.9174217,-18203064.4719357
2021-05-11 17:00:00,2021-05-18,23611070.7913803,8772930.32813044,63528802.1723093,586617.370843865,252218.068482885,1361057.97537896,133633.254583419,4499.11282484871,4012410.32019794,773245.135125495,78057.4692193865,7754952.16813221,22853071.4236371,11522053.9971858,45333133.8830416,918012.49404207,912323.926515858,923389.568100112,190725.576088268,1521986463.31909,1522018358.71014,1522081023.36287,-11864606.9047921,-7282709.33191417,-40980506.0421649
2021-05-18 16:00:00,2021-05-25,24991155.4819628,9276589.91508578,67492897.0230155,683365.720614091,290852.691431667,1601968.2591125,139701.553626502,4540.17266885646,4309753.23386046,885125.767603625,87095.3509770837,9124882.23007396,25377031.9387418,12817472.9985188,50248303.5193318,756001.396195774,752323.295386122,759416.310906135,833541.406607985,1511646064.62464,1511629277.42894,1511662366.662,4545431.70274251,9194344.03288369,-26463055.9509424
2021-05-25 12:00:00,2021-06-01,28338736.3962729,10546693.5228123,76111513.6987473,823937.803501411,351176.335969067,1934853.15234815,157066.220397618,5044.19927178533,4849508.05990783,1059067.63002545,103961.460389448,11000732.6225944,29814603.0737695,15050851.5741933,59122317.1392091,817151.977657531,812522.31328228,821571.224609325,176597.755637285,1517591352.92286,1517521543.80043,1517779533.93775,-3089963.21853758,1438766.91309546,-37334896.4830466
2021-06-01 17:00:00,2021-06-08,33628991.1125608,12500045.4751721,90475113.6080792,1228344.36189867,506291.770049812,2976427.55027031,182162.338335756,4522.05861985111,6768872.72974757,1505270.77580495,136815.906288281,16918720.2999336,39611495.132605,19954481.7871177,78567788.1594406,1087802.72464318,1081533.09557255,1093779.84716455,56511.2818039312,1514425040.45873,1514315964.2428,1514538400.23745,6222703.54423407,9987818.70285645,-35368950.6431295
2021-06-08 21:00:00,2021-06-15,24627883.7328603,9155922.45260934,66257110.1401921,632810.94308685,273474.907573496,1468187.06984917,138694.813273586,4939.50739302129,3954539.65197037,833040.403141076,84331.7107074689,8404140.4161898,24344501.1528345,12315644.2480824,48263278.8328172,796648.152557483,791532.626564959,801385.613225042,1094906.08495117,1516549726.01612,1516481091.0629,1516694390.54955,-9058075.57436105,-4463835.8779972,-38967974.4460205
2021-06-15 19:00:00,2021-06-22,23731081.0977091,8813071.80600726,63822259.497865,610083.097566538,262857.652323351,1421387.71501881,134121.533898528,4622.29460841496,3912848.01420434,802087.24939689,80902.8514322563,8143592.92136786,23442890.8131904,11835971.4701622,46569862.9262011,1051729.91646112,1044362.01011506,1057608.55642674,339067.690823587,1509677837.11368,1509627335.53399,1509736952.46014,-3933946.55674303,541158.220732385,-32770026.0425518
2021-06-22 12:00:00,2021-06-29,21482492.8779464,7978628.24011996,57781374.8980646,438302.96799077,192152.676557994,1000357.35196344,124007.679454591,4310.52385453491,3698215.34227138,603464.959253535,63261.3525429963,5855779.04706415,18919375.5953434,9529630.9027119,37539436.6961563,1140095.03989957,1133203.88540139,1146207.0309052,346131.601049079,1506865710.49668,1506868993.84809,1506898299.49579,-7500720.67068154,-2510403.90579116,-34561509.7283611
2021-06-29 19:00:00,2021-07-07,18910512.8568268,7022358.98200955,50796570.6168782,311007.246026206,137241.658689684,704970.160980014,112026.1740763,3214.9423768825,4204146.96767286,446088.344203546,47600.7056127584,4259912.89894161,14941942.0610184,7528747.73828449,29650388.3794279,1475668.00437422,1465406.57119004,1485727.29191969,98894.7431568796,1502299919.27645,1502303698.63308,1502309545.19601,-6131630.36156713,-1053505.13797128,-31560800.122332
2021-07-07 12:00:00,2021-07-13,12349196.3407606,4585458.39812897,33261003.0673715,151439.194952079,67016.3329574967,344648.934041822,75529.6184239766,1352.70211269974,4652887.63765501,230547.24635192,24273.1831827139,2250021.23944433,8417947.41121362,4242294.35274858,16711227.0391088,1006196.45850062,999600.698253433,1013015.61073323,0,1499629208.21378,1499671278.22703,1499571196.78041,-5374632.7753043,-1279922.08805991,-24802986.3925407
2021-07-13 21:00:00,2021-07-20,11255014.1527482,4179961.9373243,30288101.528172,113152.279244911,49326.1658352442,260152.207774449,70299.6730307599,837.410628648065,6809138.32415661,179250.760777057,18330.4716026746,1795003.16086831,6950420.63689951,3506031.84843609,13780248.5542607,1179277.07172937,1171031.27919985,1186933.41408478,0,1497637143.96925,1497652610.06316,1497727480.25773,-5059435.03324204,-1162513.37499498,-25819456.0101259
2021-07-20 17:00:00,2021-07-27,9904315.79290815,3675394.91599587,26716281.4259186,83347.1845208893,35857.9731660484,194906.413679964,63246.2418317738,502.201294725234,7908762.80970092,136691.716825458,13470.1933914257,1429763.7364654,5594503.68043725,2823195.56071196,11082336.1571526,992810.201401021,986099.392578013,999723.21262274,0,1496065728.09318,1496018367.30566,1496136359.74049,-4180344.56574788,-489205.679938112,-24770030.7122294
2021-07-27 16:00:00,2021-08-03,9347895.25983334,3465817.03872176,25120576.4535944,69632.5655462592,29675.1068774539,164888.583506994,60546.2550218534,341.731018153988,8301563.0072138,117083.512195741,11084.4122564703,1271445.52318902,4967025.33513741,2504170.57913291,9861268.26071488,937279.589751315,931192.331495421,944021.210323814,56511.2818039312,1495485670.58168,1495415991.60942,1495563084.39111,-3466227.53410235,147904.942930703,-23820595.4577296
2021-08-03 22:00:00,2021-08-10,8470108.23271763,3137080.00445374,22842637.4772734,60783.1520952869,25808.6836954188,144696.653271925,55029.82629011,280.31657570213,7776751.55273477,102742.722652126,9611.31530254458,1136428.53002291,4411251.67274888,2223931.00752015,8750792.42016395,688767.987681567,684716.566060585,693069.984471772,635751.920294226,1495766806.99709,1495705091.52996,1495839055.99409,-5723565.35930911,-2362700.72806096,-24562369.3190913
2021-08-10 17:00:00,2021-08-17,7899697.41750317,2935731.52184103,21277854.509667,52340.0390909586,21959.8177505255,125970.158444941,51702.7054416076,212.465491466728,7729041.4205094,89965.7862063032,8201.80665477902,1020973.07516632,3955158.88581335,1992180.00082732,7853225.18159614,915140.574186559,908550.528350738,922348.144948749,0,1494267637.8314,1494235125.93983,1494376239.93277,-3951256.70466206,-920431.51747981,-22132802.812973
2021-08-17 11:00:00,2021-08-24,7754488.89497208,2878498.18254022,20888790.1578933,46056.0156008778,19073.1909695572,112473.188573217,51459.5338171724,153.673019056926,8301563.0072138,80911.245526507,6998.6808556005,948273.091656539,3678215.91215535,1856606.13170293,7297212.53040266,535515.621287452,532607.394636004,538831.666474338,218981.216990233,1493539787.61498,1493480588.9641,1493521183.49785,-4392708.33638401,-1093313.40602564,-23040087.9207399
2021-08-24 17:00:00,2021-08-31,7182063.64012971,2669927.22427252,19371595.1810138,39110.8420065459,15954.6574678418,96565.0014603116,48068.7542529369,112.863341294842,8253852.87498844,70002.4410626238,5880.18398227215,851060.070479511,3263158.28074053,1646882.72230904,6464003.70957737,803833.142227686,798657.100642846,809194.678215525,289620.319245147,1493085244.65206,1493074537.50881,1493162361.50986,-4399393.91061873,-1399272.54613718,-22297823.3597643
2021-08-31 22:00:00,2021-09-07,6340103.51449194,2352944.92841537,17068716.8539857,31122.7992005255,12480.2863428928,78442.4924947494,42914.0660626333,75.2168934211702,7919881.94941087,56771.8982598941,4535.50685372092,726127.327613559,2732285.93892856,1377934.90536374,5426320.58200714,829491.016260054,823889.134493528,835402.678280296,0,1492247725.31517,1492366209.20844,1492299044.38908,-1589009.23717641,1179833.4399618,-18239862.6219774
2021-09-07 20:00:00,2021-09-14,6610208.06185966,2450826.58431029,17793296.1184395,35206.4596654511,14337.3421861649,87423.2715863638,44408.4449559125,102.166068779556,7824461.68496014,63117.0423804359,5256.77858877862,781472.169130049,2959403.77484858,1493341.24276462,5870848.31657723,581308.54069768,577855.224373529,585438.686005477,543921.087362838,1493567851.40082,1493657791.94968,1493647089.72769,-3651195.19747806,-856260.894138734,-20439230.3878063
2021-09-14 16:00:00,2021-09-21,6964621.58409774,2583190.09908034,18782616.7460373,37226.937125526,15187.4477606571,92600.6797143543,47025.4493821825,103.223366802343,8158432.6105377,66790.386555903,5596.77902343046,822464.584469116,3134677.04356966,1580986.9830609,6207062.37224607,520165.600132004,517013.768290596,523329.480588036,543921.087362838,1493672804.98402,1493792848.89077,1493734076.32493,-5067596.70015243,-2224573.57336246,-22845302.2558571
2021-09-21 19:00:00,2021-09-28,6537867.88751187,2423135.07538151,17652627.1577016,35016.5951568275,14220.1768215028,87006.1091071534,43907.3068057415,96.6503375003077,7633621.15605867,62769.9181661248,5280.27717922057,769696.252391219,2943557.60130853,1482374.07455543,5831882.01153355,639697.080701239,635654.123953467,644606.044660446,0,1492609951.08469,1492617190.4902,1492559500.63681,-3742329.60619101,-863012.995200992,-20339230.1656548
2021-09-28 11:00:00,2021-10-05,6464995.90108495,2399927.89430719,17434698.9991511,30751.4209757017,12243.3112569306,78128.7794973732,43887.7548854518,68.9514432583697,8301563.0072138,56471.455039271,4488.61419838444,725455.00823236,2739846.51247825,1381001.17484148,5428725.98960762,454288.405287825,451896.339267991,457192.64213231,141278.204509828,1491963928.50413,1491944422.94361,1492021191.62282,-4191511.73979899,-1289818.70553599,-21372520.4828946
2021-10-05 17:00:00,2021-10-12,5688956.36374987,2115999.54845475,15328979.5273527,24221.6090642081,9494.57248709718,62610.4008433402,39267.8455644221,43.8376368493531,8015302.2138616,45433.2895394828,3433.89479028744,621499.71459459,2283669.39878648,1150324.84243933,4533783.68907653,466844.667155087,464025.814781092,469928.023670186,56511.2818039312,1491315666.58306,1491367107.82758,1491456482.37889,-3647575.66410046,-1224529.83086254,-19592312.0391896
2021-10-12 17:00:00,2021-10-19,5269190.33263947,1959090.85075742,14201754.94169,20399.7644693368,7813.40117471948,53874.7466252773,36742.4268798432,31.6118693878148,8015302.2138616,39071.1004087348,2772.54775273365,560582.200705311,2015287.54789782,1014186.62768135,4001786.92076033,397218.436588948,395733.695414871,399657.909736021,56511.2818039312,1490771967.24274,1490855987.2141,1490803085.02598,-2049852.40972448,353263.592178045,-17655496.9335597
2021-10-19 17:00:00,2021-10-26,5319724.92123819,1977501.40481316,14340718.3072764,20751.7282012967,8010.34989713588,54715.8843262418,37141.0396618096,32.4583553137531,8063012.34608697,39557.2354752938,2851.56151928336,568869.34419064,2039838.0619476,1029969.67750637,4044036.48101071,327535.354942144,326110.330388072,329621.992607923,1080778.26450018,1491731523.75473,1491687070.83473,1491772647.98842,4306993.21616289,6704191.36385942,-11241558.7886816
2021-10-26 18:00:00,2021-11-02,11476277.2346534,4250025.1424012,30982364.7958431,146554.125804544,64196.4630685698,336375.637134878,71009.3635812911,1357.92133143704,5901350.95159304,218010.535147283,22565.5302267292,2174245.8228844,7809730.85402346,3931347.69150813,15495406.6490459,231373.532722058,230650.746375985,232316.38079192,1575251.98028458,1500169096.74308,1500179947.71881,1500189933.38347,-8353690.0787154,-4478601.86792849,-28136048.8358723
2021-11-02 16:00:00,2021-11-09,11598003.6685205,4305721.31148916,31183319.545308,116149.870845678,50859.5204674424,267363.947335584,72549.0547761455,857.091338931069,7058204.54028625,184387.285331663,18844.3507776347,1860724.27088429,7150313.46634286,3602308.6032028,14179371.1322297,197019.843938432,196351.890131024,197811.718803071,543921.087362838,1497261405.51709,1497285765.04084,1497462730.11497,6892681.5372645,10888228.2259477,-14652366.727024
2021-11-09 18:00:00,2021-11-16,13469090.5912381,5001221.33141656,36242385.0643947,190922.016225087,83551.4870820946,437742.895017875,81803.7930108478,1615.21964710494,6275795.30369419,277875.865316462,28584.3323508927,2746741.60366464,9662851.35837142,4887695.14269417,19148276.0699204,132497.150662637,132159.085051279,132851.868178422,1349206.85306886,1509321764.71091,1509169748.85396,1509472501.20902,-14527482.6103352,-10421363.49193,-36611947.5350715
2021-11-16 18:00:00,2021-11-23,16206644.0639362,6017880.93345417,43617547.7370293,253527.446155344,112351.723999601,575487.75831751,96504.1360524618,2496.14797638534,4247152.97198347,366465.470727493,38900.367664636,3533874.9070624,12456462.4864215,6281932.14359831,24763512.3004001,145961.611784648,145525.714724374,146421.269510801,353195.51127457,1500367832.7104,1500328545.10063,1500495462.71291,-3571697.23860003,919961.609223393,-26268087.1981463
2021-11-23 18:00:00,2021-11-30,12421306.5830175,4604406.44831725,33467968.2655883,137151.29795774,60281.6380065947,314392.251310059,76979.9839176981,1123.78937777876,6191726.74224788,213020.399930645,22018.5590045931,2095477.16230596,8034874.63184401,4054934.06029812,15949569.0795491,125498.390575018,125205.399863163,125798.417930669,1426909.86554926,1501470048.00174,1501477783.21824,1501512791.14818,-4592958.70891382,-389784.405344119,-25822134.3195617
2021-11-30 18:00:00,2021-12-07,17180292.3845327,6365139.31804703,46290917.4368889,288253.251991899,126979.635506475,654469.824419935,101219.140457874,2978.30405244284,3826153.05171002,412278.742719837,43526.4651096982,3963939.39664929,13694617.8400837,6909245.55508743,27185534.1977698,93303.1504649486,93060.6575867435,93515.4271502885,1073714.35427469,1502992084.40078,1503076755.6882,1503057607.58293,-8844526.56750825,-4219874.78159636,-32232670.1546929
2021-12-07 16:00:00,2021-12-14,14087148.5732894,5242817.96240798,37932914.9822653,177693.849296965,78234.6259484797,403962.414657606,85740.4602184864,1651.87371424198,5092722.46016592,269575.155826951,28594.7868923263,2611081.22419694,9746151.56278729,4925841.43958591,19319761.8509898,86322.0139162384,85957.7761848977,86547.7868029257,882988.778186425,1499415394.7167,1499374229.97253,1499447764.66565,-8282878.62323472,-3812721.44279854,-30019949.5663192
2021-12-14 19:00:00,2021-12-21,11166605.1430079,4155744.76143747,30088689.3401004,106161.474248879,46275.9950820199,245166.143295808,70204.9719469992,733.000441504483,7568466.11888631,169628.272143074,17173.1298181373,1719433.38151414,6700047.01263451,3377652.81088937,13268522.5448599,88016.7974125038,87468.480329205,88396.2657260035,1285631.66103943,1496803189.33358,1496871640.62789,1496857532.03423,-8059895.82446918,-4053515.60447988,-29669377.5904802
2021-12-21 22:00:00,2021-12-28,9195253.49885813,3402661.0078149,24744029.5135285,72929.6898637339,31221.2760009991,171354.189202814,58944.4655132445,394.759136352195,7798081.81013221,120923.087180864,11709.3511956963,1289656.89304155,5036479.43992167,2537036.44139363,9990659.87823974,77981.5398544581,77659.282762873,78308.2279544869,1080778.26450018,1494753461.22145,1494752730.87166,1494844453.68635,-5553421.07216006,-2167020.4485917,-25070920.5460909
2021-12-28 18:00:00,2022-01-04,8266124.81784644,3075102.29560047,22267062.4227176,55465.0377515899,23339.2768567048,133065.683035532,54101.6118677338,226.340845278954,8015302.2138616,95340.4593227381,8653.76403864572,1072658.95510627,4172705.58680096,2106373.44448738,8267964.77960113,135427.898215571,134839.758051574,135895.04877888,240172.947666708,1494614408.17543,1494696742.88978,1494589502.17225,-4984419.24491864,-1646314.40937895,-24056823.5650677
2022-01-04 18:00:00,2022-01-11,8030994.22842377,2987257.94576117,21624906.1640529,52318.5176705034,21933.8235154846,125866.968323087,52752.2428600928,204.169961981202,7967592.08163624,90144.6548818292,8181.93735341146,1021800.71073719,3987138.45632242,2009054.00826487,7911097.2983854,104984.5801201,104523.102612682,105460.120456032,1391590.31442181,1494033060.31995,1493964321.71872,1494049469.18534,-5158271.45211562,-1767203.63844634,-23743280.0392898
2022-01-11 17:00:00,2022-01-18,8032920.80462041,2982735.52055519,21585565.6107363,52640.8323339427,21989.2552958721,126607.248306506,52694.3684604455,211.891146363927,7919881.94941087,90944.7744891599,8222.65883205864,1030295.11302855,4007306.1426177,2019548.61512295,7941869.23255727,138332.74822062,137857.579772649,138674.372760449,543921.087362838,1494400465.78965,1494336240.49976,1494577856.62703,-5465575.90562841,-2391372.8441567,-23874548.8300973
2022-01-18 15:00:00,2022-01-25,7682686.86668137,2850129.05858816,20721873.5395929,46421.9380910944,19280.0075027005,113131.682914095,51039.4482650045,159.567068959597,8110722.47831234,81283.5982338243,7146.44931670801,957425.239561696,3670308.99349096,1849951.5241417,7293028.65252122,187806.424919021,187093.038961314,188455.651738474,558048.907813821,1493562372.86045,1493587419.07319,1493586158.00117,-4919542.8329251,-1720079.21614732,-23318664.127055
2022-01-25 17:00:00,2022-02-02,7243735.92837472,2692108.01915787,19572997.5286495,39362.306817869,16074.899011081,97153.3402635738,48466.2980643669,115.019198716269,8349273.13943917,70434.7258357193,5934.95862803797,868766.089888231,3284457.24874309,1659491.39338702,6517689.85151105,235369.984143409,234461.806074868,236165.364590545,381451.152176536,1493204195.3682,1493248472.49007,1493263798.21221,-4502694.66838273,-1303263.38017039,-22830603.1419955
2022-02-02,2022-02-08,6278239.64025776,2334694.43571203,16900680.4156169,32063.2321746859,12940.417911477,80073.9305283027,42407.8258935459,80.1031567523297,7633621.15605867,58100.424260808,4759.23271134984,730132.938536852,2758848.66767676,1390835.40141252,5469291.80787039,180114.302794444,179262.544567154,180687.348265198,332003.780598096,1492965123.8782,1492933655.38239,1493162265.68075,-3961521.37730378,-1355434.38255996,-20292751.7754632
2022-02-08 16:00:00,2022-02-15,6640088.69014149,2464279.48746174,17882852.1599956,33921.1320388124,13706.2286257974,84826.8650941224,45045.2540120718,87.8701671269386,8063012.34608697,61542.4605677151,5063.56501011172,772352.76097741,2921838.82953803,1475816.13106361,5795638.16958011,346257.761104209,345001.092482142,347375.155195838,63575.1920294226,1492807454.43361,1492667436.67213,1492921211.3223,-3613894.06790726,-721306.792818396,-20610353.1969276
2022-02-15 17:00:00,2022-02-22,6448163.29012429,2392543.54499757,17345494.9775553,32016.1889048072,12843.4804021056,80382.6194030965,43749.0022076426,77.2767174760375,8015302.2138616,58407.6895234197,4717.64583582877,740068.859352282,2797306.13707125,1409621.59781367,5546125.69951613,201744.950956872,200962.360946838,202492.771363545,1603507.62118655,1492769636.50385,1492780689.47461,1492925799.64923,-4062539.65538849,-1308713.16137914,-20995580.2902093
2022-02-22 17:00:00,2022-03-01,6120443.58063294,2274320.25266331,16476159.2892005,28569.8863530607,11368.4657688045,72755.1008026786,41745.2294069198,62.8464260217544,8015302.2138616,52610.1836512595,4111.721316915,690873.818298554,2568937.49450675,1295266.9307749,5090937.87501528,436917.208413004,434845.76909015,438637.79053376,1970830.9529121,1493893889.55238,1493821247.00488,1494020192.09823,1352959.75720341,3972599.64466801,-15022118.3465262
2022-03-01 17:00:00,2022-03-08,14463252.9818821,5375689.36013328,38882086.9108813,192079.606739754,84738.5615389294,436829.170614189,87741.0938948652,1812.37767874665,5321429.69097122,286558.8689534,30155.3379004346,2780212.97348399,10211302.6946107,5145378.25975391,20267593.240707,299786.971554502,298456.524115281,300703.726687182,1426909.86554926,1500455194.43962,1500495474.36788,1500523373.28212,-8673342.41473425,-4182610.48633148,-30909392.8532058
2022-03-08 23:00:00,2022-03-15,10813910.412348,4013716.09574209,29118017.0878764,105498.481333073,46118.3594690841,242814.463585633,67730.0150298125,763.466587944635,6995017.12507339,167982.452196479,17029.6906377233,1703194.37201555,6578965.16315507,3320833.98380526,13050091.9815608,544969.07548743,542145.90975563,547113.421586701,452090.25443145,1497727304.77574,1497865253.15878,1497816233.51472,-4476793.7396161,-672082.566227464,-24909703.410355
2022-03-15 17:00:00,2022-03-22,11162763.0234405,4149176.78641026,30000949.7027734,103820.785989802,45294.2575175708,239783.787038416,70372.1348986476,700.520736813131,7868708.59131757,167417.716246259,16856.7663915129,1716710.70488054,6626273.31970142,3340420.12665353,13155176.5611303,411241.247690421,410093.502226814,412107.618326053,282556.409019656,1497733788.41282,1497869477.64826,1497810888.9218,3180684.3961968,7170975.4150847,-18649435.8070632
2022-03-22 22:00:00,2022-03-29,13288476.7908238,4936414.206947,35828350.7344536,169592.111638381,74711.8955665021,385752.933218393,81005.7679582726,1601.51432288095,5277975.00734278,255248.565716358,26861.2257604129,2487359.98825813,9211381.42316142,4637909.67775843,18284238.1128092,555171.317046752,552880.740477345,556460.840211897,35319.551127457,1505663888.31122,1505761466.85677,1505725935.44808,-7216445.90985603,-2939382.36956863,-28489784.8728292
2022-03-29 17:00:00,2022-04-05,16823067.49284,6261344.26218956,45305477.5022702,271902.89202384,120363.757331234,615002.158831866,99515.7609152756,2795.52944524699,3819357.06021631,391461.277411732,41300.8654229776,3747708.67094626,13166812.1368119,6637762.94293334,26101174.1135688,539420.77601516,537232.369023096,541001.553023468,409706.793078501,1502510532.44842,1502445741.24532,1502670671.054,-5259007.59497241,-789304.969620881,-28023331.818041
2022-04-05 16:00:00,2022-04-12,14215640.7744441,5267235.68282203,38288317.7302346,185085.040175831,81748.6176518766,420793.599031435,86357.8607242326,1753.71051159826,4752265.7439136,278648.2879193,29342.957083874,2694354.76655171,9996625.29991472,5034412.10612045,19839525.6896353,562908.473384035,560567.397422464,564427.121946427,162469.935186302,1501540946.15689,1501677485.94603,1501541881.97989,-7018079.37883097,-2588833.23379299,-28633912.6934358
2022-04-12 16:00:00,2022-04-19,12531383.0598391,4659184.21479655,33728215.4888335,139877.90114702,61471.2781230104,319574.055367682,77548.1163864737,1157.86208634577,5970617.96893088,216975.623685174,22529.534096362,2134391.87092648,8152159.77048972,4115992.36723115,16195303.0793371,688196.379464785,684800.582727596,690929.248614618,367323.331725553,1498891534.90321,1498957822.21593,1498900620.14581,-3681042.66670877,530415.956631128,-24917456.4034323
2022-04-19 16:00:00,2022-04-26,11154777.5870137,4139231.41939165,29997199.3998308,108422.936061231,47245.4558355895,249723.974576644,70031.4541079398,776.471202583153,7277696.75821701,172652.337288104,17491.5876250203,1750070.74748177,6768076.07450567,3418050.00766188,13430517.1493549,677564.054401105,674880.230851955,679375.660417434,190725.576088268,1499703244.11933,1499674256.20033,1499741909.37331,4091190.75007745,7996245.73304063,-16876522.2745621
2022-04-26 15:00:00,2022-05-03,16187920.0750495,6014994.78164051,43662435.5642361,238007.19200376,105161.504157409,539500.405807164,96957.3386350259,2347.78332243545,4533279.55277415,349072.964637606,37140.4648957422,3363552.33644763,12064624.9028603,6075578.69281071,23918459.6148016,613325.311325459,610904.970004284,615804.295397525,77703.0124804054,1508045404.63106,1508153257.57219,1508040695.37798,1115614.55731946,5860963.06940845,-22384171.6998264
2022-05-03 22:00:00,2022-05-10,27242462.0522727,10111273.1185089,73521664.4191577,839271.88325128,352926.690192264,1988948.4177867,150455.117143877,4513.86857619775,5020872.06677865,1064704.59783196,102613.477703912,11342790.3215821,29399625.2172216,14815633.8192206,58284048.8540734,666500.446718958,663900.630148737,669729.789232639,932436.149764865,1513432729.557,1513411292.83391,1513452522.33107,881982.834165898,5138841.47383326,-32902030.0710339
2022-05-10 16:00:00,2022-05-17,22958347.4692905,8503672.33422812,61903249.1333856,511087.09266102,223077.566483617,1173747.05652102,131597.929962715,4688.16775283819,3765578.06669719,691447.668519592,71735.6024044494,6813962.92403654,21113774.5171979,10650421.6275214,41891397.5329874,746338.090039303,743002.336989957,749286.220763016,98894.7431568796,1514477916.52749,1514362195.49464,1514615592.66028,-8101805.83297342,-3220050.16297455,-36617327.608857
2022-05-17 23:00:00,2022-05-24,23747909.5238276,8818473.39936459,63920850.3749765,608077.359299094,260941.395579733,1411545.0662297,133994.418166045,4594.72955528745,3929290.65833985,802237.056827687,81095.7984779402,8149480.55596548,23415650.0347943,11818875.6889967,46442841.5751829,688389.17995358,685064.313180492,691345.464587094,480345.895333415,1508907372.99087,1508859616.05583,1508904186.94682,6941062.33315406,11549100.8214062,-22098018.3605748
2022-05-24 17:00:00,2022-05-31,28698230.9844873,10675845.4595683,77263280.3096422,871702.816491251,367972.209461601,2069766.44915644,158371.944809005,4781.45118331479,5199454.56596608,1106898.68808834,106301.476724376,11736225.4768009,30750234.6633534,15504771.5180757,60996050.6768282,604948.787163603,602112.022424585,607811.09058382,649879.740745209,1517516960.36273,1517518923.20633,1517594798.98436,7145349.72021592,11574845.0732174,-28058137.5251789
2022-05-31 22:00:00,2022-06-07,29168834.9170975,10852107.533859,78500923.3458209,960205.091070472,402132.195525418,2286412.58357017,159951.641707153,4554.5381030889,5448488.34761115,1200128.30515389,112960.030566198,12978852.3255184,32617395.3749578,16463365.3669429,64718408.5257402,722271.574056057,718130.535208783,726139.668392448,720518.843000123,1524792210.80705,1524775530.45605,1524867540.85476,7435928.15768475,11308262.4451379,-28189379.8144181
2022-06-07 15:00:00,2022-06-14,36860079.1946426,13684813.70866,99552311.1567576,1544894.65216724,622305.070601635,3830764.1936636,196390.927504925,3947.31689312793,7366568.55629489,1844389.95665596,159724.12663034,21778791.6560063,46504105.1588104,23461024.4744634,92141481.688581,735561.473435851,732689.356503507,738447.591927047,2882075.37200049,1531098110.81375,1531076797.89302,1531086580.5388,13302210.8286849,16359624.3260012,-33094922.1692948
2022-06-14 16:00:00,2022-06-21,37504531.6579178,13901464.1941024,100901796.796406,1588241.19454854,639916.366388385,3913820.79255018,198862.803491235,3833.76467145894,7807017.37811363,1898419.75757461,163489.149691043,22570544.1513535,47613960.5190737,24008528.4199725,94266035.4319235,751254.407209064,747233.178250854,755612.658534414,1907255.76088268,1540488485.11316,1540512457.37794,1540605356.62862,-16128104.2390219,-13366948.9269025,-63456527.2197178
2022-06-21 16:00:00,2022-06-28,35734412.2221058,13276023.4922612,96552410.4450552,1457937.98464936,588327.742050341,3593241.29768254,191295.25549208,3987.04128953697,7029908.74043424,1749670.93413704,152693.178938812,20537281.1003502,44453650.8624425,22407809.7026818,88331623.7336754,1026134.75609557,1019895.41283371,1031200.98647972,0,1519092477.12227,1519134716.94707,1519098605.33923,1479177.70816357,4576129.98076557,-43299639.2954368
2022-06-28 16:00:00,2022-07-05,28260607.3724391,10506097.1087782,76013483.5443187,840455.31273439,356324.251533468,1982749.57352304,157002.876151933,5014.36044845481,4890582.86185188,1073938.59287556,104119.682044243,11183205.2631275,30055124.7979569,15143610.1187934,59597646.4405684,1000227.45726561,993672.163248017,1005917.4434689,353195.51127457,1514225185.60828,1514185094.515,1514268061.65902,-4598115.03096292,-99044.125947364,-38789961.4247185
2022-07-05 17:00:00,2022-07-12,24476438.2087319,9083697.07981625,65932852.4321079,607116.287536768,262298.406131032,1407059.48628788,138530.076376343,4905.96434804825,3920260.83976794,804848.841444477,82394.7926983806,8018718.46602171,23768759.7377329,12019906.1656063,47123320.3098576,976105.028985702,970882.409718109,981244.85714094,21191.7306764742,1509256917.98757,1509214785.96034,1509356486.16511,-4998163.97081745,-112271.969005892,-34804149.4975634
2022-07-12 19:00:00,2022-07-19,19481554.3922777,7245013.64661195,52409657.2789279,376785.584080215,165559.814127639,860548.228274017,113076.888024525,3813.57527009889,3512170.59285946,524563.96711151,55701.5903500124,5088736.52088703,16692899.2135112,8417549.75780879,33037457.2577357,1149387.41602716,1142060.58587172,1155726.43416098,155406.024960811,1505562014.3948,1505606154.25064,1505707913.59445,-6377017.23846637,-1723385.13128988,-31410959.6831225
2022-07-19 17:00:00,2022-07-26,16144598.4737244,6004456.9537252,43531192.2274377,245632.017470098,108808.139701563,556135.123826468,96666.1828246863,2514.6016041679,4081317.65399283,357642.149181349,37790.9344967141,3433768.51613921,12260313.0299075,6180380.98721017,24338594.4190315,1070522.55211815,1064366.49942675,1076473.05657603,63575.1920294226,1501994097.38325,1502028529.52153,1502050412.7708,-5576787.11906416,-910353.395060282,-28261315.7149479
2022-07-26 17:00:00,2022-08-02,14029606.9978622,5213303.19010379,37760986.917817,179455.572007852,79296.0174527005,408199.62778211,85304.5276291578,1655.55939066079,4876113.41861493,270693.894823041,28747.345870956,2597125.62126188,9777833.89238109,4937192.42716047,19384448.2245094,1122369.89876718,1115239.6268833,1129434.42367721,0,1499994588.69739,1500018135.0444,1500112457.71066,-6162303.41939396,-1784430.22294436,-27660328.5444793
2022-08-02 17:00:00,2022-08-09,11715512.2112172,4366703.94551817,31631303.7135558,121190.580619772,52956.0060196867,278747.22242429,73101.7153921479,955.508035641726,6629093.6274355,190915.66413856,19784.5485131647,1903967.7912179,7337001.4903266,3695835.52660113,14543973.0691111,1077654.24478662,1070595.9535783,1084431.33617888,0,1497497142.47917,1497486349.43721,1497598597.54649,-4922158.00163458,-970157.712257248,-25997185.4534236
2022-08-09 16:00:00,2022-08-16,10336623.341066,3838871.09619411,27887900.7860036,91031.732311635,39342.264059362,211156.375895333,65652.4788525186,565.445006587273,7908167.98677482,148151.244029622,14812.5373115825,1539580.58714303,5973769.17112143,3006800.536662,11854145.9044885,915757.717915144,909101.774160939,922099.12053153,7063.9102254914,1496261048.91379,1496303871.93313,1496302408.36214,-4625231.4694186,-795984.163554223,-25673595.4067324
2022-08-16 16:00:00,2022-08-23,9324885.61269736,3456168.69428642,25144520.8830399,71839.1767557887,30740.8492994696,169530.354525402,60127.7515418521,371.268678331187,8061690.76261231,119874.190747003,11442.3276342468,1282595.62007865,5037238.90533637,2543027.98516321,9977313.49042061,952929.216691679,946628.342880062,959518.936999048,14127.8204509828,1495394813.26182,1495407901.14742,1495491177.14056,-4590432.0580951,-931924.367486079,-24736739.8018375
2022-08-23 17:00:00,2022-08-30,8611568.79995708,3200050.34069085,23207165.8825405,61537.1079944551,26070.1758273901,146311.62145685,56035.7037949507,285.154690344407,7919881.94941087,104448.603573556,9762.72797224518,1156373.15664053,4477624.65368488,2257543.86690553,8891126.97712739,701253.004050183,697699.597270429,705327.986069414,204853.396539251,1494405067.63389,1494406794.35887,1494582447.40538,-4751151.36215402,-1476509.24262425,-23925123.2169413
2022-08-30 15:00:00,2022-09-06,7946715.99372394,2947874.40351454,21363959.3561376,49578.2285835634,20581.2441548273,120167.033685345,52435.7416027576,183.209705603984,8158432.6105377,86405.3041341942,7644.29998452093,995269.807608461,3861108.12281451,1945592.11048305,7658915.51682809,875893.672634149,869733.663563183,882525.307134326,0,1493513482.22586,1493519802.18532,1493591716.4943,-4364946.30009591,-1075913.52558311,-23073934.5236266
2022-09-06 18:00:00,2022-09-13,6928312.48705508,2569685.26159703,18643995.5612516,37941.275754421,15481.5564819176,94074.1047456397,46407.087347944,111.628183223115,7919881.94941087,67857.0319005848,5760.24603092563,833135.208381184,3155539.28970556,1590733.31490418,6263292.14307337,790632.216019957,785382.163688715,796681.525213367,14127.8204509828,1492546669.39836,1492542255.6457,1492676760.35203,-3741869.11499353,-781918.02236115,-20912299.4200734
2022-09-13 16:00:00,2022-09-20,6362860.77972288,2366982.79343646,17131471.87861,31008.6892982755,12409.4194254532,78209.8862716586,43129.6288842103,71.5208646309983,8015302.2138616,56794.9334623352,4544.28526114922,728869.441501336,2731233.77683099,1375999.82396818,5417072.54857242,530830.414928887,528041.276955117,534056.649826077,0,1491953274.48015,1492075197.20158,1492123893.36382,-3298846.91265785,-672478.938284434,-20206570.2752061
2022-09-20 16:00:00,2022-09-27,6214478.82079089,2307254.25211187,16761962.0612567,29402.1978892124,11745.9858705771,74782.2342553609,42357.9392176282,65.3611747853811,8015302.2138616,54212.7340823877,4284.41493403166,710374.158691099,2630015.56402466,1326956.289661,5214206.04736349,567770.459248964,564282.400193742,571723.348924149,671071.471421683,1491886157.4071,1491871351.14822,1491931381.3436,-3909290.13175825,-1141135.53883824,-20484790.9844588
2022-09-27 16:00:00,2022-10-04,6031167.91465779,2241770.82421743,16212336.9239154,27478.546764876,10882.8043112376,70156.3972458328,41140.2251190282,55.2002916048501,8015302.2138616,50976.5571224722,3928.30174071789,681270.31728917,2504366.80095284,1262615.39439927,4962866.71198062,534558.586645238,532101.841647677,538118.906834123,120086.473833354,1491790604.41547,1491834122.90696,1491893428.60042,-4267699.68288935,-1652004.27836752,-20650570.4428307
2022-10-04 16:00:00,2022-10-18,11077828.3404049,4103636.30938236,29900415.2233965,45313.282143723,17574.4514513017,118289.593516999,76607.6330925192,77.0173112468472,16126024.6921739,85593.6742940213,6343.65391379413,1192471.19355094,4357253.38269701,2195235.26765547,8639092.50224833,1144105.88622237,1137549.59685826,1152808.27791662,63575.1920294226,1490754829.06248,1490781719.17146,1490823430.6904,-5409094.65318509,-487099.943494306,-37154412.9357228
2022-10-18 18:00:00,2022-10-25,5251076.33343829,1944444.40127468,14192444.6883038,20597.8083232953,7919.32107328755,54204.790762716,36632.6946718007,31.7303588107764,7919881.94941087,39222.4920466321,2816.32882949046,560122.122366486,2021807.11473442,1019611.59830082,4022275.53100161,325138.275387618,323556.039703706,327541.32649643,882988.778186425,1491193293.26234,1491236181.35024,1491194752.50648,-2218491.30900456,259770.344591805,-17659927.1351422
2022-10-25 16:00:00,2022-11-01,5314496.70061401,1973307.21544089,14318924.7479763,20917.9559843171,8073.21837180419,54781.081045132,37031.6055740575,32.7553319753354,8015302.2138616,39827.2097672175,2869.97153616262,569167.368312506,2049005.37326358,1032737.49826418,4063447.06848648,155809.273307233,155450.142409855,156237.785990324,614560.189617752,1492858374.66988,1492836079.68663,1492949555.77279,-4883735.00056651,-2543477.0941744,-20467752.9038765
2022-11-01 16:00:00,2022-11-08,7030340.79599123,2609343.94058722,18967975.5357882,38809.7853553154,15876.1908108223,95789.8545142962,47121.7769847484,114.835531246811,8015302.2138616,69088.3042620895,5860.54224740714,834416.67153859,3213315.49518803,1620812.5122789,6380750.29828382,148367.084964841,147936.743521268,148814.028799145,1377462.49397082,1491796658.6843,1491721377.52909,1491816734.38824,-5278738.26021131,-2314486.08239746,-22748624.1637805
2022-11-08 16:00:00,2022-11-16,6644805.72215567,2462135.92609684,17916231.0327991,29005.6677694997,11398.0638303131,74777.5997834461,45542.1156431686,55.3392011658997,9160345.3872704,54150.6586222837,4104.09043827492,731416.017894654,2699901.65074477,1360840.46607826,5359234.06852945,212964.97001897,212209.550893674,214067.40047462,35319.551127457,1491719061.0005,1491734135.8079,1491742157.05319,-4626700.09899442,-1540747.0843221,-23016084.3329209
2022-11-16 16:00:00,2022-11-22,4267739.7437268,1583950.40228763,11504228.9325716,15547.9022971321,5921.23168265595,41439.3578676259,29983.2836064541,21.0863055367052,6917969.17267817,30051.4033580895,2073.0691856415,447162.484792965,1582655.914635,798781.332805588,3133318.73351866,194331.890068765,193279.537260495,195516.1226733,7063.9102254914,1490988317.99606,1491062839.59485,1491141372.92259,-3230387.74462011,-1334072.53374079,-16356127.2868739
2022-11-22 17:00:00,2022-11-29,5305369.49040171,1968154.00318076,14259170.9993834,20867.4131295743,8038.00872934372,54758.3992004685,36891.1772988035,32.4471815989127,7967592.08163624,39782.187338299,2855.21382351946,565821.528110912,2045032.64440271,1030662.15163441,4065476.04387846,161656.635458678,160987.740574958,162174.22004814,522729.356686364,1490331328.68995,1490295741.30992,1490414269.21847,-3585448.85420323,-1175836.12262242,-19014027.994291
2022-11-29 16:00:00,2022-12-06,4849516.12488707,1798508.90732389,13063232.9242245,16444.9909675098,6141.348624399,44472.5746146468,34323.2445289054,18.962086830699,8253852.87498844,32344.9129190145,2145.4115026088,502996.375060359,1735854.85262392,875805.509974417,3442752.16719951,108773.443328187,108256.983389353,109216.673662407,600432.369166769,1490464830.18074,1490424135.41672,1490548592.23324,-4457965.17795737,-2230701.86355058,-19744818.1238426
2022-12-06 21:00:00,2022-12-13,4846827.03042779,1797444.66984811,13065619.9782794,17447.8395968924,6613.01382831901,46654.2391696441,33942.3835303413,22.5803302040839,7824461.68496014,33827.2373415377,2317.16155082196,505577.172916244,1786796.82712773,900837.317185946,3542207.61553347,97988.55706198,97651.3599198194,98261.6075688713,105958.653382371,1489695298.3493,1489592335.57007,1489741074.87503,-4036660.21686917,-1777719.09530406,-18730370.9515555
2022-12-13 17:00:00,2022-12-20,4582299.00740225,1700498.42209865,12348764.3065885,15044.0549359678,5570.07723886281,41091.2300440347,32517.603644644,16.4992763984246,8015302.2138616,29702.4879651144,1924.13873882181,470032.570872121,1614044.9467309,813096.975758706,3196326.6373039,97812.0595966121,97436.6081062702,98179.835364194,388515.062402027,1488811855.89252,1488769767.12412,1488877223.18156,321688.993497566,2478760.60722018,-14272462.3948102
2022-12-20 17:00:00,2022-12-27,4763165.45204658,1765608.5064715,12866084.8664302,16202.8932954242,6091.54944347191,43873.8728023953,33763.0856080408,20.8184216329524,8206142.74276307,31773.0952703638,2124.29309101819,492006.306175482,1702193.80598546,855316.196788857,3378612.4333873,131757.407441884,130938.423230828,132404.746649095,2175684.34945135,1492469766.09604,1492466503.64041,1492541974.40467,-5159963.8038145,-2937854.11973918,-20131437.734216
2022-12-27 21:00:00,2023-01-03,7080763.70217653,2631577.95045138,19085941.4589006,39850.1573308005,16345.995124971,98321.9186894897,47379.4724065772,122.138370650455,7919881.94941087,70557.2004776231,6046.48597758238,847800.284410407,3266232.72376597,1646111.29077288,6475231.65240265,82191.6667157025,82010.7968419986,82322.4024023272,381451.152176536,1492496439.95447,1492607840.86378,1492567395.18179,-4643200.21143621,-1571995.72017626,-22327796.3770828
2023-01-03 19:00:00,2023-01-10,6328561.03100268,2352358.69055753,17077417.1161568,30670.0900599915,12206.9414867032,77415.5469179895,43102.8860129665,72.1488648477643,8015302.2138616,56153.1684408009,4501.65199144203,720917.058332135,2710743.1557523,1364765.83967153,5381179.75056653,134190.285161289,133697.143296708,134646.846813512,105958.653382371,1492124817.03712,1492055887.19548,1492302821.0961,-4062175.00166535,-1358277.73223474,-20703225.159431
2023-01-10 19:00:00,2023-01-17,6038847.73414067,2241502.86111396,16244250.1821155,27407.8245432851,10856.7066107071,70064.6392416167,41273.9002980242,55.7389647398663,8063012.34608697,50785.3500175793,3955.90528716476,677460.765251623,2502894.85549416,1260834.43374516,4966487.08091899,128378.413631287,127886.788448811,128696.034062755,141278.204509828,1491782154.42344,1491833846.02732,1491921178.46718,-4080152.29496397,-1538418.67148244,-20534304.4870638
2023-01-17 20:00:00,2023-01-24,5704344.26746847,2121590.58797556,15372100.1124499,25026.0115806265,9847.69914837324,64345.6734968031,39260.8119574657,48.542346163416,7824461.68496014,46695.3939065377,3558.33023159418,631020.922699019,2325745.43237764,1172812.86591767,4601719.8813665,136731.80947601,136420.891721016,137040.882098075,28255.6409019656,1491370321.87286,1491400424.56248,1491391687.98999,-4933975.27133129,-2417065.07078508,-20796451.4892332
2023-01-24 16:00:00,2023-01-31,5275038.98750609,1955418.97214514,14188176.2774396,20416.8366577887,7846.65234806636,53929.1714182541,36843.2449916759,31.6052744814368,8110722.47831234,39047.8567251067,2784.46784236408,560204.598876588,2016844.40320217,1016553.64239174,4009953.24977275,217044.959574678,216080.319543416,217834.00288528,162469.935186302,1489817451.48549,1489785396.34429,1489828689.96217,-2212008.61453014,206398.803528833,-17764873.196085
2023-01-31 18:00:00,2023-02-07,5277570.07122521,1962862.51814757,14210017.912108,20384.5186244737,7865.69226037394,53828.1559390696,36694.6857527959,30.1254017461453,8063012.34608697,39028.1959732885,2826.07819760595,563152.559845584,2016119.66496991,1016778.85747064,4002219.19609014,233107.089387617,232212.997058791,233792.5093569,148342.114735319,1490905370.36925,1490868238.35678,1490931006.43656,-3637632.14718369,-1018883.9564531,-19072692.7350281
2023-02-07 19:00:00,2023-02-14,5101947.25960974,1893031.23898057,13718323.2067175,19150.5882651061,7312.66015788182,50989.4802613975,35739.3326417615,27.2236788706703,7967592.08163624,36769.6559543417,2571.31098843987,537662.054117656,1922941.64006551,971638.691804228,3811845.905087,283216.302527746,282477.16833018,283932.971241438,296684.229470639,1490540531.05402,1490597887.00502,1490785057.15432,-2928449.37944828,-788603.286502043,-18206511.932885
2023-02-14 18:00:00,2023-02-21,4951187.46306567,1838327.05453038,13373113.4578264,17522.5906911776,6606.17710819292,47057.6976320844,34814.1247441579,22.1548902091076,8110722.47831234,34100.0226164582,2321.77787643963,517758.553866163,1809016.00209961,909610.157303789,3595050.81207135,271881.302569108,270776.352816574,272635.895065916,1151417.3667551,1490896214.79792,1490866847.24801,1490941964.67096,-4941324.83530377,-2574502.99257993,-20161541.8717447
2023-02-21 20:00:00,2023-03-01,5951836.82077385,2204002.67612781,16093624.5148306,22928.8801182915,8821.61535642574,60713.1010703292,41341.8170316501,33.9911245211176,9064925.12281967,43916.5263882603,3174.62778657814,627926.47119656,2268228.23746881,1142957.00131399,4509592.23939407,390089.452193727,388290.929855002,391610.675792529,360259.421500061,1490063034.22582,1490037688.22352,1490185769.69942,-4038713.89648968,-1357140.91250643,-21670831.3128407
2023-03-01 18:00:00,2023-03-08,4250895.57539329,1581335.94994139,11427224.8914311,14438.7689569534,5393.89863269962,39259.4141234929,29986.7522417856,16.457665972182,7204229.96603037,28335.0686680173,1889.01522971315,433298.157538029,1521997.98095358,767281.631011727,3018091.96055784,351115.450656192,349733.659299372,352328.700571309,211917.306764742,1489786286.10548,1489673102.62691,1489873673.18764,-2245176.47933504,-334845.396873366,-15381945.3456285
2023-03-08 01:00:00,2023-03-28,13804758.9202989,5126147.62144767,37264375.3478725,46431.6214261747,17342.2078906956,126132.246072576,97942.4607863736,53.0473991175353,23664225.5837819,91370.2178329932,6078.92170141363,1416495.83956511,4924034.21713469,2480893.81608835,9776041.02912426,1507322.03878126,1500330.7439858,1514605.04637848,118223.158931354,1490203569.66656,1490236666.35604,1490222365.12869,-7528356.38775984,-1000094.84994617,-51201752.1684706
2023-03-28 17:00:00,2023-04-04,5052658.35901584,1875263.27727836,13622779.0045307,18736.8744020473,7141.09247896474,49858.9994486353,35218.0749713128,25.7111396529513,7967592.08163624,36025.541912268,2495.68955087949,528756.743658685,1893010.45218334,955092.296765809,3758195.90425096,558029.446253228,554739.432856617,560816.186688273,49447.3715784398,1490402583.40216,1490333720.28829,1490508890.67604,5109808.0631667,7379000.08722611,-10036367.5618435
2023-04-04 16:00:00,2023-04-11,6397064.51976825,2371013.87866642,17231281.0791868,32697.6057370791,13227.1481005273,81788.0053601737,43477.023445888,102.606651723341,8242329.59789668,58800.5009464726,4878.92578501201,749185.15568961,2780855.76539593,1400141.55491142,5525351.07410898,578498.83628295,575243.726299061,580613.705061438,190725.576088268,1498253437.78877,1498196774.83636,1498312432.17567,-1566247.78170697,1203415.42384856,-18581795.1282612
2023-04-11 21:00:00,2023-04-18,12850008.3506947,4763163.77250626,34556901.0403353,153120.777198121,67594.2992801402,348270.344664698,78842.1817440758,1347.31018281991,5222268.08557818,234327.750876482,24491.1370618734,2279390.92995438,8630070.24343798,4352414.9598994,17117903.1421116,600411.413405908,597944.183413611,602148.462864275,98894.7431568796,1500050600.63137,1500004324.34315,1500120410.4536,-5249192.73493633,-1077243.14346497,-25817166.9930834
2023-04-18 16:00:00,2023-04-25,12250023.6298685,4553691.47556863,32997502.9401665,132499.26116993,58255.2943116779,303146.168176363,75882.8416354072,1059.1893384549,6199219.48614199,207143.033491051,21377.8652185028,2057053.72237584,7839008.93033122,3956849.71365454,15564171.4279954,585585.891322433,583465.351761076,587153.678417952,466218.074882432,1498986120.04326,1498972830.88878,1499048299.42901,16931631.7779162,20931659.2852959,-4096163.20690992
2023-04-25 16:00:00,2023-05-02,18637191.1524026,6906669.45142509,50308803.2064051,371255.272183986,161273.486711692,858006.387439178,108509.27400286,3073.07566878271,4409746.50857267,509246.427546358,52171.5351584699,5083281.37319143,16003973.8625455,8090496.31855707,31712783.5028169,863273.679947131,858241.742606307,867951.568789792,0,1520624923.84057,1520748482.9672,1520540245.54821,-5494441.68357325,-773730.753820479,-30853698.9952018
2023-05-02 16:00:00,2023-05-09,34042477.0232839,12649307.0387649,91675830.6368096,1246160.19199539,515104.144015623,3007388.92571577,184656.250592652,4541.96536053492,7162536.35513504,1527925.14716714,138777.618494725,17124180.9465073,40180312.8566937,20281563.1084924,79698032.3850496,720524.781593,715991.427099718,724801.339264911,720518.843000123,1517889436.74064,1517973886.376,1517940964.28219,2802946.50938755,6697185.6380162,-39788077.9124232
2023-05-09 20:00:00,2023-05-23,60218415.6833872,22331221.0896813,162223898.479605,1939748.46866024,815235.077938903,4610039.13646092,330365.571433946,9731.96538917226,11163839.8324918,2439360.88193566,229908.601849947,26251558.6573526,66685577.7861701,33631335.3307082,132234186.311875,1869204.80887237,1859035.60912982,1880117.39014177,162469.935186302,1517513283.06778,1517453430.44643,1517668844.99425,-2703748.18554086,5704892.71650226,-76408512.9198692
2023-05-23 22:00:00,2023-05-30,25535852.0279154,9486682.95964514,68807302.490474,675400.593408982,290047.665827802,1569773.00727146,143202.140896525,4944.32788889598,4140971.22246158,883753.873732045,88504.2941781181,8923053.65541167,25591895.3689974,12903395.6102425,50826581.5801948,730774.023672165,726818.511755666,734381.868537851,204853.396539251,1511345112.8278,1511342419.86564,1511431933.44096,-5064169.6688727,-396055.806110969,-36097552.0328953
2023-05-30 22:00:00,2023-06-06,21099895.892322,7806272.62755258,56834663.6556452,447721.953910219,196157.01936251,1024881.47741687,121391.044139404,4231.206559124,3600140.61764329,610646.310285883,63351.6457341498,6012123.29386918,18922148.12728,9534353.36873787,37490852.9666459,988045.075551799,982968.183873183,993181.592290588,14127.8204509828,1507401335.79875,1507329858.15617,1507480696.15693,-3893348.67942672,985135.603511634,-30453651.261479
2023-06-06 21:00:00,2023-06-13,19909859.428205,7382004.4398849,53651368.9663621,386482.541399828,169811.513092976,880867.309787404,115737.962802045,3965.01309326349,3568814.61506116,537762.732646777,56999.3656672693,5226565.08333478,17103585.3535438,8630844.19879949,33936751.971192,953079.910958868,948064.493091735,958452.311882265,367323.331725553,1505891576.9376,1505878109.20078,1506032650.52749,-5747126.20668635,-982451.977972603,-31234943.4763765
2023-06-13 22:00:00,2023-06-20,17107353.8716682,6343908.01149265,46028536.9849358,287230.41787663,127117.631674453,651926.985738939,101192.211052062,2982.49327995599,3572334.77990058,411285.047909945,43944.9466698015,3958535.79604048,13666086.9132921,6910748.35023248,27028400.2094766,822068.841405616,817935.507555007,825984.459435896,946563.970215848,1503404951.46319,1503442900.7476,1503451393.52109,-9548612.30081503,-4875843.22126535,-32469892.5663693
2023-06-20 18:00:00,2023-07-04,26787349.0595046,9950561.71445274,72040230.4913805,321492.45126901,141849.197984391,733532.933887585,164513.716525335,2890.99308480361,11069747.2702321,491368.823084921,51657.0190488084,4789553.62633633,18059728.5455723,9119192.46765775,35751937.4037365,2107714.70403866,2095398.34978203,2119042.58856543,77703.0124804054,1498221808.9264,1498276522.02915,1498311383.49537,-9105137.03579329,-480729.073171242,-52364191.683905
2023-07-04 22:00:00,2023-07-11,10099025.0857159,3761371.3014656,27157449.7445258,91593.4668345102,39862.6349444481,212988.68337098,63931.8332324364,602.167376368163,7404018.1022657,147970.088187453,14735.2263841701,1511109.40291918,5920907.9345983,2987517.61784794,11712042.9309005,1090892.12518957,1083630.21850842,1097165.69771347,28255.6409019656,1496791655.70386,1496752117.68726,1496840725.54181,-4760200.56281441,-1112046.04381625,-24817734.9450396
2023-07-11 14:00:00,2023-07-18,9770819.04038633,3623887.85908114,26296180.1682469,78666.935716868,33705.5589288281,185006.679914551,62568.9653881362,430.025775655385,8150512.03935585,130317.513085576,12709.9382931884,1378687.91109139,5401813.04732872,2726094.32540231,10723054.8425392,932912.157591264,928008.209210476,937452.242403031,21191.7306764742,1495450431.19613,1495438995.68759,1495502358.63271,-4547303.22068341,-743733.04406247,-25334392.8488229
2023-07-18 17:00:00,2023-07-25,8617644.82468845,3200306.06863988,23206357.7415037,59793.7455352105,25148.6562936649,143363.911571261,56040.2466242949,260.509206111004,8110722.47831234,101883.49819591,9476.04105378662,1132019.92859408,4422314.11603709,2226639.5846809,8779906.68047887,1223947.88524301,1214409.56503833,1232039.94886948,7063.9102254914,1494631966.95578,1494475674.28311,1494796448.16679,-4183659.91949916,-830875.520049674,-23501695.7649484
2023-07-25 19:00:00,2023-08-01,7806328.84205701,2902486.65367918,21008191.6861458,47618.1962594344,19750.8393334398,116037.735386891,51633.0754514128,168.796255588676,8158432.6105377,83295.0149578971,7357.73563792013,977680.446291456,3750337.92892552,1891466.43285015,7452108.29757312,1064571.34001027,1056952.7822828,1071892.64500967,0,1493644471.26027,1493561559.85902,1493766778.68244,-3720652.21796,-496741.07639334,-22170591.5107091
2023-08-01 22:00:00,2023-08-08,7170536.92951107,2660698.53417449,19346113.6445593,40642.5889526118,16710.354926929,99783.9191674216,47832.8435018962,125.935756599282,7967592.08163624,72091.5927916258,6168.91697539758,865306.287377757,3323020.53097509,1674551.50186627,6587290.82339237,1006970.20871638,1000216.38547682,1013525.09891972,0,1493097784.9021,1493127309.88409,1493251382.41582,-3588514.44226577,-696293.788500121,-21207873.3249786
2023-08-08 21:00:00,2023-08-15,6681447.6182703,2478441.04896088,18019689.5891848,35607.1870989148,14479.0709089502,88169.6788848103,44966.1134253891,98.0524615516799,7824461.68496014,63913.0472262424,5316.79056460356,783268.592231564,2999441.35307009,1511428.54626181,5969029.88015417,800583.467665214,795684.478535672,805363.287343148,204853.396539251,1492510383.6749,1492597416.56954,1492564024.48181,-2532788.89828489,233004.596822153,-19457813.5031334
2023-08-15 17:00:00,2023-08-22,6573957.1515919,2443859.57288531,17739925.45125,32570.6169643619,13092.8813418143,81959.5814069556,44355.613951121,78.2470694515995,8158432.6105377,59189.9650714031,4788.01158061302,755736.443003387,2843178.24733677,1432456.30478664,5644005.55067562,961986.262886253,954660.207356361,969077.363396189,741710.573676597,1493208357.31844,1493285652.84071,1493193104.41327,-4474968.28295223,-1536133.03113084,-21862677.6196928
2023-08-22 20:00:00,2023-08-29,7080534.10515961,2629461.00945508,19031125.0926513,39064.7420301807,15976.3422434335,96679.8829424895,47458.0463022532,117.118987902584,8110722.47831234,69547.4491723717,5877.75198730297,843777.460279062,3232283.70229368,1633314.30583824,6410104.27188718,718337.486975376,713779.461178189,722942.747979652,734646.663451106,1492380008.44652,1492287656.96682,1492473384.15655,371257.537743479,3325858.61030177,-17176924.3280894
2023-08-29 22:00:00,2023-09-05,10395005.4982281,3852181.02593407,27972224.9133549,98727.2057503147,42950.5028447987,228454.262967804,65705.7590172904,709.705317882594,7164672.59377802,157201.43129676,15725.1220975201,1619565.64676644,6197020.20237781,3123273.59074463,12258081.2207143,664682.355156319,660560.24127045,669592.525874345,1737721.91547088,1496771895.80111,1496794637.1965,1496838227.88596,-8038090.65844913,-4283952.50835015,-28249399.6142995
2023-09-05 20:00:00,2023-09-12,8818324.70131406,3277075.9718952,23709549.8504354,65674.1802141027,28028.4103332232,155470.858508261,56845.7749031526,319.166387624402,7866358.71448308,110523.017255698,10504.5267423694,1197880.82072118,4684469.12456459,2366109.76585806,9295480.13414335,685935.783662163,681831.328321639,690027.290329173,14127.8204509828,1494326464.39489,1494340203.16795,1494419729.81726,-5109999.50428125,-1711117.81560961,-24359023.0871662
2023-09-12 17:00:00,2023-09-19,7494668.32701796,2780893.87399213,20203490.6360668,44302.4378181631,18250.5238397514,108532.924439215,49674.623395608,143.941596284263,8063012.34608697,78062.4121994233,6861.9210275391,919617.578827859,3544711.83344289,1788408.97092587,7027009.2220831,700997.09158756,696937.965699365,705752.141168567,0,1492911555.47652,1492939060.72091,1492990726.80328,-4294428.82638066,-1151332.17523061,-22425033.5346893
2023-09-19 18:00:00,2023-09-26,6669040.9399009,2473241.67636388,17959909.274256,33682.0246442797,13606.3365933309,84295.2575215858,45202.545780196,84.6470009811668,8158432.6105377,61143.8695545026,4982.65547362911,765392.474413504,2916479.34906107,1468495.72317034,5783931.50643275,472891.086425907,471028.307877904,475389.813371984,155406.024960811,1492038125.52554,1492075919.30839,1492160197.95188,NA,NA,NA
